Datetime,Close,High,Low,Open,Volume
2025-04-08 09:15:00+05:30,3091.60009765625,3110.35009765625,3085.550048828125,3089.0,0
2025-04-08 09:16:00+05:30,3065.35009765625,3090.0,3065.35009765625,3090.0,560
2025-04-08 09:17:00+05:30,3066.050048828125,3073.050048828125,3066.050048828125,3073.050048828125,133
2025-04-08 09:18:00+05:30,3056.60009765625,3072.64990234375,3056.60009765625,3072.64990234375,277
2025-04-08 09:19:00+05:30,3066.050048828125,3067.89990234375,3060.050048828125,3061.949951171875,382
2025-04-08 09:20:00+05:30,3062.300048828125,3064.949951171875,3055.0,3055.0,706
2025-04-08 09:21:00+05:30,3062.0,3070.550048828125,3062.0,3065.550048828125,74
2025-04-08 09:22:00+05:30,3074.64990234375,3074.64990234375,3067.0,3067.449951171875,59
2025-04-08 09:23:00+05:30,3061.14990234375,3075.0,3061.14990234375,3070.64990234375,227
2025-04-08 09:24:00+05:30,3043.10009765625,3061.800048828125,3043.10009765625,3056.14990234375,925
2025-04-08 09:25:00+05:30,3051.949951171875,3051.949951171875,3036.550048828125,3045.60009765625,472
2025-04-08 09:26:00+05:30,3059.050048828125,3059.050048828125,3047.0,3053.25,165
2025-04-08 09:27:00+05:30,3063.050048828125,3067.89990234375,3053.25,3053.25,282
2025-04-08 09:28:00+05:30,3069.14990234375,3073.949951171875,3062.10009765625,3062.10009765625,341
2025-04-08 09:29:00+05:30,3071.75,3072.0,3067.949951171875,3071.85009765625,118
2025-04-08 09:30:00+05:30,3054.699951171875,3065.10009765625,3051.699951171875,3065.10009765625,55
2025-04-08 09:31:00+05:30,3056.0,3068.85009765625,3056.0,3063.949951171875,118
2025-04-08 09:32:00+05:30,3057.300048828125,3060.5,3054.949951171875,3060.5,76
2025-04-08 09:33:00+05:30,3057.699951171875,3061.550048828125,3057.699951171875,3061.10009765625,105
2025-04-08 09:34:00+05:30,3062.35009765625,3064.800048828125,3057.25,3057.25,170
2025-04-08 09:35:00+05:30,3058.64990234375,3058.64990234375,3055.14990234375,3058.050048828125,120
2025-04-08 09:36:00+05:30,3087.800048828125,3094.85009765625,3061.800048828125,3061.800048828125,1977
2025-04-08 09:37:00+05:30,3086.699951171875,3089.0,3077.39990234375,3084.60009765625,2056
2025-04-08 09:38:00+05:30,3090.0,3090.0,3084.25,3085.0,1398
2025-04-08 09:39:00+05:30,3088.0,3096.0,3088.0,3088.0,834
2025-04-08 09:40:00+05:30,3085.0,3088.75,3082.800048828125,3082.800048828125,442
2025-04-08 09:41:00+05:30,3082.39990234375,3085.0,3080.0,3084.0,460
2025-04-08 09:42:00+05:30,3075.699951171875,3082.0,3075.699951171875,3082.0,323
2025-04-08 09:43:00+05:30,3068.75,3079.699951171875,3068.75,3079.699951171875,739
2025-04-08 09:44:00+05:30,3067.89990234375,3068.800048828125,3060.39990234375,3068.800048828125,1484
2025-04-08 09:45:00+05:30,3076.39990234375,3076.39990234375,3066.10009765625,3068.300048828125,560
2025-04-08 09:46:00+05:30,3068.800048828125,3075.64990234375,3068.800048828125,3072.5,140
2025-04-08 09:47:00+05:30,3074.85009765625,3074.85009765625,3062.0,3067.35009765625,279
2025-04-08 09:48:00+05:30,3073.75,3076.800048828125,3068.0,3076.800048828125,161
2025-04-08 09:49:00+05:30,3057.85009765625,3071.25,3057.85009765625,3071.25,143
2025-04-08 09:50:00+05:30,3058.75,3060.0,3056.0,3057.75,268
2025-04-08 09:51:00+05:30,3059.64990234375,3059.64990234375,3059.60009765625,3059.60009765625,131
2025-04-08 09:52:00+05:30,3061.14990234375,3067.14990234375,3061.14990234375,3063.199951171875,55
2025-04-08 09:53:00+05:30,3062.050048828125,3065.25,3057.25,3059.0,84
2025-04-08 09:54:00+05:30,3060.050048828125,3065.85009765625,3060.050048828125,3062.050048828125,90
2025-04-08 09:55:00+05:30,3050.0,3056.0,3050.0,3056.0,248
2025-04-08 09:56:00+05:30,3047.199951171875,3050.050048828125,3046.85009765625,3050.050048828125,228
2025-04-08 09:57:00+05:30,3047.5,3048.0,3045.0,3047.800048828125,183
2025-04-08 09:58:00+05:30,3055.10009765625,3055.10009765625,3047.949951171875,3047.949951171875,13
2025-04-08 09:59:00+05:30,3052.550048828125,3056.300048828125,3052.550048828125,3056.300048828125,39
2025-04-08 10:00:00+05:30,3058.199951171875,3061.25,3050.449951171875,3050.449951171875,224
2025-04-08 10:01:00+05:30,3043.64990234375,3056.89990234375,3043.64990234375,3056.89990234375,93
2025-04-08 10:02:00+05:30,3043.64990234375,3047.25,3043.64990234375,3047.25,45
2025-04-08 10:03:00+05:30,3047.949951171875,3048.14990234375,3046.300048828125,3048.050048828125,41
2025-04-08 10:04:00+05:30,3045.0,3047.85009765625,3045.0,3047.85009765625,8
2025-04-08 10:05:00+05:30,3048.64990234375,3048.64990234375,3045.39990234375,3045.39990234375,37
2025-04-08 10:06:00+05:30,3045.39990234375,3051.550048828125,3045.39990234375,3051.550048828125,222
2025-04-08 10:07:00+05:30,3046.14990234375,3046.14990234375,3046.0,3046.0,49
2025-04-08 10:08:00+05:30,3046.39990234375,3047.050048828125,3046.39990234375,3046.5,71
2025-04-08 10:09:00+05:30,3043.25,3043.39990234375,3042.800048828125,3043.39990234375,11
2025-04-08 10:10:00+05:30,3042.050048828125,3042.050048828125,3042.050048828125,3042.050048828125,54
2025-04-08 10:11:00+05:30,3044.14990234375,3045.39990234375,3043.800048828125,3045.39990234375,26
2025-04-08 10:12:00+05:30,3044.14990234375,3044.14990234375,3042.35009765625,3044.14990234375,10
2025-04-08 10:13:00+05:30,3041.25,3046.5,3041.25,3046.5,96
2025-04-08 10:14:00+05:30,3045.0,3045.5,3044.14990234375,3044.14990234375,128
2025-04-08 10:15:00+05:30,3052.5,3052.5,3051.14990234375,3051.14990234375,83
2025-04-08 10:16:00+05:30,3050.0,3050.0,3050.0,3050.0,36
2025-04-08 10:17:00+05:30,3045.0,3048.89990234375,3045.0,3048.89990234375,13
2025-04-08 10:18:00+05:30,3044.14990234375,3045.0,3043.39990234375,3045.0,55
2025-04-08 10:19:00+05:30,3049.949951171875,3049.949951171875,3046.25,3046.25,24
2025-04-08 10:20:00+05:30,3046.0,3050.0,3046.0,3050.0,34
2025-04-08 10:21:00+05:30,3050.39990234375,3050.39990234375,3047.10009765625,3047.10009765625,34
2025-04-08 10:22:00+05:30,3054.0,3054.85009765625,3054.0,3054.550048828125,3
2025-04-08 10:23:00+05:30,3049.39990234375,3051.10009765625,3049.39990234375,3051.10009765625,48
2025-04-08 10:24:00+05:30,3053.60009765625,3053.60009765625,3050.050048828125,3050.050048828125,51
2025-04-08 10:25:00+05:30,3048.64990234375,3053.5,3046.39990234375,3053.5,10
2025-04-08 10:26:00+05:30,3050.0,3050.0,3046.050048828125,3048.14990234375,47
2025-04-08 10:27:00+05:30,3051.10009765625,3051.199951171875,3050.050048828125,3051.199951171875,64
2025-04-08 10:28:00+05:30,3046.5,3049.85009765625,3046.5,3049.85009765625,50
2025-04-08 10:29:00+05:30,3050.25,3050.300048828125,3050.25,3050.300048828125,624
2025-04-08 10:30:00+05:30,3050.25,3050.25,3050.25,3050.25,0
2025-04-08 10:31:00+05:30,3044.0,3044.0,3044.0,3044.0,330
2025-04-08 10:32:00+05:30,3042.75,3042.75,3042.449951171875,3042.449951171875,73
2025-04-08 10:33:00+05:30,3043.699951171875,3048.85009765625,3043.699951171875,3047.75,69
2025-04-08 10:34:00+05:30,3041.050048828125,3048.800048828125,3041.050048828125,3048.800048828125,98
2025-04-08 10:35:00+05:30,3032.10009765625,3041.050048828125,3028.10009765625,3041.050048828125,226
2025-04-08 10:36:00+05:30,3033.050048828125,3033.699951171875,3028.64990234375,3033.699951171875,19
2025-04-08 10:37:00+05:30,3033.050048828125,3033.75,3033.050048828125,3033.75,38
2025-04-08 10:38:00+05:30,3031.0,3033.050048828125,3031.0,3033.050048828125,56
2025-04-08 10:39:00+05:30,3031.949951171875,3031.949951171875,3031.949951171875,3031.949951171875,35
2025-04-08 10:40:00+05:30,3038.25,3038.25,3033.35009765625,3033.35009765625,48
2025-04-08 10:41:00+05:30,3041.0,3041.0,3038.300048828125,3038.300048828125,46
2025-04-08 10:42:00+05:30,3034.5,3034.5,3034.5,3034.5,151
2025-04-08 10:43:00+05:30,3033.39990234375,3036.800048828125,3033.39990234375,3036.800048828125,18
2025-04-08 10:44:00+05:30,3029.800048828125,3033.75,3029.800048828125,3033.050048828125,42
2025-04-08 10:45:00+05:30,3034.10009765625,3035.199951171875,3031.85009765625,3035.199951171875,65
2025-04-08 10:46:00+05:30,3024.75,3030.75,3024.75,3030.75,528
2025-04-08 10:47:00+05:30,3026.699951171875,3026.699951171875,3023.60009765625,3023.60009765625,4
2025-04-08 10:48:00+05:30,3026.64990234375,3026.64990234375,3026.64990234375,3026.64990234375,87
2025-04-08 10:49:00+05:30,3022.75,3023.75,3021.10009765625,3023.60009765625,53
2025-04-08 10:50:00+05:30,3026.050048828125,3028.550048828125,3026.050048828125,3026.85009765625,4
2025-04-08 10:51:00+05:30,3025.75,3025.75,3025.75,3025.75,4
2025-04-08 10:52:00+05:30,3031.0,3031.0,3031.0,3031.0,48
2025-04-08 10:53:00+05:30,3025.85009765625,3025.85009765625,3025.14990234375,3025.800048828125,38
2025-04-08 10:54:00+05:30,3040.550048828125,3040.60009765625,3033.35009765625,3033.35009765625,35
2025-04-08 10:55:00+05:30,3037.800048828125,3043.35009765625,3037.800048828125,3043.35009765625,94
2025-04-08 10:56:00+05:30,3034.050048828125,3039.949951171875,3034.050048828125,3038.449951171875,131
2025-04-08 10:57:00+05:30,3038.75,3038.75,3038.75,3038.75,0
2025-04-08 10:58:00+05:30,3043.199951171875,3043.199951171875,3039.60009765625,3039.60009765625,44
2025-04-08 10:59:00+05:30,3043.300048828125,3043.300048828125,3043.300048828125,3043.300048828125,14
2025-04-08 11:00:00+05:30,3045.050048828125,3045.050048828125,3045.050048828125,3045.050048828125,1
2025-04-08 11:01:00+05:30,3045.5,3046.050048828125,3044.0,3045.449951171875,39
2025-04-08 11:02:00+05:30,3047.300048828125,3047.300048828125,3041.39990234375,3041.39990234375,36
2025-04-08 11:03:00+05:30,3045.85009765625,3048.0,3044.300048828125,3044.300048828125,53
2025-04-08 11:04:00+05:30,3038.0,3043.949951171875,3038.0,3043.89990234375,123
2025-04-08 11:05:00+05:30,3038.0,3038.0,3038.0,3038.0,1
2025-04-08 11:06:00+05:30,3040.89990234375,3040.89990234375,3040.89990234375,3040.89990234375,22
2025-04-08 11:07:00+05:30,3040.10009765625,3040.10009765625,3040.10009765625,3040.10009765625,10
2025-04-08 11:08:00+05:30,3043.85009765625,3043.85009765625,3041.75,3041.75,8
2025-04-08 11:10:00+05:30,3035.550048828125,3043.25,3035.550048828125,3043.25,100
2025-04-08 11:11:00+05:30,3039.14990234375,3039.14990234375,3034.550048828125,3036.0,171
2025-04-08 11:12:00+05:30,3049.0,3049.10009765625,3038.85009765625,3038.85009765625,559
2025-04-08 11:13:00+05:30,3044.449951171875,3048.800048828125,3044.449951171875,3047.5,27
2025-04-08 11:14:00+05:30,3044.449951171875,3044.449951171875,3044.449951171875,3044.449951171875,19
2025-04-08 11:15:00+05:30,3039.64990234375,3041.10009765625,3039.64990234375,3041.10009765625,39
2025-04-08 11:16:00+05:30,3041.14990234375,3041.14990234375,3036.25,3036.25,58
2025-04-08 11:17:00+05:30,3045.050048828125,3045.050048828125,3045.050048828125,3045.050048828125,7
2025-04-08 11:18:00+05:30,3039.5,3039.5,3039.5,3039.5,3
2025-04-08 11:19:00+05:30,3044.550048828125,3047.10009765625,3041.64990234375,3041.64990234375,86
2025-04-08 11:20:00+05:30,3047.449951171875,3047.449951171875,3044.60009765625,3044.60009765625,21
2025-04-08 11:21:00+05:30,3047.449951171875,3047.449951171875,3047.449951171875,3047.449951171875,7
2025-04-08 11:22:00+05:30,3050.0,3050.0,3050.0,3050.0,144
2025-04-08 11:23:00+05:30,3049.85009765625,3050.0,3047.800048828125,3050.0,59
2025-04-08 11:24:00+05:30,3049.14990234375,3049.14990234375,3044.949951171875,3044.949951171875,63
2025-04-08 11:25:00+05:30,3058.699951171875,3058.800048828125,3049.14990234375,3049.14990234375,179
2025-04-08 11:26:00+05:30,3060.0,3060.0,3059.0,3059.0,29
2025-04-08 11:27:00+05:30,3051.300048828125,3062.699951171875,3051.300048828125,3062.699951171875,95
2025-04-08 11:28:00+05:30,3051.25,3051.25,3047.89990234375,3051.10009765625,569
2025-04-08 11:29:00+05:30,3047.60009765625,3050.0,3047.60009765625,3050.0,36
2025-04-08 11:30:00+05:30,3053.75,3056.199951171875,3053.75,3056.199951171875,42
2025-04-08 11:31:00+05:30,3055.800048828125,3055.800048828125,3049.89990234375,3049.89990234375,11
2025-04-08 11:34:00+05:30,3054.89990234375,3054.89990234375,3054.89990234375,3054.89990234375,5
2025-04-08 11:35:00+05:30,3052.89990234375,3054.60009765625,3051.300048828125,3054.60009765625,66
2025-04-08 11:37:00+05:30,3051.050048828125,3054.800048828125,3051.050048828125,3054.800048828125,21
2025-04-08 11:38:00+05:30,3046.449951171875,3050.10009765625,3046.449951171875,3050.10009765625,15
2025-04-08 11:39:00+05:30,3042.199951171875,3046.10009765625,3042.199951171875,3046.10009765625,2
2025-04-08 11:40:00+05:30,3042.199951171875,3042.199951171875,3042.199951171875,3042.199951171875,17
2025-04-08 11:41:00+05:30,3045.0,3045.0,3042.85009765625,3042.85009765625,0
2025-04-08 11:42:00+05:30,3045.60009765625,3047.949951171875,3045.60009765625,3047.949951171875,120
2025-04-08 11:43:00+05:30,3042.75,3042.75,3042.449951171875,3042.449951171875,41
2025-04-08 11:44:00+05:30,3046.050048828125,3046.050048828125,3046.050048828125,3046.050048828125,4
2025-04-08 11:45:00+05:30,3046.800048828125,3046.800048828125,3046.800048828125,3046.800048828125,2
2025-04-08 11:46:00+05:30,3052.64990234375,3052.64990234375,3047.0,3047.0,166
2025-04-08 11:47:00+05:30,3050.0,3055.550048828125,3048.550048828125,3055.550048828125,50
2025-04-08 11:48:00+05:30,3049.550048828125,3051.550048828125,3049.550048828125,3050.85009765625,34
2025-04-08 11:49:00+05:30,3050.35009765625,3050.75,3050.35009765625,3050.75,16
2025-04-08 11:50:00+05:30,3046.14990234375,3048.300048828125,3046.14990234375,3048.300048828125,3
2025-04-08 12:07:00+05:30,3045.0,3045.0,3045.0,3045.0,903
2025-04-08 12:08:00+05:30,3048.60009765625,3048.60009765625,3048.60009765625,3048.60009765625,2
2025-04-08 12:10:00+05:30,3051.800048828125,3052.89990234375,3051.800048828125,3051.949951171875,109
2025-04-08 12:11:00+05:30,3051.39990234375,3051.39990234375,3051.39990234375,3051.39990234375,1
2025-04-08 12:12:00+05:30,3051.949951171875,3051.949951171875,3051.949951171875,3051.949951171875,69
2025-04-08 12:13:00+05:30,3051.75,3051.75,3051.75,3051.75,0
2025-04-08 12:14:00+05:30,3051.75,3051.75,3046.10009765625,3046.10009765625,180
2025-04-08 12:16:00+05:30,3047.89990234375,3047.89990234375,3047.89990234375,3047.89990234375,126
2025-04-08 12:19:00+05:30,3047.949951171875,3050.0,3047.949951171875,3050.0,2
2025-04-08 12:20:00+05:30,3050.64990234375,3050.64990234375,3050.64990234375,3050.64990234375,21
2025-04-08 12:21:00+05:30,3049.699951171875,3051.35009765625,3049.699951171875,3051.35009765625,117
2025-04-08 12:23:00+05:30,3048.39990234375,3048.39990234375,3047.89990234375,3047.89990234375,5
2025-04-08 12:24:00+05:30,3047.85009765625,3047.85009765625,3046.199951171875,3046.199951171875,9
2025-04-08 12:25:00+05:30,3050.14990234375,3050.14990234375,3050.0,3050.0,106
2025-04-08 12:26:00+05:30,3050.300048828125,3053.949951171875,3050.300048828125,3053.949951171875,62
2025-04-08 12:27:00+05:30,3048.949951171875,3050.35009765625,3048.949951171875,3050.35009765625,148
2025-04-08 12:29:00+05:30,3049.300048828125,3049.300048828125,3049.300048828125,3049.300048828125,84
2025-04-08 12:30:00+05:30,3053.199951171875,3053.199951171875,3053.199951171875,3053.199951171875,23
2025-04-08 12:31:00+05:30,3053.35009765625,3054.89990234375,3053.050048828125,3053.050048828125,52
2025-04-08 12:32:00+05:30,3054.89990234375,3054.89990234375,3054.89990234375,3054.89990234375,97
2025-04-08 12:33:00+05:30,3051.0,3057.5,3050.050048828125,3057.0,206
2025-04-08 12:34:00+05:30,3052.35009765625,3052.35009765625,3052.35009765625,3052.35009765625,4
2025-04-08 12:35:00+05:30,3048.35009765625,3048.35009765625,3048.35009765625,3048.35009765625,11
2025-04-08 12:36:00+05:30,3051.0,3051.0,3049.300048828125,3049.300048828125,16
2025-04-08 12:37:00+05:30,3046.449951171875,3046.449951171875,3046.449951171875,3046.449951171875,21
2025-04-08 12:38:00+05:30,3045.0,3046.449951171875,3045.0,3046.449951171875,210
2025-04-08 12:39:00+05:30,3043.60009765625,3043.60009765625,3043.550048828125,3043.550048828125,161
2025-04-08 12:41:00+05:30,3044.050048828125,3044.050048828125,3044.050048828125,3044.050048828125,0
2025-04-08 12:42:00+05:30,3044.35009765625,3044.35009765625,3044.050048828125,3044.050048828125,44
2025-04-08 12:43:00+05:30,3047.64990234375,3047.64990234375,3047.64990234375,3047.64990234375,11
2025-04-08 12:44:00+05:30,3052.35009765625,3052.35009765625,3051.39990234375,3051.39990234375,22
2025-04-08 12:45:00+05:30,3050.39990234375,3050.39990234375,3050.39990234375,3050.39990234375,1
2025-04-08 12:46:00+05:30,3048.449951171875,3048.449951171875,3048.449951171875,3048.449951171875,50
2025-04-08 12:47:00+05:30,3051.449951171875,3051.449951171875,3049.199951171875,3049.199951171875,12
2025-04-08 12:48:00+05:30,3047.050048828125,3051.85009765625,3047.050048828125,3051.85009765625,56
2025-04-08 12:49:00+05:30,3048.35009765625,3048.35009765625,3047.39990234375,3047.39990234375,2
2025-04-08 12:50:00+05:30,3052.35009765625,3052.35009765625,3048.35009765625,3048.35009765625,137
2025-04-08 12:51:00+05:30,3045.0,3045.0,3045.0,3045.0,66
2025-04-08 12:52:00+05:30,3048.800048828125,3048.800048828125,3048.39990234375,3048.39990234375,0
2025-04-08 12:54:00+05:30,3046.699951171875,3046.699951171875,3046.699951171875,3046.699951171875,1
2025-04-08 12:55:00+05:30,3045.0,3046.699951171875,3045.0,3046.699951171875,87
2025-04-08 12:56:00+05:30,3046.050048828125,3046.050048828125,3044.0,3044.0,8
2025-04-08 12:57:00+05:30,3046.050048828125,3046.050048828125,3046.050048828125,3046.050048828125,45
2025-04-08 12:59:00+05:30,3047.35009765625,3047.35009765625,3047.35009765625,3047.35009765625,0
2025-04-08 13:00:00+05:30,3047.5,3048.800048828125,3047.5,3048.800048828125,2
2025-04-08 13:01:00+05:30,3045.14990234375,3050.0,3045.14990234375,3050.0,163
2025-04-08 13:02:00+05:30,3047.60009765625,3047.60009765625,3045.0,3046.800048828125,8
2025-04-08 13:03:00+05:30,3049.300048828125,3049.300048828125,3047.60009765625,3047.60009765625,23
2025-04-08 13:04:00+05:30,3049.800048828125,3049.800048828125,3049.800048828125,3049.800048828125,2
2025-04-08 13:05:00+05:30,3047.60009765625,3047.60009765625,3047.60009765625,3047.60009765625,13
2025-04-08 13:07:00+05:30,3047.60009765625,3047.60009765625,3047.60009765625,3047.60009765625,0
2025-04-08 13:08:00+05:30,3047.64990234375,3047.64990234375,3047.64990234375,3047.64990234375,3
2025-04-08 13:09:00+05:30,3047.60009765625,3047.60009765625,3047.60009765625,3047.60009765625,3
2025-04-08 13:10:00+05:30,3047.60009765625,3048.050048828125,3047.60009765625,3048.050048828125,239
2025-04-08 13:11:00+05:30,3050.39990234375,3055.449951171875,3050.39990234375,3055.449951171875,104
2025-04-08 13:13:00+05:30,3054.85009765625,3054.85009765625,3052.14990234375,3052.14990234375,10
2025-04-08 13:14:00+05:30,3055.0,3055.0,3055.0,3055.0,10
2025-04-08 13:15:00+05:30,3050.0,3053.10009765625,3047.949951171875,3053.10009765625,248
2025-04-08 13:16:00+05:30,3054.85009765625,3054.85009765625,3052.449951171875,3052.449951171875,36
2025-04-08 13:17:00+05:30,3054.0,3054.0,3054.0,3054.0,1
2025-04-08 13:18:00+05:30,3052.10009765625,3052.10009765625,3052.10009765625,3052.10009765625,17
2025-04-08 13:20:00+05:30,3053.85009765625,3053.85009765625,3051.64990234375,3051.64990234375,23
2025-04-08 13:21:00+05:30,3053.300048828125,3053.300048828125,3050.550048828125,3052.14990234375,165
2025-04-08 13:22:00+05:30,3056.699951171875,3058.10009765625,3055.0,3055.0,123
2025-04-08 13:23:00+05:30,3057.199951171875,3059.550048828125,3057.199951171875,3059.5,59
2025-04-08 13:24:00+05:30,3059.5,3059.5,3059.5,3059.5,1
2025-04-08 13:25:00+05:30,3059.449951171875,3059.449951171875,3059.449951171875,3059.449951171875,1
2025-04-08 13:26:00+05:30,3061.050048828125,3062.89990234375,3059.449951171875,3059.5,115
2025-04-08 13:27:00+05:30,3058.64990234375,3058.64990234375,3056.64990234375,3057.449951171875,138
2025-04-08 13:28:00+05:30,3060.75,3063.699951171875,3060.75,3061.25,90
2025-04-08 13:29:00+05:30,3060.699951171875,3062.64990234375,3060.699951171875,3062.64990234375,11
2025-04-08 13:30:00+05:30,3062.550048828125,3062.550048828125,3062.550048828125,3062.550048828125,10
2025-04-08 13:31:00+05:30,3059.449951171875,3062.550048828125,3059.449951171875,3061.25,241
2025-04-08 13:32:00+05:30,3063.0,3063.0,3060.0,3060.0,0
2025-04-08 13:33:00+05:30,3063.0,3063.0,3063.0,3063.0,2
2025-04-08 13:34:00+05:30,3060.89990234375,3063.0,3060.89990234375,3063.0,183
2025-04-08 13:36:00+05:30,3059.949951171875,3060.10009765625,3057.949951171875,3060.10009765625,31
2025-04-08 13:37:00+05:30,3055.449951171875,3059.949951171875,3055.449951171875,3059.949951171875,178
2025-04-08 13:38:00+05:30,3058.300048828125,3062.800048828125,3055.050048828125,3055.050048828125,75
2025-04-08 13:39:00+05:30,3051.89990234375,3058.75,3051.89990234375,3058.75,98
2025-04-08 13:40:00+05:30,3050.0,3053.10009765625,3050.0,3053.10009765625,141
2025-04-08 13:41:00+05:30,3054.64990234375,3054.64990234375,3052.800048828125,3052.800048828125,30
2025-04-08 13:42:00+05:30,3054.89990234375,3056.949951171875,3053.949951171875,3056.89990234375,47
2025-04-08 13:43:00+05:30,3051.300048828125,3054.199951171875,3051.300048828125,3051.699951171875,12
2025-04-08 13:44:00+05:30,3057.800048828125,3060.949951171875,3053.60009765625,3053.60009765625,386
2025-04-08 13:45:00+05:30,3055.64990234375,3057.85009765625,3055.300048828125,3057.85009765625,284
2025-04-08 13:46:00+05:30,3057.800048828125,3057.800048828125,3057.800048828125,3057.800048828125,0
2025-04-08 13:47:00+05:30,3061.0,3063.39990234375,3058.199951171875,3058.199951171875,150
2025-04-08 13:48:00+05:30,3055.64990234375,3061.35009765625,3055.64990234375,3061.300048828125,95
2025-04-08 13:49:00+05:30,3055.64990234375,3057.699951171875,3055.64990234375,3057.699951171875,23
2025-04-08 13:50:00+05:30,3059.5,3059.85009765625,3057.25,3057.800048828125,594
2025-04-08 13:51:00+05:30,3057.35009765625,3061.64990234375,3057.35009765625,3061.64990234375,107
2025-04-08 13:52:00+05:30,3053.75,3054.949951171875,3053.75,3054.949951171875,123
2025-04-08 13:53:00+05:30,3054.10009765625,3054.10009765625,3053.89990234375,3053.89990234375,43
2025-04-08 13:54:00+05:30,3056.949951171875,3056.949951171875,3054.64990234375,3054.64990234375,21
2025-04-08 13:55:00+05:30,3049.85009765625,3056.949951171875,3049.60009765625,3056.949951171875,344
2025-04-08 13:56:00+05:30,3051.449951171875,3055.25,3048.5,3048.5,781
2025-04-08 13:57:00+05:30,3050.050048828125,3050.199951171875,3049.60009765625,3050.199951171875,123
2025-04-08 13:58:00+05:30,3050.199951171875,3050.199951171875,3049.60009765625,3050.0,53
2025-04-08 13:59:00+05:30,3051.85009765625,3054.10009765625,3050.0,3053.449951171875,17
2025-04-08 14:00:00+05:30,3057.35009765625,3057.35009765625,3054.300048828125,3054.300048828125,141
2025-04-08 14:01:00+05:30,3052.199951171875,3060.800048828125,3050.449951171875,3060.5,555
2025-04-08 14:02:00+05:30,3050.0,3054.64990234375,3050.0,3051.5,21
2025-04-08 14:03:00+05:30,3050.0,3050.0,3050.0,3050.0,0
2025-04-08 14:04:00+05:30,3048.300048828125,3048.449951171875,3046.0,3048.300048828125,9
2025-04-08 14:05:00+05:30,3044.64990234375,3044.64990234375,3044.64990234375,3044.64990234375,9
2025-04-08 14:06:00+05:30,3045.14990234375,3045.14990234375,3042.199951171875,3042.199951171875,6
2025-04-08 14:07:00+05:30,3050.050048828125,3050.050048828125,3045.0,3046.39990234375,101
2025-04-08 14:08:00+05:30,3051.75,3054.25,3048.449951171875,3054.25,59
2025-04-08 14:09:00+05:30,3051.75,3051.85009765625,3051.699951171875,3051.699951171875,62
2025-04-08 14:10:00+05:30,3048.64990234375,3051.75,3048.64990234375,3051.75,5
2025-04-08 14:11:00+05:30,3051.85009765625,3051.85009765625,3051.75,3051.75,22
2025-04-08 14:12:00+05:30,3050.300048828125,3050.300048828125,3047.14990234375,3047.14990234375,81
2025-04-08 14:13:00+05:30,3050.10009765625,3050.64990234375,3050.10009765625,3050.64990234375,3
2025-04-08 14:14:00+05:30,3050.0,3050.0,3047.85009765625,3047.85009765625,16
2025-04-08 14:15:00+05:30,3051.050048828125,3051.050048828125,3050.050048828125,3050.050048828125,38
2025-04-08 14:16:00+05:30,3046.949951171875,3050.0,3046.64990234375,3050.0,142
2025-04-08 14:17:00+05:30,3049.0,3049.0,3047.35009765625,3047.35009765625,4
2025-04-08 14:18:00+05:30,3049.64990234375,3049.64990234375,3049.39990234375,3049.39990234375,2
2025-04-08 14:19:00+05:30,3051.89990234375,3051.89990234375,3050.25,3050.25,44
2025-04-08 14:20:00+05:30,3051.449951171875,3051.75,3051.449951171875,3051.75,2
2025-04-08 14:21:00+05:30,3051.60009765625,3051.60009765625,3048.449951171875,3051.449951171875,17
2025-04-08 14:22:00+05:30,3051.85009765625,3051.85009765625,3051.60009765625,3051.60009765625,10
2025-04-08 14:23:00+05:30,3053.550048828125,3053.550048828125,3052.60009765625,3053.300048828125,28
2025-04-08 14:24:00+05:30,3056.14990234375,3056.14990234375,3053.199951171875,3053.199951171875,17
2025-04-08 14:25:00+05:30,3061.300048828125,3061.300048828125,3056.75,3057.0,47
2025-04-08 14:26:00+05:30,3054.60009765625,3061.35009765625,3054.60009765625,3061.35009765625,285
2025-04-08 14:27:00+05:30,3055.949951171875,3055.949951171875,3055.949951171875,3055.949951171875,9
2025-04-08 14:28:00+05:30,3056.949951171875,3056.949951171875,3055.949951171875,3055.949951171875,191
2025-04-08 14:29:00+05:30,3060.35009765625,3060.35009765625,3060.35009765625,3060.35009765625,4
2025-04-08 14:30:00+05:30,3057.449951171875,3057.449951171875,3057.14990234375,3057.14990234375,18
2025-04-08 14:31:00+05:30,3056.64990234375,3057.14990234375,3056.64990234375,3057.14990234375,3
2025-04-08 14:32:00+05:30,3061.60009765625,3061.60009765625,3055.0,3055.0,127
2025-04-08 14:33:00+05:30,3055.0,3063.800048828125,3055.0,3058.949951171875,272
2025-04-08 14:34:00+05:30,3056.949951171875,3056.949951171875,3055.64990234375,3056.60009765625,122
2025-04-08 14:35:00+05:30,3056.0,3056.0,3055.64990234375,3055.64990234375,38
2025-04-08 14:36:00+05:30,3054.949951171875,3055.10009765625,3052.85009765625,3055.0,57
2025-04-08 14:37:00+05:30,3052.60009765625,3052.949951171875,3051.050048828125,3052.949951171875,127
2025-04-08 14:38:00+05:30,3040.699951171875,3049.199951171875,3040.699951171875,3049.199951171875,301
2025-04-08 14:39:00+05:30,3040.75,3040.800048828125,3040.699951171875,3040.699951171875,87
2025-04-08 14:40:00+05:30,3028.75,3040.75,3028.75,3040.75,309
2025-04-08 14:41:00+05:30,3031.75,3032.39990234375,3026.14990234375,3027.89990234375,650
2025-04-08 14:42:00+05:30,3032.14990234375,3035.75,3031.75,3031.75,177
2025-04-08 14:43:00+05:30,3032.35009765625,3035.89990234375,3032.0,3032.0,89
2025-04-08 14:44:00+05:30,3032.0,3032.550048828125,3032.0,3032.550048828125,106
2025-04-08 14:45:00+05:30,3031.550048828125,3032.0,3031.550048828125,3032.0,232
2025-04-08 14:46:00+05:30,3031.300048828125,3032.300048828125,3031.199951171875,3031.199951171875,115
2025-04-08 14:47:00+05:30,3031.25,3034.800048828125,3031.25,3032.14990234375,141
2025-04-08 14:48:00+05:30,3031.89990234375,3032.050048828125,3030.85009765625,3031.5,105
2025-04-08 14:49:00+05:30,3031.25,3031.75,3031.25,3031.75,92
2025-04-08 14:50:00+05:30,3029.75,3031.25,3029.75,3031.25,104
2025-04-08 14:51:00+05:30,3029.14990234375,3033.10009765625,3028.949951171875,3029.75,103
2025-04-08 14:52:00+05:30,3026.14990234375,3028.949951171875,3026.14990234375,3028.949951171875,153
2025-04-08 14:53:00+05:30,3022.199951171875,3026.14990234375,3022.199951171875,3026.14990234375,267
2025-04-08 14:54:00+05:30,3018.39990234375,3025.050048828125,3018.14990234375,3022.39990234375,529
2025-04-08 14:55:00+05:30,3011.949951171875,3018.39990234375,3011.35009765625,3018.39990234375,377
2025-04-08 14:56:00+05:30,3015.050048828125,3019.14990234375,3012.10009765625,3012.25,541
2025-04-08 14:57:00+05:30,3015.10009765625,3017.35009765625,3013.10009765625,3014.949951171875,205
2025-04-08 14:58:00+05:30,3012.85009765625,3012.85009765625,3011.800048828125,3012.14990234375,148
2025-04-08 14:59:00+05:30,3031.0,3031.0,3016.35009765625,3016.35009765625,424
2025-04-08 15:00:00+05:30,3030.75,3033.300048828125,3030.699951171875,3030.949951171875,147
2025-04-08 15:01:00+05:30,3046.800048828125,3047.35009765625,3030.699951171875,3030.75,707
2025-04-08 15:02:00+05:30,3046.800048828125,3047.39990234375,3046.800048828125,3047.199951171875,173
2025-04-08 15:03:00+05:30,3033.050048828125,3046.800048828125,3033.050048828125,3046.800048828125,383
2025-04-08 15:04:00+05:30,3033.35009765625,3033.60009765625,3032.0,3032.0,101
2025-04-08 15:05:00+05:30,3043.550048828125,3048.60009765625,3033.300048828125,3033.39990234375,691
2025-04-08 15:06:00+05:30,3045.199951171875,3045.64990234375,3044.10009765625,3044.10009765625,190
2025-04-08 15:07:00+05:30,3049.699951171875,3053.14990234375,3045.199951171875,3045.199951171875,187
2025-04-08 15:08:00+05:30,3045.199951171875,3056.050048828125,3045.199951171875,3050.0,828
2025-04-08 15:09:00+05:30,3040.050048828125,3043.0,3037.800048828125,3043.0,169
2025-04-08 15:10:00+05:30,3048.14990234375,3049.0,3042.64990234375,3042.64990234375,172
2025-04-08 15:11:00+05:30,3048.800048828125,3048.800048828125,3048.75,3048.75,182
2025-04-08 15:12:00+05:30,3048.0,3054.0,3048.0,3048.800048828125,570
2025-04-08 15:13:00+05:30,3044.300048828125,3047.64990234375,3044.10009765625,3047.64990234375,139
2025-04-08 15:14:00+05:30,3044.10009765625,3044.14990234375,3044.10009765625,3044.10009765625,101
2025-04-08 15:15:00+05:30,3053.85009765625,3053.85009765625,3043.75,3047.050048828125,150
2025-04-08 15:16:00+05:30,3053.14990234375,3054.0,3044.60009765625,3044.60009765625,337
2025-04-08 15:17:00+05:30,3052.050048828125,3056.39990234375,3052.050048828125,3054.89990234375,492
2025-04-08 15:18:00+05:30,3056.0,3057.10009765625,3048.949951171875,3048.949951171875,680
2025-04-08 15:19:00+05:30,3050.0,3055.0,3050.0,3054.550048828125,377
2025-04-08 15:20:00+05:30,3054.050048828125,3056.0,3046.050048828125,3046.050048828125,458
2025-04-08 15:21:00+05:30,3052.60009765625,3055.89990234375,3052.60009765625,3054.550048828125,391
2025-04-08 15:22:00+05:30,3051.5,3052.199951171875,3049.199951171875,3052.199951171875,198
2025-04-08 15:23:00+05:30,3052.89990234375,3054.35009765625,3052.89990234375,3054.35009765625,0
2025-04-08 15:24:00+05:30,3052.89990234375,3056.0,3052.89990234375,3054.0,302
2025-04-08 15:25:00+05:30,3053.10009765625,3054.25,3053.10009765625,3053.10009765625,134
2025-04-08 15:26:00+05:30,3056.949951171875,3056.949951171875,3054.0,3054.10009765625,149
2025-04-08 15:27:00+05:30,3057.449951171875,3059.0,3056.85009765625,3056.949951171875,846
2025-04-08 15:28:00+05:30,3051.25,3057.35009765625,3051.0,3057.35009765625,341
2025-04-08 15:29:00+05:30,3050.5,3050.949951171875,3043.75,3050.949951171875,286
2025-04-09 09:15:00+05:30,3045.35009765625,3047.89990234375,3011.0,3011.0,0
2025-04-09 09:16:00+05:30,3030.050048828125,3060.0,3030.050048828125,3060.0,437
2025-04-09 09:17:00+05:30,3013.0,3028.050048828125,3013.0,3028.050048828125,195
2025-04-09 09:18:00+05:30,2985.550048828125,3008.050048828125,2985.550048828125,3008.050048828125,790
2025-04-09 09:19:00+05:30,3007.5,3008.64990234375,2989.949951171875,2989.949951171875,411
2025-04-09 09:20:00+05:30,2996.550048828125,3007.949951171875,2992.550048828125,3005.449951171875,189
2025-04-09 09:21:00+05:30,2990.949951171875,3000.300048828125,2987.10009765625,2992.050048828125,1350
2025-04-09 09:22:00+05:30,2971.550048828125,2989.0,2971.550048828125,2985.14990234375,319
2025-04-09 09:23:00+05:30,2960.5,2975.949951171875,2960.5,2975.949951171875,213
2025-04-09 09:24:00+05:30,2956.050048828125,2960.800048828125,2955.0,2958.35009765625,311
2025-04-09 09:25:00+05:30,2951.89990234375,2956.949951171875,2943.14990234375,2956.949951171875,710
2025-04-09 09:26:00+05:30,2948.050048828125,2955.60009765625,2945.5,2955.60009765625,106
2025-04-09 09:27:00+05:30,2947.5,2948.35009765625,2947.0,2947.64990234375,278
2025-04-09 09:28:00+05:30,2947.5,2959.300048828125,2947.5,2959.300048828125,168
2025-04-09 09:29:00+05:30,2941.550048828125,2946.0,2941.550048828125,2946.0,152
2025-04-09 09:30:00+05:30,2929.25,2940.0,2929.25,2940.0,169
2025-04-09 09:31:00+05:30,2920.050048828125,2928.699951171875,2920.050048828125,2928.699951171875,297
2025-04-09 09:32:00+05:30,2934.199951171875,2936.300048828125,2930.0,2930.0,243
2025-04-09 09:33:00+05:30,2943.949951171875,2943.949951171875,2932.39990234375,2934.14990234375,139
2025-04-09 09:34:00+05:30,2936.699951171875,2941.0,2936.699951171875,2939.0,137
2025-04-09 09:35:00+05:30,2944.5,2944.5,2935.300048828125,2937.60009765625,139
2025-04-09 09:36:00+05:30,2938.60009765625,2941.449951171875,2938.60009765625,2941.449951171875,169
2025-04-09 09:37:00+05:30,2937.75,2938.199951171875,2935.0,2937.60009765625,115
2025-04-09 09:38:00+05:30,2934.60009765625,2939.300048828125,2934.60009765625,2939.300048828125,94
2025-04-09 09:39:00+05:30,2926.25,2935.0,2926.25,2935.0,465
2025-04-09 09:40:00+05:30,2927.699951171875,2927.699951171875,2924.949951171875,2925.0,151
2025-04-09 09:41:00+05:30,2928.10009765625,2932.60009765625,2928.0,2928.0,234
2025-04-09 09:42:00+05:30,2932.0,2932.89990234375,2928.10009765625,2928.10009765625,160
2025-04-09 09:43:00+05:30,2936.050048828125,2939.64990234375,2933.85009765625,2933.85009765625,127
2025-04-09 09:44:00+05:30,2937.25,2939.300048828125,2936.60009765625,2939.300048828125,60
2025-04-09 09:45:00+05:30,2937.85009765625,2940.0,2937.85009765625,2939.85009765625,20
2025-04-09 09:46:00+05:30,2938.0,2944.10009765625,2938.0,2940.85009765625,109
2025-04-09 09:47:00+05:30,2943.050048828125,2943.050048828125,2939.300048828125,2939.300048828125,59
2025-04-09 09:48:00+05:30,2940.89990234375,2943.0,2940.89990234375,2942.800048828125,84
2025-04-09 09:49:00+05:30,2939.85009765625,2941.75,2938.0,2941.75,168
2025-04-09 09:50:00+05:30,2936.0,2937.14990234375,2936.0,2936.0,24
2025-04-09 09:51:00+05:30,2942.75,2942.75,2935.0,2935.0,79
2025-04-09 09:52:00+05:30,2943.10009765625,2945.85009765625,2943.10009765625,2944.60009765625,48
2025-04-09 09:53:00+05:30,2944.25,2946.0,2944.25,2945.85009765625,288
2025-04-09 09:54:00+05:30,2939.0,2944.39990234375,2939.0,2942.300048828125,162
2025-04-09 09:55:00+05:30,2935.449951171875,2937.300048828125,2935.449951171875,2937.300048828125,50
2025-04-09 09:56:00+05:30,2939.949951171875,2940.39990234375,2939.949951171875,2940.39990234375,0
2025-04-09 09:57:00+05:30,2940.800048828125,2945.0,2940.800048828125,2944.25,36
2025-04-09 09:58:00+05:30,2940.35009765625,2940.35009765625,2940.35009765625,2940.35009765625,2
2025-04-09 09:59:00+05:30,2941.300048828125,2941.300048828125,2941.300048828125,2941.300048828125,12
2025-04-09 10:00:00+05:30,2945.0,2947.449951171875,2942.5,2942.5,59
2025-04-09 10:01:00+05:30,2943.0,2943.0,2943.0,2943.0,8
2025-04-09 10:02:00+05:30,2940.5,2943.699951171875,2940.5,2943.5,129
2025-04-09 10:03:00+05:30,2939.0,2941.14990234375,2939.0,2940.0,26
2025-04-09 10:04:00+05:30,2944.35009765625,2944.35009765625,2939.0,2939.0,14
2025-04-09 10:05:00+05:30,2944.550048828125,2944.64990234375,2944.550048828125,2944.60009765625,51
2025-04-09 10:06:00+05:30,2943.300048828125,2946.0,2943.300048828125,2944.199951171875,154
2025-04-09 10:07:00+05:30,2943.300048828125,2947.949951171875,2943.300048828125,2943.300048828125,234
2025-04-09 10:08:00+05:30,2943.60009765625,2943.699951171875,2943.60009765625,2943.64990234375,10
2025-04-09 10:09:00+05:30,2940.0,2943.699951171875,2940.0,2943.699951171875,18
2025-04-09 10:10:00+05:30,2936.199951171875,2943.5,2936.199951171875,2943.5,84
2025-04-09 10:11:00+05:30,2935.10009765625,2940.14990234375,2935.10009765625,2940.14990234375,10
2025-04-09 10:12:00+05:30,2933.35009765625,2935.10009765625,2933.35009765625,2935.10009765625,75
2025-04-09 10:13:00+05:30,2920.050048828125,2925.0,2920.050048828125,2925.0,284
2025-04-09 10:14:00+05:30,2921.60009765625,2924.64990234375,2921.60009765625,2922.050048828125,55
2025-04-09 10:15:00+05:30,2924.60009765625,2924.60009765625,2921.60009765625,2922.10009765625,430
2025-04-09 10:16:00+05:30,2924.5,2926.050048828125,2924.5,2926.050048828125,102
2025-04-09 10:17:00+05:30,2929.0,2929.0,2923.35009765625,2923.35009765625,62
2025-04-09 10:18:00+05:30,2930.60009765625,2932.0,2930.60009765625,2932.0,22
2025-04-09 10:19:00+05:30,2935.0,2935.0,2930.10009765625,2930.10009765625,30
2025-04-09 10:20:00+05:30,2935.0,2937.10009765625,2935.0,2937.10009765625,15
2025-04-09 10:21:00+05:30,2937.85009765625,2937.85009765625,2937.85009765625,2937.85009765625,42
2025-04-09 10:22:00+05:30,2938.800048828125,2938.800048828125,2936.949951171875,2936.949951171875,0
2025-04-09 10:23:00+05:30,2939.14990234375,2939.800048828125,2936.60009765625,2938.85009765625,79
2025-04-09 10:24:00+05:30,2939.14990234375,2939.14990234375,2939.10009765625,2939.10009765625,19
2025-04-09 10:25:00+05:30,2939.25,2939.25,2939.25,2939.25,13
2025-04-09 10:26:00+05:30,2940.199951171875,2940.199951171875,2939.25,2939.25,523
2025-04-09 10:27:00+05:30,2942.85009765625,2943.0,2942.85009765625,2943.0,96
2025-04-09 10:28:00+05:30,2950.60009765625,2951.199951171875,2948.39990234375,2949.85009765625,132
2025-04-09 10:29:00+05:30,2951.300048828125,2951.949951171875,2948.35009765625,2948.35009765625,30
2025-04-09 10:30:00+05:30,2951.0,2952.0,2948.0,2948.0,287
2025-04-09 10:31:00+05:30,2948.0,2949.5,2948.0,2949.5,7
2025-04-09 10:32:00+05:30,2948.60009765625,2948.60009765625,2944.050048828125,2944.050048828125,140
2025-04-09 10:33:00+05:30,2942.550048828125,2952.25,2942.550048828125,2948.60009765625,547
2025-04-09 10:34:00+05:30,2940.300048828125,2945.75,2940.300048828125,2945.75,119
2025-04-09 10:35:00+05:30,2943.14990234375,2943.14990234375,2943.14990234375,2943.14990234375,20
2025-04-09 10:55:00+05:30,2931.0,2931.0,2931.0,2931.0,1541
2025-04-09 10:56:00+05:30,2930.64990234375,2930.64990234375,2930.64990234375,2930.64990234375,0
2025-04-09 10:57:00+05:30,2932.64990234375,2932.64990234375,2930.699951171875,2930.699951171875,20
2025-04-09 10:58:00+05:30,2936.64990234375,2936.64990234375,2933.60009765625,2933.60009765625,0
2025-04-09 10:59:00+05:30,2937.14990234375,2940.75,2936.5,2937.0,147
2025-04-09 11:00:00+05:30,2939.60009765625,2939.60009765625,2937.14990234375,2937.14990234375,42
2025-04-09 11:01:00+05:30,2937.449951171875,2940.35009765625,2937.449951171875,2940.35009765625,7
2025-04-09 11:02:00+05:30,2932.60009765625,2933.60009765625,2931.0,2933.60009765625,230
2025-04-09 11:03:00+05:30,2929.85009765625,2932.60009765625,2929.85009765625,2932.60009765625,261
2025-04-09 11:04:00+05:30,2929.75,2929.75,2926.800048828125,2926.800048828125,0
2025-04-09 11:05:00+05:30,2928.050048828125,2930.64990234375,2928.050048828125,2930.64990234375,19
2025-04-09 11:06:00+05:30,2925.0,2926.050048828125,2923.25,2926.050048828125,358
2025-04-09 11:07:00+05:30,2927.75,2927.800048828125,2925.35009765625,2925.35009765625,0
2025-04-09 11:08:00+05:30,2926.35009765625,2927.75,2925.449951171875,2925.449951171875,0
2025-04-09 11:09:00+05:30,2925.25,2925.300048828125,2925.25,2925.300048828125,18
2025-04-09 11:10:00+05:30,2925.800048828125,2925.800048828125,2925.300048828125,2925.300048828125,119
2025-04-09 11:11:00+05:30,2925.10009765625,2926.60009765625,2925.10009765625,2926.60009765625,20
2025-04-09 11:12:00+05:30,2926.89990234375,2926.89990234375,2925.0,2925.0,57
2025-04-09 11:13:00+05:30,2927.050048828125,2927.050048828125,2925.25,2926.800048828125,9
2025-04-09 11:14:00+05:30,2932.85009765625,2932.85009765625,2925.550048828125,2925.550048828125,155
2025-04-09 11:15:00+05:30,2930.0,2930.0,2928.85009765625,2928.85009765625,2
2025-04-09 11:16:00+05:30,2932.35009765625,2932.35009765625,2928.550048828125,2930.050048828125,48
2025-04-09 11:17:00+05:30,2931.75,2934.5,2931.14990234375,2931.14990234375,13
2025-04-09 11:18:00+05:30,2931.89990234375,2931.89990234375,2931.75,2931.75,7
2025-04-09 11:19:00+05:30,2932.0,2932.0,2931.60009765625,2931.60009765625,3
2025-04-09 11:20:00+05:30,2929.5,2931.89990234375,2929.5,2931.89990234375,57
2025-04-09 11:21:00+05:30,2931.39990234375,2931.39990234375,2928.5,2931.10009765625,15
2025-04-09 11:22:00+05:30,2929.25,2929.25,2929.25,2929.25,0
2025-04-09 11:23:00+05:30,2929.300048828125,2929.300048828125,2929.300048828125,2929.300048828125,2
2025-04-09 11:24:00+05:30,2931.89990234375,2931.89990234375,2929.25,2929.25,2
2025-04-09 11:25:00+05:30,2932.0,2932.0,2930.050048828125,2930.050048828125,4
2025-04-09 11:26:00+05:30,2930.0,2930.0,2928.10009765625,2930.0,58
2025-04-09 11:27:00+05:30,2928.10009765625,2930.0,2928.10009765625,2930.0,55
2025-04-09 11:28:00+05:30,2928.14990234375,2929.949951171875,2928.14990234375,2929.949951171875,11
2025-04-09 11:29:00+05:30,2929.550048828125,2929.550048828125,2926.949951171875,2926.949951171875,184
2025-04-09 11:30:00+05:30,2929.39990234375,2929.5,2927.0,2929.5,16
2025-04-09 11:31:00+05:30,2929.39990234375,2929.39990234375,2927.550048828125,2927.550048828125,4
2025-04-09 11:32:00+05:30,2927.699951171875,2927.699951171875,2927.699951171875,2927.699951171875,1
2025-04-09 11:33:00+05:30,2927.89990234375,2929.39990234375,2927.89990234375,2929.39990234375,4
2025-04-09 11:34:00+05:30,2930.800048828125,2930.800048828125,2929.60009765625,2929.60009765625,27
2025-04-09 11:35:00+05:30,2930.050048828125,2932.800048828125,2930.050048828125,2932.800048828125,80
2025-04-09 11:36:00+05:30,2930.85009765625,2933.60009765625,2930.85009765625,2933.60009765625,11
2025-04-09 11:37:00+05:30,2930.35009765625,2930.35009765625,2930.35009765625,2930.35009765625,2
2025-04-09 11:38:00+05:30,2930.699951171875,2934.0,2930.699951171875,2933.85009765625,7
2025-04-09 11:39:00+05:30,2933.199951171875,2935.75,2933.199951171875,2934.89990234375,13
2025-04-09 11:40:00+05:30,2933.10009765625,2936.050048828125,2933.10009765625,2936.050048828125,5
2025-04-09 11:41:00+05:30,2932.0,2932.449951171875,2932.0,2932.449951171875,16
2025-04-09 11:42:00+05:30,2930.050048828125,2930.14990234375,2930.050048828125,2930.14990234375,10
2025-04-09 11:43:00+05:30,2932.75,2932.75,2930.0,2930.0,14
2025-04-09 11:44:00+05:30,2934.39990234375,2934.39990234375,2932.75,2932.75,9
2025-04-09 11:45:00+05:30,2931.64990234375,2933.75,2930.550048828125,2931.5,22
2025-04-09 11:46:00+05:30,2931.75,2931.75,2931.75,2931.75,1
2025-04-09 11:47:00+05:30,2937.050048828125,2937.89990234375,2931.75,2931.75,48
2025-04-09 11:48:00+05:30,2931.64990234375,2934.0,2931.64990234375,2934.0,43
2025-04-09 11:49:00+05:30,2930.050048828125,2931.64990234375,2930.050048828125,2931.64990234375,31
2025-04-09 11:50:00+05:30,2929.699951171875,2931.64990234375,2927.89990234375,2931.64990234375,291
2025-04-09 11:51:00+05:30,2928.050048828125,2929.85009765625,2928.050048828125,2929.85009765625,21
2025-04-09 11:52:00+05:30,2931.64990234375,2931.64990234375,2928.14990234375,2928.14990234375,28
2025-04-09 11:53:00+05:30,2928.25,2932.39990234375,2928.25,2930.75,38
2025-04-09 11:54:00+05:30,2931.60009765625,2931.60009765625,2931.60009765625,2931.60009765625,2
2025-04-09 11:55:00+05:30,2930.14990234375,2930.14990234375,2930.14990234375,2930.14990234375,1
2025-04-09 11:56:00+05:30,2930.60009765625,2930.60009765625,2928.85009765625,2928.85009765625,80
2025-04-09 11:57:00+05:30,2928.25,2930.800048828125,2928.25,2930.800048828125,3
2025-04-09 11:58:00+05:30,2930.75,2930.75,2928.60009765625,2928.60009765625,3
2025-04-09 11:59:00+05:30,2928.89990234375,2932.10009765625,2928.89990234375,2932.10009765625,51
2025-04-09 12:00:00+05:30,2930.64990234375,2932.050048828125,2929.0,2932.050048828125,40
2025-04-09 12:01:00+05:30,2928.300048828125,2928.300048828125,2928.300048828125,2928.300048828125,1
2025-04-09 12:02:00+05:30,2931.449951171875,2931.449951171875,2928.449951171875,2928.449951171875,4
2025-04-09 12:03:00+05:30,2928.85009765625,2930.800048828125,2928.85009765625,2930.800048828125,3
2025-04-09 12:04:00+05:30,2928.89990234375,2930.800048828125,2928.75,2930.800048828125,7
2025-04-09 12:05:00+05:30,2930.75,2930.75,2928.699951171875,2928.699951171875,3
2025-04-09 12:06:00+05:30,2930.75,2930.75,2928.699951171875,2928.699951171875,5
2025-04-09 12:07:00+05:30,2931.85009765625,2931.85009765625,2931.85009765625,2931.85009765625,22
2025-04-09 12:08:00+05:30,2932.199951171875,2932.199951171875,2931.800048828125,2931.800048828125,19
2025-04-09 12:09:00+05:30,2925.699951171875,2929.0,2923.35009765625,2929.0,193
2025-04-09 12:10:00+05:30,2921.0,2923.449951171875,2921.0,2923.449951171875,111
2025-04-09 12:11:00+05:30,2920.0,2920.64990234375,2919.60009765625,2920.64990234375,200
2025-04-09 12:12:00+05:30,2919.60009765625,2919.75,2917.199951171875,2919.75,22
2025-04-09 12:13:00+05:30,2920.949951171875,2920.949951171875,2919.699951171875,2919.699951171875,91
2025-04-09 12:14:00+05:30,2924.75,2924.75,2922.39990234375,2924.35009765625,15
2025-04-09 12:15:00+05:30,2925.60009765625,2925.60009765625,2921.949951171875,2924.89990234375,88
2025-04-09 12:16:00+05:30,2922.699951171875,2922.699951171875,2922.699951171875,2922.699951171875,2
2025-04-09 12:17:00+05:30,2921.25,2923.0,2921.14990234375,2923.0,83
2025-04-09 12:18:00+05:30,2924.0,2924.0,2921.199951171875,2921.199951171875,2
2025-04-09 12:19:00+05:30,2923.60009765625,2923.75,2921.199951171875,2923.75,7
2025-04-09 12:20:00+05:30,2918.75,2921.10009765625,2918.050048828125,2921.10009765625,233
2025-04-09 12:21:00+05:30,2921.050048828125,2922.39990234375,2917.0,2917.0,95
2025-04-09 12:22:00+05:30,2926.10009765625,2926.10009765625,2922.39990234375,2922.39990234375,32
2025-04-09 12:23:00+05:30,2925.050048828125,2926.35009765625,2925.050048828125,2926.35009765625,15
2025-04-09 12:24:00+05:30,2922.5,2925.0,2922.5,2925.0,80
2025-04-09 12:25:00+05:30,2922.699951171875,2922.699951171875,2922.699951171875,2922.699951171875,0
2025-04-09 12:26:00+05:30,2933.949951171875,2933.949951171875,2923.699951171875,2925.800048828125,265
2025-04-09 12:27:00+05:30,2925.75,2929.64990234375,2925.75,2926.85009765625,88
2025-04-09 12:28:00+05:30,2925.14990234375,2925.75,2925.10009765625,2925.10009765625,7
2025-04-09 12:29:00+05:30,2926.949951171875,2927.0,2925.199951171875,2925.199951171875,16
2025-04-09 12:30:00+05:30,2923.699951171875,2926.949951171875,2923.699951171875,2926.050048828125,82
2025-04-09 12:31:00+05:30,2926.449951171875,2926.449951171875,2923.85009765625,2926.35009765625,5
2025-04-09 12:32:00+05:30,2924.39990234375,2924.39990234375,2924.39990234375,2924.39990234375,1
2025-04-09 12:33:00+05:30,2932.60009765625,2932.60009765625,2926.800048828125,2926.800048828125,361
2025-04-09 12:34:00+05:30,2929.25,2929.75,2929.25,2929.75,3
2025-04-09 12:35:00+05:30,2929.5,2932.25,2929.25,2929.25,5
2025-04-09 12:36:00+05:30,2935.35009765625,2936.64990234375,2930.14990234375,2932.25,52
2025-04-09 12:37:00+05:30,2926.5,2935.550048828125,2926.5,2935.550048828125,179
2025-04-09 12:38:00+05:30,2928.10009765625,2928.10009765625,2926.5,2926.5,12
2025-04-09 12:39:00+05:30,2925.25,2927.800048828125,2925.199951171875,2925.199951171875,64
2025-04-09 12:40:00+05:30,2930.39990234375,2930.800048828125,2925.39990234375,2925.39990234375,87
2025-04-09 12:41:00+05:30,2927.39990234375,2930.050048828125,2927.39990234375,2930.050048828125,20
2025-04-09 12:42:00+05:30,2927.39990234375,2927.39990234375,2927.39990234375,2927.39990234375,5
2025-04-09 12:43:00+05:30,2916.35009765625,2929.300048828125,2916.35009765625,2929.300048828125,927
2025-04-09 12:44:00+05:30,2922.39990234375,2922.39990234375,2917.949951171875,2917.949951171875,41
2025-04-09 12:45:00+05:30,2919.050048828125,2922.60009765625,2919.050048828125,2922.60009765625,3
2025-04-09 12:46:00+05:30,2925.0,2925.0,2917.699951171875,2917.699951171875,43
2025-04-09 12:47:00+05:30,2921.050048828125,2922.39990234375,2921.050048828125,2922.39990234375,7
2025-04-09 12:48:00+05:30,2922.300048828125,2923.64990234375,2922.300048828125,2923.64990234375,3
2025-04-09 12:49:00+05:30,2923.64990234375,2923.64990234375,2923.64990234375,2923.64990234375,8
2025-04-09 12:50:00+05:30,2923.0,2923.64990234375,2920.14990234375,2922.199951171875,131
2025-04-09 12:51:00+05:30,2920.0,2920.0,2920.0,2920.0,0
2025-04-09 12:52:00+05:30,2922.39990234375,2922.39990234375,2920.050048828125,2922.050048828125,2
2025-04-09 12:53:00+05:30,2924.64990234375,2924.64990234375,2920.5,2920.5,104
2025-04-09 12:54:00+05:30,2922.0,2924.800048828125,2921.89990234375,2924.800048828125,51
2025-04-09 12:55:00+05:30,2923.199951171875,2923.199951171875,2922.10009765625,2922.10009765625,31
2025-04-09 12:56:00+05:30,2920.0,2921.89990234375,2920.0,2921.60009765625,70
2025-04-09 12:57:00+05:30,2920.0,2921.449951171875,2920.0,2921.449951171875,4
2025-04-09 12:58:00+05:30,2924.89990234375,2925.0,2922.39990234375,2922.39990234375,58
2025-04-09 12:59:00+05:30,2925.0,2925.0,2922.199951171875,2922.25,56
2025-04-09 13:00:00+05:30,2922.199951171875,2922.199951171875,2922.199951171875,2922.199951171875,9
2025-04-09 13:01:00+05:30,2920.39990234375,2923.35009765625,2920.25,2922.25,42
2025-04-09 13:02:00+05:30,2922.85009765625,2923.0,2920.14990234375,2920.14990234375,5
2025-04-09 13:03:00+05:30,2922.64990234375,2922.800048828125,2920.14990234375,2920.14990234375,9
2025-04-09 13:04:00+05:30,2922.60009765625,2925.800048828125,2922.60009765625,2925.0,216
2025-04-09 13:05:00+05:30,2922.64990234375,2925.25,2922.550048828125,2922.550048828125,11
2025-04-09 13:06:00+05:30,2922.64990234375,2922.64990234375,2922.64990234375,2922.64990234375,2
2025-04-09 13:07:00+05:30,2925.10009765625,2925.300048828125,2922.64990234375,2925.14990234375,19
2025-04-09 13:08:00+05:30,2925.5,2925.5,2922.64990234375,2925.10009765625,11
2025-04-09 13:09:00+05:30,2925.5,2925.5,2922.699951171875,2925.0,19
2025-04-09 13:10:00+05:30,2927.64990234375,2927.64990234375,2924.64990234375,2925.5,39
2025-04-09 13:11:00+05:30,2927.449951171875,2927.449951171875,2925.199951171875,2925.199951171875,13
2025-04-09 13:12:00+05:30,2927.39990234375,2927.449951171875,2925.800048828125,2925.800048828125,55
2025-04-09 13:13:00+05:30,2924.699951171875,2925.199951171875,2924.550048828125,2924.75,124
2025-04-09 13:14:00+05:30,2922.85009765625,2924.949951171875,2922.75,2922.75,4
2025-04-09 13:15:00+05:30,2922.85009765625,2922.85009765625,2922.85009765625,2922.85009765625,1
2025-04-09 13:16:00+05:30,2922.75,2925.050048828125,2922.75,2925.050048828125,12
2025-04-09 13:17:00+05:30,2922.75,2925.050048828125,2922.75,2924.85009765625,33
2025-04-09 13:18:00+05:30,2921.300048828125,2924.85009765625,2921.300048828125,2924.85009765625,101
2025-04-09 13:19:00+05:30,2921.699951171875,2921.699951171875,2918.85009765625,2920.0,77
2025-04-09 13:20:00+05:30,2918.550048828125,2918.85009765625,2918.550048828125,2918.85009765625,86
2025-04-09 13:21:00+05:30,2920.0,2921.35009765625,2916.949951171875,2921.35009765625,45
2025-04-09 13:22:00+05:30,2918.199951171875,2918.199951171875,2918.199951171875,2918.199951171875,0
2025-04-09 13:23:00+05:30,2920.0,2920.699951171875,2918.14990234375,2918.199951171875,53
2025-04-09 13:24:00+05:30,2915.64990234375,2918.14990234375,2915.0,2918.0,142
2025-04-09 13:25:00+05:30,2919.85009765625,2919.85009765625,2915.050048828125,2915.050048828125,10
2025-04-09 13:26:00+05:30,2916.25,2919.35009765625,2915.0,2919.300048828125,60
2025-04-09 13:27:00+05:30,2919.35009765625,2919.35009765625,2917.25,2919.35009765625,21
2025-04-09 13:28:00+05:30,2919.35009765625,2919.35009765625,2917.14990234375,2917.14990234375,11
2025-04-09 13:29:00+05:30,2919.35009765625,2919.35009765625,2917.14990234375,2917.14990234375,26
2025-04-09 13:30:00+05:30,2917.14990234375,2917.14990234375,2917.14990234375,2917.14990234375,0
2025-04-09 13:31:00+05:30,2917.14990234375,2917.14990234375,2917.14990234375,2917.14990234375,10
2025-04-09 13:32:00+05:30,2917.14990234375,2919.35009765625,2917.14990234375,2917.14990234375,3
2025-04-09 13:33:00+05:30,2916.85009765625,2919.35009765625,2916.699951171875,2919.35009765625,112
2025-04-09 13:34:00+05:30,2919.25,2919.25,2919.0,2919.0,7
2025-04-09 13:35:00+05:30,2916.39990234375,2919.300048828125,2916.39990234375,2919.300048828125,14
2025-04-09 13:36:00+05:30,2919.60009765625,2919.75,2917.14990234375,2919.75,15
2025-04-09 13:37:00+05:30,2916.0,2916.64990234375,2916.0,2916.64990234375,85
2025-04-09 13:38:00+05:30,2913.60009765625,2916.64990234375,2913.60009765625,2914.0,269
2025-04-09 13:39:00+05:30,2916.64990234375,2916.64990234375,2914.050048828125,2915.0,29
2025-04-09 13:40:00+05:30,2915.0,2916.85009765625,2914.10009765625,2915.0,38
2025-04-09 13:41:00+05:30,2912.10009765625,2914.0,2912.10009765625,2914.0,49
2025-04-09 13:42:00+05:30,2913.949951171875,2913.949951171875,2912.5,2913.0,57
2025-04-09 13:43:00+05:30,2912.550048828125,2912.89990234375,2912.550048828125,2912.89990234375,390
2025-04-09 13:44:00+05:30,2911.64990234375,2913.85009765625,2911.64990234375,2913.85009765625,57
2025-04-09 13:45:00+05:30,2913.64990234375,2913.64990234375,2911.35009765625,2912.10009765625,15
2025-04-09 13:46:00+05:30,2913.550048828125,2913.60009765625,2911.25,2911.25,41
2025-04-09 13:47:00+05:30,2908.25,2911.5,2908.25,2911.25,406
2025-04-09 13:48:00+05:30,2910.85009765625,2911.199951171875,2908.39990234375,2911.199951171875,7
2025-04-09 13:49:00+05:30,2910.85009765625,2910.85009765625,2908.39990234375,2908.39990234375,32
2025-04-09 13:50:00+05:30,2910.0,2910.39990234375,2908.25,2908.39990234375,19
2025-04-09 13:51:00+05:30,2911.85009765625,2912.050048828125,2909.39990234375,2912.050048828125,1
2025-04-09 13:52:00+05:30,2911.85009765625,2911.85009765625,2909.25,2911.449951171875,8
2025-04-09 13:53:00+05:30,2906.35009765625,2912.25,2905.10009765625,2912.14990234375,389
2025-04-09 13:54:00+05:30,2907.25,2910.800048828125,2906.0,2906.35009765625,403
2025-04-09 13:55:00+05:30,2908.800048828125,2910.699951171875,2908.800048828125,2908.800048828125,52
2025-04-09 13:56:00+05:30,2910.699951171875,2910.699951171875,2908.800048828125,2910.699951171875,5
2025-04-09 13:57:00+05:30,2907.35009765625,2910.75,2907.35009765625,2910.75,90
2025-04-09 13:58:00+05:30,2910.10009765625,2910.60009765625,2907.35009765625,2907.39990234375,54
2025-04-09 13:59:00+05:30,2914.199951171875,2914.199951171875,2910.10009765625,2910.10009765625,156
2025-04-09 14:00:00+05:30,2913.64990234375,2913.64990234375,2913.64990234375,2913.64990234375,1
2025-04-09 14:01:00+05:30,2913.39990234375,2913.39990234375,2911.300048828125,2911.300048828125,32
2025-04-09 14:02:00+05:30,2913.35009765625,2913.35009765625,2913.35009765625,2913.35009765625,13
2025-04-09 14:03:00+05:30,2911.35009765625,2913.35009765625,2911.35009765625,2913.35009765625,12
2025-04-09 14:04:00+05:30,2911.35009765625,2913.300048828125,2911.35009765625,2913.300048828125,4
2025-04-09 14:05:00+05:30,2913.300048828125,2913.300048828125,2913.300048828125,2913.300048828125,1
2025-04-09 14:06:00+05:30,2915.550048828125,2918.5,2913.300048828125,2913.300048828125,106
2025-04-09 14:07:00+05:30,2924.199951171875,2924.199951171875,2915.75,2918.35009765625,118
2025-04-09 14:08:00+05:30,2916.35009765625,2927.89990234375,2916.35009765625,2925.60009765625,433
2025-04-09 14:09:00+05:30,2921.60009765625,2921.60009765625,2919.14990234375,2919.14990234375,33
2025-04-09 14:10:00+05:30,2922.0,2922.0,2921.550048828125,2921.550048828125,166
2025-04-09 14:11:00+05:30,2921.64990234375,2923.35009765625,2921.64990234375,2922.0,0
2025-04-09 14:13:00+05:30,2919.14990234375,2920.449951171875,2919.14990234375,2920.449951171875,193
2025-04-09 14:14:00+05:30,2914.64990234375,2916.0,2914.25,2916.0,566
2025-04-09 14:15:00+05:30,2912.60009765625,2912.699951171875,2912.60009765625,2912.699951171875,169
2025-04-09 14:16:00+05:30,2911.5,2911.5,2911.5,2911.5,0
2025-04-09 14:17:00+05:30,2912.14990234375,2912.14990234375,2911.39990234375,2911.449951171875,31
2025-04-09 14:18:00+05:30,2912.550048828125,2912.699951171875,2912.550048828125,2912.699951171875,9
2025-04-09 14:19:00+05:30,2911.0,2912.64990234375,2911.0,2912.550048828125,64
2025-04-09 14:20:00+05:30,2908.14990234375,2910.0,2908.14990234375,2910.0,16
2025-04-09 14:21:00+05:30,2906.050048828125,2907.89990234375,2906.0,2907.0,34
2025-04-09 14:22:00+05:30,2909.64990234375,2909.64990234375,2906.64990234375,2906.64990234375,54
2025-04-09 14:23:00+05:30,2909.64990234375,2909.64990234375,2909.64990234375,2909.64990234375,3
2025-04-09 14:24:00+05:30,2909.800048828125,2909.85009765625,2906.85009765625,2906.85009765625,6
2025-04-09 14:25:00+05:30,2906.0,2909.800048828125,2906.0,2909.800048828125,22
2025-04-09 14:26:00+05:30,2903.35009765625,2905.199951171875,2903.35009765625,2905.0,112
2025-04-09 14:27:00+05:30,2905.0,2905.0,2902.60009765625,2902.60009765625,43
2025-04-09 14:28:00+05:30,2906.60009765625,2906.60009765625,2905.699951171875,2905.699951171875,24
2025-04-09 14:29:00+05:30,2903.699951171875,2905.10009765625,2903.699951171875,2905.0,188
2025-04-09 14:30:00+05:30,2902.89990234375,2903.300048828125,2902.89990234375,2903.300048828125,21
2025-04-09 14:31:00+05:30,2903.25,2903.25,2902.699951171875,2902.699951171875,54
2025-04-09 14:32:00+05:30,2909.10009765625,2909.10009765625,2903.14990234375,2903.14990234375,51
2025-04-09 14:33:00+05:30,2908.89990234375,2909.050048828125,2905.89990234375,2909.050048828125,15
2025-04-09 14:34:00+05:30,2905.0,2908.75,2905.0,2908.75,6
2025-04-09 14:35:00+05:30,2905.0,2905.10009765625,2904.60009765625,2905.10009765625,281
2025-04-09 14:36:00+05:30,2909.300048828125,2909.300048828125,2909.300048828125,2909.300048828125,6
2025-04-09 14:37:00+05:30,2909.300048828125,2909.300048828125,2909.300048828125,2909.300048828125,60
2025-04-09 14:38:00+05:30,2910.0,2910.0,2908.39990234375,2908.39990234375,0
2025-04-09 14:39:00+05:30,2912.699951171875,2912.699951171875,2909.449951171875,2912.699951171875,270
2025-04-09 14:40:00+05:30,2904.550048828125,2909.0,2904.550048828125,2909.0,234
2025-04-09 14:41:00+05:30,2911.0,2911.0,2910.550048828125,2910.550048828125,46
2025-04-09 14:42:00+05:30,2908.75,2910.85009765625,2908.60009765625,2908.60009765625,15
2025-04-09 14:43:00+05:30,2908.75,2908.75,2908.75,2908.75,16
2025-04-09 14:44:00+05:30,2907.550048828125,2907.550048828125,2907.550048828125,2907.550048828125,20
2025-04-09 14:45:00+05:30,2910.0,2910.0,2909.85009765625,2909.85009765625,23
2025-04-09 14:46:00+05:30,2909.25,2909.89990234375,2909.25,2909.89990234375,63
2025-04-09 14:47:00+05:30,2909.050048828125,2910.0,2908.75,2908.75,33
2025-04-09 14:48:00+05:30,2909.050048828125,2909.050048828125,2909.050048828125,2909.050048828125,23
2025-04-09 14:49:00+05:30,2909.050048828125,2909.050048828125,2909.0,2909.050048828125,30
2025-04-09 14:50:00+05:30,2909.89990234375,2909.89990234375,2909.89990234375,2909.89990234375,29
2025-04-09 14:51:00+05:30,2909.300048828125,2912.699951171875,2909.300048828125,2911.0,1045
2025-04-09 14:52:00+05:30,2909.0,2909.0,2909.0,2909.0,8
2025-04-09 14:53:00+05:30,2910.85009765625,2910.85009765625,2910.050048828125,2910.050048828125,36
2025-04-09 14:54:00+05:30,2910.0,2911.14990234375,2910.0,2911.14990234375,12
2025-04-09 14:55:00+05:30,2909.89990234375,2909.89990234375,2909.5,2909.5,213
2025-04-09 14:56:00+05:30,2908.050048828125,2910.0,2908.050048828125,2910.0,296
2025-04-09 14:57:00+05:30,2910.0,2910.0,2908.10009765625,2908.10009765625,107
2025-04-09 14:58:00+05:30,2908.199951171875,2910.0,2908.199951171875,2910.0,116
2025-04-09 14:59:00+05:30,2909.0,2909.0,2908.199951171875,2908.199951171875,28
2025-04-09 15:00:00+05:30,2909.0,2909.0,2909.0,2909.0,13
2025-04-09 15:01:00+05:30,2908.35009765625,2909.0,2908.14990234375,2909.0,193
2025-04-09 15:02:00+05:30,2909.0,2909.0,2908.949951171875,2908.949951171875,39
2025-04-09 15:03:00+05:30,2908.14990234375,2909.0,2908.14990234375,2909.0,17
2025-04-09 15:04:00+05:30,2909.0,2909.0,2908.14990234375,2908.14990234375,16
2025-04-09 15:05:00+05:30,2908.199951171875,2909.0,2908.199951171875,2909.0,70
2025-04-09 15:06:00+05:30,2907.449951171875,2907.75,2903.14990234375,2907.75,666
2025-04-09 15:07:00+05:30,2908.5,2908.5,2904.199951171875,2907.39990234375,83
2025-04-09 15:08:00+05:30,2905.0,2905.0,2904.199951171875,2904.75,83
2025-04-09 15:09:00+05:30,2909.0,2909.0,2905.300048828125,2905.300048828125,158
2025-04-09 15:10:00+05:30,2909.050048828125,2909.449951171875,2909.050048828125,2909.449951171875,298
2025-04-09 15:11:00+05:30,2909.14990234375,2909.35009765625,2909.14990234375,2909.14990234375,35
2025-04-09 15:12:00+05:30,2909.050048828125,2909.10009765625,2909.050048828125,2909.10009765625,40
2025-04-09 15:13:00+05:30,2909.10009765625,2909.10009765625,2909.050048828125,2909.050048828125,45
2025-04-09 15:14:00+05:30,2909.050048828125,2909.35009765625,2909.050048828125,2909.050048828125,107
2025-04-09 15:15:00+05:30,2908.75,2909.35009765625,2908.75,2909.35009765625,300
2025-04-09 15:16:00+05:30,2908.64990234375,2909.35009765625,2908.64990234375,2908.699951171875,174
2025-04-09 15:17:00+05:30,2908.0,2908.64990234375,2906.85009765625,2908.64990234375,352
2025-04-09 15:18:00+05:30,2907.39990234375,2908.0,2906.800048828125,2908.0,155
2025-04-09 15:19:00+05:30,2909.60009765625,2909.60009765625,2906.39990234375,2906.800048828125,121
2025-04-09 15:20:00+05:30,2906.800048828125,2907.60009765625,2905.39990234375,2907.60009765625,403
2025-04-09 15:21:00+05:30,2910.0,2910.0,2906.449951171875,2906.449951171875,178
2025-04-09 15:22:00+05:30,2909.89990234375,2910.0,2909.0,2910.0,242
2025-04-09 15:23:00+05:30,2904.699951171875,2909.89990234375,2902.0,2909.89990234375,848
2025-04-09 15:24:00+05:30,2908.39990234375,2908.39990234375,2902.0,2905.75,327
2025-04-09 15:25:00+05:30,2907.800048828125,2908.800048828125,2905.60009765625,2908.39990234375,127
2025-04-09 15:26:00+05:30,2906.39990234375,2909.0,2905.60009765625,2905.60009765625,487
2025-04-09 15:27:00+05:30,2909.0,2909.0,2906.699951171875,2906.699951171875,275
2025-04-09 15:28:00+05:30,2908.800048828125,2909.0,2908.800048828125,2909.0,362
2025-04-09 15:29:00+05:30,2908.0,2909.0,2905.0,2909.0,925
2025-04-11 09:15:00+05:30,2977.449951171875,2995.800048828125,2960.75,2975.5,0
2025-04-11 09:16:00+05:30,2976.550048828125,2985.39990234375,2969.050048828125,2969.050048828125,897
2025-04-11 09:17:00+05:30,2990.050048828125,2993.0,2975.550048828125,2989.550048828125,1013
2025-04-11 09:18:00+05:30,2999.35009765625,3003.0,2994.64990234375,2996.949951171875,473
2025-04-11 09:19:00+05:30,2984.199951171875,3000.25,2982.699951171875,3000.25,223
2025-04-11 09:20:00+05:30,2989.89990234375,2989.89990234375,2975.550048828125,2980.0,418
2025-04-11 09:21:00+05:30,2983.550048828125,2983.550048828125,2980.050048828125,2980.050048828125,90
2025-04-11 09:22:00+05:30,2992.300048828125,2992.300048828125,2984.10009765625,2986.85009765625,66
2025-04-11 09:23:00+05:30,3002.64990234375,3003.949951171875,2992.0,2992.0,237
2025-04-11 09:24:00+05:30,3002.60009765625,3005.0,3001.35009765625,3004.0,292
2025-04-11 09:25:00+05:30,3016.550048828125,3017.39990234375,3004.89990234375,3009.050048828125,565
2025-04-11 09:26:00+05:30,3006.800048828125,3015.35009765625,3006.800048828125,3015.35009765625,170
2025-04-11 09:27:00+05:30,3012.199951171875,3018.25,3000.050048828125,3005.0,474
2025-04-11 09:28:00+05:30,3011.89990234375,3022.0,3011.89990234375,3012.199951171875,297
2025-04-11 09:29:00+05:30,3010.35009765625,3020.0,3010.35009765625,3017.949951171875,403
2025-04-11 09:30:00+05:30,3014.0,3018.800048828125,3013.949951171875,3016.25,77
2025-04-11 09:31:00+05:30,3014.39990234375,3014.39990234375,3014.39990234375,3014.39990234375,0
2025-04-11 09:32:00+05:30,3023.5,3032.800048828125,3013.300048828125,3013.300048828125,1080
2025-04-11 09:33:00+05:30,3024.0,3024.0,3023.050048828125,3023.050048828125,128
2025-04-11 09:34:00+05:30,3020.550048828125,3024.300048828125,3020.550048828125,3023.35009765625,184
2025-04-11 09:35:00+05:30,3025.89990234375,3025.89990234375,3025.0,3025.0,141
2025-04-11 09:36:00+05:30,3026.75,3029.75,3026.0,3029.75,321
2025-04-11 09:37:00+05:30,3017.60009765625,3029.0,3017.199951171875,3027.89990234375,368
2025-04-11 09:38:00+05:30,3009.550048828125,3018.0,3009.550048828125,3018.0,261
2025-04-11 09:39:00+05:30,3015.10009765625,3018.39990234375,3014.35009765625,3014.35009765625,26
2025-04-11 09:40:00+05:30,3022.75,3022.75,3015.300048828125,3015.300048828125,101
2025-04-11 09:41:00+05:30,3016.050048828125,3022.14990234375,3016.050048828125,3021.449951171875,69
2025-04-11 09:42:00+05:30,3030.0,3030.0,3020.949951171875,3022.14990234375,309
2025-04-11 09:43:00+05:30,3023.199951171875,3024.89990234375,3022.949951171875,3024.89990234375,129
2025-04-11 09:44:00+05:30,3023.64990234375,3029.25,3023.050048828125,3023.050048828125,255
2025-04-11 09:45:00+05:30,3022.39990234375,3025.699951171875,3022.39990234375,3025.699951171875,15
2025-04-11 09:46:00+05:30,3029.0,3029.050048828125,3023.0,3023.0,85
2025-04-11 09:47:00+05:30,3028.10009765625,3028.14990234375,3024.550048828125,3025.449951171875,33
2025-04-11 09:48:00+05:30,3024.550048828125,3026.10009765625,3024.550048828125,3026.10009765625,45
2025-04-11 09:49:00+05:30,3029.39990234375,3031.300048828125,3027.75,3029.0,547
2025-04-11 09:50:00+05:30,3030.0,3030.0,3023.199951171875,3026.60009765625,158
2025-04-11 09:51:00+05:30,3030.449951171875,3030.449951171875,3025.699951171875,3028.89990234375,106
2025-04-11 09:52:00+05:30,3032.449951171875,3035.0,3032.10009765625,3035.0,260
2025-04-11 09:53:00+05:30,3032.39990234375,3032.449951171875,3030.199951171875,3032.449951171875,0
2025-04-11 09:54:00+05:30,3036.550048828125,3040.0,3036.550048828125,3040.0,551
2025-04-11 09:55:00+05:30,3037.64990234375,3039.800048828125,3034.85009765625,3039.60009765625,28
2025-04-11 09:56:00+05:30,3030.0,3033.199951171875,3028.5,3033.199951171875,103
2025-04-11 09:57:00+05:30,3033.14990234375,3033.14990234375,3032.0,3032.0,22
2025-04-11 09:58:00+05:30,3027.10009765625,3033.35009765625,3027.10009765625,3033.35009765625,48
2025-04-11 09:59:00+05:30,3026.5,3026.5,3026.5,3026.5,3
2025-04-11 10:00:00+05:30,3018.550048828125,3022.60009765625,3011.050048828125,3021.5,393
2025-04-11 10:01:00+05:30,3019.300048828125,3019.300048828125,3014.949951171875,3016.199951171875,66
2025-04-11 10:02:00+05:30,3017.800048828125,3021.10009765625,3017.800048828125,3020.0,34
2025-04-11 10:03:00+05:30,3019.35009765625,3020.35009765625,3016.199951171875,3020.35009765625,15
2025-04-11 10:04:00+05:30,3017.10009765625,3017.10009765625,3017.10009765625,3017.10009765625,2
2025-04-11 10:05:00+05:30,3016.25,3016.25,3016.199951171875,3016.199951171875,6
2025-04-11 10:06:00+05:30,3016.25,3016.25,3016.25,3016.25,30
2025-04-11 10:07:00+05:30,3018.10009765625,3018.10009765625,3018.10009765625,3018.10009765625,0
2025-04-11 10:08:00+05:30,3011.25,3021.10009765625,3011.25,3021.10009765625,554
2025-04-11 10:09:00+05:30,3007.550048828125,3013.75,3007.550048828125,3013.75,92
2025-04-11 10:10:00+05:30,3003.550048828125,3008.75,3003.550048828125,3008.75,33
2025-04-11 10:11:00+05:30,3010.0,3010.0,3007.35009765625,3007.35009765625,14
2025-04-11 10:12:00+05:30,3011.199951171875,3011.199951171875,3008.199951171875,3008.199951171875,403
2025-04-11 10:13:00+05:30,3004.550048828125,3010.800048828125,3004.0,3010.800048828125,298
2025-04-11 10:14:00+05:30,3007.550048828125,3007.550048828125,3007.14990234375,3007.14990234375,5
2025-04-11 10:15:00+05:30,3005.64990234375,3008.5,3005.64990234375,3008.5,10
2025-04-11 10:16:00+05:30,3005.0,3008.14990234375,3004.0,3005.60009765625,53
2025-04-11 10:17:00+05:30,3005.0,3007.800048828125,3005.0,3005.199951171875,34
2025-04-11 10:18:00+05:30,3001.449951171875,3005.199951171875,3001.449951171875,3005.199951171875,99
2025-04-11 10:19:00+05:30,3002.14990234375,3003.25,3001.0,3001.0,68
2025-04-11 10:20:00+05:30,3002.14990234375,3002.35009765625,3000.10009765625,3002.35009765625,19
2025-04-11 10:21:00+05:30,3002.14990234375,3002.14990234375,3002.14990234375,3002.14990234375,2
2025-04-11 10:22:00+05:30,3003.25,3003.25,3001.0,3001.0,410
2025-04-11 10:23:00+05:30,3005.699951171875,3006.75,3004.800048828125,3006.75,14
2025-04-11 10:24:00+05:30,3010.0,3010.0,3005.699951171875,3005.699951171875,192
2025-04-11 10:25:00+05:30,3009.5,3009.85009765625,3009.5,3009.85009765625,0
2025-04-11 10:26:00+05:30,3008.949951171875,3008.949951171875,3008.0,3008.75,7
2025-04-11 10:27:00+05:30,3008.0,3008.0,3008.0,3008.0,0
2025-04-11 10:28:00+05:30,3010.449951171875,3010.449951171875,3008.75,3008.75,66
2025-04-11 10:30:00+05:30,3012.10009765625,3012.10009765625,3007.85009765625,3007.85009765625,50
2025-04-11 10:31:00+05:30,3011.5,3011.60009765625,3011.5,3011.60009765625,13
2025-04-11 10:33:00+05:30,3011.5,3011.5,3011.5,3011.5,16
2025-04-11 10:34:00+05:30,3011.0,3012.550048828125,3011.0,3011.5,10
2025-04-11 10:35:00+05:30,3008.35009765625,3011.10009765625,3008.35009765625,3010.0,9
2025-04-11 10:36:00+05:30,3004.199951171875,3007.300048828125,3004.199951171875,3007.300048828125,83
2025-04-11 10:37:00+05:30,3000.10009765625,3004.0,3000.10009765625,3004.0,763
2025-04-11 10:38:00+05:30,3008.10009765625,3008.10009765625,3001.199951171875,3001.199951171875,121
2025-04-11 10:39:00+05:30,3020.0,3023.699951171875,3006.199951171875,3008.449951171875,1251
2025-04-11 10:40:00+05:30,3017.5,3021.449951171875,3013.449951171875,3021.449951171875,154
2025-04-11 10:41:00+05:30,3030.0,3030.0,3023.449951171875,3023.449951171875,575
2025-04-11 10:42:00+05:30,3031.050048828125,3038.14990234375,3028.550048828125,3031.85009765625,1404
2025-04-11 10:43:00+05:30,3039.85009765625,3039.85009765625,3034.35009765625,3034.35009765625,199
2025-04-11 10:44:00+05:30,3055.0,3055.0,3041.35009765625,3042.60009765625,1419
2025-04-11 10:45:00+05:30,3056.89990234375,3059.35009765625,3053.14990234375,3053.14990234375,541
2025-04-11 10:46:00+05:30,3056.25,3061.0,3056.199951171875,3059.550048828125,396
2025-04-11 10:47:00+05:30,3056.0,3061.0,3055.550048828125,3056.199951171875,1153
2025-04-11 10:48:00+05:30,3061.050048828125,3061.050048828125,3056.0,3056.0,304
2025-04-11 10:49:00+05:30,3080.0,3081.0,3067.35009765625,3067.35009765625,1208
2025-04-11 10:50:00+05:30,3080.60009765625,3087.85009765625,3078.14990234375,3080.0,673
2025-04-11 10:51:00+05:30,3078.449951171875,3081.10009765625,3076.64990234375,3081.10009765625,175
2025-04-11 10:52:00+05:30,3075.85009765625,3078.699951171875,3075.85009765625,3078.699951171875,10
2025-04-11 10:53:00+05:30,3076.75,3077.550048828125,3075.5,3075.5,225
2025-04-11 10:54:00+05:30,3077.199951171875,3079.699951171875,3077.199951171875,3077.449951171875,77
2025-04-11 10:55:00+05:30,3075.550048828125,3077.199951171875,3075.300048828125,3077.199951171875,33
2025-04-11 10:56:00+05:30,3075.25,3076.199951171875,3072.64990234375,3076.199951171875,554
2025-04-11 10:57:00+05:30,3074.550048828125,3074.550048828125,3074.0,3074.0,40
2025-04-11 10:58:00+05:30,3072.050048828125,3074.5,3072.050048828125,3074.5,21
2025-04-11 10:59:00+05:30,3070.949951171875,3073.75,3070.949951171875,3073.75,164
2025-04-11 11:00:00+05:30,3071.64990234375,3073.800048828125,3071.050048828125,3071.14990234375,102
2025-04-11 11:01:00+05:30,3063.64990234375,3071.64990234375,3063.64990234375,3071.60009765625,406
2025-04-11 11:02:00+05:30,3059.199951171875,3060.949951171875,3057.949951171875,3060.949951171875,814
2025-04-11 11:03:00+05:30,3061.75,3063.449951171875,3061.75,3061.800048828125,191
2025-04-11 11:04:00+05:30,3075.14990234375,3076.0,3066.5,3066.5,683
2025-04-11 11:06:00+05:30,3070.300048828125,3073.60009765625,3070.300048828125,3073.60009765625,0
2025-04-11 11:07:00+05:30,3074.949951171875,3078.75,3072.800048828125,3072.800048828125,79
2025-04-11 11:08:00+05:30,3075.300048828125,3075.300048828125,3074.949951171875,3074.949951171875,15
2025-04-11 11:10:00+05:30,3074.550048828125,3074.550048828125,3074.550048828125,3074.550048828125,4
2025-04-11 11:12:00+05:30,3075.35009765625,3075.35009765625,3074.550048828125,3074.550048828125,31
2025-04-11 11:13:00+05:30,3071.89990234375,3075.89990234375,3071.89990234375,3075.89990234375,26
2025-04-11 11:14:00+05:30,3070.39990234375,3071.14990234375,3070.39990234375,3071.0,41
2025-04-11 11:15:00+05:30,3070.449951171875,3070.5,3070.39990234375,3070.39990234375,8
2025-04-11 11:16:00+05:30,3076.25,3076.25,3070.449951171875,3070.449951171875,19
2025-04-11 11:17:00+05:30,3070.64990234375,3074.5,3070.64990234375,3074.5,73
2025-04-11 11:19:00+05:30,3063.39990234375,3070.5,3063.39990234375,3070.5,449
2025-04-11 11:20:00+05:30,3061.64990234375,3064.449951171875,3060.949951171875,3061.89990234375,96
2025-04-11 11:21:00+05:30,3065.25,3065.25,3063.14990234375,3063.14990234375,5
2025-04-11 11:22:00+05:30,3063.800048828125,3063.800048828125,3061.10009765625,3061.60009765625,23
2025-04-11 11:23:00+05:30,3062.35009765625,3065.0,3062.35009765625,3065.0,26
2025-04-11 11:24:00+05:30,3061.0,3061.64990234375,3061.0,3061.64990234375,34
2025-04-11 11:25:00+05:30,3062.800048828125,3062.800048828125,3062.800048828125,3062.800048828125,15
2025-04-11 11:26:00+05:30,3054.949951171875,3057.699951171875,3054.949951171875,3055.050048828125,418
2025-04-11 11:27:00+05:30,3056.800048828125,3056.800048828125,3055.5,3055.5,69
2025-04-11 11:28:00+05:30,3054.300048828125,3056.800048828125,3054.199951171875,3056.800048828125,79
2025-04-11 11:29:00+05:30,3055.0,3058.800048828125,3054.800048828125,3054.800048828125,147
2025-04-11 11:30:00+05:30,3057.10009765625,3057.300048828125,3055.050048828125,3057.300048828125,38
2025-04-11 11:31:00+05:30,3057.10009765625,3057.10009765625,3057.10009765625,3057.10009765625,68
2025-04-11 11:32:00+05:30,3058.550048828125,3058.85009765625,3058.550048828125,3058.85009765625,3
2025-04-11 11:33:00+05:30,3055.60009765625,3055.60009765625,3055.60009765625,3055.60009765625,2
2025-04-11 11:34:00+05:30,3055.050048828125,3055.199951171875,3055.050048828125,3055.199951171875,2
2025-04-11 11:35:00+05:30,3062.0,3062.0,3055.0,3055.0,46
2025-04-11 11:36:00+05:30,3060.800048828125,3064.64990234375,3060.60009765625,3064.64990234375,24
2025-04-11 11:37:00+05:30,3061.60009765625,3065.0,3061.60009765625,3063.25,92
2025-04-11 11:38:00+05:30,3061.75,3063.14990234375,3061.75,3061.75,103
2025-04-11 11:39:00+05:30,3058.050048828125,3062.0,3058.050048828125,3062.0,98
2025-04-11 11:40:00+05:30,3059.800048828125,3059.800048828125,3059.800048828125,3059.800048828125,0
2025-04-11 11:41:00+05:30,3056.050048828125,3056.050048828125,3055.199951171875,3055.199951171875,22
2025-04-11 11:44:00+05:30,3058.199951171875,3059.699951171875,3058.199951171875,3058.199951171875,8
2025-04-11 11:47:00+05:30,3062.449951171875,3062.449951171875,3060.0,3060.0,68
2025-04-11 11:48:00+05:30,3061.85009765625,3061.85009765625,3061.85009765625,3061.85009765625,0
2025-04-11 11:51:00+05:30,3060.35009765625,3060.35009765625,3060.35009765625,3060.35009765625,3
2025-04-11 11:53:00+05:30,3058.800048828125,3058.800048828125,3058.800048828125,3058.800048828125,17
2025-04-11 11:54:00+05:30,3058.10009765625,3058.10009765625,3058.10009765625,3058.10009765625,22
2025-04-11 11:55:00+05:30,3056.300048828125,3057.199951171875,3056.300048828125,3057.199951171875,30
2025-04-11 11:56:00+05:30,3056.5,3056.5,3056.5,3056.5,6
2025-04-11 11:57:00+05:30,3058.199951171875,3058.199951171875,3058.199951171875,3058.199951171875,4
2025-04-11 11:59:00+05:30,3057.85009765625,3057.85009765625,3056.300048828125,3056.300048828125,43
2025-04-11 12:01:00+05:30,3060.10009765625,3060.10009765625,3060.10009765625,3060.10009765625,7
2025-04-11 12:03:00+05:30,3059.699951171875,3059.699951171875,3059.699951171875,3059.699951171875,10
2025-04-11 12:05:00+05:30,3061.300048828125,3061.449951171875,3061.300048828125,3061.449951171875,20
2025-04-11 12:06:00+05:30,3057.64990234375,3057.64990234375,3057.64990234375,3057.64990234375,21
2025-04-11 12:09:00+05:30,3059.89990234375,3059.949951171875,3055.85009765625,3055.85009765625,105
2025-04-11 12:10:00+05:30,3059.5,3059.5,3059.5,3059.5,20
2025-04-11 12:11:00+05:30,3059.550048828125,3059.550048828125,3059.550048828125,3059.550048828125,5
2025-04-11 12:12:00+05:30,3062.35009765625,3062.35009765625,3059.550048828125,3059.550048828125,45
2025-04-11 12:13:00+05:30,3064.75,3064.75,3064.75,3064.75,29
2025-04-11 12:14:00+05:30,3062.699951171875,3062.699951171875,3062.0,3062.0,132
2025-04-11 12:15:00+05:30,3061.64990234375,3065.0,3061.35009765625,3065.0,218
2025-04-11 12:16:00+05:30,3057.5,3060.10009765625,3056.050048828125,3056.050048828125,339
2025-04-11 12:17:00+05:30,3060.699951171875,3060.699951171875,3059.800048828125,3059.800048828125,39
2025-04-11 12:18:00+05:30,3061.199951171875,3063.050048828125,3061.199951171875,3063.050048828125,5
2025-04-11 12:19:00+05:30,3062.60009765625,3062.60009765625,3062.60009765625,3062.60009765625,6
2025-04-11 12:20:00+05:30,3063.449951171875,3063.449951171875,3062.550048828125,3062.699951171875,35
2025-04-11 12:21:00+05:30,3062.550048828125,3062.550048828125,3062.550048828125,3062.550048828125,2
2025-04-11 12:22:00+05:30,3060.0,3061.35009765625,3060.0,3061.35009765625,41
2025-04-11 12:23:00+05:30,3057.64990234375,3057.64990234375,3057.64990234375,3057.64990234375,1
2025-04-11 12:24:00+05:30,3059.39990234375,3059.39990234375,3059.39990234375,3059.39990234375,1
2025-04-11 12:25:00+05:30,3059.25,3059.25,3057.64990234375,3059.25,3
2025-04-11 12:26:00+05:30,3058.0,3058.0,3056.0,3056.0,138
2025-04-11 12:27:00+05:30,3056.699951171875,3056.800048828125,3054.050048828125,3056.0,138
2025-04-11 12:28:00+05:30,3054.050048828125,3054.25,3054.050048828125,3054.25,7
2025-04-11 12:29:00+05:30,3057.949951171875,3057.949951171875,3054.050048828125,3056.199951171875,26
2025-04-11 12:30:00+05:30,3056.949951171875,3056.949951171875,3055.0,3055.14990234375,11
2025-04-11 12:31:00+05:30,3058.949951171875,3058.949951171875,3057.800048828125,3057.800048828125,12
2025-04-11 12:32:00+05:30,3058.35009765625,3058.35009765625,3058.0,3058.0,2
2025-04-11 12:33:00+05:30,3058.85009765625,3058.85009765625,3055.300048828125,3055.300048828125,29
2025-04-11 12:34:00+05:30,3059.0,3059.0,3059.0,3059.0,2
2025-04-11 12:35:00+05:30,3059.0,3059.0,3059.0,3059.0,1
2025-04-11 12:36:00+05:30,3063.800048828125,3063.800048828125,3058.449951171875,3058.449951171875,55
2025-04-11 12:37:00+05:30,3061.949951171875,3061.949951171875,3061.050048828125,3061.050048828125,2
2025-04-11 12:38:00+05:30,3061.050048828125,3061.050048828125,3061.050048828125,3061.050048828125,2
2025-04-11 12:39:00+05:30,3060.64990234375,3060.64990234375,3060.64990234375,3060.64990234375,1
2025-04-11 12:40:00+05:30,3062.449951171875,3062.449951171875,3058.800048828125,3058.800048828125,26
2025-04-11 12:41:00+05:30,3060.60009765625,3062.449951171875,3060.60009765625,3061.300048828125,8
2025-04-11 12:42:00+05:30,3060.550048828125,3060.60009765625,3060.550048828125,3060.60009765625,11
2025-04-11 12:43:00+05:30,3060.449951171875,3060.449951171875,3060.449951171875,3060.449951171875,0
2025-04-11 12:45:00+05:30,3053.75,3060.449951171875,3053.39990234375,3060.449951171875,608
2025-04-11 12:46:00+05:30,3059.85009765625,3059.89990234375,3053.75,3053.75,334
2025-04-11 12:47:00+05:30,3059.35009765625,3059.35009765625,3059.35009765625,3059.35009765625,1
2025-04-11 12:48:00+05:30,3059.25,3059.25,3059.25,3059.25,1
2025-04-11 12:49:00+05:30,3061.39990234375,3061.39990234375,3059.699951171875,3059.699951171875,70
2025-04-11 12:50:00+05:30,3060.199951171875,3060.89990234375,3060.199951171875,3060.89990234375,41
2025-04-11 12:51:00+05:30,3062.64990234375,3062.64990234375,3062.64990234375,3062.64990234375,22
2025-04-11 12:52:00+05:30,3062.89990234375,3063.75,3062.89990234375,3063.75,35
2025-04-11 12:53:00+05:30,3060.0,3062.89990234375,3060.0,3062.89990234375,53
2025-04-11 12:54:00+05:30,3060.0,3060.0,3060.0,3060.0,0
2025-04-11 12:55:00+05:30,3061.800048828125,3061.800048828125,3061.800048828125,3061.800048828125,2
2025-04-11 12:56:00+05:30,3064.75,3064.75,3061.050048828125,3061.550048828125,265
2025-04-11 12:57:00+05:30,3067.85009765625,3068.0,3067.85009765625,3068.0,12
2025-04-11 12:58:00+05:30,3067.949951171875,3067.949951171875,3067.949951171875,3067.949951171875,10
2025-04-11 12:59:00+05:30,3063.800048828125,3067.85009765625,3060.0,3067.85009765625,612
2025-04-11 13:00:00+05:30,3062.64990234375,3066.75,3062.64990234375,3066.75,45
2025-04-11 13:01:00+05:30,3065.0,3065.0,3065.0,3065.0,1
2025-04-11 13:02:00+05:30,3067.800048828125,3067.800048828125,3063.449951171875,3065.0,100
2025-04-11 13:03:00+05:30,3066.199951171875,3066.199951171875,3066.199951171875,3066.199951171875,0
2025-04-11 13:04:00+05:30,3066.35009765625,3066.35009765625,3064.300048828125,3064.300048828125,9
2025-04-11 13:06:00+05:30,3066.35009765625,3066.35009765625,3066.35009765625,3066.35009765625,11
2025-04-11 13:07:00+05:30,3068.0,3068.0,3067.0,3067.0,17
2025-04-11 13:08:00+05:30,3068.39990234375,3068.39990234375,3068.0,3068.0,28
2025-04-11 13:09:00+05:30,3066.199951171875,3066.75,3064.60009765625,3066.75,85
2025-04-11 13:10:00+05:30,3066.14990234375,3066.14990234375,3066.14990234375,3066.14990234375,1
2025-04-11 13:11:00+05:30,3066.14990234375,3066.14990234375,3066.14990234375,3066.14990234375,1
2025-04-11 13:12:00+05:30,3061.550048828125,3066.10009765625,3059.949951171875,3066.10009765625,168
2025-04-11 13:13:00+05:30,3065.14990234375,3065.14990234375,3060.89990234375,3060.89990234375,43
2025-04-11 13:14:00+05:30,3064.60009765625,3064.60009765625,3064.60009765625,3064.60009765625,1
2025-04-11 13:15:00+05:30,3059.10009765625,3059.14990234375,3058.89990234375,3059.14990234375,121
2025-04-11 13:16:00+05:30,3059.5,3065.199951171875,3058.050048828125,3060.60009765625,202
2025-04-11 13:17:00+05:30,3061.699951171875,3061.699951171875,3061.699951171875,3061.699951171875,1
2025-04-11 13:18:00+05:30,3061.39990234375,3061.39990234375,3061.39990234375,3061.39990234375,1
2025-04-11 13:19:00+05:30,3060.800048828125,3060.800048828125,3059.5,3059.5,3
2025-04-11 13:20:00+05:30,3059.550048828125,3059.550048828125,3059.5,3059.5,2
2025-04-11 13:21:00+05:30,3056.75,3059.5,3055.550048828125,3059.5,93
2025-04-11 13:22:00+05:30,3058.800048828125,3059.449951171875,3055.60009765625,3059.449951171875,50
2025-04-11 13:23:00+05:30,3055.5,3058.449951171875,3055.5,3058.449951171875,37
2025-04-11 13:24:00+05:30,3054.14990234375,3057.35009765625,3053.449951171875,3055.800048828125,93
2025-04-11 13:25:00+05:30,3053.800048828125,3053.89990234375,3051.64990234375,3053.39990234375,272
2025-04-11 13:26:00+05:30,3051.699951171875,3051.699951171875,3051.699951171875,3051.699951171875,2
2025-04-11 13:27:00+05:30,3051.60009765625,3053.35009765625,3051.60009765625,3051.699951171875,9
2025-04-11 13:28:00+05:30,3040.64990234375,3053.10009765625,3040.64990234375,3053.10009765625,111
2025-04-11 13:29:00+05:30,3038.800048828125,3043.949951171875,3038.300048828125,3043.949951171875,57
2025-04-11 13:30:00+05:30,3032.85009765625,3038.800048828125,3032.85009765625,3038.800048828125,80
2025-04-11 13:31:00+05:30,3030.0,3035.699951171875,3030.0,3035.699951171875,123
2025-04-11 13:32:00+05:30,3033.0,3033.0,3030.0,3030.0,11
2025-04-11 13:33:00+05:30,3032.949951171875,3032.949951171875,3032.949951171875,3032.949951171875,6
2025-04-11 13:34:00+05:30,3031.949951171875,3031.949951171875,3030.0,3030.0,35
2025-04-11 13:35:00+05:30,3049.699951171875,3049.699951171875,3035.35009765625,3035.35009765625,308
2025-04-11 13:36:00+05:30,3044.449951171875,3045.949951171875,3044.449951171875,3045.949951171875,42
2025-04-11 13:37:00+05:30,3040.64990234375,3047.0,3040.64990234375,3047.0,55
2025-04-11 13:38:00+05:30,3042.14990234375,3042.300048828125,3042.050048828125,3042.300048828125,13
2025-04-11 13:39:00+05:30,3042.10009765625,3042.10009765625,3042.10009765625,3042.10009765625,4
2025-04-11 13:40:00+05:30,3040.35009765625,3040.35009765625,3038.14990234375,3040.300048828125,27
2025-04-11 13:41:00+05:30,3038.050048828125,3040.10009765625,3035.85009765625,3040.10009765625,19
2025-04-11 13:42:00+05:30,3040.89990234375,3043.800048828125,3040.39990234375,3043.800048828125,166
2025-04-11 13:43:00+05:30,3042.75,3042.75,3042.75,3042.75,1
2025-04-11 13:44:00+05:30,3034.85009765625,3039.14990234375,3034.800048828125,3039.14990234375,139
2025-04-11 13:45:00+05:30,3037.39990234375,3037.39990234375,3037.39990234375,3037.39990234375,1
2025-04-11 13:46:00+05:30,3036.699951171875,3036.699951171875,3036.699951171875,3036.699951171875,1
2025-04-11 13:47:00+05:30,3034.85009765625,3036.199951171875,3034.85009765625,3036.199951171875,3
2025-04-11 13:48:00+05:30,3034.800048828125,3036.199951171875,3034.800048828125,3036.199951171875,9
2025-04-11 13:49:00+05:30,3033.0,3033.5,3032.0,3033.5,44
2025-04-11 13:50:00+05:30,3035.800048828125,3035.800048828125,3035.800048828125,3035.800048828125,0
2025-04-11 13:51:00+05:30,3035.300048828125,3035.300048828125,3035.0,3035.0,11
2025-04-11 13:52:00+05:30,3032.14990234375,3032.14990234375,3032.14990234375,3032.14990234375,1
2025-04-11 13:53:00+05:30,3030.0,3034.550048828125,3030.0,3034.550048828125,22
2025-04-11 13:54:00+05:30,3033.39990234375,3033.39990234375,3030.89990234375,3030.89990234375,53
2025-04-11 13:55:00+05:30,3031.949951171875,3031.949951171875,3028.0,3030.0,134
2025-04-11 13:56:00+05:30,3030.699951171875,3034.25,3028.699951171875,3033.449951171875,232
2025-04-11 13:57:00+05:30,3030.85009765625,3030.85009765625,3030.800048828125,3030.800048828125,3
2025-04-11 13:58:00+05:30,3031.14990234375,3031.14990234375,3030.89990234375,3030.89990234375,9
2025-04-11 13:59:00+05:30,3033.699951171875,3033.699951171875,3033.699951171875,3033.699951171875,1
2025-04-11 14:00:00+05:30,3034.800048828125,3037.449951171875,3034.800048828125,3037.449951171875,119
2025-04-11 14:01:00+05:30,3036.449951171875,3036.449951171875,3034.75,3034.75,0
2025-04-11 14:02:00+05:30,3036.25,3036.25,3036.25,3036.25,1
2025-04-11 14:03:00+05:30,3032.10009765625,3035.949951171875,3032.10009765625,3035.949951171875,28
2025-04-11 14:04:00+05:30,3034.85009765625,3034.85009765625,3034.85009765625,3034.85009765625,35
2025-04-11 14:05:00+05:30,3035.800048828125,3035.800048828125,3035.800048828125,3035.800048828125,7
2025-04-11 14:06:00+05:30,3033.800048828125,3033.800048828125,3028.800048828125,3031.0,410
2025-04-11 14:07:00+05:30,3049.050048828125,3049.050048828125,3033.89990234375,3033.89990234375,210
2025-04-11 14:08:00+05:30,3051.800048828125,3052.800048828125,3049.0,3049.0,141
2025-04-11 14:09:00+05:30,3052.85009765625,3052.85009765625,3052.85009765625,3052.85009765625,1
2025-04-11 14:10:00+05:30,3056.300048828125,3056.300048828125,3049.85009765625,3049.85009765625,105
2025-04-11 14:11:00+05:30,3051.64990234375,3059.300048828125,3047.699951171875,3058.25,231
2025-04-11 14:12:00+05:30,3051.10009765625,3051.10009765625,3051.10009765625,3051.10009765625,4
2025-04-11 14:13:00+05:30,3050.85009765625,3050.85009765625,3050.85009765625,3050.85009765625,9
2025-04-11 14:14:00+05:30,3048.699951171875,3050.85009765625,3048.699951171875,3050.85009765625,29
2025-04-11 14:15:00+05:30,3056.300048828125,3058.10009765625,3049.85009765625,3049.85009765625,227
2025-04-11 14:16:00+05:30,3053.35009765625,3060.449951171875,3053.35009765625,3060.449951171875,153
2025-04-11 14:17:00+05:30,3050.14990234375,3053.199951171875,3050.14990234375,3053.199951171875,1
2025-04-11 14:18:00+05:30,3051.14990234375,3051.14990234375,3050.60009765625,3050.60009765625,61
2025-04-11 14:19:00+05:30,3048.199951171875,3051.14990234375,3046.5,3051.14990234375,98
2025-04-11 14:20:00+05:30,3049.800048828125,3052.35009765625,3047.64990234375,3047.64990234375,95
2025-04-11 14:21:00+05:30,3046.85009765625,3046.85009765625,3045.39990234375,3045.39990234375,18
2025-04-11 14:22:00+05:30,3051.64990234375,3051.64990234375,3046.699951171875,3046.699951171875,22
2025-04-11 14:23:00+05:30,3051.64990234375,3051.64990234375,3051.25,3051.25,3
2025-04-11 14:24:00+05:30,3049.60009765625,3049.60009765625,3049.60009765625,3049.60009765625,2
2025-04-11 14:25:00+05:30,3051.300048828125,3051.300048828125,3051.25,3051.25,5
2025-04-11 14:26:00+05:30,3051.64990234375,3051.64990234375,3051.25,3051.25,20
2025-04-11 14:27:00+05:30,3054.35009765625,3054.35009765625,3054.35009765625,3054.35009765625,1
2025-04-11 14:28:00+05:30,3052.35009765625,3052.35009765625,3052.35009765625,3052.35009765625,28
2025-04-11 14:29:00+05:30,3050.0,3050.0,3050.0,3050.0,10
2025-04-11 14:30:00+05:30,3052.5,3053.64990234375,3050.0,3050.0,75
2025-04-11 14:31:00+05:30,3055.10009765625,3055.10009765625,3055.10009765625,3055.10009765625,8
2025-04-11 14:32:00+05:30,3053.800048828125,3053.85009765625,3053.800048828125,3053.85009765625,2
2025-04-11 14:33:00+05:30,3047.60009765625,3053.550048828125,3047.60009765625,3053.550048828125,195
2025-04-11 14:34:00+05:30,3047.5,3047.60009765625,3047.5,3047.60009765625,45
2025-04-11 14:35:00+05:30,3050.199951171875,3050.39990234375,3050.199951171875,3050.39990234375,1
2025-04-11 14:36:00+05:30,3045.14990234375,3050.199951171875,3045.14990234375,3050.199951171875,27
2025-04-11 14:37:00+05:30,3045.0,3047.550048828125,3045.0,3047.550048828125,7
2025-04-11 14:38:00+05:30,3045.75,3045.75,3045.75,3045.75,1
2025-04-11 14:39:00+05:30,3048.25,3048.25,3045.64990234375,3045.64990234375,79
2025-04-11 14:41:00+05:30,3046.050048828125,3046.10009765625,3046.050048828125,3046.10009765625,30
2025-04-11 14:42:00+05:30,3049.199951171875,3049.199951171875,3047.64990234375,3047.64990234375,38
2025-04-11 14:43:00+05:30,3054.550048828125,3054.699951171875,3053.050048828125,3053.050048828125,19
2025-04-11 14:44:00+05:30,3056.449951171875,3056.449951171875,3054.199951171875,3054.199951171875,144
2025-04-11 14:45:00+05:30,3060.60009765625,3060.60009765625,3058.0,3058.949951171875,68
2025-04-11 14:46:00+05:30,3058.050048828125,3064.89990234375,3058.050048828125,3064.0,347
2025-04-11 14:47:00+05:30,3057.85009765625,3060.0,3057.85009765625,3060.0,53
2025-04-11 14:48:00+05:30,3057.85009765625,3059.5,3057.85009765625,3057.85009765625,10
2025-04-11 14:49:00+05:30,3059.0,3059.0,3059.0,3059.0,1
2025-04-11 14:51:00+05:30,3056.75,3057.25,3056.64990234375,3056.64990234375,179
2025-04-11 14:52:00+05:30,3060.699951171875,3060.699951171875,3056.75,3056.75,137
2025-04-11 14:53:00+05:30,3060.5,3062.25,3058.39990234375,3062.25,155
2025-04-11 14:54:00+05:30,3063.300048828125,3064.89990234375,3060.25,3061.199951171875,114
2025-04-11 14:56:00+05:30,3061.449951171875,3063.050048828125,3061.199951171875,3063.050048828125,35
2025-04-11 14:57:00+05:30,3062.199951171875,3064.050048828125,3060.949951171875,3063.39990234375,198
2025-04-11 14:58:00+05:30,3066.89990234375,3066.89990234375,3062.050048828125,3064.5,1176
2025-04-11 14:59:00+05:30,3065.5,3068.75,3062.35009765625,3065.0,278
2025-04-11 15:00:00+05:30,3065.0,3068.0,3065.0,3067.199951171875,190
2025-04-11 15:01:00+05:30,3064.949951171875,3065.0,3064.949951171875,3065.0,68
2025-04-11 15:02:00+05:30,3064.949951171875,3065.39990234375,3064.949951171875,3064.949951171875,1300
2025-04-11 15:03:00+05:30,3058.89990234375,3064.949951171875,3058.89990234375,3064.949951171875,125
2025-04-11 15:04:00+05:30,3063.449951171875,3063.5,3059.949951171875,3059.949951171875,72
2025-04-11 15:05:00+05:30,3056.39990234375,3063.449951171875,3056.39990234375,3063.449951171875,569
2025-04-11 15:06:00+05:30,3055.0,3059.10009765625,3055.0,3055.800048828125,47
2025-04-11 15:07:00+05:30,3055.949951171875,3060.75,3055.949951171875,3060.75,42
2025-04-11 15:08:00+05:30,3057.300048828125,3057.300048828125,3055.199951171875,3055.199951171875,51
2025-04-11 15:09:00+05:30,3063.0,3063.0,3057.25,3057.25,177
2025-04-11 15:10:00+05:30,3063.0,3063.0,3061.85009765625,3062.60009765625,74
2025-04-11 15:11:00+05:30,3064.10009765625,3064.10009765625,3062.25,3062.25,571
2025-04-11 15:12:00+05:30,3061.39990234375,3065.14990234375,3061.39990234375,3064.10009765625,576
2025-04-11 15:13:00+05:30,3063.39990234375,3064.449951171875,3062.800048828125,3064.449951171875,58
2025-04-11 15:14:00+05:30,3060.39990234375,3063.35009765625,3060.39990234375,3063.35009765625,19
2025-04-11 15:15:00+05:30,3058.0,3060.300048828125,3058.0,3060.300048828125,51
2025-04-11 15:16:00+05:30,3058.39990234375,3058.39990234375,3057.800048828125,3057.800048828125,119
2025-04-11 15:17:00+05:30,3061.449951171875,3062.050048828125,3061.39990234375,3062.050048828125,216
2025-04-11 15:18:00+05:30,3059.35009765625,3061.449951171875,3055.699951171875,3061.449951171875,441
2025-04-11 15:19:00+05:30,3061.5,3061.5,3059.300048828125,3059.300048828125,259
2025-04-11 15:20:00+05:30,3055.60009765625,3063.35009765625,3055.60009765625,3062.550048828125,331
2025-04-11 15:21:00+05:30,3056.14990234375,3059.050048828125,3056.14990234375,3059.050048828125,55
2025-04-11 15:22:00+05:30,3060.39990234375,3060.800048828125,3058.25,3058.25,95
2025-04-11 15:23:00+05:30,3065.0,3065.0,3062.5,3062.5,266
2025-04-11 15:24:00+05:30,3078.35009765625,3080.85009765625,3070.64990234375,3070.64990234375,433
2025-04-11 15:25:00+05:30,3083.050048828125,3083.050048828125,3079.949951171875,3079.949951171875,112
2025-04-11 15:26:00+05:30,3064.5,3081.75,3064.5,3080.0,285
2025-04-11 15:27:00+05:30,3066.14990234375,3071.800048828125,3056.699951171875,3071.800048828125,356
2025-04-11 15:28:00+05:30,3068.10009765625,3074.0,3068.10009765625,3070.14990234375,136
2025-04-11 15:29:00+05:30,3052.89990234375,3079.0,3052.89990234375,3068.699951171875,162
2025-04-16 09:15:00+05:30,3178.39990234375,3180.0,3165.5,3180.0,0
2025-04-16 09:16:00+05:30,3200.0,3200.0,3183.60009765625,3183.60009765625,82
2025-04-16 09:17:00+05:30,3222.39990234375,3229.89990234375,3211.0,3211.0,351
2025-04-16 09:18:00+05:30,3210.300048828125,3223.39990234375,3205.5,3223.39990234375,167
2025-04-16 09:19:00+05:30,3210.300048828125,3214.300048828125,3207.5,3210.300048828125,248
2025-04-16 09:20:00+05:30,3199.89990234375,3207.10009765625,3188.699951171875,3205.39990234375,284
2025-04-16 09:21:00+05:30,3211.39990234375,3211.89990234375,3204.800048828125,3204.800048828125,167
2025-04-16 09:22:00+05:30,3217.39990234375,3219.0,3209.0,3209.0,244
2025-04-16 09:23:00+05:30,3219.5,3223.699951171875,3219.5,3220.199951171875,301
2025-04-16 09:24:00+05:30,3207.199951171875,3219.0,3207.199951171875,3219.0,225
2025-04-16 09:25:00+05:30,3195.39990234375,3204.0,3195.39990234375,3204.0,43
2025-04-16 09:26:00+05:30,3203.0,3203.0,3197.699951171875,3197.699951171875,17
2025-04-16 09:27:00+05:30,3204.60009765625,3204.60009765625,3204.199951171875,3204.199951171875,26
2025-04-16 09:28:00+05:30,3200.199951171875,3205.89990234375,3198.300048828125,3205.89990234375,49
2025-04-16 09:29:00+05:30,3200.699951171875,3203.89990234375,3200.699951171875,3203.89990234375,19
2025-04-16 09:30:00+05:30,3207.199951171875,3207.199951171875,3200.0,3200.0,35
2025-04-16 09:31:00+05:30,3207.89990234375,3211.89990234375,3206.699951171875,3207.0,160
2025-04-16 09:32:00+05:30,3208.0,3208.199951171875,3208.0,3208.199951171875,80
2025-04-16 09:33:00+05:30,3206.60009765625,3210.5,3206.60009765625,3210.5,124
2025-04-16 09:34:00+05:30,3205.699951171875,3205.699951171875,3205.699951171875,3205.699951171875,2
2025-04-16 09:36:00+05:30,3206.60009765625,3206.60009765625,3206.60009765625,3206.60009765625,78
2025-04-16 09:37:00+05:30,3202.199951171875,3205.60009765625,3202.199951171875,3205.60009765625,85
2025-04-16 09:38:00+05:30,3197.5,3197.5,3197.0,3197.0,134
2025-04-16 09:39:00+05:30,3217.300048828125,3222.0,3214.39990234375,3214.39990234375,366
2025-04-16 09:40:00+05:30,3212.60009765625,3218.300048828125,3212.60009765625,3217.10009765625,52
2025-04-16 09:41:00+05:30,3217.10009765625,3217.10009765625,3210.699951171875,3210.699951171875,49
2025-04-16 09:42:00+05:30,3214.10009765625,3214.10009765625,3213.39990234375,3213.39990234375,6
2025-04-16 09:43:00+05:30,3212.199951171875,3213.699951171875,3212.199951171875,3213.0,32
2025-04-16 09:44:00+05:30,3213.5,3213.699951171875,3213.0,3213.699951171875,43
2025-04-16 09:45:00+05:30,3216.0,3216.0,3210.0,3210.0,263
2025-04-16 09:46:00+05:30,3215.800048828125,3216.10009765625,3214.5,3216.0,59
2025-04-16 09:47:00+05:30,3214.89990234375,3215.10009765625,3213.89990234375,3215.0,50
2025-04-16 09:48:00+05:30,3214.89990234375,3214.89990234375,3214.89990234375,3214.89990234375,15
2025-04-16 09:49:00+05:30,3218.300048828125,3219.0,3218.300048828125,3219.0,150
2025-04-16 09:50:00+05:30,3214.10009765625,3218.300048828125,3214.10009765625,3218.300048828125,76
2025-04-16 09:53:00+05:30,3219.300048828125,3219.300048828125,3216.300048828125,3216.300048828125,82
2025-04-16 09:55:00+05:30,3219.39990234375,3219.39990234375,3219.300048828125,3219.300048828125,53
2025-04-16 09:56:00+05:30,3214.10009765625,3216.0,3214.10009765625,3216.0,0
2025-04-16 09:57:00+05:30,3211.39990234375,3211.39990234375,3211.39990234375,3211.39990234375,1
2025-04-16 09:58:00+05:30,3213.0,3213.0,3212.10009765625,3212.10009765625,23
2025-04-16 09:59:00+05:30,3211.5,3212.89990234375,3211.5,3212.89990234375,51
2025-04-16 10:00:00+05:30,3215.0,3215.0,3215.0,3215.0,5
2025-04-16 10:01:00+05:30,3210.5,3212.39990234375,3210.5,3212.39990234375,30
2025-04-16 10:02:00+05:30,3205.699951171875,3206.699951171875,3201.10009765625,3201.10009765625,481
2025-04-16 10:03:00+05:30,3205.0,3205.0,3205.0,3205.0,0
2025-04-16 10:04:00+05:30,3203.89990234375,3203.89990234375,3203.89990234375,3203.89990234375,17
2025-04-16 10:05:00+05:30,3200.300048828125,3200.300048828125,3200.300048828125,3200.300048828125,41
2025-04-16 10:06:00+05:30,3204.300048828125,3204.300048828125,3202.300048828125,3202.300048828125,6
2025-04-16 10:07:00+05:30,3195.60009765625,3203.699951171875,3195.60009765625,3200.60009765625,39
2025-04-16 10:08:00+05:30,3200.0,3200.0,3195.0,3195.0,174
2025-04-16 10:10:00+05:30,3198.10009765625,3200.0,3198.10009765625,3200.0,90
2025-04-16 10:11:00+05:30,3195.699951171875,3200.0,3195.699951171875,3200.0,116
2025-04-16 10:12:00+05:30,3191.0,3191.0,3190.0,3190.0,616
2025-04-16 10:13:00+05:30,3191.0,3191.0,3191.0,3191.0,438
2025-04-16 10:14:00+05:30,3187.699951171875,3193.10009765625,3187.699951171875,3193.10009765625,155
2025-04-16 10:15:00+05:30,3187.699951171875,3187.699951171875,3187.699951171875,3187.699951171875,18
2025-04-16 10:16:00+05:30,3188.89990234375,3188.89990234375,3188.89990234375,3188.89990234375,9
2025-04-16 10:17:00+05:30,3185.60009765625,3185.60009765625,3185.60009765625,3185.60009765625,0
2025-04-16 10:18:00+05:30,3177.5,3180.0,3175.0,3180.0,270
2025-04-16 10:19:00+05:30,3179.199951171875,3181.800048828125,3178.10009765625,3178.10009765625,32
2025-04-16 10:20:00+05:30,3181.0,3181.800048828125,3180.0,3181.800048828125,37
2025-04-16 10:21:00+05:30,3181.0,3185.800048828125,3181.0,3185.800048828125,64
2025-04-16 10:22:00+05:30,3180.0,3180.0,3180.0,3180.0,32
2025-04-16 10:23:00+05:30,3175.0,3179.0,3175.0,3178.5,69
2025-04-16 10:24:00+05:30,3175.0,3175.10009765625,3175.0,3175.10009765625,0
2025-04-16 10:25:00+05:30,3179.0,3179.0,3177.699951171875,3177.699951171875,99
2025-04-16 10:26:00+05:30,3176.699951171875,3180.0,3174.0,3180.0,781
2025-04-16 10:27:00+05:30,3176.60009765625,3176.60009765625,3175.89990234375,3175.89990234375,0
2025-04-16 10:28:00+05:30,3174.0,3174.0,3174.0,3174.0,79
2025-04-16 10:29:00+05:30,3174.0,3174.0,3174.0,3174.0,71
2025-04-16 10:30:00+05:30,3176.5,3176.5,3176.5,3176.5,3
2025-04-16 10:31:00+05:30,3176.39990234375,3176.39990234375,3174.10009765625,3176.39990234375,29
2025-04-16 10:32:00+05:30,3175.0,3175.0,3175.0,3175.0,289
2025-04-16 10:33:00+05:30,3186.89990234375,3186.89990234375,3175.0,3175.0,470
2025-04-16 10:34:00+05:30,3184.300048828125,3187.89990234375,3184.300048828125,3187.89990234375,70
2025-04-16 10:35:00+05:30,3183.0,3183.0,3183.0,3183.0,56
2025-04-16 10:37:00+05:30,3191.300048828125,3191.300048828125,3191.300048828125,3191.300048828125,2
2025-04-16 10:38:00+05:30,3192.60009765625,3192.89990234375,3192.60009765625,3192.60009765625,67
2025-04-16 10:39:00+05:30,3189.199951171875,3189.60009765625,3189.0,3189.60009765625,21
2025-04-16 10:40:00+05:30,3191.39990234375,3192.10009765625,3189.10009765625,3189.10009765625,37
2025-04-16 10:41:00+05:30,3191.699951171875,3191.699951171875,3191.699951171875,3191.699951171875,13
2025-04-16 10:43:00+05:30,3191.39990234375,3191.39990234375,3191.39990234375,3191.39990234375,0
2025-04-16 10:44:00+05:30,3189.0,3189.10009765625,3189.0,3189.0,69
2025-04-16 10:45:00+05:30,3189.0,3190.89990234375,3189.0,3190.89990234375,27
2025-04-16 10:46:00+05:30,3187.300048828125,3187.300048828125,3187.300048828125,3187.300048828125,6
2025-04-16 10:49:00+05:30,3186.300048828125,3186.300048828125,3186.300048828125,3186.300048828125,2
2025-04-16 10:50:00+05:30,3181.5,3181.5,3181.5,3181.5,30
2025-04-16 10:52:00+05:30,3180.0,3182.60009765625,3180.0,3182.60009765625,172
2025-04-16 10:53:00+05:30,3175.300048828125,3180.0,3175.300048828125,3180.0,65
2025-04-16 10:54:00+05:30,3179.89990234375,3179.89990234375,3179.89990234375,3179.89990234375,3
2025-04-16 10:55:00+05:30,3180.699951171875,3180.699951171875,3180.699951171875,3180.699951171875,1
2025-04-16 10:56:00+05:30,3180.39990234375,3180.39990234375,3180.39990234375,3180.39990234375,3
2025-04-16 10:57:00+05:30,3186.0,3186.0,3184.0,3184.0,41
2025-04-16 10:58:00+05:30,3183.300048828125,3183.300048828125,3183.300048828125,3183.300048828125,101
2025-04-16 10:59:00+05:30,3185.699951171875,3185.699951171875,3181.199951171875,3181.300048828125,87
2025-04-16 11:00:00+05:30,3181.10009765625,3185.0,3181.10009765625,3185.0,3
2025-04-16 11:01:00+05:30,3180.10009765625,3180.10009765625,3180.10009765625,3180.10009765625,2
2025-04-16 11:03:00+05:30,3179.0,3179.0,3179.0,3179.0,3
2025-04-16 11:04:00+05:30,3179.89990234375,3179.89990234375,3176.199951171875,3176.199951171875,249
2025-04-16 11:05:00+05:30,3187.699951171875,3187.699951171875,3186.39990234375,3186.39990234375,2
2025-04-16 11:06:00+05:30,3188.10009765625,3188.10009765625,3188.10009765625,3188.10009765625,1
2025-04-16 11:07:00+05:30,3188.60009765625,3189.60009765625,3188.10009765625,3189.60009765625,34
2025-04-16 11:08:00+05:30,3186.89990234375,3186.89990234375,3186.89990234375,3186.89990234375,1
2025-04-16 11:09:00+05:30,3197.800048828125,3197.89990234375,3189.5,3189.5,58
2025-04-16 11:10:00+05:30,3194.699951171875,3194.699951171875,3194.699951171875,3194.699951171875,28
2025-04-16 11:11:00+05:30,3195.89990234375,3195.89990234375,3195.89990234375,3195.89990234375,31
2025-04-16 11:12:00+05:30,3196.39990234375,3196.39990234375,3196.39990234375,3196.39990234375,1
2025-04-16 11:15:00+05:30,3190.10009765625,3192.60009765625,3190.10009765625,3192.60009765625,51
2025-04-16 11:16:00+05:30,3186.60009765625,3186.60009765625,3186.60009765625,3186.60009765625,1
2025-04-16 11:17:00+05:30,3190.0,3190.0,3190.0,3190.0,26
2025-04-16 11:24:00+05:30,3190.10009765625,3190.10009765625,3190.10009765625,3190.10009765625,64
2025-04-16 11:25:00+05:30,3190.39990234375,3190.39990234375,3190.39990234375,3190.39990234375,10
2025-04-16 11:28:00+05:30,3186.199951171875,3186.199951171875,3186.199951171875,3186.199951171875,2
2025-04-16 11:29:00+05:30,3183.300048828125,3186.10009765625,3180.0,3186.10009765625,39
2025-04-16 11:30:00+05:30,3188.10009765625,3188.10009765625,3185.89990234375,3185.89990234375,8
2025-04-16 11:31:00+05:30,3188.0,3188.0,3188.0,3188.0,46
2025-04-16 11:32:00+05:30,3183.60009765625,3183.60009765625,3183.60009765625,3183.60009765625,47
2025-04-16 11:33:00+05:30,3180.5,3180.5,3180.5,3180.5,5
2025-04-16 11:35:00+05:30,3185.5,3185.5,3185.5,3185.5,4
2025-04-16 11:36:00+05:30,3178.0,3186.300048828125,3178.0,3186.300048828125,71
2025-04-16 11:38:00+05:30,3172.5,3176.300048828125,3172.5,3176.300048828125,9
2025-04-16 11:42:00+05:30,3180.0,3180.0,3177.699951171875,3177.699951171875,106
2025-04-16 11:43:00+05:30,3176.60009765625,3176.60009765625,3176.60009765625,3176.60009765625,17
2025-04-16 11:45:00+05:30,3185.800048828125,3185.800048828125,3184.5,3184.5,29
2025-04-16 11:46:00+05:30,3185.89990234375,3185.89990234375,3185.89990234375,3185.89990234375,1
2025-04-16 11:47:00+05:30,3181.300048828125,3182.89990234375,3181.300048828125,3182.89990234375,381
2025-04-16 11:50:00+05:30,3184.10009765625,3184.10009765625,3184.10009765625,3184.10009765625,1
2025-04-16 11:52:00+05:30,3186.0,3186.0,3186.0,3186.0,3
2025-04-16 11:53:00+05:30,3181.300048828125,3181.300048828125,3181.300048828125,3181.300048828125,10
2025-04-16 11:54:00+05:30,3174.0,3174.0,3174.0,3174.0,405
2025-04-16 11:55:00+05:30,3176.60009765625,3176.60009765625,3175.800048828125,3175.800048828125,9
2025-04-16 11:57:00+05:30,3179.0,3179.0,3179.0,3179.0,19
2025-04-16 11:58:00+05:30,3181.699951171875,3181.699951171875,3181.699951171875,3181.699951171875,53
2025-04-16 11:59:00+05:30,3180.699951171875,3180.699951171875,3180.699951171875,3180.699951171875,0
2025-04-16 12:01:00+05:30,3188.0,3188.0,3179.39990234375,3179.39990234375,219
2025-04-16 12:03:00+05:30,3181.0,3181.0,3180.0,3180.0,286
2025-04-16 12:09:00+05:30,3183.800048828125,3183.800048828125,3183.800048828125,3183.800048828125,58
2025-04-16 12:11:00+05:30,3184.0,3184.0,3184.0,3184.0,0
2025-04-16 12:12:00+05:30,3184.0,3184.0,3184.0,3184.0,2
2025-04-16 12:14:00+05:30,3179.5,3183.89990234375,3179.5,3183.89990234375,61
2025-04-16 12:16:00+05:30,3181.89990234375,3181.89990234375,3181.5,3181.5,2
2025-04-16 12:17:00+05:30,3181.699951171875,3181.699951171875,3181.699951171875,3181.699951171875,1
2025-04-16 12:18:00+05:30,3183.199951171875,3183.199951171875,3182.10009765625,3182.10009765625,2
2025-04-16 12:19:00+05:30,3185.300048828125,3185.300048828125,3185.300048828125,3185.300048828125,1
2025-04-16 12:20:00+05:30,3185.300048828125,3185.300048828125,3185.300048828125,3185.300048828125,10
2025-04-16 12:21:00+05:30,3181.0,3181.0,3181.0,3181.0,53
2025-04-16 12:22:00+05:30,3180.699951171875,3180.699951171875,3180.699951171875,3180.699951171875,4
2025-04-16 12:23:00+05:30,3183.89990234375,3183.89990234375,3183.89990234375,3183.89990234375,2
2025-04-16 12:24:00+05:30,3182.800048828125,3182.800048828125,3182.800048828125,3182.800048828125,27
2025-04-16 12:25:00+05:30,3183.10009765625,3183.10009765625,3183.10009765625,3183.10009765625,6
2025-04-16 12:26:00+05:30,3183.10009765625,3183.10009765625,3183.10009765625,3183.10009765625,16
2025-04-16 12:27:00+05:30,3182.5,3182.5,3182.5,3182.5,2
2025-04-16 12:28:00+05:30,3186.300048828125,3186.300048828125,3186.300048828125,3186.300048828125,104
2025-04-16 12:29:00+05:30,3186.5,3186.5,3186.5,3186.5,5
2025-04-16 12:31:00+05:30,3184.699951171875,3184.699951171875,3184.699951171875,3184.699951171875,9
2025-04-16 12:32:00+05:30,3186.300048828125,3186.300048828125,3186.300048828125,3186.300048828125,0
2025-04-16 12:33:00+05:30,3185.0,3186.5,3185.0,3186.5,9
2025-04-16 12:34:00+05:30,3184.699951171875,3185.10009765625,3184.699951171875,3185.10009765625,69
2025-04-16 12:37:00+05:30,3182.10009765625,3182.10009765625,3182.10009765625,3182.10009765625,9
2025-04-16 12:38:00+05:30,3181.0,3183.10009765625,3181.0,3183.10009765625,22
2025-04-16 12:41:00+05:30,3180.39990234375,3183.10009765625,3180.39990234375,3183.10009765625,3
2025-04-16 12:44:00+05:30,3183.199951171875,3183.199951171875,3183.199951171875,3183.199951171875,8
2025-04-16 12:45:00+05:30,3182.39990234375,3182.39990234375,3182.39990234375,3182.39990234375,13
2025-04-16 12:46:00+05:30,3183.5,3183.5,3182.10009765625,3182.10009765625,8
2025-04-16 12:47:00+05:30,3179.39990234375,3179.39990234375,3174.5,3174.5,131
2025-04-16 12:48:00+05:30,3174.5,3174.5,3174.5,3174.5,5
2025-04-16 12:49:00+05:30,3179.800048828125,3179.800048828125,3177.699951171875,3177.699951171875,1
2025-04-16 12:50:00+05:30,3170.10009765625,3179.800048828125,3170.10009765625,3179.800048828125,151
2025-04-16 12:51:00+05:30,3177.300048828125,3177.300048828125,3175.89990234375,3175.89990234375,5
2025-04-16 12:53:00+05:30,3183.300048828125,3183.300048828125,3175.0,3175.0,29
2025-04-16 12:55:00+05:30,3179.89990234375,3179.89990234375,3179.5,3179.5,52
2025-04-16 12:56:00+05:30,3175.800048828125,3178.89990234375,3175.800048828125,3178.89990234375,29
2025-04-16 12:58:00+05:30,3179.0,3179.0,3179.0,3179.0,6
2025-04-16 12:59:00+05:30,3178.89990234375,3178.89990234375,3178.89990234375,3178.89990234375,1
2025-04-16 13:00:00+05:30,3178.800048828125,3178.800048828125,3178.800048828125,3178.800048828125,5
2025-04-16 13:01:00+05:30,3183.699951171875,3183.699951171875,3183.699951171875,3183.699951171875,50
2025-04-16 13:02:00+05:30,3182.699951171875,3182.699951171875,3181.10009765625,3181.10009765625,2
2025-04-16 13:04:00+05:30,3182.699951171875,3183.5,3182.699951171875,3183.5,2
2025-04-16 13:05:00+05:30,3181.5,3181.5,3181.5,3181.5,15
2025-04-16 13:06:00+05:30,3181.199951171875,3182.699951171875,3181.199951171875,3182.699951171875,30
2025-04-16 13:07:00+05:30,3181.300048828125,3181.300048828125,3181.300048828125,3181.300048828125,5
2025-04-16 13:09:00+05:30,3184.0,3184.0,3181.699951171875,3181.699951171875,112
2025-04-16 13:10:00+05:30,3181.39990234375,3181.39990234375,3181.39990234375,3181.39990234375,0
2025-04-16 13:11:00+05:30,3181.5,3181.5,3181.5,3181.5,3
2025-04-16 13:13:00+05:30,3181.0,3181.0,3178.10009765625,3180.300048828125,134
2025-04-16 13:14:00+05:30,3175.0,3175.0,3175.0,3175.0,56
2025-04-16 13:15:00+05:30,3178.0,3178.0,3175.0,3175.699951171875,58
2025-04-16 13:16:00+05:30,3171.300048828125,3177.39990234375,3171.300048828125,3177.39990234375,37
2025-04-16 13:18:00+05:30,3175.60009765625,3175.60009765625,3172.0,3174.89990234375,3
2025-04-16 13:20:00+05:30,3175.60009765625,3177.89990234375,3175.60009765625,3177.39990234375,41
2025-04-16 13:21:00+05:30,3176.5,3176.5,3176.5,3176.5,17
2025-04-16 13:22:00+05:30,3175.199951171875,3176.5,3175.199951171875,3176.5,29
2025-04-16 13:23:00+05:30,3171.800048828125,3171.800048828125,3171.800048828125,3171.800048828125,4
2025-04-16 13:24:00+05:30,3167.800048828125,3169.199951171875,3167.0,3169.199951171875,24
2025-04-16 13:25:00+05:30,3167.60009765625,3167.60009765625,3167.199951171875,3167.199951171875,20
2025-04-16 13:26:00+05:30,3167.5,3167.89990234375,3167.5,3167.89990234375,3
2025-04-16 13:28:00+05:30,3167.5,3167.5,3167.5,3167.5,1
2025-04-16 13:29:00+05:30,3160.699951171875,3167.300048828125,3160.699951171875,3167.300048828125,238
2025-04-16 13:30:00+05:30,3159.0,3163.800048828125,3159.0,3163.800048828125,359
2025-04-16 13:31:00+05:30,3160.199951171875,3160.199951171875,3159.0,3159.0,99
2025-04-16 13:32:00+05:30,3161.5,3161.5,3160.800048828125,3160.800048828125,0
2025-04-16 13:33:00+05:30,3159.89990234375,3163.60009765625,3159.89990234375,3163.60009765625,14
2025-04-16 13:34:00+05:30,3157.89990234375,3160.39990234375,3157.89990234375,3160.39990234375,13
2025-04-16 13:35:00+05:30,3159.89990234375,3159.89990234375,3159.89990234375,3159.89990234375,1
2025-04-16 13:37:00+05:30,3159.89990234375,3159.89990234375,3159.89990234375,3159.89990234375,7
2025-04-16 13:38:00+05:30,3159.10009765625,3159.800048828125,3159.10009765625,3159.800048828125,15
2025-04-16 13:40:00+05:30,3158.89990234375,3158.89990234375,3158.89990234375,3158.89990234375,1
2025-04-16 13:42:00+05:30,3157.60009765625,3157.60009765625,3156.800048828125,3156.800048828125,116
2025-04-16 13:43:00+05:30,3155.0,3157.300048828125,3155.0,3157.300048828125,13
2025-04-16 13:44:00+05:30,3155.300048828125,3155.300048828125,3154.60009765625,3154.60009765625,21
2025-04-16 13:45:00+05:30,3152.0,3152.10009765625,3152.0,3152.10009765625,9
2025-04-16 13:46:00+05:30,3151.800048828125,3154.199951171875,3151.800048828125,3152.10009765625,12
2025-04-16 13:47:00+05:30,3151.60009765625,3151.699951171875,3151.60009765625,3151.699951171875,6
2025-04-16 13:48:00+05:30,3151.60009765625,3153.39990234375,3150.5,3150.5,27
2025-04-16 13:49:00+05:30,3146.0,3150.0,3146.0,3150.0,53
2025-04-16 13:50:00+05:30,3148.89990234375,3149.39990234375,3145.800048828125,3145.800048828125,17
2025-04-16 13:51:00+05:30,3146.10009765625,3148.89990234375,3145.89990234375,3148.89990234375,9
2025-04-16 13:52:00+05:30,3149.5,3150.699951171875,3146.10009765625,3146.10009765625,53
2025-04-16 13:53:00+05:30,3149.5,3152.89990234375,3149.5,3152.39990234375,9
2025-04-16 13:54:00+05:30,3167.0,3171.800048828125,3148.10009765625,3148.10009765625,556
2025-04-16 13:55:00+05:30,3162.10009765625,3168.5,3162.10009765625,3164.0,85
2025-04-16 13:56:00+05:30,3153.10009765625,3165.5,3153.10009765625,3165.5,720
2025-04-16 13:57:00+05:30,3162.89990234375,3162.89990234375,3152.60009765625,3155.199951171875,151
2025-04-16 13:58:00+05:30,3161.5,3164.39990234375,3161.5,3164.39990234375,86
2025-04-16 13:59:00+05:30,3160.0,3162.39990234375,3159.5,3159.5,133
2025-04-16 14:00:00+05:30,3160.300048828125,3163.10009765625,3160.0,3160.0,6
2025-04-16 14:01:00+05:30,3160.699951171875,3160.699951171875,3160.5,3160.5,9
2025-04-16 14:02:00+05:30,3160.800048828125,3165.0,3160.5,3164.0,45
2025-04-16 14:03:00+05:30,3162.0,3162.0,3160.39990234375,3160.39990234375,12
2025-04-16 14:04:00+05:30,3162.0,3164.39990234375,3162.0,3164.39990234375,7
2025-04-16 14:05:00+05:30,3162.0,3163.800048828125,3162.0,3162.0,7
2025-04-16 14:06:00+05:30,3162.10009765625,3164.300048828125,3162.0,3164.300048828125,13
2025-04-16 14:07:00+05:30,3162.5,3164.300048828125,3162.199951171875,3162.199951171875,7
2025-04-16 14:08:00+05:30,3162.699951171875,3162.699951171875,3160.300048828125,3161.5,115
2025-04-16 14:09:00+05:30,3160.10009765625,3162.0,3160.0,3160.0,11
2025-04-16 14:10:00+05:30,3160.0,3162.5,3160.0,3160.300048828125,10
2025-04-16 14:11:00+05:30,3160.60009765625,3160.60009765625,3160.0,3160.0,3
2025-04-16 14:12:00+05:30,3155.300048828125,3156.60009765625,3155.300048828125,3156.0,277
2025-04-16 14:13:00+05:30,3156.5,3160.0,3155.300048828125,3155.300048828125,26
2025-04-16 14:14:00+05:30,3156.5,3161.10009765625,3156.5,3161.10009765625,13
2025-04-16 14:15:00+05:30,3158.0,3161.199951171875,3156.800048828125,3156.800048828125,20
2025-04-16 14:16:00+05:30,3156.10009765625,3161.39990234375,3156.10009765625,3161.39990234375,6
2025-04-16 14:17:00+05:30,3151.60009765625,3155.60009765625,3151.60009765625,3153.800048828125,51
2025-04-16 14:18:00+05:30,3151.89990234375,3151.89990234375,3151.800048828125,3151.800048828125,9
2025-04-16 14:19:00+05:30,3151.699951171875,3155.10009765625,3151.699951171875,3154.89990234375,11
2025-04-16 14:20:00+05:30,3152.89990234375,3155.0,3152.89990234375,3155.0,5
2025-04-16 14:21:00+05:30,3151.800048828125,3154.39990234375,3151.800048828125,3152.0,23
2025-04-16 14:22:00+05:30,3152.10009765625,3155.300048828125,3152.10009765625,3155.300048828125,7
2025-04-16 14:23:00+05:30,3152.10009765625,3153.0,3152.10009765625,3152.10009765625,48
2025-04-16 14:24:00+05:30,3152.199951171875,3152.199951171875,3152.0,3152.0,7
2025-04-16 14:25:00+05:30,3151.89990234375,3152.199951171875,3151.89990234375,3152.199951171875,64
2025-04-16 14:26:00+05:30,3150.10009765625,3152.199951171875,3150.0,3152.199951171875,16
2025-04-16 14:27:00+05:30,3150.0,3151.89990234375,3150.0,3150.0,19
2025-04-16 14:28:00+05:30,3150.0,3150.0,3150.0,3150.0,12
2025-04-16 14:29:00+05:30,3151.5,3151.5,3150.0,3151.5,2
2025-04-16 14:30:00+05:30,3152.0,3152.0,3152.0,3152.0,489
2025-04-16 14:31:00+05:30,3153.39990234375,3153.39990234375,3153.300048828125,3153.300048828125,0
2025-04-16 14:33:00+05:30,3154.300048828125,3159.199951171875,3154.300048828125,3159.199951171875,245
2025-04-16 14:35:00+05:30,3159.10009765625,3159.10009765625,3159.10009765625,3159.10009765625,0
2025-04-16 14:36:00+05:30,3159.699951171875,3159.699951171875,3159.699951171875,3159.699951171875,1
2025-04-16 14:37:00+05:30,3159.0,3159.699951171875,3159.0,3159.699951171875,39
2025-04-16 14:40:00+05:30,3158.199951171875,3158.300048828125,3158.199951171875,3158.300048828125,9
2025-04-16 14:41:00+05:30,3157.89990234375,3158.0,3157.89990234375,3158.0,174
2025-04-16 14:42:00+05:30,3159.300048828125,3159.300048828125,3159.300048828125,3159.300048828125,1
2025-04-16 14:43:00+05:30,3157.60009765625,3157.60009765625,3157.60009765625,3157.60009765625,3
2025-04-16 14:44:00+05:30,3159.199951171875,3159.199951171875,3159.0,3159.0,10
2025-04-16 14:46:00+05:30,3159.10009765625,3159.199951171875,3158.89990234375,3158.89990234375,16
2025-04-16 14:48:00+05:30,3159.10009765625,3159.199951171875,3159.10009765625,3159.199951171875,3
2025-04-16 14:50:00+05:30,3160.0,3160.0,3159.10009765625,3159.10009765625,5
2025-04-16 14:51:00+05:30,3160.0,3162.89990234375,3159.300048828125,3159.300048828125,45
2025-04-16 14:52:00+05:30,3160.39990234375,3160.39990234375,3160.39990234375,3160.39990234375,1
2025-04-16 14:53:00+05:30,3164.10009765625,3164.10009765625,3164.10009765625,3164.10009765625,11
2025-04-16 14:54:00+05:30,3161.39990234375,3163.800048828125,3161.39990234375,3163.800048828125,28
2025-04-16 14:55:00+05:30,3159.800048828125,3159.800048828125,3159.800048828125,3159.800048828125,10
2025-04-16 14:57:00+05:30,3159.39990234375,3159.39990234375,3159.39990234375,3159.39990234375,25
2025-04-16 14:58:00+05:30,3159.300048828125,3159.300048828125,3159.300048828125,3159.300048828125,0
2025-04-16 14:59:00+05:30,3160.0,3160.0,3160.0,3160.0,3
2025-04-16 15:00:00+05:30,3165.0,3165.0,3162.0,3162.0,83
2025-04-16 15:01:00+05:30,3162.699951171875,3162.699951171875,3162.699951171875,3162.699951171875,0
2025-04-16 15:02:00+05:30,3160.0,3160.0,3160.0,3160.0,14
2025-04-16 15:03:00+05:30,3159.199951171875,3159.699951171875,3159.199951171875,3159.199951171875,24
2025-04-16 15:05:00+05:30,3161.699951171875,3161.699951171875,3159.199951171875,3159.199951171875,14
2025-04-16 15:06:00+05:30,3161.39990234375,3161.699951171875,3161.39990234375,3161.699951171875,8
2025-04-16 15:07:00+05:30,3160.5,3161.699951171875,3157.0,3161.699951171875,75
2025-04-16 15:08:00+05:30,3158.0,3160.5,3157.89990234375,3160.5,7
2025-04-16 15:09:00+05:30,3165.0,3165.0,3156.5,3158.0,385
2025-04-16 15:10:00+05:30,3158.199951171875,3162.60009765625,3158.199951171875,3159.89990234375,0
2025-04-16 15:11:00+05:30,3157.300048828125,3157.800048828125,3152.800048828125,3152.800048828125,63
2025-04-16 15:12:00+05:30,3156.800048828125,3157.800048828125,3156.800048828125,3157.699951171875,11
2025-04-16 15:13:00+05:30,3160.5,3160.5,3157.89990234375,3157.89990234375,10
2025-04-16 15:14:00+05:30,3159.60009765625,3159.699951171875,3157.0,3158.800048828125,69
2025-04-16 15:15:00+05:30,3152.60009765625,3157.60009765625,3152.60009765625,3157.60009765625,32
2025-04-16 15:16:00+05:30,3156.5,3156.5,3152.60009765625,3153.0,24
2025-04-16 15:17:00+05:30,3157.0,3157.0,3152.699951171875,3157.0,106
2025-04-16 15:18:00+05:30,3148.699951171875,3153.800048828125,3148.699951171875,3153.800048828125,469
2025-04-16 15:19:00+05:30,3140.199951171875,3151.800048828125,3140.199951171875,3148.60009765625,181
2025-04-16 15:20:00+05:30,3145.39990234375,3146.89990234375,3144.300048828125,3145.89990234375,178
2025-04-16 15:21:00+05:30,3144.39990234375,3146.89990234375,3141.39990234375,3141.39990234375,229
2025-04-16 15:22:00+05:30,3150.10009765625,3154.5,3144.5,3144.5,1181
2025-04-16 15:23:00+05:30,3154.0,3154.199951171875,3152.5,3152.5,161
2025-04-16 15:24:00+05:30,3153.89990234375,3158.800048828125,3153.89990234375,3154.0,15
2025-04-16 15:25:00+05:30,3165.0,3165.0,3162.5,3162.60009765625,104
2025-04-16 15:26:00+05:30,3163.0,3164.60009765625,3154.300048828125,3164.60009765625,152
2025-04-16 15:27:00+05:30,3143.0,3153.39990234375,3143.0,3153.39990234375,73
2025-04-16 15:28:00+05:30,3143.10009765625,3159.89990234375,3143.10009765625,3158.60009765625,34
2025-04-16 15:29:00+05:30,3153.0,3165.5,3153.0,3165.5,173
2025-04-17 09:15:00+05:30,3138.199951171875,3153.0,3138.199951171875,3153.0,0
2025-04-17 09:16:00+05:30,3155.300048828125,3157.699951171875,3141.39990234375,3141.39990234375,40
2025-04-17 09:17:00+05:30,3169.10009765625,3169.10009765625,3152.199951171875,3157.60009765625,389
2025-04-17 09:18:00+05:30,3176.39990234375,3176.39990234375,3176.39990234375,3176.39990234375,30
2025-04-17 09:19:00+05:30,3165.0,3172.199951171875,3165.0,3168.0,179
2025-04-17 09:20:00+05:30,3167.300048828125,3167.300048828125,3167.300048828125,3167.300048828125,10
2025-04-17 09:21:00+05:30,3150.699951171875,3168.699951171875,3150.699951171875,3168.699951171875,76
2025-04-17 09:22:00+05:30,3159.800048828125,3159.800048828125,3150.699951171875,3150.699951171875,28
2025-04-17 09:23:00+05:30,3141.0,3155.60009765625,3141.0,3155.60009765625,136
2025-04-17 09:24:00+05:30,3133.5,3138.0,3133.5,3138.0,76
2025-04-17 09:25:00+05:30,3130.0,3134.10009765625,3130.0,3130.60009765625,57
2025-04-17 09:26:00+05:30,3142.60009765625,3142.60009765625,3136.800048828125,3139.89990234375,94
2025-04-17 09:27:00+05:30,3129.5,3139.300048828125,3129.5,3139.300048828125,86
2025-04-17 09:28:00+05:30,3129.5,3134.199951171875,3129.5,3131.89990234375,55
2025-04-17 09:29:00+05:30,3121.300048828125,3125.800048828125,3121.300048828125,3124.39990234375,42
2025-04-17 09:30:00+05:30,3128.0,3133.800048828125,3128.0,3128.89990234375,116
2025-04-17 09:31:00+05:30,3120.0,3125.699951171875,3120.0,3125.0,124
2025-04-17 09:32:00+05:30,3127.199951171875,3127.199951171875,3122.199951171875,3122.199951171875,76
2025-04-17 09:33:00+05:30,3130.10009765625,3131.5,3129.0,3129.0,28
2025-04-17 09:34:00+05:30,3124.0,3129.199951171875,3124.0,3129.199951171875,26
2025-04-17 09:35:00+05:30,3118.0,3123.300048828125,3118.0,3123.300048828125,153
2025-04-17 09:36:00+05:30,3117.0,3119.39990234375,3117.0,3117.0,247
2025-04-17 09:37:00+05:30,3120.300048828125,3120.300048828125,3115.60009765625,3115.60009765625,45
2025-04-17 09:38:00+05:30,3114.0,3117.699951171875,3114.0,3117.699951171875,84
2025-04-17 09:39:00+05:30,3113.0,3113.0,3113.0,3113.0,99
2025-04-17 09:40:00+05:30,3111.300048828125,3114.89990234375,3108.5,3113.60009765625,103
2025-04-17 09:41:00+05:30,3108.39990234375,3109.89990234375,3105.300048828125,3108.10009765625,76
2025-04-17 09:42:00+05:30,3113.60009765625,3113.60009765625,3106.89990234375,3106.89990234375,164
2025-04-17 09:43:00+05:30,3117.199951171875,3119.89990234375,3112.39990234375,3112.5,135
2025-04-17 09:44:00+05:30,3122.800048828125,3122.800048828125,3117.89990234375,3117.89990234375,157
2025-04-17 09:45:00+05:30,3120.89990234375,3120.89990234375,3120.89990234375,3120.89990234375,0
2025-04-17 09:46:00+05:30,3119.300048828125,3119.300048828125,3118.5,3118.5,25
2025-04-17 09:47:00+05:30,3117.60009765625,3121.10009765625,3117.60009765625,3118.10009765625,49
2025-04-17 09:48:00+05:30,3116.5,3120.10009765625,3115.0,3120.10009765625,163
2025-04-17 09:49:00+05:30,3112.89990234375,3116.0,3111.800048828125,3113.10009765625,189
2025-04-17 09:50:00+05:30,3108.699951171875,3111.89990234375,3108.699951171875,3111.89990234375,125
2025-04-17 09:51:00+05:30,3111.199951171875,3113.39990234375,3108.89990234375,3108.89990234375,165
2025-04-17 09:52:00+05:30,3111.199951171875,3115.0,3111.10009765625,3111.199951171875,59
2025-04-17 09:53:00+05:30,3112.300048828125,3117.60009765625,3112.0,3117.60009765625,71
2025-04-17 09:54:00+05:30,3110.89990234375,3112.5,3110.89990234375,3112.5,33
2025-04-17 09:55:00+05:30,3110.89990234375,3110.89990234375,3108.199951171875,3108.199951171875,33
2025-04-17 09:56:00+05:30,3110.0,3113.300048828125,3105.0,3105.0,283
2025-04-17 09:57:00+05:30,3109.39990234375,3110.0,3109.39990234375,3109.5,23
2025-04-17 09:58:00+05:30,3109.800048828125,3111.300048828125,3106.89990234375,3106.89990234375,47
2025-04-17 09:59:00+05:30,3107.199951171875,3109.5,3107.199951171875,3107.300048828125,15
2025-04-17 10:00:00+05:30,3110.10009765625,3112.0,3110.10009765625,3112.0,11
2025-04-17 10:01:00+05:30,3113.699951171875,3113.699951171875,3113.699951171875,3113.699951171875,17
2025-04-17 10:02:00+05:30,3113.800048828125,3113.89990234375,3113.5,3113.89990234375,67
2025-04-17 10:03:00+05:30,3110.0,3117.60009765625,3110.0,3117.60009765625,152
2025-04-17 10:04:00+05:30,3108.300048828125,3108.300048828125,3106.800048828125,3106.800048828125,97
2025-04-17 10:05:00+05:30,3105.699951171875,3109.800048828125,3105.699951171875,3109.800048828125,126
2025-04-17 10:06:00+05:30,3109.199951171875,3109.60009765625,3107.89990234375,3107.89990234375,9
2025-04-17 10:07:00+05:30,3107.0,3111.0,3107.0,3111.0,28
2025-04-17 10:09:00+05:30,3107.0,3107.0,3106.300048828125,3106.300048828125,51
2025-04-17 10:10:00+05:30,3107.699951171875,3107.699951171875,3107.0,3107.0,10
2025-04-17 10:11:00+05:30,3107.0,3108.89990234375,3107.0,3108.89990234375,28
2025-04-17 10:12:00+05:30,3105.0,3107.0,3104.699951171875,3107.0,77
2025-04-17 10:13:00+05:30,3105.0,3105.0,3101.10009765625,3101.10009765625,170
2025-04-17 10:14:00+05:30,3106.60009765625,3107.39990234375,3106.39990234375,3106.39990234375,0
2025-04-17 10:15:00+05:30,3106.60009765625,3106.60009765625,3106.60009765625,3106.60009765625,37
2025-04-17 10:16:00+05:30,3107.5,3107.5,3101.0,3106.60009765625,79
2025-04-17 10:17:00+05:30,3107.5,3107.5,3107.5,3107.5,33
2025-04-17 10:18:00+05:30,3109.10009765625,3109.10009765625,3109.10009765625,3109.10009765625,0
2025-04-17 10:19:00+05:30,3102.5,3102.5,3102.5,3102.5,50
2025-04-17 10:20:00+05:30,3105.0,3105.0,3103.5,3103.5,12
2025-04-17 10:21:00+05:30,3109.300048828125,3109.300048828125,3105.199951171875,3105.199951171875,52
2025-04-17 10:22:00+05:30,3108.199951171875,3108.199951171875,3108.199951171875,3108.199951171875,0
2025-04-17 10:26:00+05:30,3108.10009765625,3108.10009765625,3108.10009765625,3108.10009765625,19
2025-04-17 10:27:00+05:30,3112.5,3112.5,3112.5,3112.5,1
2025-04-17 10:28:00+05:30,3110.0,3110.0,3110.0,3110.0,3
2025-04-17 10:29:00+05:30,3110.300048828125,3114.0,3110.300048828125,3114.0,24
2025-04-17 10:30:00+05:30,3110.39990234375,3110.39990234375,3110.39990234375,3110.39990234375,2
2025-04-17 10:32:00+05:30,3114.0,3114.800048828125,3114.0,3114.800048828125,6
2025-04-17 10:33:00+05:30,3111.0,3111.0,3111.0,3111.0,9
2025-04-17 10:34:00+05:30,3111.199951171875,3114.10009765625,3111.199951171875,3114.10009765625,53
2025-04-17 10:35:00+05:30,3113.10009765625,3113.10009765625,3113.10009765625,3113.10009765625,1
2025-04-17 10:36:00+05:30,3110.89990234375,3110.89990234375,3110.300048828125,3110.300048828125,58
2025-04-17 10:40:00+05:30,3114.39990234375,3114.699951171875,3114.39990234375,3114.699951171875,7
2025-04-17 10:43:00+05:30,3113.199951171875,3113.199951171875,3113.199951171875,3113.199951171875,13
2025-04-17 10:46:00+05:30,3113.199951171875,3113.199951171875,3113.199951171875,3113.199951171875,22
2025-04-17 10:47:00+05:30,3113.199951171875,3113.199951171875,3113.199951171875,3113.199951171875,4
2025-04-17 10:48:00+05:30,3113.10009765625,3113.10009765625,3113.10009765625,3113.10009765625,2
2025-04-17 10:55:00+05:30,3114.800048828125,3114.800048828125,3112.0,3112.0,148
2025-04-17 10:56:00+05:30,3114.60009765625,3114.60009765625,3114.0,3114.0,54
2025-04-17 11:00:00+05:30,3113.60009765625,3113.60009765625,3113.60009765625,3113.60009765625,17
2025-04-17 11:01:00+05:30,3113.0,3115.0,3113.0,3115.0,64
2025-04-17 11:03:00+05:30,3111.10009765625,3111.10009765625,3111.10009765625,3111.10009765625,0
2025-04-17 11:04:00+05:30,3113.0,3113.0,3113.0,3113.0,4
2025-04-17 11:05:00+05:30,3111.0,3111.0,3111.0,3111.0,2
2025-04-17 11:06:00+05:30,3114.199951171875,3114.199951171875,3114.199951171875,3114.199951171875,0
2025-04-17 11:08:00+05:30,3115.0,3115.0,3114.800048828125,3114.800048828125,13
2025-04-17 11:09:00+05:30,3111.89990234375,3111.89990234375,3111.699951171875,3111.699951171875,8
2025-04-17 11:10:00+05:30,3111.89990234375,3111.89990234375,3111.89990234375,3111.89990234375,23
2025-04-17 11:11:00+05:30,3115.0,3115.0,3115.0,3115.0,36
2025-04-17 11:12:00+05:30,3115.0,3115.0,3114.89990234375,3114.89990234375,14
2025-04-17 11:13:00+05:30,3114.89990234375,3114.89990234375,3114.89990234375,3114.89990234375,0
2025-04-17 11:15:00+05:30,3117.5,3117.5,3117.5,3117.5,78
2025-04-17 11:16:00+05:30,3126.699951171875,3126.699951171875,3124.60009765625,3124.60009765625,94
2025-04-17 11:17:00+05:30,3126.0,3129.89990234375,3126.0,3129.89990234375,20
2025-04-17 11:18:00+05:30,3126.0,3127.0,3126.0,3127.0,7
2025-04-17 11:19:00+05:30,3120.0,3126.60009765625,3120.0,3126.60009765625,54
2025-04-17 11:20:00+05:30,3123.300048828125,3123.300048828125,3123.300048828125,3123.300048828125,37
2025-04-17 11:21:00+05:30,3123.300048828125,3123.699951171875,3120.0,3123.699951171875,0
2025-04-17 11:22:00+05:30,3123.199951171875,3123.199951171875,3123.199951171875,3123.199951171875,2
2025-04-17 11:23:00+05:30,3120.0,3120.0,3120.0,3120.0,2
2025-04-17 11:25:00+05:30,3121.89990234375,3121.89990234375,3121.89990234375,3121.89990234375,18
2025-04-17 11:26:00+05:30,3121.89990234375,3121.89990234375,3121.89990234375,3121.89990234375,10
2025-04-17 11:27:00+05:30,3127.0,3127.0,3121.89990234375,3121.89990234375,87
2025-04-17 11:28:00+05:30,3118.699951171875,3118.699951171875,3118.699951171875,3118.699951171875,86
2025-04-17 11:29:00+05:30,3125.699951171875,3125.699951171875,3125.199951171875,3125.199951171875,60
2025-04-17 11:30:00+05:30,3125.0,3125.0,3125.0,3125.0,0
2025-04-17 11:32:00+05:30,3124.5,3124.5,3124.5,3124.5,1
2025-04-17 11:34:00+05:30,3123.199951171875,3126.10009765625,3123.199951171875,3126.10009765625,121
2025-04-17 11:35:00+05:30,3123.199951171875,3123.300048828125,3123.199951171875,3123.300048828125,15
2025-04-17 11:37:00+05:30,3125.199951171875,3125.199951171875,3123.0,3123.0,8
2025-04-17 11:39:00+05:30,3124.0,3124.0,3123.39990234375,3123.39990234375,28
2025-04-17 11:40:00+05:30,3124.0,3124.0,3120.0,3120.0,21
2025-04-17 11:41:00+05:30,3124.0,3124.0,3124.0,3124.0,5
2025-04-17 11:42:00+05:30,3123.5,3125.10009765625,3120.800048828125,3120.800048828125,89
2025-04-17 11:43:00+05:30,3124.89990234375,3128.199951171875,3123.60009765625,3123.60009765625,5
2025-04-17 11:44:00+05:30,3125.0,3127.300048828125,3125.0,3127.300048828125,8
2025-04-17 11:45:00+05:30,3125.10009765625,3125.10009765625,3125.10009765625,3125.10009765625,8
2025-04-17 11:47:00+05:30,3124.800048828125,3124.800048828125,3124.800048828125,3124.800048828125,18
2025-04-17 11:48:00+05:30,3124.39990234375,3124.39990234375,3124.39990234375,3124.39990234375,0
2025-04-17 11:50:00+05:30,3124.89990234375,3124.89990234375,3124.39990234375,3124.39990234375,49
2025-04-17 11:51:00+05:30,3124.0,3124.300048828125,3124.0,3124.300048828125,1
2025-04-17 11:52:00+05:30,3123.800048828125,3123.800048828125,3121.0,3121.0,18
2025-04-17 11:53:00+05:30,3123.800048828125,3123.800048828125,3123.800048828125,3123.800048828125,39
2025-04-17 11:54:00+05:30,3124.0,3124.0,3124.0,3124.0,0
2025-04-17 11:55:00+05:30,3120.5,3121.0,3115.300048828125,3121.0,144
2025-04-17 11:56:00+05:30,3118.800048828125,3118.800048828125,3116.300048828125,3116.300048828125,0
2025-04-17 11:58:00+05:30,3118.199951171875,3122.10009765625,3118.199951171875,3121.300048828125,44
2025-04-17 11:59:00+05:30,3118.39990234375,3121.60009765625,3118.39990234375,3121.60009765625,11
2025-04-17 12:00:00+05:30,3121.699951171875,3121.699951171875,3121.699951171875,3121.699951171875,1
2025-04-17 12:01:00+05:30,3121.10009765625,3121.699951171875,3121.10009765625,3121.699951171875,14
2025-04-17 12:02:00+05:30,3121.699951171875,3121.699951171875,3121.699951171875,3121.699951171875,1
2025-04-17 12:03:00+05:30,3124.0,3124.0,3124.0,3124.0,2
2025-04-17 12:05:00+05:30,3123.800048828125,3123.800048828125,3123.800048828125,3123.800048828125,1
2025-04-17 12:06:00+05:30,3124.0,3124.0,3122.0,3122.0,14
2025-04-17 12:07:00+05:30,3125.0,3125.0,3125.0,3125.0,2
2025-04-17 12:08:00+05:30,3124.89990234375,3124.89990234375,3124.89990234375,3124.89990234375,1
2025-04-17 12:09:00+05:30,3124.800048828125,3125.0,3124.800048828125,3125.0,2
2025-04-17 12:10:00+05:30,3125.0,3125.0,3125.0,3125.0,92
2025-04-17 12:11:00+05:30,3128.0,3128.0,3128.0,3128.0,7
2025-04-17 12:13:00+05:30,3126.300048828125,3126.300048828125,3125.0,3125.0,110
2025-04-17 12:14:00+05:30,3128.699951171875,3128.699951171875,3124.199951171875,3127.39990234375,579
2025-04-17 12:15:00+05:30,3134.60009765625,3136.0,3134.60009765625,3136.0,45
2025-04-17 12:16:00+05:30,3131.89990234375,3135.800048828125,3131.89990234375,3134.800048828125,283
2025-04-17 12:17:00+05:30,3134.800048828125,3134.800048828125,3134.800048828125,3134.800048828125,2
2025-04-17 12:18:00+05:30,3135.89990234375,3135.89990234375,3135.89990234375,3135.89990234375,1
2025-04-17 12:20:00+05:30,3132.199951171875,3132.199951171875,3132.199951171875,3132.199951171875,1
2025-04-17 12:21:00+05:30,3133.5,3133.5,3133.5,3133.5,0
2025-04-17 12:22:00+05:30,3135.699951171875,3135.699951171875,3132.699951171875,3133.5,37
2025-04-17 12:23:00+05:30,3137.0,3137.0,3137.0,3137.0,96
2025-04-17 12:24:00+05:30,3139.5,3141.300048828125,3139.0,3139.0,68
2025-04-17 12:25:00+05:30,3138.0,3140.300048828125,3138.0,3140.300048828125,3
2025-04-17 12:26:00+05:30,3138.800048828125,3138.800048828125,3138.0,3138.0,17
2025-04-17 12:27:00+05:30,3143.699951171875,3143.699951171875,3143.699951171875,3143.699951171875,0
2025-04-17 12:29:00+05:30,3150.0,3150.0,3144.0,3144.0,51
2025-04-17 12:30:00+05:30,3145.699951171875,3149.89990234375,3145.699951171875,3149.800048828125,40
2025-04-17 12:32:00+05:30,3145.699951171875,3145.699951171875,3145.699951171875,3145.699951171875,57
2025-04-17 12:33:00+05:30,3145.699951171875,3145.699951171875,3143.60009765625,3143.60009765625,7
2025-04-17 12:34:00+05:30,3141.0,3145.699951171875,3140.0,3145.699951171875,114
2025-04-17 12:35:00+05:30,3138.199951171875,3144.800048828125,3138.199951171875,3144.800048828125,101
2025-04-17 12:36:00+05:30,3140.39990234375,3140.39990234375,3140.39990234375,3140.39990234375,8
2025-04-17 12:37:00+05:30,3144.199951171875,3144.199951171875,3142.0,3143.800048828125,42
2025-04-17 12:38:00+05:30,3153.0,3158.0,3149.0,3153.89990234375,232
2025-04-17 12:39:00+05:30,3156.800048828125,3157.300048828125,3150.0,3157.300048828125,47
2025-04-17 12:40:00+05:30,3162.0,3162.0,3156.0,3156.800048828125,154
2025-04-17 12:41:00+05:30,3163.89990234375,3164.89990234375,3160.300048828125,3164.89990234375,104
2025-04-17 12:42:00+05:30,3154.10009765625,3161.10009765625,3154.10009765625,3160.0,160
2025-04-17 12:43:00+05:30,3168.699951171875,3168.699951171875,3159.89990234375,3159.89990234375,132
2025-04-17 12:44:00+05:30,3167.5,3170.0,3165.0,3168.39990234375,57
2025-04-17 12:45:00+05:30,3167.39990234375,3167.5,3166.10009765625,3167.5,20
2025-04-17 12:46:00+05:30,3167.10009765625,3167.39990234375,3163.199951171875,3163.199951171875,17
2025-04-17 12:47:00+05:30,3165.89990234375,3166.0,3165.89990234375,3166.0,11
2025-04-17 12:48:00+05:30,3170.0,3170.0,3162.5,3165.89990234375,70
2025-04-17 12:49:00+05:30,3173.0,3173.89990234375,3170.0,3170.0,180
2025-04-17 12:50:00+05:30,3173.0,3173.0,3171.199951171875,3173.0,8
2025-04-17 12:51:00+05:30,3174.0,3174.89990234375,3173.0,3173.0,31
2025-04-17 12:52:00+05:30,3169.699951171875,3173.89990234375,3169.699951171875,3173.699951171875,26
2025-04-17 12:53:00+05:30,3173.199951171875,3173.5,3173.199951171875,3173.300048828125,14
2025-04-17 12:54:00+05:30,3185.300048828125,3185.300048828125,3173.5,3173.5,404
2025-04-17 12:55:00+05:30,3187.0,3187.5,3183.89990234375,3187.300048828125,42
2025-04-17 12:56:00+05:30,3182.699951171875,3187.89990234375,3182.699951171875,3183.199951171875,79
2025-04-17 12:57:00+05:30,3191.60009765625,3191.60009765625,3182.89990234375,3187.199951171875,365
2025-04-17 12:58:00+05:30,3194.89990234375,3195.39990234375,3194.10009765625,3195.39990234375,35
2025-04-17 12:59:00+05:30,3195.699951171875,3195.699951171875,3188.699951171875,3194.10009765625,84
2025-04-17 13:00:00+05:30,3189.199951171875,3196.0,3189.199951171875,3196.0,85
2025-04-17 13:01:00+05:30,3186.0,3194.300048828125,3186.0,3193.39990234375,490
2025-04-17 13:02:00+05:30,3190.199951171875,3192.0,3187.39990234375,3187.39990234375,70
2025-04-17 13:03:00+05:30,3190.0,3190.39990234375,3189.89990234375,3190.39990234375,37
2025-04-17 13:04:00+05:30,3194.89990234375,3194.89990234375,3188.39990234375,3191.60009765625,32
2025-04-17 13:05:00+05:30,3194.199951171875,3194.199951171875,3190.199951171875,3190.199951171875,19
2025-04-17 13:06:00+05:30,3194.199951171875,3195.0,3194.199951171875,3195.0,15
2025-04-17 13:07:00+05:30,3196.699951171875,3196.699951171875,3194.199951171875,3194.199951171875,28
2025-04-17 13:08:00+05:30,3200.300048828125,3200.300048828125,3192.89990234375,3192.89990234375,182
2025-04-17 13:09:00+05:30,3199.89990234375,3203.39990234375,3196.699951171875,3196.699951171875,102
2025-04-17 13:10:00+05:30,3196.300048828125,3201.10009765625,3196.0,3201.10009765625,24
2025-04-17 13:11:00+05:30,3199.10009765625,3199.199951171875,3195.699951171875,3195.699951171875,25
2025-04-17 13:12:00+05:30,3195.0,3199.0,3195.0,3199.0,51
2025-04-17 13:13:00+05:30,3199.0,3199.0,3195.800048828125,3195.800048828125,71
2025-04-17 13:14:00+05:30,3198.60009765625,3199.300048828125,3195.699951171875,3199.300048828125,29
2025-04-17 13:15:00+05:30,3199.10009765625,3199.300048828125,3197.10009765625,3197.10009765625,71
2025-04-17 13:16:00+05:30,3199.10009765625,3199.10009765625,3199.10009765625,3199.10009765625,15
2025-04-17 13:17:00+05:30,3199.300048828125,3200.0,3198.89990234375,3198.89990234375,92
2025-04-17 13:18:00+05:30,3193.199951171875,3199.199951171875,3193.199951171875,3199.199951171875,28
2025-04-17 13:19:00+05:30,3191.5,3197.0,3191.5,3196.60009765625,69
2025-04-17 13:20:00+05:30,3186.0,3193.800048828125,3186.0,3190.300048828125,193
2025-04-17 13:21:00+05:30,3187.699951171875,3187.800048828125,3187.699951171875,3187.800048828125,0
2025-04-17 13:22:00+05:30,3180.60009765625,3187.10009765625,3180.60009765625,3187.10009765625,83
2025-04-17 13:23:00+05:30,3186.800048828125,3188.89990234375,3181.10009765625,3181.10009765625,45
2025-04-17 13:24:00+05:30,3186.800048828125,3186.800048828125,3186.800048828125,3186.800048828125,28
2025-04-17 13:25:00+05:30,3186.800048828125,3186.800048828125,3186.800048828125,3186.800048828125,18
2025-04-17 13:26:00+05:30,3186.800048828125,3186.800048828125,3186.800048828125,3186.800048828125,18
2025-04-17 13:27:00+05:30,3186.800048828125,3186.800048828125,3181.699951171875,3186.800048828125,78
2025-04-17 13:28:00+05:30,3186.10009765625,3186.699951171875,3182.60009765625,3186.699951171875,15
2025-04-17 13:29:00+05:30,3181.0,3186.199951171875,3179.89990234375,3179.89990234375,135
2025-04-17 13:30:00+05:30,3186.0,3186.10009765625,3179.199951171875,3179.199951171875,94
2025-04-17 13:31:00+05:30,3183.699951171875,3184.699951171875,3180.0,3184.699951171875,59
2025-04-17 13:32:00+05:30,3183.199951171875,3183.60009765625,3180.699951171875,3183.60009765625,16
2025-04-17 13:33:00+05:30,3182.39990234375,3182.39990234375,3177.89990234375,3177.89990234375,35
2025-04-17 13:34:00+05:30,3182.5,3182.5,3179.199951171875,3179.199951171875,44
2025-04-17 13:35:00+05:30,3183.5,3183.5,3181.60009765625,3181.60009765625,59
2025-04-17 13:36:00+05:30,3182.39990234375,3183.300048828125,3177.199951171875,3183.300048828125,330
2025-04-17 13:37:00+05:30,3180.60009765625,3181.89990234375,3180.60009765625,3181.89990234375,22
2025-04-17 13:38:00+05:30,3181.199951171875,3181.5,3181.199951171875,3181.5,14
2025-04-17 13:39:00+05:30,3178.89990234375,3178.89990234375,3177.5,3177.5,69
2025-04-17 13:40:00+05:30,3181.89990234375,3181.89990234375,3180.89990234375,3181.5,14
2025-04-17 13:41:00+05:30,3181.10009765625,3181.10009765625,3181.10009765625,3181.10009765625,15
2025-04-17 13:42:00+05:30,3181.39990234375,3181.39990234375,3181.39990234375,3181.39990234375,19
2025-04-17 13:43:00+05:30,3182.800048828125,3182.800048828125,3181.60009765625,3181.60009765625,28
2025-04-17 13:44:00+05:30,3182.800048828125,3184.0,3182.800048828125,3184.0,15
2025-04-17 13:45:00+05:30,3183.60009765625,3183.60009765625,3183.60009765625,3183.60009765625,14
2025-04-17 13:46:00+05:30,3184.39990234375,3184.39990234375,3183.39990234375,3183.39990234375,13
2025-04-17 13:47:00+05:30,3184.10009765625,3184.10009765625,3184.0,3184.0,15
2025-04-17 13:48:00+05:30,3181.39990234375,3184.39990234375,3180.10009765625,3183.699951171875,17
2025-04-17 13:49:00+05:30,3183.60009765625,3184.60009765625,3183.60009765625,3184.60009765625,15
2025-04-17 13:50:00+05:30,3184.800048828125,3184.800048828125,3184.699951171875,3184.699951171875,14
2025-04-17 13:51:00+05:30,3184.10009765625,3184.699951171875,3184.10009765625,3184.699951171875,12
2025-04-17 13:52:00+05:30,3184.199951171875,3184.199951171875,3183.60009765625,3183.60009765625,22
2025-04-17 13:53:00+05:30,3183.800048828125,3184.199951171875,3183.800048828125,3184.199951171875,10
2025-04-17 13:54:00+05:30,3175.300048828125,3180.0,3175.0,3180.0,60
2025-04-17 13:55:00+05:30,3174.0,3175.300048828125,3172.10009765625,3172.10009765625,36
2025-04-17 13:56:00+05:30,3174.60009765625,3174.60009765625,3170.89990234375,3173.800048828125,7
2025-04-17 13:57:00+05:30,3171.699951171875,3175.0,3171.699951171875,3174.300048828125,17
2025-04-17 13:58:00+05:30,3180.0,3180.0,3175.699951171875,3175.699951171875,101
2025-04-17 13:59:00+05:30,3177.5,3180.0,3175.10009765625,3180.0,24
2025-04-17 14:00:00+05:30,3177.89990234375,3177.89990234375,3173.10009765625,3173.10009765625,20
2025-04-17 14:01:00+05:30,3179.300048828125,3179.300048828125,3174.10009765625,3176.10009765625,49
2025-04-17 14:02:00+05:30,3177.60009765625,3177.60009765625,3173.0,3173.0,66
2025-04-17 14:03:00+05:30,3177.60009765625,3177.60009765625,3175.0,3177.300048828125,14
2025-04-17 14:04:00+05:30,3177.5,3177.89990234375,3177.5,3177.89990234375,21
2025-04-17 14:05:00+05:30,3173.89990234375,3176.5,3172.199951171875,3176.5,36
2025-04-17 14:06:00+05:30,3175.199951171875,3175.199951171875,3170.699951171875,3170.699951171875,16
2025-04-17 14:07:00+05:30,3175.89990234375,3176.699951171875,3175.800048828125,3175.800048828125,25
2025-04-17 14:08:00+05:30,3176.199951171875,3177.0,3176.199951171875,3177.0,13
2025-04-17 14:09:00+05:30,3172.199951171875,3177.10009765625,3172.199951171875,3177.10009765625,51
2025-04-17 14:10:00+05:30,3174.60009765625,3175.199951171875,3174.5,3174.5,17
2025-04-17 14:11:00+05:30,3175.0,3175.39990234375,3175.0,3175.39990234375,14
2025-04-17 14:12:00+05:30,3176.199951171875,3176.199951171875,3175.800048828125,3175.89990234375,53
2025-04-17 14:13:00+05:30,3169.0,3175.199951171875,3169.0,3175.199951171875,37
2025-04-17 14:14:00+05:30,3160.0,3168.10009765625,3160.0,3168.0,236
2025-04-17 14:15:00+05:30,3159.199951171875,3163.300048828125,3159.199951171875,3163.300048828125,0
2025-04-17 14:16:00+05:30,3162.300048828125,3165.300048828125,3162.300048828125,3162.5,17
2025-04-17 14:17:00+05:30,3168.0,3168.0,3162.39990234375,3164.699951171875,31
2025-04-17 14:18:00+05:30,3172.39990234375,3172.89990234375,3168.0,3168.10009765625,103
2025-04-17 14:19:00+05:30,3173.300048828125,3173.699951171875,3173.300048828125,3173.699951171875,33
2025-04-17 14:20:00+05:30,3173.699951171875,3174.10009765625,3173.60009765625,3174.10009765625,15
2025-04-17 14:21:00+05:30,3166.800048828125,3169.89990234375,3166.800048828125,3168.0,23
2025-04-17 14:22:00+05:30,3171.199951171875,3171.89990234375,3169.89990234375,3169.89990234375,17
2025-04-17 14:23:00+05:30,3172.699951171875,3172.699951171875,3171.800048828125,3171.800048828125,14
2025-04-17 14:24:00+05:30,3171.89990234375,3172.699951171875,3168.39990234375,3172.5,17
2025-04-17 14:25:00+05:30,3171.800048828125,3173.800048828125,3170.10009765625,3173.60009765625,18
2025-04-17 14:26:00+05:30,3173.89990234375,3173.89990234375,3171.699951171875,3171.699951171875,158
2025-04-17 14:27:00+05:30,3169.39990234375,3173.60009765625,3169.39990234375,3173.199951171875,0
2025-04-17 14:28:00+05:30,3170.300048828125,3172.800048828125,3170.300048828125,3172.800048828125,19
2025-04-17 14:29:00+05:30,3172.39990234375,3173.39990234375,3169.0,3173.39990234375,56
2025-04-17 14:30:00+05:30,3174.89990234375,3175.5,3172.800048828125,3172.800048828125,18
2025-04-17 14:31:00+05:30,3169.0,3173.300048828125,3169.0,3173.300048828125,45
2025-04-17 14:32:00+05:30,3173.699951171875,3173.699951171875,3172.39990234375,3172.39990234375,14
2025-04-17 14:33:00+05:30,3169.60009765625,3173.800048828125,3168.300048828125,3169.800048828125,42
2025-04-17 14:34:00+05:30,3168.39990234375,3170.0,3168.39990234375,3170.0,17
2025-04-17 14:35:00+05:30,3171.89990234375,3172.199951171875,3168.199951171875,3171.300048828125,14
2025-04-17 14:36:00+05:30,3171.699951171875,3171.699951171875,3167.10009765625,3169.39990234375,16
2025-04-17 14:37:00+05:30,3170.89990234375,3170.89990234375,3170.5,3170.5,15
2025-04-17 14:38:00+05:30,3167.199951171875,3170.699951171875,3166.300048828125,3166.300048828125,17
2025-04-17 14:39:00+05:30,3164.199951171875,3169.300048828125,3164.199951171875,3169.300048828125,15
2025-04-17 14:40:00+05:30,3167.800048828125,3167.800048828125,3162.0,3165.89990234375,30
2025-04-17 14:41:00+05:30,3170.0,3170.0,3163.800048828125,3167.300048828125,179
2025-04-17 14:42:00+05:30,3169.5,3169.60009765625,3169.5,3169.60009765625,0
2025-04-17 14:43:00+05:30,3170.0,3170.0,3164.39990234375,3164.39990234375,28
2025-04-17 14:44:00+05:30,3173.0,3173.0,3170.0,3170.0,11
2025-04-17 14:45:00+05:30,3172.39990234375,3172.39990234375,3168.0,3168.0,13
2025-04-17 14:46:00+05:30,3170.89990234375,3172.199951171875,3169.60009765625,3169.60009765625,16
2025-04-17 14:47:00+05:30,3174.0,3175.5,3172.0,3172.0,39
2025-04-17 14:48:00+05:30,3184.199951171875,3184.199951171875,3170.199951171875,3173.5,341
2025-04-17 14:49:00+05:30,3175.199951171875,3179.699951171875,3175.0,3175.0,205
2025-04-17 14:50:00+05:30,3176.5,3178.800048828125,3176.5,3177.10009765625,40
2025-04-17 14:51:00+05:30,3170.699951171875,3177.60009765625,3170.699951171875,3177.60009765625,339
2025-04-17 14:52:00+05:30,3174.300048828125,3174.300048828125,3172.89990234375,3172.89990234375,49
2025-04-17 14:53:00+05:30,3176.39990234375,3176.39990234375,3170.60009765625,3173.60009765625,40
2025-04-17 14:54:00+05:30,3173.199951171875,3177.89990234375,3173.199951171875,3177.89990234375,308
2025-04-17 14:55:00+05:30,3174.199951171875,3174.199951171875,3170.5,3173.800048828125,18
2025-04-17 14:56:00+05:30,3170.199951171875,3173.699951171875,3169.5,3173.300048828125,45
2025-04-17 14:57:00+05:30,3173.39990234375,3173.800048828125,3173.39990234375,3173.39990234375,14
2025-04-17 14:58:00+05:30,3172.5,3176.699951171875,3171.5,3175.10009765625,153
2025-04-17 14:59:00+05:30,3173.300048828125,3173.300048828125,3169.5,3169.5,7
2025-04-17 15:00:00+05:30,3165.89990234375,3172.5,3165.89990234375,3172.5,47
2025-04-17 15:01:00+05:30,3173.10009765625,3177.89990234375,3165.199951171875,3165.199951171875,487
2025-04-17 15:02:00+05:30,3178.10009765625,3178.5,3175.60009765625,3175.60009765625,11
2025-04-17 15:03:00+05:30,3178.300048828125,3178.300048828125,3178.10009765625,3178.10009765625,14
2025-04-17 15:04:00+05:30,3174.300048828125,3178.89990234375,3174.0,3178.60009765625,35
2025-04-17 15:05:00+05:30,3174.199951171875,3178.800048828125,3173.699951171875,3178.800048828125,62
2025-04-17 15:06:00+05:30,3177.800048828125,3177.800048828125,3174.199951171875,3174.199951171875,12
2025-04-17 15:07:00+05:30,3177.5,3177.5,3173.199951171875,3173.199951171875,36
2025-04-17 15:08:00+05:30,3176.699951171875,3180.10009765625,3176.10009765625,3176.10009765625,23
2025-04-17 15:09:00+05:30,3179.89990234375,3179.89990234375,3179.699951171875,3179.699951171875,18
2025-04-17 15:10:00+05:30,3179.0,3179.39990234375,3175.0,3175.0,28
2025-04-17 15:11:00+05:30,3177.60009765625,3178.199951171875,3177.60009765625,3178.199951171875,15
2025-04-17 15:12:00+05:30,3172.300048828125,3177.60009765625,3172.300048828125,3177.60009765625,103
2025-04-17 15:13:00+05:30,3174.199951171875,3174.199951171875,3173.5,3173.5,38
2025-04-17 15:14:00+05:30,3171.10009765625,3174.10009765625,3171.10009765625,3173.0,22
2025-04-17 15:15:00+05:30,3167.5,3171.199951171875,3167.5,3171.10009765625,67
2025-04-17 15:16:00+05:30,3166.699951171875,3168.89990234375,3163.0,3168.89990234375,32
2025-04-17 15:17:00+05:30,3158.10009765625,3163.300048828125,3158.10009765625,3163.0,301
2025-04-17 15:18:00+05:30,3178.199951171875,3178.199951171875,3156.300048828125,3158.10009765625,213
2025-04-17 15:19:00+05:30,3163.10009765625,3169.699951171875,3159.0,3168.199951171875,88
2025-04-17 15:20:00+05:30,3162.0,3163.10009765625,3159.60009765625,3159.60009765625,9
2025-04-17 15:22:00+05:30,3163.10009765625,3164.800048828125,3157.199951171875,3161.0,248
2025-04-17 15:23:00+05:30,3161.0,3161.0,3158.60009765625,3158.60009765625,17
2025-04-17 15:24:00+05:30,3159.800048828125,3159.800048828125,3153.0,3158.800048828125,56
2025-04-17 15:25:00+05:30,3154.60009765625,3160.10009765625,3154.60009765625,3160.10009765625,62
2025-04-17 15:26:00+05:30,3155.0,3159.800048828125,3151.89990234375,3159.800048828125,52
2025-04-17 15:27:00+05:30,3160.699951171875,3160.699951171875,3160.699951171875,3160.699951171875,3
2025-04-17 15:28:00+05:30,3166.0,3166.0,3160.699951171875,3160.699951171875,44
2025-04-17 15:29:00+05:30,3170.0,3170.0,3162.0,3162.0,125
2025-04-21 09:15:00+05:30,3200.0,3237.39990234375,3200.0,3230.0,0
2025-04-21 09:16:00+05:30,3187.800048828125,3197.0,3187.800048828125,3197.0,316
2025-04-21 09:17:00+05:30,3187.5,3193.0,3186.0,3189.300048828125,228
2025-04-21 09:18:00+05:30,3180.89990234375,3180.89990234375,3167.10009765625,3178.10009765625,257
2025-04-21 09:19:00+05:30,3174.60009765625,3180.10009765625,3170.0,3177.10009765625,605
2025-04-21 09:20:00+05:30,3161.39990234375,3173.10009765625,3158.60009765625,3173.10009765625,680
2025-04-21 09:21:00+05:30,3175.89990234375,3177.89990234375,3160.800048828125,3160.89990234375,265
2025-04-21 09:22:00+05:30,3179.10009765625,3179.10009765625,3169.699951171875,3176.60009765625,205
2025-04-21 09:23:00+05:30,3188.0,3188.0,3173.699951171875,3173.699951171875,239
2025-04-21 09:24:00+05:30,3182.699951171875,3186.0,3182.699951171875,3186.0,8
2025-04-21 09:25:00+05:30,3183.89990234375,3187.89990234375,3182.89990234375,3187.89990234375,69
2025-04-21 09:26:00+05:30,3194.800048828125,3194.800048828125,3184.10009765625,3184.10009765625,73
2025-04-21 09:27:00+05:30,3193.0,3195.0,3191.0,3195.0,101
2025-04-21 09:28:00+05:30,3197.39990234375,3198.39990234375,3192.0,3193.39990234375,93
2025-04-21 09:29:00+05:30,3197.89990234375,3198.0,3193.10009765625,3197.89990234375,139
2025-04-21 09:30:00+05:30,3214.39990234375,3216.5,3198.0,3198.0,262
2025-04-21 09:31:00+05:30,3209.0,3214.800048828125,3209.0,3214.800048828125,175
2025-04-21 09:32:00+05:30,3200.0,3205.0,3200.0,3205.0,50
2025-04-21 09:33:00+05:30,3203.800048828125,3206.300048828125,3202.699951171875,3202.699951171875,79
2025-04-21 09:34:00+05:30,3208.0,3208.0,3206.300048828125,3206.300048828125,18
2025-04-21 09:35:00+05:30,3207.5,3209.60009765625,3207.5,3208.800048828125,23
2025-04-21 09:36:00+05:30,3207.5,3207.5,3205.0,3207.5,4
2025-04-21 09:37:00+05:30,3205.0,3207.89990234375,3205.0,3207.89990234375,157
2025-04-21 09:38:00+05:30,3217.699951171875,3218.0,3209.60009765625,3209.60009765625,745
2025-04-21 09:39:00+05:30,3212.699951171875,3216.89990234375,3212.60009765625,3215.60009765625,63
2025-04-21 09:40:00+05:30,3213.5,3217.89990234375,3212.699951171875,3212.699951171875,92
2025-04-21 09:41:00+05:30,3211.89990234375,3216.699951171875,3210.0,3210.0,238
2025-04-21 09:42:00+05:30,3217.300048828125,3220.39990234375,3216.60009765625,3216.60009765625,111
2025-04-21 09:43:00+05:30,3215.0,3219.89990234375,3215.0,3215.699951171875,253
2025-04-21 09:44:00+05:30,3219.10009765625,3219.10009765625,3216.10009765625,3216.10009765625,49
2025-04-21 09:45:00+05:30,3211.199951171875,3219.0,3206.0,3219.0,233
2025-04-21 09:46:00+05:30,3201.39990234375,3205.300048828125,3201.0,3201.0,495
2025-04-21 09:47:00+05:30,3205.0,3205.0,3201.0,3201.0,68
2025-04-21 09:48:00+05:30,3202.699951171875,3205.0,3201.89990234375,3205.0,0
2025-04-21 09:49:00+05:30,3205.0,3205.0,3205.0,3205.0,36
2025-04-21 09:50:00+05:30,3209.0,3210.0,3205.800048828125,3205.800048828125,282
2025-04-21 09:51:00+05:30,3214.5,3214.5,3210.0,3210.0,128
2025-04-21 09:52:00+05:30,3215.0,3215.0,3214.5,3214.5,16
2025-04-21 09:53:00+05:30,3209.699951171875,3214.800048828125,3209.699951171875,3214.800048828125,64
2025-04-21 09:54:00+05:30,3212.10009765625,3212.10009765625,3208.300048828125,3209.10009765625,40
2025-04-21 09:55:00+05:30,3205.5,3205.5,3204.89990234375,3204.89990234375,175
2025-04-21 09:56:00+05:30,3200.699951171875,3205.0,3200.0,3205.0,189
2025-04-21 09:58:00+05:30,3204.699951171875,3204.699951171875,3204.10009765625,3204.10009765625,12
2025-04-21 09:59:00+05:30,3204.89990234375,3204.89990234375,3204.699951171875,3204.699951171875,8
2025-04-21 10:00:00+05:30,3207.699951171875,3207.699951171875,3204.89990234375,3204.89990234375,48
2025-04-21 10:01:00+05:30,3214.699951171875,3215.0,3212.800048828125,3212.800048828125,91
2025-04-21 10:02:00+05:30,3215.0,3215.0,3211.5,3211.5,26
2025-04-21 10:03:00+05:30,3212.60009765625,3212.60009765625,3212.60009765625,3212.60009765625,19
2025-04-21 10:04:00+05:30,3212.39990234375,3212.39990234375,3212.39990234375,3212.39990234375,4
2025-04-21 10:05:00+05:30,3209.800048828125,3209.800048828125,3208.89990234375,3208.89990234375,11
2025-04-21 10:06:00+05:30,3207.800048828125,3207.800048828125,3205.300048828125,3207.300048828125,15
2025-04-21 10:07:00+05:30,3201.39990234375,3207.0,3201.39990234375,3207.0,135
2025-04-21 10:08:00+05:30,3206.60009765625,3206.60009765625,3206.300048828125,3206.300048828125,18
2025-04-21 10:09:00+05:30,3200.0,3201.0,3200.0,3201.0,264
2025-04-21 10:10:00+05:30,3201.199951171875,3201.199951171875,3198.0,3200.39990234375,73
2025-04-21 10:11:00+05:30,3204.699951171875,3205.0,3204.699951171875,3205.0,57
2025-04-21 10:12:00+05:30,3198.800048828125,3204.699951171875,3198.800048828125,3204.699951171875,108
2025-04-21 10:13:00+05:30,3191.300048828125,3198.800048828125,3191.300048828125,3198.800048828125,249
2025-04-21 10:14:00+05:30,3201.300048828125,3202.5,3199.89990234375,3199.89990234375,70
2025-04-21 10:15:00+05:30,3200.10009765625,3201.5,3198.0,3201.5,71
2025-04-21 10:16:00+05:30,3200.10009765625,3201.5,3200.10009765625,3201.5,76
2025-04-21 10:17:00+05:30,3197.10009765625,3197.60009765625,3197.0,3197.0,111
2025-04-21 10:18:00+05:30,3196.60009765625,3196.699951171875,3195.10009765625,3195.199951171875,61
2025-04-21 10:19:00+05:30,3201.199951171875,3201.199951171875,3200.300048828125,3200.300048828125,8
2025-04-21 10:20:00+05:30,3198.89990234375,3199.0,3198.89990234375,3199.0,35
2025-04-21 10:21:00+05:30,3198.89990234375,3198.89990234375,3198.199951171875,3198.199951171875,3
2025-04-21 10:22:00+05:30,3199.699951171875,3199.699951171875,3199.699951171875,3199.699951171875,32
2025-04-21 10:23:00+05:30,3203.699951171875,3203.699951171875,3198.0,3198.0,63
2025-04-21 10:24:00+05:30,3201.199951171875,3203.699951171875,3201.199951171875,3203.699951171875,12
2025-04-21 10:25:00+05:30,3210.300048828125,3210.300048828125,3207.0,3207.0,19
2025-04-21 10:26:00+05:30,3205.699951171875,3210.10009765625,3205.699951171875,3210.10009765625,20
2025-04-21 10:27:00+05:30,3210.10009765625,3210.10009765625,3210.10009765625,3210.10009765625,15
2025-04-21 10:28:00+05:30,3211.60009765625,3211.699951171875,3211.199951171875,3211.60009765625,8
2025-04-21 10:29:00+05:30,3205.0,3208.0,3205.0,3208.0,16
2025-04-21 10:30:00+05:30,3209.0,3209.0,3208.10009765625,3208.10009765625,85
2025-04-21 10:32:00+05:30,3209.0,3209.0,3205.199951171875,3207.699951171875,54
2025-04-21 10:33:00+05:30,3205.0,3205.0,3205.0,3205.0,13
2025-04-21 10:34:00+05:30,3205.800048828125,3209.300048828125,3205.800048828125,3209.300048828125,7
2025-04-21 10:35:00+05:30,3208.699951171875,3208.699951171875,3208.699951171875,3208.699951171875,2
2025-04-21 10:36:00+05:30,3208.39990234375,3209.39990234375,3205.0,3209.39990234375,28
2025-04-21 10:37:00+05:30,3205.0,3205.39990234375,3205.0,3205.39990234375,14
2025-04-21 10:39:00+05:30,3208.300048828125,3208.300048828125,3207.5,3207.5,52
2025-04-21 10:40:00+05:30,3203.300048828125,3206.10009765625,3203.300048828125,3206.10009765625,6
2025-04-21 10:41:00+05:30,3203.5,3206.699951171875,3203.300048828125,3204.0,21
2025-04-21 10:42:00+05:30,3202.0,3204.0,3200.800048828125,3203.5,55
2025-04-21 10:43:00+05:30,3200.699951171875,3201.10009765625,3200.699951171875,3200.699951171875,0
2025-04-21 10:44:00+05:30,3200.89990234375,3204.0,3200.699951171875,3200.89990234375,89
2025-04-21 10:45:00+05:30,3200.699951171875,3203.199951171875,3200.699951171875,3200.89990234375,9
2025-04-21 10:46:00+05:30,3200.0,3200.300048828125,3200.0,3200.0,8
2025-04-21 10:47:00+05:30,3198.89990234375,3200.10009765625,3198.89990234375,3200.0,24
2025-04-21 10:48:00+05:30,3199.89990234375,3199.89990234375,3197.0,3197.800048828125,26
2025-04-21 10:49:00+05:30,3200.199951171875,3200.199951171875,3197.0,3200.199951171875,58
2025-04-21 10:50:00+05:30,3200.0,3200.199951171875,3198.800048828125,3200.199951171875,14
2025-04-21 10:51:00+05:30,3200.0,3201.5,3200.0,3200.0,11
2025-04-21 10:52:00+05:30,3200.0,3200.0,3200.0,3200.0,10
2025-04-21 10:53:00+05:30,3200.10009765625,3200.199951171875,3199.10009765625,3200.0,17
2025-04-21 10:54:00+05:30,3199.300048828125,3200.300048828125,3199.300048828125,3200.0,7
2025-04-21 10:55:00+05:30,3198.5,3201.800048828125,3198.10009765625,3198.89990234375,25
2025-04-21 10:56:00+05:30,3191.10009765625,3198.39990234375,3191.10009765625,3198.39990234375,82
2025-04-21 10:57:00+05:30,3191.800048828125,3195.10009765625,3191.60009765625,3194.89990234375,32
2025-04-21 10:58:00+05:30,3191.0,3194.300048828125,3191.0,3191.800048828125,14
2025-04-21 10:59:00+05:30,3192.10009765625,3196.0,3189.10009765625,3190.0,251
2025-04-21 11:00:00+05:30,3189.300048828125,3191.10009765625,3189.0,3191.0,11
2025-04-21 11:01:00+05:30,3189.5,3192.800048828125,3189.0,3189.0,81
2025-04-21 11:02:00+05:30,3192.199951171875,3195.60009765625,3189.5,3189.5,51
2025-04-21 11:03:00+05:30,3191.5,3194.60009765625,3190.5,3190.5,26
2025-04-21 11:04:00+05:30,3195.89990234375,3200.10009765625,3191.699951171875,3194.300048828125,111
2025-04-21 11:05:00+05:30,3193.60009765625,3197.39990234375,3193.0,3193.10009765625,55
2025-04-21 11:06:00+05:30,3193.0,3195.89990234375,3193.0,3193.0,12
2025-04-21 11:07:00+05:30,3193.10009765625,3196.5,3193.10009765625,3196.5,35
2025-04-21 11:08:00+05:30,3188.89990234375,3195.300048828125,3188.89990234375,3193.0,251
2025-04-21 11:09:00+05:30,3192.89990234375,3195.199951171875,3188.10009765625,3188.10009765625,10
2025-04-21 11:10:00+05:30,3192.10009765625,3196.0,3192.0,3192.199951171875,20
2025-04-21 11:11:00+05:30,3194.39990234375,3197.89990234375,3192.60009765625,3195.699951171875,38
2025-04-21 11:12:00+05:30,3196.800048828125,3196.800048828125,3193.199951171875,3194.60009765625,12
2025-04-21 11:13:00+05:30,3195.0,3197.0,3193.10009765625,3194.300048828125,11
2025-04-21 11:14:00+05:30,3193.800048828125,3195.800048828125,3193.0,3195.0,19
2025-04-21 11:15:00+05:30,3196.39990234375,3202.300048828125,3193.300048828125,3193.300048828125,50
2025-04-21 11:16:00+05:30,3197.39990234375,3198.699951171875,3194.800048828125,3196.39990234375,24
2025-04-21 11:17:00+05:30,3193.60009765625,3197.39990234375,3193.300048828125,3197.0,32
2025-04-21 11:18:00+05:30,3196.5,3198.699951171875,3193.60009765625,3198.699951171875,103
2025-04-21 11:19:00+05:30,3196.300048828125,3199.89990234375,3196.199951171875,3196.300048828125,11
2025-04-21 11:20:00+05:30,3195.0,3199.0,3194.39990234375,3196.300048828125,35
2025-04-21 11:21:00+05:30,3195.39990234375,3198.10009765625,3194.800048828125,3195.0,11
2025-04-21 11:22:00+05:30,3194.800048828125,3198.10009765625,3194.10009765625,3194.89990234375,21
2025-04-21 11:23:00+05:30,3195.39990234375,3197.699951171875,3194.39990234375,3195.199951171875,18
2025-04-21 11:24:00+05:30,3195.0,3198.10009765625,3195.0,3195.39990234375,15
2025-04-21 11:25:00+05:30,3194.800048828125,3197.60009765625,3194.5,3197.60009765625,13
2025-04-21 11:26:00+05:30,3194.10009765625,3197.60009765625,3194.10009765625,3196.199951171875,25
2025-04-21 11:27:00+05:30,3194.60009765625,3197.300048828125,3194.300048828125,3197.300048828125,12
2025-04-21 11:28:00+05:30,3194.800048828125,3197.60009765625,3194.60009765625,3194.60009765625,36
2025-04-21 11:29:00+05:30,3193.0,3195.39990234375,3193.0,3193.39990234375,37
2025-04-21 11:30:00+05:30,3193.39990234375,3196.300048828125,3193.0,3193.0,32
2025-04-21 11:31:00+05:30,3193.0,3196.0,3193.0,3193.60009765625,9
2025-04-21 11:32:00+05:30,3193.5,3193.699951171875,3193.5,3193.699951171875,19
2025-04-21 11:33:00+05:30,3211.60009765625,3213.39990234375,3193.60009765625,3193.60009765625,1210
2025-04-21 11:34:00+05:30,3210.0,3213.39990234375,3208.5,3209.5,40
2025-04-21 11:35:00+05:30,3211.800048828125,3217.89990234375,3207.300048828125,3207.300048828125,251
2025-04-21 11:36:00+05:30,3210.60009765625,3211.60009765625,3210.10009765625,3211.199951171875,12
2025-04-21 11:37:00+05:30,3210.0,3214.60009765625,3210.0,3210.39990234375,15
2025-04-21 11:38:00+05:30,3210.0,3210.89990234375,3207.699951171875,3210.0,48
2025-04-21 11:39:00+05:30,3209.10009765625,3212.39990234375,3208.199951171875,3208.89990234375,9
2025-04-21 11:40:00+05:30,3208.5,3209.39990234375,3208.5,3209.39990234375,11
2025-04-21 11:41:00+05:30,3208.0,3212.39990234375,3207.60009765625,3207.60009765625,19
2025-04-21 11:42:00+05:30,3208.60009765625,3212.199951171875,3208.10009765625,3208.5,9
2025-04-21 11:43:00+05:30,3208.199951171875,3208.199951171875,3208.10009765625,3208.10009765625,17
2025-04-21 11:44:00+05:30,3208.39990234375,3211.699951171875,3203.5,3208.10009765625,168
2025-04-21 11:45:00+05:30,3209.0,3209.0,3207.699951171875,3207.699951171875,13
2025-04-21 11:46:00+05:30,3209.300048828125,3212.0,3208.60009765625,3208.699951171875,9
2025-04-21 11:47:00+05:30,3210.0,3210.39990234375,3209.60009765625,3209.699951171875,26
2025-04-21 11:48:00+05:30,3207.89990234375,3210.39990234375,3207.89990234375,3210.0,73
2025-04-21 11:49:00+05:30,3203.60009765625,3210.89990234375,3203.39990234375,3208.10009765625,142
2025-04-21 11:50:00+05:30,3202.89990234375,3207.800048828125,3202.89990234375,3207.800048828125,18
2025-04-21 11:51:00+05:30,3202.60009765625,3203.10009765625,3202.300048828125,3202.699951171875,11
2025-04-21 11:52:00+05:30,3203.300048828125,3205.39990234375,3202.5,3203.10009765625,10
2025-04-21 11:53:00+05:30,3201.800048828125,3203.0,3201.800048828125,3202.60009765625,18
2025-04-21 11:54:00+05:30,3202.800048828125,3204.10009765625,3201.300048828125,3201.39990234375,22
2025-04-21 11:55:00+05:30,3201.699951171875,3205.5,3201.699951171875,3202.699951171875,10
2025-04-21 11:56:00+05:30,3203.5,3205.5,3201.60009765625,3201.60009765625,16
2025-04-21 11:57:00+05:30,3205.0,3208.89990234375,3202.0,3203.39990234375,45
2025-04-21 11:58:00+05:30,3205.199951171875,3208.0,3204.60009765625,3204.89990234375,9
2025-04-21 11:59:00+05:30,3213.39990234375,3218.699951171875,3204.300048828125,3205.0,164
2025-04-21 12:00:00+05:30,3215.300048828125,3215.300048828125,3210.39990234375,3215.0,68
2025-04-21 12:01:00+05:30,3214.60009765625,3214.60009765625,3213.699951171875,3214.60009765625,4
2025-04-21 12:02:00+05:30,3213.800048828125,3214.60009765625,3210.300048828125,3210.300048828125,17
2025-04-21 12:03:00+05:30,3217.800048828125,3220.0,3216.199951171875,3220.0,403
2025-04-21 12:04:00+05:30,3222.0,3222.0,3219.800048828125,3221.0,76
2025-04-21 12:05:00+05:30,3218.60009765625,3222.199951171875,3218.60009765625,3222.199951171875,176
2025-04-21 12:06:00+05:30,3214.699951171875,3218.39990234375,3214.699951171875,3218.39990234375,14
2025-04-21 12:07:00+05:30,3217.10009765625,3217.10009765625,3214.699951171875,3214.699951171875,3
2025-04-21 12:08:00+05:30,3214.5,3216.800048828125,3214.10009765625,3214.10009765625,31
2025-04-21 12:09:00+05:30,3219.89990234375,3219.89990234375,3218.300048828125,3218.300048828125,2
2025-04-21 12:10:00+05:30,3218.89990234375,3219.5,3218.89990234375,3219.5,4
2025-04-21 12:11:00+05:30,3215.199951171875,3219.300048828125,3215.199951171875,3215.699951171875,28
2025-04-21 12:12:00+05:30,3219.199951171875,3224.800048828125,3218.199951171875,3218.199951171875,140
2025-04-21 12:13:00+05:30,3224.89990234375,3224.89990234375,3219.89990234375,3219.89990234375,145
2025-04-21 12:14:00+05:30,3226.699951171875,3226.89990234375,3224.89990234375,3224.89990234375,13
2025-04-21 12:15:00+05:30,3224.199951171875,3226.5,3224.199951171875,3226.5,35
2025-04-21 12:16:00+05:30,3222.10009765625,3224.0,3222.10009765625,3224.0,4
2025-04-21 12:17:00+05:30,3223.800048828125,3228.10009765625,3223.800048828125,3224.0,83
2025-04-21 12:18:00+05:30,3224.39990234375,3229.60009765625,3224.39990234375,3227.89990234375,100
2025-04-21 12:19:00+05:30,3228.5,3228.5,3228.5,3228.5,3
2025-04-21 12:20:00+05:30,3235.800048828125,3235.800048828125,3233.0,3233.0,480
2025-04-21 12:21:00+05:30,3237.800048828125,3237.800048828125,3233.699951171875,3235.199951171875,51
2025-04-21 12:22:00+05:30,3230.39990234375,3234.39990234375,3230.39990234375,3233.699951171875,58
2025-04-21 12:23:00+05:30,3236.199951171875,3236.199951171875,3227.10009765625,3227.10009765625,191
2025-04-21 12:24:00+05:30,3239.0,3239.0,3235.199951171875,3237.10009765625,447
2025-04-21 12:25:00+05:30,3276.300048828125,3276.300048828125,3250.0,3250.0,1947
2025-04-21 12:26:00+05:30,3286.39990234375,3288.10009765625,3280.800048828125,3280.800048828125,744
2025-04-21 12:27:00+05:30,3290.89990234375,3290.89990234375,3276.199951171875,3285.60009765625,1070
2025-04-21 12:28:00+05:30,3287.0,3294.0,3284.300048828125,3294.0,103
2025-04-21 12:29:00+05:30,3289.89990234375,3293.0,3287.199951171875,3289.39990234375,156
2025-04-21 12:30:00+05:30,3283.10009765625,3287.300048828125,3282.5,3287.300048828125,70
2025-04-21 12:31:00+05:30,3278.800048828125,3283.300048828125,3272.300048828125,3283.300048828125,264
2025-04-21 12:32:00+05:30,3274.10009765625,3278.89990234375,3272.300048828125,3273.699951171875,433
2025-04-21 12:33:00+05:30,3309.10009765625,3313.0,3285.89990234375,3285.89990234375,1295
2025-04-21 12:34:00+05:30,3305.0,3308.0,3303.10009765625,3308.0,476
2025-04-21 12:35:00+05:30,3290.10009765625,3300.10009765625,3286.199951171875,3300.10009765625,124
2025-04-21 12:36:00+05:30,3295.699951171875,3303.199951171875,3293.800048828125,3293.800048828125,275
2025-04-21 12:37:00+05:30,3295.89990234375,3300.0,3295.89990234375,3300.0,18
2025-04-21 12:38:00+05:30,3288.89990234375,3293.10009765625,3288.89990234375,3293.10009765625,204
2025-04-21 12:39:00+05:30,3292.39990234375,3292.89990234375,3287.89990234375,3287.89990234375,33
2025-04-21 12:40:00+05:30,3290.0,3292.800048828125,3290.0,3292.800048828125,23
2025-04-21 12:41:00+05:30,3292.5,3293.5,3285.0,3287.89990234375,14
2025-04-21 12:42:00+05:30,3297.0,3297.0,3292.5,3292.5,22
2025-04-21 12:43:00+05:30,3293.199951171875,3298.10009765625,3290.60009765625,3298.10009765625,155
2025-04-21 12:44:00+05:30,3292.60009765625,3293.89990234375,3287.0,3291.199951171875,49
2025-04-21 12:45:00+05:30,3293.5,3294.300048828125,3293.5,3293.60009765625,26
2025-04-21 12:46:00+05:30,3292.89990234375,3293.300048828125,3292.89990234375,3293.0,5
2025-04-21 12:47:00+05:30,3292.800048828125,3292.800048828125,3290.39990234375,3290.39990234375,11
2025-04-21 12:48:00+05:30,3292.300048828125,3292.60009765625,3287.0,3289.699951171875,286
2025-04-21 12:49:00+05:30,3291.10009765625,3292.5,3290.39990234375,3292.39990234375,47
2025-04-21 12:50:00+05:30,3287.10009765625,3290.0,3281.699951171875,3290.0,83
2025-04-21 12:51:00+05:30,3287.300048828125,3287.300048828125,3287.300048828125,3287.300048828125,2
2025-04-21 12:52:00+05:30,3288.800048828125,3288.800048828125,3288.800048828125,3288.800048828125,3
2025-04-21 12:53:00+05:30,3283.89990234375,3285.800048828125,3283.89990234375,3285.800048828125,64
2025-04-21 12:54:00+05:30,3290.5,3290.5,3284.699951171875,3284.699951171875,121
2025-04-21 12:55:00+05:30,3291.5,3291.800048828125,3291.0,3291.0,15
2025-04-21 12:56:00+05:30,3286.699951171875,3287.5,3283.800048828125,3287.5,121
2025-04-21 12:57:00+05:30,3306.89990234375,3310.0,3286.699951171875,3286.699951171875,298
2025-04-21 12:58:00+05:30,3302.300048828125,3309.0,3302.300048828125,3308.0,26
2025-04-21 12:59:00+05:30,3306.60009765625,3309.199951171875,3301.800048828125,3301.800048828125,91
2025-04-21 13:00:00+05:30,3306.199951171875,3307.699951171875,3305.0,3305.0,7
2025-04-21 13:01:00+05:30,3310.0,3310.0,3309.199951171875,3309.800048828125,194
2025-04-21 13:02:00+05:30,3310.0,3310.0,3305.0,3308.0,69
2025-04-21 13:03:00+05:30,3309.800048828125,3309.800048828125,3308.800048828125,3309.699951171875,36
2025-04-21 13:04:00+05:30,3302.0,3307.699951171875,3302.0,3303.300048828125,199
2025-04-21 13:05:00+05:30,3303.800048828125,3303.800048828125,3297.800048828125,3303.0,21
2025-04-21 13:06:00+05:30,3299.300048828125,3303.60009765625,3298.0,3298.39990234375,71
2025-04-21 13:07:00+05:30,3306.39990234375,3306.39990234375,3299.89990234375,3302.0,78
2025-04-21 13:08:00+05:30,3303.300048828125,3306.5,3303.300048828125,3304.0,32
2025-04-21 13:09:00+05:30,3302.0,3302.5,3302.0,3302.300048828125,13
2025-04-21 13:10:00+05:30,3300.10009765625,3300.10009765625,3295.199951171875,3295.199951171875,399
2025-04-21 13:11:00+05:30,3294.60009765625,3298.199951171875,3294.60009765625,3298.199951171875,115
2025-04-21 13:12:00+05:30,3298.199951171875,3298.199951171875,3298.199951171875,3298.199951171875,2
2025-04-21 13:13:00+05:30,3298.39990234375,3299.800048828125,3297.39990234375,3297.39990234375,49
2025-04-21 13:14:00+05:30,3292.60009765625,3295.39990234375,3292.5,3294.60009765625,13
2025-04-21 13:15:00+05:30,3292.300048828125,3297.10009765625,3292.300048828125,3292.5,38
2025-04-21 13:16:00+05:30,3298.39990234375,3298.39990234375,3297.10009765625,3297.10009765625,13
2025-04-21 13:17:00+05:30,3294.10009765625,3294.60009765625,3292.5,3294.60009765625,12
2025-04-21 13:18:00+05:30,3294.10009765625,3296.300048828125,3294.10009765625,3295.5,7
2025-04-21 13:19:00+05:30,3300.0,3300.0,3295.199951171875,3295.199951171875,186
2025-04-21 13:20:00+05:30,3292.89990234375,3295.0,3292.300048828125,3292.39990234375,46
2025-04-21 13:21:00+05:30,3287.199951171875,3295.89990234375,3287.199951171875,3295.89990234375,340
2025-04-21 13:22:00+05:30,3287.10009765625,3289.800048828125,3286.199951171875,3286.199951171875,24
2025-04-21 13:23:00+05:30,3287.0,3289.199951171875,3286.10009765625,3286.10009765625,28
2025-04-21 13:24:00+05:30,3289.89990234375,3289.89990234375,3288.199951171875,3289.39990234375,25
2025-04-21 13:25:00+05:30,3286.699951171875,3289.39990234375,3286.699951171875,3289.39990234375,5
2025-04-21 13:26:00+05:30,3282.199951171875,3287.800048828125,3280.199951171875,3287.800048828125,148
2025-04-21 13:27:00+05:30,3288.199951171875,3288.199951171875,3288.199951171875,3288.199951171875,91
2025-04-21 13:28:00+05:30,3293.89990234375,3296.89990234375,3287.199951171875,3294.699951171875,416
2025-04-21 13:29:00+05:30,3289.699951171875,3291.699951171875,3287.5,3287.800048828125,4
2025-04-21 13:30:00+05:30,3291.0,3291.0,3291.0,3291.0,3
2025-04-21 13:31:00+05:30,3295.199951171875,3295.199951171875,3291.10009765625,3291.10009765625,14
2025-04-21 13:32:00+05:30,3297.0,3300.0,3292.5,3293.199951171875,173
2025-04-21 13:33:00+05:30,3289.89990234375,3296.5,3289.89990234375,3296.39990234375,9
2025-04-21 13:34:00+05:30,3292.0,3292.0,3291.10009765625,3291.10009765625,3
2025-04-21 13:35:00+05:30,3299.699951171875,3299.699951171875,3289.60009765625,3289.60009765625,237
2025-04-21 13:36:00+05:30,3290.89990234375,3300.0,3288.10009765625,3297.60009765625,161
2025-04-21 13:37:00+05:30,3292.89990234375,3292.89990234375,3287.300048828125,3288.10009765625,80
2025-04-21 13:38:00+05:30,3285.0,3288.300048828125,3285.0,3288.300048828125,58
2025-04-21 13:39:00+05:30,3288.0,3288.0,3283.89990234375,3283.89990234375,15
2025-04-21 13:40:00+05:30,3285.60009765625,3288.5,3285.60009765625,3285.699951171875,12
2025-04-21 13:41:00+05:30,3286.39990234375,3286.39990234375,3283.5,3285.39990234375,18
2025-04-21 13:42:00+05:30,3286.5,3286.5,3286.5,3286.5,2
2025-04-21 13:43:00+05:30,3285.0,3286.300048828125,3285.0,3285.5,192
2025-04-21 13:44:00+05:30,3283.0,3285.0,3283.0,3283.199951171875,129
2025-04-21 13:45:00+05:30,3289.800048828125,3289.800048828125,3286.89990234375,3286.89990234375,41
2025-04-21 13:46:00+05:30,3289.89990234375,3289.89990234375,3285.10009765625,3285.10009765625,6
2025-04-21 13:47:00+05:30,3286.5,3290.0,3284.699951171875,3287.300048828125,75
2025-04-21 13:48:00+05:30,3289.89990234375,3289.89990234375,3285.699951171875,3285.699951171875,20
2025-04-21 13:49:00+05:30,3286.300048828125,3287.39990234375,3286.300048828125,3287.39990234375,19
2025-04-21 13:50:00+05:30,3289.89990234375,3289.89990234375,3289.89990234375,3289.89990234375,8
2025-04-21 13:51:00+05:30,3286.10009765625,3289.89990234375,3286.10009765625,3289.89990234375,30
2025-04-21 13:52:00+05:30,3292.39990234375,3298.89990234375,3288.10009765625,3289.89990234375,81
2025-04-21 13:53:00+05:30,3293.800048828125,3298.699951171875,3293.300048828125,3294.199951171875,36
2025-04-21 13:54:00+05:30,3291.800048828125,3295.5,3290.300048828125,3294.5,50
2025-04-21 13:55:00+05:30,3296.10009765625,3296.10009765625,3296.10009765625,3296.10009765625,42
2025-04-21 13:56:00+05:30,3297.199951171875,3297.199951171875,3290.5,3290.5,43
2025-04-21 13:57:00+05:30,3291.199951171875,3295.5,3291.199951171875,3295.5,5
2025-04-21 13:58:00+05:30,3298.800048828125,3299.5,3297.699951171875,3297.699951171875,128
2025-04-21 13:59:00+05:30,3299.300048828125,3299.89990234375,3295.89990234375,3295.89990234375,47
2025-04-21 14:00:00+05:30,3296.5,3299.800048828125,3296.5,3299.199951171875,11
2025-04-21 14:01:00+05:30,3294.10009765625,3294.300048828125,3291.0,3294.10009765625,63
2025-04-21 14:02:00+05:30,3292.300048828125,3292.300048828125,3290.60009765625,3290.60009765625,18
2025-04-21 14:03:00+05:30,3294.10009765625,3294.10009765625,3290.5,3290.5,10
2025-04-21 14:04:00+05:30,3294.0,3294.0,3290.5,3290.5,38
2025-04-21 14:05:00+05:30,3292.300048828125,3294.89990234375,3290.60009765625,3291.199951171875,34
2025-04-21 14:06:00+05:30,3294.89990234375,3294.89990234375,3294.800048828125,3294.800048828125,11
2025-04-21 14:07:00+05:30,3295.0,3295.0,3295.0,3295.0,0
2025-04-21 14:08:00+05:30,3304.89990234375,3304.89990234375,3300.89990234375,3301.60009765625,271
2025-04-21 14:09:00+05:30,3307.0,3308.0,3303.39990234375,3304.89990234375,148
2025-04-21 14:10:00+05:30,3306.89990234375,3306.89990234375,3304.10009765625,3304.10009765625,0
2025-04-21 14:11:00+05:30,3306.800048828125,3307.0,3302.800048828125,3302.800048828125,13
2025-04-21 14:12:00+05:30,3307.0,3307.0,3306.0,3306.0,33
2025-04-21 14:13:00+05:30,3305.199951171875,3307.39990234375,3302.699951171875,3307.0,240
2025-04-21 14:14:00+05:30,3302.89990234375,3307.39990234375,3302.89990234375,3306.39990234375,72
2025-04-21 14:15:00+05:30,3307.5,3307.5,3297.60009765625,3303.699951171875,218
2025-04-21 14:16:00+05:30,3306.300048828125,3309.60009765625,3305.0,3307.5,143
2025-04-21 14:17:00+05:30,3308.39990234375,3308.39990234375,3305.0,3306.300048828125,15
2025-04-21 14:18:00+05:30,3309.60009765625,3309.60009765625,3308.39990234375,3308.39990234375,19
2025-04-21 14:19:00+05:30,3306.0,3306.0,3305.0,3305.0,13
2025-04-21 14:20:00+05:30,3306.0,3306.0,3304.199951171875,3304.199951171875,13
2025-04-21 14:21:00+05:30,3305.89990234375,3308.60009765625,3305.89990234375,3306.0,33
2025-04-21 14:22:00+05:30,3307.699951171875,3308.300048828125,3305.0,3305.89990234375,50
2025-04-21 14:23:00+05:30,3308.5,3308.5,3306.10009765625,3306.10009765625,54
2025-04-21 14:24:00+05:30,3309.699951171875,3309.699951171875,3308.5,3308.5,55
2025-04-21 14:25:00+05:30,3308.39990234375,3309.699951171875,3308.39990234375,3309.699951171875,0
2025-04-21 14:26:00+05:30,3309.89990234375,3309.89990234375,3308.300048828125,3308.300048828125,100
2025-04-21 14:27:00+05:30,3309.5,3314.0,3309.5,3309.89990234375,212
2025-04-21 14:28:00+05:30,3303.800048828125,3313.0,3303.0,3312.199951171875,101
2025-04-21 14:29:00+05:30,3309.699951171875,3309.699951171875,3300.199951171875,3301.60009765625,209
2025-04-21 14:30:00+05:30,3309.800048828125,3312.199951171875,3309.800048828125,3311.10009765625,108
2025-04-21 14:31:00+05:30,3304.10009765625,3312.0,3304.10009765625,3310.89990234375,110
2025-04-21 14:32:00+05:30,3309.199951171875,3310.60009765625,3306.39990234375,3306.39990234375,42
2025-04-21 14:33:00+05:30,3313.199951171875,3313.199951171875,3309.89990234375,3309.89990234375,43
2025-04-21 14:34:00+05:30,3309.699951171875,3312.800048828125,3307.699951171875,3312.800048828125,18
2025-04-21 14:35:00+05:30,3304.60009765625,3306.0,3304.10009765625,3306.0,49
2025-04-21 14:36:00+05:30,3303.199951171875,3303.199951171875,3302.699951171875,3302.699951171875,3
2025-04-21 14:37:00+05:30,3303.199951171875,3303.199951171875,3303.10009765625,3303.10009765625,5
2025-04-21 14:38:00+05:30,3300.5,3303.89990234375,3300.5,3303.10009765625,16
2025-04-21 14:39:00+05:30,3303.89990234375,3303.89990234375,3302.39990234375,3302.39990234375,7
2025-04-21 14:40:00+05:30,3309.699951171875,3309.699951171875,3306.699951171875,3306.699951171875,170
2025-04-21 14:41:00+05:30,3313.199951171875,3313.199951171875,3310.0,3310.699951171875,42
2025-04-21 14:42:00+05:30,3314.89990234375,3314.89990234375,3310.0,3313.199951171875,173
2025-04-21 14:43:00+05:30,3321.89990234375,3323.199951171875,3314.89990234375,3314.89990234375,436
2025-04-21 14:44:00+05:30,3319.5,3320.699951171875,3315.300048828125,3319.89990234375,46
2025-04-21 14:45:00+05:30,3318.699951171875,3322.5,3317.0,3319.89990234375,126
2025-04-21 14:46:00+05:30,3318.0,3320.0,3315.300048828125,3315.300048828125,114
2025-04-21 14:47:00+05:30,3317.800048828125,3318.39990234375,3315.300048828125,3315.300048828125,27
2025-04-21 14:48:00+05:30,3319.0,3320.5,3315.300048828125,3315.300048828125,124
2025-04-21 14:49:00+05:30,3315.60009765625,3316.0,3315.60009765625,3316.0,265
2025-04-21 14:50:00+05:30,3318.0,3318.5,3315.60009765625,3318.5,36
2025-04-21 14:51:00+05:30,3318.0,3318.0,3315.800048828125,3317.89990234375,12
2025-04-21 14:52:00+05:30,3316.5,3318.0,3316.5,3318.0,31
2025-04-21 14:53:00+05:30,3317.800048828125,3318.60009765625,3317.800048828125,3318.199951171875,35
2025-04-21 14:54:00+05:30,3325.0,3325.0,3317.800048828125,3317.800048828125,242
2025-04-21 14:55:00+05:30,3323.0,3325.0,3323.0,3325.0,173
2025-04-21 14:56:00+05:30,3326.5,3326.5,3320.199951171875,3322.60009765625,17
2025-04-21 14:57:00+05:30,3323.0,3325.39990234375,3323.0,3323.0,58
2025-04-21 14:58:00+05:30,3324.0,3324.5,3322.0,3322.0,22
2025-04-21 14:59:00+05:30,3324.0,3324.0,3324.0,3324.0,95
2025-04-21 15:00:00+05:30,3324.0,3324.0,3322.199951171875,3322.199951171875,4
2025-04-21 15:01:00+05:30,3321.10009765625,3324.0,3321.10009765625,3322.89990234375,12
2025-04-21 15:02:00+05:30,3324.0,3324.89990234375,3320.60009765625,3322.10009765625,76
2025-04-21 15:03:00+05:30,3321.0,3325.5,3321.0,3325.5,63
2025-04-21 15:04:00+05:30,3322.0,3324.199951171875,3322.0,3324.199951171875,4
2025-04-21 15:05:00+05:30,3318.0,3319.0,3315.199951171875,3319.0,172
2025-04-21 15:06:00+05:30,3323.5,3323.699951171875,3318.60009765625,3318.60009765625,133
2025-04-21 15:07:00+05:30,3329.0,3329.0,3323.5,3323.5,228
2025-04-21 15:08:00+05:30,3333.0,3335.0,3326.0,3326.0,756
2025-04-21 15:09:00+05:30,3340.0,3341.0,3335.0,3335.0,320
2025-04-21 15:10:00+05:30,3338.60009765625,3338.89990234375,3333.800048828125,3337.199951171875,166
2025-04-21 15:11:00+05:30,3327.89990234375,3337.5,3327.89990234375,3334.800048828125,256
2025-04-21 15:12:00+05:30,3331.800048828125,3331.89990234375,3330.699951171875,3331.300048828125,294
2025-04-21 15:13:00+05:30,3331.800048828125,3332.10009765625,3324.5,3332.10009765625,113
2025-04-21 15:14:00+05:30,3329.39990234375,3331.699951171875,3325.10009765625,3327.10009765625,107
2025-04-21 15:15:00+05:30,3329.0,3330.199951171875,3323.60009765625,3325.699951171875,226
2025-04-21 15:16:00+05:30,3321.800048828125,3332.699951171875,3321.800048828125,3327.89990234375,495
2025-04-21 15:17:00+05:30,3329.300048828125,3329.300048828125,3320.5,3320.5,282
2025-04-21 15:18:00+05:30,3329.10009765625,3329.800048828125,3327.800048828125,3329.800048828125,135
2025-04-21 15:19:00+05:30,3325.300048828125,3333.10009765625,3324.5,3331.699951171875,150
2025-04-21 15:20:00+05:30,3327.800048828125,3329.89990234375,3320.0,3329.89990234375,217
2025-04-21 15:21:00+05:30,3327.0,3327.89990234375,3325.39990234375,3325.39990234375,309
2025-04-21 15:22:00+05:30,3324.39990234375,3327.0,3324.0,3327.0,177
2025-04-21 15:23:00+05:30,3324.199951171875,3324.800048828125,3320.0,3320.0,216
2025-04-21 15:24:00+05:30,3324.800048828125,3324.89990234375,3322.10009765625,3324.0,299
2025-04-21 15:25:00+05:30,3328.0,3328.0,3327.300048828125,3328.0,270
2025-04-21 15:26:00+05:30,3329.699951171875,3329.699951171875,3325.89990234375,3328.0,413
2025-04-21 15:27:00+05:30,3332.0,3332.300048828125,3329.0,3329.800048828125,154
2025-04-21 15:28:00+05:30,3330.0,3332.0,3330.0,3330.0,228
2025-04-21 15:29:00+05:30,3327.89990234375,3330.0,3322.39990234375,3330.0,84
2025-04-22 09:15:00+05:30,3320.60009765625,3345.0,3320.60009765625,3340.39990234375,0
2025-04-22 09:16:00+05:30,3315.0,3330.5,3315.0,3328.5,436
2025-04-22 09:17:00+05:30,3320.800048828125,3320.800048828125,3308.800048828125,3310.300048828125,634
2025-04-22 09:18:00+05:30,3327.0,3327.0,3313.60009765625,3321.300048828125,326
2025-04-22 09:19:00+05:30,3309.0,3319.699951171875,3309.0,3319.699951171875,489
2025-04-22 09:20:00+05:30,3315.10009765625,3315.10009765625,3303.60009765625,3307.800048828125,128
2025-04-22 09:21:00+05:30,3328.800048828125,3328.800048828125,3315.800048828125,3321.699951171875,597
2025-04-22 09:22:00+05:30,3324.800048828125,3334.699951171875,3320.60009765625,3328.800048828125,203
2025-04-22 09:23:00+05:30,3337.10009765625,3341.89990234375,3332.10009765625,3332.10009765625,380
2025-04-22 09:24:00+05:30,3339.199951171875,3342.89990234375,3332.60009765625,3342.89990234375,125
2025-04-22 09:25:00+05:30,3343.800048828125,3343.800048828125,3338.199951171875,3338.199951171875,82
2025-04-22 09:26:00+05:30,3329.89990234375,3340.0,3329.89990234375,3340.0,155
2025-04-22 09:27:00+05:30,3329.5,3330.199951171875,3329.5,3330.199951171875,102
2025-04-22 09:28:00+05:30,3337.39990234375,3337.39990234375,3333.699951171875,3334.0,94
2025-04-22 09:29:00+05:30,3345.60009765625,3345.60009765625,3339.300048828125,3340.699951171875,132
2025-04-22 09:30:00+05:30,3347.0,3347.60009765625,3341.0,3346.0,113
2025-04-22 09:31:00+05:30,3347.800048828125,3347.800048828125,3345.10009765625,3347.10009765625,57
2025-04-22 09:32:00+05:30,3348.89990234375,3349.0,3345.39990234375,3345.39990234375,18
2025-04-22 09:33:00+05:30,3363.0,3363.0,3349.0,3349.0,622
2025-04-22 09:34:00+05:30,3359.5,3366.0,3359.5,3366.0,212
2025-04-22 09:35:00+05:30,3361.89990234375,3361.89990234375,3360.0,3360.0,34
2025-04-22 09:36:00+05:30,3368.699951171875,3368.800048828125,3366.89990234375,3367.89990234375,214
2025-04-22 09:37:00+05:30,3370.0,3370.0,3369.5,3370.0,80
2025-04-22 09:38:00+05:30,3369.89990234375,3370.0,3365.800048828125,3370.0,152
2025-04-22 09:39:00+05:30,3375.0,3375.0,3367.300048828125,3370.0,109
2025-04-22 09:40:00+05:30,3375.0,3375.0,3371.699951171875,3374.89990234375,125
2025-04-22 09:41:00+05:30,3377.60009765625,3380.0,3370.300048828125,3370.300048828125,159
2025-04-22 09:42:00+05:30,3370.0,3378.89990234375,3370.0,3378.89990234375,183
2025-04-22 09:43:00+05:30,3374.89990234375,3374.89990234375,3370.300048828125,3370.300048828125,71
2025-04-22 09:44:00+05:30,3364.60009765625,3370.300048828125,3364.60009765625,3370.300048828125,41
2025-04-22 09:45:00+05:30,3362.10009765625,3364.60009765625,3362.10009765625,3364.60009765625,12
2025-04-22 09:46:00+05:30,3363.10009765625,3370.0,3360.0,3360.0,138
2025-04-22 09:47:00+05:30,3370.300048828125,3370.300048828125,3370.199951171875,3370.199951171875,2
2025-04-22 09:48:00+05:30,3369.0,3370.300048828125,3366.39990234375,3370.300048828125,19
2025-04-22 09:49:00+05:30,3368.39990234375,3368.39990234375,3368.39990234375,3368.39990234375,6
2025-04-22 09:50:00+05:30,3366.0,3366.0,3364.300048828125,3364.300048828125,36
2025-04-22 09:51:00+05:30,3366.10009765625,3366.10009765625,3366.10009765625,3366.10009765625,2
2025-04-22 09:52:00+05:30,3366.10009765625,3372.60009765625,3366.10009765625,3369.0,43
2025-04-22 09:53:00+05:30,3371.10009765625,3371.5,3366.0,3366.0,162
2025-04-22 09:54:00+05:30,3371.10009765625,3371.10009765625,3371.10009765625,3371.10009765625,11
2025-04-22 09:55:00+05:30,3365.0,3365.0,3365.0,3365.0,542
2025-04-22 09:56:00+05:30,3369.800048828125,3370.199951171875,3366.0,3366.0,0
2025-04-22 09:58:00+05:30,3366.800048828125,3366.800048828125,3366.800048828125,3366.800048828125,1
2025-04-22 09:59:00+05:30,3371.800048828125,3371.800048828125,3369.39990234375,3369.39990234375,103
2025-04-22 10:01:00+05:30,3388.699951171875,3388.699951171875,3367.10009765625,3367.10009765625,553
2025-04-22 10:02:00+05:30,3387.199951171875,3390.800048828125,3386.5,3389.199951171875,51
2025-04-22 10:03:00+05:30,3383.89990234375,3389.800048828125,3383.89990234375,3387.10009765625,87
2025-04-22 10:04:00+05:30,3386.60009765625,3388.0,3383.300048828125,3383.300048828125,65
2025-04-22 10:05:00+05:30,3379.5,3379.5,3376.39990234375,3376.39990234375,109
2025-04-22 10:06:00+05:30,3379.5,3383.0,3379.5,3379.5,53
2025-04-22 10:07:00+05:30,3382.0,3385.39990234375,3381.5,3385.39990234375,59
2025-04-22 10:08:00+05:30,3382.800048828125,3382.800048828125,3382.800048828125,3382.800048828125,17
2025-04-22 10:09:00+05:30,3389.300048828125,3389.300048828125,3385.800048828125,3385.800048828125,25
2025-04-22 10:10:00+05:30,3387.0,3389.60009765625,3385.800048828125,3389.60009765625,163
2025-04-22 10:11:00+05:30,3384.39990234375,3384.39990234375,3382.10009765625,3382.10009765625,103
2025-04-22 10:12:00+05:30,3379.5,3384.39990234375,3379.5,3384.39990234375,0
2025-04-22 10:13:00+05:30,3379.800048828125,3379.800048828125,3375.0,3375.0,210
2025-04-22 10:14:00+05:30,3377.5,3377.5,3377.5,3377.5,1
2025-04-22 10:15:00+05:30,3381.0,3381.39990234375,3377.60009765625,3381.39990234375,51
2025-04-22 10:16:00+05:30,3384.0,3384.800048828125,3379.199951171875,3379.199951171875,158
2025-04-22 10:17:00+05:30,3384.0,3384.0,3381.0,3384.0,4
2025-04-22 10:18:00+05:30,3383.89990234375,3383.89990234375,3383.89990234375,3383.89990234375,7
2025-04-22 10:19:00+05:30,3384.10009765625,3384.10009765625,3383.800048828125,3383.800048828125,17
2025-04-22 10:20:00+05:30,3381.0,3383.800048828125,3381.0,3383.800048828125,38
2025-04-22 10:21:00+05:30,3379.0,3383.10009765625,3379.0,3383.10009765625,0
2025-04-22 10:22:00+05:30,3383.800048828125,3383.800048828125,3381.89990234375,3381.89990234375,1
2025-04-22 10:23:00+05:30,3389.39990234375,3389.39990234375,3383.800048828125,3383.800048828125,87
2025-04-22 10:24:00+05:30,3381.300048828125,3384.10009765625,3381.300048828125,3381.39990234375,23
2025-04-22 10:25:00+05:30,3386.10009765625,3387.10009765625,3384.0,3384.0,22
2025-04-22 10:26:00+05:30,3386.199951171875,3386.199951171875,3382.300048828125,3382.300048828125,18
2025-04-22 10:27:00+05:30,3382.0,3382.0,3382.0,3382.0,17
2025-04-22 10:28:00+05:30,3385.699951171875,3385.699951171875,3381.5,3381.5,242
2025-04-22 10:29:00+05:30,3382.60009765625,3382.60009765625,3382.60009765625,3382.60009765625,1
2025-04-22 10:30:00+05:30,3385.0,3385.0,3385.0,3385.0,18
2025-04-22 10:31:00+05:30,3380.699951171875,3381.300048828125,3380.699951171875,3381.300048828125,12
2025-04-22 10:32:00+05:30,3380.0,3380.0,3380.0,3380.0,29
2025-04-22 10:33:00+05:30,3380.39990234375,3380.699951171875,3377.10009765625,3380.699951171875,47
2025-04-22 10:34:00+05:30,3375.800048828125,3376.699951171875,3375.800048828125,3376.699951171875,3
2025-04-22 10:35:00+05:30,3375.89990234375,3375.89990234375,3375.89990234375,3375.89990234375,11
2025-04-22 10:37:00+05:30,3379.0,3379.0,3376.39990234375,3376.39990234375,13
2025-04-22 10:38:00+05:30,3378.89990234375,3378.89990234375,3371.199951171875,3375.89990234375,162
2025-04-22 10:39:00+05:30,3374.699951171875,3374.800048828125,3374.699951171875,3374.800048828125,33
2025-04-22 10:40:00+05:30,3378.300048828125,3378.300048828125,3378.300048828125,3378.300048828125,1
2025-04-22 10:41:00+05:30,3378.699951171875,3378.89990234375,3375.39990234375,3378.0,79
2025-04-22 10:42:00+05:30,3378.60009765625,3378.60009765625,3378.60009765625,3378.60009765625,1
2025-04-22 10:43:00+05:30,3375.300048828125,3378.89990234375,3375.300048828125,3378.89990234375,19
2025-04-22 10:44:00+05:30,3373.699951171875,3373.699951171875,3372.800048828125,3372.800048828125,41
2025-04-22 10:45:00+05:30,3377.699951171875,3377.699951171875,3377.60009765625,3377.60009765625,2
2025-04-22 10:46:00+05:30,3380.800048828125,3380.800048828125,3378.10009765625,3378.10009765625,675
2025-04-22 10:47:00+05:30,3384.0,3384.0,3380.800048828125,3380.800048828125,11
2025-04-22 10:48:00+05:30,3390.0,3390.0,3380.800048828125,3384.10009765625,328
2025-04-22 10:49:00+05:30,3390.0,3390.0,3390.0,3390.0,39
2025-04-22 10:50:00+05:30,3386.199951171875,3390.0,3383.5,3390.0,102
2025-04-22 10:51:00+05:30,3387.89990234375,3389.199951171875,3386.39990234375,3386.39990234375,76
2025-04-22 10:52:00+05:30,3388.10009765625,3388.10009765625,3384.699951171875,3384.800048828125,59
2025-04-22 10:53:00+05:30,3384.5,3388.89990234375,3384.5,3385.0,15
2025-04-22 10:54:00+05:30,3387.60009765625,3387.60009765625,3387.60009765625,3387.60009765625,3
2025-04-22 10:55:00+05:30,3384.699951171875,3388.199951171875,3384.0,3388.199951171875,65
2025-04-22 10:56:00+05:30,3384.300048828125,3384.300048828125,3376.39990234375,3382.0,198
2025-04-22 10:57:00+05:30,3382.0,3382.89990234375,3378.699951171875,3382.5,35
2025-04-22 10:59:00+05:30,3378.39990234375,3378.39990234375,3378.39990234375,3378.39990234375,3
2025-04-22 11:00:00+05:30,3378.39990234375,3378.39990234375,3378.39990234375,3378.39990234375,43
2025-04-22 11:02:00+05:30,3379.10009765625,3379.10009765625,3378.39990234375,3378.39990234375,82
2025-04-22 11:04:00+05:30,3374.89990234375,3374.89990234375,3374.89990234375,3374.89990234375,0
2025-04-22 11:05:00+05:30,3374.60009765625,3375.699951171875,3374.60009765625,3375.699951171875,339
2025-04-22 11:07:00+05:30,3376.39990234375,3376.39990234375,3376.39990234375,3376.39990234375,115
2025-04-22 11:09:00+05:30,3376.199951171875,3376.199951171875,3376.199951171875,3376.199951171875,2
2025-04-22 11:11:00+05:30,3376.199951171875,3376.199951171875,3376.0,3376.0,58
2025-04-22 11:13:00+05:30,3370.800048828125,3370.800048828125,3370.800048828125,3370.800048828125,10
2025-04-22 11:14:00+05:30,3370.199951171875,3371.699951171875,3370.199951171875,3371.699951171875,32
2025-04-22 11:15:00+05:30,3370.0,3371.199951171875,3370.0,3371.199951171875,48
2025-04-22 11:17:00+05:30,3366.10009765625,3370.0,3366.10009765625,3370.0,369
2025-04-22 11:18:00+05:30,3365.0,3365.0,3365.0,3365.0,11
2025-04-22 11:19:00+05:30,3369.699951171875,3369.699951171875,3369.699951171875,3369.699951171875,1
2025-04-22 11:20:00+05:30,3359.89990234375,3368.0,3356.10009765625,3368.0,100
2025-04-22 11:22:00+05:30,3355.199951171875,3355.199951171875,3355.199951171875,3355.199951171875,45
2025-04-22 11:23:00+05:30,3356.199951171875,3356.199951171875,3356.199951171875,3356.199951171875,140
2025-04-22 11:24:00+05:30,3357.5,3360.0,3355.89990234375,3360.0,186
2025-04-22 11:25:00+05:30,3352.300048828125,3352.39990234375,3352.10009765625,3352.10009765625,122
2025-04-22 11:26:00+05:30,3356.800048828125,3356.800048828125,3356.800048828125,3356.800048828125,13
2025-04-22 11:28:00+05:30,3349.800048828125,3352.39990234375,3349.800048828125,3352.39990234375,129
2025-04-22 11:29:00+05:30,3349.5,3349.800048828125,3349.5,3349.800048828125,12
2025-04-22 11:30:00+05:30,3340.10009765625,3347.5,3340.10009765625,3346.10009765625,138
2025-04-22 11:31:00+05:30,3353.699951171875,3353.699951171875,3347.60009765625,3347.89990234375,548
2025-04-22 11:32:00+05:30,3354.800048828125,3355.0,3354.800048828125,3355.0,28
2025-04-22 11:33:00+05:30,3354.800048828125,3354.800048828125,3354.199951171875,3354.199951171875,30
2025-04-22 11:34:00+05:30,3350.5,3353.800048828125,3350.5,3353.800048828125,61
2025-04-22 11:35:00+05:30,3353.800048828125,3353.89990234375,3353.800048828125,3353.89990234375,2
2025-04-22 11:36:00+05:30,3353.800048828125,3353.800048828125,3353.800048828125,3353.800048828125,8
2025-04-22 11:37:00+05:30,3353.89990234375,3353.89990234375,3350.60009765625,3350.60009765625,34
2025-04-22 11:38:00+05:30,3353.89990234375,3353.89990234375,3353.89990234375,3353.89990234375,3
2025-04-22 11:39:00+05:30,3349.699951171875,3352.10009765625,3349.699951171875,3352.10009765625,174
2025-04-22 11:40:00+05:30,3346.199951171875,3346.199951171875,3346.199951171875,3346.199951171875,50
2025-04-22 11:41:00+05:30,3346.39990234375,3346.39990234375,3346.39990234375,3346.39990234375,6
2025-04-22 11:42:00+05:30,3349.89990234375,3349.89990234375,3348.199951171875,3348.199951171875,12
2025-04-22 11:43:00+05:30,3346.89990234375,3349.89990234375,3346.89990234375,3349.89990234375,6
2025-04-22 11:44:00+05:30,3347.60009765625,3349.89990234375,3347.60009765625,3349.89990234375,2
2025-04-22 11:45:00+05:30,3351.0,3351.199951171875,3346.10009765625,3351.199951171875,56
2025-04-22 11:46:00+05:30,3351.300048828125,3351.800048828125,3351.300048828125,3351.800048828125,51
2025-04-22 11:48:00+05:30,3350.0,3350.0,3350.0,3350.0,6
2025-04-22 11:50:00+05:30,3350.0,3350.0,3350.0,3350.0,1
2025-04-22 11:51:00+05:30,3348.699951171875,3348.699951171875,3345.60009765625,3345.60009765625,103
2025-04-22 11:52:00+05:30,3346.89990234375,3346.89990234375,3345.0,3345.0,5
2025-04-22 11:54:00+05:30,3345.0,3347.5,3345.0,3347.5,41
2025-04-22 11:55:00+05:30,3336.10009765625,3345.0,3336.10009765625,3345.0,98
2025-04-22 11:56:00+05:30,3336.39990234375,3339.800048828125,3336.39990234375,3336.699951171875,32
2025-04-22 11:57:00+05:30,3337.10009765625,3337.10009765625,3336.5,3336.89990234375,8
2025-04-22 11:58:00+05:30,3331.0,3337.10009765625,3331.0,3337.10009765625,33
2025-04-22 11:59:00+05:30,3334.699951171875,3335.39990234375,3333.0,3333.0,56
2025-04-22 12:00:00+05:30,3333.0,3335.5,3333.0,3334.60009765625,70
2025-04-22 12:01:00+05:30,3330.199951171875,3333.10009765625,3330.199951171875,3331.0,34
2025-04-22 12:02:00+05:30,3328.699951171875,3330.0,3328.39990234375,3330.0,8
2025-04-22 12:03:00+05:30,3328.0,3328.300048828125,3328.0,3328.0,38
2025-04-22 12:04:00+05:30,3328.0,3330.0,3328.0,3328.0,20
2025-04-22 12:05:00+05:30,3326.800048828125,3328.0,3323.199951171875,3328.0,117
2025-04-22 12:06:00+05:30,3328.89990234375,3328.89990234375,3323.39990234375,3328.0,13
2025-04-22 12:07:00+05:30,3324.0,3328.5,3324.0,3325.800048828125,10
2025-04-22 12:08:00+05:30,3323.10009765625,3324.800048828125,3323.10009765625,3324.800048828125,33
2025-04-22 12:09:00+05:30,3315.10009765625,3324.89990234375,3315.10009765625,3324.89990234375,110
2025-04-22 12:10:00+05:30,3314.60009765625,3317.5,3314.60009765625,3317.5,24
2025-04-22 12:11:00+05:30,3317.39990234375,3317.39990234375,3312.300048828125,3312.5,33
2025-04-22 12:12:00+05:30,3312.5,3315.5,3312.5,3313.10009765625,8
2025-04-22 12:13:00+05:30,3312.60009765625,3312.60009765625,3312.5,3312.5,9
2025-04-22 12:14:00+05:30,3312.0,3315.0,3312.0,3312.60009765625,80
2025-04-22 12:15:00+05:30,3311.10009765625,3314.300048828125,3311.0,3311.0,250
2025-04-22 12:16:00+05:30,3313.0,3314.199951171875,3310.300048828125,3311.39990234375,36
2025-04-22 12:17:00+05:30,3300.5,3308.699951171875,3300.5,3308.0,353
2025-04-22 12:18:00+05:30,3305.60009765625,3306.800048828125,3300.300048828125,3300.300048828125,893
2025-04-22 12:19:00+05:30,3303.39990234375,3308.5,3300.10009765625,3304.0,270
2025-04-22 12:20:00+05:30,3300.699951171875,3303.0,3300.699951171875,3303.0,24
2025-04-22 12:21:00+05:30,3294.699951171875,3304.89990234375,3293.800048828125,3304.89990234375,365
2025-04-22 12:22:00+05:30,3293.60009765625,3298.199951171875,3293.199951171875,3293.199951171875,186
2025-04-22 12:23:00+05:30,3294.89990234375,3294.89990234375,3291.300048828125,3292.5,9
2025-04-22 12:24:00+05:30,3297.60009765625,3299.699951171875,3295.199951171875,3295.199951171875,22
2025-04-22 12:25:00+05:30,3295.199951171875,3295.199951171875,3295.199951171875,3295.199951171875,15
2025-04-22 12:26:00+05:30,3297.300048828125,3297.300048828125,3296.10009765625,3296.10009765625,38
2025-04-22 12:27:00+05:30,3297.5,3297.5,3297.5,3297.5,12
2025-04-22 12:28:00+05:30,3305.800048828125,3305.800048828125,3301.10009765625,3301.10009765625,3
2025-04-22 12:29:00+05:30,3304.89990234375,3306.199951171875,3300.0,3306.199951171875,41
2025-04-22 12:30:00+05:30,3301.0,3304.0,3301.0,3304.0,20
2025-04-22 12:31:00+05:30,3306.0,3306.0,3302.699951171875,3305.800048828125,12
2025-04-22 12:32:00+05:30,3308.60009765625,3308.60009765625,3306.0,3306.0,123
2025-04-22 12:33:00+05:30,3310.199951171875,3310.199951171875,3310.10009765625,3310.10009765625,21
2025-04-22 12:35:00+05:30,3311.89990234375,3311.89990234375,3309.89990234375,3309.89990234375,57
2025-04-22 12:36:00+05:30,3311.800048828125,3315.0,3311.800048828125,3315.0,50
2025-04-22 12:37:00+05:30,3309.199951171875,3313.0,3309.199951171875,3313.0,9
2025-04-22 12:38:00+05:30,3309.89990234375,3309.89990234375,3309.89990234375,3309.89990234375,65
2025-04-22 12:39:00+05:30,3312.89990234375,3312.89990234375,3312.89990234375,3312.89990234375,0
2025-04-22 12:40:00+05:30,3311.699951171875,3311.699951171875,3310.0,3310.0,62
2025-04-22 12:41:00+05:30,3310.300048828125,3312.39990234375,3310.300048828125,3311.89990234375,13
2025-04-22 12:42:00+05:30,3312.800048828125,3312.800048828125,3312.699951171875,3312.699951171875,2
2025-04-22 12:44:00+05:30,3313.0,3313.0,3313.0,3313.0,20
2025-04-22 12:45:00+05:30,3312.60009765625,3313.800048828125,3312.199951171875,3313.800048828125,0
2025-04-22 12:46:00+05:30,3311.39990234375,3313.60009765625,3311.39990234375,3313.60009765625,2
2025-04-22 12:48:00+05:30,3313.60009765625,3313.60009765625,3313.0,3313.0,2
2025-04-22 12:49:00+05:30,3310.0,3312.10009765625,3310.0,3311.39990234375,20
2025-04-22 12:50:00+05:30,3309.60009765625,3309.60009765625,3309.60009765625,3309.60009765625,0
2025-04-22 12:51:00+05:30,3312.39990234375,3312.39990234375,3311.800048828125,3311.800048828125,17
2025-04-22 12:52:00+05:30,3310.0,3310.0,3310.0,3310.0,110
2025-04-22 12:53:00+05:30,3314.0,3315.0,3313.39990234375,3313.39990234375,607
2025-04-22 12:54:00+05:30,3311.39990234375,3312.5,3310.10009765625,3312.5,60
2025-04-22 12:55:00+05:30,3311.60009765625,3315.10009765625,3311.0,3311.0,15
2025-04-22 12:56:00+05:30,3316.0,3316.0,3316.0,3316.0,6
2025-04-22 12:57:00+05:30,3309.800048828125,3315.89990234375,3309.60009765625,3315.89990234375,137
2025-04-22 12:58:00+05:30,3309.0,3309.0,3308.89990234375,3308.89990234375,9
2025-04-22 12:59:00+05:30,3302.199951171875,3309.0,3302.199951171875,3309.0,20
2025-04-22 13:00:00+05:30,3300.0,3304.10009765625,3300.0,3304.10009765625,158
2025-04-22 13:01:00+05:30,3295.0,3297.0,3294.0,3297.0,57
2025-04-22 13:02:00+05:30,3297.300048828125,3297.300048828125,3294.300048828125,3294.300048828125,7
2025-04-22 13:03:00+05:30,3283.699951171875,3286.800048828125,3283.699951171875,3286.800048828125,1446
2025-04-22 13:04:00+05:30,3284.89990234375,3289.300048828125,3284.89990234375,3289.300048828125,6
2025-04-22 13:05:00+05:30,3286.0,3288.89990234375,3286.0,3288.89990234375,11
2025-04-22 13:06:00+05:30,3284.800048828125,3284.800048828125,3280.199951171875,3283.10009765625,136
2025-04-22 13:07:00+05:30,3282.699951171875,3284.89990234375,3282.699951171875,3284.89990234375,41
2025-04-22 13:08:00+05:30,3283.199951171875,3283.199951171875,3283.199951171875,3283.199951171875,6
2025-04-22 13:09:00+05:30,3282.699951171875,3287.199951171875,3282.699951171875,3287.199951171875,61
2025-04-22 13:10:00+05:30,3286.800048828125,3286.800048828125,3286.800048828125,3286.800048828125,3
2025-04-22 13:11:00+05:30,3286.5,3289.699951171875,3286.5,3288.699951171875,3
2025-04-22 13:12:00+05:30,3289.5,3289.5,3289.5,3289.5,4
2025-04-22 13:13:00+05:30,3289.10009765625,3289.5,3289.10009765625,3289.5,2
2025-04-22 13:14:00+05:30,3289.699951171875,3289.89990234375,3289.699951171875,3289.89990234375,25
2025-04-22 13:15:00+05:30,3290.60009765625,3290.60009765625,3289.5,3289.5,5
2025-04-22 13:16:00+05:30,3289.10009765625,3289.5,3289.10009765625,3289.5,32
2025-04-22 13:17:00+05:30,3289.60009765625,3289.60009765625,3289.60009765625,3289.60009765625,16
2025-04-22 13:18:00+05:30,3284.5,3289.800048828125,3284.5,3289.800048828125,55
2025-04-22 13:19:00+05:30,3289.60009765625,3289.60009765625,3289.60009765625,3289.60009765625,0
2025-04-22 13:20:00+05:30,3289.60009765625,3289.800048828125,3289.0,3289.699951171875,8
2025-04-22 13:21:00+05:30,3289.699951171875,3289.699951171875,3288.0,3288.0,8
2025-04-22 13:22:00+05:30,3289.300048828125,3289.800048828125,3289.300048828125,3289.800048828125,16
2025-04-22 13:23:00+05:30,3284.199951171875,3289.60009765625,3284.199951171875,3288.60009765625,383
2025-04-22 13:24:00+05:30,3276.89990234375,3278.89990234375,3275.89990234375,3278.89990234375,113
2025-04-22 13:25:00+05:30,3276.800048828125,3276.800048828125,3271.39990234375,3271.39990234375,345
2025-04-22 13:26:00+05:30,3276.800048828125,3276.800048828125,3270.0,3276.0,709
2025-04-22 13:27:00+05:30,3277.10009765625,3277.699951171875,3269.10009765625,3277.699951171875,204
2025-04-22 13:28:00+05:30,3269.300048828125,3269.300048828125,3265.699951171875,3265.699951171875,247
2025-04-22 13:29:00+05:30,3273.10009765625,3273.60009765625,3272.699951171875,3272.699951171875,125
2025-04-22 13:30:00+05:30,3273.10009765625,3274.5,3273.10009765625,3273.10009765625,22
2025-04-22 13:31:00+05:30,3272.60009765625,3273.10009765625,3272.60009765625,3273.10009765625,19
2025-04-22 13:33:00+05:30,3272.89990234375,3273.0,3272.89990234375,3273.0,3
2025-04-22 13:34:00+05:30,3273.10009765625,3273.10009765625,3270.10009765625,3270.10009765625,8
2025-04-22 13:35:00+05:30,3273.199951171875,3274.0,3273.199951171875,3273.89990234375,15
2025-04-22 13:36:00+05:30,3273.5,3273.5,3270.10009765625,3270.10009765625,22
2025-04-22 13:37:00+05:30,3273.5,3273.60009765625,3270.10009765625,3270.10009765625,15
2025-04-22 13:38:00+05:30,3273.699951171875,3273.699951171875,3273.699951171875,3273.699951171875,0
2025-04-22 13:39:00+05:30,3274.0,3274.0,3273.89990234375,3273.89990234375,81
2025-04-22 13:40:00+05:30,3273.699951171875,3273.699951171875,3273.699951171875,3273.699951171875,0
2025-04-22 13:41:00+05:30,3273.5,3273.5,3273.199951171875,3273.199951171875,36
2025-04-22 13:42:00+05:30,3272.89990234375,3273.0,3272.89990234375,3273.0,0
2025-04-22 13:43:00+05:30,3272.10009765625,3272.60009765625,3272.10009765625,3272.60009765625,18
2025-04-22 13:45:00+05:30,3274.699951171875,3274.699951171875,3270.0,3270.0,421
2025-04-22 13:46:00+05:30,3274.89990234375,3274.89990234375,3270.60009765625,3270.60009765625,17
2025-04-22 13:47:00+05:30,3270.60009765625,3270.60009765625,3270.60009765625,3270.60009765625,10
2025-04-22 13:48:00+05:30,3270.10009765625,3275.699951171875,3270.10009765625,3270.60009765625,35
2025-04-22 13:49:00+05:30,3274.800048828125,3274.800048828125,3274.699951171875,3274.699951171875,2
2025-04-22 13:51:00+05:30,3275.699951171875,3275.699951171875,3275.699951171875,3275.699951171875,5
2025-04-22 13:52:00+05:30,3275.60009765625,3275.60009765625,3275.60009765625,3275.60009765625,2
2025-04-22 13:53:00+05:30,3274.89990234375,3275.699951171875,3274.5,3275.5,38
2025-04-22 13:54:00+05:30,3274.5,3274.5,3273.699951171875,3273.699951171875,3
2025-04-22 13:55:00+05:30,3273.89990234375,3275.60009765625,3268.10009765625,3268.10009765625,127
2025-04-22 13:56:00+05:30,3273.0,3273.89990234375,3268.89990234375,3268.89990234375,67
2025-04-22 13:57:00+05:30,3272.5,3272.5,3272.300048828125,3272.300048828125,0
2025-04-22 13:58:00+05:30,3273.0,3273.0,3273.0,3273.0,1
2025-04-22 13:59:00+05:30,3272.5,3272.5,3272.199951171875,3272.199951171875,2
2025-04-22 14:00:00+05:30,3272.10009765625,3272.10009765625,3268.89990234375,3268.89990234375,12
2025-04-22 14:01:00+05:30,3275.5,3275.5,3273.199951171875,3273.199951171875,8
2025-04-22 14:02:00+05:30,3280.0,3280.0,3275.199951171875,3275.800048828125,689
2025-04-22 14:03:00+05:30,3278.89990234375,3282.10009765625,3278.39990234375,3278.39990234375,0
2025-04-22 14:04:00+05:30,3275.0,3278.39990234375,3275.0,3278.39990234375,782
2025-04-22 14:05:00+05:30,3274.800048828125,3274.800048828125,3274.699951171875,3274.699951171875,0
2025-04-22 14:06:00+05:30,3274.60009765625,3275.0,3274.60009765625,3275.0,47
2025-04-22 14:07:00+05:30,3272.0,3275.0,3272.0,3275.0,96
2025-04-22 14:08:00+05:30,3274.300048828125,3274.300048828125,3273.300048828125,3273.300048828125,2
2025-04-22 14:09:00+05:30,3274.5,3274.800048828125,3272.300048828125,3274.800048828125,5
2025-04-22 14:10:00+05:30,3272.0,3274.800048828125,3272.0,3274.800048828125,6
2025-04-22 14:11:00+05:30,3274.10009765625,3274.10009765625,3272.0,3272.0,3
2025-04-22 14:12:00+05:30,3273.300048828125,3275.0,3270.0,3272.0,81
2025-04-22 14:13:00+05:30,3273.39990234375,3273.39990234375,3273.39990234375,3273.39990234375,2
2025-04-22 14:14:00+05:30,3272.699951171875,3273.300048828125,3270.699951171875,3273.300048828125,3
2025-04-22 14:15:00+05:30,3272.699951171875,3272.699951171875,3272.699951171875,3272.699951171875,11
2025-04-22 14:16:00+05:30,3273.39990234375,3273.39990234375,3270.699951171875,3273.10009765625,3
2025-04-22 14:17:00+05:30,3270.10009765625,3273.39990234375,3269.10009765625,3273.39990234375,53
2025-04-22 14:18:00+05:30,3273.300048828125,3273.300048828125,3272.5,3272.5,3
2025-04-22 14:19:00+05:30,3273.300048828125,3273.300048828125,3273.300048828125,3273.300048828125,11
2025-04-22 14:20:00+05:30,3272.60009765625,3272.60009765625,3272.60009765625,3272.60009765625,2
2025-04-22 14:21:00+05:30,3267.0,3272.0,3267.0,3269.300048828125,180
2025-04-22 14:22:00+05:30,3270.199951171875,3270.199951171875,3267.89990234375,3267.89990234375,5
2025-04-22 14:23:00+05:30,3270.89990234375,3270.89990234375,3268.199951171875,3268.199951171875,2
2025-04-22 14:24:00+05:30,3271.0,3272.199951171875,3268.10009765625,3271.699951171875,33
2025-04-22 14:25:00+05:30,3270.89990234375,3270.89990234375,3270.5,3270.5,1
2025-04-22 14:26:00+05:30,3268.10009765625,3270.699951171875,3268.10009765625,3270.699951171875,8
2025-04-22 14:27:00+05:30,3267.0,3270.199951171875,3267.0,3270.199951171875,17
2025-04-22 14:28:00+05:30,3268.800048828125,3268.800048828125,3266.0,3267.0,16
2025-04-22 14:29:00+05:30,3267.10009765625,3269.5,3267.10009765625,3269.199951171875,9
2025-04-22 14:30:00+05:30,3269.39990234375,3269.60009765625,3269.39990234375,3269.60009765625,12
2025-04-22 14:31:00+05:30,3269.39990234375,3269.60009765625,3267.300048828125,3269.60009765625,662
2025-04-22 14:32:00+05:30,3273.0,3273.199951171875,3273.0,3273.10009765625,0
2025-04-22 14:33:00+05:30,3273.10009765625,3273.10009765625,3270.699951171875,3270.699951171875,4
2025-04-22 14:34:00+05:30,3265.0,3273.60009765625,3265.0,3273.10009765625,1062
2025-04-22 14:35:00+05:30,3265.10009765625,3265.10009765625,3261.10009765625,3264.0,188
2025-04-22 14:36:00+05:30,3265.10009765625,3265.10009765625,3264.699951171875,3265.10009765625,60
2025-04-22 14:37:00+05:30,3264.5,3265.10009765625,3262.10009765625,3265.10009765625,7
2025-04-22 14:38:00+05:30,3261.5,3264.5,3261.5,3264.5,11
2025-04-22 14:39:00+05:30,3255.0,3261.5,3252.0,3261.10009765625,692
2025-04-22 14:40:00+05:30,3260.0,3260.0,3254.10009765625,3254.10009765625,141
2025-04-22 14:41:00+05:30,3254.699951171875,3259.300048828125,3254.300048828125,3258.300048828125,22
2025-04-22 14:42:00+05:30,3251.10009765625,3257.60009765625,3251.10009765625,3257.60009765625,177
2025-04-22 14:43:00+05:30,3249.699951171875,3251.10009765625,3249.699951171875,3251.10009765625,240
2025-04-22 14:44:00+05:30,3250.0,3250.0,3245.10009765625,3249.699951171875,44
2025-04-22 14:45:00+05:30,3248.699951171875,3250.5,3247.0,3250.5,125
2025-04-22 14:46:00+05:30,3251.0,3253.699951171875,3251.0,3252.0,24
2025-04-22 14:47:00+05:30,3246.0,3248.0,3246.0,3248.0,65
2025-04-22 14:48:00+05:30,3248.800048828125,3249.199951171875,3245.0,3245.0,140
2025-04-22 14:49:00+05:30,3248.199951171875,3248.89990234375,3245.89990234375,3248.800048828125,74
2025-04-22 14:50:00+05:30,3249.60009765625,3251.89990234375,3249.60009765625,3249.89990234375,67
2025-04-22 14:51:00+05:30,3251.0,3251.0,3250.0,3250.0,15470
2025-04-22 14:52:00+05:30,3247.60009765625,3254.699951171875,3247.60009765625,3253.0,1880
2025-04-22 14:53:00+05:30,3249.800048828125,3250.0,3246.699951171875,3250.0,54
2025-04-22 14:54:00+05:30,3242.0,3249.800048828125,3242.0,3249.800048828125,281
2025-04-22 14:55:00+05:30,3244.199951171875,3247.39990234375,3244.10009765625,3247.0,16
2025-04-22 14:56:00+05:30,3247.800048828125,3247.89990234375,3247.5,3247.5,43
2025-04-22 14:57:00+05:30,3248.0,3248.39990234375,3246.0,3246.0,20
2025-04-22 14:58:00+05:30,3246.0,3248.39990234375,3246.0,3248.39990234375,34
2025-04-22 14:59:00+05:30,3245.199951171875,3248.0,3245.199951171875,3246.0,50
2025-04-22 15:00:00+05:30,3247.10009765625,3247.800048828125,3247.10009765625,3247.60009765625,75
2025-04-22 15:01:00+05:30,3246.699951171875,3246.699951171875,3243.300048828125,3243.300048828125,41
2025-04-22 15:02:00+05:30,3245.0,3247.199951171875,3242.0,3247.199951171875,348
2025-04-22 15:03:00+05:30,3246.39990234375,3248.5,3242.39990234375,3246.300048828125,97
2025-04-22 15:04:00+05:30,3246.199951171875,3248.5,3245.89990234375,3246.39990234375,55
2025-04-22 15:05:00+05:30,3248.39990234375,3248.39990234375,3246.0,3247.800048828125,31
2025-04-22 15:06:00+05:30,3247.89990234375,3248.800048828125,3245.0,3248.800048828125,32
2025-04-22 15:07:00+05:30,3245.0,3248.199951171875,3245.0,3248.199951171875,282
2025-04-22 15:08:00+05:30,3242.5,3245.800048828125,3242.5,3245.800048828125,14
2025-04-22 15:09:00+05:30,3242.10009765625,3245.5,3240.0,3245.5,244
2025-04-22 15:10:00+05:30,3240.39990234375,3244.699951171875,3240.39990234375,3241.300048828125,199
2025-04-22 15:11:00+05:30,3242.300048828125,3245.0,3239.89990234375,3239.89990234375,323
2025-04-22 15:12:00+05:30,3240.39990234375,3243.10009765625,3240.199951171875,3242.89990234375,43
2025-04-22 15:13:00+05:30,3237.10009765625,3241.300048828125,3234.89990234375,3240.0,1240
2025-04-22 15:14:00+05:30,3227.300048828125,3237.60009765625,3225.39990234375,3237.10009765625,1250
2025-04-22 15:15:00+05:30,3227.89990234375,3231.10009765625,3223.0,3227.89990234375,434
2025-04-22 15:16:00+05:30,3225.0,3231.0,3225.0,3227.800048828125,351
2025-04-22 15:17:00+05:30,3229.300048828125,3231.10009765625,3223.0,3223.0,319
2025-04-22 15:18:00+05:30,3226.0,3230.0,3212.89990234375,3226.89990234375,1102
2025-04-22 15:19:00+05:30,3235.699951171875,3235.699951171875,3224.5,3227.0,219
2025-04-22 15:20:00+05:30,3230.39990234375,3235.699951171875,3230.39990234375,3235.699951171875,281
2025-04-22 15:21:00+05:30,3230.0,3237.800048828125,3230.0,3236.89990234375,1361
2025-04-22 15:22:00+05:30,3230.0,3234.699951171875,3229.89990234375,3230.0,293
2025-04-22 15:23:00+05:30,3230.0,3230.0,3230.0,3230.0,204
2025-04-22 15:24:00+05:30,3229.0,3230.0,3225.0,3230.0,866
2025-04-22 15:25:00+05:30,3229.800048828125,3230.0,3228.89990234375,3228.89990234375,172
2025-04-22 15:26:00+05:30,3229.699951171875,3230.0,3222.0,3229.699951171875,605
2025-04-22 15:27:00+05:30,3228.89990234375,3229.699951171875,3222.0,3222.0,312
2025-04-22 15:28:00+05:30,3229.0,3230.0,3228.10009765625,3228.10009765625,168
2025-04-22 15:29:00+05:30,3230.0,3230.0,3229.0,3230.0,1283
2025-04-24 09:15:00+05:30,3176.0,3190.0,3176.0,3180.10009765625,0
2025-04-24 09:16:00+05:30,3180.60009765625,3180.60009765625,3167.300048828125,3171.199951171875,172
2025-04-24 09:17:00+05:30,3184.699951171875,3190.300048828125,3178.89990234375,3178.89990234375,149
2025-04-24 09:18:00+05:30,3187.39990234375,3189.699951171875,3172.10009765625,3172.10009765625,461
2025-04-24 09:19:00+05:30,3191.0,3191.0,3188.0,3189.89990234375,189
2025-04-24 09:20:00+05:30,3180.0,3194.5,3174.39990234375,3194.5,214
2025-04-24 09:21:00+05:30,3176.89990234375,3176.89990234375,3171.89990234375,3176.699951171875,411
2025-04-24 09:22:00+05:30,3175.60009765625,3179.89990234375,3169.300048828125,3179.89990234375,144
2025-04-24 09:23:00+05:30,3165.800048828125,3171.0,3165.800048828125,3171.0,204
2025-04-24 09:24:00+05:30,3159.60009765625,3159.60009765625,3155.0,3158.699951171875,547
2025-04-24 09:25:00+05:30,3157.5,3159.60009765625,3156.89990234375,3159.60009765625,106
2025-04-24 09:26:00+05:30,3153.89990234375,3153.89990234375,3151.0,3153.800048828125,224
2025-04-24 09:27:00+05:30,3155.5,3159.60009765625,3151.5,3153.89990234375,95
2025-04-24 09:28:00+05:30,3150.0,3154.199951171875,3150.0,3154.199951171875,49
2025-04-24 09:29:00+05:30,3152.300048828125,3152.300048828125,3145.0,3146.199951171875,78
2025-04-24 09:30:00+05:30,3153.89990234375,3154.89990234375,3147.699951171875,3151.60009765625,187
2025-04-24 09:31:00+05:30,3150.39990234375,3151.699951171875,3150.39990234375,3150.89990234375,51
2025-04-24 09:32:00+05:30,3157.5,3157.5,3151.199951171875,3151.199951171875,37
2025-04-24 09:33:00+05:30,3158.89990234375,3158.89990234375,3157.5,3157.5,7
2025-04-24 09:34:00+05:30,3164.60009765625,3171.39990234375,3159.5,3159.5,172
2025-04-24 09:35:00+05:30,3172.5,3172.5,3170.60009765625,3170.60009765625,3
2025-04-24 09:36:00+05:30,3168.60009765625,3174.699951171875,3165.800048828125,3174.699951171875,279
2025-04-24 09:37:00+05:30,3160.0,3166.10009765625,3159.0,3166.10009765625,916
2025-04-24 09:38:00+05:30,3155.199951171875,3155.39990234375,3155.199951171875,3155.39990234375,0
2025-04-24 09:39:00+05:30,3150.89990234375,3155.0,3150.10009765625,3154.800048828125,80
2025-04-24 09:40:00+05:30,3150.0,3151.300048828125,3150.0,3150.39990234375,54
2025-04-24 09:41:00+05:30,3148.39990234375,3149.89990234375,3147.89990234375,3149.89990234375,82
2025-04-24 09:42:00+05:30,3146.10009765625,3150.89990234375,3146.10009765625,3150.89990234375,54
2025-04-24 09:43:00+05:30,3147.39990234375,3151.300048828125,3147.39990234375,3148.60009765625,88
2025-04-24 09:44:00+05:30,3135.199951171875,3147.300048828125,3135.199951171875,3144.0,648
2025-04-24 09:45:00+05:30,3135.0,3139.800048828125,3135.0,3135.39990234375,149
2025-04-24 09:46:00+05:30,3135.10009765625,3135.60009765625,3131.0,3135.0,214
2025-04-24 09:47:00+05:30,3124.60009765625,3131.0,3124.300048828125,3131.0,257
2025-04-24 09:48:00+05:30,3133.10009765625,3133.300048828125,3130.300048828125,3130.300048828125,216
2025-04-24 09:49:00+05:30,3130.0,3130.0,3128.0,3128.0,100
2025-04-24 09:50:00+05:30,3131.10009765625,3133.10009765625,3130.10009765625,3130.10009765625,175
2025-04-24 09:51:00+05:30,3134.10009765625,3134.89990234375,3132.60009765625,3134.89990234375,69
2025-04-24 09:52:00+05:30,3139.699951171875,3140.0,3134.800048828125,3134.800048828125,143
2025-04-24 09:53:00+05:30,3140.800048828125,3143.699951171875,3138.89990234375,3138.89990234375,92
2025-04-24 09:55:00+05:30,3140.10009765625,3141.300048828125,3140.10009765625,3141.300048828125,39
2025-04-24 09:56:00+05:30,3137.10009765625,3139.10009765625,3137.10009765625,3139.10009765625,21
2025-04-24 09:58:00+05:30,3140.10009765625,3140.10009765625,3140.10009765625,3140.10009765625,25
2025-04-24 09:59:00+05:30,3137.89990234375,3141.39990234375,3134.800048828125,3134.800048828125,151
2025-04-24 10:00:00+05:30,3144.199951171875,3144.199951171875,3139.89990234375,3139.89990234375,43
2025-04-24 10:01:00+05:30,3145.0,3145.0,3140.699951171875,3143.39990234375,35
2025-04-24 10:02:00+05:30,3144.10009765625,3145.0,3143.0,3145.0,65
2025-04-24 10:03:00+05:30,3148.39990234375,3148.39990234375,3147.89990234375,3147.89990234375,88
2025-04-24 10:04:00+05:30,3148.39990234375,3148.39990234375,3146.60009765625,3148.39990234375,73
2025-04-24 10:05:00+05:30,3148.39990234375,3148.39990234375,3147.89990234375,3148.39990234375,24
2025-04-24 10:06:00+05:30,3148.199951171875,3150.0,3147.0,3149.0,273
2025-04-24 10:07:00+05:30,3149.0,3149.0,3149.0,3149.0,5
2025-04-24 10:08:00+05:30,3145.699951171875,3149.0,3145.0,3149.0,41
2025-04-24 10:09:00+05:30,3146.5,3146.5,3145.800048828125,3145.800048828125,32
2025-04-24 10:10:00+05:30,3142.5,3145.89990234375,3141.39990234375,3145.89990234375,101
2025-04-24 10:12:00+05:30,3143.60009765625,3143.60009765625,3143.60009765625,3143.60009765625,14
2025-04-24 10:14:00+05:30,3148.5,3148.5,3147.89990234375,3148.39990234375,19
2025-04-24 10:15:00+05:30,3147.0,3147.0,3145.10009765625,3145.10009765625,21
2025-04-24 10:17:00+05:30,3151.0,3151.0,3147.0,3147.0,532
2025-04-24 10:18:00+05:30,3150.699951171875,3150.89990234375,3148.0,3150.0,524
2025-04-24 10:19:00+05:30,3152.0,3152.0,3152.0,3152.0,118
2025-04-24 10:20:00+05:30,3153.0,3153.0,3152.0,3152.0,27
2025-04-24 10:21:00+05:30,3152.60009765625,3152.60009765625,3152.60009765625,3152.60009765625,1
2025-04-24 10:22:00+05:30,3153.0,3153.0,3153.0,3153.0,19
2025-04-24 10:24:00+05:30,3150.800048828125,3153.0,3150.800048828125,3153.0,46
2025-04-24 10:25:00+05:30,3149.0,3152.5,3149.0,3152.5,103
2025-04-24 10:27:00+05:30,3153.0,3153.0,3152.5,3152.5,99
2025-04-24 10:28:00+05:30,3153.0,3153.0,3153.0,3153.0,32
2025-04-24 10:29:00+05:30,3153.0,3153.0,3153.0,3153.0,8
2025-04-24 10:30:00+05:30,3152.0,3152.0,3152.0,3152.0,0
2025-04-24 10:31:00+05:30,3150.5,3151.300048828125,3150.5,3151.300048828125,90
2025-04-24 10:32:00+05:30,3150.5,3150.5,3150.5,3150.5,92
2025-04-24 10:33:00+05:30,3153.0,3153.0,3153.0,3153.0,0
2025-04-24 10:35:00+05:30,3152.89990234375,3153.0,3152.89990234375,3153.0,23
2025-04-24 10:36:00+05:30,3156.300048828125,3156.89990234375,3155.89990234375,3155.89990234375,999
2025-04-24 10:37:00+05:30,3158.0,3158.0,3158.0,3158.0,2
2025-04-24 10:38:00+05:30,3152.0,3152.0,3152.0,3152.0,76
2025-04-24 10:39:00+05:30,3145.0,3149.0,3145.0,3149.0,315
2025-04-24 10:40:00+05:30,3147.0,3147.0,3147.0,3147.0,23
2025-04-24 10:41:00+05:30,3144.10009765625,3145.0,3144.10009765625,3145.0,121
2025-04-24 10:42:00+05:30,3145.5,3145.5,3145.39990234375,3145.39990234375,3
2025-04-24 10:44:00+05:30,3144.800048828125,3144.800048828125,3144.800048828125,3144.800048828125,1
2025-04-24 10:45:00+05:30,3149.89990234375,3150.0,3145.39990234375,3145.39990234375,88
2025-04-24 10:46:00+05:30,3150.0,3150.0,3149.89990234375,3149.89990234375,4
2025-04-24 10:47:00+05:30,3147.5,3150.0,3147.5,3150.0,25
2025-04-24 10:48:00+05:30,3150.0,3150.0,3150.0,3150.0,274
2025-04-24 10:49:00+05:30,3147.5,3147.5,3147.0,3147.0,0
2025-04-24 10:50:00+05:30,3145.10009765625,3145.10009765625,3145.10009765625,3145.10009765625,0
2025-04-24 10:51:00+05:30,3144.800048828125,3144.800048828125,3144.800048828125,3144.800048828125,72
2025-04-24 10:52:00+05:30,3144.800048828125,3144.800048828125,3144.800048828125,3144.800048828125,1
2025-04-24 10:53:00+05:30,3144.800048828125,3144.800048828125,3144.800048828125,3144.800048828125,3
2025-04-24 10:54:00+05:30,3144.800048828125,3144.800048828125,3144.800048828125,3144.800048828125,8
2025-04-24 10:55:00+05:30,3143.39990234375,3147.5,3143.39990234375,3147.5,119
2025-04-24 10:58:00+05:30,3146.699951171875,3146.699951171875,3143.89990234375,3143.89990234375,138
2025-04-24 10:59:00+05:30,3142.699951171875,3142.699951171875,3142.699951171875,3142.699951171875,55
2025-04-24 11:01:00+05:30,3145.800048828125,3146.0,3145.800048828125,3146.0,41
2025-04-24 11:04:00+05:30,3146.0,3146.0,3142.39990234375,3145.89990234375,66
2025-04-24 11:05:00+05:30,3144.10009765625,3147.800048828125,3144.10009765625,3147.800048828125,57
2025-04-24 11:06:00+05:30,3147.89990234375,3147.89990234375,3147.89990234375,3147.89990234375,0
2025-04-24 11:07:00+05:30,3148.5,3148.5,3148.5,3148.5,14
2025-04-24 11:08:00+05:30,3149.89990234375,3149.89990234375,3148.89990234375,3148.89990234375,32
2025-04-24 11:09:00+05:30,3150.0,3150.0,3149.60009765625,3149.60009765625,27
2025-04-24 11:10:00+05:30,3149.89990234375,3149.89990234375,3147.39990234375,3147.39990234375,0
2025-04-24 11:11:00+05:30,3150.0,3150.0,3150.0,3150.0,12
2025-04-24 11:12:00+05:30,3147.199951171875,3147.199951171875,3147.199951171875,3147.199951171875,85
2025-04-24 11:13:00+05:30,3145.0,3145.0,3145.0,3145.0,3
2025-04-24 11:17:00+05:30,3147.199951171875,3147.199951171875,3147.199951171875,3147.199951171875,3
2025-04-24 11:19:00+05:30,3147.0,3147.0,3145.0,3145.0,38
2025-04-24 11:20:00+05:30,3147.300048828125,3147.300048828125,3147.300048828125,3147.300048828125,12
2025-04-24 11:21:00+05:30,3145.0,3145.0,3145.0,3145.0,2
2025-04-24 11:22:00+05:30,3146.39990234375,3147.0,3146.39990234375,3147.0,40
2025-04-24 11:23:00+05:30,3148.60009765625,3148.60009765625,3146.10009765625,3146.10009765625,58
2025-04-24 11:24:00+05:30,3148.60009765625,3148.60009765625,3148.60009765625,3148.60009765625,1
2025-04-24 11:25:00+05:30,3145.199951171875,3145.199951171875,3145.199951171875,3145.199951171875,16
2025-04-24 11:27:00+05:30,3148.300048828125,3148.300048828125,3148.300048828125,3148.300048828125,0
2025-04-24 11:28:00+05:30,3147.800048828125,3147.800048828125,3146.0,3146.0,37
2025-04-24 11:29:00+05:30,3147.89990234375,3147.89990234375,3147.89990234375,3147.89990234375,10
2025-04-24 11:30:00+05:30,3144.5,3144.60009765625,3144.5,3144.5,19
2025-04-24 11:31:00+05:30,3145.10009765625,3148.10009765625,3145.10009765625,3148.10009765625,17
2025-04-24 11:32:00+05:30,3148.39990234375,3148.39990234375,3148.39990234375,3148.39990234375,1
2025-04-24 11:34:00+05:30,3146.39990234375,3146.39990234375,3146.39990234375,3146.39990234375,9
2025-04-24 11:35:00+05:30,3150.0,3150.0,3150.0,3150.0,0
2025-04-24 11:36:00+05:30,3143.699951171875,3147.5,3143.699951171875,3147.5,18
2025-04-24 11:37:00+05:30,3146.60009765625,3146.89990234375,3146.60009765625,3146.89990234375,1
2025-04-24 11:38:00+05:30,3147.89990234375,3147.89990234375,3147.89990234375,3147.89990234375,1
2025-04-24 11:40:00+05:30,3144.89990234375,3147.800048828125,3144.89990234375,3147.800048828125,15
2025-04-24 11:41:00+05:30,3147.800048828125,3147.800048828125,3147.800048828125,3147.800048828125,1
2025-04-24 11:43:00+05:30,3144.39990234375,3147.800048828125,3144.39990234375,3147.800048828125,5
2025-04-24 11:44:00+05:30,3148.699951171875,3148.699951171875,3147.89990234375,3147.89990234375,1
2025-04-24 11:45:00+05:30,3143.199951171875,3145.199951171875,3143.199951171875,3145.199951171875,92
2025-04-24 11:46:00+05:30,3140.0,3140.0,3140.0,3140.0,120
2025-04-24 11:47:00+05:30,3141.800048828125,3145.0,3141.800048828125,3145.0,21
2025-04-24 11:48:00+05:30,3144.10009765625,3144.10009765625,3144.10009765625,3144.10009765625,0
2025-04-24 11:50:00+05:30,3144.60009765625,3144.60009765625,3144.10009765625,3144.10009765625,5
2025-04-24 11:51:00+05:30,3145.0,3145.0,3144.89990234375,3144.89990234375,5
2025-04-24 11:52:00+05:30,3145.0,3145.0,3145.0,3145.0,29
2025-04-24 11:53:00+05:30,3145.0,3145.0,3145.0,3145.0,2
2025-04-24 11:54:00+05:30,3145.0,3145.0,3145.0,3145.0,97
2025-04-24 11:55:00+05:30,3141.10009765625,3142.800048828125,3141.10009765625,3142.800048828125,223
2025-04-24 11:56:00+05:30,3139.300048828125,3143.199951171875,3135.0,3143.199951171875,706
2025-04-24 11:57:00+05:30,3138.699951171875,3140.60009765625,3136.300048828125,3140.60009765625,10
2025-04-24 11:58:00+05:30,3124.10009765625,3124.10009765625,3124.10009765625,3124.10009765625,500
2025-04-24 11:59:00+05:30,3141.0,3141.0,3139.5,3139.5,15
2025-04-24 12:00:00+05:30,3126.10009765625,3143.0,3126.10009765625,3142.60009765625,535
2025-04-24 12:01:00+05:30,3140.199951171875,3141.10009765625,3140.199951171875,3141.10009765625,1
2025-04-24 12:02:00+05:30,3140.0,3140.0,3139.800048828125,3139.800048828125,6
2025-04-24 12:03:00+05:30,3139.800048828125,3139.800048828125,3138.0,3138.0,6
2025-04-24 12:04:00+05:30,3138.800048828125,3140.699951171875,3138.699951171875,3140.699951171875,6
2025-04-24 12:05:00+05:30,3141.699951171875,3141.800048828125,3139.800048828125,3139.800048828125,12
2025-04-24 12:06:00+05:30,3141.5,3141.5,3141.5,3141.5,0
2025-04-24 12:07:00+05:30,3141.60009765625,3141.60009765625,3141.60009765625,3141.60009765625,2
2025-04-24 12:08:00+05:30,3141.60009765625,3141.60009765625,3139.800048828125,3139.800048828125,4
2025-04-24 12:09:00+05:30,3142.5,3142.5,3141.60009765625,3141.60009765625,3
2025-04-24 12:10:00+05:30,3143.199951171875,3143.199951171875,3142.5,3142.5,3
2025-04-24 12:11:00+05:30,3143.60009765625,3143.60009765625,3143.199951171875,3143.199951171875,19
2025-04-24 12:12:00+05:30,3143.89990234375,3143.89990234375,3143.89990234375,3143.89990234375,14
2025-04-24 12:13:00+05:30,3143.699951171875,3143.89990234375,3143.699951171875,3143.89990234375,14
2025-04-24 12:14:00+05:30,3141.10009765625,3143.89990234375,3141.10009765625,3143.89990234375,287
2025-04-24 12:15:00+05:30,3142.39990234375,3142.39990234375,3142.10009765625,3142.10009765625,0
2025-04-24 12:16:00+05:30,3143.10009765625,3143.10009765625,3142.89990234375,3142.89990234375,4
2025-04-24 12:17:00+05:30,3144.699951171875,3144.699951171875,3143.89990234375,3143.89990234375,27
2025-04-24 12:18:00+05:30,3144.800048828125,3144.800048828125,3144.800048828125,3144.800048828125,23
2025-04-24 12:19:00+05:30,3145.0,3145.0,3143.89990234375,3143.89990234375,27
2025-04-24 12:21:00+05:30,3145.0,3145.0,3143.800048828125,3143.800048828125,38
2025-04-24 12:22:00+05:30,3145.0,3145.0,3145.0,3145.0,19
2025-04-24 12:23:00+05:30,3145.0,3145.0,3145.0,3145.0,13
2025-04-24 12:24:00+05:30,3145.0,3145.0,3145.0,3145.0,56
2025-04-24 12:25:00+05:30,3145.0,3145.0,3145.0,3145.0,1
2025-04-24 12:26:00+05:30,3145.0,3145.0,3145.0,3145.0,1
2025-04-24 12:27:00+05:30,3145.0,3145.0,3145.0,3145.0,4
2025-04-24 12:28:00+05:30,3143.0,3145.0,3143.0,3145.0,488
2025-04-24 12:29:00+05:30,3140.0,3140.0,3140.0,3140.0,0
2025-04-24 12:30:00+05:30,3142.10009765625,3142.10009765625,3141.800048828125,3141.800048828125,13
2025-04-24 12:31:00+05:30,3141.89990234375,3141.89990234375,3141.89990234375,3141.89990234375,0
2025-04-24 12:32:00+05:30,3142.10009765625,3142.10009765625,3142.10009765625,3142.10009765625,26
2025-04-24 12:33:00+05:30,3140.0,3142.10009765625,3140.0,3142.10009765625,87
2025-04-24 12:34:00+05:30,3140.0,3140.0,3140.0,3140.0,0
2025-04-24 12:35:00+05:30,3140.10009765625,3140.10009765625,3137.300048828125,3138.60009765625,409
2025-04-24 12:36:00+05:30,3140.699951171875,3140.699951171875,3140.699951171875,3140.699951171875,5
2025-04-24 12:37:00+05:30,3140.699951171875,3140.699951171875,3140.699951171875,3140.699951171875,0
2025-04-24 12:38:00+05:30,3139.5,3139.5,3138.5,3138.5,23
2025-04-24 12:39:00+05:30,3139.800048828125,3139.800048828125,3139.800048828125,3139.800048828125,16
2025-04-24 12:40:00+05:30,3140.10009765625,3140.10009765625,3139.800048828125,3139.800048828125,0
2025-04-24 12:41:00+05:30,3140.199951171875,3140.199951171875,3140.199951171875,3140.199951171875,1
2025-04-24 12:43:00+05:30,3140.10009765625,3140.10009765625,3140.10009765625,3140.10009765625,2
2025-04-24 12:44:00+05:30,3141.0,3141.0,3141.0,3141.0,1
2025-04-24 12:45:00+05:30,3140.800048828125,3140.800048828125,3140.800048828125,3140.800048828125,24
2025-04-24 12:46:00+05:30,3140.10009765625,3140.800048828125,3140.10009765625,3140.800048828125,45
2025-04-24 12:47:00+05:30,3138.10009765625,3140.10009765625,3138.10009765625,3140.10009765625,34
2025-04-24 12:49:00+05:30,3138.0,3138.0,3138.0,3138.0,0
2025-04-24 12:50:00+05:30,3135.0,3138.0,3135.0,3138.0,53
2025-04-24 12:51:00+05:30,3133.5,3133.5,3132.0,3132.0,31
2025-04-24 12:52:00+05:30,3133.89990234375,3133.89990234375,3133.60009765625,3133.60009765625,17
2025-04-24 12:53:00+05:30,3133.89990234375,3133.89990234375,3133.89990234375,3133.89990234375,0
2025-04-24 12:54:00+05:30,3133.5,3133.5,3130.800048828125,3133.39990234375,4
2025-04-24 12:55:00+05:30,3133.699951171875,3133.800048828125,3133.5,3133.5,5
2025-04-24 12:56:00+05:30,3133.300048828125,3133.300048828125,3133.300048828125,3133.300048828125,2
2025-04-24 12:57:00+05:30,3134.0,3134.0,3133.800048828125,3133.800048828125,3
2025-04-24 12:58:00+05:30,3131.0,3131.0,3131.0,3131.0,15
2025-04-24 12:59:00+05:30,3133.800048828125,3133.800048828125,3130.699951171875,3130.699951171875,5
2025-04-24 13:00:00+05:30,3133.699951171875,3133.800048828125,3133.699951171875,3133.800048828125,8
2025-04-24 13:01:00+05:30,3133.699951171875,3133.699951171875,3133.699951171875,3133.699951171875,1
2025-04-24 13:02:00+05:30,3134.0,3134.0,3133.699951171875,3133.699951171875,18
2025-04-24 13:03:00+05:30,3134.0,3134.0,3134.0,3134.0,0
2025-04-24 13:04:00+05:30,3133.0,3134.0,3133.0,3134.0,10
2025-04-24 13:05:00+05:30,3132.0,3133.0,3132.0,3133.0,25
2025-04-24 13:06:00+05:30,3133.199951171875,3133.199951171875,3131.199951171875,3131.39990234375,10
2025-04-24 13:07:00+05:30,3133.199951171875,3133.199951171875,3133.199951171875,3133.199951171875,22
2025-04-24 13:08:00+05:30,3133.89990234375,3133.89990234375,3133.199951171875,3133.199951171875,6
2025-04-24 13:09:00+05:30,3133.199951171875,3134.60009765625,3133.199951171875,3134.60009765625,48
2025-04-24 13:10:00+05:30,3133.10009765625,3133.10009765625,3132.39990234375,3132.39990234375,57
2025-04-24 13:11:00+05:30,3132.39990234375,3133.10009765625,3132.39990234375,3133.10009765625,5
2025-04-24 13:12:00+05:30,3131.60009765625,3132.89990234375,3131.60009765625,3132.89990234375,20
2025-04-24 13:13:00+05:30,3132.89990234375,3132.89990234375,3132.89990234375,3132.89990234375,0
2025-04-24 13:14:00+05:30,3133.0,3133.0,3133.0,3133.0,1
2025-04-24 13:15:00+05:30,3133.0,3133.0,3133.0,3133.0,1
2025-04-24 13:16:00+05:30,3132.0,3132.0,3132.0,3132.0,177
2025-04-24 13:17:00+05:30,3133.0,3133.0,3133.0,3133.0,0
2025-04-24 13:18:00+05:30,3132.199951171875,3133.199951171875,3132.199951171875,3133.0,59
2025-04-24 13:19:00+05:30,3132.89990234375,3132.89990234375,3132.89990234375,3132.89990234375,0
2025-04-24 13:20:00+05:30,3131.199951171875,3131.199951171875,3131.199951171875,3131.199951171875,33
2025-04-24 13:21:00+05:30,3132.89990234375,3132.89990234375,3132.89990234375,3132.89990234375,0
2025-04-24 13:22:00+05:30,3131.199951171875,3133.199951171875,3131.0,3133.199951171875,36
2025-04-24 13:23:00+05:30,3130.699951171875,3130.699951171875,3130.699951171875,3130.699951171875,21
2025-04-24 13:24:00+05:30,3132.5,3132.800048828125,3132.5,3132.800048828125,6
2025-04-24 13:25:00+05:30,3132.800048828125,3132.89990234375,3132.5,3132.5,12
2025-04-24 13:26:00+05:30,3132.800048828125,3132.800048828125,3132.800048828125,3132.800048828125,1
2025-04-24 13:27:00+05:30,3132.89990234375,3132.89990234375,3132.89990234375,3132.89990234375,10
2025-04-24 13:28:00+05:30,3132.89990234375,3132.89990234375,3132.89990234375,3132.89990234375,0
2025-04-24 13:29:00+05:30,3132.89990234375,3132.89990234375,3132.89990234375,3132.89990234375,22
2025-04-24 13:30:00+05:30,3133.0,3133.199951171875,3133.0,3133.199951171875,15
2025-04-24 13:31:00+05:30,3133.0,3133.0,3133.0,3133.0,0
2025-04-24 13:32:00+05:30,3133.0,3133.0,3133.0,3133.0,3
2025-04-24 13:33:00+05:30,3133.0,3133.0,3133.0,3133.0,38
2025-04-24 13:34:00+05:30,3130.0,3130.0,3130.0,3130.0,71
2025-04-24 13:35:00+05:30,3130.699951171875,3130.699951171875,3130.699951171875,3130.699951171875,11
2025-04-24 13:36:00+05:30,3129.800048828125,3130.5,3127.5,3130.5,9
2025-04-24 13:37:00+05:30,3129.5,3129.5,3126.0,3129.5,63
2025-04-24 13:38:00+05:30,3129.5,3129.5,3129.5,3129.5,1
2025-04-24 13:39:00+05:30,3129.89990234375,3129.89990234375,3129.89990234375,3129.89990234375,26
2025-04-24 13:40:00+05:30,3130.0,3130.0,3130.0,3130.0,0
2025-04-24 13:41:00+05:30,3130.0,3130.0,3130.0,3130.0,1
2025-04-24 13:42:00+05:30,3130.0,3130.0,3130.0,3130.0,34
2025-04-24 13:43:00+05:30,3130.0,3130.0,3130.0,3130.0,6
2025-04-24 13:44:00+05:30,3130.0,3130.0,3130.0,3130.0,3
2025-04-24 13:45:00+05:30,3127.39990234375,3127.39990234375,3127.39990234375,3127.39990234375,35
2025-04-24 13:46:00+05:30,3129.300048828125,3129.300048828125,3128.800048828125,3128.800048828125,1
2025-04-24 13:47:00+05:30,3129.300048828125,3129.39990234375,3126.800048828125,3129.39990234375,3
2025-04-24 13:48:00+05:30,3126.5,3126.5,3126.5,3126.5,191
2025-04-24 13:49:00+05:30,3127.0,3127.199951171875,3127.0,3127.199951171875,10
2025-04-24 13:50:00+05:30,3124.0,3127.699951171875,3124.0,3127.300048828125,53
2025-04-24 13:51:00+05:30,3123.199951171875,3124.0,3123.199951171875,3124.0,5
2025-04-24 13:52:00+05:30,3125.699951171875,3125.699951171875,3125.699951171875,3125.699951171875,1
2025-04-24 13:53:00+05:30,3126.300048828125,3126.300048828125,3126.300048828125,3126.300048828125,2
2025-04-24 13:54:00+05:30,3126.300048828125,3126.300048828125,3126.0,3126.0,47
2025-04-24 13:55:00+05:30,3120.0,3125.800048828125,3118.10009765625,3125.800048828125,269
2025-04-24 13:56:00+05:30,3112.60009765625,3120.0,3112.60009765625,3120.0,89
2025-04-24 13:57:00+05:30,3112.60009765625,3113.39990234375,3112.60009765625,3113.39990234375,169
2025-04-24 13:58:00+05:30,3114.699951171875,3115.0,3112.0,3112.60009765625,49
2025-04-24 13:59:00+05:30,3111.10009765625,3114.10009765625,3111.10009765625,3112.699951171875,68
2025-04-24 14:00:00+05:30,3113.300048828125,3114.300048828125,3111.0,3114.300048828125,1
2025-04-24 14:01:00+05:30,3117.60009765625,3117.60009765625,3113.800048828125,3113.800048828125,62
2025-04-24 14:02:00+05:30,3116.89990234375,3116.89990234375,3111.300048828125,3113.0,64
2025-04-24 14:03:00+05:30,3118.0,3118.0,3117.10009765625,3117.10009765625,11
2025-04-24 14:04:00+05:30,3117.10009765625,3117.10009765625,3117.10009765625,3117.10009765625,53
2025-04-24 14:05:00+05:30,3117.800048828125,3117.800048828125,3117.800048828125,3117.800048828125,0
2025-04-24 14:06:00+05:30,3116.10009765625,3117.699951171875,3116.10009765625,3116.10009765625,7
2025-04-24 14:07:00+05:30,3112.39990234375,3116.10009765625,3112.39990234375,3116.10009765625,36
2025-04-24 14:08:00+05:30,3116.89990234375,3116.89990234375,3116.89990234375,3116.89990234375,11
2025-04-24 14:09:00+05:30,3115.0,3116.300048828125,3115.0,3116.199951171875,5
2025-04-24 14:10:00+05:30,3116.60009765625,3116.60009765625,3116.60009765625,3116.60009765625,8
2025-04-24 14:11:00+05:30,3115.0,3117.39990234375,3115.0,3117.39990234375,8
2025-04-24 14:12:00+05:30,3118.699951171875,3118.699951171875,3113.300048828125,3113.300048828125,22
2025-04-24 14:13:00+05:30,3119.10009765625,3119.10009765625,3115.699951171875,3115.699951171875,21
2025-04-24 14:14:00+05:30,3118.0,3119.300048828125,3118.0,3119.300048828125,5
2025-04-24 14:15:00+05:30,3119.10009765625,3119.10009765625,3119.10009765625,3119.10009765625,3
2025-04-24 14:16:00+05:30,3118.0,3118.0,3118.0,3118.0,1
2025-04-24 14:17:00+05:30,3114.300048828125,3117.800048828125,3114.300048828125,3117.60009765625,29
2025-04-24 14:18:00+05:30,3116.60009765625,3116.60009765625,3115.199951171875,3115.199951171875,16
2025-04-24 14:19:00+05:30,3120.0,3120.0,3115.800048828125,3117.0,326
2025-04-24 14:20:00+05:30,3125.0,3125.0,3124.89990234375,3124.89990234375,59
2025-04-24 14:21:00+05:30,3125.0,3125.0,3124.89990234375,3125.0,18
2025-04-24 14:22:00+05:30,3125.0,3125.0,3123.300048828125,3123.300048828125,28
2025-04-24 14:23:00+05:30,3125.0,3125.0,3125.0,3125.0,40
2025-04-24 14:24:00+05:30,3120.0,3125.0,3120.0,3125.0,141
2025-04-24 14:25:00+05:30,3121.39990234375,3121.39990234375,3121.39990234375,3121.39990234375,0
2025-04-24 14:26:00+05:30,3119.60009765625,3119.60009765625,3119.60009765625,3119.60009765625,5
2025-04-24 14:27:00+05:30,3120.0,3121.39990234375,3119.39990234375,3119.39990234375,14
2025-04-24 14:28:00+05:30,3122.39990234375,3122.39990234375,3121.39990234375,3121.39990234375,31
2025-04-24 14:29:00+05:30,3122.0,3122.0,3122.0,3122.0,21
2025-04-24 14:30:00+05:30,3122.800048828125,3122.800048828125,3121.39990234375,3121.5,25
2025-04-24 14:31:00+05:30,3119.10009765625,3120.800048828125,3119.10009765625,3120.0,37
2025-04-24 14:32:00+05:30,3119.0,3119.0,3119.0,3119.0,29
2025-04-24 14:33:00+05:30,3120.5,3120.5,3120.5,3120.5,0
2025-04-24 14:34:00+05:30,3120.39990234375,3120.39990234375,3119.0,3119.0,9
2025-04-24 14:35:00+05:30,3120.10009765625,3120.10009765625,3120.0,3120.0,29
2025-04-24 14:36:00+05:30,3117.89990234375,3120.699951171875,3117.89990234375,3120.699951171875,6
2025-04-24 14:37:00+05:30,3117.0,3118.0,3115.0,3117.89990234375,47
2025-04-24 14:38:00+05:30,3114.300048828125,3114.300048828125,3112.10009765625,3112.10009765625,33
2025-04-24 14:39:00+05:30,3119.300048828125,3119.300048828125,3115.0,3115.0,24
2025-04-24 14:40:00+05:30,3119.699951171875,3119.699951171875,3118.800048828125,3119.300048828125,20
2025-04-24 14:41:00+05:30,3120.0,3120.0,3120.0,3120.0,5
2025-04-24 14:42:00+05:30,3120.60009765625,3122.10009765625,3120.60009765625,3122.10009765625,83
2025-04-24 14:43:00+05:30,3120.60009765625,3120.60009765625,3119.800048828125,3119.800048828125,15
2025-04-24 14:44:00+05:30,3123.199951171875,3123.199951171875,3123.199951171875,3123.199951171875,0
2025-04-24 14:45:00+05:30,3119.800048828125,3123.0,3119.800048828125,3123.0,56
2025-04-24 14:46:00+05:30,3119.39990234375,3119.39990234375,3119.39990234375,3119.39990234375,6
2025-04-24 14:49:00+05:30,3119.199951171875,3119.199951171875,3117.800048828125,3117.800048828125,314
2025-04-24 14:50:00+05:30,3121.0,3121.0,3121.0,3121.0,0
2025-04-24 14:51:00+05:30,3123.300048828125,3123.300048828125,3123.300048828125,3123.300048828125,0
2025-04-24 14:52:00+05:30,3124.10009765625,3124.10009765625,3124.10009765625,3124.10009765625,14
2025-04-24 14:53:00+05:30,3121.5,3121.5,3121.5,3121.5,20
2025-04-24 14:54:00+05:30,3117.300048828125,3117.300048828125,3117.300048828125,3117.300048828125,47
2025-04-24 14:56:00+05:30,3118.800048828125,3118.800048828125,3118.800048828125,3118.800048828125,8
2025-04-24 14:57:00+05:30,3117.699951171875,3117.699951171875,3117.699951171875,3117.699951171875,13
2025-04-24 14:58:00+05:30,3115.0,3117.199951171875,3115.0,3117.199951171875,533
2025-04-24 14:59:00+05:30,3114.60009765625,3114.60009765625,3114.60009765625,3114.60009765625,2
2025-04-24 15:00:00+05:30,3112.300048828125,3114.60009765625,3112.300048828125,3114.60009765625,28
2025-04-24 15:01:00+05:30,3105.300048828125,3112.5,3105.300048828125,3112.5,229
2025-04-24 15:02:00+05:30,3102.699951171875,3105.0,3102.300048828125,3105.0,158
2025-04-24 15:03:00+05:30,3100.699951171875,3102.699951171875,3100.5,3102.60009765625,154
2025-04-24 15:04:00+05:30,3100.699951171875,3102.0,3100.5,3100.60009765625,171
2025-04-24 15:05:00+05:30,3100.60009765625,3101.5,3100.300048828125,3100.60009765625,335
2025-04-24 15:06:00+05:30,3100.0,3100.5,3100.0,3100.0,155
2025-04-24 15:07:00+05:30,3098.5,3100.10009765625,3098.5,3099.60009765625,327
2025-04-24 15:08:00+05:30,3093.89990234375,3095.0,3088.10009765625,3094.0,472
2025-04-24 15:09:00+05:30,3102.800048828125,3102.800048828125,3091.10009765625,3091.10009765625,583
2025-04-24 15:10:00+05:30,3095.60009765625,3099.0,3093.10009765625,3093.39990234375,713
2025-04-24 15:11:00+05:30,3095.39990234375,3096.39990234375,3095.199951171875,3096.0,133
2025-04-24 15:12:00+05:30,3095.199951171875,3098.5,3095.199951171875,3095.300048828125,182
2025-04-24 15:13:00+05:30,3095.10009765625,3096.800048828125,3095.10009765625,3095.199951171875,172
2025-04-24 15:14:00+05:30,3097.0,3098.89990234375,3093.0,3098.89990234375,442
2025-04-24 15:15:00+05:30,3095.0,3095.0,3092.199951171875,3094.800048828125,258
2025-04-24 15:16:00+05:30,3092.10009765625,3095.0,3091.89990234375,3091.89990234375,120
2025-04-24 15:17:00+05:30,3090.0,3096.89990234375,3090.0,3092.0,792
2025-04-24 15:18:00+05:30,3093.0,3093.0,3086.300048828125,3090.10009765625,703
2025-04-24 15:19:00+05:30,3087.0,3093.0,3087.0,3093.0,389
2025-04-24 15:20:00+05:30,3082.300048828125,3087.0,3082.300048828125,3087.0,1092
2025-04-24 15:21:00+05:30,3085.89990234375,3094.10009765625,3085.89990234375,3086.60009765625,1193
2025-04-24 15:22:00+05:30,3080.0,3089.0,3078.199951171875,3089.0,1452
2025-04-24 15:23:00+05:30,3080.0,3080.0,3079.699951171875,3080.0,1079
2025-04-24 15:24:00+05:30,3079.699951171875,3090.0,3079.699951171875,3079.89990234375,971
2025-04-24 15:25:00+05:30,3077.0,3079.199951171875,3076.0,3076.0,328
2025-04-24 15:26:00+05:30,3080.0,3080.0,3077.0,3077.0,502
2025-04-24 15:27:00+05:30,3075.0,3080.0,3074.89990234375,3080.0,1034
2025-04-24 15:28:00+05:30,3061.60009765625,3075.0,3061.60009765625,3075.0,2833
2025-04-24 15:29:00+05:30,3060.0,3076.39990234375,3050.300048828125,3070.10009765625,633
2025-04-25 09:15:00+05:30,3070.0,3098.89990234375,3070.0,3098.89990234375,0
2025-04-25 09:16:00+05:30,3085.800048828125,3085.800048828125,3065.699951171875,3069.0,287
2025-04-25 09:17:00+05:30,3081.0,3089.800048828125,3080.10009765625,3089.800048828125,186
2025-04-25 09:18:00+05:30,3071.10009765625,3076.699951171875,3071.10009765625,3074.800048828125,364
2025-04-25 09:19:00+05:30,3061.39990234375,3073.39990234375,3061.39990234375,3073.39990234375,270
2025-04-25 09:20:00+05:30,3046.199951171875,3056.0,3042.0,3056.0,327
2025-04-25 09:21:00+05:30,3040.0,3047.199951171875,3038.300048828125,3044.60009765625,429
2025-04-25 09:22:00+05:30,3027.699951171875,3034.300048828125,3027.699951171875,3032.10009765625,837
2025-04-25 09:23:00+05:30,3032.199951171875,3032.5,3030.0,3032.5,677
2025-04-25 09:24:00+05:30,3022.10009765625,3029.199951171875,3021.0,3029.199951171875,108
2025-04-25 09:25:00+05:30,3018.800048828125,3022.5,3014.60009765625,3022.5,1032
2025-04-25 09:26:00+05:30,3016.10009765625,3019.0,3010.199951171875,3015.699951171875,363
2025-04-25 09:27:00+05:30,3033.5,3033.5,3018.0,3018.0,361
2025-04-25 09:28:00+05:30,3028.10009765625,3038.699951171875,3028.10009765625,3031.5,257
2025-04-25 09:29:00+05:30,3036.699951171875,3036.699951171875,3033.89990234375,3033.89990234375,78
2025-04-25 09:30:00+05:30,3024.10009765625,3033.199951171875,3023.699951171875,3033.199951171875,216
2025-04-25 09:31:00+05:30,3011.300048828125,3030.5,3011.300048828125,3023.0,138
2025-04-25 09:32:00+05:30,3016.39990234375,3019.300048828125,3014.39990234375,3014.39990234375,271
2025-04-25 09:33:00+05:30,3010.0,3019.800048828125,3010.0,3013.60009765625,1362
2025-04-25 09:34:00+05:30,3000.0,3007.800048828125,2999.5,3005.89990234375,548
2025-04-25 09:35:00+05:30,3007.89990234375,3007.89990234375,3003.199951171875,3004.10009765625,139
2025-04-25 09:36:00+05:30,3005.60009765625,3009.5,3005.0,3009.10009765625,162
2025-04-25 09:37:00+05:30,3001.10009765625,3001.10009765625,2997.0,2999.89990234375,271
2025-04-25 09:38:00+05:30,3005.10009765625,3005.10009765625,2998.800048828125,3004.10009765625,738
2025-04-25 09:39:00+05:30,2997.10009765625,3004.800048828125,2997.10009765625,3004.60009765625,72
2025-04-25 09:40:00+05:30,2988.0,2997.0,2980.0,2997.0,1033
2025-04-25 09:41:00+05:30,2982.5,2987.89990234375,2980.0,2987.89990234375,22
2025-04-25 09:42:00+05:30,2983.89990234375,2983.89990234375,2980.0,2980.0,122
2025-04-25 09:43:00+05:30,2983.199951171875,2988.800048828125,2983.199951171875,2988.800048828125,80
2025-04-25 09:44:00+05:30,2982.39990234375,2983.199951171875,2980.39990234375,2983.199951171875,300
2025-04-25 09:45:00+05:30,2989.800048828125,2989.800048828125,2983.89990234375,2983.89990234375,385
2025-04-25 09:46:00+05:30,2991.800048828125,2993.800048828125,2991.800048828125,2991.800048828125,33
2025-04-25 09:47:00+05:30,2992.39990234375,2993.5,2987.300048828125,2990.0,1447
2025-04-25 09:48:00+05:30,2985.0,2991.800048828125,2985.0,2991.800048828125,19
2025-04-25 09:49:00+05:30,2984.5,2984.5,2980.89990234375,2982.5,109
2025-04-25 09:50:00+05:30,2981.10009765625,2983.300048828125,2981.10009765625,2982.800048828125,101
2025-04-25 09:51:00+05:30,2987.10009765625,2988.0,2983.0,2988.0,217
2025-04-25 09:52:00+05:30,2987.39990234375,2990.0,2987.39990234375,2988.60009765625,27
2025-04-25 09:53:00+05:30,2985.89990234375,2985.89990234375,2985.39990234375,2985.60009765625,17
2025-04-25 09:54:00+05:30,2981.10009765625,2988.39990234375,2981.10009765625,2987.0,245
2025-04-25 09:55:00+05:30,2980.800048828125,2987.89990234375,2979.0,2987.199951171875,208
2025-04-25 09:56:00+05:30,2975.0,2979.0,2975.0,2979.0,363
2025-04-25 09:57:00+05:30,2982.800048828125,2982.800048828125,2973.5,2974.199951171875,342
2025-04-25 09:58:00+05:30,2980.5,2982.300048828125,2980.5,2982.300048828125,143
2025-04-25 09:59:00+05:30,2983.300048828125,2986.800048828125,2978.300048828125,2979.199951171875,150
2025-04-25 10:00:00+05:30,2978.0,2984.89990234375,2978.0,2984.89990234375,130
2025-04-25 10:01:00+05:30,2980.300048828125,2980.800048828125,2972.699951171875,2972.699951171875,135
2025-04-25 10:02:00+05:30,2986.300048828125,2986.300048828125,2977.10009765625,2977.10009765625,85
2025-04-25 10:03:00+05:30,2984.300048828125,2985.89990234375,2979.800048828125,2981.39990234375,218
2025-04-25 10:04:00+05:30,2979.60009765625,2986.39990234375,2977.39990234375,2986.39990234375,148
2025-04-25 10:05:00+05:30,2979.800048828125,2982.89990234375,2978.699951171875,2979.60009765625,101
2025-04-25 10:06:00+05:30,2983.60009765625,2983.60009765625,2980.300048828125,2980.300048828125,91
2025-04-25 10:07:00+05:30,3001.699951171875,3001.699951171875,2984.10009765625,2984.10009765625,1082
2025-04-25 10:08:00+05:30,3000.10009765625,3002.199951171875,2998.89990234375,3001.5,46
2025-04-25 10:09:00+05:30,2997.60009765625,2997.60009765625,2990.39990234375,2997.0,230
2025-04-25 10:10:00+05:30,3003.5,3007.89990234375,2995.10009765625,2995.10009765625,669
2025-04-25 10:11:00+05:30,3004.10009765625,3004.89990234375,3002.10009765625,3002.10009765625,43
2025-04-25 10:12:00+05:30,3003.89990234375,3008.300048828125,3003.89990234375,3006.800048828125,37
2025-04-25 10:13:00+05:30,3002.0,3005.0,3002.0,3005.0,159
2025-04-25 10:14:00+05:30,2997.10009765625,3000.0,2996.199951171875,3000.0,70
2025-04-25 10:15:00+05:30,2999.10009765625,3001.0,2998.39990234375,3000.0,169
2025-04-25 10:16:00+05:30,3001.300048828125,3002.0,2996.699951171875,2996.699951171875,427
2025-04-25 10:17:00+05:30,2997.0,3005.0,2997.0,3005.0,253
2025-04-25 10:18:00+05:30,2990.0,3000.0,2990.0,2999.60009765625,493
2025-04-25 10:19:00+05:30,2988.0,2990.89990234375,2985.0,2990.89990234375,322
2025-04-25 10:20:00+05:30,2981.5,2984.800048828125,2978.39990234375,2984.800048828125,266
2025-04-25 10:21:00+05:30,2977.89990234375,2981.5,2977.89990234375,2979.39990234375,546
2025-04-25 10:22:00+05:30,2978.60009765625,2979.39990234375,2977.0,2979.39990234375,35
2025-04-25 10:23:00+05:30,2988.0,2988.0,2982.0,2982.0,218
2025-04-25 10:24:00+05:30,2989.89990234375,2990.0,2986.39990234375,2990.0,181
2025-04-25 10:25:00+05:30,2986.0,2989.89990234375,2986.0,2989.89990234375,226
2025-04-25 10:26:00+05:30,2988.199951171875,2990.0,2985.89990234375,2985.89990234375,368
2025-04-25 10:27:00+05:30,2983.5,2983.89990234375,2978.89990234375,2983.89990234375,39
2025-04-25 10:28:00+05:30,2980.89990234375,2985.39990234375,2980.300048828125,2981.699951171875,177
2025-04-25 10:29:00+05:30,2981.10009765625,2981.800048828125,2979.0,2981.800048828125,121
2025-04-25 10:30:00+05:30,2982.89990234375,2983.39990234375,2982.89990234375,2983.199951171875,96
2025-04-25 10:31:00+05:30,2987.89990234375,2987.89990234375,2985.60009765625,2985.60009765625,237
2025-04-25 10:32:00+05:30,2982.89990234375,2986.800048828125,2982.89990234375,2985.10009765625,54
2025-04-25 10:33:00+05:30,2987.0,2987.0,2987.0,2987.0,2
2025-04-25 10:34:00+05:30,2980.0,2983.60009765625,2980.0,2983.60009765625,241
2025-04-25 10:35:00+05:30,2981.10009765625,2989.0,2980.0,2980.0,295
2025-04-25 10:36:00+05:30,2984.89990234375,2987.89990234375,2984.89990234375,2987.89990234375,104
2025-04-25 10:37:00+05:30,2988.0,2988.10009765625,2985.0,2988.10009765625,466
2025-04-25 10:38:00+05:30,2987.699951171875,2987.699951171875,2982.10009765625,2985.800048828125,87
2025-04-25 10:39:00+05:30,2984.0,2987.699951171875,2984.0,2987.10009765625,41
2025-04-25 10:40:00+05:30,2985.300048828125,2986.0,2982.0,2983.0,105
2025-04-25 10:41:00+05:30,2985.800048828125,2985.800048828125,2982.300048828125,2982.300048828125,82
2025-04-25 10:42:00+05:30,2991.800048828125,2995.800048828125,2988.0,2988.0,267
2025-04-25 10:43:00+05:30,2985.199951171875,2990.0,2985.199951171875,2990.0,416
2025-04-25 10:44:00+05:30,2983.199951171875,2985.199951171875,2982.39990234375,2985.199951171875,375
2025-04-25 10:45:00+05:30,2977.0,2980.0,2977.0,2980.0,57
2025-04-25 10:46:00+05:30,2977.60009765625,2980.0,2977.0,2977.0,273
2025-04-25 10:47:00+05:30,2984.300048828125,2984.699951171875,2977.699951171875,2977.699951171875,144
2025-04-25 10:48:00+05:30,2990.5,2990.5,2984.300048828125,2984.300048828125,183
2025-04-25 10:49:00+05:30,2994.10009765625,2994.10009765625,2991.699951171875,2992.300048828125,46
2025-04-25 10:50:00+05:30,2992.0,2992.89990234375,2992.0,2992.89990234375,20
2025-04-25 10:51:00+05:30,2997.60009765625,2997.60009765625,2995.699951171875,2995.699951171875,60
2025-04-25 10:52:00+05:30,2994.89990234375,2996.60009765625,2994.89990234375,2996.60009765625,16
2025-04-25 10:53:00+05:30,2997.89990234375,2997.89990234375,2997.699951171875,2997.699951171875,5
2025-04-25 10:54:00+05:30,2991.199951171875,2998.0,2991.199951171875,2998.0,20
2025-04-25 10:55:00+05:30,2989.0,2993.10009765625,2989.0,2993.10009765625,89
2025-04-25 10:56:00+05:30,2994.300048828125,2994.300048828125,2992.10009765625,2992.10009765625,78
2025-04-25 10:57:00+05:30,2991.699951171875,2991.699951171875,2990.60009765625,2991.60009765625,199
2025-04-25 10:58:00+05:30,2992.10009765625,2993.0,2992.0,2992.0,14
2025-04-25 10:59:00+05:30,2993.39990234375,2995.199951171875,2991.60009765625,2991.60009765625,181
2025-04-25 11:00:00+05:30,2992.10009765625,2992.10009765625,2991.60009765625,2991.60009765625,20
2025-04-25 11:01:00+05:30,2991.89990234375,2994.89990234375,2991.89990234375,2994.89990234375,109
2025-04-25 11:02:00+05:30,2991.800048828125,2993.699951171875,2991.800048828125,2992.39990234375,243
2025-04-25 11:03:00+05:30,2991.800048828125,2991.800048828125,2991.699951171875,2991.800048828125,76
2025-04-25 11:04:00+05:30,2992.89990234375,2992.89990234375,2992.89990234375,2992.89990234375,0
2025-04-25 11:05:00+05:30,2995.0,2995.0,2991.10009765625,2991.10009765625,149
2025-04-25 11:06:00+05:30,2999.699951171875,3000.800048828125,2994.5,2994.89990234375,36
2025-04-25 11:07:00+05:30,2995.199951171875,2998.89990234375,2995.10009765625,2998.89990234375,5
2025-04-25 11:08:00+05:30,2995.300048828125,2995.300048828125,2995.300048828125,2995.300048828125,3
2025-04-25 11:10:00+05:30,2999.89990234375,2999.89990234375,2999.89990234375,2999.89990234375,0
2025-04-25 11:11:00+05:30,2997.89990234375,3000.0,2997.89990234375,3000.0,7
2025-04-25 11:12:00+05:30,2998.699951171875,2998.699951171875,2998.699951171875,2998.699951171875,11
2025-04-25 11:13:00+05:30,2994.199951171875,2999.0,2994.199951171875,2999.0,8
2025-04-25 11:15:00+05:30,2999.0,2999.0,2999.0,2999.0,1
2025-04-25 11:16:00+05:30,2995.0,2995.0,2995.0,2995.0,106
2025-04-25 11:17:00+05:30,2999.39990234375,2999.39990234375,2999.39990234375,2999.39990234375,0
2025-04-25 11:18:00+05:30,2998.39990234375,2998.39990234375,2997.0,2997.0,2
2025-04-25 11:19:00+05:30,2991.89990234375,2992.10009765625,2990.0,2992.10009765625,225
2025-04-25 11:20:00+05:30,2989.10009765625,2989.10009765625,2989.10009765625,2989.10009765625,91
2025-04-25 11:21:00+05:30,2991.89990234375,2995.39990234375,2991.89990234375,2995.39990234375,19
2025-04-25 11:22:00+05:30,2991.60009765625,2992.39990234375,2987.89990234375,2991.199951171875,250
2025-04-25 11:23:00+05:30,2991.300048828125,2993.89990234375,2991.300048828125,2991.89990234375,64
2025-04-25 11:24:00+05:30,2993.0,2993.199951171875,2993.0,2993.199951171875,0
2025-04-25 11:26:00+05:30,2990.60009765625,2994.699951171875,2990.60009765625,2994.699951171875,52
2025-04-25 11:28:00+05:30,2992.39990234375,2994.60009765625,2989.60009765625,2989.60009765625,68
2025-04-25 11:29:00+05:30,2999.0,2999.0,2995.60009765625,2995.60009765625,191
2025-04-25 11:30:00+05:30,3002.60009765625,3002.60009765625,3002.60009765625,3002.60009765625,45
2025-04-25 11:31:00+05:30,3001.89990234375,3002.0,3000.39990234375,3002.0,109
2025-04-25 11:32:00+05:30,2997.10009765625,3000.39990234375,2997.10009765625,3000.39990234375,20
2025-04-25 11:33:00+05:30,2996.0,2996.0,2996.0,2996.0,1
2025-04-25 11:34:00+05:30,2996.699951171875,2996.699951171875,2994.699951171875,2994.699951171875,21
2025-04-25 11:35:00+05:30,2994.300048828125,2994.300048828125,2994.300048828125,2994.300048828125,0
2025-04-25 11:36:00+05:30,2996.300048828125,2996.300048828125,2994.89990234375,2994.89990234375,10
2025-04-25 11:38:00+05:30,2997.60009765625,2997.60009765625,2997.60009765625,2997.60009765625,6
2025-04-25 11:39:00+05:30,2997.300048828125,2997.300048828125,2995.300048828125,2995.300048828125,1
2025-04-25 11:40:00+05:30,2997.60009765625,2997.60009765625,2997.5,2997.5,7
2025-04-25 11:41:00+05:30,2997.60009765625,2997.60009765625,2995.0,2995.0,124
2025-04-25 11:42:00+05:30,2995.10009765625,2995.10009765625,2995.10009765625,2995.10009765625,14
2025-04-25 11:43:00+05:30,2993.0,2993.800048828125,2993.0,2993.800048828125,97
2025-04-25 11:44:00+05:30,2993.39990234375,2993.39990234375,2993.39990234375,2993.39990234375,0
2025-04-25 11:45:00+05:30,2993.5,2993.5,2993.5,2993.5,2
2025-04-25 11:46:00+05:30,2995.800048828125,2995.800048828125,2995.800048828125,2995.800048828125,30
2025-04-25 11:47:00+05:30,2992.60009765625,2997.60009765625,2992.199951171875,2997.60009765625,110
2025-04-25 11:49:00+05:30,2995.199951171875,2995.199951171875,2995.199951171875,2995.199951171875,5
2025-04-25 11:50:00+05:30,2991.699951171875,2991.699951171875,2991.699951171875,2991.699951171875,28
2025-04-25 11:52:00+05:30,2988.10009765625,2988.10009765625,2988.10009765625,2988.10009765625,95
2025-04-25 11:53:00+05:30,2993.5,2993.5,2993.5,2993.5,144
2025-04-25 11:54:00+05:30,2992.10009765625,2993.5,2992.10009765625,2993.5,0
2025-04-25 11:55:00+05:30,2994.39990234375,2994.39990234375,2994.39990234375,2994.39990234375,8
2025-04-25 11:56:00+05:30,2992.10009765625,2994.39990234375,2992.10009765625,2994.39990234375,29
2025-04-25 11:57:00+05:30,2992.10009765625,2992.10009765625,2992.10009765625,2992.10009765625,2
2025-04-25 11:58:00+05:30,2995.300048828125,2995.300048828125,2995.300048828125,2995.300048828125,51
2025-04-25 12:00:00+05:30,2995.10009765625,2995.10009765625,2995.10009765625,2995.10009765625,1
2025-04-25 12:01:00+05:30,2992.5,2995.89990234375,2992.5,2995.10009765625,34
2025-04-25 12:02:00+05:30,2996.89990234375,2997.39990234375,2993.10009765625,2997.39990234375,75
2025-04-25 12:03:00+05:30,2993.39990234375,2994.199951171875,2993.39990234375,2994.199951171875,11
2025-04-25 12:04:00+05:30,2994.199951171875,2996.5,2993.199951171875,2996.5,21
2025-04-25 12:05:00+05:30,2994.10009765625,2994.10009765625,2994.0,2994.0,11
2025-04-25 12:06:00+05:30,2996.39990234375,3000.39990234375,2994.0,2994.0,346
2025-04-25 12:07:00+05:30,2994.89990234375,3000.199951171875,2994.89990234375,3000.199951171875,13
2025-04-25 12:08:00+05:30,2994.5,2994.699951171875,2994.5,2994.699951171875,11
2025-04-25 12:09:00+05:30,2996.699951171875,3001.199951171875,2994.5,2994.5,89
2025-04-25 12:10:00+05:30,3001.60009765625,3001.60009765625,2996.699951171875,2996.699951171875,14
2025-04-25 12:11:00+05:30,3003.0,3003.0,2999.699951171875,2999.699951171875,44
2025-04-25 12:12:00+05:30,3000.89990234375,3003.0,2998.800048828125,2998.800048828125,313
2025-04-25 12:13:00+05:30,3003.800048828125,3006.0,3002.5,3002.5,275
2025-04-25 12:14:00+05:30,3004.60009765625,3007.300048828125,3004.60009765625,3007.300048828125,18
2025-04-25 12:15:00+05:30,3008.39990234375,3008.800048828125,3006.5,3006.5,35
2025-04-25 12:16:00+05:30,3004.60009765625,3004.60009765625,3004.5,3004.5,10
2025-04-25 12:17:00+05:30,3007.0,3009.0,3006.0,3006.0,53
2025-04-25 12:18:00+05:30,3007.39990234375,3013.39990234375,3007.39990234375,3010.0,192
2025-04-25 12:19:00+05:30,3015.800048828125,3015.800048828125,3010.5,3010.5,118
2025-04-25 12:20:00+05:30,3007.300048828125,3010.60009765625,3007.300048828125,3010.60009765625,12
2025-04-25 12:21:00+05:30,3008.199951171875,3012.10009765625,3008.199951171875,3010.60009765625,16
2025-04-25 12:22:00+05:30,3007.800048828125,3007.800048828125,3007.199951171875,3007.199951171875,16
2025-04-25 12:23:00+05:30,3008.39990234375,3008.39990234375,3006.300048828125,3007.800048828125,9
2025-04-25 12:24:00+05:30,3008.89990234375,3009.0,3006.10009765625,3006.10009765625,16
2025-04-25 12:25:00+05:30,3006.10009765625,3008.89990234375,3006.10009765625,3006.10009765625,13
2025-04-25 12:26:00+05:30,3006.39990234375,3009.0,3006.0,3006.0,17
2025-04-25 12:27:00+05:30,3009.0,3009.0,3006.0,3006.0,14
2025-04-25 12:28:00+05:30,3008.89990234375,3009.0,3006.699951171875,3009.0,14
2025-04-25 12:29:00+05:30,3003.10009765625,3006.0,3003.10009765625,3006.0,40
2025-04-25 12:30:00+05:30,3006.300048828125,3007.300048828125,3003.10009765625,3003.10009765625,19
2025-04-25 12:31:00+05:30,3004.0,3007.60009765625,3004.0,3004.199951171875,18
2025-04-25 12:32:00+05:30,3006.10009765625,3007.300048828125,3003.0,3007.300048828125,14
2025-04-25 12:33:00+05:30,3004.39990234375,3008.300048828125,3004.10009765625,3004.10009765625,65
2025-04-25 12:34:00+05:30,3005.10009765625,3007.39990234375,3005.10009765625,3007.39990234375,15
2025-04-25 12:35:00+05:30,3004.300048828125,3008.0,3004.300048828125,3008.0,25
2025-04-25 12:36:00+05:30,3007.199951171875,3008.0,3007.199951171875,3008.0,27
2025-04-25 12:37:00+05:30,3009.0,3010.0,3009.0,3009.0,112
2025-04-25 12:38:00+05:30,3008.699951171875,3012.0,3006.10009765625,3012.0,128
2025-04-25 12:39:00+05:30,3005.800048828125,3009.300048828125,3004.10009765625,3004.10009765625,116
2025-04-25 12:40:00+05:30,3003.800048828125,3004.10009765625,3003.5,3003.5,92
2025-04-25 12:41:00+05:30,3000.199951171875,3007.39990234375,2996.39990234375,3007.300048828125,942
2025-04-25 12:42:00+05:30,2995.60009765625,2998.300048828125,2995.60009765625,2996.39990234375,10
2025-04-25 12:43:00+05:30,2995.60009765625,2999.10009765625,2995.60009765625,2998.39990234375,41
2025-04-25 12:44:00+05:30,2997.89990234375,2997.89990234375,2995.60009765625,2995.60009765625,19
2025-04-25 12:45:00+05:30,2999.800048828125,2999.800048828125,2995.60009765625,2995.60009765625,17
2025-04-25 12:46:00+05:30,2999.800048828125,3002.0,2999.800048828125,2999.89990234375,28
2025-04-25 12:47:00+05:30,2996.300048828125,3001.89990234375,2996.300048828125,3001.89990234375,22
2025-04-25 12:48:00+05:30,2997.699951171875,3001.0,2996.5,2999.800048828125,26
2025-04-25 12:49:00+05:30,2998.199951171875,3001.0,2997.699951171875,2997.699951171875,23
2025-04-25 12:50:00+05:30,2995.199951171875,2998.199951171875,2995.10009765625,2998.199951171875,108
2025-04-25 12:51:00+05:30,2996.300048828125,2997.89990234375,2995.0,2997.89990234375,42
2025-04-25 12:52:00+05:30,2991.10009765625,2993.199951171875,2991.10009765625,2993.199951171875,12
2025-04-25 12:53:00+05:30,2994.39990234375,2994.699951171875,2990.5,2994.699951171875,38
2025-04-25 12:54:00+05:30,2993.300048828125,2996.199951171875,2991.89990234375,2991.89990234375,42
2025-04-25 12:55:00+05:30,2994.199951171875,2996.89990234375,2993.199951171875,2996.0,40
2025-04-25 12:56:00+05:30,2999.0,3001.800048828125,2994.60009765625,2994.800048828125,305
2025-04-25 12:57:00+05:30,3010.5,3010.5,3002.10009765625,3002.10009765625,161
2025-04-25 12:58:00+05:30,3021.10009765625,3023.699951171875,3008.199951171875,3011.0,235
2025-04-25 12:59:00+05:30,3019.300048828125,3025.0,3019.300048828125,3025.0,233
2025-04-25 13:00:00+05:30,3017.10009765625,3020.0,3016.60009765625,3019.89990234375,157
2025-04-25 13:01:00+05:30,3022.39990234375,3024.0,3017.10009765625,3018.10009765625,226
2025-04-25 13:02:00+05:30,3021.39990234375,3021.39990234375,3019.300048828125,3020.0,32
2025-04-25 13:03:00+05:30,3019.0,3021.0,3019.0,3019.39990234375,195
2025-04-25 13:04:00+05:30,3025.0,3025.0,3015.199951171875,3015.199951171875,177
2025-04-25 13:05:00+05:30,3022.89990234375,3028.800048828125,3020.39990234375,3020.39990234375,153
2025-04-25 13:06:00+05:30,3022.89990234375,3026.89990234375,3022.89990234375,3023.300048828125,73
2025-04-25 13:07:00+05:30,3023.0,3023.300048828125,3023.0,3023.300048828125,11
2025-04-25 13:08:00+05:30,3020.10009765625,3027.10009765625,3020.10009765625,3027.10009765625,35
2025-04-25 13:09:00+05:30,3020.0,3020.10009765625,3020.0,3020.10009765625,12
2025-04-25 13:10:00+05:30,3017.5,3020.10009765625,3016.0,3016.0,166
2025-04-25 13:11:00+05:30,3019.60009765625,3022.0,3019.39990234375,3019.39990234375,14
2025-04-25 13:12:00+05:30,3018.800048828125,3022.10009765625,3018.800048828125,3020.800048828125,45
2025-04-25 13:13:00+05:30,3021.5,3021.5,3018.800048828125,3019.10009765625,12
2025-04-25 13:14:00+05:30,3018.89990234375,3018.89990234375,3018.300048828125,3018.300048828125,12
2025-04-25 13:15:00+05:30,3018.10009765625,3021.800048828125,3018.10009765625,3021.800048828125,12
2025-04-25 13:16:00+05:30,3022.89990234375,3022.89990234375,3017.5,3017.5,33
2025-04-25 13:17:00+05:30,3021.5,3023.5,3017.89990234375,3018.199951171875,66
2025-04-25 13:18:00+05:30,3023.800048828125,3026.0,3021.39990234375,3026.0,29
2025-04-25 13:19:00+05:30,3021.60009765625,3021.60009765625,3017.5,3020.699951171875,31
2025-04-25 13:20:00+05:30,3018.60009765625,3021.0,3018.60009765625,3021.0,72
2025-04-25 13:21:00+05:30,3022.10009765625,3022.5,3018.0,3018.199951171875,650
2025-04-25 13:22:00+05:30,3021.89990234375,3025.800048828125,3021.89990234375,3025.800048828125,13
2025-04-25 13:23:00+05:30,3024.0,3026.0,3023.0,3026.0,58
2025-04-25 13:24:00+05:30,3024.0,3024.199951171875,3019.800048828125,3019.800048828125,12
2025-04-25 13:25:00+05:30,3034.89990234375,3034.89990234375,3024.300048828125,3025.10009765625,370
2025-04-25 13:26:00+05:30,3029.800048828125,3034.89990234375,3028.699951171875,3034.89990234375,28
2025-04-25 13:27:00+05:30,3028.0,3028.800048828125,3023.89990234375,3025.5,80
2025-04-25 13:28:00+05:30,3026.699951171875,3026.699951171875,3023.800048828125,3023.800048828125,43
2025-04-25 13:29:00+05:30,3022.199951171875,3024.39990234375,3020.0,3021.199951171875,196
2025-04-25 13:30:00+05:30,3018.800048828125,3024.0,3018.800048828125,3021.0,79
2025-04-25 13:31:00+05:30,3019.5,3023.39990234375,3019.5,3023.300048828125,29
2025-04-25 13:32:00+05:30,3019.800048828125,3023.300048828125,3019.800048828125,3023.300048828125,17
2025-04-25 13:33:00+05:30,3026.0,3026.0,3018.89990234375,3018.89990234375,90
2025-04-25 13:34:00+05:30,3025.39990234375,3027.89990234375,3025.39990234375,3026.0,24
2025-04-25 13:35:00+05:30,3028.699951171875,3031.89990234375,3026.300048828125,3031.89990234375,224
2025-04-25 13:36:00+05:30,3026.199951171875,3028.699951171875,3026.10009765625,3026.10009765625,17
2025-04-25 13:37:00+05:30,3022.5,3026.60009765625,3022.5,3026.60009765625,10
2025-04-25 13:38:00+05:30,3023.89990234375,3027.0,3022.60009765625,3022.60009765625,67
2025-04-25 13:39:00+05:30,3021.60009765625,3025.5,3021.60009765625,3023.300048828125,14
2025-04-25 13:40:00+05:30,3022.5,3022.5,3021.89990234375,3021.89990234375,39
2025-04-25 13:41:00+05:30,3026.0,3026.5,3023.10009765625,3023.60009765625,57
2025-04-25 13:42:00+05:30,3025.39990234375,3026.199951171875,3023.300048828125,3023.300048828125,15
2025-04-25 13:43:00+05:30,3022.300048828125,3023.300048828125,3022.300048828125,3023.300048828125,32
2025-04-25 13:44:00+05:30,3036.0,3037.0,3022.60009765625,3022.800048828125,372
2025-04-25 13:45:00+05:30,3033.699951171875,3038.39990234375,3032.10009765625,3032.39990234375,125
2025-04-25 13:46:00+05:30,3030.39990234375,3036.60009765625,3030.0,3036.60009765625,42
2025-04-25 13:47:00+05:30,3028.800048828125,3028.800048828125,3028.300048828125,3028.300048828125,9
2025-04-25 13:48:00+05:30,3036.5,3036.5,3028.800048828125,3028.800048828125,68
2025-04-25 13:49:00+05:30,3029.60009765625,3036.0,3029.60009765625,3036.0,0
2025-04-25 13:50:00+05:30,3029.60009765625,3030.39990234375,3029.60009765625,3030.39990234375,13
2025-04-25 13:51:00+05:30,3040.10009765625,3040.10009765625,3028.60009765625,3028.60009765625,418
2025-04-25 13:52:00+05:30,3043.0,3043.0,3040.0,3040.10009765625,35
2025-04-25 13:53:00+05:30,3040.10009765625,3042.89990234375,3040.0,3040.0,14
2025-04-25 13:54:00+05:30,3041.0,3044.5,3040.5,3043.0,25
2025-04-25 13:55:00+05:30,3044.699951171875,3047.300048828125,3042.10009765625,3044.0,109
2025-04-25 13:56:00+05:30,3040.60009765625,3043.89990234375,3040.60009765625,3041.699951171875,29
2025-04-25 13:57:00+05:30,3045.0,3045.0,3040.5,3040.5,65
2025-04-25 13:58:00+05:30,3045.10009765625,3047.5,3045.0,3047.0,21
2025-04-25 13:59:00+05:30,3042.199951171875,3044.199951171875,3042.199951171875,3044.199951171875,77
2025-04-25 14:00:00+05:30,3038.300048828125,3042.300048828125,3037.89990234375,3042.300048828125,302
2025-04-25 14:01:00+05:30,3040.699951171875,3042.199951171875,3038.699951171875,3038.699951171875,68
2025-04-25 14:02:00+05:30,3040.199951171875,3040.199951171875,3040.0,3040.0,62
2025-04-25 14:03:00+05:30,3040.60009765625,3043.0,3040.60009765625,3043.0,10
2025-04-25 14:04:00+05:30,3042.10009765625,3042.10009765625,3039.800048828125,3040.0,46
2025-04-25 14:05:00+05:30,3040.0,3040.0,3039.89990234375,3039.89990234375,14
2025-04-25 14:06:00+05:30,3040.0,3042.800048828125,3040.0,3042.800048828125,27
2025-04-25 14:07:00+05:30,3037.5,3042.199951171875,3037.5,3039.89990234375,168
2025-04-25 14:08:00+05:30,3040.39990234375,3044.39990234375,3037.10009765625,3038.89990234375,95
2025-04-25 14:09:00+05:30,3038.699951171875,3040.0,3033.89990234375,3040.0,285
2025-04-25 14:10:00+05:30,3032.699951171875,3039.10009765625,3032.699951171875,3039.10009765625,108
2025-04-25 14:11:00+05:30,3030.699951171875,3034.0,3030.699951171875,3034.0,11
2025-04-25 14:12:00+05:30,3030.300048828125,3032.800048828125,3027.5,3029.60009765625,244
2025-04-25 14:13:00+05:30,3028.800048828125,3032.199951171875,3028.800048828125,3029.300048828125,39
2025-04-25 14:14:00+05:30,3028.199951171875,3037.199951171875,3028.0,3028.0,253
2025-04-25 14:15:00+05:30,3034.0,3034.0,3028.300048828125,3028.300048828125,12
2025-04-25 14:16:00+05:30,3039.0,3039.0,3030.0,3030.0,303
2025-04-25 14:17:00+05:30,3039.300048828125,3040.0,3035.60009765625,3040.0,227
2025-04-25 14:18:00+05:30,3039.60009765625,3041.699951171875,3037.199951171875,3040.0,74
2025-04-25 14:19:00+05:30,3033.5,3035.60009765625,3033.5,3035.60009765625,12
2025-04-25 14:20:00+05:30,3038.0,3038.5,3028.199951171875,3038.5,512
2025-04-25 14:21:00+05:30,3032.10009765625,3034.800048828125,3032.10009765625,3033.0,21
2025-04-25 14:22:00+05:30,3037.300048828125,3037.800048828125,3032.39990234375,3032.39990234375,68
2025-04-25 14:23:00+05:30,3035.300048828125,3038.800048828125,3035.300048828125,3038.800048828125,24
2025-04-25 14:24:00+05:30,3033.39990234375,3035.699951171875,3033.39990234375,3035.300048828125,20
2025-04-25 14:25:00+05:30,3036.5,3036.5,3032.60009765625,3032.60009765625,39
2025-04-25 14:26:00+05:30,3033.300048828125,3034.5,3025.0,3034.5,1873
2025-04-25 14:27:00+05:30,3032.89990234375,3034.39990234375,3028.800048828125,3033.10009765625,301
2025-04-25 14:28:00+05:30,3029.5,3034.699951171875,3029.5,3034.699951171875,44
2025-04-25 14:29:00+05:30,3028.199951171875,3028.60009765625,3027.300048828125,3027.300048828125,18
2025-04-25 14:30:00+05:30,3035.5,3038.699951171875,3034.800048828125,3034.800048828125,609
2025-04-25 14:31:00+05:30,3037.199951171875,3038.699951171875,3035.0,3035.0,121
2025-04-25 14:32:00+05:30,3030.39990234375,3035.0,3030.39990234375,3035.0,40
2025-04-25 14:33:00+05:30,3025.300048828125,3029.60009765625,3025.300048828125,3029.60009765625,29
2025-04-25 14:34:00+05:30,3029.300048828125,3030.5,3025.300048828125,3025.300048828125,486
2025-04-25 14:35:00+05:30,3040.0,3040.89990234375,3039.300048828125,3039.300048828125,43
2025-04-25 14:36:00+05:30,3040.300048828125,3040.300048828125,3035.5,3035.5,483
2025-04-25 14:37:00+05:30,3034.39990234375,3039.89990234375,3034.39990234375,3038.39990234375,50
2025-04-25 14:38:00+05:30,3035.60009765625,3035.60009765625,3035.300048828125,3035.300048828125,12
2025-04-25 14:39:00+05:30,3040.300048828125,3040.300048828125,3036.199951171875,3036.199951171875,63
2025-04-25 14:40:00+05:30,3038.800048828125,3042.0,3038.800048828125,3038.800048828125,236
2025-04-25 14:41:00+05:30,3038.10009765625,3038.5,3037.5,3037.5,39
2025-04-25 14:42:00+05:30,3038.5,3041.699951171875,3037.800048828125,3037.800048828125,141
2025-04-25 14:43:00+05:30,3038.5,3038.5,3038.199951171875,3038.39990234375,165
2025-04-25 14:44:00+05:30,3045.10009765625,3045.10009765625,3040.60009765625,3041.699951171875,221
2025-04-25 14:45:00+05:30,3039.60009765625,3044.0,3039.60009765625,3044.0,113
2025-04-25 14:46:00+05:30,3038.800048828125,3039.60009765625,3038.800048828125,3039.60009765625,29
2025-04-25 14:47:00+05:30,3041.199951171875,3041.199951171875,3038.89990234375,3038.89990234375,16
2025-04-25 14:48:00+05:30,3042.89990234375,3042.89990234375,3039.199951171875,3039.199951171875,56
2025-04-25 14:49:00+05:30,3040.89990234375,3042.0,3040.89990234375,3042.0,26
2025-04-25 14:50:00+05:30,3040.10009765625,3045.0,3040.10009765625,3045.0,113
2025-04-25 14:51:00+05:30,3039.5,3040.199951171875,3039.5,3040.10009765625,140
2025-04-25 14:52:00+05:30,3040.10009765625,3040.39990234375,3039.89990234375,3040.199951171875,62
2025-04-25 14:53:00+05:30,3042.300048828125,3043.39990234375,3040.39990234375,3040.39990234375,26
2025-04-25 14:54:00+05:30,3040.60009765625,3043.199951171875,3040.60009765625,3043.199951171875,26
2025-04-25 14:55:00+05:30,3041.39990234375,3041.39990234375,3039.5,3040.10009765625,52
2025-04-25 14:56:00+05:30,3041.0,3041.0,3040.10009765625,3040.89990234375,41
2025-04-25 14:57:00+05:30,3039.5,3041.0,3039.5,3041.0,39
2025-04-25 14:58:00+05:30,3039.39990234375,3041.39990234375,3039.39990234375,3041.39990234375,97
2025-04-25 14:59:00+05:30,3039.39990234375,3039.39990234375,3039.39990234375,3039.39990234375,25
2025-04-25 15:00:00+05:30,3043.199951171875,3043.199951171875,3039.5,3041.800048828125,56
2025-04-25 15:01:00+05:30,3041.39990234375,3041.39990234375,3039.5,3040.89990234375,1316
2025-04-25 15:02:00+05:30,3039.39990234375,3043.10009765625,3039.39990234375,3040.199951171875,41
2025-04-25 15:03:00+05:30,3039.5,3041.300048828125,3039.5,3041.300048828125,49
2025-04-25 15:04:00+05:30,3039.0,3042.0,3039.0,3039.800048828125,82
2025-04-25 15:05:00+05:30,3036.699951171875,3038.800048828125,3036.10009765625,3038.800048828125,42
2025-04-25 15:06:00+05:30,3035.5,3039.800048828125,3035.5,3036.699951171875,69
2025-04-25 15:07:00+05:30,3037.5,3037.5,3035.39990234375,3035.39990234375,29
2025-04-25 15:08:00+05:30,3036.699951171875,3039.39990234375,3036.699951171875,3039.39990234375,56
2025-04-25 15:09:00+05:30,3036.0,3039.300048828125,3035.89990234375,3035.89990234375,92
2025-04-25 15:10:00+05:30,3036.5,3037.300048828125,3033.60009765625,3037.300048828125,678
2025-04-25 15:11:00+05:30,3042.60009765625,3042.60009765625,3037.300048828125,3040.60009765625,277
2025-04-25 15:12:00+05:30,3040.0,3040.0,3036.10009765625,3038.800048828125,107
2025-04-25 15:13:00+05:30,3042.0,3042.0,3031.60009765625,3036.800048828125,368
2025-04-25 15:14:00+05:30,3038.199951171875,3040.199951171875,3033.0,3040.199951171875,38
2025-04-25 15:15:00+05:30,3038.699951171875,3041.199951171875,3037.800048828125,3038.199951171875,366
2025-04-25 15:16:00+05:30,3037.300048828125,3039.10009765625,3030.39990234375,3038.0,670
2025-04-25 15:17:00+05:30,3034.89990234375,3041.5,3026.199951171875,3037.0,302
2025-04-25 15:18:00+05:30,3040.0,3040.0,3034.199951171875,3040.0,59
2025-04-25 15:19:00+05:30,3044.699951171875,3044.699951171875,3037.10009765625,3037.10009765625,280
2025-04-25 15:20:00+05:30,3033.300048828125,3042.10009765625,3031.0,3042.10009765625,305
2025-04-25 15:21:00+05:30,3029.0,3033.800048828125,3027.300048828125,3033.800048828125,90
2025-04-25 15:22:00+05:30,3030.199951171875,3032.60009765625,3029.0,3029.0,44
2025-04-25 15:23:00+05:30,3029.800048828125,3034.10009765625,3029.199951171875,3033.5,232
2025-04-25 15:24:00+05:30,3036.5,3036.60009765625,3029.0,3029.0,636
2025-04-25 15:25:00+05:30,3028.0,3035.0,3028.0,3035.0,544
2025-04-25 15:26:00+05:30,3029.0,3029.0,3025.300048828125,3025.300048828125,482
2025-04-25 15:27:00+05:30,3031.89990234375,3032.0,3022.5,3029.0,499
2025-04-25 15:28:00+05:30,3027.89990234375,3027.89990234375,3005.0,3023.0,87
2025-04-25 15:29:00+05:30,3028.0,3035.300048828125,3019.89990234375,3028.0,170
2025-04-28 09:15:00+05:30,3024.89990234375,3024.89990234375,2990.0,2990.0,0
2025-04-28 09:16:00+05:30,3013.800048828125,3015.199951171875,3005.10009765625,3014.300048828125,466
2025-04-28 09:17:00+05:30,3029.699951171875,3029.699951171875,3013.300048828125,3021.300048828125,256
2025-04-28 09:18:00+05:30,3036.39990234375,3039.60009765625,3028.39990234375,3028.39990234375,107
2025-04-28 09:19:00+05:30,3037.60009765625,3044.699951171875,3034.89990234375,3034.89990234375,349
2025-04-28 09:20:00+05:30,3029.699951171875,3035.0,3027.0,3035.0,375
2025-04-28 09:21:00+05:30,3018.0,3028.0,3015.39990234375,3028.0,180
2025-04-28 09:22:00+05:30,3039.800048828125,3045.0,3021.10009765625,3021.10009765625,157
2025-04-28 09:23:00+05:30,3039.10009765625,3045.89990234375,3029.10009765625,3045.89990234375,218
2025-04-28 09:24:00+05:30,3026.60009765625,3036.5,3024.0,3036.5,254
2025-04-28 09:25:00+05:30,3020.199951171875,3024.39990234375,3018.0,3022.89990234375,184
2025-04-28 09:26:00+05:30,3015.60009765625,3021.89990234375,3012.10009765625,3021.89990234375,270
2025-04-28 09:27:00+05:30,3027.0,3027.0,3020.300048828125,3020.300048828125,27
2025-04-28 09:28:00+05:30,3041.300048828125,3041.800048828125,3028.10009765625,3031.89990234375,354
2025-04-28 09:29:00+05:30,3038.5,3040.699951171875,3034.800048828125,3040.699951171875,320
2025-04-28 09:30:00+05:30,3054.60009765625,3054.60009765625,3042.0,3045.0,192
2025-04-28 09:31:00+05:30,3056.0,3056.0,3049.89990234375,3049.89990234375,234
2025-04-28 09:32:00+05:30,3055.5,3058.699951171875,3052.10009765625,3054.0,241
2025-04-28 09:33:00+05:30,3064.0,3064.0,3060.699951171875,3060.699951171875,87
2025-04-28 09:34:00+05:30,3069.89990234375,3070.0,3065.60009765625,3065.60009765625,47
2025-04-28 09:35:00+05:30,3070.60009765625,3075.5,3070.39990234375,3073.89990234375,161
2025-04-28 09:36:00+05:30,3067.800048828125,3068.10009765625,3067.800048828125,3068.10009765625,50
2025-04-28 09:37:00+05:30,3069.60009765625,3069.60009765625,3069.0,3069.0,5
2025-04-28 09:38:00+05:30,3070.60009765625,3074.199951171875,3070.0,3070.0,105
2025-04-28 09:39:00+05:30,3072.89990234375,3073.199951171875,3069.300048828125,3072.5,201
2025-04-28 09:40:00+05:30,3067.60009765625,3072.800048828125,3064.0,3072.800048828125,55
2025-04-28 09:41:00+05:30,3068.800048828125,3073.0,3067.199951171875,3073.0,174
2025-04-28 09:42:00+05:30,3066.89990234375,3068.0,3064.0,3064.0,69
2025-04-28 09:43:00+05:30,3057.699951171875,3063.800048828125,3057.699951171875,3063.800048828125,181
2025-04-28 09:44:00+05:30,3054.39990234375,3057.199951171875,3054.39990234375,3057.199951171875,50
2025-04-28 09:45:00+05:30,3062.60009765625,3062.60009765625,3058.0,3058.0,0
2025-04-28 09:46:00+05:30,3058.5,3064.89990234375,3058.5,3064.89990234375,63
2025-04-28 09:47:00+05:30,3058.10009765625,3058.10009765625,3058.10009765625,3058.10009765625,35
2025-04-28 09:48:00+05:30,3059.39990234375,3059.699951171875,3053.199951171875,3057.89990234375,94
2025-04-28 09:49:00+05:30,3059.89990234375,3067.199951171875,3059.89990234375,3060.5,198
2025-04-28 09:50:00+05:30,3064.699951171875,3065.699951171875,3060.0,3060.0,60
2025-04-28 09:51:00+05:30,3064.10009765625,3064.10009765625,3064.10009765625,3064.10009765625,82
2025-04-28 09:52:00+05:30,3060.300048828125,3069.0,3060.300048828125,3065.60009765625,438
2025-04-28 09:53:00+05:30,3053.0,3057.60009765625,3053.0,3057.60009765625,239
2025-04-28 09:54:00+05:30,3055.0,3055.0,3051.0,3051.0,77
2025-04-28 09:55:00+05:30,3051.39990234375,3051.39990234375,3049.199951171875,3049.199951171875,0
2025-04-28 09:56:00+05:30,3046.89990234375,3046.89990234375,3046.89990234375,3046.89990234375,47
2025-04-28 09:57:00+05:30,3045.800048828125,3045.800048828125,3042.10009765625,3042.10009765625,43
2025-04-28 09:58:00+05:30,3046.300048828125,3046.60009765625,3046.300048828125,3046.60009765625,5
2025-04-28 09:59:00+05:30,3052.5,3052.5,3052.300048828125,3052.300048828125,23
2025-04-28 10:00:00+05:30,3055.10009765625,3055.10009765625,3055.10009765625,3055.10009765625,3
2025-04-28 10:01:00+05:30,3054.300048828125,3059.60009765625,3054.300048828125,3057.300048828125,30
2025-04-28 10:02:00+05:30,3058.60009765625,3058.60009765625,3054.60009765625,3054.60009765625,28
2025-04-28 10:03:00+05:30,3056.800048828125,3058.60009765625,3055.300048828125,3055.300048828125,150
2025-04-28 10:04:00+05:30,3054.60009765625,3060.0,3054.60009765625,3060.0,163
2025-04-28 10:05:00+05:30,3054.300048828125,3054.39990234375,3054.300048828125,3054.39990234375,29
2025-04-28 10:06:00+05:30,3058.199951171875,3059.60009765625,3058.199951171875,3059.199951171875,43
2025-04-28 10:07:00+05:30,3059.800048828125,3059.800048828125,3059.60009765625,3059.60009765625,19
2025-04-28 10:08:00+05:30,3061.5,3061.5,3059.60009765625,3059.60009765625,69
2025-04-28 10:09:00+05:30,3059.89990234375,3059.89990234375,3057.10009765625,3057.10009765625,4
2025-04-28 10:10:00+05:30,3065.0,3065.0,3060.300048828125,3060.300048828125,78
2025-04-28 10:11:00+05:30,3062.5,3062.5,3062.5,3062.5,36
2025-04-28 10:12:00+05:30,3064.39990234375,3064.39990234375,3062.60009765625,3062.60009765625,4
2025-04-28 10:13:00+05:30,3062.699951171875,3062.699951171875,3062.699951171875,3062.699951171875,1
2025-04-28 10:14:00+05:30,3062.60009765625,3065.0,3062.60009765625,3062.699951171875,29
2025-04-28 10:15:00+05:30,3062.699951171875,3062.699951171875,3062.5,3062.5,12
2025-04-28 10:16:00+05:30,3062.699951171875,3062.699951171875,3062.699951171875,3062.699951171875,11
2025-04-28 10:17:00+05:30,3061.699951171875,3061.699951171875,3060.89990234375,3060.89990234375,16
2025-04-28 10:18:00+05:30,3058.10009765625,3061.10009765625,3058.10009765625,3061.10009765625,2
2025-04-28 10:19:00+05:30,3061.300048828125,3061.300048828125,3061.300048828125,3061.300048828125,13
2025-04-28 10:20:00+05:30,3057.5,3057.5,3057.5,3057.5,3
2025-04-28 10:21:00+05:30,3061.300048828125,3061.300048828125,3061.300048828125,3061.300048828125,1
2025-04-28 10:23:00+05:30,3056.5,3060.5,3056.5,3060.5,9
2025-04-28 10:24:00+05:30,3051.89990234375,3056.5,3051.89990234375,3056.5,94
2025-04-28 10:26:00+05:30,3042.199951171875,3046.0,3042.199951171875,3046.0,20
2025-04-28 10:28:00+05:30,3045.89990234375,3045.89990234375,3042.199951171875,3042.199951171875,16
2025-04-28 10:29:00+05:30,3045.10009765625,3045.10009765625,3045.10009765625,3045.10009765625,3
2025-04-28 10:31:00+05:30,3048.39990234375,3051.39990234375,3047.300048828125,3051.39990234375,33
2025-04-28 10:32:00+05:30,3051.39990234375,3051.800048828125,3049.5,3051.800048828125,14
2025-04-28 10:33:00+05:30,3051.39990234375,3051.39990234375,3051.39990234375,3051.39990234375,11
2025-04-28 10:34:00+05:30,3051.5,3051.5,3051.39990234375,3051.39990234375,1
2025-04-28 10:35:00+05:30,3048.300048828125,3051.800048828125,3048.300048828125,3051.800048828125,212
2025-04-28 10:36:00+05:30,3057.5,3057.5,3050.0,3050.0,91
2025-04-28 10:37:00+05:30,3057.699951171875,3057.699951171875,3057.699951171875,3057.699951171875,10
2025-04-28 10:38:00+05:30,3056.0,3056.0,3056.0,3056.0,45
2025-04-28 10:39:00+05:30,3055.800048828125,3055.800048828125,3055.800048828125,3055.800048828125,12
2025-04-28 10:40:00+05:30,3055.89990234375,3055.89990234375,3054.60009765625,3054.60009765625,6
2025-04-28 10:42:00+05:30,3056.199951171875,3056.199951171875,3052.5,3052.5,38
2025-04-28 10:44:00+05:30,3056.39990234375,3057.0,3055.10009765625,3055.10009765625,17
2025-04-28 10:45:00+05:30,3056.39990234375,3056.39990234375,3056.39990234375,3056.39990234375,139
2025-04-28 10:46:00+05:30,3058.800048828125,3058.800048828125,3058.10009765625,3058.10009765625,0
2025-04-28 10:47:00+05:30,3056.300048828125,3056.300048828125,3056.300048828125,3056.300048828125,21
2025-04-28 10:48:00+05:30,3050.800048828125,3050.800048828125,3050.800048828125,3050.800048828125,6
2025-04-28 10:52:00+05:30,3057.39990234375,3058.39990234375,3057.39990234375,3058.39990234375,12
2025-04-28 10:54:00+05:30,3057.0,3057.0,3055.0,3055.0,3
2025-04-28 10:55:00+05:30,3056.699951171875,3057.89990234375,3056.699951171875,3057.0,3
2025-04-28 10:57:00+05:30,3059.60009765625,3059.60009765625,3059.60009765625,3059.60009765625,17
2025-04-28 11:00:00+05:30,3058.300048828125,3059.699951171875,3058.300048828125,3059.699951171875,2
2025-04-28 11:01:00+05:30,3056.5,3056.5,3056.5,3056.5,6
2025-04-28 11:02:00+05:30,3056.699951171875,3056.699951171875,3054.199951171875,3054.199951171875,4
2025-04-28 11:03:00+05:30,3057.39990234375,3057.39990234375,3057.39990234375,3057.39990234375,1
2025-04-28 11:05:00+05:30,3056.39990234375,3056.39990234375,3055.199951171875,3055.800048828125,10
2025-04-28 11:06:00+05:30,3055.199951171875,3055.199951171875,3055.199951171875,3055.199951171875,1
2025-04-28 11:07:00+05:30,3057.199951171875,3060.0,3057.199951171875,3058.0,47
2025-04-28 11:08:00+05:30,3062.60009765625,3062.60009765625,3062.60009765625,3062.60009765625,8
2025-04-28 11:09:00+05:30,3063.199951171875,3065.0,3063.199951171875,3065.0,38
2025-04-28 11:10:00+05:30,3065.0,3065.0,3062.39990234375,3064.89990234375,18
2025-04-28 11:11:00+05:30,3059.89990234375,3063.0,3059.89990234375,3063.0,116
2025-04-28 11:13:00+05:30,3058.0,3059.800048828125,3058.0,3059.800048828125,34
2025-04-28 11:16:00+05:30,3050.0,3055.5,3050.0,3055.5,86
2025-04-28 11:17:00+05:30,3047.199951171875,3047.5,3047.199951171875,3047.5,10
2025-04-28 11:18:00+05:30,3047.199951171875,3047.199951171875,3047.199951171875,3047.199951171875,5
2025-04-28 11:19:00+05:30,3049.699951171875,3050.300048828125,3049.699951171875,3050.300048828125,4
2025-04-28 11:20:00+05:30,3047.0,3047.0,3047.0,3047.0,2
2025-04-28 11:21:00+05:30,3050.5,3050.800048828125,3050.5,3050.800048828125,2
2025-04-28 11:22:00+05:30,3052.699951171875,3052.699951171875,3047.5,3047.5,13
2025-04-28 11:23:00+05:30,3054.60009765625,3054.60009765625,3053.89990234375,3053.89990234375,21
2025-04-28 11:25:00+05:30,3054.39990234375,3054.39990234375,3054.39990234375,3054.39990234375,4
2025-04-28 11:26:00+05:30,3054.199951171875,3054.199951171875,3052.199951171875,3052.199951171875,14
2025-04-28 11:28:00+05:30,3050.0,3050.0,3050.0,3050.0,66
2025-04-28 11:30:00+05:30,3049.0,3049.0,3049.0,3049.0,8
2025-04-28 11:31:00+05:30,3049.0,3049.0,3049.0,3049.0,2
2025-04-28 11:33:00+05:30,3045.699951171875,3045.699951171875,3045.699951171875,3045.699951171875,10
2025-04-28 11:34:00+05:30,3049.0,3049.0,3049.0,3049.0,1
2025-04-28 11:35:00+05:30,3047.0,3047.0,3045.699951171875,3045.699951171875,12
2025-04-28 11:36:00+05:30,3049.0,3049.0,3046.300048828125,3046.300048828125,4
2025-04-28 11:37:00+05:30,3047.89990234375,3049.0,3046.10009765625,3049.0,3
2025-04-28 11:38:00+05:30,3048.60009765625,3049.199951171875,3048.60009765625,3049.199951171875,14
2025-04-28 11:41:00+05:30,3050.0,3050.0,3049.699951171875,3049.699951171875,2
2025-04-28 11:42:00+05:30,3052.199951171875,3054.39990234375,3050.699951171875,3050.699951171875,47
2025-04-28 11:43:00+05:30,3052.199951171875,3052.199951171875,3052.199951171875,3052.199951171875,2
2025-04-28 11:44:00+05:30,3050.5,3050.5,3050.5,3050.5,0
2025-04-28 11:46:00+05:30,3053.39990234375,3054.10009765625,3053.39990234375,3054.10009765625,9
2025-04-28 11:47:00+05:30,3054.0,3054.0,3054.0,3054.0,11
2025-04-28 11:48:00+05:30,3052.300048828125,3052.300048828125,3052.300048828125,3052.300048828125,0
2025-04-28 11:49:00+05:30,3053.699951171875,3053.699951171875,3050.5,3050.5,10
2025-04-28 11:50:00+05:30,3054.699951171875,3054.699951171875,3054.699951171875,3054.699951171875,11
2025-04-28 11:51:00+05:30,3051.699951171875,3051.699951171875,3051.699951171875,3051.699951171875,1
2025-04-28 11:52:00+05:30,3053.5,3054.60009765625,3051.699951171875,3054.60009765625,29
2025-04-28 11:53:00+05:30,3053.0,3055.39990234375,3053.0,3055.39990234375,13
2025-04-28 11:54:00+05:30,3055.89990234375,3055.89990234375,3055.89990234375,3055.89990234375,2
2025-04-28 11:55:00+05:30,3052.10009765625,3052.10009765625,3052.10009765625,3052.10009765625,31
2025-04-28 11:56:00+05:30,3055.89990234375,3055.89990234375,3052.699951171875,3052.699951171875,0
2025-04-28 11:57:00+05:30,3055.60009765625,3056.300048828125,3055.60009765625,3056.300048828125,52
2025-04-28 11:58:00+05:30,3056.5,3056.5,3055.89990234375,3055.89990234375,5
2025-04-28 11:59:00+05:30,3058.0,3058.0,3058.0,3058.0,9
2025-04-28 12:00:00+05:30,3052.699951171875,3055.800048828125,3052.699951171875,3055.800048828125,15
2025-04-28 12:02:00+05:30,3050.5,3055.800048828125,3050.5,3055.800048828125,69
2025-04-28 12:03:00+05:30,3050.699951171875,3050.699951171875,3050.699951171875,3050.699951171875,37
2025-04-28 12:04:00+05:30,3050.699951171875,3050.699951171875,3050.699951171875,3050.699951171875,61
2025-04-28 12:05:00+05:30,3047.800048828125,3048.60009765625,3047.800048828125,3048.60009765625,0
2025-04-28 12:07:00+05:30,3049.39990234375,3049.39990234375,3043.60009765625,3045.300048828125,39
2025-04-28 12:08:00+05:30,3052.60009765625,3052.60009765625,3052.60009765625,3052.60009765625,2
2025-04-28 12:09:00+05:30,3047.0,3051.39990234375,3047.0,3051.39990234375,17
2025-04-28 12:11:00+05:30,3048.39990234375,3048.39990234375,3048.39990234375,3048.39990234375,1
2025-04-28 12:12:00+05:30,3046.199951171875,3048.0,3046.199951171875,3046.60009765625,257
2025-04-28 12:13:00+05:30,3050.300048828125,3050.300048828125,3050.300048828125,3050.300048828125,1
2025-04-28 12:14:00+05:30,3052.89990234375,3052.89990234375,3050.199951171875,3050.199951171875,3
2025-04-28 12:15:00+05:30,3047.39990234375,3051.10009765625,3047.39990234375,3051.10009765625,551
2025-04-28 12:16:00+05:30,3050.10009765625,3050.10009765625,3046.0,3046.0,2
2025-04-28 12:17:00+05:30,3052.5,3052.5,3048.199951171875,3048.199951171875,8
2025-04-28 12:18:00+05:30,3052.0,3052.0,3050.5,3050.5,2
2025-04-28 12:19:00+05:30,3052.89990234375,3052.89990234375,3050.60009765625,3050.60009765625,16
2025-04-28 12:20:00+05:30,3052.699951171875,3054.89990234375,3052.699951171875,3054.0,25
2025-04-28 12:21:00+05:30,3056.5,3056.800048828125,3055.300048828125,3055.300048828125,30
2025-04-28 12:22:00+05:30,3057.0,3057.0,3056.89990234375,3056.89990234375,11
2025-04-28 12:23:00+05:30,3059.199951171875,3059.199951171875,3055.300048828125,3055.300048828125,19
2025-04-28 12:24:00+05:30,3061.0,3061.0,3060.60009765625,3060.60009765625,23
2025-04-28 12:25:00+05:30,3065.0,3065.0,3059.0,3061.0,155
2025-04-28 12:26:00+05:30,3065.0,3065.0,3064.5,3064.5,9
2025-04-28 12:27:00+05:30,3065.0,3065.0,3062.60009765625,3065.0,37
2025-04-28 12:28:00+05:30,3062.0,3062.0,3062.0,3062.0,0
2025-04-28 12:29:00+05:30,3061.0,3061.0,3061.0,3061.0,2
2025-04-28 12:31:00+05:30,3061.89990234375,3061.89990234375,3061.89990234375,3061.89990234375,15
2025-04-28 12:32:00+05:30,3061.10009765625,3061.39990234375,3061.10009765625,3061.39990234375,0
2025-04-28 12:33:00+05:30,3060.10009765625,3061.89990234375,3060.10009765625,3061.89990234375,8
2025-04-28 12:34:00+05:30,3060.10009765625,3060.10009765625,3060.10009765625,3060.10009765625,1
2025-04-28 12:35:00+05:30,3061.89990234375,3061.89990234375,3061.89990234375,3061.89990234375,2
2025-04-28 12:36:00+05:30,3059.199951171875,3059.199951171875,3059.199951171875,3059.199951171875,1
2025-04-28 12:37:00+05:30,3060.89990234375,3060.89990234375,3059.39990234375,3059.39990234375,1
2025-04-28 12:38:00+05:30,3061.0,3061.0,3061.0,3061.0,4
2025-04-28 12:39:00+05:30,3062.0,3062.0,3059.39990234375,3061.0,25
2025-04-28 12:40:00+05:30,3062.800048828125,3062.800048828125,3062.800048828125,3062.800048828125,8
2025-04-28 12:41:00+05:30,3064.5,3064.5,3060.800048828125,3060.800048828125,22
2025-04-28 12:42:00+05:30,3061.89990234375,3061.89990234375,3061.89990234375,3061.89990234375,0
2025-04-28 12:43:00+05:30,3062.39990234375,3064.60009765625,3061.800048828125,3064.60009765625,16
2025-04-28 12:44:00+05:30,3065.0,3065.0,3062.699951171875,3065.0,42
2025-04-28 12:45:00+05:30,3065.5,3065.5,3062.800048828125,3062.800048828125,102
2025-04-28 12:46:00+05:30,3066.300048828125,3066.300048828125,3065.5,3066.199951171875,38
2025-04-28 12:47:00+05:30,3066.300048828125,3066.300048828125,3064.199951171875,3066.10009765625,14
2025-04-28 12:48:00+05:30,3063.800048828125,3066.300048828125,3061.10009765625,3066.300048828125,113
2025-04-28 12:49:00+05:30,3063.89990234375,3063.89990234375,3063.800048828125,3063.800048828125,4
2025-04-28 12:50:00+05:30,3064.60009765625,3064.60009765625,3061.5,3061.5,45
2025-04-28 12:52:00+05:30,3065.0,3065.0,3062.199951171875,3062.199951171875,14
2025-04-28 12:53:00+05:30,3065.0,3065.0,3065.0,3065.0,4
2025-04-28 12:54:00+05:30,3065.0,3065.0,3063.60009765625,3065.0,17
2025-04-28 12:55:00+05:30,3063.300048828125,3065.0,3063.300048828125,3063.60009765625,43
2025-04-28 12:56:00+05:30,3063.300048828125,3063.300048828125,3063.300048828125,3063.300048828125,0
2025-04-28 12:58:00+05:30,3065.0,3065.0,3065.0,3065.0,19
2025-04-28 12:59:00+05:30,3063.10009765625,3063.10009765625,3063.10009765625,3063.10009765625,0
2025-04-28 13:00:00+05:30,3065.0,3065.0,3065.0,3065.0,13
2025-04-28 13:01:00+05:30,3063.60009765625,3065.0,3063.60009765625,3065.0,70
2025-04-28 13:02:00+05:30,3067.199951171875,3068.300048828125,3066.300048828125,3066.300048828125,540
2025-04-28 13:03:00+05:30,3066.800048828125,3066.800048828125,3063.5,3063.5,22
2025-04-28 13:04:00+05:30,3060.10009765625,3064.300048828125,3060.0,3062.199951171875,113
2025-04-28 13:05:00+05:30,3059.10009765625,3061.39990234375,3059.10009765625,3061.39990234375,0
2025-04-28 13:06:00+05:30,3059.199951171875,3059.199951171875,3059.199951171875,3059.199951171875,49
2025-04-28 13:07:00+05:30,3055.10009765625,3059.699951171875,3055.10009765625,3059.699951171875,35
2025-04-28 13:08:00+05:30,3055.300048828125,3055.300048828125,3052.10009765625,3052.10009765625,10
2025-04-28 13:09:00+05:30,3055.60009765625,3055.60009765625,3053.39990234375,3053.39990234375,52
2025-04-28 13:10:00+05:30,3055.60009765625,3055.60009765625,3055.60009765625,3055.60009765625,1
2025-04-28 13:11:00+05:30,3055.10009765625,3059.10009765625,3055.10009765625,3059.10009765625,41
2025-04-28 13:12:00+05:30,3052.300048828125,3055.0,3052.300048828125,3052.300048828125,33
2025-04-28 13:13:00+05:30,3049.89990234375,3052.300048828125,3049.89990234375,3052.300048828125,39
2025-04-28 13:14:00+05:30,3051.39990234375,3051.39990234375,3046.10009765625,3046.10009765625,80
2025-04-28 13:15:00+05:30,3054.89990234375,3054.89990234375,3054.89990234375,3054.89990234375,1
2025-04-28 13:16:00+05:30,3051.300048828125,3051.300048828125,3051.300048828125,3051.300048828125,44
2025-04-28 13:17:00+05:30,3052.10009765625,3052.699951171875,3049.300048828125,3052.699951171875,103
2025-04-28 13:18:00+05:30,3049.199951171875,3050.39990234375,3049.199951171875,3050.39990234375,24
2025-04-28 13:19:00+05:30,3047.5,3047.5,3047.5,3047.5,1
2025-04-28 13:20:00+05:30,3051.39990234375,3051.39990234375,3050.10009765625,3050.10009765625,12
2025-04-28 13:21:00+05:30,3045.5,3047.0,3042.10009765625,3047.0,131
2025-04-28 13:22:00+05:30,3043.300048828125,3047.0,3042.199951171875,3047.0,40
2025-04-28 13:23:00+05:30,3044.5,3046.60009765625,3044.10009765625,3046.60009765625,88
2025-04-28 13:24:00+05:30,3049.39990234375,3049.39990234375,3049.39990234375,3049.39990234375,1
2025-04-28 13:25:00+05:30,3049.5,3053.89990234375,3049.39990234375,3053.89990234375,57
2025-04-28 13:26:00+05:30,3047.0,3047.0,3047.0,3047.0,1
2025-04-28 13:27:00+05:30,3049.39990234375,3049.39990234375,3048.5,3048.5,5
2025-04-28 13:28:00+05:30,3046.60009765625,3046.60009765625,3046.60009765625,3046.60009765625,1
2025-04-28 13:29:00+05:30,3050.300048828125,3051.60009765625,3045.10009765625,3049.0,72
2025-04-28 13:30:00+05:30,3048.89990234375,3048.89990234375,3048.89990234375,3048.89990234375,2
2025-04-28 13:31:00+05:30,3047.60009765625,3052.10009765625,3047.60009765625,3052.10009765625,61
2025-04-28 13:32:00+05:30,3047.89990234375,3047.89990234375,3047.89990234375,3047.89990234375,1
2025-04-28 13:33:00+05:30,3052.5,3052.5,3049.0,3049.0,51
2025-04-28 13:34:00+05:30,3055.300048828125,3055.300048828125,3050.39990234375,3050.60009765625,20
2025-04-28 13:35:00+05:30,3054.199951171875,3054.199951171875,3053.0,3053.0,30
2025-04-28 13:37:00+05:30,3050.10009765625,3050.10009765625,3050.10009765625,3050.10009765625,0
2025-04-28 13:38:00+05:30,3054.199951171875,3054.199951171875,3051.300048828125,3053.699951171875,36
2025-04-28 13:39:00+05:30,3054.199951171875,3057.10009765625,3054.199951171875,3057.10009765625,23
2025-04-28 13:41:00+05:30,3052.0,3052.0,3052.0,3052.0,1
2025-04-28 13:42:00+05:30,3055.300048828125,3055.300048828125,3055.300048828125,3055.300048828125,2
2025-04-28 13:43:00+05:30,3055.199951171875,3055.199951171875,3055.199951171875,3055.199951171875,4
2025-04-28 13:44:00+05:30,3052.5,3052.5,3052.5,3052.5,5
2025-04-28 13:46:00+05:30,3050.10009765625,3052.300048828125,3050.10009765625,3051.699951171875,35
2025-04-28 13:47:00+05:30,3050.199951171875,3050.300048828125,3050.199951171875,3050.300048828125,4
2025-04-28 13:48:00+05:30,3050.199951171875,3053.199951171875,3050.199951171875,3053.199951171875,2
2025-04-28 13:49:00+05:30,3053.10009765625,3053.300048828125,3053.10009765625,3053.300048828125,13
2025-04-28 13:50:00+05:30,3047.699951171875,3050.800048828125,3047.699951171875,3050.800048828125,93
2025-04-28 13:52:00+05:30,3051.300048828125,3051.300048828125,3051.300048828125,3051.300048828125,3
2025-04-28 13:53:00+05:30,3048.300048828125,3048.300048828125,3048.300048828125,3048.300048828125,2
2025-04-28 13:54:00+05:30,3050.5,3050.5,3050.5,3050.5,1
2025-04-28 13:55:00+05:30,3049.199951171875,3049.199951171875,3049.199951171875,3049.199951171875,1
2025-04-28 13:56:00+05:30,3047.699951171875,3049.5,3047.699951171875,3049.5,95
2025-04-28 13:57:00+05:30,3049.800048828125,3049.800048828125,3049.800048828125,3049.800048828125,0
2025-04-28 13:59:00+05:30,3049.800048828125,3049.89990234375,3047.60009765625,3049.89990234375,4
2025-04-28 14:00:00+05:30,3048.199951171875,3048.199951171875,3047.800048828125,3047.800048828125,8
2025-04-28 14:03:00+05:30,3048.60009765625,3048.60009765625,3048.60009765625,3048.60009765625,4
2025-04-28 14:04:00+05:30,3051.39990234375,3051.89990234375,3051.39990234375,3051.89990234375,4
2025-04-28 14:05:00+05:30,3042.39990234375,3049.800048828125,3042.39990234375,3049.800048828125,444
2025-04-28 14:06:00+05:30,3042.5,3042.5,3042.0,3042.10009765625,44
2025-04-28 14:07:00+05:30,3041.5,3042.39990234375,3041.5,3042.39990234375,13
2025-04-28 14:08:00+05:30,3038.0,3042.0,3038.0,3041.800048828125,118
2025-04-28 14:09:00+05:30,3036.199951171875,3036.60009765625,3036.10009765625,3036.10009765625,10
2025-04-28 14:10:00+05:30,3037.89990234375,3040.60009765625,3036.199951171875,3036.199951171875,22
2025-04-28 14:11:00+05:30,3036.10009765625,3038.300048828125,3036.10009765625,3038.199951171875,60
2025-04-28 14:12:00+05:30,3033.89990234375,3037.300048828125,3033.699951171875,3036.0,206
2025-04-28 14:13:00+05:30,3034.5,3034.5,3034.300048828125,3034.39990234375,11
2025-04-28 14:14:00+05:30,3034.5,3034.699951171875,3034.39990234375,3034.699951171875,10
2025-04-28 14:15:00+05:30,3036.0,3036.0,3034.60009765625,3036.0,15
2025-04-28 14:16:00+05:30,3036.89990234375,3036.89990234375,3036.0,3036.0,310
2025-04-28 14:17:00+05:30,3037.800048828125,3041.0,3037.0,3037.0,23
2025-04-28 14:18:00+05:30,3041.800048828125,3041.800048828125,3037.800048828125,3037.800048828125,33
2025-04-28 14:19:00+05:30,3040.5,3045.0,3038.89990234375,3038.89990234375,87
2025-04-28 14:20:00+05:30,3039.800048828125,3041.199951171875,3038.0,3041.0,27
2025-04-28 14:21:00+05:30,3036.39990234375,3037.199951171875,3036.0,3037.199951171875,17
2025-04-28 14:22:00+05:30,3034.39990234375,3036.0,3034.39990234375,3036.0,137
2025-04-28 14:23:00+05:30,3035.199951171875,3036.89990234375,3034.39990234375,3034.60009765625,15
2025-04-28 14:24:00+05:30,3034.800048828125,3039.0,3034.800048828125,3039.0,21
2025-04-28 14:25:00+05:30,3030.10009765625,3034.39990234375,3028.0,3034.39990234375,145
2025-04-28 14:26:00+05:30,3030.39990234375,3030.60009765625,3030.10009765625,3030.60009765625,17
2025-04-28 14:27:00+05:30,3033.89990234375,3033.89990234375,3030.0,3030.39990234375,31
2025-04-28 14:28:00+05:30,3031.39990234375,3035.60009765625,3031.300048828125,3032.199951171875,16
2025-04-28 14:29:00+05:30,3031.10009765625,3031.10009765625,3030.5,3030.60009765625,15
2025-04-28 14:30:00+05:30,3032.199951171875,3037.39990234375,3030.89990234375,3030.89990234375,240
2025-04-28 14:31:00+05:30,3032.199951171875,3032.199951171875,3032.10009765625,3032.10009765625,11
2025-04-28 14:32:00+05:30,3032.39990234375,3034.199951171875,3032.199951171875,3034.199951171875,12
2025-04-28 14:33:00+05:30,3033.39990234375,3034.800048828125,3032.5,3032.5,18
2025-04-28 14:34:00+05:30,3037.39990234375,3037.39990234375,3034.800048828125,3034.800048828125,48
2025-04-28 14:35:00+05:30,3028.0,3035.89990234375,3028.0,3035.89990234375,151
2025-04-28 14:36:00+05:30,3028.0,3028.0,3028.0,3028.0,9
2025-04-28 14:37:00+05:30,3025.0,3029.0,3025.0,3028.10009765625,96
2025-04-28 14:38:00+05:30,3022.0,3025.10009765625,3022.0,3025.0,69
2025-04-28 14:39:00+05:30,3022.0,3022.0,3022.0,3022.0,12
2025-04-28 14:40:00+05:30,3019.39990234375,3021.0,3016.10009765625,3021.0,63
2025-04-28 14:41:00+05:30,3017.300048828125,3020.0,3014.39990234375,3020.0,20
2025-04-28 14:42:00+05:30,3019.60009765625,3022.10009765625,3018.10009765625,3018.10009765625,86
2025-04-28 14:43:00+05:30,3026.699951171875,3026.699951171875,3019.800048828125,3022.0,32
2025-04-28 14:44:00+05:30,3024.0,3029.5,3023.89990234375,3026.10009765625,329
2025-04-28 14:45:00+05:30,3022.39990234375,3023.699951171875,3019.699951171875,3021.5,63
2025-04-28 14:46:00+05:30,3028.300048828125,3028.5,3020.60009765625,3020.60009765625,40
2025-04-28 14:47:00+05:30,3021.199951171875,3026.89990234375,3021.199951171875,3025.10009765625,33
2025-04-28 14:48:00+05:30,3020.699951171875,3021.0,3020.699951171875,3020.89990234375,106
2025-04-28 14:49:00+05:30,3019.60009765625,3020.5,3019.60009765625,3020.5,12
2025-04-28 14:50:00+05:30,3021.60009765625,3024.199951171875,3021.60009765625,3024.199951171875,18
2025-04-28 14:51:00+05:30,3023.0,3025.300048828125,3021.60009765625,3021.60009765625,21
2025-04-28 14:52:00+05:30,3017.0,3022.39990234375,3017.0,3022.39990234375,427
2025-04-28 14:53:00+05:30,3017.0,3018.5,3016.0,3016.0,11
2025-04-28 14:54:00+05:30,3015.0,3017.300048828125,3015.0,3017.0,94
2025-04-28 14:55:00+05:30,3015.10009765625,3017.300048828125,3015.0,3017.300048828125,13
2025-04-28 14:56:00+05:30,3017.5,3018.300048828125,3015.0,3015.0,30
2025-04-28 14:57:00+05:30,3015.10009765625,3018.300048828125,3015.10009765625,3018.300048828125,58
2025-04-28 14:58:00+05:30,3019.5,3019.5,3016.199951171875,3018.199951171875,294
2025-04-28 14:59:00+05:30,3025.89990234375,3025.89990234375,3017.0,3019.89990234375,337
2025-04-28 15:00:00+05:30,3027.5,3028.0,3023.39990234375,3025.89990234375,134
2025-04-28 15:01:00+05:30,3024.5,3027.0,3022.5,3027.0,237
2025-04-28 15:02:00+05:30,3028.0,3028.0,3023.699951171875,3024.0,140
2025-04-28 15:03:00+05:30,3023.699951171875,3024.5,3023.199951171875,3024.5,39
2025-04-28 15:04:00+05:30,3023.699951171875,3027.10009765625,3023.10009765625,3023.5,32
2025-04-28 15:05:00+05:30,3024.300048828125,3027.10009765625,3022.0,3027.10009765625,184
2025-04-28 15:06:00+05:30,3022.699951171875,3022.699951171875,3021.0,3021.0,20
2025-04-28 15:07:00+05:30,3014.10009765625,3020.10009765625,3012.0,3020.10009765625,532
2025-04-28 15:08:00+05:30,3015.0,3015.89990234375,3013.5,3013.5,56
2025-04-28 15:09:00+05:30,3017.39990234375,3017.89990234375,3014.699951171875,3014.800048828125,291
2025-04-28 15:10:00+05:30,3016.39990234375,3016.699951171875,3016.300048828125,3016.39990234375,18
2025-04-28 15:11:00+05:30,3018.800048828125,3018.800048828125,3016.39990234375,3016.39990234375,48
2025-04-28 15:12:00+05:30,3013.5,3016.300048828125,3013.5,3016.300048828125,138
2025-04-28 15:13:00+05:30,3008.0,3010.800048828125,3008.0,3010.199951171875,247
2025-04-28 15:14:00+05:30,3017.10009765625,3017.10009765625,3008.0,3010.199951171875,744
2025-04-28 15:15:00+05:30,3017.5,3020.89990234375,3015.199951171875,3015.199951171875,87
2025-04-28 15:16:00+05:30,3024.39990234375,3024.89990234375,3021.10009765625,3021.10009765625,150
2025-04-28 15:17:00+05:30,3026.39990234375,3026.39990234375,3024.39990234375,3024.39990234375,48
2025-04-28 15:18:00+05:30,3019.39990234375,3027.10009765625,3013.0,3027.10009765625,559
2025-04-28 15:19:00+05:30,3022.699951171875,3022.699951171875,3017.300048828125,3019.60009765625,65
2025-04-28 15:20:00+05:30,3020.5,3023.800048828125,3020.5,3021.699951171875,191
2025-04-28 15:21:00+05:30,3021.300048828125,3021.800048828125,3017.199951171875,3020.0,130
2025-04-28 15:22:00+05:30,3018.199951171875,3022.0,3018.199951171875,3022.0,141
2025-04-28 15:23:00+05:30,3017.39990234375,3017.39990234375,3015.0,3015.0,173
2025-04-28 15:24:00+05:30,3020.5,3020.5,3018.0,3020.10009765625,30
2025-04-28 15:25:00+05:30,3018.5,3020.5,3017.89990234375,3020.5,76
2025-04-28 15:26:00+05:30,3020.10009765625,3020.5,3019.300048828125,3020.5,117
2025-04-28 15:27:00+05:30,3026.699951171875,3026.699951171875,3020.5,3020.5,128
2025-04-28 15:28:00+05:30,3027.10009765625,3027.10009765625,3020.0,3022.5,126
2025-04-28 15:29:00+05:30,3027.10009765625,3027.10009765625,3020.10009765625,3027.10009765625,196
2025-04-29 09:15:00+05:30,3052.800048828125,3059.5,3028.0,3028.0,0
2025-04-29 09:16:00+05:30,3053.10009765625,3063.5,3048.199951171875,3052.699951171875,375
2025-04-29 09:17:00+05:30,3067.60009765625,3067.60009765625,3054.10009765625,3060.0,596
2025-04-29 09:18:00+05:30,3066.10009765625,3066.10009765625,3056.0,3059.5,138
2025-04-29 09:19:00+05:30,3062.300048828125,3066.0,3056.800048828125,3066.0,86
2025-04-29 09:20:00+05:30,3061.60009765625,3065.60009765625,3061.60009765625,3061.800048828125,78
2025-04-29 09:21:00+05:30,3065.60009765625,3065.60009765625,3062.300048828125,3062.60009765625,142
2025-04-29 09:22:00+05:30,3061.89990234375,3069.800048828125,3061.89990234375,3067.800048828125,421
2025-04-29 09:23:00+05:30,3062.199951171875,3062.199951171875,3054.10009765625,3060.89990234375,133
2025-04-29 09:24:00+05:30,3066.0,3072.0,3066.0,3067.199951171875,131
2025-04-29 09:25:00+05:30,3075.300048828125,3075.300048828125,3069.300048828125,3069.300048828125,23
2025-04-29 09:26:00+05:30,3095.0,3095.0,3073.800048828125,3073.800048828125,696
2025-04-29 09:27:00+05:30,3092.5,3095.0,3087.89990234375,3087.89990234375,262
2025-04-29 09:28:00+05:30,3086.10009765625,3086.60009765625,3086.0,3086.60009765625,251
2025-04-29 09:29:00+05:30,3100.0,3100.0,3082.5,3086.39990234375,1379
2025-04-29 09:30:00+05:30,3098.199951171875,3107.10009765625,3098.199951171875,3100.0,586
2025-04-29 09:31:00+05:30,3119.60009765625,3119.60009765625,3102.800048828125,3102.800048828125,858
2025-04-29 09:32:00+05:30,3108.5,3114.300048828125,3107.0,3114.300048828125,267
2025-04-29 09:33:00+05:30,3110.800048828125,3115.10009765625,3108.5,3109.0,54
2025-04-29 09:34:00+05:30,3113.0,3113.0,3106.10009765625,3109.0,204
2025-04-29 09:35:00+05:30,3104.699951171875,3110.39990234375,3104.699951171875,3110.39990234375,35
2025-04-29 09:36:00+05:30,3106.699951171875,3108.5,3103.0,3103.5,698
2025-04-29 09:37:00+05:30,3098.5,3105.0,3097.699951171875,3105.0,241
2025-04-29 09:38:00+05:30,3098.89990234375,3098.89990234375,3094.199951171875,3094.199951171875,349
2025-04-29 09:39:00+05:30,3100.699951171875,3103.5,3100.60009765625,3102.39990234375,48
2025-04-29 09:40:00+05:30,3099.10009765625,3100.5,3099.10009765625,3100.5,32
2025-04-29 09:41:00+05:30,3085.89990234375,3098.89990234375,3085.89990234375,3098.89990234375,726
2025-04-29 09:42:00+05:30,3080.699951171875,3083.199951171875,3080.699951171875,3083.199951171875,99
2025-04-29 09:43:00+05:30,3082.699951171875,3082.699951171875,3069.39990234375,3079.0,810
2025-04-29 09:44:00+05:30,3089.300048828125,3089.300048828125,3078.60009765625,3079.699951171875,117
2025-04-29 09:45:00+05:30,3104.699951171875,3104.699951171875,3090.5,3090.5,349
2025-04-29 09:46:00+05:30,3103.89990234375,3104.199951171875,3100.800048828125,3104.199951171875,34
2025-04-29 09:47:00+05:30,3100.300048828125,3104.0,3100.300048828125,3100.699951171875,94
2025-04-29 09:48:00+05:30,3103.39990234375,3103.39990234375,3103.39990234375,3103.39990234375,22
2025-04-29 09:49:00+05:30,3106.800048828125,3106.800048828125,3100.0,3103.5,191
2025-04-29 09:50:00+05:30,3106.699951171875,3110.0,3104.10009765625,3110.0,67
2025-04-29 09:51:00+05:30,3101.0,3103.300048828125,3100.0,3103.300048828125,148
2025-04-29 09:52:00+05:30,3107.10009765625,3107.10009765625,3101.60009765625,3101.60009765625,60
2025-04-29 09:53:00+05:30,3109.800048828125,3109.800048828125,3105.0,3105.0,53
2025-04-29 09:54:00+05:30,3106.5,3110.0,3102.39990234375,3109.5,571
2025-04-29 09:55:00+05:30,3106.10009765625,3106.10009765625,3106.10009765625,3106.10009765625,1
2025-04-29 09:56:00+05:30,3115.0,3115.0,3111.10009765625,3111.10009765625,40
2025-04-29 09:57:00+05:30,3108.89990234375,3111.300048828125,3108.89990234375,3111.300048828125,29
2025-04-29 09:58:00+05:30,3108.60009765625,3109.39990234375,3107.199951171875,3109.39990234375,22
2025-04-29 09:59:00+05:30,3108.60009765625,3108.60009765625,3107.60009765625,3107.60009765625,28
2025-04-29 10:00:00+05:30,3108.60009765625,3109.39990234375,3107.199951171875,3109.39990234375,156
2025-04-29 10:01:00+05:30,3106.800048828125,3106.800048828125,3106.60009765625,3106.60009765625,12
2025-04-29 10:02:00+05:30,3109.199951171875,3109.199951171875,3109.199951171875,3109.199951171875,1
2025-04-29 10:03:00+05:30,3108.5,3108.5,3108.5,3108.5,10
2025-04-29 10:04:00+05:30,3114.0,3114.0,3109.800048828125,3109.800048828125,49
2025-04-29 10:05:00+05:30,3102.89990234375,3111.5,3102.89990234375,3111.5,212
2025-04-29 10:06:00+05:30,3108.10009765625,3108.10009765625,3103.199951171875,3107.89990234375,79
2025-04-29 10:07:00+05:30,3104.800048828125,3108.10009765625,3104.800048828125,3108.10009765625,43
2025-04-29 10:08:00+05:30,3109.89990234375,3110.10009765625,3109.89990234375,3110.10009765625,41
2025-04-29 10:09:00+05:30,3128.300048828125,3130.800048828125,3110.0,3110.0,1991
2025-04-29 10:10:00+05:30,3125.60009765625,3130.0,3125.60009765625,3130.0,127
2025-04-29 10:11:00+05:30,3128.10009765625,3131.199951171875,3128.10009765625,3129.300048828125,332
2025-04-29 10:12:00+05:30,3147.699951171875,3147.699951171875,3134.5,3135.300048828125,748
2025-04-29 10:13:00+05:30,3147.10009765625,3147.10009765625,3140.39990234375,3140.39990234375,193
2025-04-29 10:14:00+05:30,3146.89990234375,3153.39990234375,3146.89990234375,3148.0,947
2025-04-29 10:15:00+05:30,3161.10009765625,3162.0,3148.60009765625,3150.0,944
2025-04-29 10:16:00+05:30,3153.0,3165.0,3153.0,3165.0,635
2025-04-29 10:17:00+05:30,3151.89990234375,3155.0,3150.10009765625,3153.0,356
2025-04-29 10:18:00+05:30,3154.10009765625,3155.199951171875,3152.60009765625,3152.60009765625,106
2025-04-29 10:19:00+05:30,3144.10009765625,3156.699951171875,3144.10009765625,3156.699951171875,57
2025-04-29 10:20:00+05:30,3140.699951171875,3143.0,3140.699951171875,3143.0,132
2025-04-29 10:21:00+05:30,3141.0,3141.0,3135.0,3140.699951171875,417
2025-04-29 10:22:00+05:30,3136.89990234375,3137.0,3133.10009765625,3136.89990234375,152
2025-04-29 10:23:00+05:30,3134.10009765625,3139.89990234375,3134.10009765625,3139.89990234375,109
2025-04-29 10:24:00+05:30,3137.300048828125,3139.699951171875,3137.300048828125,3139.699951171875,19
2025-04-29 10:25:00+05:30,3136.39990234375,3139.300048828125,3136.300048828125,3136.300048828125,42
2025-04-29 10:26:00+05:30,3136.10009765625,3139.39990234375,3136.0,3138.5,82
2025-04-29 10:27:00+05:30,3128.199951171875,3133.0,3128.0,3133.0,525
2025-04-29 10:28:00+05:30,3125.60009765625,3125.60009765625,3121.5,3121.5,139
2025-04-29 10:29:00+05:30,3127.5,3127.5,3123.60009765625,3123.60009765625,34
2025-04-29 10:30:00+05:30,3120.0,3128.10009765625,3120.0,3128.10009765625,197
2025-04-29 10:31:00+05:30,3121.60009765625,3125.89990234375,3118.5,3118.5,39
2025-04-29 10:32:00+05:30,3122.800048828125,3122.800048828125,3122.0,3122.0,120
2025-04-29 10:33:00+05:30,3122.39990234375,3124.60009765625,3122.300048828125,3124.60009765625,125
2025-04-29 10:34:00+05:30,3123.89990234375,3123.89990234375,3123.89990234375,3123.89990234375,534
2025-04-29 10:35:00+05:30,3125.10009765625,3125.10009765625,3122.5,3122.5,65
2025-04-29 10:36:00+05:30,3127.0,3127.0,3127.0,3127.0,26
2025-04-29 10:37:00+05:30,3123.39990234375,3129.800048828125,3123.300048828125,3129.800048828125,163
2025-04-29 10:38:00+05:30,3123.10009765625,3123.60009765625,3122.0,3123.60009765625,59
2025-04-29 10:39:00+05:30,3123.0,3123.0,3123.0,3123.0,1
2025-04-29 10:40:00+05:30,3121.5,3123.60009765625,3121.5,3123.60009765625,100
2025-04-29 10:41:00+05:30,3127.800048828125,3127.800048828125,3127.10009765625,3127.10009765625,0
2025-04-29 10:42:00+05:30,3123.0,3124.800048828125,3123.0,3124.800048828125,19
2025-04-29 10:43:00+05:30,3122.60009765625,3122.60009765625,3122.60009765625,3122.60009765625,1
2025-04-29 10:44:00+05:30,3122.699951171875,3124.699951171875,3122.699951171875,3123.699951171875,14
2025-04-29 10:45:00+05:30,3120.0,3120.10009765625,3120.0,3120.10009765625,144
2025-04-29 10:46:00+05:30,3120.89990234375,3121.800048828125,3120.0,3120.0,124
2025-04-29 10:47:00+05:30,3120.89990234375,3122.0,3120.89990234375,3120.89990234375,62
2025-04-29 10:48:00+05:30,3124.800048828125,3124.800048828125,3120.89990234375,3120.89990234375,205
2025-04-29 10:49:00+05:30,3125.0,3126.0,3125.0,3126.0,17
2025-04-29 10:50:00+05:30,3126.0,3126.0,3125.0,3125.39990234375,84
2025-04-29 10:53:00+05:30,3125.89990234375,3127.699951171875,3125.89990234375,3127.699951171875,39
2025-04-29 10:54:00+05:30,3120.5,3124.89990234375,3120.5,3124.89990234375,106
2025-04-29 10:55:00+05:30,3125.199951171875,3125.199951171875,3124.39990234375,3124.39990234375,4
2025-04-29 10:56:00+05:30,3125.0,3127.5,3125.0,3127.5,158
2025-04-29 10:57:00+05:30,3128.300048828125,3128.300048828125,3126.10009765625,3126.10009765625,0
2025-04-29 10:58:00+05:30,3129.800048828125,3129.800048828125,3128.300048828125,3128.300048828125,4
2025-04-29 10:59:00+05:30,3130.10009765625,3130.10009765625,3130.10009765625,3130.10009765625,1
2025-04-29 11:00:00+05:30,3129.89990234375,3130.10009765625,3129.89990234375,3130.10009765625,9
2025-04-29 11:01:00+05:30,3129.89990234375,3129.89990234375,3129.89990234375,3129.89990234375,168
2025-04-29 11:03:00+05:30,3130.800048828125,3130.800048828125,3130.800048828125,3130.800048828125,0
2025-04-29 11:04:00+05:30,3126.5,3129.800048828125,3126.5,3129.800048828125,130
2025-04-29 11:05:00+05:30,3129.300048828125,3129.300048828125,3127.0,3127.0,5
2025-04-29 11:06:00+05:30,3131.5,3133.89990234375,3131.5,3133.89990234375,52
2025-04-29 11:07:00+05:30,3126.699951171875,3131.5,3126.699951171875,3131.5,29
2025-04-29 11:08:00+05:30,3131.300048828125,3131.300048828125,3128.89990234375,3128.89990234375,35
2025-04-29 11:09:00+05:30,3132.0,3132.0,3131.89990234375,3131.89990234375,4
2025-04-29 11:10:00+05:30,3131.800048828125,3131.800048828125,3129.60009765625,3129.60009765625,2
2025-04-29 11:11:00+05:30,3133.10009765625,3133.10009765625,3124.39990234375,3128.10009765625,879
2025-04-29 11:12:00+05:30,3130.60009765625,3140.0,3130.60009765625,3140.0,1076
2025-04-29 11:13:00+05:30,3130.800048828125,3132.60009765625,3130.800048828125,3132.60009765625,4
2025-04-29 11:16:00+05:30,3130.5,3130.5,3130.5,3130.5,2
2025-04-29 11:17:00+05:30,3127.300048828125,3129.5,3127.300048828125,3128.199951171875,15
2025-04-29 11:18:00+05:30,3127.0,3130.800048828125,3127.0,3130.800048828125,101
2025-04-29 11:19:00+05:30,3130.300048828125,3130.300048828125,3127.0,3127.0,0
2025-04-29 11:20:00+05:30,3130.300048828125,3130.699951171875,3127.10009765625,3127.10009765625,32
2025-04-29 11:21:00+05:30,3130.800048828125,3131.199951171875,3126.39990234375,3126.39990234375,198
2025-04-29 11:22:00+05:30,3133.39990234375,3135.0,3129.60009765625,3135.0,129
2025-04-29 11:23:00+05:30,3132.699951171875,3132.699951171875,3128.60009765625,3128.60009765625,13
2025-04-29 11:24:00+05:30,3132.699951171875,3132.699951171875,3132.699951171875,3132.699951171875,3
2025-04-29 11:25:00+05:30,3125.60009765625,3128.39990234375,3125.60009765625,3128.39990234375,12
2025-04-29 11:26:00+05:30,3118.89990234375,3124.10009765625,3118.199951171875,3124.10009765625,743
2025-04-29 11:27:00+05:30,3113.300048828125,3119.0,3110.10009765625,3119.0,306
2025-04-29 11:28:00+05:30,3117.60009765625,3117.699951171875,3117.60009765625,3117.699951171875,542
2025-04-29 11:29:00+05:30,3117.89990234375,3117.89990234375,3117.89990234375,3117.89990234375,0
2025-04-29 11:30:00+05:30,3112.0,3115.300048828125,3112.0,3112.0,116
2025-04-29 11:31:00+05:30,3112.0,3115.199951171875,3112.0,3115.199951171875,15
2025-04-29 11:32:00+05:30,3111.0,3111.0,3111.0,3111.0,0
2025-04-29 11:33:00+05:30,3112.89990234375,3112.89990234375,3110.0,3110.0,27
2025-04-29 11:34:00+05:30,3115.60009765625,3115.60009765625,3111.800048828125,3111.800048828125,7
2025-04-29 11:36:00+05:30,3110.10009765625,3116.0,3110.10009765625,3116.0,77
2025-04-29 11:38:00+05:30,3115.89990234375,3115.89990234375,3115.89990234375,3115.89990234375,2
2025-04-29 11:39:00+05:30,3113.0,3113.0,3113.0,3113.0,14
2025-04-29 11:40:00+05:30,3108.0,3113.0,3108.0,3113.0,167
2025-04-29 11:41:00+05:30,3109.10009765625,3109.10009765625,3105.699951171875,3105.699951171875,3
2025-04-29 11:42:00+05:30,3109.699951171875,3109.699951171875,3109.699951171875,3109.699951171875,1
2025-04-29 11:43:00+05:30,3108.10009765625,3108.39990234375,3108.10009765625,3108.39990234375,14
2025-04-29 11:44:00+05:30,3108.699951171875,3108.699951171875,3108.699951171875,3108.699951171875,1
2025-04-29 11:45:00+05:30,3113.800048828125,3115.89990234375,3110.800048828125,3110.800048828125,384
2025-04-29 11:46:00+05:30,3109.800048828125,3113.10009765625,3109.800048828125,3113.10009765625,21
2025-04-29 11:47:00+05:30,3109.800048828125,3112.800048828125,3109.800048828125,3112.800048828125,21
2025-04-29 11:48:00+05:30,3112.60009765625,3112.60009765625,3109.0,3109.800048828125,219
2025-04-29 11:49:00+05:30,3115.89990234375,3115.89990234375,3113.699951171875,3113.699951171875,136
2025-04-29 11:51:00+05:30,3115.800048828125,3115.800048828125,3115.800048828125,3115.800048828125,0
2025-04-29 11:52:00+05:30,3114.0,3114.0,3111.89990234375,3111.89990234375,34
2025-04-29 11:53:00+05:30,3113.39990234375,3113.39990234375,3113.39990234375,3113.39990234375,8
2025-04-29 11:54:00+05:30,3113.39990234375,3113.39990234375,3113.39990234375,3113.39990234375,263
2025-04-29 11:55:00+05:30,3109.699951171875,3110.0,3108.10009765625,3108.10009765625,222
2025-04-29 11:56:00+05:30,3111.0,3111.0,3110.0,3110.0,66
2025-04-29 11:57:00+05:30,3109.0,3111.0,3109.0,3111.0,26
2025-04-29 11:58:00+05:30,3110.800048828125,3110.89990234375,3110.800048828125,3110.89990234375,16
2025-04-29 11:59:00+05:30,3111.800048828125,3111.800048828125,3111.800048828125,3111.800048828125,0
2025-04-29 12:00:00+05:30,3108.0,3108.300048828125,3108.0,3108.300048828125,52
2025-04-29 12:01:00+05:30,3103.0,3107.800048828125,3103.0,3107.800048828125,341
2025-04-29 12:02:00+05:30,3109.199951171875,3109.199951171875,3103.0,3103.0,12
2025-04-29 12:03:00+05:30,3110.5,3110.5,3110.5,3110.5,19
2025-04-29 12:04:00+05:30,3107.39990234375,3107.39990234375,3107.39990234375,3107.39990234375,23
2025-04-29 12:05:00+05:30,3110.699951171875,3110.699951171875,3110.60009765625,3110.60009765625,0
2025-04-29 12:06:00+05:30,3112.699951171875,3112.699951171875,3111.300048828125,3111.300048828125,5
2025-04-29 12:07:00+05:30,3113.5,3113.89990234375,3113.5,3113.89990234375,27
2025-04-29 12:09:00+05:30,3113.89990234375,3113.89990234375,3113.89990234375,3113.89990234375,1
2025-04-29 12:10:00+05:30,3113.10009765625,3113.89990234375,3113.10009765625,3113.89990234375,58
2025-04-29 12:11:00+05:30,3108.10009765625,3108.10009765625,3108.10009765625,3108.10009765625,41
2025-04-29 12:13:00+05:30,3109.199951171875,3112.300048828125,3109.199951171875,3112.300048828125,2
2025-04-29 12:15:00+05:30,3114.10009765625,3114.10009765625,3114.10009765625,3114.10009765625,201
2025-04-29 12:16:00+05:30,3112.5,3112.5,3112.5,3112.5,33
2025-04-29 12:17:00+05:30,3108.89990234375,3108.89990234375,3108.89990234375,3108.89990234375,5
2025-04-29 12:18:00+05:30,3109.0,3109.0,3109.0,3109.0,37
2025-04-29 12:20:00+05:30,3107.300048828125,3109.0,3107.300048828125,3109.0,26
2025-04-29 12:21:00+05:30,3106.60009765625,3107.89990234375,3105.60009765625,3105.60009765625,5
2025-04-29 12:22:00+05:30,3106.60009765625,3106.60009765625,3106.60009765625,3106.60009765625,1
2025-04-29 12:23:00+05:30,3102.300048828125,3108.0,3101.0,3106.60009765625,792
2025-04-29 12:24:00+05:30,3104.0,3104.0,3103.800048828125,3103.800048828125,18
2025-04-29 12:25:00+05:30,3105.0,3105.0,3105.0,3105.0,21
2025-04-29 12:27:00+05:30,3106.699951171875,3106.699951171875,3106.699951171875,3106.699951171875,0
2025-04-29 12:28:00+05:30,3110.199951171875,3110.199951171875,3108.5,3108.5,31
2025-04-29 12:29:00+05:30,3110.0,3110.0,3110.0,3110.0,0
2025-04-29 12:30:00+05:30,3109.0,3111.699951171875,3109.0,3111.10009765625,120
2025-04-29 12:31:00+05:30,3112.5,3112.5,3111.10009765625,3111.10009765625,3
2025-04-29 12:32:00+05:30,3111.800048828125,3113.89990234375,3111.800048828125,3113.89990234375,6
2025-04-29 12:34:00+05:30,3113.699951171875,3113.699951171875,3113.699951171875,3113.699951171875,0
2025-04-29 12:35:00+05:30,3115.0,3115.0,3115.0,3115.0,34
2025-04-29 12:37:00+05:30,3117.0,3117.0,3117.0,3117.0,3
2025-04-29 12:38:00+05:30,3120.0,3120.0,3120.0,3120.0,125
2025-04-29 12:40:00+05:30,3117.60009765625,3120.199951171875,3113.300048828125,3120.199951171875,96
2025-04-29 12:41:00+05:30,3116.60009765625,3119.89990234375,3116.5,3119.89990234375,101
2025-04-29 12:42:00+05:30,3120.0,3120.0,3120.0,3120.0,1
2025-04-29 12:43:00+05:30,3118.300048828125,3118.300048828125,3118.300048828125,3118.300048828125,1
2025-04-29 12:44:00+05:30,3118.199951171875,3118.199951171875,3118.199951171875,3118.199951171875,6
2025-04-29 12:45:00+05:30,3113.10009765625,3114.10009765625,3112.300048828125,3114.10009765625,39
2025-04-29 12:46:00+05:30,3114.699951171875,3114.699951171875,3114.699951171875,3114.699951171875,57
2025-04-29 12:48:00+05:30,3116.10009765625,3116.10009765625,3116.10009765625,3116.10009765625,0
2025-04-29 12:50:00+05:30,3115.10009765625,3115.10009765625,3115.10009765625,3115.10009765625,8
2025-04-29 12:51:00+05:30,3116.800048828125,3116.800048828125,3116.800048828125,3116.800048828125,0
2025-04-29 12:54:00+05:30,3115.89990234375,3117.0,3115.10009765625,3117.0,96
2025-04-29 12:55:00+05:30,3113.60009765625,3113.60009765625,3113.60009765625,3113.60009765625,49
2025-04-29 12:56:00+05:30,3110.300048828125,3112.5,3110.300048828125,3110.300048828125,17
2025-04-29 12:57:00+05:30,3110.0,3110.0,3110.0,3110.0,0
2025-04-29 12:58:00+05:30,3109.300048828125,3111.699951171875,3109.300048828125,3109.300048828125,110
2025-04-29 12:59:00+05:30,3109.300048828125,3109.300048828125,3109.300048828125,3109.300048828125,1
2025-04-29 13:00:00+05:30,3111.89990234375,3111.89990234375,3109.199951171875,3109.199951171875,26
2025-04-29 13:01:00+05:30,3111.699951171875,3111.699951171875,3111.699951171875,3111.699951171875,1
2025-04-29 13:02:00+05:30,3109.89990234375,3109.89990234375,3109.89990234375,3109.89990234375,3
2025-04-29 13:03:00+05:30,3110.5,3110.5,3110.199951171875,3110.199951171875,21
2025-04-29 13:04:00+05:30,3109.699951171875,3109.699951171875,3109.699951171875,3109.699951171875,2
2025-04-29 13:05:00+05:30,3106.699951171875,3111.199951171875,3106.699951171875,3109.699951171875,49
2025-04-29 13:06:00+05:30,3104.0,3104.5,3104.0,3104.5,22
2025-04-29 13:07:00+05:30,3103.300048828125,3103.300048828125,3101.5,3102.300048828125,35
2025-04-29 13:08:00+05:30,3100.10009765625,3102.10009765625,3100.10009765625,3102.10009765625,28
2025-04-29 13:09:00+05:30,3100.300048828125,3101.0,3100.300048828125,3101.0,9
2025-04-29 13:10:00+05:30,3100.10009765625,3102.0,3100.10009765625,3100.300048828125,9
2025-04-29 13:11:00+05:30,3101.699951171875,3101.699951171875,3100.10009765625,3100.199951171875,590
2025-04-29 13:12:00+05:30,3100.10009765625,3102.60009765625,3100.10009765625,3100.39990234375,9
2025-04-29 13:13:00+05:30,3100.199951171875,3100.199951171875,3100.199951171875,3100.199951171875,11
2025-04-29 13:14:00+05:30,3100.199951171875,3100.300048828125,3100.199951171875,3100.300048828125,13
2025-04-29 13:15:00+05:30,3101.89990234375,3101.89990234375,3100.5,3100.5,5
2025-04-29 13:16:00+05:30,3099.89990234375,3100.199951171875,3099.89990234375,3100.199951171875,1327
2025-04-29 13:17:00+05:30,3101.89990234375,3101.89990234375,3099.0,3099.0,10
2025-04-29 13:18:00+05:30,3097.300048828125,3097.300048828125,3097.300048828125,3097.300048828125,8
2025-04-29 13:19:00+05:30,3097.300048828125,3099.800048828125,3097.300048828125,3099.800048828125,14
2025-04-29 13:20:00+05:30,3101.10009765625,3101.10009765625,3097.39990234375,3097.39990234375,21
2025-04-29 13:21:00+05:30,3099.199951171875,3099.199951171875,3099.199951171875,3099.199951171875,7
2025-04-29 13:22:00+05:30,3100.89990234375,3100.89990234375,3097.800048828125,3097.800048828125,9
2025-04-29 13:23:00+05:30,3097.800048828125,3097.800048828125,3097.800048828125,3097.800048828125,7
2025-04-29 13:24:00+05:30,3097.699951171875,3097.800048828125,3097.699951171875,3097.800048828125,9
2025-04-29 13:25:00+05:30,3099.800048828125,3099.800048828125,3097.0,3097.0,55
2025-04-29 13:26:00+05:30,3106.0,3106.0,3104.800048828125,3104.800048828125,12
2025-04-29 13:27:00+05:30,3102.5,3102.5,3102.5,3102.5,8
2025-04-29 13:28:00+05:30,3105.800048828125,3105.800048828125,3105.800048828125,3105.800048828125,17
2025-04-29 13:29:00+05:30,3108.300048828125,3108.5,3105.800048828125,3105.800048828125,14
2025-04-29 13:30:00+05:30,3106.699951171875,3106.699951171875,3106.699951171875,3106.699951171875,13
2025-04-29 13:31:00+05:30,3110.60009765625,3110.60009765625,3105.800048828125,3106.699951171875,22
2025-04-29 13:32:00+05:30,3107.5,3109.300048828125,3107.5,3109.300048828125,12
2025-04-29 13:33:00+05:30,3107.5,3108.89990234375,3107.5,3108.89990234375,10
2025-04-29 13:34:00+05:30,3107.300048828125,3107.300048828125,3105.60009765625,3105.60009765625,11
2025-04-29 13:35:00+05:30,3106.89990234375,3106.89990234375,3106.89990234375,3106.89990234375,5
2025-04-29 13:36:00+05:30,3106.5,3106.5,3105.0,3105.0,150
2025-04-29 13:37:00+05:30,3107.300048828125,3107.300048828125,3106.699951171875,3106.699951171875,20
2025-04-29 13:38:00+05:30,3104.5,3104.5,3104.5,3104.5,11
2025-04-29 13:39:00+05:30,3104.300048828125,3105.0,3104.199951171875,3105.0,220
2025-04-29 13:40:00+05:30,3101.0,3105.10009765625,3101.0,3102.699951171875,13
2025-04-29 13:41:00+05:30,3101.10009765625,3104.199951171875,3101.10009765625,3104.199951171875,58
2025-04-29 13:42:00+05:30,3101.800048828125,3101.89990234375,3101.800048828125,3101.89990234375,15
2025-04-29 13:43:00+05:30,3105.10009765625,3105.10009765625,3101.800048828125,3101.800048828125,26
2025-04-29 13:44:00+05:30,3105.5,3105.5,3102.60009765625,3105.300048828125,15
2025-04-29 13:45:00+05:30,3105.0,3105.0,3101.800048828125,3101.800048828125,13
2025-04-29 13:46:00+05:30,3104.5,3105.0,3101.60009765625,3101.60009765625,27
2025-04-29 13:47:00+05:30,3101.89990234375,3105.0,3101.89990234375,3102.199951171875,10
2025-04-29 13:48:00+05:30,3104.89990234375,3104.89990234375,3104.89990234375,3104.89990234375,15
2025-04-29 13:49:00+05:30,3105.0,3105.0,3102.10009765625,3102.10009765625,26
2025-04-29 13:50:00+05:30,3104.300048828125,3104.300048828125,3101.89990234375,3102.199951171875,19
2025-04-29 13:52:00+05:30,3103.800048828125,3104.300048828125,3101.800048828125,3103.10009765625,38
2025-04-29 13:53:00+05:30,3101.60009765625,3104.0,3101.60009765625,3104.0,12
2025-04-29 13:54:00+05:30,3100.199951171875,3104.199951171875,3100.0,3104.199951171875,65
2025-04-29 13:55:00+05:30,3094.5,3097.60009765625,3094.5,3097.60009765625,97
2025-04-29 13:56:00+05:30,3091.0,3094.0,3091.0,3094.0,7
2025-04-29 13:57:00+05:30,3092.0,3092.10009765625,3091.199951171875,3091.199951171875,44
2025-04-29 13:58:00+05:30,3097.699951171875,3097.699951171875,3091.5,3092.199951171875,79
2025-04-29 13:59:00+05:30,3096.199951171875,3097.0,3096.199951171875,3097.0,12
2025-04-29 14:00:00+05:30,3099.89990234375,3099.89990234375,3097.10009765625,3097.10009765625,20
2025-04-29 14:01:00+05:30,3097.0,3099.699951171875,3097.0,3099.699951171875,8
2025-04-29 14:02:00+05:30,3096.5,3096.5,3096.5,3096.5,8
2025-04-29 14:03:00+05:30,3096.699951171875,3096.699951171875,3096.5,3096.5,8
2025-04-29 14:04:00+05:30,3095.699951171875,3098.199951171875,3095.699951171875,3096.5,15
2025-04-29 14:05:00+05:30,3096.0,3099.89990234375,3096.0,3099.89990234375,43
2025-04-29 14:06:00+05:30,3096.0,3096.0,3096.0,3096.0,9
2025-04-29 14:07:00+05:30,3098.89990234375,3098.89990234375,3097.60009765625,3097.60009765625,11
2025-04-29 14:08:00+05:30,3097.800048828125,3099.800048828125,3097.800048828125,3099.800048828125,15
2025-04-29 14:09:00+05:30,3096.699951171875,3096.699951171875,3096.699951171875,3096.699951171875,9
2025-04-29 14:10:00+05:30,3091.5,3096.699951171875,3091.5,3096.699951171875,71
2025-04-29 14:11:00+05:30,3091.699951171875,3096.699951171875,3091.699951171875,3094.5,160
2025-04-29 14:12:00+05:30,3095.0,3095.0,3094.0,3094.0,57
2025-04-29 14:13:00+05:30,3091.5,3094.0,3091.5,3094.0,61
2025-04-29 14:14:00+05:30,3091.300048828125,3091.39990234375,3090.0,3091.300048828125,52
2025-04-29 14:15:00+05:30,3090.0,3090.0,3090.0,3090.0,3
2025-04-29 14:16:00+05:30,3090.0,3090.0,3090.0,3090.0,9
2025-04-29 14:17:00+05:30,3090.0,3090.0,3090.0,3090.0,9
2025-04-29 14:18:00+05:30,3090.0,3091.39990234375,3090.0,3091.39990234375,13
2025-04-29 14:19:00+05:30,3086.10009765625,3090.0,3086.10009765625,3090.0,145
2025-04-29 14:20:00+05:30,3087.10009765625,3087.10009765625,3081.0,3081.0,266
2025-04-29 14:21:00+05:30,3087.10009765625,3087.10009765625,3087.10009765625,3087.10009765625,0
2025-04-29 14:22:00+05:30,3085.800048828125,3085.800048828125,3085.800048828125,3085.800048828125,14
2025-04-29 14:23:00+05:30,3085.89990234375,3085.89990234375,3085.89990234375,3085.89990234375,4
2025-04-29 14:24:00+05:30,3084.300048828125,3084.300048828125,3084.300048828125,3084.300048828125,8
2025-04-29 14:25:00+05:30,3084.300048828125,3085.0,3084.300048828125,3085.0,14
2025-04-29 14:26:00+05:30,3084.300048828125,3084.300048828125,3084.199951171875,3084.199951171875,34
2025-04-29 14:27:00+05:30,3083.5,3084.0,3083.5,3084.0,2
2025-04-29 14:28:00+05:30,3081.699951171875,3083.300048828125,3081.699951171875,3083.300048828125,26
2025-04-29 14:29:00+05:30,3083.10009765625,3083.300048828125,3083.0,3083.300048828125,105
2025-04-29 14:31:00+05:30,3084.199951171875,3084.199951171875,3082.699951171875,3082.699951171875,963
2025-04-29 14:32:00+05:30,3083.60009765625,3083.60009765625,3083.60009765625,3083.60009765625,0
2025-04-29 14:33:00+05:30,3080.800048828125,3083.60009765625,3080.800048828125,3083.60009765625,16
2025-04-29 14:34:00+05:30,3080.0,3080.800048828125,3080.0,3080.800048828125,67
2025-04-29 14:35:00+05:30,3076.199951171875,3076.199951171875,3076.10009765625,3076.10009765625,1
2025-04-29 14:36:00+05:30,3083.39990234375,3083.39990234375,3076.10009765625,3076.10009765625,11
2025-04-29 14:37:00+05:30,3080.699951171875,3083.0,3080.699951171875,3083.0,9
2025-04-29 14:39:00+05:30,3083.39990234375,3083.39990234375,3083.39990234375,3083.39990234375,2
2025-04-29 14:40:00+05:30,3083.39990234375,3083.39990234375,3083.39990234375,3083.39990234375,30
2025-04-29 14:42:00+05:30,3089.199951171875,3089.199951171875,3089.199951171875,3089.199951171875,11
2025-04-29 14:43:00+05:30,3086.800048828125,3086.800048828125,3086.800048828125,3086.800048828125,18
2025-04-29 14:44:00+05:30,3086.699951171875,3086.699951171875,3086.5,3086.5,7
2025-04-29 14:45:00+05:30,3088.60009765625,3089.10009765625,3088.60009765625,3088.800048828125,17
2025-04-29 14:46:00+05:30,3085.89990234375,3089.0,3085.89990234375,3089.0,41
2025-04-29 14:48:00+05:30,3085.800048828125,3086.199951171875,3083.5,3083.5,46
2025-04-29 14:49:00+05:30,3086.300048828125,3086.300048828125,3085.60009765625,3085.60009765625,6
2025-04-29 14:50:00+05:30,3095.199951171875,3095.199951171875,3087.199951171875,3087.199951171875,48
2025-04-29 14:51:00+05:30,3094.199951171875,3095.199951171875,3094.199951171875,3095.199951171875,37
2025-04-29 14:52:00+05:30,3091.699951171875,3091.699951171875,3091.699951171875,3091.699951171875,16
2025-04-29 14:53:00+05:30,3093.5,3093.5,3090.39990234375,3091.10009765625,92
2025-04-29 14:54:00+05:30,3094.60009765625,3095.0,3094.60009765625,3095.0,15
2025-04-29 14:55:00+05:30,3093.60009765625,3094.5,3092.5,3094.5,335
2025-04-29 14:56:00+05:30,3093.800048828125,3097.89990234375,3093.800048828125,3097.89990234375,77
2025-04-29 14:57:00+05:30,3100.0,3100.0,3100.0,3100.0,547
2025-04-29 14:58:00+05:30,3097.699951171875,3097.699951171875,3097.699951171875,3097.699951171875,49
2025-04-29 14:59:00+05:30,3095.300048828125,3096.39990234375,3095.300048828125,3096.39990234375,58
2025-04-29 15:00:00+05:30,3099.60009765625,3099.60009765625,3095.5,3095.5,55
2025-04-29 15:01:00+05:30,3100.0,3100.0,3098.89990234375,3099.89990234375,88
2025-04-29 15:02:00+05:30,3099.5,3099.699951171875,3099.5,3099.699951171875,0
2025-04-29 15:03:00+05:30,3094.10009765625,3097.699951171875,3094.10009765625,3097.699951171875,132
2025-04-29 15:04:00+05:30,3088.39990234375,3096.89990234375,3088.39990234375,3096.89990234375,119
2025-04-29 15:05:00+05:30,3089.0,3089.0,3086.60009765625,3086.60009765625,59
2025-04-29 15:06:00+05:30,3094.89990234375,3095.5,3092.39990234375,3092.39990234375,99
2025-04-29 15:07:00+05:30,3099.800048828125,3099.800048828125,3095.0,3095.0,113
2025-04-29 15:08:00+05:30,3096.699951171875,3098.89990234375,3096.699951171875,3097.5,66
2025-04-29 15:09:00+05:30,3106.699951171875,3106.699951171875,3099.89990234375,3099.89990234375,303
2025-04-29 15:10:00+05:30,3098.60009765625,3099.0,3098.60009765625,3099.0,180
2025-04-29 15:11:00+05:30,3095.39990234375,3095.39990234375,3095.39990234375,3095.39990234375,21
2025-04-29 15:12:00+05:30,3098.89990234375,3099.0,3098.89990234375,3099.0,18
2025-04-29 15:13:00+05:30,3096.800048828125,3099.0,3096.800048828125,3099.0,29
2025-04-29 15:14:00+05:30,3100.0,3100.0,3100.0,3100.0,89
2025-04-29 15:15:00+05:30,3091.5,3093.89990234375,3089.0,3093.89990234375,177
2025-04-29 15:16:00+05:30,3080.800048828125,3087.800048828125,3080.800048828125,3087.800048828125,68
2025-04-29 15:17:00+05:30,3072.0,3082.199951171875,3062.60009765625,3082.199951171875,508
2025-04-29 15:18:00+05:30,3077.0,3078.39990234375,3072.10009765625,3072.10009765625,185
2025-04-29 15:19:00+05:30,3073.89990234375,3078.300048828125,3073.89990234375,3078.300048828125,107
2025-04-29 15:20:00+05:30,3072.10009765625,3076.800048828125,3070.10009765625,3073.89990234375,166
2025-04-29 15:21:00+05:30,3075.10009765625,3075.300048828125,3072.10009765625,3072.10009765625,322
2025-04-29 15:22:00+05:30,3075.800048828125,3075.89990234375,3075.800048828125,3075.89990234375,76
2025-04-29 15:23:00+05:30,3081.800048828125,3083.89990234375,3075.0,3075.10009765625,134
2025-04-29 15:24:00+05:30,3091.5,3098.10009765625,3083.0,3083.0,438
2025-04-29 15:25:00+05:30,3105.0,3105.0,3099.0,3099.10009765625,173
2025-04-29 15:26:00+05:30,3099.300048828125,3100.5,3099.0,3099.89990234375,364
2025-04-29 15:27:00+05:30,3110.0,3110.0,3083.60009765625,3093.5,211
2025-04-29 15:28:00+05:30,3095.0,3109.0,3088.699951171875,3093.60009765625,141
2025-04-29 15:29:00+05:30,3106.0,3107.0,3087.300048828125,3107.0,232
2025-04-30 09:15:00+05:30,3096.199951171875,3112.5,3095.0,3104.89990234375,0
2025-04-30 09:16:00+05:30,3067.800048828125,3093.89990234375,3065.199951171875,3093.89990234375,1465
2025-04-30 09:17:00+05:30,3049.60009765625,3060.800048828125,3049.60009765625,3057.39990234375,262
2025-04-30 09:18:00+05:30,3057.699951171875,3058.5,3052.0,3052.0,114
2025-04-30 09:19:00+05:30,3074.10009765625,3074.10009765625,3055.5,3057.800048828125,172
2025-04-30 09:20:00+05:30,3072.800048828125,3082.0,3071.39990234375,3071.39990234375,222
2025-04-30 09:21:00+05:30,3061.39990234375,3068.300048828125,3059.800048828125,3068.300048828125,323
2025-04-30 09:22:00+05:30,3057.39990234375,3057.39990234375,3043.60009765625,3050.0,244
2025-04-30 09:23:00+05:30,3059.800048828125,3073.800048828125,3059.300048828125,3059.300048828125,96
2025-04-30 09:24:00+05:30,3055.300048828125,3061.5,3052.5,3061.5,255
2025-04-30 09:25:00+05:30,3048.800048828125,3055.10009765625,3046.800048828125,3055.10009765625,50
2025-04-30 09:26:00+05:30,3042.89990234375,3043.39990234375,3036.89990234375,3043.0,202
2025-04-30 09:27:00+05:30,3046.800048828125,3047.800048828125,3041.10009765625,3041.10009765625,88
2025-04-30 09:28:00+05:30,3049.10009765625,3051.39990234375,3042.5,3042.5,76
2025-04-30 09:29:00+05:30,3058.60009765625,3058.60009765625,3050.800048828125,3050.800048828125,33
2025-04-30 09:30:00+05:30,3061.10009765625,3063.39990234375,3060.39990234375,3060.39990234375,32
2025-04-30 09:31:00+05:30,3072.699951171875,3072.699951171875,3063.39990234375,3063.39990234375,61
2025-04-30 09:32:00+05:30,3082.10009765625,3085.0,3072.699951171875,3072.699951171875,350
2025-04-30 09:33:00+05:30,3102.0,3102.0,3090.0,3090.0,206
2025-04-30 09:34:00+05:30,3096.800048828125,3105.0,3096.800048828125,3105.0,72
2025-04-30 09:35:00+05:30,3115.5,3115.5,3097.300048828125,3100.0,543
2025-04-30 09:36:00+05:30,3113.39990234375,3117.39990234375,3110.89990234375,3111.10009765625,155
2025-04-30 09:37:00+05:30,3113.10009765625,3113.199951171875,3109.300048828125,3113.199951171875,18
2025-04-30 09:38:00+05:30,3125.0,3125.0,3114.0,3114.0,349
2025-04-30 09:39:00+05:30,3131.699951171875,3134.199951171875,3128.699951171875,3128.699951171875,169
2025-04-30 09:40:00+05:30,3136.0,3136.0,3128.699951171875,3131.800048828125,179
2025-04-30 09:41:00+05:30,3131.699951171875,3134.60009765625,3131.699951171875,3132.800048828125,67
2025-04-30 09:42:00+05:30,3126.300048828125,3130.300048828125,3126.300048828125,3130.300048828125,122
2025-04-30 09:43:00+05:30,3121.300048828125,3124.5,3117.199951171875,3124.5,604
2025-04-30 09:44:00+05:30,3122.800048828125,3122.800048828125,3117.60009765625,3121.300048828125,44
2025-04-30 09:45:00+05:30,3119.39990234375,3124.89990234375,3119.39990234375,3120.10009765625,57
2025-04-30 09:46:00+05:30,3122.89990234375,3123.89990234375,3118.5,3118.5,57
2025-04-30 09:47:00+05:30,3123.5,3123.5,3122.5,3122.5,34
2025-04-30 09:48:00+05:30,3129.699951171875,3132.39990234375,3127.300048828125,3127.300048828125,89
2025-04-30 09:49:00+05:30,3128.39990234375,3130.5,3128.39990234375,3130.5,37
2025-04-30 09:50:00+05:30,3131.800048828125,3131.800048828125,3131.800048828125,3131.800048828125,18
2025-04-30 09:51:00+05:30,3140.800048828125,3140.800048828125,3131.89990234375,3131.89990234375,541
2025-04-30 09:52:00+05:30,3142.39990234375,3145.0,3140.800048828125,3140.800048828125,90
2025-04-30 09:53:00+05:30,3139.0,3139.0,3139.0,3139.0,120
2025-04-30 09:54:00+05:30,3136.0,3136.699951171875,3136.0,3136.699951171875,24
2025-04-30 09:55:00+05:30,3126.800048828125,3135.0,3126.800048828125,3135.0,610
2025-04-30 09:56:00+05:30,3131.199951171875,3131.199951171875,3121.699951171875,3121.699951171875,78
2025-04-30 09:57:00+05:30,3127.60009765625,3131.39990234375,3127.60009765625,3128.10009765625,82
2025-04-30 09:58:00+05:30,3124.699951171875,3129.60009765625,3121.60009765625,3129.60009765625,20
2025-04-30 09:59:00+05:30,3118.10009765625,3121.60009765625,3118.10009765625,3121.60009765625,327
2025-04-30 10:00:00+05:30,3109.300048828125,3117.39990234375,3109.300048828125,3117.39990234375,148
2025-04-30 10:01:00+05:30,3109.39990234375,3109.699951171875,3105.0,3109.699951171875,283
2025-04-30 10:02:00+05:30,3109.699951171875,3109.699951171875,3106.10009765625,3106.10009765625,59
2025-04-30 10:03:00+05:30,3110.60009765625,3110.60009765625,3110.60009765625,3110.60009765625,12
2025-04-30 10:04:00+05:30,3113.89990234375,3113.89990234375,3107.89990234375,3110.0,541
2025-04-30 10:05:00+05:30,3114.0,3117.0,3114.0,3115.0,51
2025-04-30 10:06:00+05:30,3117.39990234375,3117.39990234375,3115.300048828125,3115.300048828125,30
2025-04-30 10:07:00+05:30,3122.60009765625,3122.60009765625,3116.60009765625,3116.60009765625,204
2025-04-30 10:09:00+05:30,3118.0,3118.0,3118.0,3118.0,18
2025-04-30 10:10:00+05:30,3120.800048828125,3122.199951171875,3119.0,3119.0,28
2025-04-30 10:11:00+05:30,3125.300048828125,3125.300048828125,3123.800048828125,3123.800048828125,49
2025-04-30 10:12:00+05:30,3122.199951171875,3123.89990234375,3116.800048828125,3123.89990234375,140
2025-04-30 10:13:00+05:30,3116.800048828125,3120.800048828125,3116.800048828125,3120.800048828125,9
2025-04-30 10:14:00+05:30,3121.60009765625,3121.60009765625,3119.5,3119.699951171875,43
2025-04-30 10:15:00+05:30,3118.89990234375,3118.89990234375,3115.800048828125,3117.699951171875,20
2025-04-30 10:16:00+05:30,3118.699951171875,3118.699951171875,3118.699951171875,3118.699951171875,12
2025-04-30 10:17:00+05:30,3121.60009765625,3121.60009765625,3118.60009765625,3118.60009765625,67
2025-04-30 10:19:00+05:30,3116.89990234375,3119.10009765625,3116.89990234375,3119.10009765625,20
2025-04-30 10:20:00+05:30,3117.10009765625,3119.0,3117.10009765625,3119.0,21
2025-04-30 10:21:00+05:30,3113.10009765625,3116.89990234375,3113.10009765625,3116.89990234375,154
2025-04-30 10:22:00+05:30,3112.89990234375,3112.89990234375,3112.89990234375,3112.89990234375,6
2025-04-30 10:23:00+05:30,3115.39990234375,3115.39990234375,3111.0,3111.0,94
2025-04-30 10:24:00+05:30,3121.699951171875,3125.0,3118.89990234375,3118.89990234375,84
2025-04-30 10:25:00+05:30,3123.89990234375,3123.89990234375,3122.0,3122.0,17
2025-04-30 10:26:00+05:30,3131.300048828125,3131.699951171875,3124.699951171875,3124.699951171875,104
2025-04-30 10:27:00+05:30,3120.10009765625,3123.60009765625,3120.10009765625,3123.60009765625,57
2025-04-30 10:28:00+05:30,3120.10009765625,3120.10009765625,3120.10009765625,3120.10009765625,20
2025-04-30 10:29:00+05:30,3113.60009765625,3120.199951171875,3113.60009765625,3120.199951171875,106
2025-04-30 10:30:00+05:30,3107.39990234375,3114.0,3107.39990234375,3113.39990234375,85
2025-04-30 10:31:00+05:30,3111.5,3111.5,3109.800048828125,3109.800048828125,47
2025-04-30 10:32:00+05:30,3108.5,3113.89990234375,3108.199951171875,3113.89990234375,78
2025-04-30 10:33:00+05:30,3109.199951171875,3110.300048828125,3107.10009765625,3110.300048828125,47
2025-04-30 10:34:00+05:30,3108.10009765625,3110.0,3108.10009765625,3110.0,12
2025-04-30 10:35:00+05:30,3106.10009765625,3106.10009765625,3106.10009765625,3106.10009765625,62
2025-04-30 10:36:00+05:30,3107.10009765625,3107.10009765625,3106.10009765625,3106.10009765625,22
2025-04-30 10:37:00+05:30,3104.199951171875,3108.199951171875,3104.199951171875,3108.199951171875,656
2025-04-30 10:38:00+05:30,3100.300048828125,3100.300048828125,3097.89990234375,3097.89990234375,20
2025-04-30 10:39:00+05:30,3111.199951171875,3111.199951171875,3111.199951171875,3111.199951171875,514
2025-04-30 10:40:00+05:30,3102.10009765625,3102.10009765625,3102.10009765625,3102.10009765625,55
2025-04-30 10:41:00+05:30,3107.39990234375,3107.39990234375,3104.39990234375,3104.39990234375,18
2025-04-30 10:42:00+05:30,3108.60009765625,3108.60009765625,3108.60009765625,3108.60009765625,15
2025-04-30 10:44:00+05:30,3113.89990234375,3113.89990234375,3113.89990234375,3113.89990234375,11
2025-04-30 10:45:00+05:30,3112.0,3115.0,3112.0,3115.0,39
2025-04-30 10:46:00+05:30,3111.699951171875,3114.199951171875,3111.699951171875,3114.199951171875,12
2025-04-30 10:47:00+05:30,3114.5,3117.699951171875,3113.89990234375,3113.89990234375,106
2025-04-30 10:50:00+05:30,3116.199951171875,3116.60009765625,3115.5,3116.60009765625,63
2025-04-30 10:51:00+05:30,3117.0,3117.199951171875,3116.10009765625,3116.10009765625,31
2025-04-30 10:53:00+05:30,3117.0,3119.39990234375,3117.0,3119.39990234375,4
2025-04-30 10:54:00+05:30,3117.699951171875,3119.10009765625,3117.0,3117.0,13
2025-04-30 10:55:00+05:30,3117.89990234375,3117.89990234375,3115.89990234375,3117.0,31
2025-04-30 10:56:00+05:30,3117.0,3117.0,3114.5,3114.5,27
2025-04-30 10:59:00+05:30,3114.199951171875,3118.10009765625,3114.199951171875,3118.10009765625,41
2025-04-30 11:00:00+05:30,3114.199951171875,3115.0,3114.199951171875,3115.0,11
2025-04-30 11:01:00+05:30,3114.199951171875,3114.199951171875,3114.199951171875,3114.199951171875,3
2025-04-30 11:02:00+05:30,3114.199951171875,3114.199951171875,3114.199951171875,3114.199951171875,1
2025-04-30 11:03:00+05:30,3110.199951171875,3110.199951171875,3110.199951171875,3110.199951171875,74
2025-04-30 11:05:00+05:30,3109.199951171875,3110.199951171875,3109.199951171875,3110.199951171875,16
2025-04-30 11:06:00+05:30,3111.0,3111.0,3109.199951171875,3109.199951171875,82
2025-04-30 11:07:00+05:30,3109.10009765625,3114.800048828125,3109.10009765625,3113.60009765625,27
2025-04-30 11:08:00+05:30,3101.800048828125,3106.60009765625,3101.800048828125,3106.60009765625,63
2025-04-30 11:10:00+05:30,3097.199951171875,3097.199951171875,3097.199951171875,3097.199951171875,100
2025-04-30 11:11:00+05:30,3097.300048828125,3100.39990234375,3097.300048828125,3100.39990234375,15
2025-04-30 11:12:00+05:30,3094.199951171875,3097.0,3094.0,3097.0,133
2025-04-30 11:14:00+05:30,3095.699951171875,3096.10009765625,3094.0,3096.10009765625,8
2025-04-30 11:15:00+05:30,3094.0,3094.0,3094.0,3094.0,4
2025-04-30 11:16:00+05:30,3094.0,3094.0,3094.0,3094.0,3
2025-04-30 11:18:00+05:30,3096.300048828125,3096.300048828125,3093.800048828125,3093.800048828125,45
2025-04-30 11:19:00+05:30,3102.0,3102.0,3099.89990234375,3099.89990234375,11
2025-04-30 11:20:00+05:30,3097.800048828125,3097.800048828125,3097.5,3097.5,138
2025-04-30 11:21:00+05:30,3089.89990234375,3094.699951171875,3089.89990234375,3094.699951171875,135
2025-04-30 11:22:00+05:30,3087.10009765625,3090.89990234375,3087.10009765625,3090.89990234375,78
2025-04-30 11:23:00+05:30,3087.699951171875,3087.699951171875,3087.699951171875,3087.699951171875,4
2025-04-30 11:24:00+05:30,3090.699951171875,3090.699951171875,3090.699951171875,3090.699951171875,24
2025-04-30 11:25:00+05:30,3091.10009765625,3091.10009765625,3087.60009765625,3087.60009765625,9
2025-04-30 11:27:00+05:30,3090.800048828125,3090.800048828125,3090.800048828125,3090.800048828125,2
2025-04-30 11:28:00+05:30,3090.199951171875,3090.199951171875,3090.199951171875,3090.199951171875,1
2025-04-30 11:29:00+05:30,3087.89990234375,3087.89990234375,3087.89990234375,3087.89990234375,2
2025-04-30 11:30:00+05:30,3088.199951171875,3088.199951171875,3086.5,3087.89990234375,71
2025-04-30 11:33:00+05:30,3089.10009765625,3089.10009765625,3086.5,3086.5,35
2025-04-30 11:34:00+05:30,3090.5,3090.5,3090.5,3090.5,10
2025-04-30 11:35:00+05:30,3088.699951171875,3088.699951171875,3088.699951171875,3088.699951171875,1
2025-04-30 11:36:00+05:30,3087.800048828125,3087.800048828125,3087.800048828125,3087.800048828125,1
2025-04-30 11:37:00+05:30,3086.699951171875,3086.699951171875,3086.10009765625,3086.10009765625,47
2025-04-30 11:38:00+05:30,3086.10009765625,3086.10009765625,3086.10009765625,3086.10009765625,32
2025-04-30 11:39:00+05:30,3086.10009765625,3086.10009765625,3086.10009765625,3086.10009765625,5
2025-04-30 11:40:00+05:30,3089.39990234375,3089.39990234375,3085.5,3086.89990234375,40
2025-04-30 11:41:00+05:30,3090.800048828125,3090.800048828125,3088.800048828125,3088.800048828125,39
2025-04-30 11:42:00+05:30,3081.300048828125,3087.89990234375,3081.300048828125,3087.89990234375,96
2025-04-30 11:43:00+05:30,3079.60009765625,3079.60009765625,3078.0,3078.0,186
2025-04-30 11:44:00+05:30,3081.39990234375,3082.199951171875,3080.0,3080.0,18
2025-04-30 11:45:00+05:30,3081.89990234375,3081.89990234375,3081.89990234375,3081.89990234375,10
2025-04-30 11:46:00+05:30,3077.800048828125,3081.699951171875,3077.800048828125,3081.699951171875,16
2025-04-30 11:47:00+05:30,3077.10009765625,3077.800048828125,3077.10009765625,3077.800048828125,99
2025-04-30 11:48:00+05:30,3076.699951171875,3076.699951171875,3073.5,3074.5,37
2025-04-30 11:50:00+05:30,3079.60009765625,3079.60009765625,3079.60009765625,3079.60009765625,3
2025-04-30 11:51:00+05:30,3083.39990234375,3083.39990234375,3079.60009765625,3079.60009765625,36
2025-04-30 11:52:00+05:30,3075.0,3083.300048828125,3075.0,3083.300048828125,289
2025-04-30 11:53:00+05:30,3072.60009765625,3073.0,3072.60009765625,3073.0,35
2025-04-30 11:54:00+05:30,3073.10009765625,3073.10009765625,3068.800048828125,3068.800048828125,26
2025-04-30 11:55:00+05:30,3073.10009765625,3073.10009765625,3073.10009765625,3073.10009765625,29
2025-04-30 11:56:00+05:30,3076.5,3076.5,3075.699951171875,3075.699951171875,0
2025-04-30 11:57:00+05:30,3079.39990234375,3079.39990234375,3077.0,3077.0,21
2025-04-30 11:58:00+05:30,3074.89990234375,3074.89990234375,3074.89990234375,3074.89990234375,7
2025-04-30 11:59:00+05:30,3077.89990234375,3077.89990234375,3077.89990234375,3077.89990234375,3
2025-04-30 12:00:00+05:30,3075.199951171875,3075.199951171875,3075.199951171875,3075.199951171875,5
2025-04-30 12:01:00+05:30,3076.10009765625,3077.800048828125,3076.10009765625,3077.800048828125,55
2025-04-30 12:02:00+05:30,3080.800048828125,3080.800048828125,3079.5,3079.5,102
2025-04-30 12:04:00+05:30,3086.10009765625,3086.10009765625,3086.10009765625,3086.10009765625,32
2025-04-30 12:05:00+05:30,3085.5,3085.5,3084.60009765625,3084.60009765625,49
2025-04-30 12:06:00+05:30,3078.39990234375,3078.39990234375,3078.39990234375,3078.39990234375,48
2025-04-30 12:08:00+05:30,3078.5,3082.39990234375,3078.5,3082.39990234375,26
2025-04-30 12:09:00+05:30,3073.10009765625,3073.10009765625,3073.10009765625,3073.10009765625,100
2025-04-30 12:10:00+05:30,3077.89990234375,3077.89990234375,3077.89990234375,3077.89990234375,12
2025-04-30 12:12:00+05:30,3077.89990234375,3077.89990234375,3077.89990234375,3077.89990234375,2
2025-04-30 12:13:00+05:30,3076.60009765625,3076.60009765625,3076.60009765625,3076.60009765625,16
2025-04-30 12:14:00+05:30,3075.800048828125,3075.800048828125,3075.800048828125,3075.800048828125,20
2025-04-30 12:15:00+05:30,3068.10009765625,3074.0,3068.10009765625,3074.0,90
2025-04-30 12:16:00+05:30,3066.0,3068.10009765625,3066.0,3068.10009765625,206
2025-04-30 12:17:00+05:30,3065.5,3065.5,3065.5,3065.5,26
2025-04-30 12:18:00+05:30,3065.0,3065.0,3065.0,3065.0,4
2025-04-30 12:19:00+05:30,3065.0,3065.0,3065.0,3065.0,23
2025-04-30 12:20:00+05:30,3065.0,3065.0,3065.0,3065.0,23
2025-04-30 12:21:00+05:30,3064.699951171875,3064.699951171875,3064.699951171875,3064.699951171875,0
2025-04-30 12:22:00+05:30,3060.300048828125,3060.300048828125,3060.300048828125,3060.300048828125,29
2025-04-30 12:23:00+05:30,3064.89990234375,3064.89990234375,3064.89990234375,3064.89990234375,26
2025-04-30 12:26:00+05:30,3065.39990234375,3065.39990234375,3065.39990234375,3065.39990234375,20
2025-04-30 12:27:00+05:30,3068.5,3068.5,3068.5,3068.5,13
2025-04-30 12:28:00+05:30,3067.89990234375,3067.89990234375,3067.89990234375,3067.89990234375,44
2025-04-30 12:29:00+05:30,3071.39990234375,3071.39990234375,3071.39990234375,3071.39990234375,11
2025-04-30 12:30:00+05:30,3068.39990234375,3068.39990234375,3068.39990234375,3068.39990234375,9
2025-04-30 12:32:00+05:30,3070.5,3070.5,3070.5,3070.5,15
2025-04-30 12:33:00+05:30,3070.39990234375,3070.39990234375,3069.39990234375,3069.39990234375,39
2025-04-30 12:35:00+05:30,3070.0,3070.0,3070.0,3070.0,35
2025-04-30 12:36:00+05:30,3069.10009765625,3069.10009765625,3069.10009765625,3069.10009765625,47
2025-04-30 12:37:00+05:30,3074.0,3074.0,3074.0,3074.0,6
2025-04-30 12:38:00+05:30,3070.60009765625,3073.89990234375,3070.60009765625,3073.89990234375,57
2025-04-30 12:39:00+05:30,3068.300048828125,3070.39990234375,3068.300048828125,3070.39990234375,27
2025-04-30 12:40:00+05:30,3068.699951171875,3069.89990234375,3068.699951171875,3068.699951171875,8
2025-04-30 12:42:00+05:30,3068.699951171875,3075.60009765625,3068.699951171875,3075.60009765625,45
2025-04-30 12:43:00+05:30,3069.199951171875,3069.199951171875,3069.199951171875,3069.199951171875,4
2025-04-30 12:44:00+05:30,3069.199951171875,3069.199951171875,3069.199951171875,3069.199951171875,8
2025-04-30 12:46:00+05:30,3072.300048828125,3072.300048828125,3070.39990234375,3070.39990234375,81
2025-04-30 12:48:00+05:30,3076.60009765625,3076.60009765625,3076.60009765625,3076.60009765625,45
2025-04-30 12:50:00+05:30,3074.800048828125,3074.800048828125,3074.800048828125,3074.800048828125,1
2025-04-30 12:51:00+05:30,3077.89990234375,3077.89990234375,3077.89990234375,3077.89990234375,36
2025-04-30 12:52:00+05:30,3081.199951171875,3081.199951171875,3081.199951171875,3081.199951171875,2
2025-04-30 12:53:00+05:30,3074.800048828125,3081.10009765625,3074.800048828125,3081.10009765625,32
2025-04-30 12:54:00+05:30,3079.60009765625,3079.60009765625,3076.300048828125,3076.300048828125,54
2025-04-30 12:55:00+05:30,3079.60009765625,3079.60009765625,3079.60009765625,3079.60009765625,19
2025-04-30 12:56:00+05:30,3076.39990234375,3080.199951171875,3076.39990234375,3080.199951171875,35
2025-04-30 12:57:00+05:30,3063.0,3074.39990234375,3063.0,3074.39990234375,559
2025-04-30 12:58:00+05:30,3054.300048828125,3062.89990234375,3054.300048828125,3062.89990234375,80
2025-04-30 12:59:00+05:30,3052.0,3053.39990234375,3052.0,3053.39990234375,39
2025-04-30 13:00:00+05:30,3058.0,3058.0,3048.0,3051.199951171875,357
2025-04-30 13:01:00+05:30,3056.89990234375,3059.10009765625,3056.89990234375,3059.10009765625,40
2025-04-30 13:02:00+05:30,3057.10009765625,3057.10009765625,3057.10009765625,3057.10009765625,2
2025-04-30 13:05:00+05:30,3057.199951171875,3057.199951171875,3057.199951171875,3057.199951171875,3
2025-04-30 13:06:00+05:30,3056.10009765625,3056.60009765625,3056.10009765625,3056.60009765625,70
2025-04-30 13:08:00+05:30,3056.10009765625,3056.10009765625,3056.10009765625,3056.10009765625,47
2025-04-30 13:09:00+05:30,3052.39990234375,3055.0,3052.39990234375,3055.0,186
2025-04-30 13:10:00+05:30,3050.300048828125,3050.300048828125,3050.300048828125,3050.300048828125,2
2025-04-30 13:12:00+05:30,3050.300048828125,3052.10009765625,3050.300048828125,3052.10009765625,2
2025-04-30 13:13:00+05:30,3050.39990234375,3050.39990234375,3050.39990234375,3050.39990234375,54
2025-04-30 13:15:00+05:30,3051.699951171875,3051.699951171875,3051.699951171875,3051.699951171875,6
2025-04-30 13:16:00+05:30,3051.60009765625,3051.699951171875,3051.60009765625,3051.699951171875,8
2025-04-30 13:17:00+05:30,3051.60009765625,3051.60009765625,3051.60009765625,3051.60009765625,0
2025-04-30 13:18:00+05:30,3044.0,3051.5,3044.0,3051.5,220
2025-04-30 13:19:00+05:30,3044.0,3044.0,3044.0,3044.0,68
2025-04-30 13:20:00+05:30,3044.0,3044.0,3044.0,3044.0,55
2025-04-30 13:21:00+05:30,3043.5,3045.0,3043.5,3045.0,349
2025-04-30 13:22:00+05:30,3047.5,3047.5,3039.0,3039.0,178
2025-04-30 13:23:00+05:30,3049.39990234375,3049.5,3047.300048828125,3047.300048828125,28
2025-04-30 13:24:00+05:30,3046.60009765625,3049.800048828125,3046.60009765625,3049.800048828125,7
2025-04-30 13:25:00+05:30,3047.10009765625,3047.10009765625,3047.10009765625,3047.10009765625,10
2025-04-30 13:26:00+05:30,3040.199951171875,3046.60009765625,3040.199951171875,3046.60009765625,66
2025-04-30 13:28:00+05:30,3043.0,3043.0,3043.0,3043.0,0
2025-04-30 13:29:00+05:30,3040.0,3041.199951171875,3039.0,3041.199951171875,21
2025-04-30 13:30:00+05:30,3040.0,3040.0,3040.0,3040.0,33
2025-04-30 13:31:00+05:30,3042.60009765625,3042.60009765625,3040.0,3040.0,115
2025-04-30 13:32:00+05:30,3041.60009765625,3045.0,3041.60009765625,3045.0,99
2025-04-30 13:33:00+05:30,3047.0,3047.0,3045.199951171875,3045.199951171875,98
2025-04-30 13:34:00+05:30,3049.39990234375,3050.0,3049.39990234375,3050.0,45
2025-04-30 13:35:00+05:30,3049.10009765625,3049.10009765625,3049.10009765625,3049.10009765625,2
2025-04-30 13:36:00+05:30,3047.699951171875,3047.699951171875,3047.60009765625,3047.60009765625,12
2025-04-30 13:38:00+05:30,3043.300048828125,3043.300048828125,3043.300048828125,3043.300048828125,26
2025-04-30 13:39:00+05:30,3043.300048828125,3043.300048828125,3043.300048828125,3043.300048828125,4
2025-04-30 13:40:00+05:30,3043.300048828125,3043.300048828125,3043.300048828125,3043.300048828125,2
2025-04-30 13:41:00+05:30,3049.300048828125,3049.300048828125,3043.300048828125,3043.300048828125,76
2025-04-30 13:42:00+05:30,3045.0,3048.300048828125,3045.0,3048.300048828125,66
2025-04-30 13:43:00+05:30,3044.300048828125,3044.300048828125,3044.300048828125,3044.300048828125,0
2025-04-30 13:44:00+05:30,3042.300048828125,3042.300048828125,3042.300048828125,3042.300048828125,10
2025-04-30 13:45:00+05:30,3043.89990234375,3044.10009765625,3041.39990234375,3041.39990234375,26
2025-04-30 13:47:00+05:30,3041.699951171875,3041.699951171875,3040.300048828125,3040.300048828125,33
2025-04-30 13:48:00+05:30,3041.300048828125,3041.300048828125,3041.300048828125,3041.300048828125,1
2025-04-30 13:49:00+05:30,3046.800048828125,3046.800048828125,3041.300048828125,3041.300048828125,139
2025-04-30 13:50:00+05:30,3043.300048828125,3043.699951171875,3043.300048828125,3043.699951171875,4
2025-04-30 13:52:00+05:30,3038.800048828125,3040.0,3038.800048828125,3040.0,155
2025-04-30 13:53:00+05:30,3036.699951171875,3039.39990234375,3035.0,3039.10009765625,77
2025-04-30 13:55:00+05:30,3036.39990234375,3036.39990234375,3036.39990234375,3036.39990234375,29
2025-04-30 13:56:00+05:30,3036.300048828125,3036.300048828125,3036.300048828125,3036.300048828125,8
2025-04-30 13:57:00+05:30,3040.5,3040.5,3035.199951171875,3036.300048828125,182
2025-04-30 13:58:00+05:30,3038.300048828125,3039.0,3036.199951171875,3036.199951171875,7
2025-04-30 13:59:00+05:30,3036.39990234375,3036.39990234375,3036.39990234375,3036.39990234375,2
2025-04-30 14:00:00+05:30,3036.60009765625,3036.60009765625,3036.60009765625,3036.60009765625,1
2025-04-30 14:01:00+05:30,3038.10009765625,3038.10009765625,3036.89990234375,3036.89990234375,14
2025-04-30 14:02:00+05:30,3037.0,3038.0,3036.89990234375,3036.89990234375,6
2025-04-30 14:03:00+05:30,3036.89990234375,3036.89990234375,3036.89990234375,3036.89990234375,2
2025-04-30 14:04:00+05:30,3036.89990234375,3036.89990234375,3036.89990234375,3036.89990234375,5
2025-04-30 14:05:00+05:30,3036.89990234375,3036.89990234375,3036.89990234375,3036.89990234375,29
2025-04-30 14:06:00+05:30,3041.800048828125,3041.89990234375,3036.5,3036.5,92
2025-04-30 14:07:00+05:30,3039.800048828125,3041.60009765625,3039.800048828125,3040.199951171875,20
2025-04-30 14:08:00+05:30,3039.699951171875,3039.699951171875,3039.699951171875,3039.699951171875,1
2025-04-30 14:09:00+05:30,3038.60009765625,3040.39990234375,3038.60009765625,3039.60009765625,96
2025-04-30 14:10:00+05:30,3036.699951171875,3039.60009765625,3036.699951171875,3039.60009765625,27
2025-04-30 14:11:00+05:30,3036.699951171875,3038.39990234375,3036.699951171875,3036.699951171875,15
2025-04-30 14:12:00+05:30,3036.699951171875,3036.800048828125,3036.699951171875,3036.699951171875,10
2025-04-30 14:13:00+05:30,3036.699951171875,3036.699951171875,3036.699951171875,3036.699951171875,9
2025-04-30 14:14:00+05:30,3036.89990234375,3038.300048828125,3036.699951171875,3036.699951171875,12
2025-04-30 14:15:00+05:30,3032.0,3036.89990234375,3032.0,3036.89990234375,138
2025-04-30 14:16:00+05:30,3030.10009765625,3032.0,3030.0,3032.0,22
2025-04-30 14:17:00+05:30,3030.0,3030.39990234375,3030.0,3030.10009765625,71
2025-04-30 14:18:00+05:30,3030.0,3030.0,3030.0,3030.0,19
2025-04-30 14:19:00+05:30,3030.0,3031.10009765625,3030.0,3030.0,28
2025-04-30 14:20:00+05:30,3029.10009765625,3029.800048828125,3029.10009765625,3029.800048828125,29
2025-04-30 14:21:00+05:30,3012.0,3029.10009765625,3012.0,3029.10009765625,560
2025-04-30 14:22:00+05:30,2994.60009765625,3011.10009765625,2992.0,3010.60009765625,748
2025-04-30 14:23:00+05:30,3011.5,3011.5,3001.10009765625,3001.800048828125,113
2025-04-30 14:24:00+05:30,3022.10009765625,3025.89990234375,3007.800048828125,3007.800048828125,411
2025-04-30 14:25:00+05:30,3022.39990234375,3023.89990234375,3019.699951171875,3021.699951171875,92
2025-04-30 14:26:00+05:30,3025.60009765625,3028.5,3022.39990234375,3022.39990234375,109
2025-04-30 14:27:00+05:30,3026.10009765625,3026.199951171875,3025.89990234375,3026.10009765625,13
2025-04-30 14:28:00+05:30,3025.699951171875,3027.699951171875,3025.699951171875,3026.10009765625,13
2025-04-30 14:29:00+05:30,3020.5,3027.199951171875,3018.300048828125,3027.199951171875,505
2025-04-30 14:30:00+05:30,3020.800048828125,3021.89990234375,3016.800048828125,3019.60009765625,67
2025-04-30 14:31:00+05:30,3024.10009765625,3024.89990234375,3018.10009765625,3018.89990234375,145
2025-04-30 14:32:00+05:30,3020.10009765625,3026.0,3020.10009765625,3023.89990234375,35
2025-04-30 14:33:00+05:30,3017.89990234375,3021.39990234375,3016.89990234375,3019.89990234375,259
2025-04-30 14:34:00+05:30,3017.10009765625,3021.89990234375,3017.10009765625,3017.89990234375,41
2025-04-30 14:35:00+05:30,3016.89990234375,3017.199951171875,3016.89990234375,3017.10009765625,7
2025-04-30 14:36:00+05:30,3015.800048828125,3017.0,3014.699951171875,3017.0,44
2025-04-30 14:37:00+05:30,3013.60009765625,3014.699951171875,3010.10009765625,3014.699951171875,272
2025-04-30 14:38:00+05:30,3011.5,3013.5,3011.5,3013.5,1
2025-04-30 14:39:00+05:30,3014.89990234375,3018.10009765625,3011.199951171875,3011.199951171875,160
2025-04-30 14:40:00+05:30,3023.0,3023.10009765625,3015.300048828125,3015.699951171875,174
2025-04-30 14:41:00+05:30,3022.89990234375,3025.10009765625,3022.89990234375,3022.89990234375,32
2025-04-30 14:42:00+05:30,3022.89990234375,3023.800048828125,3022.89990234375,3022.89990234375,10
2025-04-30 14:43:00+05:30,3019.89990234375,3022.89990234375,3019.89990234375,3022.89990234375,60
2025-04-30 14:44:00+05:30,3019.89990234375,3019.89990234375,3019.89990234375,3019.89990234375,8
2025-04-30 14:45:00+05:30,3019.89990234375,3019.89990234375,3019.89990234375,3019.89990234375,3
2025-04-30 14:46:00+05:30,3017.5,3017.5,3016.89990234375,3016.89990234375,126
2025-04-30 14:47:00+05:30,3020.800048828125,3020.800048828125,3016.89990234375,3017.5,721
2025-04-30 14:48:00+05:30,3017.199951171875,3021.5,3017.0,3021.5,37
2025-04-30 14:49:00+05:30,3017.199951171875,3017.199951171875,3017.10009765625,3017.10009765625,6
2025-04-30 14:50:00+05:30,3015.0,3017.199951171875,3014.89990234375,3017.199951171875,142
2025-04-30 14:51:00+05:30,3017.60009765625,3017.800048828125,3015.0,3015.0,127
2025-04-30 14:52:00+05:30,3016.0,3017.5,3015.89990234375,3017.5,57
2025-04-30 14:53:00+05:30,3020.39990234375,3027.300048828125,3016.10009765625,3016.10009765625,519
2025-04-30 14:54:00+05:30,3016.199951171875,3021.699951171875,3016.199951171875,3020.300048828125,35
2025-04-30 14:55:00+05:30,3013.5,3016.800048828125,3013.5,3016.5,90
2025-04-30 14:56:00+05:30,3005.699951171875,3008.5,3005.0,3008.5,240
2025-04-30 14:57:00+05:30,3005.800048828125,3009.300048828125,3005.800048828125,3007.300048828125,31
2025-04-30 14:58:00+05:30,3005.300048828125,3007.10009765625,3005.0,3005.699951171875,91
2025-04-30 14:59:00+05:30,3008.39990234375,3010.300048828125,3007.0,3007.0,45
2025-04-30 15:00:00+05:30,3015.89990234375,3018.800048828125,3011.39990234375,3011.800048828125,173
2025-04-30 15:01:00+05:30,3013.89990234375,3015.39990234375,3013.0,3015.39990234375,108
2025-04-30 15:02:00+05:30,3021.5,3021.5,3013.5,3013.5,518
2025-04-30 15:03:00+05:30,3020.5,3022.0,3019.199951171875,3019.300048828125,175
2025-04-30 15:04:00+05:30,3018.39990234375,3022.60009765625,3018.39990234375,3020.0,63
2025-04-30 15:05:00+05:30,3015.699951171875,3020.800048828125,3015.699951171875,3020.800048828125,62
2025-04-30 15:06:00+05:30,3015.0,3016.199951171875,3013.699951171875,3013.699951171875,218
2025-04-30 15:07:00+05:30,3013.699951171875,3017.199951171875,3013.699951171875,3015.0,51
2025-04-30 15:08:00+05:30,3015.0,3015.199951171875,3013.699951171875,3015.199951171875,51
2025-04-30 15:09:00+05:30,3011.800048828125,3013.800048828125,3011.800048828125,3012.89990234375,283
2025-04-30 15:10:00+05:30,3006.10009765625,3009.699951171875,3006.10009765625,3009.699951171875,229
2025-04-30 15:11:00+05:30,3005.0,3006.300048828125,3005.0,3006.300048828125,50
2025-04-30 15:12:00+05:30,3009.800048828125,3009.800048828125,3004.0,3006.300048828125,288
2025-04-30 15:13:00+05:30,3009.60009765625,3009.699951171875,3007.300048828125,3009.699951171875,50
2025-04-30 15:14:00+05:30,2982.300048828125,3007.300048828125,2978.699951171875,3007.300048828125,1791
2025-04-30 15:15:00+05:30,2985.0,2991.800048828125,2983.10009765625,2983.10009765625,533
2025-04-30 15:16:00+05:30,2987.10009765625,2987.10009765625,2975.39990234375,2985.60009765625,1074
2025-04-30 15:17:00+05:30,2990.800048828125,2991.89990234375,2987.39990234375,2991.89990234375,207
2025-04-30 15:18:00+05:30,2980.300048828125,2990.699951171875,2974.699951171875,2990.699951171875,1196
2025-04-30 15:19:00+05:30,2988.60009765625,2989.0,2981.39990234375,2985.10009765625,497
2025-04-30 15:20:00+05:30,2986.89990234375,2988.60009765625,2984.39990234375,2988.60009765625,128
2025-04-30 15:21:00+05:30,2982.39990234375,2986.89990234375,2982.39990234375,2986.89990234375,134
2025-04-30 15:22:00+05:30,2987.0,2987.0,2980.10009765625,2985.699951171875,614
2025-04-30 15:23:00+05:30,2989.300048828125,2989.300048828125,2984.199951171875,2987.0,263
2025-04-30 15:24:00+05:30,2989.300048828125,2999.0,2989.300048828125,2999.0,475
2025-04-30 15:25:00+05:30,2985.300048828125,2985.300048828125,2983.89990234375,2985.300048828125,215
2025-04-30 15:26:00+05:30,2978.60009765625,2985.300048828125,2975.199951171875,2981.0,189
2025-04-30 15:27:00+05:30,2975.0,2978.5,2975.0,2975.199951171875,400
2025-04-30 15:28:00+05:30,2977.699951171875,2977.699951171875,2975.199951171875,2975.199951171875,338
2025-04-30 15:29:00+05:30,2984.0,2985.0,2981.0,2984.89990234375,120
