Datetime,Close,High,Low,Open,Volume
2025-04-08 09:15:00+05:30,1433.300048828125,1433.300048828125,1420.0,1420.0,0
2025-04-08 09:16:00+05:30,1425.050048828125,1433.25,1425.0,1433.25,4911
2025-04-08 09:17:00+05:30,1424.4000244140625,1426.0,1424.4000244140625,1425.699951171875,366
2025-04-08 09:18:00+05:30,1418.550048828125,1425.199951171875,1418.550048828125,1425.199951171875,612
2025-04-08 09:19:00+05:30,1421.5,1423.5,1415.3499755859375,1419.1500244140625,280
2025-04-08 09:20:00+05:30,1422.050048828125,1422.6500244140625,1421.1500244140625,1422.6500244140625,179
2025-04-08 09:21:00+05:30,1419.0,1423.0,1419.0,1420.800048828125,272
2025-04-08 09:22:00+05:30,1423.699951171875,1423.699951171875,1416.800048828125,1417.550048828125,524
2025-04-08 09:23:00+05:30,1420.0,1423.800048828125,1420.0,1423.800048828125,121
2025-04-08 09:24:00+05:30,1421.0999755859375,1423.800048828125,1417.800048828125,1419.0,1309
2025-04-08 09:25:00+05:30,1422.449951171875,1422.449951171875,1420.949951171875,1421.5999755859375,156
2025-04-08 09:26:00+05:30,1425.75,1425.75,1425.0,1425.0,1844
2025-04-08 09:27:00+05:30,1429.25,1430.0,1427.0,1428.3499755859375,333
2025-04-08 09:28:00+05:30,1428.4000244140625,1428.75,1427.0,1428.5999755859375,409
2025-04-08 09:29:00+05:30,1430.0,1430.0,1427.3499755859375,1427.3499755859375,805
2025-04-08 09:30:00+05:30,1430.800048828125,1431.699951171875,1430.800048828125,1431.449951171875,364
2025-04-08 09:31:00+05:30,1431.25,1431.25,1429.550048828125,1429.550048828125,222
2025-04-08 09:32:00+05:30,1428.550048828125,1431.0999755859375,1428.550048828125,1431.0999755859375,100
2025-04-08 09:33:00+05:30,1423.0,1427.6500244140625,1423.0,1427.6500244140625,637
2025-04-08 09:34:00+05:30,1424.5999755859375,1425.4000244140625,1424.25,1424.25,13
2025-04-08 09:35:00+05:30,1427.3499755859375,1427.3499755859375,1422.9000244140625,1424.8499755859375,954
2025-04-08 09:36:00+05:30,1425.199951171875,1427.0,1425.199951171875,1427.0,28
2025-04-08 09:37:00+05:30,1424.0,1424.699951171875,1424.0,1424.699951171875,117
2025-04-08 09:38:00+05:30,1422.5,1424.199951171875,1422.5,1424.199951171875,402
2025-04-08 09:39:00+05:30,1426.8499755859375,1426.8499755859375,1423.8499755859375,1423.8499755859375,193
2025-04-08 09:40:00+05:30,1423.6500244140625,1426.25,1423.6500244140625,1426.25,103
2025-04-08 09:41:00+05:30,1423.699951171875,1424.6500244140625,1423.699951171875,1424.6500244140625,57
2025-04-08 09:42:00+05:30,1424.949951171875,1424.949951171875,1424.4000244140625,1424.4000244140625,295
2025-04-08 09:43:00+05:30,1425.550048828125,1426.8499755859375,1425.550048828125,1426.8499755859375,47
2025-04-08 09:44:00+05:30,1424.0,1428.1500244140625,1424.0,1428.1500244140625,314
2025-04-08 09:45:00+05:30,1424.0,1424.0,1424.0,1424.0,7
2025-04-08 09:46:00+05:30,1426.4000244140625,1426.4000244140625,1425.1500244140625,1425.1500244140625,59
2025-04-08 09:47:00+05:30,1426.699951171875,1426.699951171875,1426.300048828125,1426.4000244140625,206
2025-04-08 09:48:00+05:30,1428.1500244140625,1428.1500244140625,1428.1500244140625,1428.1500244140625,53
2025-04-08 09:49:00+05:30,1427.550048828125,1428.0999755859375,1427.550048828125,1428.0999755859375,82
2025-04-08 09:50:00+05:30,1426.800048828125,1427.6500244140625,1426.75,1427.550048828125,71
2025-04-08 09:51:00+05:30,1425.8499755859375,1426.1500244140625,1425.050048828125,1426.1500244140625,144
2025-04-08 09:52:00+05:30,1426.5,1426.800048828125,1426.5,1426.800048828125,100
2025-04-08 09:53:00+05:30,1432.0,1434.550048828125,1424.800048828125,1424.800048828125,1058
2025-04-08 09:54:00+05:30,1432.949951171875,1432.949951171875,1432.0,1432.0,100
2025-04-08 09:55:00+05:30,1429.550048828125,1430.050048828125,1429.550048828125,1430.050048828125,331
2025-04-08 09:56:00+05:30,1428.449951171875,1430.0,1428.25,1430.0,177
2025-04-08 09:57:00+05:30,1427.5,1427.5,1426.8499755859375,1426.8499755859375,442
2025-04-08 09:58:00+05:30,1427.9000244140625,1428.3499755859375,1427.1500244140625,1427.1500244140625,43
2025-04-08 09:59:00+05:30,1430.75,1431.9000244140625,1429.300048828125,1429.300048828125,200
2025-04-08 10:00:00+05:30,1428.699951171875,1430.75,1427.25,1430.75,91
2025-04-08 10:01:00+05:30,1427.050048828125,1428.800048828125,1426.800048828125,1428.800048828125,352
2025-04-08 10:02:00+05:30,1428.699951171875,1428.699951171875,1427.75,1427.75,64
2025-04-08 10:03:00+05:30,1428.8499755859375,1430.1500244140625,1428.300048828125,1430.1500244140625,38
2025-04-08 10:04:00+05:30,1429.5999755859375,1429.5999755859375,1429.050048828125,1429.050048828125,6
2025-04-08 10:05:00+05:30,1428.699951171875,1429.5999755859375,1428.699951171875,1429.5999755859375,66
2025-04-08 10:06:00+05:30,1428.699951171875,1428.699951171875,1428.699951171875,1428.699951171875,7
2025-04-08 10:07:00+05:30,1429.0,1429.800048828125,1429.0,1429.5999755859375,24
2025-04-08 10:08:00+05:30,1432.0,1432.0,1429.0,1429.0,142
2025-04-08 10:09:00+05:30,1430.300048828125,1431.25,1430.300048828125,1430.699951171875,27
2025-04-08 10:10:00+05:30,1430.699951171875,1430.699951171875,1430.0,1430.0,96
2025-04-08 10:11:00+05:30,1433.1500244140625,1433.1500244140625,1431.25,1431.25,141
2025-04-08 10:12:00+05:30,1431.199951171875,1433.1500244140625,1430.449951171875,1433.1500244140625,85
2025-04-08 10:13:00+05:30,1431.1500244140625,1433.4000244140625,1431.1500244140625,1431.25,105
2025-04-08 10:14:00+05:30,1431.6500244140625,1431.6500244140625,1431.6500244140625,1431.6500244140625,26
2025-04-08 10:15:00+05:30,1432.5,1432.5,1431.0,1432.1500244140625,94
2025-04-08 10:16:00+05:30,1431.3499755859375,1432.8499755859375,1431.3499755859375,1432.1500244140625,678
2025-04-08 10:17:00+05:30,1425.5999755859375,1430.550048828125,1425.5999755859375,1430.550048828125,242
2025-04-08 10:18:00+05:30,1428.050048828125,1428.8499755859375,1424.75,1424.75,544
2025-04-08 10:19:00+05:30,1426.75,1428.449951171875,1426.75,1428.449951171875,29
2025-04-08 10:20:00+05:30,1431.300048828125,1431.300048828125,1426.75,1426.75,129
2025-04-08 10:21:00+05:30,1430.800048828125,1432.199951171875,1430.0,1432.199951171875,178
2025-04-08 10:22:00+05:30,1432.5999755859375,1432.5999755859375,1432.5999755859375,1432.5999755859375,25
2025-04-08 10:23:00+05:30,1431.5,1431.5,1431.5,1431.5,22
2025-04-08 10:24:00+05:30,1432.949951171875,1432.949951171875,1432.5999755859375,1432.5999755859375,9
2025-04-08 10:25:00+05:30,1434.25,1434.25,1432.1500244140625,1433.0999755859375,109
2025-04-08 10:26:00+05:30,1435.0999755859375,1435.0999755859375,1434.8499755859375,1434.8499755859375,358
2025-04-08 10:27:00+05:30,1435.199951171875,1436.0,1434.3499755859375,1434.3499755859375,31
2025-04-08 10:28:00+05:30,1432.449951171875,1434.5999755859375,1432.449951171875,1434.5999755859375,264
2025-04-08 10:29:00+05:30,1435.800048828125,1437.300048828125,1433.800048828125,1434.0999755859375,551
2025-04-08 10:30:00+05:30,1435.050048828125,1436.699951171875,1435.050048828125,1435.699951171875,102
2025-04-08 10:31:00+05:30,1432.300048828125,1435.0,1432.300048828125,1435.0,10
2025-04-08 10:32:00+05:30,1432.0999755859375,1432.4000244140625,1432.050048828125,1432.199951171875,137
2025-04-08 10:33:00+05:30,1432.449951171875,1434.449951171875,1432.449951171875,1432.5,449
2025-04-08 10:34:00+05:30,1431.550048828125,1432.8499755859375,1431.5,1432.8499755859375,66
2025-04-08 10:35:00+05:30,1427.1500244140625,1431.5,1427.1500244140625,1431.5,441
2025-04-08 10:36:00+05:30,1424.550048828125,1427.8499755859375,1422.550048828125,1427.8499755859375,2091
2025-04-08 10:37:00+05:30,1422.050048828125,1426.800048828125,1422.050048828125,1426.550048828125,130
2025-04-08 10:38:00+05:30,1422.800048828125,1423.0999755859375,1421.3499755859375,1423.0999755859375,50
2025-04-08 10:39:00+05:30,1422.0,1422.0,1418.949951171875,1420.199951171875,813
2025-04-08 10:40:00+05:30,1420.0,1420.0999755859375,1418.0,1418.0,52
2025-04-08 10:41:00+05:30,1419.75,1421.3499755859375,1419.75,1420.0,17
2025-04-08 10:42:00+05:30,1418.8499755859375,1418.8499755859375,1418.5,1418.5,68
2025-04-08 10:43:00+05:30,1418.0,1419.8499755859375,1418.0,1419.8499755859375,98
2025-04-08 10:44:00+05:30,1421.6500244140625,1421.6500244140625,1417.050048828125,1418.449951171875,493
2025-04-08 10:45:00+05:30,1421.449951171875,1421.449951171875,1421.0,1421.050048828125,108
2025-04-08 10:46:00+05:30,1418.9000244140625,1419.800048828125,1418.9000244140625,1419.3499755859375,99
2025-04-08 10:47:00+05:30,1418.5,1419.1500244140625,1418.5,1419.1500244140625,26
2025-04-08 10:48:00+05:30,1418.0,1420.050048828125,1418.0,1418.8499755859375,86
2025-04-08 10:49:00+05:30,1418.0999755859375,1418.9000244140625,1417.800048828125,1418.9000244140625,32
2025-04-08 10:50:00+05:30,1419.8499755859375,1419.8499755859375,1418.050048828125,1418.050048828125,97
2025-04-08 10:51:00+05:30,1419.6500244140625,1420.8499755859375,1419.6500244140625,1420.050048828125,24
2025-04-08 10:52:00+05:30,1420.449951171875,1420.449951171875,1420.449951171875,1420.449951171875,13
2025-04-08 10:53:00+05:30,1418.1500244140625,1419.6500244140625,1418.1500244140625,1419.6500244140625,26
2025-04-08 10:54:00+05:30,1425.6500244140625,1425.6500244140625,1419.300048828125,1419.300048828125,424
2025-04-08 10:55:00+05:30,1426.5999755859375,1428.5999755859375,1426.550048828125,1426.550048828125,270
2025-04-08 10:56:00+05:30,1423.8499755859375,1424.25,1423.199951171875,1423.199951171875,250
2025-04-08 10:57:00+05:30,1424.8499755859375,1424.8499755859375,1424.8499755859375,1424.8499755859375,0
2025-04-08 10:58:00+05:30,1424.050048828125,1424.050048828125,1423.6500244140625,1423.6500244140625,113
2025-04-08 10:59:00+05:30,1426.4000244140625,1426.4000244140625,1425.8499755859375,1425.8499755859375,0
2025-04-08 11:00:00+05:30,1425.8499755859375,1425.8499755859375,1425.8499755859375,1425.8499755859375,23
2025-04-08 11:01:00+05:30,1425.8499755859375,1425.8499755859375,1425.8499755859375,1425.8499755859375,0
2025-04-08 11:02:00+05:30,1425.6500244140625,1425.8499755859375,1425.6500244140625,1425.8499755859375,2
2025-04-08 11:03:00+05:30,1423.8499755859375,1426.0,1423.8499755859375,1425.550048828125,137
2025-04-08 11:04:00+05:30,1424.8499755859375,1424.9000244140625,1424.5999755859375,1424.5999755859375,19
2025-04-08 11:05:00+05:30,1424.25,1424.25,1424.25,1424.25,1
2025-04-08 11:06:00+05:30,1425.0,1425.0,1423.550048828125,1423.550048828125,26
2025-04-08 11:07:00+05:30,1424.050048828125,1425.0,1424.050048828125,1425.0,19
2025-04-08 11:08:00+05:30,1426.0,1426.0,1424.800048828125,1424.8499755859375,40
2025-04-08 11:09:00+05:30,1427.8499755859375,1427.8499755859375,1426.0,1426.0,52
2025-04-08 11:10:00+05:30,1426.300048828125,1426.5,1426.300048828125,1426.5,122
2025-04-08 11:11:00+05:30,1424.199951171875,1425.0,1424.199951171875,1425.0,49
2025-04-08 11:12:00+05:30,1423.800048828125,1424.0999755859375,1423.800048828125,1423.800048828125,13
2025-04-08 11:13:00+05:30,1425.1500244140625,1425.1500244140625,1425.0999755859375,1425.0999755859375,17
2025-04-08 11:14:00+05:30,1423.8499755859375,1425.199951171875,1423.8499755859375,1425.199951171875,77
2025-04-08 11:15:00+05:30,1425.4000244140625,1425.4000244140625,1423.800048828125,1423.800048828125,0
2025-04-08 11:16:00+05:30,1426.5,1426.5,1424.699951171875,1424.699951171875,1541
2025-04-08 11:17:00+05:30,1429.1500244140625,1429.1500244140625,1426.8499755859375,1426.8499755859375,452
2025-04-08 11:18:00+05:30,1422.300048828125,1424.5,1422.300048828125,1424.25,617
2025-04-08 11:19:00+05:30,1424.699951171875,1427.0,1424.300048828125,1427.0,433686
2025-04-08 11:20:00+05:30,1427.0,1427.0,1423.050048828125,1423.050048828125,282
2025-04-08 11:21:00+05:30,1427.0,1427.0,1426.8499755859375,1427.0,57
2025-04-08 11:22:00+05:30,1426.949951171875,1427.0,1426.0999755859375,1427.0,69
2025-04-08 11:23:00+05:30,1426.550048828125,1427.0,1425.550048828125,1427.0,1014
2025-04-08 11:24:00+05:30,1426.8499755859375,1428.0,1426.199951171875,1428.0,12159
2025-04-08 11:25:00+05:30,1426.8499755859375,1427.0,1426.699951171875,1426.8499755859375,665
2025-04-08 11:26:00+05:30,1427.0,1427.0,1426.300048828125,1426.800048828125,1240
2025-04-08 11:27:00+05:30,1423.699951171875,1427.199951171875,1423.699951171875,1427.199951171875,1097
2025-04-08 11:28:00+05:30,1427.8499755859375,1427.8499755859375,1424.4000244140625,1424.5999755859375,187
2025-04-08 11:29:00+05:30,1428.0,1428.0,1427.8499755859375,1427.8499755859375,108
2025-04-08 11:30:00+05:30,1427.8499755859375,1428.0,1426.699951171875,1428.0,121
2025-04-08 11:31:00+05:30,1428.0,1428.0,1427.8499755859375,1427.8499755859375,451
2025-04-08 11:32:00+05:30,1427.8499755859375,1428.0,1426.25,1428.0,447
2025-04-08 11:33:00+05:30,1427.8499755859375,1428.0,1427.8499755859375,1427.8499755859375,59
2025-04-08 11:34:00+05:30,1427.199951171875,1428.0,1427.199951171875,1428.0,72
2025-04-08 11:35:00+05:30,1427.050048828125,1427.199951171875,1427.050048828125,1427.199951171875,141
2025-04-08 11:36:00+05:30,1427.3499755859375,1428.0,1427.25,1428.0,103
2025-04-08 11:37:00+05:30,1427.550048828125,1428.0,1427.3499755859375,1427.3499755859375,488
2025-04-08 11:38:00+05:30,1427.9000244140625,1428.0,1426.949951171875,1427.5999755859375,215
2025-04-08 11:39:00+05:30,1427.8499755859375,1428.0,1427.8499755859375,1428.0,52
2025-04-08 11:40:00+05:30,1427.8499755859375,1427.8499755859375,1426.550048828125,1426.550048828125,136
2025-04-08 11:41:00+05:30,1428.0,1428.0,1427.8499755859375,1427.8499755859375,132
2025-04-08 11:42:00+05:30,1425.8499755859375,1428.0,1424.949951171875,1428.0,338
2025-04-08 11:43:00+05:30,1425.800048828125,1427.8499755859375,1425.800048828125,1426.0,73
2025-04-08 11:44:00+05:30,1425.75,1427.25,1425.75,1427.25,22
2025-04-08 11:45:00+05:30,1427.0999755859375,1427.0999755859375,1427.0999755859375,1427.0999755859375,60
2025-04-08 11:46:00+05:30,1427.050048828125,1427.050048828125,1427.050048828125,1427.050048828125,27
2025-04-08 11:47:00+05:30,1427.300048828125,1427.5999755859375,1427.300048828125,1427.5999755859375,25
2025-04-08 11:48:00+05:30,1426.8499755859375,1427.800048828125,1426.8499755859375,1427.800048828125,29
2025-04-08 11:49:00+05:30,1427.25,1427.25,1427.1500244140625,1427.1500244140625,15
2025-04-08 11:50:00+05:30,1427.25,1427.25,1427.25,1427.25,0
2025-04-08 12:07:00+05:30,1426.8499755859375,1427.6500244140625,1426.8499755859375,1427.6500244140625,1783
2025-04-08 12:08:00+05:30,1427.199951171875,1427.199951171875,1426.550048828125,1426.550048828125,35
2025-04-08 12:09:00+05:30,1427.199951171875,1427.199951171875,1427.199951171875,1427.199951171875,4
2025-04-08 12:10:00+05:30,1427.050048828125,1427.8499755859375,1426.5999755859375,1427.199951171875,959
2025-04-08 12:11:00+05:30,1427.5999755859375,1428.0,1427.5999755859375,1428.0,741
2025-04-08 12:12:00+05:30,1427.800048828125,1427.800048828125,1427.800048828125,1427.800048828125,1
2025-04-08 12:13:00+05:30,1426.800048828125,1428.0,1426.800048828125,1427.8499755859375,103
2025-04-08 12:14:00+05:30,1426.800048828125,1428.0,1426.5999755859375,1426.8499755859375,978
2025-04-08 12:15:00+05:30,1427.550048828125,1427.550048828125,1427.550048828125,1427.550048828125,7
2025-04-08 12:16:00+05:30,1427.550048828125,1427.550048828125,1427.550048828125,1427.550048828125,37
2025-04-08 12:17:00+05:30,1427.4000244140625,1427.4000244140625,1427.4000244140625,1427.4000244140625,0
2025-04-08 12:18:00+05:30,1427.25,1427.25,1427.25,1427.25,2
2025-04-08 12:19:00+05:30,1426.800048828125,1427.4000244140625,1426.6500244140625,1426.6500244140625,74
2025-04-08 12:20:00+05:30,1427.8499755859375,1427.8499755859375,1427.4000244140625,1427.4000244140625,5
2025-04-08 12:21:00+05:30,1428.0,1428.0,1427.8499755859375,1428.0,256
2025-04-08 12:22:00+05:30,1427.8499755859375,1427.8499755859375,1427.800048828125,1427.8499755859375,0
2025-04-08 12:23:00+05:30,1427.949951171875,1428.0,1427.199951171875,1428.0,102
2025-04-08 12:24:00+05:30,1428.0,1428.0,1428.0,1428.0,51
2025-04-08 12:25:00+05:30,1427.75,1428.0,1427.1500244140625,1428.0,196
2025-04-08 12:26:00+05:30,1428.0,1428.0,1428.0,1428.0,132
2025-04-08 12:27:00+05:30,1428.0,1428.0,1428.0,1428.0,2
2025-04-08 12:28:00+05:30,1428.0,1428.0,1427.8499755859375,1427.8499755859375,40
2025-04-08 12:29:00+05:30,1427.3499755859375,1428.0,1427.3499755859375,1427.4000244140625,16
2025-04-08 12:30:00+05:30,1427.8499755859375,1427.8499755859375,1427.1500244140625,1427.300048828125,43
2025-04-08 12:31:00+05:30,1428.0,1428.0,1427.6500244140625,1427.6500244140625,173
2025-04-08 12:32:00+05:30,1428.0,1428.0,1428.0,1428.0,322
2025-04-08 12:33:00+05:30,1428.0,1428.0,1428.0,1428.0,223
2025-04-08 12:34:00+05:30,1427.949951171875,1428.0,1427.949951171875,1428.0,1938
2025-04-08 12:35:00+05:30,1428.0,1428.0,1427.5999755859375,1427.5999755859375,3
2025-04-08 12:36:00+05:30,1427.5999755859375,1428.0,1427.5999755859375,1428.0,165
2025-04-08 12:37:00+05:30,1427.4000244140625,1427.4000244140625,1426.6500244140625,1426.6500244140625,1497
2025-04-08 12:38:00+05:30,1427.4000244140625,1427.4000244140625,1425.5,1426.75,398
2025-04-08 12:39:00+05:30,1426.449951171875,1428.0,1426.449951171875,1427.8499755859375,71
2025-04-08 12:40:00+05:30,1427.0,1427.8499755859375,1426.75,1427.8499755859375,249
2025-04-08 12:41:00+05:30,1428.0,1428.0,1426.800048828125,1426.800048828125,176
2025-04-08 12:42:00+05:30,1427.949951171875,1428.0,1427.8499755859375,1427.8499755859375,38
2025-04-08 12:43:00+05:30,1428.0,1428.0,1427.949951171875,1427.949951171875,51
2025-04-08 12:44:00+05:30,1428.0,1428.0,1427.949951171875,1427.949951171875,1452
2025-04-08 12:45:00+05:30,1427.949951171875,1428.0,1427.5999755859375,1428.0,158
2025-04-08 12:46:00+05:30,1427.800048828125,1428.0,1427.550048828125,1428.0,186
2025-04-08 12:47:00+05:30,1427.949951171875,1427.949951171875,1427.949951171875,1427.949951171875,0
2025-04-08 12:48:00+05:30,1427.949951171875,1428.0,1427.949951171875,1428.0,830
2025-04-08 12:49:00+05:30,1427.550048828125,1428.0,1427.550048828125,1428.0,155
2025-04-08 12:50:00+05:30,1428.0,1428.0,1427.75,1427.75,2270
2025-04-08 12:51:00+05:30,1427.949951171875,1428.0,1427.949951171875,1428.0,0
2025-04-08 12:52:00+05:30,1428.0,1428.0,1427.0,1427.0,1398
2025-04-08 12:53:00+05:30,1427.75,1427.9000244140625,1427.5,1427.699951171875,102
2025-04-08 12:54:00+05:30,1428.0,1428.0,1427.800048828125,1427.800048828125,161
2025-04-08 12:55:00+05:30,1428.0,1428.0,1427.949951171875,1428.0,19
2025-04-08 12:56:00+05:30,1428.0,1428.0,1428.0,1428.0,76
2025-04-08 12:57:00+05:30,1427.949951171875,1428.0,1427.949951171875,1428.0,90
2025-04-08 12:58:00+05:30,1427.949951171875,1428.0,1427.949951171875,1428.0,70
2025-04-08 12:59:00+05:30,1428.0,1428.0,1427.800048828125,1428.0,701
2025-04-08 13:00:00+05:30,1427.5,1427.949951171875,1427.5,1427.949951171875,77
2025-04-08 13:01:00+05:30,1427.949951171875,1427.949951171875,1426.0999755859375,1427.75,171
2025-04-08 13:02:00+05:30,1428.0,1428.0,1427.800048828125,1427.800048828125,76
2025-04-08 13:03:00+05:30,1427.949951171875,1428.0,1427.949951171875,1428.0,44
2025-04-08 13:04:00+05:30,1428.0,1428.0,1428.0,1428.0,101
2025-04-08 13:05:00+05:30,1428.5999755859375,1428.5999755859375,1427.5999755859375,1428.0,457
2025-04-08 13:06:00+05:30,1428.0,1428.0,1427.949951171875,1427.949951171875,207
2025-04-08 13:07:00+05:30,1428.0,1428.0,1428.0,1428.0,4
2025-04-08 13:08:00+05:30,1427.949951171875,1428.0,1427.949951171875,1428.0,42
2025-04-08 13:09:00+05:30,1428.0,1428.0,1427.949951171875,1427.949951171875,226
2025-04-08 13:10:00+05:30,1428.0,1428.0,1427.949951171875,1427.949951171875,0
2025-04-08 13:11:00+05:30,1428.0,1428.0,1427.949951171875,1427.949951171875,1209
2025-04-08 13:12:00+05:30,1428.0,1428.0,1427.949951171875,1428.0,81
2025-04-08 13:13:00+05:30,1428.0,1428.0,1428.0,1428.0,245
2025-04-08 13:14:00+05:30,1427.949951171875,1428.0,1427.949951171875,1428.0,183
2025-04-08 13:15:00+05:30,1427.949951171875,1428.0,1427.300048828125,1428.0,734
2025-04-08 13:16:00+05:30,1427.9000244140625,1428.0,1427.449951171875,1428.0,2973
2025-04-08 13:17:00+05:30,1428.0,1428.0,1428.0,1428.0,355
2025-04-08 13:18:00+05:30,1427.949951171875,1428.0,1427.949951171875,1428.0,114
2025-04-08 13:19:00+05:30,1427.9000244140625,1427.9000244140625,1427.699951171875,1427.699951171875,14
2025-04-08 13:20:00+05:30,1427.9000244140625,1427.9000244140625,1427.9000244140625,1427.9000244140625,37
2025-04-08 13:21:00+05:30,1427.449951171875,1427.9000244140625,1427.199951171875,1427.9000244140625,150
2025-04-08 13:22:00+05:30,1428.0,1428.0,1427.75,1427.75,272
2025-04-08 13:23:00+05:30,1428.0,1428.0,1428.0,1428.0,158
2025-04-08 13:24:00+05:30,1425.9000244140625,1428.0,1425.9000244140625,1428.0,101387
2025-04-08 13:25:00+05:30,1427.699951171875,1427.699951171875,1426.75,1426.75,115
2025-04-08 13:26:00+05:30,1427.949951171875,1427.949951171875,1427.949951171875,1427.949951171875,115
2025-04-08 13:27:00+05:30,1427.0999755859375,1428.0,1427.0,1427.0,35726
2025-04-08 13:28:00+05:30,1427.949951171875,1428.0,1427.9000244140625,1427.9000244140625,712
2025-04-08 13:29:00+05:30,1428.0,1428.0,1427.949951171875,1427.949951171875,441
2025-04-08 13:30:00+05:30,1428.0,1428.0999755859375,1428.0,1428.0,649
2025-04-08 13:31:00+05:30,1427.949951171875,1428.0,1427.25,1428.0,1039
2025-04-08 13:32:00+05:30,1427.949951171875,1428.0,1427.449951171875,1428.0,1745
2025-04-08 13:33:00+05:30,1428.0,1428.0,1427.949951171875,1427.949951171875,899
2025-04-08 13:34:00+05:30,1427.9000244140625,1428.75,1427.8499755859375,1428.0,2923
2025-04-08 13:35:00+05:30,1428.0,1428.0,1427.8499755859375,1428.0,1049
2025-04-08 13:36:00+05:30,1428.0,1428.0,1427.0,1427.8499755859375,2135
2025-04-08 13:37:00+05:30,1427.699951171875,1428.0,1427.699951171875,1427.949951171875,401
2025-04-08 13:38:00+05:30,1427.3499755859375,1428.0,1426.9000244140625,1426.9000244140625,440
2025-04-08 13:39:00+05:30,1428.0,1428.0,1427.550048828125,1427.550048828125,770
2025-04-08 13:40:00+05:30,1428.0,1428.0,1426.800048828125,1428.0,352
2025-04-08 13:41:00+05:30,1428.0,1428.0,1427.5999755859375,1427.9000244140625,263
2025-04-08 13:42:00+05:30,1428.0,1428.0,1427.5999755859375,1428.0,309
2025-04-08 13:43:00+05:30,1427.949951171875,1428.0,1427.3499755859375,1428.0,612
2025-04-08 13:44:00+05:30,1428.0,1428.0,1427.949951171875,1428.0,157
2025-04-08 13:45:00+05:30,1426.949951171875,1428.0,1426.5,1428.0,478
2025-04-08 13:46:00+05:30,1427.949951171875,1428.0,1427.8499755859375,1428.0,2434
2025-04-08 13:47:00+05:30,1428.0,1428.0,1427.949951171875,1428.0,781
2025-04-08 13:48:00+05:30,1428.0,1428.0,1427.800048828125,1428.0,324
2025-04-08 13:49:00+05:30,1427.699951171875,1428.0,1427.699951171875,1428.0,294
2025-04-08 13:50:00+05:30,1427.949951171875,1428.0,1427.1500244140625,1427.1500244140625,246
2025-04-08 13:51:00+05:30,1428.0,1428.0,1427.050048828125,1428.0,347
2025-04-08 13:52:00+05:30,1428.0,1428.0,1427.5999755859375,1427.9000244140625,629
2025-04-08 13:53:00+05:30,1427.5,1428.0,1425.8499755859375,1428.0,482
2025-04-08 13:54:00+05:30,1427.949951171875,1428.0,1427.0,1428.0,582
2025-04-08 13:55:00+05:30,1428.0,1428.0,1427.25,1427.800048828125,513
2025-04-08 13:56:00+05:30,1427.9000244140625,1428.0,1427.9000244140625,1428.0,1941
2025-04-08 13:57:00+05:30,1428.0,1428.0,1427.949951171875,1427.949951171875,135
2025-04-08 13:58:00+05:30,1427.949951171875,1428.0,1427.949951171875,1428.0,2912
2025-04-08 13:59:00+05:30,1427.949951171875,1428.0,1427.949951171875,1428.0,942
2025-04-08 14:00:00+05:30,1428.0,1428.0,1427.949951171875,1428.0,2164
2025-04-08 14:01:00+05:30,1427.9000244140625,1428.0,1427.800048828125,1427.949951171875,972
2025-04-08 14:02:00+05:30,1428.0,1428.0,1427.949951171875,1427.949951171875,182
2025-04-08 14:03:00+05:30,1428.0,1428.0,1427.949951171875,1428.0,244
2025-04-08 14:04:00+05:30,1427.8499755859375,1428.0,1427.699951171875,1427.699951171875,703
2025-04-08 14:05:00+05:30,1428.0,1428.0,1427.449951171875,1427.75,334
2025-04-08 14:06:00+05:30,1427.949951171875,1428.0,1427.8499755859375,1428.0,238
2025-04-08 14:07:00+05:30,1427.949951171875,1428.0,1427.949951171875,1428.0,148
2025-04-08 14:08:00+05:30,1428.0,1428.0,1427.949951171875,1427.949951171875,402
2025-04-08 14:09:00+05:30,1427.949951171875,1428.0,1427.949951171875,1427.949951171875,266
2025-04-08 14:10:00+05:30,1428.0,1428.0,1427.8499755859375,1427.949951171875,822
2025-04-08 14:11:00+05:30,1425.25,1428.0,1425.25,1427.949951171875,567
2025-04-08 14:12:00+05:30,1419.949951171875,1424.6500244140625,1419.199951171875,1424.5,1079
2025-04-08 14:13:00+05:30,1420.699951171875,1421.0999755859375,1419.949951171875,1419.949951171875,1058
2025-04-08 14:14:00+05:30,1420.050048828125,1420.949951171875,1420.050048828125,1420.800048828125,626
2025-04-08 14:15:00+05:30,1419.550048828125,1420.050048828125,1419.550048828125,1420.0,1359
2025-04-08 14:16:00+05:30,1419.949951171875,1420.1500244140625,1419.800048828125,1419.800048828125,862
2025-04-08 14:17:00+05:30,1420.0999755859375,1420.5,1419.699951171875,1420.0999755859375,325
2025-04-08 14:18:00+05:30,1420.699951171875,1420.699951171875,1419.75,1420.300048828125,248
2025-04-08 14:19:00+05:30,1419.75,1420.800048828125,1419.5,1420.800048828125,791
2025-04-08 14:20:00+05:30,1420.0999755859375,1420.5,1419.9000244140625,1420.199951171875,235
2025-04-08 14:21:00+05:30,1420.5999755859375,1421.4000244140625,1419.5999755859375,1420.3499755859375,803
2025-04-08 14:22:00+05:30,1420.300048828125,1420.699951171875,1419.550048828125,1420.699951171875,732
2025-04-08 14:23:00+05:30,1419.949951171875,1420.3499755859375,1419.5,1420.3499755859375,405
2025-04-08 14:24:00+05:30,1420.0,1420.1500244140625,1420.0,1420.050048828125,231
2025-04-08 14:25:00+05:30,1419.949951171875,1420.199951171875,1419.8499755859375,1419.9000244140625,446
2025-04-08 14:26:00+05:30,1420.0999755859375,1420.0999755859375,1419.8499755859375,1419.949951171875,322
2025-04-08 14:27:00+05:30,1419.75,1420.300048828125,1419.449951171875,1420.300048828125,501
2025-04-08 14:28:00+05:30,1424.75,1424.9000244140625,1419.5999755859375,1420.0,734
2025-04-08 14:29:00+05:30,1424.0999755859375,1425.0,1424.0,1424.8499755859375,978
2025-04-08 14:30:00+05:30,1424.949951171875,1425.0,1424.050048828125,1424.300048828125,192
2025-04-08 14:31:00+05:30,1425.0,1425.4000244140625,1423.8499755859375,1424.3499755859375,561
2025-04-08 14:32:00+05:30,1425.0,1425.25,1424.300048828125,1425.25,310
2025-04-08 14:33:00+05:30,1424.449951171875,1425.550048828125,1424.25,1425.0,349
2025-04-08 14:34:00+05:30,1424.949951171875,1425.0,1424.1500244140625,1425.0,230
2025-04-08 14:35:00+05:30,1424.199951171875,1425.0,1424.199951171875,1424.8499755859375,619
2025-04-08 14:36:00+05:30,1422.800048828125,1425.0,1422.800048828125,1425.0,422
2025-04-08 14:37:00+05:30,1423.3499755859375,1423.949951171875,1422.25,1422.25,376
2025-04-08 14:38:00+05:30,1425.0,1425.0,1423.0,1423.300048828125,501
2025-04-08 14:39:00+05:30,1425.75,1425.75,1424.8499755859375,1425.5999755859375,857
2025-04-08 14:40:00+05:30,1425.0,1425.0,1424.300048828125,1424.300048828125,362
2025-04-08 14:41:00+05:30,1426.9000244140625,1426.9000244140625,1424.4000244140625,1425.4000244140625,1007
2025-04-08 14:42:00+05:30,1425.75,1427.0,1425.199951171875,1425.199951171875,269
2025-04-08 14:43:00+05:30,1426.6500244140625,1427.050048828125,1425.449951171875,1425.449951171875,483
2025-04-08 14:44:00+05:30,1427.25,1427.300048828125,1425.1500244140625,1427.300048828125,495
2025-04-08 14:45:00+05:30,1428.0,1428.0,1427.3499755859375,1428.0,877
2025-04-08 14:46:00+05:30,1428.0,1428.0,1428.0,1428.0,159
2025-04-08 14:47:00+05:30,1428.0,1428.0,1428.0,1428.0,599
2025-04-08 14:48:00+05:30,1428.0,1428.0,1427.0,1427.800048828125,433
2025-04-08 14:49:00+05:30,1427.699951171875,1428.0,1427.550048828125,1428.0,153
2025-04-08 14:50:00+05:30,1426.9000244140625,1428.0,1425.9000244140625,1428.0,649
2025-04-08 14:51:00+05:30,1427.800048828125,1427.949951171875,1426.5999755859375,1426.5999755859375,248
2025-04-08 14:52:00+05:30,1427.4000244140625,1427.449951171875,1426.8499755859375,1426.8499755859375,252
2025-04-08 14:53:00+05:30,1427.800048828125,1427.949951171875,1427.4000244140625,1427.949951171875,212
2025-04-08 14:54:00+05:30,1427.8499755859375,1427.949951171875,1427.3499755859375,1427.5999755859375,168
2025-04-08 14:55:00+05:30,1427.800048828125,1427.8499755859375,1426.199951171875,1427.75,252
2025-04-08 14:56:00+05:30,1427.8499755859375,1427.8499755859375,1426.75,1426.75,432
2025-04-08 14:57:00+05:30,1426.8499755859375,1427.800048828125,1426.25,1427.550048828125,188
2025-04-08 14:58:00+05:30,1426.25,1427.3499755859375,1425.3499755859375,1427.0,217
2025-04-08 14:59:00+05:30,1427.3499755859375,1427.3499755859375,1425.449951171875,1426.699951171875,165
2025-04-08 15:00:00+05:30,1427.4000244140625,1427.4000244140625,1425.5,1427.4000244140625,245
2025-04-08 15:01:00+05:30,1426.4000244140625,1427.0,1425.300048828125,1427.0,257
2025-04-08 15:02:00+05:30,1426.050048828125,1427.0999755859375,1426.050048828125,1426.5,246
2025-04-08 15:03:00+05:30,1426.5,1427.449951171875,1425.9000244140625,1425.9000244140625,184
2025-04-08 15:04:00+05:30,1426.800048828125,1428.0,1425.75,1427.0999755859375,451
2025-04-08 15:05:00+05:30,1427.6500244140625,1428.0,1426.449951171875,1426.949951171875,569
2025-04-08 15:06:00+05:30,1427.949951171875,1427.949951171875,1427.0999755859375,1427.0999755859375,1287
2025-04-08 15:07:00+05:30,1427.949951171875,1428.0,1426.449951171875,1426.449951171875,951
2025-04-08 15:08:00+05:30,1427.6500244140625,1428.0,1427.3499755859375,1428.0,995
2025-04-08 15:09:00+05:30,1427.5,1428.0,1427.5,1427.949951171875,878
2025-04-08 15:10:00+05:30,1427.699951171875,1427.949951171875,1427.1500244140625,1427.949951171875,926
2025-04-08 15:11:00+05:30,1427.6500244140625,1428.6500244140625,1425.800048828125,1427.550048828125,884
2025-04-08 15:12:00+05:30,1427.9000244140625,1427.9000244140625,1427.1500244140625,1427.6500244140625,873
2025-04-08 15:13:00+05:30,1427.949951171875,1428.0,1427.5,1427.949951171875,1012
2025-04-08 15:14:00+05:30,1427.949951171875,1428.0,1427.25,1428.0,921
2025-04-08 15:15:00+05:30,1427.550048828125,1428.0,1427.550048828125,1427.949951171875,1114
2025-04-08 15:16:00+05:30,1427.699951171875,1428.0,1427.5,1427.6500244140625,1012
2025-04-08 15:17:00+05:30,1427.9000244140625,1428.0,1426.5999755859375,1426.5999755859375,2355
2025-04-08 15:18:00+05:30,1427.050048828125,1428.0,1425.5999755859375,1425.5999755859375,2473
2025-04-08 15:19:00+05:30,1427.699951171875,1428.0,1426.3499755859375,1427.9000244140625,945
2025-04-08 15:20:00+05:30,1427.3499755859375,1427.949951171875,1426.800048828125,1427.949951171875,1001
2025-04-08 15:21:00+05:30,1427.25,1427.4000244140625,1426.699951171875,1427.1500244140625,731
2025-04-08 15:22:00+05:30,1427.550048828125,1427.949951171875,1427.1500244140625,1427.300048828125,3088
2025-04-08 15:23:00+05:30,1427.699951171875,1427.949951171875,1426.25,1427.550048828125,988
2025-04-08 15:24:00+05:30,1427.949951171875,1428.0,1427.550048828125,1427.699951171875,2368
2025-04-08 15:25:00+05:30,1427.9000244140625,1427.949951171875,1427.699951171875,1427.949951171875,896
2025-04-08 15:26:00+05:30,1428.0,1428.0,1426.800048828125,1426.9000244140625,1285
2025-04-08 15:27:00+05:30,1427.949951171875,1428.0,1426.5,1427.4000244140625,1722
2025-04-08 15:28:00+05:30,1425.949951171875,1427.949951171875,1422.449951171875,1427.949951171875,654
2025-04-08 15:29:00+05:30,1427.050048828125,1427.9000244140625,1423.0,1423.5999755859375,1301
2025-04-09 09:15:00+05:30,1422.75,1422.75,1416.5999755859375,1420.0,0
2025-04-09 09:16:00+05:30,1435.050048828125,1439.9000244140625,1422.6500244140625,1422.800048828125,2101
2025-04-09 09:17:00+05:30,1433.199951171875,1436.1500244140625,1431.550048828125,1436.1500244140625,969
2025-04-09 09:18:00+05:30,1437.800048828125,1437.800048828125,1433.0,1433.0,415
2025-04-09 09:19:00+05:30,1432.6500244140625,1436.4000244140625,1431.300048828125,1436.4000244140625,995
2025-04-09 09:20:00+05:30,1432.199951171875,1434.050048828125,1428.800048828125,1432.949951171875,3901
2025-04-09 09:21:00+05:30,1434.0,1434.949951171875,1432.199951171875,1433.300048828125,489
2025-04-09 09:22:00+05:30,1432.1500244140625,1434.8499755859375,1432.1500244140625,1434.8499755859375,324
2025-04-09 09:23:00+05:30,1428.550048828125,1431.8499755859375,1428.550048828125,1431.8499755859375,213
2025-04-09 09:24:00+05:30,1428.699951171875,1428.699951171875,1427.0999755859375,1427.300048828125,175
2025-04-09 09:25:00+05:30,1428.0,1428.0,1426.050048828125,1426.949951171875,496
2025-04-09 09:26:00+05:30,1426.75,1429.6500244140625,1426.75,1429.6500244140625,747
2025-04-09 09:27:00+05:30,1429.8499755859375,1429.8499755859375,1427.4000244140625,1428.5,318
2025-04-09 09:28:00+05:30,1429.8499755859375,1432.300048828125,1427.550048828125,1431.050048828125,279
2025-04-09 09:29:00+05:30,1430.5999755859375,1431.550048828125,1430.5999755859375,1431.3499755859375,725
2025-04-09 09:30:00+05:30,1429.25,1430.5999755859375,1428.449951171875,1430.5999755859375,165
2025-04-09 09:31:00+05:30,1428.5,1429.0,1427.550048828125,1428.5,151
2025-04-09 09:32:00+05:30,1435.949951171875,1437.550048828125,1428.25,1428.25,1541
2025-04-09 09:33:00+05:30,1435.8499755859375,1435.8499755859375,1433.0,1433.699951171875,107
2025-04-09 09:34:00+05:30,1435.699951171875,1435.800048828125,1434.0,1434.949951171875,321
2025-04-09 09:35:00+05:30,1437.550048828125,1437.550048828125,1435.699951171875,1437.0,694
2025-04-09 09:36:00+05:30,1438.199951171875,1438.199951171875,1437.550048828125,1437.550048828125,70
2025-04-09 09:37:00+05:30,1437.75,1439.9000244140625,1437.4000244140625,1438.25,2833
2025-04-09 09:38:00+05:30,1438.8499755859375,1438.8499755859375,1437.199951171875,1437.199951171875,1239
2025-04-09 09:39:00+05:30,1440.0,1440.0,1438.0,1438.4000244140625,183
2025-04-09 09:40:00+05:30,1437.949951171875,1439.0,1437.199951171875,1438.5999755859375,146
2025-04-09 09:41:00+05:30,1439.6500244140625,1439.699951171875,1437.8499755859375,1439.3499755859375,285
2025-04-09 09:42:00+05:30,1438.8499755859375,1440.0,1438.6500244140625,1439.800048828125,411
2025-04-09 09:43:00+05:30,1449.199951171875,1449.199951171875,1440.6500244140625,1440.6500244140625,3069
2025-04-09 09:44:00+05:30,1448.550048828125,1450.0,1448.550048828125,1449.0999755859375,2157
2025-04-09 09:45:00+05:30,1448.699951171875,1450.300048828125,1448.699951171875,1449.0,849
2025-04-09 09:46:00+05:30,1448.0999755859375,1449.699951171875,1448.0999755859375,1449.050048828125,1159
2025-04-09 09:47:00+05:30,1450.5,1450.6500244140625,1448.0999755859375,1448.0999755859375,992
2025-04-09 09:48:00+05:30,1451.800048828125,1452.0,1450.1500244140625,1450.75,1862
2025-04-09 09:49:00+05:30,1448.949951171875,1451.800048828125,1448.949951171875,1450.8499755859375,1174
2025-04-09 09:50:00+05:30,1451.0999755859375,1451.0999755859375,1447.550048828125,1449.8499755859375,1123
2025-04-09 09:51:00+05:30,1449.800048828125,1452.0,1448.0,1452.0,1217
2025-04-09 09:52:00+05:30,1449.699951171875,1450.25,1449.6500244140625,1449.6500244140625,549
2025-04-09 09:53:00+05:30,1450.050048828125,1450.3499755859375,1449.0,1449.699951171875,561
2025-04-09 09:54:00+05:30,1448.199951171875,1450.0,1446.6500244140625,1449.25,1155
2025-04-09 09:55:00+05:30,1445.199951171875,1448.199951171875,1443.0,1448.199951171875,2219
2025-04-09 09:56:00+05:30,1443.4000244140625,1446.199951171875,1443.0,1443.550048828125,1907
2025-04-09 09:57:00+05:30,1445.8499755859375,1445.8499755859375,1441.800048828125,1441.800048828125,1048
2025-04-09 09:58:00+05:30,1445.75,1445.800048828125,1444.4000244140625,1444.4000244140625,119
2025-04-09 09:59:00+05:30,1445.0999755859375,1445.800048828125,1445.0,1445.800048828125,324
2025-04-09 10:00:00+05:30,1445.949951171875,1446.4000244140625,1444.75,1446.199951171875,73
2025-04-09 10:01:00+05:30,1444.5,1444.699951171875,1443.8499755859375,1444.6500244140625,349
2025-04-09 10:02:00+05:30,1443.8499755859375,1444.5,1443.0999755859375,1444.5,389
2025-04-09 10:03:00+05:30,1445.949951171875,1445.949951171875,1443.0,1443.0,681
2025-04-09 10:04:00+05:30,1449.0,1449.0,1446.0,1446.0,825
2025-04-09 10:05:00+05:30,1451.800048828125,1451.800048828125,1449.199951171875,1449.199951171875,1088
2025-04-09 10:06:00+05:30,1449.9000244140625,1452.0,1449.9000244140625,1452.0,745
2025-04-09 10:07:00+05:30,1449.949951171875,1450.25,1449.949951171875,1450.1500244140625,538
2025-04-09 10:08:00+05:30,1449.949951171875,1449.949951171875,1449.0,1449.949951171875,51
2025-04-09 10:09:00+05:30,1449.0,1450.800048828125,1448.9000244140625,1449.949951171875,1254
2025-04-09 10:10:00+05:30,1446.449951171875,1448.800048828125,1446.449951171875,1448.800048828125,430
2025-04-09 10:11:00+05:30,1446.300048828125,1446.949951171875,1445.25,1445.949951171875,889
2025-04-09 10:12:00+05:30,1443.6500244140625,1446.0,1443.050048828125,1446.0,693
2025-04-09 10:13:00+05:30,1445.5,1445.5,1444.050048828125,1444.050048828125,118
2025-04-09 10:14:00+05:30,1445.300048828125,1445.300048828125,1445.300048828125,1445.300048828125,182
2025-04-09 10:15:00+05:30,1443.550048828125,1445.300048828125,1443.050048828125,1445.300048828125,632
2025-04-09 10:16:00+05:30,1443.0,1443.800048828125,1442.3499755859375,1443.800048828125,90
2025-04-09 10:17:00+05:30,1445.300048828125,1445.300048828125,1442.800048828125,1443.0,232
2025-04-09 10:18:00+05:30,1447.75,1448.5,1445.699951171875,1445.699951171875,1672
2025-04-09 10:19:00+05:30,1448.3499755859375,1448.5999755859375,1447.199951171875,1448.5999755859375,145
2025-04-09 10:20:00+05:30,1447.800048828125,1447.8499755859375,1446.25,1447.199951171875,319
2025-04-09 10:21:00+05:30,1446.449951171875,1447.8499755859375,1446.449951171875,1447.8499755859375,87
2025-04-09 10:22:00+05:30,1447.800048828125,1447.800048828125,1446.0,1446.0,67
2025-04-09 10:23:00+05:30,1443.449951171875,1447.800048828125,1443.449951171875,1447.800048828125,1146
2025-04-09 10:24:00+05:30,1443.199951171875,1444.449951171875,1442.199951171875,1442.800048828125,116
2025-04-09 10:25:00+05:30,1441.9000244140625,1444.5999755859375,1440.050048828125,1444.5999755859375,939
2025-04-09 10:26:00+05:30,1444.25,1444.800048828125,1441.25,1442.949951171875,258
2025-04-09 10:27:00+05:30,1447.5999755859375,1447.5999755859375,1445.0,1445.0,68
2025-04-09 10:28:00+05:30,1445.5999755859375,1447.5999755859375,1445.5999755859375,1447.0,371
2025-04-09 10:29:00+05:30,1446.449951171875,1447.25,1446.0,1447.199951171875,23
2025-04-09 10:30:00+05:30,1445.6500244140625,1445.800048828125,1444.699951171875,1444.8499755859375,496
2025-04-09 10:31:00+05:30,1444.9000244140625,1446.3499755859375,1444.9000244140625,1446.25,558
2025-04-09 10:32:00+05:30,1448.0,1448.800048828125,1446.8499755859375,1446.8499755859375,966
2025-04-09 10:33:00+05:30,1448.0,1449.0,1447.4000244140625,1449.0,271
2025-04-09 10:34:00+05:30,1447.25,1448.0,1447.0999755859375,1447.0999755859375,38
2025-04-09 10:35:00+05:30,1447.800048828125,1448.0,1445.5999755859375,1448.0,160
2025-04-09 10:36:00+05:30,1447.949951171875,1447.949951171875,1446.5999755859375,1447.9000244140625,21
2025-04-09 10:37:00+05:30,1446.75,1446.75,1446.75,1446.75,9
2025-04-09 10:55:00+05:30,1448.5999755859375,1448.5999755859375,1448.5999755859375,1448.5999755859375,5107
2025-04-09 10:56:00+05:30,1448.3499755859375,1448.5999755859375,1447.4000244140625,1448.5999755859375,28
2025-04-09 10:57:00+05:30,1448.550048828125,1449.6500244140625,1448.550048828125,1448.6500244140625,204
2025-04-09 10:58:00+05:30,1449.550048828125,1449.5999755859375,1449.550048828125,1449.5999755859375,52
2025-04-09 10:59:00+05:30,1454.800048828125,1457.25,1449.5999755859375,1449.5999755859375,2542
2025-04-09 11:00:00+05:30,1454.6500244140625,1456.6500244140625,1453.3499755859375,1455.6500244140625,475
2025-04-09 11:01:00+05:30,1455.6500244140625,1456.8499755859375,1455.199951171875,1455.699951171875,778
2025-04-09 11:02:00+05:30,1455.699951171875,1455.8499755859375,1454.3499755859375,1455.8499755859375,196
2025-04-09 11:03:00+05:30,1455.0999755859375,1455.699951171875,1455.0999755859375,1455.699951171875,65
2025-04-09 11:04:00+05:30,1454.5,1455.3499755859375,1453.5,1455.0999755859375,248
2025-04-09 11:05:00+05:30,1455.0,1455.5,1453.0,1453.0,591
2025-04-09 11:06:00+05:30,1456.0,1457.949951171875,1453.949951171875,1455.0,1474
2025-04-09 11:07:00+05:30,1456.199951171875,1460.050048828125,1456.199951171875,1457.75,5197
2025-04-09 11:08:00+05:30,1459.800048828125,1460.199951171875,1456.8499755859375,1456.9000244140625,1256
2025-04-09 11:09:00+05:30,1459.0,1459.949951171875,1457.5,1458.4000244140625,300
2025-04-09 11:10:00+05:30,1460.800048828125,1460.800048828125,1458.5999755859375,1458.5999755859375,1403
2025-04-09 11:11:00+05:30,1459.800048828125,1461.0,1458.699951171875,1460.75,670
2025-04-09 11:12:00+05:30,1459.1500244140625,1460.949951171875,1459.050048828125,1459.0999755859375,896
2025-04-09 11:13:00+05:30,1455.0999755859375,1459.1500244140625,1455.0999755859375,1456.75,1009
2025-04-09 11:14:00+05:30,1455.800048828125,1457.6500244140625,1455.0,1456.8499755859375,637
2025-04-09 11:15:00+05:30,1455.0,1455.300048828125,1452.5999755859375,1455.300048828125,2254
2025-04-09 11:16:00+05:30,1451.0999755859375,1454.800048828125,1449.5,1454.800048828125,1867
2025-04-09 11:17:00+05:30,1454.699951171875,1454.949951171875,1451.550048828125,1451.9000244140625,378
2025-04-09 11:18:00+05:30,1454.800048828125,1454.800048828125,1453.050048828125,1453.6500244140625,332
2025-04-09 11:19:00+05:30,1456.0999755859375,1456.25,1454.050048828125,1454.75,445
2025-04-09 11:20:00+05:30,1456.0,1456.199951171875,1455.199951171875,1456.199951171875,420
2025-04-09 11:21:00+05:30,1455.75,1455.75,1454.1500244140625,1454.9000244140625,80
2025-04-09 11:22:00+05:30,1455.75,1455.75,1455.0,1455.75,89
2025-04-09 11:23:00+05:30,1456.0,1456.0,1454.949951171875,1455.8499755859375,235
2025-04-09 11:24:00+05:30,1455.050048828125,1456.0,1454.8499755859375,1456.0,97
2025-04-09 11:25:00+05:30,1453.949951171875,1454.0,1452.5,1453.75,815
2025-04-09 11:26:00+05:30,1454.0,1454.8499755859375,1453.5,1453.5,101
2025-04-09 11:27:00+05:30,1454.5999755859375,1454.5999755859375,1454.25,1454.5999755859375,38
2025-04-09 11:28:00+05:30,1458.0,1458.0,1453.8499755859375,1454.25,523
2025-04-09 11:29:00+05:30,1458.9000244140625,1458.949951171875,1457.4000244140625,1457.449951171875,307
2025-04-09 11:30:00+05:30,1455.550048828125,1459.1500244140625,1455.550048828125,1458.1500244140625,701
2025-04-09 11:31:00+05:30,1457.699951171875,1458.9000244140625,1455.949951171875,1455.949951171875,280
2025-04-09 11:32:00+05:30,1459.699951171875,1459.699951171875,1457.800048828125,1457.800048828125,275
2025-04-09 11:33:00+05:30,1460.800048828125,1461.0,1459.449951171875,1459.949951171875,953
2025-04-09 11:34:00+05:30,1460.25,1460.800048828125,1459.25,1459.25,610
2025-04-09 11:35:00+05:30,1458.699951171875,1461.550048828125,1458.6500244140625,1461.449951171875,636
2025-04-09 11:36:00+05:30,1457.6500244140625,1459.25,1457.6500244140625,1458.0,688
2025-04-09 11:37:00+05:30,1457.300048828125,1458.0999755859375,1457.1500244140625,1457.199951171875,97
2025-04-09 11:38:00+05:30,1460.5,1460.5,1458.0,1458.0,815
2025-04-09 11:39:00+05:30,1460.5,1460.5,1459.75,1460.5,47
2025-04-09 11:40:00+05:30,1459.550048828125,1460.5,1459.550048828125,1459.75,349
2025-04-09 11:41:00+05:30,1460.4000244140625,1460.449951171875,1459.699951171875,1460.449951171875,187
2025-04-09 11:42:00+05:30,1461.1500244140625,1462.75,1459.75,1459.75,2724
2025-04-09 11:43:00+05:30,1461.5999755859375,1461.75,1460.6500244140625,1460.8499755859375,368
2025-04-09 11:44:00+05:30,1461.300048828125,1461.75,1460.25,1460.25,131
2025-04-09 11:45:00+05:30,1461.75,1462.8499755859375,1460.699951171875,1461.5,473
2025-04-09 11:46:00+05:30,1468.800048828125,1468.800048828125,1461.75,1461.75,4642
2025-04-09 11:47:00+05:30,1470.050048828125,1472.0,1468.6500244140625,1469.199951171875,3000
2025-04-09 11:48:00+05:30,1471.3499755859375,1472.449951171875,1468.550048828125,1471.4000244140625,2437
2025-04-09 11:49:00+05:30,1476.1500244140625,1478.9000244140625,1470.3499755859375,1471.3499755859375,6305
2025-04-09 11:50:00+05:30,1479.0,1479.0,1475.300048828125,1475.300048828125,3027
2025-04-09 11:51:00+05:30,1472.0,1479.9000244140625,1472.0,1479.9000244140625,6453
2025-04-09 11:52:00+05:30,1475.0,1475.5999755859375,1470.6500244140625,1471.3499755859375,3127
2025-04-09 11:53:00+05:30,1474.75,1476.25,1472.050048828125,1475.4000244140625,3866
2025-04-09 11:54:00+05:30,1471.3499755859375,1474.0999755859375,1470.699951171875,1474.0,2935
2025-04-09 11:55:00+05:30,1472.199951171875,1475.0,1469.5,1471.8499755859375,4062
2025-04-09 11:56:00+05:30,1472.0,1473.0999755859375,1471.050048828125,1472.1500244140625,1059
2025-04-09 11:57:00+05:30,1471.3499755859375,1472.0,1470.699951171875,1471.3499755859375,550
2025-04-09 11:58:00+05:30,1470.5,1471.3499755859375,1469.550048828125,1471.300048828125,1254
2025-04-09 11:59:00+05:30,1465.050048828125,1469.0,1465.050048828125,1469.0,4343
2025-04-09 12:00:00+05:30,1463.9000244140625,1466.5,1460.0,1466.449951171875,7987
2025-04-09 12:01:00+05:30,1462.3499755859375,1463.9000244140625,1461.9000244140625,1463.1500244140625,1441
2025-04-09 12:02:00+05:30,1458.949951171875,1464.949951171875,1458.949951171875,1464.949951171875,3716
2025-04-09 12:03:00+05:30,1460.449951171875,1461.050048828125,1453.050048828125,1458.949951171875,6221
2025-04-09 12:04:00+05:30,1458.3499755859375,1460.050048828125,1458.199951171875,1459.050048828125,524
2025-04-09 12:05:00+05:30,1461.25,1461.5,1458.5,1459.800048828125,574
2025-04-09 12:06:00+05:30,1459.550048828125,1460.800048828125,1458.5999755859375,1459.199951171875,723
2025-04-09 12:07:00+05:30,1457.1500244140625,1457.800048828125,1456.25,1457.800048828125,1898
2025-04-09 12:08:00+05:30,1454.5,1457.75,1453.0,1457.25,1105
2025-04-09 12:09:00+05:30,1454.0,1456.75,1454.0,1454.449951171875,2547
2025-04-09 12:10:00+05:30,1455.199951171875,1455.199951171875,1453.949951171875,1455.0,506
2025-04-09 12:11:00+05:30,1454.6500244140625,1455.449951171875,1454.1500244140625,1455.449951171875,112
2025-04-09 12:12:00+05:30,1454.550048828125,1455.5,1454.0999755859375,1454.6500244140625,492
2025-04-09 12:13:00+05:30,1454.949951171875,1455.5,1450.5,1454.5,3145
2025-04-09 12:14:00+05:30,1456.050048828125,1456.050048828125,1453.8499755859375,1454.699951171875,441
2025-04-09 12:15:00+05:30,1454.449951171875,1455.8499755859375,1453.9000244140625,1455.8499755859375,471
2025-04-09 12:16:00+05:30,1454.75,1455.9000244140625,1454.5999755859375,1454.6500244140625,161
2025-04-09 12:17:00+05:30,1451.0999755859375,1455.6500244140625,1451.050048828125,1454.199951171875,873
2025-04-09 12:18:00+05:30,1453.9000244140625,1453.9000244140625,1452.4000244140625,1453.300048828125,375
2025-04-09 12:19:00+05:30,1453.449951171875,1454.5999755859375,1452.6500244140625,1453.0,1114
2025-04-09 12:20:00+05:30,1451.0999755859375,1452.6500244140625,1451.050048828125,1452.3499755859375,414
2025-04-09 12:21:00+05:30,1454.9000244140625,1458.4000244140625,1451.0999755859375,1451.0999755859375,1938
2025-04-09 12:22:00+05:30,1452.949951171875,1454.4000244140625,1452.8499755859375,1454.4000244140625,437
2025-04-09 12:23:00+05:30,1452.050048828125,1453.0,1451.949951171875,1453.0,473
2025-04-09 12:24:00+05:30,1451.800048828125,1453.550048828125,1451.800048828125,1452.050048828125,1907
2025-04-09 12:25:00+05:30,1454.300048828125,1454.800048828125,1451.800048828125,1451.800048828125,1966
2025-04-09 12:26:00+05:30,1454.050048828125,1455.449951171875,1453.199951171875,1455.449951171875,179
2025-04-09 12:27:00+05:30,1454.699951171875,1454.75,1453.1500244140625,1453.199951171875,446
2025-04-09 12:28:00+05:30,1454.8499755859375,1454.8499755859375,1453.300048828125,1453.75,1073
2025-04-09 12:29:00+05:30,1452.550048828125,1454.050048828125,1451.949951171875,1453.9000244140625,1557
2025-04-09 12:30:00+05:30,1450.75,1451.8499755859375,1450.75,1451.8499755859375,804
2025-04-09 12:31:00+05:30,1453.0,1453.0,1451.25,1451.25,214
2025-04-09 12:32:00+05:30,1452.699951171875,1453.5,1452.1500244140625,1452.1500244140625,495
2025-04-09 12:33:00+05:30,1451.5999755859375,1454.75,1451.5999755859375,1454.75,1134
2025-04-09 12:34:00+05:30,1452.0999755859375,1452.25,1451.449951171875,1451.550048828125,424
2025-04-09 12:35:00+05:30,1451.699951171875,1453.550048828125,1450.5,1452.4000244140625,732
2025-04-09 12:36:00+05:30,1445.4000244140625,1451.75,1445.3499755859375,1450.5999755859375,2287
2025-04-09 12:37:00+05:30,1443.800048828125,1447.5,1443.800048828125,1447.300048828125,2691
2025-04-09 12:38:00+05:30,1441.4000244140625,1444.949951171875,1441.4000244140625,1444.949951171875,6435
2025-04-09 12:39:00+05:30,1441.9000244140625,1441.949951171875,1439.0,1440.25,1524
2025-04-09 12:40:00+05:30,1440.5999755859375,1442.199951171875,1440.5999755859375,1441.25,851
2025-04-09 12:41:00+05:30,1437.300048828125,1441.449951171875,1437.300048828125,1440.5999755859375,825
2025-04-09 12:42:00+05:30,1441.4000244140625,1441.4000244140625,1436.550048828125,1436.550048828125,381
2025-04-09 12:43:00+05:30,1445.3499755859375,1446.25,1442.6500244140625,1442.6500244140625,1738
2025-04-09 12:44:00+05:30,1444.0,1446.25,1442.949951171875,1446.0,1101
2025-04-09 12:45:00+05:30,1443.25,1444.0,1442.949951171875,1444.0,260
2025-04-09 12:46:00+05:30,1443.949951171875,1443.949951171875,1442.949951171875,1443.9000244140625,110
2025-04-09 12:47:00+05:30,1441.9000244140625,1443.8499755859375,1440.8499755859375,1443.8499755859375,902
2025-04-09 12:48:00+05:30,1442.449951171875,1443.75,1441.949951171875,1442.5,561
2025-04-09 12:49:00+05:30,1443.949951171875,1444.0,1443.800048828125,1443.800048828125,46
2025-04-09 12:50:00+05:30,1441.199951171875,1444.0,1439.5,1444.0,1748
2025-04-09 12:51:00+05:30,1442.4000244140625,1443.449951171875,1442.0,1442.4000244140625,590
2025-04-09 12:52:00+05:30,1441.699951171875,1443.0,1441.199951171875,1441.449951171875,1142
2025-04-09 12:53:00+05:30,1443.75,1443.75,1440.75,1441.699951171875,132
2025-04-09 12:54:00+05:30,1443.5,1443.75,1443.5,1443.75,20
2025-04-09 12:55:00+05:30,1442.0,1443.699951171875,1442.0,1443.5999755859375,107
2025-04-09 12:56:00+05:30,1443.75,1443.75,1441.9000244140625,1441.949951171875,78
2025-04-09 12:57:00+05:30,1442.800048828125,1443.75,1441.449951171875,1442.300048828125,82
2025-04-09 12:58:00+05:30,1442.1500244140625,1443.699951171875,1442.1500244140625,1442.75,94
2025-04-09 12:59:00+05:30,1442.9000244140625,1443.0,1442.9000244140625,1443.0,19
2025-04-09 13:00:00+05:30,1441.6500244140625,1443.0,1440.75,1442.8499755859375,217
2025-04-09 13:01:00+05:30,1440.449951171875,1441.5999755859375,1440.3499755859375,1441.5999755859375,903
2025-04-09 13:02:00+05:30,1440.0,1441.800048828125,1438.699951171875,1440.4000244140625,592
2025-04-09 13:03:00+05:30,1441.699951171875,1442.800048828125,1440.8499755859375,1440.8499755859375,15
2025-04-09 13:04:00+05:30,1442.3499755859375,1443.699951171875,1441.3499755859375,1441.699951171875,89
2025-04-09 13:05:00+05:30,1442.199951171875,1443.5,1441.1500244140625,1443.5,82
2025-04-09 13:06:00+05:30,1442.0,1442.0,1441.0,1441.0,92
2025-04-09 13:07:00+05:30,1441.699951171875,1442.0,1440.949951171875,1442.0,263
2025-04-09 13:08:00+05:30,1442.0,1442.0,1441.1500244140625,1441.6500244140625,8
2025-04-09 13:09:00+05:30,1442.5999755859375,1442.5999755859375,1441.5,1442.0,153
2025-04-09 13:10:00+05:30,1443.0,1443.0,1442.5999755859375,1442.5999755859375,138
2025-04-09 13:11:00+05:30,1443.0,1443.0,1443.0,1443.0,0
2025-04-09 13:12:00+05:30,1440.0,1443.0,1440.0,1443.0,411
2025-04-09 13:13:00+05:30,1440.0,1440.800048828125,1440.0,1440.699951171875,3
2025-04-09 13:14:00+05:30,1441.25,1441.300048828125,1440.1500244140625,1441.300048828125,89
2025-04-09 13:15:00+05:30,1441.800048828125,1441.8499755859375,1441.050048828125,1441.050048828125,23
2025-04-09 13:16:00+05:30,1440.8499755859375,1441.8499755859375,1440.75,1441.8499755859375,78
2025-04-09 13:17:00+05:30,1441.1500244140625,1441.800048828125,1441.1500244140625,1441.800048828125,122
2025-04-09 13:18:00+05:30,1441.6500244140625,1441.6500244140625,1440.4000244140625,1440.800048828125,24
2025-04-09 13:19:00+05:30,1441.8499755859375,1441.8499755859375,1440.25,1441.0,75
2025-04-09 13:20:00+05:30,1439.3499755859375,1440.25,1438.0,1440.25,273
2025-04-09 13:21:00+05:30,1439.4000244140625,1439.4000244140625,1438.0999755859375,1439.199951171875,20
2025-04-09 13:22:00+05:30,1439.4000244140625,1439.4000244140625,1439.300048828125,1439.4000244140625,30
2025-04-09 13:23:00+05:30,1439.4000244140625,1439.4000244140625,1439.4000244140625,1439.4000244140625,27
2025-04-09 13:24:00+05:30,1438.0,1439.4000244140625,1438.0,1439.3499755859375,316
2025-04-09 13:25:00+05:30,1439.050048828125,1439.1500244140625,1438.0,1438.0,18
2025-04-09 13:26:00+05:30,1439.4000244140625,1439.4000244140625,1439.4000244140625,1439.4000244140625,19
2025-04-09 13:27:00+05:30,1440.550048828125,1440.550048828125,1439.4000244140625,1439.4000244140625,35
2025-04-09 13:28:00+05:30,1440.0,1440.0,1439.4000244140625,1440.0,230
2025-04-09 13:29:00+05:30,1440.300048828125,1440.4000244140625,1440.0,1440.0,25
2025-04-09 13:30:00+05:30,1440.25,1440.25,1439.5999755859375,1439.5999755859375,40
2025-04-09 13:31:00+05:30,1438.699951171875,1440.0999755859375,1438.699951171875,1439.3499755859375,88
2025-04-09 13:32:00+05:30,1438.0,1439.0999755859375,1438.0,1438.0,25
2025-04-09 13:33:00+05:30,1437.800048828125,1439.4000244140625,1437.25,1438.0,448
2025-04-09 13:34:00+05:30,1436.5,1437.5,1435.800048828125,1436.300048828125,1676
2025-04-09 13:35:00+05:30,1438.25,1438.25,1435.75,1435.9000244140625,700
2025-04-09 13:36:00+05:30,1436.25,1436.5999755859375,1435.050048828125,1436.5999755859375,106
2025-04-09 13:37:00+05:30,1436.25,1436.4000244140625,1436.199951171875,1436.300048828125,253
2025-04-09 13:38:00+05:30,1436.300048828125,1436.3499755859375,1435.0,1436.25,52
2025-04-09 13:39:00+05:30,1436.25,1436.5,1434.800048828125,1434.800048828125,79
2025-04-09 13:40:00+05:30,1435.8499755859375,1436.199951171875,1435.8499755859375,1436.199951171875,41
2025-04-09 13:41:00+05:30,1435.75,1435.9000244140625,1435.75,1435.9000244140625,23
2025-04-09 13:42:00+05:30,1436.0,1436.0,1434.800048828125,1434.800048828125,133
2025-04-09 13:43:00+05:30,1435.949951171875,1436.0,1434.9000244140625,1436.0,110
2025-04-09 13:44:00+05:30,1434.9000244140625,1435.949951171875,1434.9000244140625,1435.949951171875,26
2025-04-09 13:45:00+05:30,1437.949951171875,1438.0,1434.9000244140625,1434.9000244140625,1545
2025-04-09 13:46:00+05:30,1437.0,1438.300048828125,1436.199951171875,1438.0,415
2025-04-09 13:47:00+05:30,1436.4000244140625,1437.800048828125,1436.199951171875,1436.25,12
2025-04-09 13:48:00+05:30,1437.8499755859375,1440.0,1436.4000244140625,1436.4000244140625,342
2025-04-09 13:49:00+05:30,1438.8499755859375,1439.449951171875,1437.5999755859375,1438.8499755859375,97
2025-04-09 13:50:00+05:30,1438.5,1438.8499755859375,1437.5999755859375,1438.8499755859375,8
2025-04-09 13:51:00+05:30,1438.8499755859375,1438.8499755859375,1437.25,1437.5999755859375,278
2025-04-09 13:52:00+05:30,1438.550048828125,1438.800048828125,1437.1500244140625,1438.699951171875,19
2025-04-09 13:53:00+05:30,1438.300048828125,1438.5,1437.050048828125,1438.5,15
2025-04-09 13:54:00+05:30,1437.1500244140625,1438.449951171875,1437.1500244140625,1438.3499755859375,94
2025-04-09 13:55:00+05:30,1438.4000244140625,1439.449951171875,1437.1500244140625,1438.25,603
2025-04-09 13:56:00+05:30,1438.050048828125,1438.699951171875,1437.1500244140625,1438.449951171875,104
2025-04-09 13:57:00+05:30,1438.4000244140625,1438.4000244140625,1437.1500244140625,1438.050048828125,48
2025-04-09 13:58:00+05:30,1437.300048828125,1438.9000244140625,1437.300048828125,1438.3499755859375,183
2025-04-09 13:59:00+05:30,1436.550048828125,1437.9000244140625,1436.550048828125,1437.300048828125,52
2025-04-09 14:00:00+05:30,1436.199951171875,1437.9000244140625,1436.199951171875,1437.9000244140625,47
2025-04-09 14:01:00+05:30,1437.5,1437.5,1436.25,1437.449951171875,518
2025-04-09 14:02:00+05:30,1436.25,1437.449951171875,1436.25,1437.449951171875,47
2025-04-09 14:03:00+05:30,1437.5,1437.5,1436.3499755859375,1437.449951171875,60
2025-04-09 14:04:00+05:30,1437.449951171875,1437.5,1437.449951171875,1437.449951171875,48
2025-04-09 14:05:00+05:30,1437.5,1437.5,1437.449951171875,1437.5,59
2025-04-09 14:06:00+05:30,1437.449951171875,1437.449951171875,1437.0,1437.449951171875,32
2025-04-09 14:07:00+05:30,1437.4000244140625,1437.449951171875,1437.4000244140625,1437.4000244140625,160
2025-04-09 14:08:00+05:30,1437.4000244140625,1437.449951171875,1437.4000244140625,1437.4000244140625,28
2025-04-09 14:09:00+05:30,1436.300048828125,1437.4000244140625,1436.300048828125,1437.4000244140625,78
2025-04-09 14:10:00+05:30,1434.8499755859375,1436.550048828125,1434.8499755859375,1436.199951171875,737
2025-04-09 14:11:00+05:30,1435.800048828125,1436.0999755859375,1435.800048828125,1436.0999755859375,44
2025-04-09 14:12:00+05:30,1435.949951171875,1436.0,1435.8499755859375,1435.9000244140625,21
2025-04-09 14:13:00+05:30,1436.0,1436.0,1435.9000244140625,1435.9000244140625,18
2025-04-09 14:14:00+05:30,1435.8499755859375,1435.949951171875,1435.8499755859375,1435.949951171875,17
2025-04-09 14:15:00+05:30,1435.949951171875,1435.949951171875,1435.949951171875,1435.949951171875,19
2025-04-09 14:16:00+05:30,1435.949951171875,1435.949951171875,1434.75,1434.75,79
2025-04-09 14:17:00+05:30,1439.1500244140625,1439.1500244140625,1436.699951171875,1437.449951171875,2916
2025-04-09 14:18:00+05:30,1441.8499755859375,1444.3499755859375,1439.949951171875,1439.949951171875,1386
2025-04-09 14:19:00+05:30,1441.5999755859375,1443.5,1441.5999755859375,1443.25,214
2025-04-09 14:20:00+05:30,1441.8499755859375,1442.449951171875,1440.5,1441.25,134
2025-04-09 14:21:00+05:30,1441.449951171875,1442.199951171875,1440.449951171875,1441.8499755859375,106
2025-04-09 14:22:00+05:30,1440.5,1441.449951171875,1440.5,1441.449951171875,139
2025-04-09 14:23:00+05:30,1438.0999755859375,1439.9000244140625,1438.0999755859375,1439.1500244140625,287
2025-04-09 14:24:00+05:30,1439.75,1439.75,1438.199951171875,1439.4000244140625,56
2025-04-09 14:25:00+05:30,1439.800048828125,1439.800048828125,1438.4000244140625,1438.4000244140625,24
2025-04-09 14:26:00+05:30,1439.9000244140625,1439.949951171875,1439.8499755859375,1439.949951171875,16
2025-04-09 14:27:00+05:30,1440.9000244140625,1440.9000244140625,1439.8499755859375,1439.8499755859375,21
2025-04-09 14:28:00+05:30,1440.4000244140625,1440.800048828125,1439.6500244140625,1440.75,59
2025-04-09 14:29:00+05:30,1440.449951171875,1440.449951171875,1439.699951171875,1440.0999755859375,39
2025-04-09 14:30:00+05:30,1440.75,1440.800048828125,1440.0999755859375,1440.1500244140625,92
2025-04-09 14:31:00+05:30,1440.949951171875,1440.949951171875,1439.0,1439.699951171875,331
2025-04-09 14:32:00+05:30,1440.0,1440.6500244140625,1440.0,1440.6500244140625,17
2025-04-09 14:33:00+05:30,1438.6500244140625,1439.949951171875,1438.6500244140625,1439.949951171875,39
2025-04-09 14:34:00+05:30,1439.9000244140625,1439.9000244140625,1438.6500244140625,1439.550048828125,19
2025-04-09 14:35:00+05:30,1439.800048828125,1439.8499755859375,1438.5999755859375,1438.5999755859375,43
2025-04-09 14:36:00+05:30,1438.5999755859375,1439.9000244140625,1438.5999755859375,1439.8499755859375,59
2025-04-09 14:37:00+05:30,1440.0999755859375,1440.0999755859375,1438.5999755859375,1438.5999755859375,134
2025-04-09 14:38:00+05:30,1439.75,1439.75,1438.8499755859375,1438.8499755859375,200
2025-04-09 14:39:00+05:30,1439.5,1439.699951171875,1438.9000244140625,1439.699951171875,27
2025-04-09 14:40:00+05:30,1439.1500244140625,1440.0,1438.949951171875,1439.5,88
2025-04-09 14:41:00+05:30,1439.800048828125,1439.800048828125,1438.75,1439.1500244140625,173
2025-04-09 14:42:00+05:30,1438.949951171875,1440.1500244140625,1438.75,1439.5999755859375,107
2025-04-09 14:43:00+05:30,1439.0,1440.300048828125,1439.0,1440.1500244140625,184
2025-04-09 14:44:00+05:30,1439.949951171875,1439.949951171875,1439.0,1439.800048828125,48
2025-04-09 14:45:00+05:30,1438.199951171875,1440.199951171875,1437.0999755859375,1440.199951171875,372
2025-04-09 14:46:00+05:30,1439.6500244140625,1439.699951171875,1438.199951171875,1438.800048828125,345
2025-04-09 14:47:00+05:30,1437.949951171875,1440.8499755859375,1437.3499755859375,1439.5999755859375,799
2025-04-09 14:48:00+05:30,1437.949951171875,1437.949951171875,1437.949951171875,1437.949951171875,17
2025-04-09 14:49:00+05:30,1436.8499755859375,1437.949951171875,1436.8499755859375,1437.949951171875,109
2025-04-09 14:50:00+05:30,1438.5999755859375,1439.6500244140625,1436.8499755859375,1436.8499755859375,1061
2025-04-09 14:51:00+05:30,1439.8499755859375,1440.5999755859375,1439.199951171875,1440.5999755859375,526
2025-04-09 14:52:00+05:30,1441.949951171875,1442.199951171875,1439.699951171875,1442.199951171875,981
2025-04-09 14:53:00+05:30,1437.300048828125,1442.449951171875,1437.300048828125,1440.6500244140625,1164
2025-04-09 14:54:00+05:30,1437.0,1438.3499755859375,1436.050048828125,1438.3499755859375,2820
2025-04-09 14:55:00+05:30,1437.300048828125,1439.9000244140625,1436.0,1436.0,783
2025-04-09 14:56:00+05:30,1435.4000244140625,1438.4000244140625,1435.4000244140625,1437.6500244140625,454
2025-04-09 14:57:00+05:30,1436.9000244140625,1438.550048828125,1436.550048828125,1438.199951171875,226
2025-04-09 14:58:00+05:30,1438.0,1438.449951171875,1438.0,1438.3499755859375,110
2025-04-09 14:59:00+05:30,1438.25,1438.699951171875,1437.0,1438.0,178
2025-04-09 15:00:00+05:30,1439.4000244140625,1439.4000244140625,1437.550048828125,1437.550048828125,160
2025-04-09 15:01:00+05:30,1437.8499755859375,1438.949951171875,1437.5999755859375,1437.5999755859375,168
2025-04-09 15:02:00+05:30,1438.300048828125,1439.050048828125,1437.1500244140625,1437.8499755859375,224
2025-04-09 15:03:00+05:30,1438.0,1438.0,1437.449951171875,1437.8499755859375,82
2025-04-09 15:04:00+05:30,1437.949951171875,1438.0,1437.0,1437.949951171875,905
2025-04-09 15:05:00+05:30,1438.300048828125,1438.8499755859375,1437.4000244140625,1438.300048828125,2045
2025-04-09 15:06:00+05:30,1432.25,1433.9000244140625,1430.699951171875,1432.949951171875,3401
2025-04-09 15:07:00+05:30,1430.4000244140625,1433.3499755859375,1425.8499755859375,1433.3499755859375,3593
2025-04-09 15:08:00+05:30,1432.5999755859375,1432.5999755859375,1430.25,1430.300048828125,432
2025-04-09 15:09:00+05:30,1431.300048828125,1432.8499755859375,1431.0999755859375,1432.800048828125,372
2025-04-09 15:10:00+05:30,1433.0999755859375,1433.1500244140625,1431.0999755859375,1431.300048828125,960
2025-04-09 15:11:00+05:30,1431.3499755859375,1432.800048828125,1431.3499755859375,1432.800048828125,226
2025-04-09 15:12:00+05:30,1428.5,1431.800048828125,1428.5,1431.800048828125,965
2025-04-09 15:13:00+05:30,1432.800048828125,1433.199951171875,1428.949951171875,1428.949951171875,557
2025-04-09 15:14:00+05:30,1432.449951171875,1432.949951171875,1431.300048828125,1431.449951171875,1264
2025-04-09 15:15:00+05:30,1432.199951171875,1433.699951171875,1431.0,1431.199951171875,2715
2025-04-09 15:16:00+05:30,1430.550048828125,1433.1500244140625,1430.550048828125,1432.300048828125,1118
2025-04-09 15:17:00+05:30,1433.9000244140625,1434.949951171875,1431.5,1431.5,2479
2025-04-09 15:18:00+05:30,1434.449951171875,1435.75,1432.6500244140625,1435.75,780
2025-04-09 15:19:00+05:30,1432.300048828125,1433.0999755859375,1430.550048828125,1433.0999755859375,1087
2025-04-09 15:20:00+05:30,1431.300048828125,1432.0,1430.5,1430.5,904
2025-04-09 15:21:00+05:30,1433.4000244140625,1434.0,1431.800048828125,1431.8499755859375,749
2025-04-09 15:22:00+05:30,1433.4000244140625,1433.800048828125,1433.4000244140625,1433.800048828125,297
2025-04-09 15:23:00+05:30,1433.0,1433.449951171875,1431.5999755859375,1433.449951171875,636
2025-04-09 15:24:00+05:30,1435.3499755859375,1435.3499755859375,1433.949951171875,1434.0,677
2025-04-09 15:25:00+05:30,1432.699951171875,1435.949951171875,1432.699951171875,1435.449951171875,266
2025-04-09 15:26:00+05:30,1434.75,1435.949951171875,1433.050048828125,1433.4000244140625,1033
2025-04-09 15:27:00+05:30,1435.5,1436.050048828125,1432.699951171875,1433.949951171875,681
2025-04-09 15:28:00+05:30,1434.550048828125,1436.949951171875,1433.0,1433.0,534
2025-04-09 15:29:00+05:30,1432.5,1436.949951171875,1427.8499755859375,1433.25,1236
2025-04-11 09:15:00+05:30,1458.1500244140625,1458.1500244140625,1439.6500244140625,1439.6500244140625,0
2025-04-11 09:16:00+05:30,1460.8499755859375,1462.4000244140625,1453.550048828125,1453.550048828125,2893
2025-04-11 09:17:00+05:30,1464.25,1464.25,1457.5,1457.5,1810
2025-04-11 09:18:00+05:30,1461.449951171875,1465.550048828125,1461.449951171875,1465.550048828125,372
2025-04-11 09:19:00+05:30,1458.949951171875,1462.5999755859375,1457.550048828125,1461.8499755859375,502
2025-04-11 09:20:00+05:30,1460.6500244140625,1460.6500244140625,1456.699951171875,1459.949951171875,666
2025-04-11 09:21:00+05:30,1458.699951171875,1460.1500244140625,1458.6500244140625,1459.75,327
2025-04-11 09:22:00+05:30,1464.449951171875,1464.9000244140625,1458.699951171875,1458.699951171875,750
2025-04-11 09:23:00+05:30,1466.9000244140625,1467.3499755859375,1463.3499755859375,1463.3499755859375,1659
2025-04-11 09:24:00+05:30,1469.25,1469.25,1464.5,1466.949951171875,703
2025-04-11 09:25:00+05:30,1467.0999755859375,1469.0,1465.4000244140625,1469.0,374
2025-04-11 09:26:00+05:30,1469.550048828125,1471.0,1466.4000244140625,1466.4000244140625,2229
2025-04-11 09:27:00+05:30,1467.75,1470.699951171875,1467.75,1469.550048828125,1185
2025-04-11 09:28:00+05:30,1471.0,1471.0,1466.949951171875,1467.0999755859375,1219
2025-04-11 09:29:00+05:30,1464.800048828125,1470.949951171875,1464.800048828125,1470.449951171875,1578
2025-04-11 09:30:00+05:30,1469.949951171875,1469.949951171875,1465.800048828125,1465.800048828125,831
2025-04-11 09:31:00+05:30,1471.050048828125,1471.050048828125,1469.1500244140625,1470.5,1970
2025-04-11 09:32:00+05:30,1472.25,1473.949951171875,1470.9000244140625,1472.449951171875,932
2025-04-11 09:33:00+05:30,1470.0,1471.300048828125,1469.1500244140625,1470.199951171875,595
2025-04-11 09:34:00+05:30,1471.9000244140625,1471.9000244140625,1468.050048828125,1468.050048828125,1158
2025-04-11 09:35:00+05:30,1473.9000244140625,1473.9000244140625,1470.5,1471.3499755859375,749
2025-04-11 09:36:00+05:30,1475.0,1475.0,1473.0,1473.0,836
2025-04-11 09:37:00+05:30,1470.949951171875,1474.199951171875,1470.949951171875,1474.199951171875,299
2025-04-11 09:38:00+05:30,1473.300048828125,1473.8499755859375,1471.800048828125,1471.800048828125,221
2025-04-11 09:39:00+05:30,1472.6500244140625,1472.6500244140625,1470.3499755859375,1471.449951171875,96
2025-04-11 09:40:00+05:30,1472.5999755859375,1472.5999755859375,1471.0,1472.5999755859375,151
2025-04-11 09:41:00+05:30,1471.550048828125,1473.8499755859375,1471.449951171875,1473.8499755859375,204
2025-04-11 09:42:00+05:30,1471.8499755859375,1471.8499755859375,1470.5999755859375,1471.75,126
2025-04-11 09:43:00+05:30,1474.300048828125,1474.300048828125,1472.6500244140625,1472.6500244140625,331
2025-04-11 09:44:00+05:30,1473.0,1474.0,1472.8499755859375,1472.8499755859375,224
2025-04-11 09:45:00+05:30,1473.5999755859375,1473.800048828125,1472.699951171875,1473.800048828125,129
2025-04-11 09:46:00+05:30,1473.8499755859375,1474.0,1472.8499755859375,1474.0,125
2025-04-11 09:47:00+05:30,1477.4000244140625,1477.4000244140625,1472.9000244140625,1473.9000244140625,2468
2025-04-11 09:48:00+05:30,1482.800048828125,1483.0999755859375,1477.5,1477.5,3326
2025-04-11 09:49:00+05:30,1482.8499755859375,1483.4000244140625,1480.5999755859375,1483.4000244140625,1428
2025-04-11 09:50:00+05:30,1481.0,1482.550048828125,1481.0,1482.550048828125,348
2025-04-11 09:51:00+05:30,1486.199951171875,1486.949951171875,1483.0,1483.0,2676
2025-04-11 09:52:00+05:30,1484.9000244140625,1486.550048828125,1484.8499755859375,1486.199951171875,1255
2025-04-11 09:53:00+05:30,1486.949951171875,1487.8499755859375,1483.25,1483.5,1131
2025-04-11 09:54:00+05:30,1489.0,1489.0,1487.5999755859375,1487.75,2326
2025-04-11 09:55:00+05:30,1494.0,1494.0,1489.0,1489.550048828125,2877
2025-04-11 09:56:00+05:30,1499.949951171875,1499.949951171875,1493.3499755859375,1493.3499755859375,9219
2025-04-11 09:57:00+05:30,1502.0,1502.25,1499.0999755859375,1501.3499755859375,3117
2025-04-11 09:58:00+05:30,1499.199951171875,1502.0,1497.699951171875,1502.0,3725
2025-04-11 09:59:00+05:30,1503.050048828125,1503.4000244140625,1499.75,1499.75,6715
2025-04-11 10:00:00+05:30,1505.949951171875,1507.8499755859375,1502.25,1503.050048828125,7347
2025-04-11 10:01:00+05:30,1506.6500244140625,1508.0,1500.0,1507.1500244140625,7402
2025-04-11 10:02:00+05:30,1509.25,1513.0999755859375,1505.25,1506.5,11124
2025-04-11 10:03:00+05:30,1501.300048828125,1511.699951171875,1501.300048828125,1509.199951171875,9370
2025-04-11 10:04:00+05:30,1510.0,1510.0,1501.6500244140625,1501.800048828125,9427
2025-04-11 10:05:00+05:30,1503.300048828125,1507.949951171875,1503.300048828125,1505.050048828125,2959
2025-04-11 10:06:00+05:30,1497.0,1503.0,1496.199951171875,1502.75,5756
2025-04-11 10:07:00+05:30,1495.5,1497.300048828125,1492.25,1494.6500244140625,9113
2025-04-11 10:08:00+05:30,1497.1500244140625,1498.699951171875,1495.4000244140625,1495.4000244140625,4293
2025-04-11 10:09:00+05:30,1497.8499755859375,1498.1500244140625,1496.199951171875,1497.75,1206
2025-04-11 10:10:00+05:30,1496.25,1499.800048828125,1496.25,1497.8499755859375,3857
2025-04-11 10:11:00+05:30,1498.6500244140625,1498.699951171875,1496.1500244140625,1496.1500244140625,790
2025-04-11 10:12:00+05:30,1499.0,1499.050048828125,1497.449951171875,1498.6500244140625,843
2025-04-11 10:13:00+05:30,1497.050048828125,1499.0,1496.300048828125,1499.0,75
2025-04-11 10:14:00+05:30,1499.0,1499.0,1495.199951171875,1495.199951171875,2413
2025-04-11 10:15:00+05:30,1503.0,1503.800048828125,1500.0,1500.0,7440
2025-04-11 10:16:00+05:30,1503.949951171875,1503.949951171875,1502.0999755859375,1503.0,854
2025-04-11 10:17:00+05:30,1504.0,1506.9000244140625,1503.0,1503.3499755859375,4225
2025-04-11 10:18:00+05:30,1501.949951171875,1504.75,1497.0999755859375,1504.75,8301
2025-04-11 10:19:00+05:30,1499.699951171875,1501.0,1498.050048828125,1501.0,2077
2025-04-11 10:20:00+05:30,1497.1500244140625,1499.949951171875,1497.1500244140625,1499.300048828125,128
2025-04-11 10:21:00+05:30,1499.75,1501.050048828125,1497.9000244140625,1497.9000244140625,745
2025-04-11 10:22:00+05:30,1499.199951171875,1501.300048828125,1498.199951171875,1498.199951171875,919
2025-04-11 10:23:00+05:30,1500.0999755859375,1500.0999755859375,1499.0999755859375,1499.949951171875,1573
2025-04-11 10:24:00+05:30,1497.0,1501.3499755859375,1497.0,1501.0,820
2025-04-11 10:25:00+05:30,1495.5,1497.4000244140625,1495.050048828125,1497.0999755859375,472
2025-04-11 10:26:00+05:30,1497.8499755859375,1497.8499755859375,1495.5,1496.25,945
2025-04-11 10:27:00+05:30,1498.75,1498.800048828125,1496.75,1498.800048828125,187
2025-04-11 10:28:00+05:30,1499.4000244140625,1499.5999755859375,1497.5999755859375,1498.8499755859375,439
2025-04-11 10:29:00+05:30,1496.8499755859375,1498.0999755859375,1496.8499755859375,1498.0,305
2025-04-11 10:30:00+05:30,1499.75,1500.0,1496.9000244140625,1496.9000244140625,740
2025-04-11 10:31:00+05:30,1498.550048828125,1500.0,1497.6500244140625,1500.0,251
2025-04-11 10:32:00+05:30,1500.0,1500.0,1497.5,1499.5,858
2025-04-11 10:33:00+05:30,1500.300048828125,1500.300048828125,1497.8499755859375,1498.25,958
2025-04-11 10:34:00+05:30,1499.0,1501.0,1498.0999755859375,1500.300048828125,661
2025-04-11 10:35:00+05:30,1496.0,1498.75,1496.0,1498.75,2369
2025-04-11 10:36:00+05:30,1492.050048828125,1497.300048828125,1492.050048828125,1496.0,2835
2025-04-11 10:37:00+05:30,1493.75,1493.75,1491.0,1491.0,1803
2025-04-11 10:38:00+05:30,1493.5999755859375,1495.25,1492.699951171875,1492.699951171875,573
2025-04-11 10:39:00+05:30,1493.5999755859375,1493.5999755859375,1493.0999755859375,1493.0999755859375,19
2025-04-11 10:40:00+05:30,1496.0999755859375,1496.0999755859375,1492.25,1492.25,1677
2025-04-11 10:41:00+05:30,1494.0,1496.5999755859375,1493.75,1496.199951171875,271
2025-04-11 10:42:00+05:30,1495.0,1495.0999755859375,1493.949951171875,1493.949951171875,21
2025-04-11 10:43:00+05:30,1495.0999755859375,1495.0999755859375,1495.050048828125,1495.050048828125,94
2025-04-11 10:44:00+05:30,1494.1500244140625,1494.9000244140625,1492.949951171875,1494.050048828125,99
2025-04-11 10:45:00+05:30,1495.1500244140625,1495.1500244140625,1495.0,1495.0,390
2025-04-11 10:46:00+05:30,1493.1500244140625,1494.8499755859375,1493.1500244140625,1494.75,166
2025-04-11 10:47:00+05:30,1494.550048828125,1494.550048828125,1493.1500244140625,1493.1500244140625,227
2025-04-11 10:48:00+05:30,1495.0,1495.0,1493.9000244140625,1494.5999755859375,146
2025-04-11 10:49:00+05:30,1501.5,1501.5,1496.9000244140625,1496.9000244140625,4549
2025-04-11 10:50:00+05:30,1500.199951171875,1501.949951171875,1500.199951171875,1501.5,663
2025-04-11 10:51:00+05:30,1500.8499755859375,1501.550048828125,1500.0,1500.949951171875,291
2025-04-11 10:52:00+05:30,1500.0,1500.8499755859375,1498.6500244140625,1500.050048828125,780
2025-04-11 10:53:00+05:30,1499.8499755859375,1500.0,1499.8499755859375,1500.0,94
2025-04-11 10:54:00+05:30,1501.550048828125,1501.550048828125,1498.9000244140625,1499.800048828125,720
2025-04-11 10:55:00+05:30,1503.75,1504.4000244140625,1500.1500244140625,1500.1500244140625,935
2025-04-11 10:56:00+05:30,1504.0999755859375,1507.1500244140625,1501.800048828125,1501.800048828125,7024
2025-04-11 10:57:00+05:30,1505.800048828125,1507.75,1505.5,1505.5,2460
2025-04-11 10:58:00+05:30,1507.0,1508.949951171875,1504.300048828125,1504.5999755859375,5606
2025-04-11 10:59:00+05:30,1512.4000244140625,1514.4000244140625,1507.0,1508.3499755859375,9629
2025-04-11 11:00:00+05:30,1511.5,1513.300048828125,1510.0,1512.9000244140625,2286
2025-04-11 11:01:00+05:30,1508.9000244140625,1510.0,1507.550048828125,1509.0,2996
2025-04-11 11:02:00+05:30,1509.0,1510.9000244140625,1509.0,1509.050048828125,1544
2025-04-11 11:03:00+05:30,1508.949951171875,1509.949951171875,1507.0,1509.949951171875,939
2025-04-11 11:04:00+05:30,1508.0,1509.0999755859375,1507.050048828125,1509.0999755859375,1582
2025-04-11 11:05:00+05:30,1507.6500244140625,1507.6500244140625,1505.3499755859375,1505.75,807
2025-04-11 11:06:00+05:30,1507.050048828125,1508.699951171875,1506.449951171875,1506.449951171875,573
2025-04-11 11:07:00+05:30,1508.5,1508.5,1507.050048828125,1507.050048828125,576
2025-04-11 11:08:00+05:30,1504.25,1507.4000244140625,1502.0999755859375,1506.5999755859375,4891
2025-04-11 11:09:00+05:30,1501.0999755859375,1503.800048828125,1501.0999755859375,1502.800048828125,2188
2025-04-11 11:10:00+05:30,1501.8499755859375,1502.1500244140625,1501.0,1501.0,1668
2025-04-11 11:11:00+05:30,1502.0,1503.1500244140625,1501.449951171875,1501.8499755859375,829
2025-04-11 11:12:00+05:30,1501.449951171875,1503.5,1501.1500244140625,1501.300048828125,1139
2025-04-11 11:13:00+05:30,1503.5,1503.5999755859375,1502.449951171875,1503.5999755859375,364
2025-04-11 11:14:00+05:30,1503.5,1503.5,1502.5,1502.5,0
2025-04-11 11:15:00+05:30,1505.699951171875,1505.699951171875,1503.8499755859375,1503.8499755859375,398
2025-04-11 11:16:00+05:30,1503.0,1503.75,1503.0,1503.75,326
2025-04-11 11:17:00+05:30,1501.199951171875,1503.449951171875,1501.199951171875,1503.3499755859375,979
2025-04-11 11:18:00+05:30,1500.5999755859375,1501.9000244140625,1499.949951171875,1501.1500244140625,983
2025-04-11 11:19:00+05:30,1501.0,1501.199951171875,1500.199951171875,1500.199951171875,116
2025-04-11 11:20:00+05:30,1500.8499755859375,1500.9000244140625,1500.8499755859375,1500.9000244140625,10
2025-04-11 11:21:00+05:30,1500.699951171875,1501.550048828125,1500.699951171875,1501.550048828125,82
2025-04-11 11:22:00+05:30,1501.8499755859375,1501.8499755859375,1500.800048828125,1500.800048828125,43
2025-04-11 11:23:00+05:30,1501.4000244140625,1502.75,1501.199951171875,1502.75,168
2025-04-11 11:24:00+05:30,1502.0,1502.75,1501.4000244140625,1501.4000244140625,283
2025-04-11 11:25:00+05:30,1502.6500244140625,1504.0,1501.8499755859375,1502.0999755859375,146
2025-04-11 11:26:00+05:30,1503.1500244140625,1504.0,1502.0,1502.6500244140625,707
2025-04-11 11:27:00+05:30,1502.8499755859375,1503.699951171875,1502.8499755859375,1503.699951171875,113
2025-04-11 11:28:00+05:30,1501.5,1502.050048828125,1501.5,1502.050048828125,223
2025-04-11 11:29:00+05:30,1506.3499755859375,1508.5,1501.5,1501.5,1729
2025-04-11 11:30:00+05:30,1503.5,1505.4000244140625,1502.199951171875,1505.4000244140625,1262
2025-04-11 11:31:00+05:30,1504.5,1504.5,1503.199951171875,1503.8499755859375,72
2025-04-11 11:32:00+05:30,1504.699951171875,1504.75,1503.8499755859375,1504.75,326
2025-04-11 11:33:00+05:30,1503.0,1504.3499755859375,1503.0,1504.050048828125,219
2025-04-11 11:34:00+05:30,1504.6500244140625,1504.6500244140625,1503.300048828125,1503.300048828125,214
2025-04-11 11:35:00+05:30,1505.449951171875,1505.449951171875,1504.0,1504.9000244140625,653
2025-04-11 11:36:00+05:30,1505.449951171875,1507.800048828125,1505.449951171875,1507.5,1444
2025-04-11 11:37:00+05:30,1505.5999755859375,1506.1500244140625,1504.5999755859375,1505.1500244140625,120
2025-04-11 11:38:00+05:30,1505.8499755859375,1506.0,1504.300048828125,1504.550048828125,644
2025-04-11 11:39:00+05:30,1504.6500244140625,1505.8499755859375,1504.6500244140625,1504.6500244140625,1331
2025-04-11 11:40:00+05:30,1503.75,1505.4000244140625,1503.3499755859375,1503.3499755859375,474
2025-04-11 11:41:00+05:30,1504.5,1506.050048828125,1504.050048828125,1504.050048828125,349
2025-04-11 11:42:00+05:30,1504.050048828125,1505.4000244140625,1503.1500244140625,1504.1500244140625,492
2025-04-11 11:43:00+05:30,1506.4000244140625,1507.0,1504.0999755859375,1504.0999755859375,924
2025-04-11 11:44:00+05:30,1504.199951171875,1506.300048828125,1504.199951171875,1506.300048828125,67
2025-04-11 11:45:00+05:30,1505.0,1505.0,1505.0,1505.0,110
2025-04-11 11:46:00+05:30,1506.300048828125,1507.75,1505.0,1505.4000244140625,100
2025-04-11 11:47:00+05:30,1501.800048828125,1506.8499755859375,1501.800048828125,1506.050048828125,1047
2025-04-11 11:48:00+05:30,1505.300048828125,1505.300048828125,1502.8499755859375,1502.8499755859375,922
2025-04-11 11:49:00+05:30,1503.6500244140625,1503.6500244140625,1500.0999755859375,1502.550048828125,20842
2025-04-11 11:50:00+05:30,1505.25,1507.800048828125,1500.8499755859375,1502.550048828125,2493
2025-04-11 11:51:00+05:30,1505.300048828125,1505.800048828125,1504.699951171875,1505.0,785
2025-04-11 11:52:00+05:30,1509.25,1509.25,1504.5,1505.300048828125,15507
2025-04-11 11:53:00+05:30,1509.9000244140625,1509.9000244140625,1506.199951171875,1509.300048828125,7732
2025-04-11 11:54:00+05:30,1505.4000244140625,1512.550048828125,1504.8499755859375,1508.949951171875,15624
2025-04-11 11:55:00+05:30,1505.5999755859375,1509.1500244140625,1504.5999755859375,1507.5999755859375,5003
2025-04-11 11:56:00+05:30,1502.199951171875,1505.550048828125,1502.199951171875,1504.6500244140625,19110
2025-04-11 11:57:00+05:30,1501.050048828125,1503.449951171875,1501.050048828125,1502.199951171875,10043
2025-04-11 11:58:00+05:30,1507.5,1508.6500244140625,1500.0,1501.050048828125,8586
2025-04-11 11:59:00+05:30,1509.300048828125,1509.949951171875,1506.949951171875,1508.5,9060
2025-04-11 12:00:00+05:30,1511.300048828125,1511.4000244140625,1509.0,1509.5999755859375,16246
2025-04-11 12:01:00+05:30,1507.550048828125,1513.4000244140625,1504.6500244140625,1511.699951171875,14729
2025-04-11 12:02:00+05:30,1505.050048828125,1508.949951171875,1505.0,1508.949951171875,2006
2025-04-11 12:03:00+05:30,1505.4000244140625,1506.199951171875,1502.1500244140625,1505.6500244140625,27155
2025-04-11 12:04:00+05:30,1505.75,1508.699951171875,1505.050048828125,1505.8499755859375,432
2025-04-11 12:05:00+05:30,1507.699951171875,1509.699951171875,1505.050048828125,1505.5999755859375,10397
2025-04-11 12:06:00+05:30,1505.4000244140625,1509.75,1503.3499755859375,1509.75,6843
2025-04-11 12:07:00+05:30,1505.0,1506.699951171875,1505.0,1506.4000244140625,885
2025-04-11 12:08:00+05:30,1502.9000244140625,1505.1500244140625,1502.050048828125,1504.75,901
2025-04-11 12:09:00+05:30,1500.9000244140625,1503.4000244140625,1500.5999755859375,1502.050048828125,1730
2025-04-11 12:10:00+05:30,1499.5,1501.3499755859375,1499.25,1500.0999755859375,404
2025-04-11 12:11:00+05:30,1500.25,1501.3499755859375,1499.550048828125,1500.0,449
2025-04-11 12:12:00+05:30,1502.5,1502.5,1499.0,1499.0,1688
2025-04-11 12:13:00+05:30,1501.0999755859375,1501.5999755859375,1500.0,1501.5999755859375,100
2025-04-11 12:14:00+05:30,1500.0,1500.5999755859375,1500.0,1500.1500244140625,160
2025-04-11 12:15:00+05:30,1500.0,1500.699951171875,1499.6500244140625,1500.0,350
2025-04-11 12:16:00+05:30,1500.0,1500.9000244140625,1499.5,1500.0,298
2025-04-11 12:17:00+05:30,1500.0,1500.3499755859375,1499.5,1500.3499755859375,88
2025-04-11 12:18:00+05:30,1498.300048828125,1500.0,1498.300048828125,1500.0,459
2025-04-11 12:19:00+05:30,1499.199951171875,1499.449951171875,1498.1500244140625,1499.3499755859375,201
2025-04-11 12:20:00+05:30,1499.0999755859375,1499.8499755859375,1498.699951171875,1499.0999755859375,383
2025-04-11 12:21:00+05:30,1497.5,1499.050048828125,1497.3499755859375,1498.300048828125,2021
2025-04-11 12:22:00+05:30,1498.1500244140625,1498.1500244140625,1497.199951171875,1497.199951171875,466
2025-04-11 12:23:00+05:30,1498.550048828125,1498.550048828125,1498.050048828125,1498.0999755859375,98
2025-04-11 12:24:00+05:30,1498.4000244140625,1499.050048828125,1497.5999755859375,1497.5999755859375,94
2025-04-11 12:25:00+05:30,1497.5,1498.800048828125,1497.199951171875,1498.5999755859375,218
2025-04-11 12:26:00+05:30,1498.5999755859375,1498.5999755859375,1497.199951171875,1497.5,90
2025-04-11 12:27:00+05:30,1497.800048828125,1498.25,1496.800048828125,1497.9000244140625,68
2025-04-11 12:28:00+05:30,1496.949951171875,1497.800048828125,1496.949951171875,1497.75,47
2025-04-11 12:29:00+05:30,1498.75,1499.0,1497.0,1497.0,636
2025-04-11 12:30:00+05:30,1499.5,1499.5,1498.75,1498.8499755859375,496
2025-04-11 12:31:00+05:30,1499.5,1499.5999755859375,1499.0999755859375,1499.0999755859375,48
2025-04-11 12:32:00+05:30,1498.949951171875,1499.449951171875,1497.699951171875,1499.449951171875,1156
2025-04-11 12:33:00+05:30,1498.5,1498.5999755859375,1497.5,1498.5999755859375,252
2025-04-11 12:34:00+05:30,1497.949951171875,1498.449951171875,1497.949951171875,1498.449951171875,22
2025-04-11 12:35:00+05:30,1498.4000244140625,1498.4000244140625,1497.949951171875,1498.0,259
2025-04-11 12:36:00+05:30,1497.699951171875,1498.4000244140625,1496.5999755859375,1498.3499755859375,148
2025-04-11 12:37:00+05:30,1497.5999755859375,1498.449951171875,1496.6500244140625,1497.9000244140625,398
2025-04-11 12:38:00+05:30,1497.6500244140625,1497.9000244140625,1496.75,1497.9000244140625,392
2025-04-11 12:39:00+05:30,1497.1500244140625,1497.6500244140625,1496.4000244140625,1496.4000244140625,403
2025-04-11 12:40:00+05:30,1497.800048828125,1498.5,1496.1500244140625,1497.300048828125,233
2025-04-11 12:41:00+05:30,1498.5999755859375,1498.699951171875,1497.949951171875,1497.949951171875,32
2025-04-11 12:42:00+05:30,1498.25,1498.5999755859375,1498.0999755859375,1498.5999755859375,87
2025-04-11 12:43:00+05:30,1498.8499755859375,1498.8499755859375,1498.050048828125,1498.0999755859375,52
2025-04-11 12:44:00+05:30,1497.0,1498.800048828125,1497.0,1498.800048828125,52
2025-04-11 12:45:00+05:30,1498.0999755859375,1498.1500244140625,1497.800048828125,1498.1500244140625,31
2025-04-11 12:46:00+05:30,1497.8499755859375,1498.75,1497.1500244140625,1498.1500244140625,181
2025-04-11 12:47:00+05:30,1498.5,1498.5,1497.800048828125,1497.949951171875,68
2025-04-11 12:48:00+05:30,1497.8499755859375,1498.5,1497.1500244140625,1498.5,64
2025-04-11 12:49:00+05:30,1499.4000244140625,1499.6500244140625,1498.050048828125,1499.6500244140625,1200
2025-04-11 12:50:00+05:30,1499.3499755859375,1499.4000244140625,1499.3499755859375,1499.4000244140625,33
2025-04-11 12:51:00+05:30,1500.0,1500.0,1499.25,1499.25,2040
2025-04-11 12:52:00+05:30,1499.0999755859375,1500.0,1499.0999755859375,1500.0,159
2025-04-11 12:53:00+05:30,1499.75,1500.0,1499.6500244140625,1499.6500244140625,29
2025-04-11 12:54:00+05:30,1499.699951171875,1500.0,1498.4000244140625,1498.4000244140625,268
2025-04-11 12:55:00+05:30,1499.3499755859375,1499.699951171875,1498.5999755859375,1499.6500244140625,19
2025-04-11 12:56:00+05:30,1499.5,1499.5,1499.199951171875,1499.5,42
2025-04-11 12:57:00+05:30,1499.4000244140625,1499.5,1498.3499755859375,1499.5,45
2025-04-11 12:58:00+05:30,1503.449951171875,1505.5,1497.6500244140625,1497.6500244140625,4907
2025-04-11 12:59:00+05:30,1502.25,1504.3499755859375,1502.0,1504.3499755859375,2380
2025-04-11 13:00:00+05:30,1502.0,1503.800048828125,1502.0,1502.75,189
2025-04-11 13:01:00+05:30,1502.0,1502.449951171875,1500.550048828125,1501.0999755859375,550
2025-04-11 13:02:00+05:30,1502.050048828125,1503.4000244140625,1502.050048828125,1502.3499755859375,134
2025-04-11 13:03:00+05:30,1500.0,1503.5999755859375,1500.0,1502.6500244140625,5260
2025-04-11 13:04:00+05:30,1499.550048828125,1500.0,1499.550048828125,1500.0,286
2025-04-11 13:05:00+05:30,1500.0,1500.0,1499.550048828125,1499.550048828125,11
2025-04-11 13:06:00+05:30,1499.0,1500.0,1499.0,1500.0,146
2025-04-11 13:07:00+05:30,1499.5999755859375,1499.8499755859375,1499.5999755859375,1499.800048828125,83
2025-04-11 13:08:00+05:30,1499.949951171875,1499.949951171875,1499.5,1499.699951171875,16
2025-04-11 13:09:00+05:30,1499.6500244140625,1499.75,1498.800048828125,1499.050048828125,1395
2025-04-11 13:10:00+05:30,1499.0999755859375,1499.8499755859375,1498.5,1499.800048828125,113
2025-04-11 13:11:00+05:30,1498.8499755859375,1499.949951171875,1498.449951171875,1499.699951171875,58
2025-04-11 13:12:00+05:30,1498.800048828125,1499.8499755859375,1498.550048828125,1499.5,134
2025-04-11 13:13:00+05:30,1499.449951171875,1499.75,1498.800048828125,1499.4000244140625,135
2025-04-11 13:14:00+05:30,1498.199951171875,1499.300048828125,1497.5999755859375,1498.800048828125,185
2025-04-11 13:15:00+05:30,1498.9000244140625,1499.300048828125,1498.9000244140625,1499.050048828125,35
2025-04-11 13:16:00+05:30,1498.949951171875,1498.949951171875,1497.4000244140625,1498.949951171875,49
2025-04-11 13:17:00+05:30,1498.8499755859375,1498.8499755859375,1498.75,1498.75,19
2025-04-11 13:18:00+05:30,1497.8499755859375,1498.8499755859375,1497.8499755859375,1498.8499755859375,27
2025-04-11 13:19:00+05:30,1496.25,1498.25,1496.25,1497.4000244140625,189
2025-04-11 13:20:00+05:30,1497.75,1497.75,1495.75,1496.25,1489
2025-04-11 13:21:00+05:30,1497.8499755859375,1498.0,1497.050048828125,1497.8499755859375,52
2025-04-11 13:22:00+05:30,1498.050048828125,1498.050048828125,1497.0999755859375,1498.0,135
2025-04-11 13:23:00+05:30,1497.8499755859375,1498.199951171875,1496.199951171875,1498.0999755859375,206
2025-04-11 13:24:00+05:30,1497.9000244140625,1498.300048828125,1497.9000244140625,1498.0,87
2025-04-11 13:25:00+05:30,1498.050048828125,1498.1500244140625,1498.050048828125,1498.0999755859375,11
2025-04-11 13:26:00+05:30,1497.449951171875,1498.25,1497.449951171875,1498.050048828125,28
2025-04-11 13:27:00+05:30,1496.0,1497.550048828125,1496.0,1497.050048828125,93
2025-04-11 13:28:00+05:30,1496.9000244140625,1497.5,1495.5,1497.4000244140625,744
2025-04-11 13:29:00+05:30,1497.0999755859375,1497.0999755859375,1496.8499755859375,1496.9000244140625,370
2025-04-11 13:30:00+05:30,1496.449951171875,1497.949951171875,1495.5,1497.5999755859375,341
2025-04-11 13:31:00+05:30,1495.949951171875,1496.449951171875,1494.75,1496.449951171875,295
2025-04-11 13:32:00+05:30,1496.75,1497.0,1496.050048828125,1496.050048828125,85
2025-04-11 13:33:00+05:30,1496.300048828125,1497.0,1496.050048828125,1497.0,67
2025-04-11 13:34:00+05:30,1492.5,1496.0999755859375,1492.5,1496.0999755859375,2047
2025-04-11 13:35:00+05:30,1496.300048828125,1496.300048828125,1492.550048828125,1492.550048828125,801
2025-04-11 13:36:00+05:30,1497.199951171875,1497.550048828125,1495.8499755859375,1495.8499755859375,218
2025-04-11 13:37:00+05:30,1496.550048828125,1496.949951171875,1495.300048828125,1495.300048828125,91
2025-04-11 13:38:00+05:30,1496.8499755859375,1496.8499755859375,1495.449951171875,1496.5999755859375,53
2025-04-11 13:39:00+05:30,1495.9000244140625,1496.949951171875,1495.9000244140625,1496.9000244140625,13
2025-04-11 13:40:00+05:30,1496.75,1496.9000244140625,1496.75,1496.9000244140625,132
2025-04-11 13:41:00+05:30,1496.550048828125,1496.75,1496.449951171875,1496.75,42
2025-04-11 13:42:00+05:30,1496.75,1496.75,1495.5999755859375,1496.5999755859375,13
2025-04-11 13:43:00+05:30,1496.0,1496.75,1495.300048828125,1496.75,64
2025-04-11 13:44:00+05:30,1495.9000244140625,1496.1500244140625,1495.25,1496.0,134
2025-04-11 13:45:00+05:30,1494.8499755859375,1496.1500244140625,1494.8499755859375,1496.1500244140625,148
2025-04-11 13:46:00+05:30,1495.0,1496.050048828125,1495.0,1495.5,138
2025-04-11 13:47:00+05:30,1495.8499755859375,1495.9000244140625,1495.8499755859375,1495.8499755859375,36
2025-04-11 13:48:00+05:30,1495.8499755859375,1495.9000244140625,1494.3499755859375,1495.8499755859375,24
2025-04-11 13:49:00+05:30,1494.199951171875,1495.9000244140625,1493.449951171875,1495.9000244140625,172
2025-04-11 13:50:00+05:30,1495.0,1495.699951171875,1493.550048828125,1495.699951171875,107
2025-04-11 13:51:00+05:30,1495.699951171875,1495.800048828125,1495.699951171875,1495.800048828125,76
2025-04-11 13:52:00+05:30,1495.6500244140625,1497.550048828125,1494.5,1494.5,334
2025-04-11 13:53:00+05:30,1493.699951171875,1495.3499755859375,1492.550048828125,1495.3499755859375,711
2025-04-11 13:54:00+05:30,1493.050048828125,1493.949951171875,1493.050048828125,1493.6500244140625,296
2025-04-11 13:55:00+05:30,1492.5999755859375,1494.75,1492.449951171875,1494.75,240
2025-04-11 13:56:00+05:30,1495.25,1496.0999755859375,1493.449951171875,1493.5,572
2025-04-11 13:57:00+05:30,1495.449951171875,1496.800048828125,1495.300048828125,1495.300048828125,122
2025-04-11 13:58:00+05:30,1495.3499755859375,1496.800048828125,1495.1500244140625,1496.4000244140625,126
2025-04-11 13:59:00+05:30,1496.0999755859375,1496.6500244140625,1495.1500244140625,1496.550048828125,361
2025-04-11 14:00:00+05:30,1498.4000244140625,1499.9000244140625,1494.800048828125,1494.800048828125,3456
2025-04-11 14:01:00+05:30,1497.0,1498.25,1495.5,1498.25,113
2025-04-11 14:02:00+05:30,1498.1500244140625,1498.1500244140625,1497.800048828125,1497.800048828125,32
2025-04-11 14:03:00+05:30,1497.6500244140625,1498.300048828125,1497.0,1498.300048828125,23
2025-04-11 14:04:00+05:30,1497.0,1497.9000244140625,1496.3499755859375,1497.9000244140625,42
2025-04-11 14:05:00+05:30,1497.300048828125,1497.550048828125,1496.25,1497.550048828125,393
2025-04-11 14:06:00+05:30,1496.949951171875,1498.0,1496.949951171875,1497.800048828125,398
2025-04-11 14:07:00+05:30,1497.050048828125,1497.75,1497.050048828125,1497.300048828125,40
2025-04-11 14:08:00+05:30,1497.6500244140625,1497.6500244140625,1496.550048828125,1496.550048828125,127
2025-04-11 14:09:00+05:30,1497.050048828125,1498.3499755859375,1497.0,1497.8499755859375,2658
2025-04-11 14:10:00+05:30,1497.0,1498.199951171875,1496.050048828125,1497.0,719
2025-04-11 14:11:00+05:30,1496.3499755859375,1497.6500244140625,1496.0,1496.3499755859375,411
2025-04-11 14:12:00+05:30,1497.4000244140625,1497.4000244140625,1496.050048828125,1496.4000244140625,221
2025-04-11 14:13:00+05:30,1497.199951171875,1497.199951171875,1496.0999755859375,1497.199951171875,24
2025-04-11 14:14:00+05:30,1497.199951171875,1497.199951171875,1496.050048828125,1496.050048828125,287
2025-04-11 14:15:00+05:30,1497.550048828125,1498.5,1496.949951171875,1498.300048828125,948
2025-04-11 14:16:00+05:30,1497.949951171875,1497.949951171875,1497.75,1497.75,128
2025-04-11 14:17:00+05:30,1497.0,1497.75,1497.0,1497.75,597
2025-04-11 14:18:00+05:30,1497.6500244140625,1497.6500244140625,1497.0,1497.6500244140625,119
2025-04-11 14:19:00+05:30,1497.3499755859375,1497.6500244140625,1496.5,1497.6500244140625,859
2025-04-11 14:20:00+05:30,1497.800048828125,1497.800048828125,1497.0,1497.3499755859375,224
2025-04-11 14:21:00+05:30,1497.050048828125,1497.800048828125,1497.050048828125,1497.800048828125,47
2025-04-11 14:22:00+05:30,1498.3499755859375,1498.4000244140625,1497.699951171875,1497.699951171875,364
2025-04-11 14:23:00+05:30,1500.050048828125,1501.800048828125,1497.449951171875,1497.449951171875,10262
2025-04-11 14:24:00+05:30,1501.0,1502.550048828125,1500.0,1500.0,1609
2025-04-11 14:25:00+05:30,1501.0,1502.0,1501.0,1502.0,593
2025-04-11 14:26:00+05:30,1501.5,1501.699951171875,1501.0,1501.0,394
2025-04-11 14:27:00+05:30,1501.0,1501.5,1501.0,1501.0,321
2025-04-11 14:28:00+05:30,1500.0,1501.1500244140625,1500.0,1501.0,2418
2025-04-11 14:29:00+05:30,1500.1500244140625,1500.6500244140625,1500.0,1500.3499755859375,2581
2025-04-11 14:30:00+05:30,1500.050048828125,1501.3499755859375,1500.0,1500.6500244140625,1517
2025-04-11 14:31:00+05:30,1500.9000244140625,1501.449951171875,1500.050048828125,1501.449951171875,268
2025-04-11 14:32:00+05:30,1500.75,1500.9000244140625,1500.6500244140625,1500.9000244140625,678
2025-04-11 14:33:00+05:30,1500.800048828125,1500.8499755859375,1500.050048828125,1500.8499755859375,391
2025-04-11 14:34:00+05:30,1500.0,1500.300048828125,1500.0,1500.0,270
2025-04-11 14:35:00+05:30,1500.0999755859375,1500.25,1500.0999755859375,1500.0999755859375,220
2025-04-11 14:36:00+05:30,1501.5,1501.5,1500.0,1500.0999755859375,491
2025-04-11 14:37:00+05:30,1500.449951171875,1501.5,1500.449951171875,1501.0999755859375,110
2025-04-11 14:38:00+05:30,1500.949951171875,1501.4000244140625,1500.050048828125,1501.1500244140625,297
2025-04-11 14:39:00+05:30,1500.800048828125,1500.800048828125,1500.0999755859375,1500.0999755859375,263
2025-04-11 14:40:00+05:30,1501.0,1501.4000244140625,1500.050048828125,1501.4000244140625,200
2025-04-11 14:41:00+05:30,1501.699951171875,1501.699951171875,1500.800048828125,1500.800048828125,170
2025-04-11 14:42:00+05:30,1504.800048828125,1505.800048828125,1501.75,1501.75,1504
2025-04-11 14:43:00+05:30,1504.699951171875,1504.75,1503.949951171875,1503.949951171875,292
2025-04-11 14:44:00+05:30,1506.3499755859375,1506.3499755859375,1505.1500244140625,1506.0,828
2025-04-11 14:45:00+05:30,1506.5999755859375,1507.199951171875,1505.4000244140625,1505.4000244140625,905
2025-04-11 14:46:00+05:30,1506.5999755859375,1507.550048828125,1505.550048828125,1507.550048828125,590
2025-04-11 14:47:00+05:30,1506.300048828125,1506.300048828125,1505.3499755859375,1506.300048828125,265
2025-04-11 14:48:00+05:30,1506.199951171875,1507.75,1506.199951171875,1506.300048828125,678
2025-04-11 14:49:00+05:30,1508.6500244140625,1509.0999755859375,1507.0,1507.0,1440
2025-04-11 14:50:00+05:30,1509.75,1509.800048828125,1508.0,1508.0,2560
2025-04-11 14:51:00+05:30,1506.949951171875,1508.5,1506.199951171875,1508.5,1120
2025-04-11 14:52:00+05:30,1506.75,1507.4000244140625,1506.75,1506.949951171875,590
2025-04-11 14:53:00+05:30,1507.5,1508.050048828125,1507.0999755859375,1507.199951171875,373
2025-04-11 14:54:00+05:30,1508.449951171875,1508.800048828125,1507.5,1507.5,114
2025-04-11 14:55:00+05:30,1508.0,1508.3499755859375,1507.949951171875,1508.0,626
2025-04-11 14:56:00+05:30,1506.699951171875,1507.800048828125,1506.050048828125,1507.800048828125,86
2025-04-11 14:57:00+05:30,1506.5,1507.699951171875,1506.0,1506.699951171875,718
2025-04-11 14:58:00+05:30,1501.949951171875,1505.300048828125,1501.4000244140625,1505.300048828125,2429
2025-04-11 14:59:00+05:30,1500.75,1501.800048828125,1499.5999755859375,1501.050048828125,1241
2025-04-11 15:00:00+05:30,1500.699951171875,1501.3499755859375,1500.0,1500.6500244140625,1589
2025-04-11 15:01:00+05:30,1501.550048828125,1502.050048828125,1500.4000244140625,1501.949951171875,1194
2025-04-11 15:02:00+05:30,1501.1500244140625,1502.199951171875,1500.050048828125,1501.0,1014
2025-04-11 15:03:00+05:30,1500.449951171875,1501.199951171875,1500.0,1500.0,809
2025-04-11 15:04:00+05:30,1500.9000244140625,1500.9000244140625,1500.0,1500.300048828125,1181
2025-04-11 15:05:00+05:30,1500.050048828125,1500.9000244140625,1500.0,1500.199951171875,922
2025-04-11 15:06:00+05:30,1501.25,1502.8499755859375,1500.8499755859375,1502.8499755859375,1113
2025-04-11 15:07:00+05:30,1501.8499755859375,1501.8499755859375,1501.0,1501.0,923
2025-04-11 15:08:00+05:30,1501.1500244140625,1501.699951171875,1500.800048828125,1501.300048828125,1545
2025-04-11 15:09:00+05:30,1505.449951171875,1505.449951171875,1500.949951171875,1501.0,3546
2025-04-11 15:10:00+05:30,1502.8499755859375,1505.3499755859375,1501.25,1505.3499755859375,1699
2025-04-11 15:11:00+05:30,1502.9000244140625,1503.0,1500.8499755859375,1502.949951171875,865
2025-04-11 15:12:00+05:30,1501.8499755859375,1503.4000244140625,1501.550048828125,1503.4000244140625,925
2025-04-11 15:13:00+05:30,1502.4000244140625,1502.9000244140625,1502.199951171875,1502.199951171875,1116
2025-04-11 15:14:00+05:30,1503.0,1503.3499755859375,1501.6500244140625,1502.300048828125,1176
2025-04-11 15:15:00+05:30,1500.3499755859375,1502.300048828125,1500.0,1501.8499755859375,1632
2025-04-11 15:16:00+05:30,1500.0,1502.0,1500.0,1501.3499755859375,2129
2025-04-11 15:17:00+05:30,1500.449951171875,1500.8499755859375,1500.0,1500.0,1597
2025-04-11 15:18:00+05:30,1500.4000244140625,1501.699951171875,1500.0,1500.0,4929
2025-04-11 15:19:00+05:30,1500.0,1501.199951171875,1500.0,1500.4000244140625,2728
2025-04-11 15:20:00+05:30,1500.550048828125,1501.4000244140625,1500.0,1500.0999755859375,2397
2025-04-11 15:21:00+05:30,1500.1500244140625,1501.5999755859375,1500.1500244140625,1500.6500244140625,1447
2025-04-11 15:22:00+05:30,1505.449951171875,1505.449951171875,1501.9000244140625,1501.9000244140625,2628
2025-04-11 15:23:00+05:30,1506.4000244140625,1506.4000244140625,1504.949951171875,1505.949951171875,2166
2025-04-11 15:24:00+05:30,1506.6500244140625,1507.4000244140625,1505.0,1505.0,4380
2025-04-11 15:25:00+05:30,1505.0,1506.3499755859375,1505.0,1506.3499755859375,2156
2025-04-11 15:26:00+05:30,1505.0,1505.1500244140625,1505.0,1505.1500244140625,1569
2025-04-11 15:27:00+05:30,1507.550048828125,1507.550048828125,1505.25,1505.25,6192
2025-04-11 15:28:00+05:30,1510.449951171875,1510.449951171875,1506.0,1506.0,6666
2025-04-11 15:29:00+05:30,1515.0,1516.0,1510.050048828125,1510.5999755859375,9771
2025-04-16 09:15:00+05:30,1502.5,1513.5999755859375,1500.0,1513.5999755859375,0
2025-04-16 09:16:00+05:30,1502.0999755859375,1502.0999755859375,1498.0,1501.300048828125,4132
2025-04-16 09:17:00+05:30,1504.5999755859375,1506.9000244140625,1502.5999755859375,1502.5999755859375,1774
2025-04-16 09:18:00+05:30,1503.0999755859375,1503.9000244140625,1501.800048828125,1503.9000244140625,1909
2025-04-16 09:19:00+05:30,1504.5,1505.699951171875,1503.699951171875,1503.699951171875,1954
2025-04-16 09:20:00+05:30,1506.800048828125,1506.800048828125,1504.0,1505.699951171875,2317
2025-04-16 09:21:00+05:30,1510.300048828125,1510.300048828125,1506.5999755859375,1508.0,2328
2025-04-16 09:22:00+05:30,1509.5999755859375,1510.5999755859375,1508.0,1509.5999755859375,1228
2025-04-16 09:23:00+05:30,1510.0,1510.300048828125,1508.199951171875,1509.300048828125,801
2025-04-16 09:24:00+05:30,1510.0,1511.9000244140625,1509.9000244140625,1510.300048828125,318
2025-04-16 09:25:00+05:30,1510.4000244140625,1510.699951171875,1510.199951171875,1510.699951171875,123
2025-04-16 09:26:00+05:30,1510.9000244140625,1511.5,1510.5,1511.5,624
2025-04-16 09:27:00+05:30,1509.9000244140625,1510.5,1507.5,1510.5,2161
2025-04-16 09:28:00+05:30,1510.4000244140625,1510.4000244140625,1509.9000244140625,1509.9000244140625,307
2025-04-16 09:29:00+05:30,1511.0999755859375,1511.0999755859375,1510.4000244140625,1510.5,544
2025-04-16 09:30:00+05:30,1512.199951171875,1512.300048828125,1511.0999755859375,1511.5,776
2025-04-16 09:31:00+05:30,1513.5,1514.0,1512.0999755859375,1512.0999755859375,624
2025-04-16 09:32:00+05:30,1516.0,1516.0,1513.800048828125,1513.800048828125,1138
2025-04-16 09:33:00+05:30,1520.5,1520.5,1517.0,1517.5999755859375,1632
2025-04-16 09:34:00+05:30,1520.0,1522.0,1520.0,1521.0999755859375,1221
2025-04-16 09:35:00+05:30,1519.300048828125,1519.300048828125,1518.4000244140625,1518.699951171875,1689
2025-04-16 09:36:00+05:30,1518.699951171875,1519.5,1518.5999755859375,1519.199951171875,669
2025-04-16 09:37:00+05:30,1508.4000244140625,1518.800048828125,1508.4000244140625,1518.800048828125,8164
2025-04-16 09:38:00+05:30,1508.5999755859375,1509.5999755859375,1508.4000244140625,1508.9000244140625,1072
2025-04-16 09:39:00+05:30,1503.199951171875,1510.0,1503.199951171875,1508.9000244140625,1699
2025-04-16 09:40:00+05:30,1505.199951171875,1505.4000244140625,1502.5,1502.5,7075
2025-04-16 09:41:00+05:30,1505.300048828125,1507.699951171875,1505.0,1506.5999755859375,151
2025-04-16 09:42:00+05:30,1502.0999755859375,1506.0,1502.0999755859375,1506.0,1293
2025-04-16 09:43:00+05:30,1503.0,1503.5999755859375,1502.0,1502.0999755859375,942
2025-04-16 09:44:00+05:30,1506.4000244140625,1506.4000244140625,1503.5999755859375,1503.5999755859375,381
2025-04-16 09:45:00+05:30,1503.300048828125,1503.5999755859375,1502.800048828125,1503.5999755859375,297
2025-04-16 09:46:00+05:30,1503.4000244140625,1503.4000244140625,1502.0,1502.800048828125,1016
2025-04-16 09:47:00+05:30,1504.199951171875,1504.199951171875,1504.0,1504.0,74
2025-04-16 09:48:00+05:30,1504.199951171875,1505.699951171875,1504.199951171875,1504.800048828125,51
2025-04-16 09:49:00+05:30,1503.0999755859375,1503.0999755859375,1501.0,1502.5999755859375,2782
2025-04-16 09:50:00+05:30,1501.4000244140625,1502.9000244140625,1501.4000244140625,1501.9000244140625,237
2025-04-16 09:51:00+05:30,1502.199951171875,1502.800048828125,1501.800048828125,1501.800048828125,298
2025-04-16 09:52:00+05:30,1503.300048828125,1503.300048828125,1502.0999755859375,1502.0999755859375,272
2025-04-16 09:53:00+05:30,1503.0,1503.9000244140625,1502.300048828125,1503.0,623
2025-04-16 09:54:00+05:30,1501.699951171875,1504.4000244140625,1501.699951171875,1504.4000244140625,1303
2025-04-16 09:55:00+05:30,1501.300048828125,1502.5999755859375,1501.199951171875,1501.199951171875,327
2025-04-16 09:56:00+05:30,1504.9000244140625,1504.9000244140625,1503.0999755859375,1503.0999755859375,1568
2025-04-16 09:57:00+05:30,1504.0999755859375,1505.699951171875,1503.9000244140625,1505.5999755859375,724
2025-04-16 09:58:00+05:30,1504.4000244140625,1504.800048828125,1504.4000244140625,1504.800048828125,142
2025-04-16 09:59:00+05:30,1504.9000244140625,1506.5,1504.0999755859375,1504.0999755859375,524
2025-04-16 10:00:00+05:30,1506.5,1506.5,1504.5,1504.5,240
2025-04-16 10:01:00+05:30,1505.199951171875,1506.199951171875,1504.4000244140625,1506.199951171875,397
2025-04-16 10:02:00+05:30,1505.5999755859375,1505.5999755859375,1505.199951171875,1505.4000244140625,57
2025-04-16 10:03:00+05:30,1505.199951171875,1505.5999755859375,1505.199951171875,1505.5999755859375,328
2025-04-16 10:04:00+05:30,1503.0999755859375,1505.300048828125,1503.0999755859375,1505.300048828125,425
2025-04-16 10:05:00+05:30,1504.699951171875,1504.699951171875,1502.4000244140625,1502.4000244140625,275
2025-04-16 10:06:00+05:30,1504.5999755859375,1506.300048828125,1504.4000244140625,1504.4000244140625,148
2025-04-16 10:07:00+05:30,1504.4000244140625,1504.4000244140625,1504.4000244140625,1504.4000244140625,21
2025-04-16 10:08:00+05:30,1504.5999755859375,1504.5999755859375,1504.5999755859375,1504.5999755859375,37
2025-04-16 10:09:00+05:30,1504.5999755859375,1505.4000244140625,1504.5999755859375,1505.4000244140625,269
2025-04-16 10:10:00+05:30,1504.699951171875,1504.699951171875,1503.0999755859375,1504.5999755859375,106
2025-04-16 10:11:00+05:30,1501.199951171875,1503.199951171875,1501.199951171875,1503.199951171875,257
2025-04-16 10:12:00+05:30,1504.4000244140625,1504.9000244140625,1501.9000244140625,1502.5,1279
2025-04-16 10:13:00+05:30,1504.5999755859375,1505.0,1503.9000244140625,1505.0,595
2025-04-16 10:14:00+05:30,1504.4000244140625,1504.4000244140625,1504.0999755859375,1504.0999755859375,92
2025-04-16 10:15:00+05:30,1503.0999755859375,1504.800048828125,1503.0999755859375,1504.699951171875,359
2025-04-16 10:16:00+05:30,1502.699951171875,1503.5999755859375,1502.5,1503.199951171875,251
2025-04-16 10:17:00+05:30,1500.0999755859375,1504.199951171875,1500.0999755859375,1502.300048828125,1213
2025-04-16 10:18:00+05:30,1501.0999755859375,1501.0999755859375,1500.0999755859375,1500.0999755859375,247
2025-04-16 10:19:00+05:30,1499.5999755859375,1501.0999755859375,1498.0,1501.0,3013
2025-04-16 10:20:00+05:30,1500.5,1500.5999755859375,1499.0999755859375,1500.0,774
2025-04-16 10:21:00+05:30,1499.300048828125,1499.5999755859375,1499.300048828125,1499.5999755859375,174
2025-04-16 10:22:00+05:30,1497.199951171875,1499.300048828125,1496.0999755859375,1499.300048828125,1846
2025-04-16 10:23:00+05:30,1496.5,1497.4000244140625,1496.5,1497.199951171875,384
2025-04-16 10:24:00+05:30,1497.0999755859375,1497.0999755859375,1496.5,1496.5,159
2025-04-16 10:25:00+05:30,1498.699951171875,1498.699951171875,1496.5,1496.5,676
2025-04-16 10:26:00+05:30,1497.699951171875,1497.9000244140625,1497.699951171875,1497.9000244140625,41
2025-04-16 10:27:00+05:30,1498.4000244140625,1498.4000244140625,1497.5999755859375,1497.5999755859375,315
2025-04-16 10:28:00+05:30,1498.4000244140625,1498.4000244140625,1497.699951171875,1497.699951171875,128
2025-04-16 10:29:00+05:30,1498.800048828125,1499.800048828125,1497.5999755859375,1497.5999755859375,297
2025-04-16 10:30:00+05:30,1499.4000244140625,1500.699951171875,1498.5999755859375,1499.0,1004
2025-04-16 10:31:00+05:30,1499.5,1499.9000244140625,1499.0,1499.0,88
2025-04-16 10:32:00+05:30,1500.5999755859375,1500.5999755859375,1500.4000244140625,1500.4000244140625,48
2025-04-16 10:33:00+05:30,1500.5,1501.5999755859375,1499.0999755859375,1501.5999755859375,670
2025-04-16 10:34:00+05:30,1503.800048828125,1504.5,1502.199951171875,1502.199951171875,537
2025-04-16 10:35:00+05:30,1502.300048828125,1503.9000244140625,1501.800048828125,1503.199951171875,473
2025-04-16 10:37:00+05:30,1502.9000244140625,1502.9000244140625,1502.800048828125,1502.800048828125,71
2025-04-16 10:38:00+05:30,1502.9000244140625,1502.9000244140625,1502.800048828125,1502.800048828125,13
2025-04-16 10:39:00+05:30,1503.9000244140625,1504.4000244140625,1502.9000244140625,1502.9000244140625,230
2025-04-16 10:40:00+05:30,1504.199951171875,1504.199951171875,1503.9000244140625,1504.0,268
2025-04-16 10:41:00+05:30,1503.9000244140625,1505.0,1503.9000244140625,1504.4000244140625,144
2025-04-16 10:42:00+05:30,1504.800048828125,1504.800048828125,1504.5999755859375,1504.5999755859375,46
2025-04-16 10:43:00+05:30,1504.800048828125,1504.800048828125,1504.800048828125,1504.800048828125,42
2025-04-16 10:44:00+05:30,1502.4000244140625,1504.9000244140625,1502.4000244140625,1504.800048828125,226
2025-04-16 10:45:00+05:30,1504.199951171875,1504.199951171875,1503.0,1503.300048828125,117
2025-04-16 10:46:00+05:30,1505.0,1505.0,1504.0,1504.0,79
2025-04-16 10:47:00+05:30,1506.4000244140625,1506.4000244140625,1504.300048828125,1504.300048828125,572
2025-04-16 10:48:00+05:30,1505.4000244140625,1506.199951171875,1505.4000244140625,1506.199951171875,22
2025-04-16 10:49:00+05:30,1504.4000244140625,1505.4000244140625,1502.9000244140625,1505.4000244140625,470
2025-04-16 10:50:00+05:30,1504.0,1504.0999755859375,1504.0,1504.0999755859375,24
2025-04-16 10:51:00+05:30,1505.4000244140625,1505.4000244140625,1504.0,1504.0,46
2025-04-16 10:52:00+05:30,1504.0999755859375,1504.0999755859375,1504.0,1504.0,22
2025-04-16 10:53:00+05:30,1504.0,1504.0,1504.0,1504.0,23
2025-04-16 10:54:00+05:30,1502.800048828125,1504.5,1502.4000244140625,1504.0,35
2025-04-16 10:55:00+05:30,1504.300048828125,1504.300048828125,1502.5,1502.5,674
2025-04-16 10:56:00+05:30,1502.199951171875,1504.5,1501.5,1504.5,113
2025-04-16 10:57:00+05:30,1502.9000244140625,1503.0999755859375,1502.0,1502.0,119
2025-04-16 10:58:00+05:30,1501.199951171875,1502.199951171875,1501.0,1501.800048828125,197
2025-04-16 10:59:00+05:30,1501.699951171875,1502.300048828125,1501.300048828125,1501.300048828125,418
2025-04-16 11:00:00+05:30,1504.199951171875,1504.199951171875,1502.199951171875,1502.199951171875,806
2025-04-16 11:01:00+05:30,1503.300048828125,1504.199951171875,1503.300048828125,1503.300048828125,14
2025-04-16 11:02:00+05:30,1501.699951171875,1504.0,1501.699951171875,1503.300048828125,428
2025-04-16 11:03:00+05:30,1502.5,1503.300048828125,1501.4000244140625,1503.300048828125,62
2025-04-16 11:04:00+05:30,1502.300048828125,1502.300048828125,1502.0999755859375,1502.0999755859375,54
2025-04-16 11:05:00+05:30,1503.5999755859375,1504.300048828125,1503.5999755859375,1503.9000244140625,5
2025-04-16 11:06:00+05:30,1503.800048828125,1504.4000244140625,1502.699951171875,1504.4000244140625,228
2025-04-16 11:08:00+05:30,1503.0999755859375,1503.0999755859375,1503.0999755859375,1503.0999755859375,7
2025-04-16 11:09:00+05:30,1505.300048828125,1505.300048828125,1504.9000244140625,1504.9000244140625,692
2025-04-16 11:10:00+05:30,1503.800048828125,1506.800048828125,1503.800048828125,1506.4000244140625,624
2025-04-16 11:11:00+05:30,1503.9000244140625,1503.9000244140625,1503.9000244140625,1503.9000244140625,59
2025-04-16 11:12:00+05:30,1506.300048828125,1506.300048828125,1504.9000244140625,1504.9000244140625,87
2025-04-16 11:13:00+05:30,1504.9000244140625,1504.9000244140625,1504.9000244140625,1504.9000244140625,12
2025-04-16 11:14:00+05:30,1503.699951171875,1504.9000244140625,1503.5,1504.9000244140625,136
2025-04-16 11:15:00+05:30,1506.199951171875,1506.199951171875,1504.0999755859375,1504.0999755859375,16
2025-04-16 11:16:00+05:30,1506.4000244140625,1509.4000244140625,1506.4000244140625,1508.699951171875,3126
2025-04-16 11:17:00+05:30,1508.300048828125,1510.0,1506.699951171875,1506.699951171875,223
2025-04-16 11:18:00+05:30,1508.800048828125,1510.0,1508.0999755859375,1508.0999755859375,259
2025-04-16 11:19:00+05:30,1509.300048828125,1509.300048828125,1508.699951171875,1508.800048828125,214
2025-04-16 11:20:00+05:30,1509.4000244140625,1509.4000244140625,1508.0999755859375,1508.699951171875,172
2025-04-16 11:21:00+05:30,1511.199951171875,1511.199951171875,1509.699951171875,1509.699951171875,207
2025-04-16 11:22:00+05:30,1511.9000244140625,1511.9000244140625,1510.300048828125,1511.699951171875,1572
2025-04-16 11:23:00+05:30,1511.0,1512.300048828125,1511.0,1512.0,61
2025-04-16 11:24:00+05:30,1509.0999755859375,1511.699951171875,1509.0999755859375,1511.699951171875,149
2025-04-16 11:26:00+05:30,1509.9000244140625,1509.9000244140625,1509.9000244140625,1509.9000244140625,14
2025-04-16 11:27:00+05:30,1509.800048828125,1509.800048828125,1509.800048828125,1509.800048828125,5
2025-04-16 11:28:00+05:30,1510.5999755859375,1510.9000244140625,1510.0,1510.0,26
2025-04-16 11:29:00+05:30,1510.5999755859375,1511.800048828125,1510.5999755859375,1511.699951171875,32
2025-04-16 11:30:00+05:30,1510.5,1510.699951171875,1510.5,1510.699951171875,108
2025-04-16 11:31:00+05:30,1510.5,1510.5,1510.5,1510.5,9
2025-04-16 11:32:00+05:30,1510.4000244140625,1510.5,1510.0,1510.5,403
2025-04-16 11:33:00+05:30,1511.0999755859375,1511.0999755859375,1510.300048828125,1510.300048828125,139
2025-04-16 11:34:00+05:30,1511.0999755859375,1512.0,1511.0999755859375,1511.0999755859375,251
2025-04-16 11:35:00+05:30,1511.699951171875,1511.699951171875,1511.199951171875,1511.199951171875,178
2025-04-16 11:36:00+05:30,1512.5,1512.5,1511.699951171875,1511.699951171875,2472
2025-04-16 11:37:00+05:30,1512.199951171875,1512.5,1511.4000244140625,1512.5,154
2025-04-16 11:38:00+05:30,1512.0999755859375,1512.4000244140625,1511.0,1512.300048828125,312
2025-04-16 11:39:00+05:30,1511.0,1511.4000244140625,1511.0,1511.4000244140625,54
2025-04-16 11:40:00+05:30,1510.300048828125,1511.0,1509.5,1511.0,2927
2025-04-16 11:41:00+05:30,1510.4000244140625,1510.4000244140625,1510.300048828125,1510.300048828125,64
2025-04-16 11:42:00+05:30,1511.300048828125,1512.0,1511.199951171875,1511.4000244140625,151
2025-04-16 11:43:00+05:30,1511.5999755859375,1512.0,1511.5999755859375,1512.0,22
2025-04-16 11:44:00+05:30,1511.5999755859375,1511.699951171875,1511.5999755859375,1511.699951171875,106
2025-04-16 11:45:00+05:30,1512.4000244140625,1512.4000244140625,1512.4000244140625,1512.4000244140625,56
2025-04-16 11:46:00+05:30,1512.5999755859375,1512.5999755859375,1512.5999755859375,1512.5999755859375,1
2025-04-16 11:47:00+05:30,1511.5999755859375,1512.199951171875,1511.300048828125,1512.199951171875,301
2025-04-16 11:48:00+05:30,1512.0,1512.0,1511.699951171875,1511.699951171875,5
2025-04-16 11:49:00+05:30,1511.4000244140625,1511.9000244140625,1511.4000244140625,1511.9000244140625,5
2025-04-16 11:50:00+05:30,1512.199951171875,1512.199951171875,1511.4000244140625,1511.4000244140625,148
2025-04-16 11:51:00+05:30,1512.199951171875,1512.199951171875,1512.199951171875,1512.199951171875,25
2025-04-16 11:52:00+05:30,1511.4000244140625,1513.300048828125,1511.4000244140625,1512.0,327
2025-04-16 11:53:00+05:30,1511.0,1511.0,1511.0,1511.0,13
2025-04-16 11:54:00+05:30,1510.5999755859375,1510.5999755859375,1510.5999755859375,1510.5999755859375,43
2025-04-16 11:55:00+05:30,1510.5,1510.5,1510.0,1510.0,165
2025-04-16 11:56:00+05:30,1510.9000244140625,1510.9000244140625,1510.0,1510.0,185
2025-04-16 11:57:00+05:30,1505.800048828125,1509.199951171875,1504.300048828125,1509.199951171875,3051
2025-04-16 11:58:00+05:30,1508.5,1508.5,1506.0999755859375,1507.699951171875,277
2025-04-16 11:59:00+05:30,1507.699951171875,1509.199951171875,1506.699951171875,1506.699951171875,244
2025-04-16 12:00:00+05:30,1507.0999755859375,1508.9000244140625,1507.0999755859375,1507.4000244140625,113
2025-04-16 12:01:00+05:30,1508.0,1508.9000244140625,1506.9000244140625,1507.4000244140625,253
2025-04-16 12:02:00+05:30,1508.0999755859375,1509.199951171875,1508.0999755859375,1508.5999755859375,320
2025-04-16 12:03:00+05:30,1509.5,1509.5,1508.699951171875,1508.699951171875,142
2025-04-16 12:04:00+05:30,1508.199951171875,1509.300048828125,1507.800048828125,1507.800048828125,290
2025-04-16 12:05:00+05:30,1508.300048828125,1508.9000244140625,1508.0,1508.199951171875,118
2025-04-16 12:06:00+05:30,1508.0,1509.0999755859375,1508.0,1508.5,108
2025-04-16 12:07:00+05:30,1507.800048828125,1509.800048828125,1507.800048828125,1508.0999755859375,80
2025-04-16 12:08:00+05:30,1508.699951171875,1509.199951171875,1507.699951171875,1507.9000244140625,134
2025-04-16 12:09:00+05:30,1509.0,1509.300048828125,1507.5999755859375,1508.5999755859375,155
2025-04-16 12:10:00+05:30,1507.800048828125,1509.199951171875,1507.800048828125,1509.0,182
2025-04-16 12:11:00+05:30,1508.199951171875,1509.4000244140625,1507.5999755859375,1507.800048828125,324
2025-04-16 12:12:00+05:30,1509.0999755859375,1509.5999755859375,1508.0999755859375,1509.0,139
2025-04-16 12:13:00+05:30,1510.0,1510.0,1508.5999755859375,1508.800048828125,258
2025-04-16 12:14:00+05:30,1509.199951171875,1509.9000244140625,1508.5,1508.5999755859375,431
2025-04-16 12:15:00+05:30,1508.699951171875,1509.9000244140625,1508.0999755859375,1509.800048828125,164
2025-04-16 12:16:00+05:30,1509.800048828125,1509.800048828125,1508.5999755859375,1508.5999755859375,163
2025-04-16 12:17:00+05:30,1509.0,1509.9000244140625,1508.800048828125,1509.199951171875,173
2025-04-16 12:18:00+05:30,1510.0,1511.300048828125,1508.9000244140625,1509.0,393
2025-04-16 12:19:00+05:30,1511.0999755859375,1511.0999755859375,1509.0999755859375,1510.5,168
2025-04-16 12:20:00+05:30,1509.0,1510.199951171875,1508.5999755859375,1509.4000244140625,145
2025-04-16 12:21:00+05:30,1508.699951171875,1510.0,1508.5999755859375,1509.0,373
2025-04-16 12:22:00+05:30,1509.4000244140625,1510.4000244140625,1508.4000244140625,1509.4000244140625,138
2025-04-16 12:23:00+05:30,1509.4000244140625,1510.800048828125,1508.699951171875,1510.699951171875,93
2025-04-16 12:24:00+05:30,1509.5,1510.4000244140625,1509.0,1509.300048828125,152
2025-04-16 12:25:00+05:30,1508.800048828125,1509.5999755859375,1508.199951171875,1509.5999755859375,139
2025-04-16 12:26:00+05:30,1508.699951171875,1510.300048828125,1508.5,1509.5999755859375,286
2025-04-16 12:27:00+05:30,1509.0,1510.0999755859375,1508.5999755859375,1509.300048828125,124
2025-04-16 12:28:00+05:30,1510.300048828125,1510.300048828125,1508.699951171875,1509.9000244140625,123
2025-04-16 12:29:00+05:30,1509.800048828125,1510.0999755859375,1509.0999755859375,1509.699951171875,138
2025-04-16 12:30:00+05:30,1509.0999755859375,1511.0,1509.0999755859375,1509.0999755859375,209
2025-04-16 12:31:00+05:30,1508.199951171875,1510.199951171875,1508.199951171875,1508.5,237
2025-04-16 12:32:00+05:30,1509.199951171875,1509.9000244140625,1508.5,1509.9000244140625,120
2025-04-16 12:33:00+05:30,1509.0,1509.9000244140625,1508.199951171875,1509.300048828125,203
2025-04-16 12:34:00+05:30,1509.4000244140625,1510.300048828125,1507.5,1509.0,121
2025-04-16 12:35:00+05:30,1509.699951171875,1509.800048828125,1509.0,1509.300048828125,252
2025-04-16 12:36:00+05:30,1508.0999755859375,1510.0999755859375,1508.0999755859375,1509.199951171875,880
2025-04-16 12:37:00+05:30,1509.800048828125,1509.800048828125,1508.199951171875,1508.199951171875,160
2025-04-16 12:38:00+05:30,1509.5999755859375,1509.9000244140625,1508.199951171875,1509.9000244140625,164
2025-04-16 12:39:00+05:30,1509.300048828125,1509.9000244140625,1508.5,1508.5,116
2025-04-16 12:40:00+05:30,1509.0999755859375,1509.5999755859375,1508.300048828125,1508.9000244140625,788
2025-04-16 12:41:00+05:30,1508.699951171875,1509.699951171875,1507.699951171875,1508.4000244140625,128
2025-04-16 12:42:00+05:30,1509.0,1509.0,1507.699951171875,1508.9000244140625,171
2025-04-16 12:43:00+05:30,1509.0,1509.199951171875,1508.0,1508.4000244140625,103
2025-04-16 12:44:00+05:30,1509.0999755859375,1509.0999755859375,1508.0,1508.4000244140625,104
2025-04-16 12:45:00+05:30,1508.5,1509.0999755859375,1508.199951171875,1508.5,91
2025-04-16 12:46:00+05:30,1509.0,1509.5,1508.0999755859375,1508.9000244140625,121
2025-04-16 12:47:00+05:30,1508.5,1508.699951171875,1508.199951171875,1508.5999755859375,93
2025-04-16 12:48:00+05:30,1508.800048828125,1509.4000244140625,1508.0,1509.4000244140625,369
2025-04-16 12:49:00+05:30,1508.5999755859375,1509.0999755859375,1507.800048828125,1508.199951171875,99
2025-04-16 12:50:00+05:30,1508.5999755859375,1508.800048828125,1507.800048828125,1508.0,98
2025-04-16 12:51:00+05:30,1508.0999755859375,1508.800048828125,1508.0999755859375,1508.300048828125,187
2025-04-16 12:52:00+05:30,1508.300048828125,1509.800048828125,1507.699951171875,1507.800048828125,244
2025-04-16 12:53:00+05:30,1510.4000244140625,1510.4000244140625,1508.0,1508.300048828125,604
2025-04-16 12:54:00+05:30,1508.800048828125,1510.4000244140625,1508.5999755859375,1510.4000244140625,163
2025-04-16 12:55:00+05:30,1508.5999755859375,1509.699951171875,1508.4000244140625,1508.699951171875,126
2025-04-16 12:56:00+05:30,1508.199951171875,1509.300048828125,1508.199951171875,1508.9000244140625,102
2025-04-16 12:57:00+05:30,1508.199951171875,1509.5,1508.0999755859375,1509.0,524
2025-04-16 12:58:00+05:30,1508.199951171875,1508.699951171875,1507.800048828125,1508.699951171875,112
2025-04-16 12:59:00+05:30,1508.800048828125,1509.0,1507.699951171875,1508.699951171875,136
2025-04-16 13:00:00+05:30,1507.4000244140625,1509.0,1507.199951171875,1508.300048828125,400
2025-04-16 13:01:00+05:30,1507.5,1508.699951171875,1507.199951171875,1508.699951171875,309
2025-04-16 13:02:00+05:30,1507.699951171875,1509.0,1507.199951171875,1508.4000244140625,104
2025-04-16 13:03:00+05:30,1508.199951171875,1508.199951171875,1506.4000244140625,1507.5999755859375,111
2025-04-16 13:04:00+05:30,1508.0999755859375,1508.0999755859375,1506.9000244140625,1506.9000244140625,219
2025-04-16 13:05:00+05:30,1507.800048828125,1508.5999755859375,1506.4000244140625,1508.5999755859375,265
2025-04-16 13:06:00+05:30,1507.300048828125,1508.5999755859375,1507.0999755859375,1507.5,135
2025-04-16 13:07:00+05:30,1507.0,1507.800048828125,1506.699951171875,1507.0999755859375,103
2025-04-16 13:08:00+05:30,1507.199951171875,1507.5,1506.699951171875,1507.5,83
2025-04-16 13:09:00+05:30,1507.0999755859375,1507.800048828125,1506.300048828125,1507.800048828125,241
2025-04-16 13:10:00+05:30,1509.0,1509.0,1506.5999755859375,1507.4000244140625,421
2025-04-16 13:11:00+05:30,1506.5999755859375,1508.800048828125,1506.5999755859375,1508.800048828125,719
2025-04-16 13:12:00+05:30,1508.0999755859375,1508.0999755859375,1506.5,1506.800048828125,141
2025-04-16 13:13:00+05:30,1507.5,1508.0999755859375,1506.5,1507.0999755859375,527
2025-04-16 13:14:00+05:30,1508.4000244140625,1508.800048828125,1507.5,1508.5,219
2025-04-16 13:15:00+05:30,1508.5,1509.0,1508.0,1508.0,141
2025-04-16 13:16:00+05:30,1506.699951171875,1508.800048828125,1506.699951171875,1508.800048828125,146
2025-04-16 13:17:00+05:30,1507.9000244140625,1508.4000244140625,1506.5,1508.0,352
2025-04-16 13:18:00+05:30,1506.5999755859375,1507.5999755859375,1506.5,1507.199951171875,114
2025-04-16 13:19:00+05:30,1506.0999755859375,1507.800048828125,1506.0999755859375,1507.4000244140625,148
2025-04-16 13:20:00+05:30,1506.300048828125,1506.5,1505.9000244140625,1506.199951171875,124
2025-04-16 13:21:00+05:30,1506.800048828125,1506.800048828125,1505.0,1506.199951171875,296
2025-04-16 13:22:00+05:30,1505.0,1506.800048828125,1505.0,1506.800048828125,255
2025-04-16 13:23:00+05:30,1506.0,1506.0,1504.199951171875,1505.5,397
2025-04-16 13:24:00+05:30,1504.800048828125,1505.9000244140625,1504.4000244140625,1505.9000244140625,144
2025-04-16 13:25:00+05:30,1505.5999755859375,1506.0,1504.5999755859375,1505.4000244140625,132
2025-04-16 13:26:00+05:30,1505.0999755859375,1506.0999755859375,1504.0,1506.0,231
2025-04-16 13:27:00+05:30,1502.9000244140625,1505.300048828125,1502.199951171875,1505.300048828125,473
2025-04-16 13:28:00+05:30,1500.0,1503.4000244140625,1499.300048828125,1502.199951171875,1776
2025-04-16 13:29:00+05:30,1499.9000244140625,1500.0,1498.699951171875,1500.0,173
2025-04-16 13:30:00+05:30,1497.0999755859375,1500.0,1495.9000244140625,1500.0,4412
2025-04-16 13:31:00+05:30,1492.5,1498.0,1490.5,1497.199951171875,2121
2025-04-16 13:32:00+05:30,1494.4000244140625,1495.0,1492.0,1492.800048828125,444
2025-04-16 13:33:00+05:30,1493.199951171875,1494.4000244140625,1493.199951171875,1494.300048828125,325
2025-04-16 13:34:00+05:30,1493.9000244140625,1494.9000244140625,1492.4000244140625,1493.4000244140625,1001
2025-04-16 13:35:00+05:30,1494.5,1494.5,1494.5,1494.5,116
2025-04-16 13:36:00+05:30,1494.0999755859375,1495.0,1492.300048828125,1494.5,756
2025-04-16 13:37:00+05:30,1494.5,1494.9000244140625,1493.199951171875,1493.199951171875,86
2025-04-16 13:38:00+05:30,1495.0,1495.0,1494.5,1494.5,350
2025-04-16 13:39:00+05:30,1494.5,1494.800048828125,1494.5,1494.699951171875,123
2025-04-16 13:40:00+05:30,1495.0,1495.0,1494.5,1494.5,173
2025-04-16 13:41:00+05:30,1494.800048828125,1494.9000244140625,1494.800048828125,1494.800048828125,1134
2025-04-16 13:42:00+05:30,1501.9000244140625,1501.9000244140625,1494.9000244140625,1495.0,1471
2025-04-16 13:43:00+05:30,1499.699951171875,1502.9000244140625,1497.199951171875,1501.800048828125,1431
2025-04-16 13:44:00+05:30,1501.0,1502.5999755859375,1499.0999755859375,1500.699951171875,386
2025-04-16 13:45:00+05:30,1502.199951171875,1502.699951171875,1501.5999755859375,1502.199951171875,136
2025-04-16 13:46:00+05:30,1502.5999755859375,1502.9000244140625,1501.5999755859375,1501.9000244140625,139
2025-04-16 13:47:00+05:30,1500.800048828125,1503.4000244140625,1500.800048828125,1502.5999755859375,113
2025-04-16 13:48:00+05:30,1503.9000244140625,1504.0,1502.800048828125,1502.800048828125,169
2025-04-16 13:49:00+05:30,1502.5,1504.300048828125,1501.699951171875,1504.300048828125,264
2025-04-16 13:50:00+05:30,1502.199951171875,1503.300048828125,1501.5999755859375,1503.300048828125,125
2025-04-16 13:51:00+05:30,1503.9000244140625,1503.9000244140625,1501.300048828125,1502.5,461
2025-04-16 13:52:00+05:30,1504.300048828125,1505.5999755859375,1503.9000244140625,1503.9000244140625,282
2025-04-16 13:53:00+05:30,1504.300048828125,1505.5999755859375,1503.5999755859375,1504.800048828125,152
2025-04-16 13:54:00+05:30,1503.199951171875,1504.800048828125,1502.5999755859375,1504.300048828125,97
2025-04-16 13:55:00+05:30,1503.9000244140625,1504.0999755859375,1503.0999755859375,1503.0999755859375,284
2025-04-16 13:56:00+05:30,1503.5999755859375,1504.199951171875,1502.9000244140625,1503.199951171875,95
2025-04-16 13:57:00+05:30,1506.800048828125,1507.0,1503.5999755859375,1503.9000244140625,275
2025-04-16 13:58:00+05:30,1507.0,1507.199951171875,1506.5999755859375,1506.800048828125,258
2025-04-16 13:59:00+05:30,1505.9000244140625,1506.699951171875,1505.300048828125,1505.300048828125,363
2025-04-16 14:00:00+05:30,1506.800048828125,1506.800048828125,1505.0,1505.5,152
2025-04-16 14:01:00+05:30,1507.0,1507.199951171875,1506.300048828125,1506.800048828125,127
2025-04-16 14:02:00+05:30,1506.699951171875,1507.800048828125,1506.300048828125,1507.699951171875,329
2025-04-16 14:03:00+05:30,1505.4000244140625,1505.699951171875,1504.4000244140625,1505.199951171875,132
2025-04-16 14:04:00+05:30,1503.800048828125,1504.4000244140625,1503.699951171875,1504.0999755859375,133
2025-04-16 14:05:00+05:30,1506.0999755859375,1506.300048828125,1504.5,1505.0,101
2025-04-16 14:06:00+05:30,1505.199951171875,1506.4000244140625,1504.300048828125,1505.699951171875,235
2025-04-16 14:07:00+05:30,1505.800048828125,1505.9000244140625,1504.800048828125,1505.9000244140625,354
2025-04-16 14:08:00+05:30,1507.0,1507.0,1505.699951171875,1505.699951171875,166
2025-04-16 14:09:00+05:30,1507.5999755859375,1507.5999755859375,1506.199951171875,1506.9000244140625,207
2025-04-16 14:10:00+05:30,1505.5,1508.0,1505.5,1507.800048828125,169
2025-04-16 14:11:00+05:30,1506.5,1507.0,1505.699951171875,1505.699951171875,101
2025-04-16 14:12:00+05:30,1506.800048828125,1506.9000244140625,1504.5999755859375,1506.0,193
2025-04-16 14:13:00+05:30,1507.9000244140625,1508.0,1505.800048828125,1507.300048828125,370
2025-04-16 14:14:00+05:30,1508.9000244140625,1509.300048828125,1507.5999755859375,1508.5999755859375,318
2025-04-16 14:15:00+05:30,1507.699951171875,1508.699951171875,1506.0999755859375,1506.9000244140625,134
2025-04-16 14:16:00+05:30,1505.9000244140625,1508.5999755859375,1505.9000244140625,1508.0999755859375,171
2025-04-16 14:17:00+05:30,1507.800048828125,1507.800048828125,1506.199951171875,1506.4000244140625,135
2025-04-16 14:18:00+05:30,1507.300048828125,1507.9000244140625,1506.9000244140625,1507.9000244140625,151
2025-04-16 14:19:00+05:30,1507.699951171875,1507.9000244140625,1506.5999755859375,1506.5999755859375,130
2025-04-16 14:20:00+05:30,1506.199951171875,1508.300048828125,1506.199951171875,1508.199951171875,219
2025-04-16 14:21:00+05:30,1506.199951171875,1507.4000244140625,1506.199951171875,1507.4000244140625,189
2025-04-16 14:22:00+05:30,1504.699951171875,1507.699951171875,1504.699951171875,1506.5999755859375,825
2025-04-16 14:23:00+05:30,1506.9000244140625,1507.4000244140625,1505.800048828125,1505.800048828125,205
2025-04-16 14:24:00+05:30,1506.4000244140625,1507.0999755859375,1504.800048828125,1507.0999755859375,306
2025-04-16 14:25:00+05:30,1506.199951171875,1506.5,1504.699951171875,1505.9000244140625,141
2025-04-16 14:26:00+05:30,1505.300048828125,1506.699951171875,1504.4000244140625,1506.699951171875,320
2025-04-16 14:27:00+05:30,1505.0999755859375,1507.199951171875,1504.9000244140625,1505.9000244140625,247
2025-04-16 14:28:00+05:30,1504.5,1506.699951171875,1504.5,1506.4000244140625,112
2025-04-16 14:29:00+05:30,1507.0999755859375,1507.0999755859375,1504.4000244140625,1504.699951171875,1084
2025-04-16 14:30:00+05:30,1506.5999755859375,1507.9000244140625,1506.0999755859375,1506.5999755859375,449
2025-04-16 14:31:00+05:30,1507.9000244140625,1507.9000244140625,1506.0,1506.0,262
2025-04-16 14:32:00+05:30,1506.5999755859375,1507.300048828125,1505.699951171875,1505.699951171875,216
2025-04-16 14:33:00+05:30,1505.800048828125,1507.5,1505.800048828125,1506.300048828125,486
2025-04-16 14:34:00+05:30,1506.4000244140625,1506.699951171875,1504.0999755859375,1505.9000244140625,317
2025-04-16 14:35:00+05:30,1504.699951171875,1505.5,1504.699951171875,1505.300048828125,104
2025-04-16 14:36:00+05:30,1506.0999755859375,1506.0999755859375,1504.699951171875,1504.699951171875,206
2025-04-16 14:37:00+05:30,1506.4000244140625,1506.800048828125,1506.0999755859375,1506.0999755859375,135
2025-04-16 14:38:00+05:30,1505.300048828125,1506.0999755859375,1504.300048828125,1506.0999755859375,206
2025-04-16 14:39:00+05:30,1507.0999755859375,1507.0999755859375,1504.9000244140625,1504.9000244140625,181
2025-04-16 14:40:00+05:30,1509.9000244140625,1509.9000244140625,1507.0999755859375,1507.300048828125,2779
2025-04-16 14:41:00+05:30,1509.300048828125,1510.5999755859375,1508.0999755859375,1509.800048828125,267
2025-04-16 14:42:00+05:30,1516.800048828125,1518.300048828125,1509.9000244140625,1510.5,2994
2025-04-16 14:43:00+05:30,1519.0999755859375,1519.699951171875,1515.300048828125,1515.300048828125,3230
2025-04-16 14:44:00+05:30,1525.699951171875,1526.9000244140625,1518.0999755859375,1519.0,9307
2025-04-16 14:45:00+05:30,1522.0,1525.699951171875,1522.0,1525.699951171875,5959
2025-04-16 14:46:00+05:30,1517.4000244140625,1531.4000244140625,1517.4000244140625,1521.0,19149
2025-04-16 14:47:00+05:30,1520.0999755859375,1523.5999755859375,1519.0,1519.300048828125,27270
2025-04-16 14:48:00+05:30,1522.0,1526.699951171875,1515.0999755859375,1519.0,26750
2025-04-16 14:49:00+05:30,1525.300048828125,1525.300048828125,1520.0,1522.300048828125,1740
2025-04-16 14:50:00+05:30,1520.0,1527.0,1518.0999755859375,1524.5999755859375,5142
2025-04-16 14:51:00+05:30,1524.4000244140625,1524.4000244140625,1519.9000244140625,1520.0,4023
2025-04-16 14:52:00+05:30,1524.0,1524.0,1521.0,1523.4000244140625,5227
2025-04-16 14:53:00+05:30,1522.0,1523.4000244140625,1522.0,1523.199951171875,4461
2025-04-16 14:54:00+05:30,1522.0,1523.0,1521.9000244140625,1522.300048828125,3309
2025-04-16 14:55:00+05:30,1519.9000244140625,1523.0,1519.0999755859375,1523.0,3409
2025-04-16 14:56:00+05:30,1519.5,1520.0,1519.5,1520.0,1604
2025-04-16 14:57:00+05:30,1519.300048828125,1520.0,1519.0999755859375,1519.0999755859375,1604
2025-04-16 14:58:00+05:30,1518.0999755859375,1520.0,1518.0999755859375,1519.5999755859375,1839
2025-04-16 14:59:00+05:30,1519.9000244140625,1520.0,1518.0,1519.0,1702
2025-04-16 15:00:00+05:30,1520.0,1520.0,1519.300048828125,1519.5999755859375,1804
2025-04-16 15:01:00+05:30,1519.9000244140625,1520.0,1519.5999755859375,1519.800048828125,1128
2025-04-16 15:02:00+05:30,1520.0,1520.0,1519.5999755859375,1519.9000244140625,1180
2025-04-16 15:03:00+05:30,1519.0,1520.0,1519.0,1519.800048828125,2532
2025-04-16 15:04:00+05:30,1519.9000244140625,1520.0,1518.300048828125,1519.9000244140625,1025
2025-04-16 15:05:00+05:30,1519.9000244140625,1520.0,1519.9000244140625,1520.0,2240
2025-04-16 15:06:00+05:30,1520.0999755859375,1521.9000244140625,1520.0,1520.0,6717
2025-04-16 15:07:00+05:30,1521.5,1521.5999755859375,1519.9000244140625,1520.0999755859375,3317
2025-04-16 15:08:00+05:30,1520.0999755859375,1522.5,1520.0,1521.300048828125,3070
2025-04-16 15:09:00+05:30,1520.0,1521.0999755859375,1519.5999755859375,1520.0999755859375,2642
2025-04-16 15:10:00+05:30,1520.0,1520.0,1519.5,1519.5,1668
2025-04-16 15:11:00+05:30,1514.9000244140625,1520.0,1514.9000244140625,1520.0,4512
2025-04-16 15:12:00+05:30,1515.0,1516.699951171875,1514.0999755859375,1515.0,4028
2025-04-16 15:13:00+05:30,1515.0,1515.0,1513.5999755859375,1515.0,2433
2025-04-16 15:14:00+05:30,1513.699951171875,1515.5999755859375,1507.5999755859375,1507.5999755859375,10325
2025-04-16 15:15:00+05:30,1510.0,1514.0999755859375,1509.300048828125,1514.0999755859375,2036
2025-04-16 15:16:00+05:30,1510.0,1510.0,1509.0999755859375,1510.0,1655
2025-04-16 15:17:00+05:30,1510.0,1511.0999755859375,1510.0,1510.0,4935
2025-04-16 15:18:00+05:30,1510.0,1510.0,1509.9000244140625,1510.0,2082
2025-04-16 15:19:00+05:30,1509.9000244140625,1510.0,1509.699951171875,1509.699951171875,2250
2025-04-16 15:20:00+05:30,1510.0,1510.0,1509.9000244140625,1509.9000244140625,2082
2025-04-16 15:21:00+05:30,1510.0,1510.0,1510.0,1510.0,3163
2025-04-16 15:22:00+05:30,1510.0,1510.0,1510.0,1510.0,1706
2025-04-16 15:23:00+05:30,1509.5,1510.0,1509.5,1510.0,2606
2025-04-16 15:24:00+05:30,1510.0999755859375,1510.0999755859375,1509.300048828125,1509.300048828125,15082
2025-04-16 15:25:00+05:30,1510.300048828125,1512.300048828125,1509.199951171875,1509.199951171875,10405
2025-04-16 15:26:00+05:30,1516.5,1518.199951171875,1510.300048828125,1510.300048828125,3358
2025-04-16 15:27:00+05:30,1516.0,1518.0,1515.0,1516.5,2162
2025-04-16 15:28:00+05:30,1515.300048828125,1516.0,1515.300048828125,1516.0,1021
2025-04-16 15:29:00+05:30,1515.0,1516.0,1511.4000244140625,1516.0,1162
2025-04-17 09:15:00+05:30,1512.199951171875,1518.4000244140625,1506.800048828125,1506.800048828125,0
2025-04-17 09:16:00+05:30,1510.0,1513.9000244140625,1510.0,1512.699951171875,1385
2025-04-17 09:17:00+05:30,1513.9000244140625,1518.5,1507.0,1507.0,5320
2025-04-17 09:18:00+05:30,1514.5,1523.0,1514.5,1516.800048828125,2439
2025-04-17 09:19:00+05:30,1514.0999755859375,1517.0,1511.300048828125,1511.300048828125,1370
2025-04-17 09:20:00+05:30,1511.300048828125,1512.699951171875,1511.300048828125,1511.800048828125,947
2025-04-17 09:21:00+05:30,1503.4000244140625,1508.699951171875,1503.4000244140625,1508.699951171875,1229
2025-04-17 09:22:00+05:30,1501.800048828125,1502.0,1500.0999755859375,1501.800048828125,2719
2025-04-17 09:23:00+05:30,1498.0999755859375,1501.800048828125,1498.0999755859375,1501.800048828125,914
2025-04-17 09:24:00+05:30,1498.699951171875,1500.0,1497.9000244140625,1498.0,1980
2025-04-17 09:25:00+05:30,1501.4000244140625,1501.800048828125,1498.800048828125,1498.800048828125,126
2025-04-17 09:26:00+05:30,1500.0,1502.9000244140625,1500.0,1500.0,760
2025-04-17 09:27:00+05:30,1502.0999755859375,1502.0999755859375,1501.0,1501.199951171875,493
2025-04-17 09:28:00+05:30,1502.0,1504.300048828125,1502.0,1503.199951171875,616
2025-04-17 09:29:00+05:30,1504.0999755859375,1504.0999755859375,1502.0,1502.0,352
2025-04-17 09:30:00+05:30,1503.800048828125,1507.4000244140625,1503.800048828125,1505.699951171875,865
2025-04-17 09:31:00+05:30,1505.0,1507.0,1503.0,1504.5,825
2025-04-17 09:32:00+05:30,1504.4000244140625,1504.9000244140625,1500.5,1504.4000244140625,668
2025-04-17 09:33:00+05:30,1504.300048828125,1504.4000244140625,1503.300048828125,1504.0,1324
2025-04-17 09:34:00+05:30,1501.800048828125,1504.0,1501.800048828125,1503.0999755859375,5553
2025-04-17 09:35:00+05:30,1505.9000244140625,1508.5,1501.800048828125,1501.9000244140625,1642
2025-04-17 09:36:00+05:30,1505.5,1506.199951171875,1505.199951171875,1505.9000244140625,2015
2025-04-17 09:37:00+05:30,1507.300048828125,1508.4000244140625,1507.0,1507.0,8964
2025-04-17 09:38:00+05:30,1505.0,1511.4000244140625,1505.0,1510.300048828125,6089
2025-04-17 09:39:00+05:30,1503.699951171875,1506.0,1502.300048828125,1506.0,306
2025-04-17 09:40:00+05:30,1500.5999755859375,1503.9000244140625,1500.0,1503.9000244140625,685
2025-04-17 09:41:00+05:30,1498.0999755859375,1500.9000244140625,1498.0999755859375,1500.9000244140625,735
2025-04-17 09:42:00+05:30,1501.0,1501.699951171875,1499.800048828125,1499.800048828125,439
2025-04-17 09:43:00+05:30,1502.5999755859375,1502.5999755859375,1500.0,1501.699951171875,527
2025-04-17 09:44:00+05:30,1503.9000244140625,1503.9000244140625,1503.300048828125,1503.300048828125,192
2025-04-17 09:45:00+05:30,1502.800048828125,1504.0,1502.0999755859375,1502.0999755859375,389
2025-04-17 09:46:00+05:30,1502.9000244140625,1504.199951171875,1502.300048828125,1504.199951171875,184
2025-04-17 09:47:00+05:30,1502.0999755859375,1503.699951171875,1502.0999755859375,1503.699951171875,201
2025-04-17 09:48:00+05:30,1502.0999755859375,1503.699951171875,1502.0999755859375,1502.0999755859375,259
2025-04-17 09:49:00+05:30,1501.9000244140625,1501.9000244140625,1500.699951171875,1501.4000244140625,243
2025-04-17 09:50:00+05:30,1501.0999755859375,1501.9000244140625,1500.0999755859375,1500.300048828125,397
2025-04-17 09:51:00+05:30,1500.9000244140625,1501.0999755859375,1500.9000244140625,1500.9000244140625,464
2025-04-17 09:52:00+05:30,1501.5999755859375,1505.0,1500.9000244140625,1500.9000244140625,999
2025-04-17 09:53:00+05:30,1501.5,1502.800048828125,1501.4000244140625,1502.800048828125,234
2025-04-17 09:54:00+05:30,1501.9000244140625,1501.9000244140625,1501.5999755859375,1501.9000244140625,147
2025-04-17 09:55:00+05:30,1510.9000244140625,1510.9000244140625,1503.5,1503.5,859
2025-04-17 09:56:00+05:30,1505.0,1508.800048828125,1505.0,1508.800048828125,370
2025-04-17 09:57:00+05:30,1506.5999755859375,1508.699951171875,1504.800048828125,1504.800048828125,30647
2025-04-17 09:58:00+05:30,1508.0,1508.800048828125,1506.5,1506.5,293
2025-04-17 09:59:00+05:30,1512.699951171875,1512.699951171875,1508.4000244140625,1508.4000244140625,1139
2025-04-17 10:00:00+05:30,1512.5999755859375,1514.0999755859375,1512.5999755859375,1512.9000244140625,985
2025-04-17 10:01:00+05:30,1509.300048828125,1512.199951171875,1509.300048828125,1512.199951171875,190
2025-04-17 10:02:00+05:30,1510.0,1510.9000244140625,1509.4000244140625,1509.5999755859375,188
2025-04-17 10:03:00+05:30,1509.9000244140625,1511.800048828125,1509.800048828125,1509.800048828125,196
2025-04-17 10:04:00+05:30,1509.199951171875,1509.5999755859375,1508.199951171875,1509.5999755859375,284
2025-04-17 10:05:00+05:30,1510.0,1510.800048828125,1509.300048828125,1509.300048828125,109
2025-04-17 10:06:00+05:30,1508.5,1510.199951171875,1508.5,1510.199951171875,182
2025-04-17 10:07:00+05:30,1510.0,1510.0,1507.800048828125,1507.800048828125,760
2025-04-17 10:08:00+05:30,1515.699951171875,1517.199951171875,1510.0,1510.0,877
2025-04-17 10:09:00+05:30,1514.5,1515.5,1512.699951171875,1515.0,224
2025-04-17 10:10:00+05:30,1512.199951171875,1514.0,1510.199951171875,1512.5,1332
2025-04-17 10:11:00+05:30,1512.300048828125,1512.5,1511.300048828125,1511.5999755859375,505
2025-04-17 10:12:00+05:30,1512.699951171875,1514.9000244140625,1512.699951171875,1513.5,449
2025-04-17 10:13:00+05:30,1513.300048828125,1513.800048828125,1512.5,1512.5,154
2025-04-17 10:14:00+05:30,1514.4000244140625,1514.4000244140625,1513.4000244140625,1513.4000244140625,126
2025-04-17 10:15:00+05:30,1513.300048828125,1514.4000244140625,1513.0,1514.0999755859375,130
2025-04-17 10:16:00+05:30,1514.699951171875,1516.199951171875,1513.0,1513.0,413
2025-04-17 10:17:00+05:30,1514.5999755859375,1516.199951171875,1514.5999755859375,1516.0999755859375,658
2025-04-17 10:18:00+05:30,1514.5,1515.5999755859375,1514.300048828125,1514.699951171875,224
2025-04-17 10:19:00+05:30,1513.5,1515.800048828125,1513.5,1515.199951171875,142
2025-04-17 10:20:00+05:30,1514.4000244140625,1514.9000244140625,1512.5,1514.9000244140625,211
2025-04-17 10:21:00+05:30,1511.4000244140625,1514.5999755859375,1511.4000244140625,1513.4000244140625,133
2025-04-17 10:22:00+05:30,1511.9000244140625,1512.699951171875,1511.699951171875,1512.199951171875,183
2025-04-17 10:23:00+05:30,1513.199951171875,1514.0999755859375,1512.0999755859375,1512.0999755859375,302
2025-04-17 10:24:00+05:30,1513.699951171875,1514.4000244140625,1512.300048828125,1512.300048828125,559
2025-04-17 10:25:00+05:30,1514.5,1515.5,1514.199951171875,1514.699951171875,158
2025-04-17 10:26:00+05:30,1515.800048828125,1515.9000244140625,1514.199951171875,1514.199951171875,277
2025-04-17 10:27:00+05:30,1518.5999755859375,1518.800048828125,1515.800048828125,1515.800048828125,314
2025-04-17 10:28:00+05:30,1520.5,1520.5,1517.0999755859375,1517.699951171875,743
2025-04-17 10:29:00+05:30,1520.0999755859375,1521.800048828125,1519.5999755859375,1521.800048828125,1035
2025-04-17 10:30:00+05:30,1521.300048828125,1521.300048828125,1519.5999755859375,1519.5999755859375,710
2025-04-17 10:31:00+05:30,1525.9000244140625,1526.699951171875,1520.0,1521.699951171875,4148
2025-04-17 10:32:00+05:30,1522.800048828125,1525.5999755859375,1521.199951171875,1524.699951171875,485
2025-04-17 10:33:00+05:30,1524.199951171875,1524.199951171875,1523.699951171875,1523.800048828125,266
2025-04-17 10:34:00+05:30,1526.699951171875,1527.0,1525.300048828125,1525.5,594
2025-04-17 10:35:00+05:30,1526.0999755859375,1529.5999755859375,1526.0999755859375,1528.0,803
2025-04-17 10:36:00+05:30,1526.9000244140625,1526.9000244140625,1525.800048828125,1526.5,139
2025-04-17 10:37:00+05:30,1529.0,1529.0,1527.0,1527.300048828125,622
2025-04-17 10:38:00+05:30,1523.5,1528.0999755859375,1523.5,1528.0999755859375,622
2025-04-17 10:39:00+05:30,1523.5,1525.199951171875,1523.5,1525.199951171875,190
2025-04-17 10:40:00+05:30,1522.199951171875,1523.5,1522.199951171875,1523.5,105
2025-04-17 10:41:00+05:30,1524.9000244140625,1525.9000244140625,1523.4000244140625,1523.4000244140625,246
2025-04-17 10:42:00+05:30,1525.0,1525.699951171875,1524.5,1524.5,336
2025-04-17 10:43:00+05:30,1523.0,1523.699951171875,1522.5,1523.4000244140625,420
2025-04-17 10:44:00+05:30,1520.0999755859375,1523.0,1520.0999755859375,1523.0,388
2025-04-17 10:45:00+05:30,1523.0,1523.0,1522.0,1522.0,286
2025-04-17 10:46:00+05:30,1523.4000244140625,1524.0,1523.0999755859375,1523.0999755859375,480
2025-04-17 10:47:00+05:30,1525.0,1525.0,1523.0,1523.199951171875,472
2025-04-17 10:48:00+05:30,1522.0,1525.0,1522.0,1525.0,181
2025-04-17 10:49:00+05:30,1521.4000244140625,1523.0999755859375,1521.4000244140625,1523.0999755859375,105
2025-04-17 10:50:00+05:30,1523.5999755859375,1523.5999755859375,1521.199951171875,1522.4000244140625,265
2025-04-17 10:51:00+05:30,1520.9000244140625,1522.5999755859375,1520.5999755859375,1522.5999755859375,1154
2025-04-17 10:52:00+05:30,1522.5999755859375,1522.5999755859375,1520.4000244140625,1520.4000244140625,213
2025-04-17 10:53:00+05:30,1520.0,1521.0,1520.0,1521.0,127
2025-04-17 10:54:00+05:30,1519.9000244140625,1520.800048828125,1519.0,1519.4000244140625,268
2025-04-17 10:55:00+05:30,1523.300048828125,1523.300048828125,1520.199951171875,1520.5999755859375,238
2025-04-17 10:56:00+05:30,1524.5,1524.5,1522.5,1523.699951171875,190
2025-04-17 10:57:00+05:30,1526.4000244140625,1526.4000244140625,1525.0,1525.0,469
2025-04-17 10:58:00+05:30,1524.4000244140625,1525.4000244140625,1522.0999755859375,1525.4000244140625,366
2025-04-17 10:59:00+05:30,1512.300048828125,1522.5999755859375,1512.300048828125,1522.5999755859375,1112
2025-04-17 11:00:00+05:30,1514.699951171875,1515.0,1512.800048828125,1512.800048828125,1578
2025-04-17 11:01:00+05:30,1517.800048828125,1517.800048828125,1514.699951171875,1514.699951171875,4750
2025-04-17 11:02:00+05:30,1516.5,1518.9000244140625,1516.5,1518.0,3295
2025-04-17 11:03:00+05:30,1516.5,1517.0,1515.5,1516.800048828125,3390
2025-04-17 11:04:00+05:30,1514.0999755859375,1516.4000244140625,1514.0999755859375,1516.4000244140625,5198
2025-04-17 11:05:00+05:30,1513.9000244140625,1515.4000244140625,1513.300048828125,1515.4000244140625,5417
2025-04-17 11:06:00+05:30,1512.4000244140625,1513.5,1512.4000244140625,1513.5,4497
2025-04-17 11:07:00+05:30,1526.800048828125,1527.199951171875,1512.5,1512.5,14593
2025-04-17 11:08:00+05:30,1532.0,1532.0,1525.4000244140625,1525.4000244140625,1453
2025-04-17 11:09:00+05:30,1532.5999755859375,1532.9000244140625,1530.0999755859375,1532.9000244140625,6030
2025-04-17 11:10:00+05:30,1528.0999755859375,1533.5999755859375,1528.0999755859375,1532.9000244140625,2317
2025-04-17 11:11:00+05:30,1527.5,1528.0999755859375,1525.800048828125,1527.4000244140625,736
2025-04-17 11:12:00+05:30,1526.800048828125,1528.199951171875,1526.800048828125,1527.9000244140625,1667
2025-04-17 11:13:00+05:30,1531.5,1533.800048828125,1526.0,1526.9000244140625,11229
2025-04-17 11:14:00+05:30,1530.0999755859375,1531.4000244140625,1528.5,1530.4000244140625,509
2025-04-17 11:15:00+05:30,1529.0,1533.0,1529.0,1531.699951171875,2065
2025-04-17 11:16:00+05:30,1527.0999755859375,1529.699951171875,1527.0999755859375,1529.5,9171
2025-04-17 11:17:00+05:30,1531.800048828125,1534.9000244140625,1531.4000244140625,1534.9000244140625,5375
2025-04-17 11:18:00+05:30,1533.800048828125,1535.699951171875,1531.800048828125,1531.800048828125,5159
2025-04-17 11:19:00+05:30,1532.699951171875,1535.0,1531.800048828125,1535.0,8502
2025-04-17 11:20:00+05:30,1528.0,1533.300048828125,1526.4000244140625,1533.0999755859375,592
2025-04-17 11:21:00+05:30,1529.0,1530.300048828125,1528.0,1528.0,818
2025-04-17 11:22:00+05:30,1529.199951171875,1529.800048828125,1528.5999755859375,1529.199951171875,1191
2025-04-17 11:23:00+05:30,1529.0,1532.0999755859375,1528.800048828125,1532.0999755859375,909
2025-04-17 11:24:00+05:30,1555.5,1555.5,1529.800048828125,1529.800048828125,14138
2025-04-17 11:25:00+05:30,1557.5999755859375,1558.4000244140625,1551.0999755859375,1555.5,7624
2025-04-17 11:26:00+05:30,1559.199951171875,1562.0,1555.4000244140625,1557.0,5715
2025-04-17 11:27:00+05:30,1560.300048828125,1563.0,1557.0999755859375,1561.0,3819
2025-04-17 11:28:00+05:30,1559.5,1563.0,1558.5,1560.300048828125,3083
2025-04-17 11:29:00+05:30,1551.4000244140625,1559.800048828125,1548.4000244140625,1559.800048828125,3557
2025-04-17 11:30:00+05:30,1551.0999755859375,1553.0,1545.0,1550.699951171875,3790
2025-04-17 11:31:00+05:30,1551.9000244140625,1555.0,1551.699951171875,1551.699951171875,652
2025-04-17 11:32:00+05:30,1551.199951171875,1553.0,1548.699951171875,1553.0,3924
2025-04-17 11:33:00+05:30,1547.300048828125,1549.5,1547.0,1548.4000244140625,2482
2025-04-17 11:34:00+05:30,1550.300048828125,1553.0,1547.699951171875,1548.9000244140625,2549
2025-04-17 11:35:00+05:30,1549.0999755859375,1550.300048828125,1548.199951171875,1548.199951171875,756
2025-04-17 11:36:00+05:30,1550.0999755859375,1551.9000244140625,1550.0,1551.9000244140625,946
2025-04-17 11:37:00+05:30,1547.5,1549.199951171875,1547.4000244140625,1549.199951171875,426
2025-04-17 11:38:00+05:30,1550.5,1550.9000244140625,1548.0,1548.0,404
2025-04-17 11:39:00+05:30,1550.5,1553.5999755859375,1550.5,1550.5,1794
2025-04-17 11:40:00+05:30,1547.5,1551.699951171875,1547.199951171875,1551.699951171875,865
2025-04-17 11:41:00+05:30,1550.0,1551.4000244140625,1548.199951171875,1549.4000244140625,398
2025-04-17 11:42:00+05:30,1553.4000244140625,1555.5,1551.0,1551.0,1537
2025-04-17 11:43:00+05:30,1555.4000244140625,1555.5,1553.800048828125,1554.699951171875,1082
2025-04-17 11:44:00+05:30,1553.0999755859375,1555.0,1553.0999755859375,1553.800048828125,716
2025-04-17 11:45:00+05:30,1555.0,1555.9000244140625,1554.300048828125,1554.300048828125,363
2025-04-17 11:46:00+05:30,1557.0999755859375,1557.4000244140625,1554.9000244140625,1554.9000244140625,606
2025-04-17 11:47:00+05:30,1557.5,1557.9000244140625,1554.9000244140625,1555.800048828125,1228
2025-04-17 11:48:00+05:30,1556.199951171875,1557.0,1555.0,1556.0,246
2025-04-17 11:49:00+05:30,1555.0999755859375,1556.699951171875,1554.0999755859375,1554.800048828125,371
2025-04-17 11:50:00+05:30,1554.0999755859375,1555.4000244140625,1553.5,1553.800048828125,544
2025-04-17 11:51:00+05:30,1554.800048828125,1556.5,1553.800048828125,1553.9000244140625,1169
2025-04-17 11:52:00+05:30,1554.9000244140625,1556.199951171875,1554.5,1556.199951171875,193
2025-04-17 11:53:00+05:30,1554.4000244140625,1555.199951171875,1553.0999755859375,1553.0999755859375,863
2025-04-17 11:54:00+05:30,1555.300048828125,1555.300048828125,1552.699951171875,1553.0999755859375,454
2025-04-17 11:55:00+05:30,1550.0999755859375,1555.199951171875,1550.0999755859375,1553.800048828125,776
2025-04-17 11:56:00+05:30,1556.199951171875,1557.300048828125,1551.699951171875,1551.699951171875,623
2025-04-17 11:57:00+05:30,1557.0,1557.5999755859375,1556.699951171875,1557.5999755859375,584
2025-04-17 11:58:00+05:30,1556.300048828125,1556.800048828125,1555.300048828125,1556.699951171875,480
2025-04-17 11:59:00+05:30,1557.9000244140625,1557.9000244140625,1555.800048828125,1555.9000244140625,466
2025-04-17 12:00:00+05:30,1562.0,1562.0,1557.5999755859375,1557.5999755859375,1360
2025-04-17 12:01:00+05:30,1567.0999755859375,1569.0,1562.4000244140625,1562.4000244140625,6593
2025-04-17 12:02:00+05:30,1576.0,1576.699951171875,1568.0,1568.0,5254
2025-04-17 12:03:00+05:30,1579.800048828125,1581.800048828125,1575.0999755859375,1575.0999755859375,6067
2025-04-17 12:04:00+05:30,1577.5,1579.9000244140625,1575.0,1579.0999755859375,4589
2025-04-17 12:05:00+05:30,1577.4000244140625,1578.800048828125,1575.0999755859375,1578.800048828125,2074
2025-04-17 12:06:00+05:30,1582.800048828125,1585.0,1577.4000244140625,1577.4000244140625,14224
2025-04-17 12:07:00+05:30,1582.199951171875,1583.0,1579.300048828125,1582.300048828125,4069
2025-04-17 12:08:00+05:30,1582.0,1582.4000244140625,1580.800048828125,1582.199951171875,2627
2025-04-17 12:09:00+05:30,1584.699951171875,1584.699951171875,1582.0,1582.0,5937
2025-04-17 12:10:00+05:30,1578.0,1584.5999755859375,1576.800048828125,1583.5999755859375,7785
2025-04-17 12:11:00+05:30,1581.0,1581.5,1577.9000244140625,1578.199951171875,1804
2025-04-17 12:12:00+05:30,1581.699951171875,1584.0,1578.4000244140625,1580.5,3934
2025-04-17 12:13:00+05:30,1582.0999755859375,1583.300048828125,1580.300048828125,1582.800048828125,1999
2025-04-17 12:14:00+05:30,1581.699951171875,1585.0,1581.5,1581.5,4306
2025-04-17 12:15:00+05:30,1582.0999755859375,1583.300048828125,1580.0,1581.5999755859375,1794
2025-04-17 12:16:00+05:30,1581.199951171875,1582.0,1580.5999755859375,1581.199951171875,1153
2025-04-17 12:17:00+05:30,1583.5,1583.800048828125,1581.0999755859375,1581.0999755859375,1253
2025-04-17 12:18:00+05:30,1581.9000244140625,1583.199951171875,1581.300048828125,1583.199951171875,742
2025-04-17 12:19:00+05:30,1581.699951171875,1582.9000244140625,1581.699951171875,1581.800048828125,804
2025-04-17 12:20:00+05:30,1583.199951171875,1583.300048828125,1582.0,1582.0,657
2025-04-17 12:21:00+05:30,1582.0999755859375,1583.300048828125,1581.9000244140625,1582.300048828125,1634
2025-04-17 12:22:00+05:30,1583.9000244140625,1583.9000244140625,1582.0999755859375,1582.0999755859375,1567
2025-04-17 12:23:00+05:30,1585.0,1585.4000244140625,1584.0,1584.0,2561
2025-04-17 12:24:00+05:30,1584.5,1585.699951171875,1584.0999755859375,1585.0,2310
2025-04-17 12:25:00+05:30,1584.4000244140625,1585.5,1583.0,1584.0999755859375,1264
2025-04-17 12:26:00+05:30,1587.800048828125,1587.800048828125,1583.5,1583.5,2836
2025-04-17 12:27:00+05:30,1588.5,1589.800048828125,1587.300048828125,1587.699951171875,9126
2025-04-17 12:28:00+05:30,1586.800048828125,1588.5,1585.9000244140625,1587.699951171875,2830
2025-04-17 12:29:00+05:30,1585.800048828125,1587.0,1584.9000244140625,1585.0999755859375,2052
2025-04-17 12:30:00+05:30,1586.699951171875,1587.199951171875,1585.199951171875,1585.800048828125,1804
2025-04-17 12:31:00+05:30,1583.9000244140625,1586.699951171875,1582.0999755859375,1586.0,3418
2025-04-17 12:32:00+05:30,1583.0999755859375,1585.0999755859375,1582.199951171875,1585.0999755859375,2860
2025-04-17 12:33:00+05:30,1582.0999755859375,1584.300048828125,1582.0999755859375,1582.0999755859375,1519
2025-04-17 12:34:00+05:30,1582.9000244140625,1583.0999755859375,1582.0,1583.0999755859375,423
2025-04-17 12:35:00+05:30,1580.699951171875,1583.0999755859375,1580.5,1582.0999755859375,2669
2025-04-17 12:36:00+05:30,1584.199951171875,1585.0999755859375,1582.4000244140625,1582.4000244140625,2882
2025-04-17 12:37:00+05:30,1581.699951171875,1584.5,1581.699951171875,1584.5,658
2025-04-17 12:38:00+05:30,1582.800048828125,1583.5999755859375,1581.5999755859375,1582.300048828125,2029
2025-04-17 12:39:00+05:30,1584.5,1584.699951171875,1581.5999755859375,1581.699951171875,3928
2025-04-17 12:40:00+05:30,1585.0,1588.4000244140625,1585.0,1585.9000244140625,2268
2025-04-17 12:41:00+05:30,1583.9000244140625,1585.0,1583.0,1585.0,3989
2025-04-17 12:42:00+05:30,1583.699951171875,1585.5,1582.699951171875,1585.0,786
2025-04-17 12:43:00+05:30,1582.5999755859375,1583.9000244140625,1582.0999755859375,1582.300048828125,489
2025-04-17 12:44:00+05:30,1588.800048828125,1588.800048828125,1582.199951171875,1582.5999755859375,3788
2025-04-17 12:45:00+05:30,1585.9000244140625,1586.800048828125,1585.0,1586.699951171875,832
2025-04-17 12:46:00+05:30,1585.800048828125,1585.9000244140625,1584.5,1584.699951171875,1558
2025-04-17 12:47:00+05:30,1586.0,1586.0,1584.4000244140625,1584.800048828125,736
2025-04-17 12:48:00+05:30,1584.0,1586.0,1584.0,1584.699951171875,1202
2025-04-17 12:49:00+05:30,1582.0999755859375,1584.199951171875,1581.5,1584.0999755859375,2492
2025-04-17 12:50:00+05:30,1581.800048828125,1583.4000244140625,1581.5,1583.4000244140625,960
2025-04-17 12:51:00+05:30,1580.5999755859375,1582.0,1580.5,1581.0999755859375,1481
2025-04-17 12:52:00+05:30,1582.0,1583.4000244140625,1580.5999755859375,1580.5999755859375,1325
2025-04-17 12:53:00+05:30,1582.0,1583.4000244140625,1582.0,1583.4000244140625,590
2025-04-17 12:54:00+05:30,1582.0,1582.699951171875,1582.0,1582.699951171875,191
2025-04-17 12:55:00+05:30,1584.9000244140625,1585.800048828125,1582.9000244140625,1582.9000244140625,1959
2025-04-17 12:56:00+05:30,1582.0999755859375,1584.5,1582.0999755859375,1584.5,2066
2025-04-17 12:57:00+05:30,1586.0,1586.0,1582.0,1582.0,2884
2025-04-17 12:58:00+05:30,1585.199951171875,1586.300048828125,1584.0,1585.300048828125,2700
2025-04-17 12:59:00+05:30,1590.199951171875,1590.199951171875,1586.0,1587.0999755859375,9227
2025-04-17 13:00:00+05:30,1596.699951171875,1597.9000244140625,1590.0,1590.0,12360
2025-04-17 13:01:00+05:30,1604.199951171875,1605.4000244140625,1594.4000244140625,1597.0,22733
2025-04-17 13:02:00+05:30,1615.199951171875,1617.9000244140625,1601.9000244140625,1605.0,28949
2025-04-17 13:03:00+05:30,1613.0,1615.0,1608.5,1613.0999755859375,23386
2025-04-17 13:04:00+05:30,1612.0,1617.5,1609.5,1616.199951171875,19715
2025-04-17 13:05:00+05:30,1612.0,1612.0,1605.5,1609.199951171875,14304
2025-04-17 13:06:00+05:30,1601.699951171875,1612.0,1601.0,1612.0,26887
2025-04-17 13:07:00+05:30,1605.0,1606.5999755859375,1601.300048828125,1601.800048828125,18665
2025-04-17 13:08:00+05:30,1601.199951171875,1606.0,1600.0,1605.0,8449
2025-04-17 13:09:00+05:30,1605.4000244140625,1605.4000244140625,1601.4000244140625,1602.300048828125,7979
2025-04-17 13:10:00+05:30,1607.300048828125,1608.0,1602.4000244140625,1604.9000244140625,6106
2025-04-17 13:11:00+05:30,1606.0,1608.0,1605.0,1606.199951171875,4434
2025-04-17 13:12:00+05:30,1607.0,1610.4000244140625,1606.0,1606.699951171875,9240
2025-04-17 13:13:00+05:30,1602.0,1608.199951171875,1601.4000244140625,1608.199951171875,10558
2025-04-17 13:14:00+05:30,1601.5999755859375,1603.199951171875,1600.5999755859375,1601.0999755859375,7611
2025-04-17 13:15:00+05:30,1601.5999755859375,1604.0999755859375,1600.0999755859375,1601.699951171875,4573
2025-04-17 13:16:00+05:30,1603.300048828125,1603.300048828125,1600.199951171875,1601.199951171875,6501
2025-04-17 13:17:00+05:30,1600.0,1603.0,1600.0,1601.0,8250
2025-04-17 13:18:00+05:30,1597.0,1601.0999755859375,1596.300048828125,1600.0,11654
2025-04-17 13:19:00+05:30,1602.5,1604.0999755859375,1594.0,1597.0,21788
2025-04-17 13:20:00+05:30,1602.4000244140625,1603.800048828125,1600.5,1602.4000244140625,2504
2025-04-17 13:21:00+05:30,1605.5,1606.5,1602.5999755859375,1602.5999755859375,9804
2025-04-17 13:22:00+05:30,1603.699951171875,1605.5,1603.0,1605.4000244140625,5890
2025-04-17 13:23:00+05:30,1606.5,1606.5,1603.5,1604.0,6763
2025-04-17 13:24:00+05:30,1605.0,1606.0,1605.0,1605.800048828125,3929
2025-04-17 13:25:00+05:30,1606.5,1606.5,1605.0999755859375,1605.699951171875,3426
2025-04-17 13:26:00+05:30,1608.0,1608.0,1606.5,1606.5,4878
2025-04-17 13:27:00+05:30,1607.800048828125,1608.0,1605.199951171875,1608.0,3824
2025-04-17 13:28:00+05:30,1608.300048828125,1610.0,1607.5,1607.5,8098
2025-04-17 13:29:00+05:30,1611.9000244140625,1613.5,1608.0,1608.9000244140625,8341
2025-04-17 13:30:00+05:30,1612.0,1613.0,1607.0,1612.0,12507
2025-04-17 13:31:00+05:30,1608.0999755859375,1612.0,1608.0999755859375,1611.5,5321
2025-04-17 13:32:00+05:30,1610.699951171875,1611.300048828125,1608.5,1609.5,3441
2025-04-17 13:33:00+05:30,1610.0999755859375,1611.800048828125,1610.0,1610.0,2399
2025-04-17 13:34:00+05:30,1610.0999755859375,1610.9000244140625,1609.0999755859375,1610.0999755859375,5542
2025-04-17 13:35:00+05:30,1614.0,1614.199951171875,1610.5,1610.5,11369
2025-04-17 13:36:00+05:30,1612.199951171875,1615.0,1610.699951171875,1613.9000244140625,10382
2025-04-17 13:37:00+05:30,1612.0999755859375,1614.0,1611.0,1612.0,5100
2025-04-17 13:38:00+05:30,1611.4000244140625,1613.0,1611.300048828125,1612.0,2325
2025-04-17 13:39:00+05:30,1617.0,1617.0,1610.0,1611.0999755859375,15460
2025-04-17 13:40:00+05:30,1624.9000244140625,1625.699951171875,1615.0,1616.9000244140625,39023
2025-04-17 13:41:00+05:30,1623.0,1624.5,1622.0999755859375,1623.699951171875,9684
2025-04-17 13:42:00+05:30,1620.800048828125,1623.0,1618.9000244140625,1622.0999755859375,8932
2025-04-17 13:43:00+05:30,1620.4000244140625,1621.4000244140625,1619.5,1620.9000244140625,5705
2025-04-17 13:44:00+05:30,1624.300048828125,1624.800048828125,1620.0999755859375,1620.800048828125,10109
2025-04-17 13:45:00+05:30,1635.0,1637.199951171875,1624.800048828125,1624.800048828125,49969
2025-04-17 13:46:00+05:30,1640.0,1642.800048828125,1633.5,1634.0999755859375,43970
2025-04-17 13:47:00+05:30,1638.699951171875,1640.300048828125,1635.0,1640.300048828125,24302
2025-04-17 13:48:00+05:30,1629.5,1638.800048828125,1627.5999755859375,1637.800048828125,44819
2025-04-17 13:49:00+05:30,1634.300048828125,1634.300048828125,1629.5,1629.5999755859375,17919
2025-04-17 13:50:00+05:30,1628.5999755859375,1634.699951171875,1628.0999755859375,1633.4000244140625,20526
2025-04-17 13:51:00+05:30,1629.5999755859375,1630.9000244140625,1628.0,1628.0,10354
2025-04-17 13:52:00+05:30,1631.0,1632.5,1629.0,1630.4000244140625,7412
2025-04-17 13:53:00+05:30,1623.0,1632.0,1618.5999755859375,1631.9000244140625,25195
2025-04-17 13:54:00+05:30,1619.800048828125,1623.800048828125,1616.5,1623.5,36437
2025-04-17 13:55:00+05:30,1620.0,1623.0,1617.699951171875,1619.800048828125,16191
2025-04-17 13:56:00+05:30,1618.9000244140625,1619.800048828125,1616.300048828125,1619.0,9597
2025-04-17 13:57:00+05:30,1620.800048828125,1621.300048828125,1617.300048828125,1618.5,8776
2025-04-17 13:58:00+05:30,1625.0,1627.0,1620.199951171875,1621.0999755859375,27409
2025-04-17 13:59:00+05:30,1622.5,1627.300048828125,1622.0,1625.800048828125,6694
2025-04-17 14:00:00+05:30,1623.0999755859375,1625.699951171875,1622.0,1622.4000244140625,5349
2025-04-17 14:01:00+05:30,1621.0999755859375,1623.199951171875,1621.0999755859375,1622.800048828125,3319
2025-04-17 14:02:00+05:30,1622.0,1622.0,1620.0,1620.0999755859375,6746
2025-04-17 14:03:00+05:30,1621.0999755859375,1622.0,1620.5999755859375,1621.199951171875,7210
2025-04-17 14:04:00+05:30,1621.0,1622.300048828125,1621.0,1621.0,4217
2025-04-17 14:05:00+05:30,1620.0,1621.9000244140625,1620.0,1621.300048828125,6337
2025-04-17 14:06:00+05:30,1617.5,1620.300048828125,1615.199951171875,1620.300048828125,10351
2025-04-17 14:07:00+05:30,1615.5,1617.199951171875,1613.300048828125,1617.0,24213
2025-04-17 14:08:00+05:30,1615.0999755859375,1616.699951171875,1612.5,1616.0,12352
2025-04-17 14:09:00+05:30,1617.9000244140625,1618.199951171875,1615.300048828125,1616.0,5536
2025-04-17 14:10:00+05:30,1615.4000244140625,1618.699951171875,1615.4000244140625,1617.4000244140625,4932
2025-04-17 14:11:00+05:30,1618.0,1618.800048828125,1615.300048828125,1615.4000244140625,3828
2025-04-17 14:12:00+05:30,1617.4000244140625,1619.0,1617.300048828125,1618.199951171875,4987
2025-04-17 14:13:00+05:30,1618.300048828125,1618.9000244140625,1615.800048828125,1617.9000244140625,2556
2025-04-17 14:14:00+05:30,1621.800048828125,1621.800048828125,1616.5,1617.300048828125,13837
2025-04-17 14:15:00+05:30,1616.0,1620.5,1616.0,1620.4000244140625,8503
2025-04-17 14:16:00+05:30,1615.300048828125,1617.0,1615.0,1616.0,4492
2025-04-17 14:17:00+05:30,1618.9000244140625,1620.800048828125,1615.300048828125,1615.300048828125,10204
2025-04-17 14:18:00+05:30,1620.0,1620.0,1617.0999755859375,1619.800048828125,7143
2025-04-17 14:19:00+05:30,1618.300048828125,1619.9000244140625,1618.300048828125,1619.0999755859375,1813
2025-04-17 14:20:00+05:30,1616.199951171875,1618.300048828125,1616.199951171875,1618.300048828125,4529
2025-04-17 14:21:00+05:30,1613.5999755859375,1616.300048828125,1613.199951171875,1616.300048828125,11091
2025-04-17 14:22:00+05:30,1614.0,1616.300048828125,1613.300048828125,1613.4000244140625,5217
2025-04-17 14:23:00+05:30,1614.800048828125,1615.0999755859375,1613.0,1614.0,5595
2025-04-17 14:24:00+05:30,1612.5,1614.800048828125,1612.5,1614.0999755859375,5443
2025-04-17 14:25:00+05:30,1615.9000244140625,1615.9000244140625,1613.0,1613.199951171875,5162
2025-04-17 14:26:00+05:30,1616.300048828125,1617.0,1614.4000244140625,1614.5,4329
2025-04-17 14:27:00+05:30,1618.0,1618.0,1615.0,1617.0,3624
2025-04-17 14:28:00+05:30,1616.0,1617.199951171875,1615.5999755859375,1617.199951171875,1621
2025-04-17 14:29:00+05:30,1618.5999755859375,1618.800048828125,1616.0,1616.4000244140625,4308
2025-04-17 14:30:00+05:30,1623.0,1626.0,1620.9000244140625,1623.4000244140625,32308
2025-04-17 14:31:00+05:30,1621.0999755859375,1623.0,1620.0,1623.0,9095
2025-04-17 14:32:00+05:30,1617.699951171875,1621.0999755859375,1617.5,1621.0999755859375,9581
2025-04-17 14:33:00+05:30,1619.5,1619.699951171875,1617.9000244140625,1618.0999755859375,4531
2025-04-17 14:34:00+05:30,1615.0999755859375,1619.0,1615.0,1618.300048828125,6818
2025-04-17 14:35:00+05:30,1613.0999755859375,1615.9000244140625,1613.0999755859375,1615.300048828125,6876
2025-04-17 14:36:00+05:30,1607.300048828125,1613.9000244140625,1605.300048828125,1612.5,34430
2025-04-17 14:37:00+05:30,1603.0,1608.0,1602.4000244140625,1607.300048828125,18158
2025-04-17 14:38:00+05:30,1611.0,1612.199951171875,1602.0,1602.5999755859375,18462
2025-04-17 14:39:00+05:30,1608.199951171875,1614.800048828125,1607.0,1611.5,12425
2025-04-17 14:40:00+05:30,1610.0,1611.0,1608.199951171875,1609.5999755859375,4095
2025-04-17 14:41:00+05:30,1610.699951171875,1612.699951171875,1609.0999755859375,1609.199951171875,6605
2025-04-17 14:42:00+05:30,1609.800048828125,1611.800048828125,1609.800048828125,1610.4000244140625,3964
2025-04-17 14:43:00+05:30,1609.0,1610.300048828125,1607.699951171875,1609.0,6488
2025-04-17 14:44:00+05:30,1606.199951171875,1612.199951171875,1605.0,1608.0,17152
2025-04-17 14:45:00+05:30,1600.0999755859375,1606.0999755859375,1600.0,1606.0999755859375,23916
2025-04-17 14:46:00+05:30,1600.199951171875,1602.0999755859375,1600.0,1600.0999755859375,14640
2025-04-17 14:47:00+05:30,1601.699951171875,1602.5,1600.0,1600.0,18101
2025-04-17 14:48:00+05:30,1590.5999755859375,1602.0,1587.800048828125,1601.699951171875,33444
2025-04-17 14:49:00+05:30,1592.800048828125,1597.199951171875,1588.300048828125,1589.0,16246
2025-04-17 14:50:00+05:30,1594.9000244140625,1596.9000244140625,1591.0,1592.0,7000
2025-04-17 14:51:00+05:30,1593.699951171875,1596.5,1591.800048828125,1594.300048828125,13163
2025-04-17 14:52:00+05:30,1597.0,1598.0,1593.300048828125,1594.5,10156
2025-04-17 14:53:00+05:30,1596.300048828125,1600.800048828125,1595.5999755859375,1597.0,18953
2025-04-17 14:54:00+05:30,1595.0,1598.0999755859375,1595.0,1596.199951171875,4414
2025-04-17 14:55:00+05:30,1595.4000244140625,1598.0,1595.0,1595.0,4272
2025-04-17 14:56:00+05:30,1595.9000244140625,1597.5,1593.699951171875,1596.9000244140625,7010
2025-04-17 14:57:00+05:30,1600.0,1600.300048828125,1595.9000244140625,1595.9000244140625,11180
2025-04-17 14:58:00+05:30,1598.0,1600.0,1598.0,1600.0,7392
2025-04-17 14:59:00+05:30,1596.0,1598.0,1595.300048828125,1597.0999755859375,3521
2025-04-17 15:00:00+05:30,1601.0999755859375,1603.0,1598.199951171875,1598.199951171875,11533
2025-04-17 15:01:00+05:30,1598.0,1600.0,1597.0999755859375,1599.9000244140625,4677
2025-04-17 15:02:00+05:30,1596.0,1598.0,1596.0,1598.0,2700
2025-04-17 15:03:00+05:30,1594.5,1596.4000244140625,1594.5,1596.0,8594
2025-04-17 15:04:00+05:30,1596.0999755859375,1596.0999755859375,1590.0,1593.0,18421
2025-04-17 15:05:00+05:30,1593.199951171875,1596.4000244140625,1592.0999755859375,1595.5,4067
2025-04-17 15:06:00+05:30,1595.0,1595.0,1592.4000244140625,1593.4000244140625,3476
2025-04-17 15:07:00+05:30,1592.199951171875,1594.0999755859375,1591.0,1594.0999755859375,6353
2025-04-17 15:08:00+05:30,1594.0,1594.0,1591.5,1591.699951171875,3409
2025-04-17 15:09:00+05:30,1594.0,1594.0,1592.0,1594.0,8580
2025-04-17 15:10:00+05:30,1592.699951171875,1594.699951171875,1592.0,1593.9000244140625,9267
2025-04-17 15:11:00+05:30,1585.5,1593.0,1585.0,1593.0,15568
2025-04-17 15:12:00+05:30,1587.0,1589.5999755859375,1585.5,1585.699951171875,9515
2025-04-17 15:13:00+05:30,1586.199951171875,1587.9000244140625,1584.199951171875,1587.9000244140625,10452
2025-04-17 15:14:00+05:30,1583.5,1586.699951171875,1583.5,1584.800048828125,8489
2025-04-17 15:15:00+05:30,1577.9000244140625,1584.0999755859375,1577.0,1583.300048828125,18303
2025-04-17 15:16:00+05:30,1573.5,1579.199951171875,1573.0,1578.0,14838
2025-04-17 15:17:00+05:30,1580.5999755859375,1580.699951171875,1572.300048828125,1572.300048828125,18464
2025-04-17 15:18:00+05:30,1574.800048828125,1581.0,1572.4000244140625,1580.5999755859375,19671
2025-04-17 15:19:00+05:30,1570.9000244140625,1575.9000244140625,1570.0,1573.4000244140625,16237
2025-04-17 15:20:00+05:30,1574.4000244140625,1576.9000244140625,1570.800048828125,1571.800048828125,17453
2025-04-17 15:21:00+05:30,1574.699951171875,1576.0,1573.0999755859375,1573.0999755859375,2545
2025-04-17 15:22:00+05:30,1577.300048828125,1577.5,1573.9000244140625,1574.0999755859375,2518
2025-04-17 15:23:00+05:30,1575.5999755859375,1577.9000244140625,1575.4000244140625,1577.9000244140625,1329
2025-04-17 15:24:00+05:30,1574.0999755859375,1578.300048828125,1573.699951171875,1575.5999755859375,8930
2025-04-17 15:25:00+05:30,1573.0,1575.0,1570.5,1573.0,2566
2025-04-17 15:26:00+05:30,1571.199951171875,1572.4000244140625,1568.800048828125,1572.4000244140625,4190
2025-04-17 15:27:00+05:30,1569.9000244140625,1572.300048828125,1569.9000244140625,1571.199951171875,3334
2025-04-17 15:28:00+05:30,1571.0,1571.199951171875,1569.4000244140625,1571.199951171875,1711
2025-04-17 15:29:00+05:30,1580.0,1583.0999755859375,1571.0,1571.0,6241
2025-04-21 09:15:00+05:30,1606.5999755859375,1606.5999755859375,1581.800048828125,1581.800048828125,0
2025-04-21 09:16:00+05:30,1615.9000244140625,1617.0,1600.0,1603.300048828125,8602
2025-04-21 09:17:00+05:30,1612.5999755859375,1616.4000244140625,1608.0,1614.699951171875,9521
2025-04-21 09:18:00+05:30,1612.4000244140625,1615.0999755859375,1607.300048828125,1613.0,20350
2025-04-21 09:19:00+05:30,1611.800048828125,1616.0,1606.4000244140625,1611.5999755859375,11832
2025-04-21 09:20:00+05:30,1608.699951171875,1612.800048828125,1607.0,1611.699951171875,6388
2025-04-21 09:21:00+05:30,1605.0999755859375,1608.5,1597.5999755859375,1607.5999755859375,6688
2025-04-21 09:22:00+05:30,1607.9000244140625,1610.0,1603.9000244140625,1607.300048828125,2695
2025-04-21 09:23:00+05:30,1609.0,1609.0,1605.9000244140625,1606.800048828125,3802
2025-04-21 09:24:00+05:30,1611.0999755859375,1611.0999755859375,1607.9000244140625,1609.4000244140625,2575
2025-04-21 09:25:00+05:30,1614.699951171875,1614.699951171875,1612.699951171875,1612.699951171875,3340
2025-04-21 09:26:00+05:30,1611.5999755859375,1614.5,1611.5999755859375,1613.5,8104
2025-04-21 09:27:00+05:30,1610.199951171875,1611.800048828125,1610.0,1611.0,2588
2025-04-21 09:28:00+05:30,1612.800048828125,1615.0,1610.4000244140625,1610.4000244140625,2540
2025-04-21 09:29:00+05:30,1616.5,1616.5,1614.0,1614.300048828125,946
2025-04-21 09:30:00+05:30,1615.5,1616.800048828125,1615.0,1616.800048828125,3830
2025-04-21 09:31:00+05:30,1614.0,1615.800048828125,1614.0,1615.800048828125,1919
2025-04-21 09:32:00+05:30,1615.0,1615.0,1611.0,1612.9000244140625,1924
2025-04-21 09:33:00+05:30,1620.4000244140625,1620.4000244140625,1615.0,1615.0,4213
2025-04-21 09:34:00+05:30,1630.0,1630.5,1628.4000244140625,1628.4000244140625,13234
2025-04-21 09:35:00+05:30,1631.0999755859375,1634.5,1629.0999755859375,1631.0999755859375,5757
2025-04-21 09:36:00+05:30,1629.5,1631.9000244140625,1629.5,1630.5,2129
2025-04-21 09:37:00+05:30,1631.0999755859375,1631.800048828125,1629.0,1630.0,5106
2025-04-21 09:38:00+05:30,1631.9000244140625,1631.9000244140625,1628.4000244140625,1629.5999755859375,1846
2025-04-21 09:39:00+05:30,1633.300048828125,1634.0,1630.4000244140625,1630.4000244140625,2419
2025-04-21 09:40:00+05:30,1635.0,1635.0,1633.0,1634.0,6648
2025-04-21 09:41:00+05:30,1636.5,1637.300048828125,1635.0,1635.0,2797
2025-04-21 09:42:00+05:30,1638.0,1639.0,1635.9000244140625,1638.0,4592
2025-04-21 09:43:00+05:30,1638.9000244140625,1641.300048828125,1635.5999755859375,1635.5999755859375,5017
2025-04-21 09:44:00+05:30,1634.0999755859375,1640.0,1633.300048828125,1640.0,3604
2025-04-21 09:45:00+05:30,1634.0999755859375,1636.800048828125,1633.5,1633.5,3719
2025-04-21 09:46:00+05:30,1636.0,1636.0,1633.0999755859375,1634.0999755859375,877
2025-04-21 09:47:00+05:30,1638.699951171875,1639.0,1635.0,1635.0,1313
2025-04-21 09:48:00+05:30,1638.199951171875,1639.0999755859375,1636.0999755859375,1639.0999755859375,3931
2025-04-21 09:49:00+05:30,1640.0,1640.199951171875,1637.0,1640.199951171875,1659
2025-04-21 09:50:00+05:30,1638.699951171875,1639.5999755859375,1638.4000244140625,1639.5,2009
2025-04-21 09:51:00+05:30,1645.300048828125,1647.0,1640.5,1640.5,10043
2025-04-21 09:52:00+05:30,1643.0,1646.199951171875,1641.9000244140625,1645.199951171875,4013
2025-04-21 09:53:00+05:30,1641.0,1643.699951171875,1640.5999755859375,1643.0999755859375,1288
2025-04-21 09:54:00+05:30,1642.199951171875,1643.9000244140625,1641.5,1642.0,5637
2025-04-21 09:55:00+05:30,1650.9000244140625,1650.9000244140625,1642.9000244140625,1642.9000244140625,18175
2025-04-21 09:56:00+05:30,1650.9000244140625,1651.5,1647.4000244140625,1649.9000244140625,4107
2025-04-21 09:57:00+05:30,1646.5,1651.9000244140625,1646.0999755859375,1651.9000244140625,5209
2025-04-21 09:58:00+05:30,1646.199951171875,1649.699951171875,1645.199951171875,1647.0,2243
2025-04-21 09:59:00+05:30,1645.0999755859375,1647.199951171875,1645.0,1646.300048828125,4822
2025-04-21 10:00:00+05:30,1644.0999755859375,1646.0,1644.0999755859375,1645.5,2950
2025-04-21 10:01:00+05:30,1640.199951171875,1643.300048828125,1639.9000244140625,1643.300048828125,5028
2025-04-21 10:02:00+05:30,1642.0,1642.300048828125,1639.0999755859375,1641.300048828125,1352
2025-04-21 10:03:00+05:30,1645.5999755859375,1646.0,1643.0,1643.0,1249
2025-04-21 10:04:00+05:30,1645.9000244140625,1646.800048828125,1645.0999755859375,1646.5,503
2025-04-21 10:05:00+05:30,1648.5,1649.0,1646.800048828125,1648.0,5406
2025-04-21 10:06:00+05:30,1647.9000244140625,1651.0999755859375,1647.9000244140625,1649.0999755859375,3050
2025-04-21 10:07:00+05:30,1652.0,1654.5999755859375,1649.699951171875,1649.699951171875,4242
2025-04-21 10:08:00+05:30,1654.300048828125,1657.800048828125,1650.0,1650.0,10443
2025-04-21 10:09:00+05:30,1661.0,1661.0,1654.0999755859375,1656.300048828125,10755
2025-04-21 10:10:00+05:30,1659.0,1664.9000244140625,1659.0,1661.199951171875,16103
2025-04-21 10:11:00+05:30,1656.0,1660.300048828125,1656.0,1659.0,6380
2025-04-21 10:12:00+05:30,1653.800048828125,1656.5,1652.300048828125,1656.5,6044
2025-04-21 10:13:00+05:30,1653.9000244140625,1654.5,1650.5999755859375,1652.800048828125,4151
2025-04-21 10:14:00+05:30,1653.4000244140625,1657.5999755859375,1652.5999755859375,1653.800048828125,3955
2025-04-21 10:15:00+05:30,1652.5,1654.4000244140625,1651.199951171875,1654.4000244140625,4806
2025-04-21 10:16:00+05:30,1653.5999755859375,1654.800048828125,1653.0,1653.4000244140625,1066
2025-04-21 10:17:00+05:30,1653.4000244140625,1654.5999755859375,1653.0,1653.0,1467
2025-04-21 10:18:00+05:30,1656.5,1656.5,1652.199951171875,1654.0,1588
2025-04-21 10:19:00+05:30,1648.5999755859375,1658.9000244140625,1648.5999755859375,1656.4000244140625,6260
2025-04-21 10:20:00+05:30,1654.5999755859375,1655.0,1647.199951171875,1648.5,3245
2025-04-21 10:21:00+05:30,1654.0,1658.300048828125,1652.0,1656.300048828125,3549
2025-04-21 10:22:00+05:30,1652.0,1653.800048828125,1650.0,1653.0999755859375,1813
2025-04-21 10:23:00+05:30,1653.9000244140625,1653.9000244140625,1652.0,1652.699951171875,4286
2025-04-21 10:24:00+05:30,1644.4000244140625,1657.0,1643.9000244140625,1655.800048828125,8501
2025-04-21 10:25:00+05:30,1648.0,1649.0,1644.199951171875,1644.800048828125,1982
2025-04-21 10:26:00+05:30,1645.5,1647.5,1644.800048828125,1647.5,2239
2025-04-21 10:27:00+05:30,1648.300048828125,1649.9000244140625,1645.0,1645.0,2655
2025-04-21 10:28:00+05:30,1644.5999755859375,1648.9000244140625,1644.5999755859375,1648.9000244140625,2042
2025-04-21 10:29:00+05:30,1642.4000244140625,1646.0999755859375,1642.4000244140625,1644.5,4073
2025-04-21 10:30:00+05:30,1645.9000244140625,1647.199951171875,1641.0,1642.4000244140625,7119
2025-04-21 10:31:00+05:30,1646.9000244140625,1647.9000244140625,1645.300048828125,1646.0,737
2025-04-21 10:32:00+05:30,1647.4000244140625,1647.5999755859375,1647.0,1647.5,927
2025-04-21 10:33:00+05:30,1647.0999755859375,1647.4000244140625,1646.300048828125,1647.4000244140625,590
2025-04-21 10:34:00+05:30,1649.5999755859375,1649.5999755859375,1646.699951171875,1646.699951171875,1265
2025-04-21 10:35:00+05:30,1650.0,1650.0,1649.0999755859375,1649.0999755859375,568
2025-04-21 10:36:00+05:30,1649.4000244140625,1650.0,1649.4000244140625,1649.5,3338
2025-04-21 10:37:00+05:30,1643.5999755859375,1649.9000244140625,1643.199951171875,1649.9000244140625,3750
2025-04-21 10:38:00+05:30,1642.800048828125,1643.699951171875,1641.5999755859375,1643.699951171875,1222
2025-04-21 10:39:00+05:30,1643.0999755859375,1644.9000244140625,1642.800048828125,1642.9000244140625,1448
2025-04-21 10:40:00+05:30,1637.0,1642.9000244140625,1637.0,1642.9000244140625,4501
2025-04-21 10:41:00+05:30,1641.9000244140625,1641.9000244140625,1635.9000244140625,1636.0,6694
2025-04-21 10:42:00+05:30,1637.0999755859375,1641.199951171875,1637.0999755859375,1641.199951171875,1120
2025-04-21 10:43:00+05:30,1638.4000244140625,1640.0,1637.9000244140625,1637.9000244140625,1779
2025-04-21 10:44:00+05:30,1636.9000244140625,1638.0,1635.199951171875,1638.0,1869
2025-04-21 10:45:00+05:30,1635.0,1637.0,1633.0999755859375,1637.0,4188
2025-04-21 10:46:00+05:30,1638.800048828125,1639.4000244140625,1636.0,1636.0,1600
2025-04-21 10:47:00+05:30,1637.0,1637.699951171875,1636.0999755859375,1636.199951171875,1463
2025-04-21 10:48:00+05:30,1638.9000244140625,1638.9000244140625,1636.0,1637.0,743
2025-04-21 10:49:00+05:30,1638.0999755859375,1639.800048828125,1638.0999755859375,1639.5999755859375,803
2025-04-21 10:50:00+05:30,1635.800048828125,1638.0999755859375,1635.0,1637.5,2674
2025-04-21 10:51:00+05:30,1639.699951171875,1639.9000244140625,1638.300048828125,1638.300048828125,416
2025-04-21 10:52:00+05:30,1639.4000244140625,1640.0,1639.300048828125,1639.9000244140625,1423
2025-04-21 10:53:00+05:30,1639.0,1639.5,1638.0999755859375,1639.4000244140625,780
2025-04-21 10:54:00+05:30,1639.0,1639.0,1638.0999755859375,1638.4000244140625,372
2025-04-21 10:55:00+05:30,1638.5999755859375,1639.300048828125,1638.5,1638.9000244140625,839
2025-04-21 10:56:00+05:30,1638.4000244140625,1638.5999755859375,1638.4000244140625,1638.5999755859375,175
2025-04-21 10:57:00+05:30,1639.300048828125,1639.300048828125,1638.4000244140625,1638.4000244140625,279
2025-04-21 10:58:00+05:30,1638.5999755859375,1639.9000244140625,1638.5999755859375,1639.300048828125,1538
2025-04-21 10:59:00+05:30,1636.800048828125,1639.199951171875,1636.5,1637.699951171875,1031
2025-04-21 11:00:00+05:30,1639.300048828125,1639.5,1637.0999755859375,1637.0999755859375,1093
2025-04-21 11:01:00+05:30,1639.199951171875,1639.5,1638.0999755859375,1639.300048828125,2381
2025-04-21 11:02:00+05:30,1639.800048828125,1640.800048828125,1639.199951171875,1640.0,1553
2025-04-21 11:03:00+05:30,1639.9000244140625,1640.0,1639.5999755859375,1640.0,489
2025-04-21 11:04:00+05:30,1640.0,1640.0,1639.5999755859375,1639.9000244140625,220
2025-04-21 11:05:00+05:30,1640.0,1640.0,1639.9000244140625,1639.9000244140625,146
2025-04-21 11:06:00+05:30,1639.699951171875,1640.0,1639.699951171875,1640.0,5127
2025-04-21 11:07:00+05:30,1640.0,1640.0,1639.0,1640.0,11286
2025-04-21 11:08:00+05:30,1639.0,1640.0,1639.0,1639.800048828125,283
2025-04-21 11:09:00+05:30,1639.9000244140625,1639.9000244140625,1639.0999755859375,1639.9000244140625,83
2025-04-21 11:10:00+05:30,1640.0,1640.0,1639.9000244140625,1640.0,1309
2025-04-21 11:11:00+05:30,1639.5999755859375,1640.0,1639.4000244140625,1640.0,506
2025-04-21 11:12:00+05:30,1639.9000244140625,1639.9000244140625,1639.0999755859375,1639.9000244140625,566
2025-04-21 11:13:00+05:30,1639.9000244140625,1639.9000244140625,1639.4000244140625,1639.9000244140625,340
2025-04-21 11:14:00+05:30,1640.0,1640.0,1639.9000244140625,1639.9000244140625,457
2025-04-21 11:15:00+05:30,1639.0,1639.9000244140625,1639.0,1639.9000244140625,940
2025-04-21 11:16:00+05:30,1638.0999755859375,1639.9000244140625,1638.0999755859375,1639.9000244140625,572
2025-04-21 11:17:00+05:30,1638.0,1639.0,1638.0,1638.0999755859375,381
2025-04-21 11:18:00+05:30,1638.9000244140625,1638.9000244140625,1637.300048828125,1638.5999755859375,872
2025-04-21 11:19:00+05:30,1638.800048828125,1639.800048828125,1638.699951171875,1639.800048828125,243
2025-04-21 11:20:00+05:30,1639.5999755859375,1639.5999755859375,1638.9000244140625,1639.5,629
2025-04-21 11:21:00+05:30,1640.0,1640.0,1639.300048828125,1639.5999755859375,353
2025-04-21 11:22:00+05:30,1639.5999755859375,1639.9000244140625,1639.4000244140625,1639.4000244140625,1685
2025-04-21 11:23:00+05:30,1640.0,1640.0,1639.300048828125,1639.300048828125,361
2025-04-21 11:24:00+05:30,1640.0,1640.0,1639.0999755859375,1639.9000244140625,512
2025-04-21 11:25:00+05:30,1640.0,1640.0,1639.800048828125,1640.0,860
2025-04-21 11:26:00+05:30,1639.4000244140625,1640.0,1638.0999755859375,1640.0,353
2025-04-21 11:27:00+05:30,1640.0,1640.0,1638.300048828125,1638.300048828125,148
2025-04-21 11:28:00+05:30,1640.0,1640.0,1639.5,1640.0,254
2025-04-21 11:29:00+05:30,1639.800048828125,1640.0,1639.5999755859375,1640.0,3008
2025-04-21 11:30:00+05:30,1639.5999755859375,1639.800048828125,1638.199951171875,1639.800048828125,401
2025-04-21 11:31:00+05:30,1639.300048828125,1639.9000244140625,1639.300048828125,1639.699951171875,1078
2025-04-21 11:32:00+05:30,1637.5999755859375,1639.0999755859375,1637.0999755859375,1638.0,770
2025-04-21 11:33:00+05:30,1638.5,1638.5,1637.0,1637.0,634
2025-04-21 11:34:00+05:30,1638.5999755859375,1639.5,1637.5,1637.5,617
2025-04-21 11:35:00+05:30,1639.4000244140625,1639.699951171875,1638.4000244140625,1638.5999755859375,376
2025-04-21 11:36:00+05:30,1639.800048828125,1639.800048828125,1639.199951171875,1639.800048828125,428
2025-04-21 11:37:00+05:30,1639.699951171875,1639.800048828125,1639.5,1639.5,298
2025-04-21 11:38:00+05:30,1639.199951171875,1639.4000244140625,1638.300048828125,1639.300048828125,671
2025-04-21 11:39:00+05:30,1635.5999755859375,1639.300048828125,1635.5999755859375,1639.199951171875,1541
2025-04-21 11:40:00+05:30,1637.0999755859375,1638.0,1635.5999755859375,1635.5999755859375,513
2025-04-21 11:41:00+05:30,1635.0,1636.699951171875,1635.0,1636.699951171875,864
2025-04-21 11:42:00+05:30,1636.9000244140625,1636.9000244140625,1635.0,1635.0,526
2025-04-21 11:43:00+05:30,1638.9000244140625,1638.9000244140625,1636.0999755859375,1636.9000244140625,758
2025-04-21 11:44:00+05:30,1638.9000244140625,1639.0,1638.300048828125,1638.300048828125,363
2025-04-21 11:45:00+05:30,1638.9000244140625,1638.9000244140625,1638.5,1638.9000244140625,170
2025-04-21 11:46:00+05:30,1639.9000244140625,1639.9000244140625,1638.800048828125,1638.9000244140625,1164
2025-04-21 11:47:00+05:30,1639.199951171875,1639.9000244140625,1639.199951171875,1639.199951171875,172
2025-04-21 11:48:00+05:30,1637.0,1639.800048828125,1637.0,1639.199951171875,866
2025-04-21 11:49:00+05:30,1640.0,1640.0,1637.699951171875,1637.9000244140625,2444
2025-04-21 11:50:00+05:30,1637.9000244140625,1639.0,1637.5999755859375,1638.300048828125,452
2025-04-21 11:51:00+05:30,1639.0,1639.0,1638.199951171875,1638.199951171875,364
2025-04-21 11:52:00+05:30,1638.0999755859375,1638.800048828125,1638.0999755859375,1638.800048828125,176
2025-04-21 11:53:00+05:30,1640.0,1640.0,1638.0999755859375,1638.199951171875,415
2025-04-21 11:54:00+05:30,1639.5999755859375,1640.0,1639.0,1639.300048828125,1168
2025-04-21 11:55:00+05:30,1640.0,1640.0,1639.300048828125,1639.300048828125,95
2025-04-21 11:56:00+05:30,1639.699951171875,1639.699951171875,1639.5999755859375,1639.5999755859375,364
2025-04-21 11:57:00+05:30,1640.0,1640.0,1639.800048828125,1639.9000244140625,350
2025-04-21 11:58:00+05:30,1640.0,1640.0,1639.9000244140625,1640.0,372
2025-04-21 11:59:00+05:30,1639.9000244140625,1640.0,1639.9000244140625,1640.0,352
2025-04-21 12:00:00+05:30,1638.800048828125,1640.0,1637.0999755859375,1640.0,661
2025-04-21 12:01:00+05:30,1638.0999755859375,1640.0,1638.0999755859375,1639.300048828125,318
2025-04-21 12:02:00+05:30,1638.800048828125,1639.199951171875,1637.0,1637.0,145
2025-04-21 12:03:00+05:30,1640.0,1640.0,1639.699951171875,1639.699951171875,259
2025-04-21 12:04:00+05:30,1638.4000244140625,1640.0,1637.5999755859375,1639.5999755859375,861
2025-04-21 12:05:00+05:30,1639.0999755859375,1639.0999755859375,1637.300048828125,1638.0999755859375,329
2025-04-21 12:06:00+05:30,1639.0999755859375,1639.0999755859375,1638.4000244140625,1638.4000244140625,112
2025-04-21 12:07:00+05:30,1638.9000244140625,1639.5,1638.5999755859375,1639.0999755859375,196
2025-04-21 12:08:00+05:30,1639.0999755859375,1639.199951171875,1638.5,1638.5,80
2025-04-21 12:09:00+05:30,1639.9000244140625,1639.9000244140625,1639.199951171875,1639.199951171875,175
2025-04-21 12:10:00+05:30,1637.5,1639.300048828125,1637.0,1639.300048828125,1497
2025-04-21 12:11:00+05:30,1636.199951171875,1637.9000244140625,1636.199951171875,1637.9000244140625,682
2025-04-21 12:12:00+05:30,1636.800048828125,1637.5,1635.199951171875,1635.199951171875,553
2025-04-21 12:13:00+05:30,1636.5,1637.199951171875,1635.800048828125,1635.800048828125,72
2025-04-21 12:14:00+05:30,1636.4000244140625,1637.4000244140625,1635.800048828125,1637.4000244140625,301
2025-04-21 12:15:00+05:30,1637.199951171875,1637.199951171875,1636.4000244140625,1636.4000244140625,208
2025-04-21 12:16:00+05:30,1638.800048828125,1639.0,1637.5,1637.5,539
2025-04-21 12:17:00+05:30,1638.9000244140625,1639.0,1638.9000244140625,1638.9000244140625,389
2025-04-21 12:18:00+05:30,1640.0,1640.0,1639.0,1639.0,814
2025-04-21 12:19:00+05:30,1638.0999755859375,1640.0,1638.0999755859375,1639.800048828125,1781
2025-04-21 12:20:00+05:30,1639.0,1639.0,1638.5,1639.0,269
2025-04-21 12:21:00+05:30,1638.4000244140625,1638.9000244140625,1638.4000244140625,1638.5,105
2025-04-21 12:22:00+05:30,1639.800048828125,1640.0,1637.0,1638.199951171875,1967
2025-04-21 12:23:00+05:30,1635.199951171875,1638.9000244140625,1635.199951171875,1638.5,5542
2025-04-21 12:24:00+05:30,1636.9000244140625,1637.5999755859375,1632.4000244140625,1633.800048828125,3895
2025-04-21 12:25:00+05:30,1639.199951171875,1639.199951171875,1636.699951171875,1636.9000244140625,9305
2025-04-21 12:26:00+05:30,1635.0,1639.199951171875,1635.0,1638.0,9137
2025-04-21 12:27:00+05:30,1637.0,1637.0,1633.800048828125,1634.4000244140625,394
2025-04-21 12:28:00+05:30,1632.199951171875,1636.0999755859375,1631.800048828125,1636.0999755859375,7814
2025-04-21 12:29:00+05:30,1636.0,1636.0,1632.9000244140625,1632.9000244140625,3559
2025-04-21 12:30:00+05:30,1635.800048828125,1636.5,1633.9000244140625,1635.9000244140625,6584
2025-04-21 12:31:00+05:30,1635.0,1637.5,1634.5,1636.699951171875,7829
2025-04-21 12:32:00+05:30,1634.0,1635.0,1634.0,1635.0,401
2025-04-21 12:33:00+05:30,1636.9000244140625,1636.9000244140625,1634.4000244140625,1634.800048828125,5732
2025-04-21 12:34:00+05:30,1637.0,1637.800048828125,1636.0,1637.0999755859375,4438
2025-04-21 12:35:00+05:30,1634.5,1637.199951171875,1634.5,1636.5,214
2025-04-21 12:36:00+05:30,1635.0999755859375,1635.800048828125,1634.9000244140625,1634.9000244140625,207
2025-04-21 12:37:00+05:30,1636.300048828125,1636.699951171875,1635.0999755859375,1636.199951171875,243
2025-04-21 12:38:00+05:30,1635.5,1636.300048828125,1635.4000244140625,1635.4000244140625,51
2025-04-21 12:39:00+05:30,1636.300048828125,1637.0,1636.199951171875,1636.5999755859375,173
2025-04-21 12:40:00+05:30,1636.5,1636.5,1635.5,1636.199951171875,143
2025-04-21 12:41:00+05:30,1635.9000244140625,1636.0999755859375,1635.5,1635.5,85
2025-04-21 12:42:00+05:30,1637.0999755859375,1637.0999755859375,1635.9000244140625,1635.9000244140625,121
2025-04-21 12:43:00+05:30,1636.5999755859375,1637.0999755859375,1636.0999755859375,1636.0999755859375,263
2025-04-21 12:44:00+05:30,1633.0,1635.9000244140625,1632.199951171875,1635.9000244140625,607
2025-04-21 12:45:00+05:30,1634.0,1634.0,1632.199951171875,1633.0,311
2025-04-21 12:46:00+05:30,1631.800048828125,1634.0,1631.800048828125,1633.699951171875,3011
2025-04-21 12:47:00+05:30,1634.699951171875,1634.699951171875,1631.800048828125,1631.800048828125,619
2025-04-21 12:48:00+05:30,1633.4000244140625,1635.0999755859375,1633.4000244140625,1635.0,704
2025-04-21 12:49:00+05:30,1634.4000244140625,1634.4000244140625,1633.300048828125,1633.300048828125,240
2025-04-21 12:50:00+05:30,1634.300048828125,1634.5,1633.5999755859375,1633.5999755859375,113
2025-04-21 12:51:00+05:30,1634.300048828125,1634.300048828125,1633.800048828125,1634.300048828125,212
2025-04-21 12:52:00+05:30,1634.300048828125,1634.300048828125,1633.9000244140625,1634.300048828125,550
2025-04-21 12:53:00+05:30,1634.0,1634.300048828125,1634.0,1634.300048828125,89
2025-04-21 12:54:00+05:30,1634.300048828125,1634.300048828125,1633.5,1634.0999755859375,534
2025-04-21 12:55:00+05:30,1633.9000244140625,1634.300048828125,1633.800048828125,1634.300048828125,320
2025-04-21 12:56:00+05:30,1636.0,1636.0,1634.800048828125,1634.800048828125,2200
2025-04-21 12:57:00+05:30,1634.800048828125,1636.0,1634.699951171875,1636.0,147
2025-04-21 12:58:00+05:30,1635.699951171875,1635.9000244140625,1634.9000244140625,1634.9000244140625,591
2025-04-21 12:59:00+05:30,1634.9000244140625,1636.0,1634.9000244140625,1635.0,202
2025-04-21 13:00:00+05:30,1635.5,1635.5,1635.0,1635.0,53
2025-04-21 13:01:00+05:30,1636.0,1636.0,1635.5,1635.5,157
2025-04-21 13:02:00+05:30,1634.699951171875,1635.5999755859375,1634.4000244140625,1635.5999755859375,502
2025-04-21 13:03:00+05:30,1634.5999755859375,1636.0,1634.5999755859375,1636.0,294
2025-04-21 13:04:00+05:30,1634.800048828125,1636.0,1634.800048828125,1635.800048828125,172
2025-04-21 13:05:00+05:30,1635.9000244140625,1635.9000244140625,1634.5,1635.0,139
2025-04-21 13:06:00+05:30,1635.800048828125,1635.9000244140625,1635.199951171875,1635.9000244140625,108
2025-04-21 13:07:00+05:30,1636.0,1636.0,1635.800048828125,1635.800048828125,374
2025-04-21 13:08:00+05:30,1634.0,1636.0,1634.0,1636.0,300
2025-04-21 13:09:00+05:30,1634.5,1635.0,1634.0,1634.0,538
2025-04-21 13:10:00+05:30,1636.0,1636.0,1634.5999755859375,1634.5999755859375,312
2025-04-21 13:11:00+05:30,1635.199951171875,1635.199951171875,1635.199951171875,1635.199951171875,164
2025-04-21 13:12:00+05:30,1635.4000244140625,1635.699951171875,1635.0,1635.5999755859375,260
2025-04-21 13:13:00+05:30,1637.0999755859375,1637.9000244140625,1635.800048828125,1635.800048828125,5438
2025-04-21 13:14:00+05:30,1638.9000244140625,1639.0,1637.199951171875,1637.199951171875,750
2025-04-21 13:15:00+05:30,1638.199951171875,1639.0,1638.0999755859375,1639.0,1755
2025-04-21 13:16:00+05:30,1640.0,1640.0,1638.5,1638.9000244140625,499
2025-04-21 13:17:00+05:30,1639.9000244140625,1640.0,1638.0999755859375,1640.0,912
2025-04-21 13:18:00+05:30,1639.5999755859375,1640.0,1639.5999755859375,1640.0,959
2025-04-21 13:19:00+05:30,1639.9000244140625,1639.9000244140625,1639.300048828125,1639.300048828125,271
2025-04-21 13:20:00+05:30,1639.300048828125,1640.0,1639.0,1639.9000244140625,1248
2025-04-21 13:21:00+05:30,1639.800048828125,1639.800048828125,1639.0999755859375,1639.0999755859375,250
2025-04-21 13:22:00+05:30,1639.0999755859375,1639.9000244140625,1638.300048828125,1639.699951171875,520
2025-04-21 13:23:00+05:30,1639.9000244140625,1639.9000244140625,1638.5,1639.5999755859375,504
2025-04-21 13:24:00+05:30,1640.0,1640.0,1639.4000244140625,1640.0,381
2025-04-21 13:25:00+05:30,1639.0,1639.9000244140625,1639.0,1639.9000244140625,398
2025-04-21 13:26:00+05:30,1639.4000244140625,1639.4000244140625,1638.5,1639.0,314
2025-04-21 13:27:00+05:30,1639.9000244140625,1639.9000244140625,1639.5,1639.5,351
2025-04-21 13:28:00+05:30,1639.800048828125,1639.9000244140625,1638.4000244140625,1639.9000244140625,475
2025-04-21 13:29:00+05:30,1644.300048828125,1645.0,1639.800048828125,1639.800048828125,5251
2025-04-21 13:30:00+05:30,1644.9000244140625,1645.0,1643.699951171875,1644.300048828125,566
2025-04-21 13:31:00+05:30,1644.9000244140625,1644.9000244140625,1644.0,1644.9000244140625,1447
2025-04-21 13:32:00+05:30,1644.0,1644.9000244140625,1643.5,1644.800048828125,971
2025-04-21 13:33:00+05:30,1645.0,1645.0,1644.199951171875,1644.4000244140625,721
2025-04-21 13:34:00+05:30,1645.0,1645.0,1644.0999755859375,1645.0,415
2025-04-21 13:35:00+05:30,1645.0,1645.0,1644.5,1645.0,540
2025-04-21 13:36:00+05:30,1643.5999755859375,1645.0,1643.4000244140625,1644.699951171875,4546
2025-04-21 13:37:00+05:30,1645.0,1645.0,1643.800048828125,1643.800048828125,289
2025-04-21 13:38:00+05:30,1644.9000244140625,1645.0,1644.0999755859375,1644.0999755859375,335
2025-04-21 13:39:00+05:30,1643.5999755859375,1645.0,1643.5,1644.300048828125,963
2025-04-21 13:40:00+05:30,1645.0,1645.0,1643.699951171875,1643.699951171875,436
2025-04-21 13:41:00+05:30,1645.0,1645.0,1643.9000244140625,1645.0,2787
2025-04-21 13:42:00+05:30,1645.0,1645.0,1644.5999755859375,1645.0,3166
2025-04-21 13:43:00+05:30,1644.800048828125,1645.0,1644.300048828125,1645.0,432
2025-04-21 13:44:00+05:30,1645.0,1645.0,1644.9000244140625,1645.0,708
2025-04-21 13:45:00+05:30,1645.0,1645.0,1644.199951171875,1645.0,912
2025-04-21 13:46:00+05:30,1643.800048828125,1645.0,1642.9000244140625,1644.0999755859375,853
2025-04-21 13:47:00+05:30,1644.9000244140625,1644.9000244140625,1643.9000244140625,1643.9000244140625,307
2025-04-21 13:48:00+05:30,1644.9000244140625,1644.9000244140625,1644.199951171875,1644.199951171875,440
2025-04-21 13:49:00+05:30,1644.800048828125,1645.0,1644.699951171875,1645.0,743
2025-04-21 13:50:00+05:30,1643.5999755859375,1645.0,1643.5999755859375,1644.9000244140625,280
2025-04-21 13:51:00+05:30,1644.199951171875,1645.0,1644.199951171875,1644.300048828125,404
2025-04-21 13:52:00+05:30,1643.9000244140625,1645.0,1643.5999755859375,1644.4000244140625,818
2025-04-21 13:53:00+05:30,1645.0,1645.0,1643.699951171875,1644.9000244140625,634
2025-04-21 13:54:00+05:30,1644.9000244140625,1644.9000244140625,1644.5,1644.5,424
2025-04-21 13:55:00+05:30,1645.0,1645.0,1644.5,1644.9000244140625,319
2025-04-21 13:56:00+05:30,1644.9000244140625,1645.0,1644.199951171875,1644.5,414
2025-04-21 13:57:00+05:30,1645.0,1645.0,1644.9000244140625,1645.0,636
2025-04-21 13:58:00+05:30,1645.0,1645.0,1644.4000244140625,1644.9000244140625,304
2025-04-21 13:59:00+05:30,1644.5,1645.0,1644.4000244140625,1645.0,533
2025-04-21 14:00:00+05:30,1644.5,1644.5,1644.4000244140625,1644.4000244140625,297
2025-04-21 14:01:00+05:30,1644.4000244140625,1644.5,1644.4000244140625,1644.5,575
2025-04-21 14:02:00+05:30,1645.0,1645.0,1644.4000244140625,1644.4000244140625,494
2025-04-21 14:03:00+05:30,1645.0,1645.0,1644.300048828125,1645.0,360
2025-04-21 14:04:00+05:30,1644.9000244140625,1645.0,1644.5,1644.699951171875,515
2025-04-21 14:05:00+05:30,1645.0,1645.0,1644.9000244140625,1645.0,1059
2025-04-21 14:06:00+05:30,1645.0,1645.0,1644.5,1645.0,619
2025-04-21 14:07:00+05:30,1645.0,1645.0,1643.9000244140625,1643.9000244140625,317
2025-04-21 14:08:00+05:30,1644.5999755859375,1645.0,1644.5999755859375,1645.0,304
2025-04-21 14:09:00+05:30,1645.0,1645.0,1644.699951171875,1645.0,692
2025-04-21 14:10:00+05:30,1644.9000244140625,1645.0,1644.699951171875,1645.0,290
2025-04-21 14:11:00+05:30,1645.0,1645.0,1644.800048828125,1645.0,340
2025-04-21 14:12:00+05:30,1645.0,1645.0,1644.800048828125,1645.0,261
2025-04-21 14:13:00+05:30,1645.0,1645.0,1644.800048828125,1644.9000244140625,338
2025-04-21 14:14:00+05:30,1645.0,1645.0,1644.699951171875,1644.800048828125,691
2025-04-21 14:15:00+05:30,1644.699951171875,1645.0,1644.0999755859375,1645.0,886
2025-04-21 14:16:00+05:30,1644.300048828125,1645.0,1644.199951171875,1644.9000244140625,646
2025-04-21 14:17:00+05:30,1644.5,1644.9000244140625,1643.5,1644.800048828125,738
2025-04-21 14:18:00+05:30,1643.800048828125,1644.5,1643.800048828125,1643.9000244140625,609
2025-04-21 14:19:00+05:30,1644.5,1644.5,1643.9000244140625,1644.300048828125,447
2025-04-21 14:20:00+05:30,1644.0,1644.5,1643.800048828125,1643.800048828125,501
2025-04-21 14:21:00+05:30,1644.5999755859375,1644.5999755859375,1643.300048828125,1643.300048828125,737
2025-04-21 14:22:00+05:30,1643.199951171875,1644.5999755859375,1643.199951171875,1644.5,677
2025-04-21 14:23:00+05:30,1644.199951171875,1644.4000244140625,1643.199951171875,1644.4000244140625,4202
2025-04-21 14:24:00+05:30,1643.699951171875,1644.300048828125,1641.0999755859375,1643.9000244140625,2345
2025-04-21 14:25:00+05:30,1642.800048828125,1644.5,1641.800048828125,1643.699951171875,445
2025-04-21 14:26:00+05:30,1644.699951171875,1644.699951171875,1643.800048828125,1643.9000244140625,2166
2025-04-21 14:27:00+05:30,1643.5,1644.5999755859375,1643.300048828125,1644.199951171875,370
2025-04-21 14:28:00+05:30,1644.5999755859375,1644.9000244140625,1643.0999755859375,1644.4000244140625,460
2025-04-21 14:29:00+05:30,1644.300048828125,1644.5,1643.5999755859375,1643.5999755859375,361
2025-04-21 14:30:00+05:30,1643.699951171875,1644.9000244140625,1642.9000244140625,1644.300048828125,1106
2025-04-21 14:31:00+05:30,1642.4000244140625,1642.5,1641.5,1642.4000244140625,542
2025-04-21 14:32:00+05:30,1640.9000244140625,1643.300048828125,1639.9000244140625,1643.199951171875,739
2025-04-21 14:33:00+05:30,1641.0,1641.5,1640.0999755859375,1641.0999755859375,944
2025-04-21 14:34:00+05:30,1640.0,1641.0,1638.9000244140625,1641.0,387
2025-04-21 14:35:00+05:30,1641.5,1642.0,1639.5,1640.300048828125,3627
2025-04-21 14:36:00+05:30,1641.5,1641.5,1640.0999755859375,1641.0999755859375,487
2025-04-21 14:37:00+05:30,1641.5,1641.5,1639.800048828125,1641.5,600
2025-04-21 14:38:00+05:30,1641.0,1641.5,1641.0,1641.5,355
2025-04-21 14:39:00+05:30,1640.699951171875,1641.5,1640.699951171875,1641.5,555
2025-04-21 14:40:00+05:30,1641.5,1641.5,1641.0999755859375,1641.0999755859375,399
2025-04-21 14:41:00+05:30,1641.5,1641.5,1640.699951171875,1640.9000244140625,341
2025-04-21 14:42:00+05:30,1641.4000244140625,1641.699951171875,1640.800048828125,1641.5,323
2025-04-21 14:43:00+05:30,1641.199951171875,1641.5,1641.199951171875,1641.5,462
2025-04-21 14:44:00+05:30,1640.9000244140625,1641.5,1640.9000244140625,1641.300048828125,467
2025-04-21 14:45:00+05:30,1640.199951171875,1641.5,1640.0,1641.5,855
2025-04-21 14:46:00+05:30,1641.5,1641.5,1640.0999755859375,1641.199951171875,686
2025-04-21 14:47:00+05:30,1641.4000244140625,1642.9000244140625,1640.5,1641.5,2296
2025-04-21 14:48:00+05:30,1642.0,1642.199951171875,1640.699951171875,1642.0,601
2025-04-21 14:49:00+05:30,1641.5,1642.199951171875,1640.5999755859375,1642.0999755859375,681
2025-04-21 14:50:00+05:30,1641.0999755859375,1641.699951171875,1641.0999755859375,1641.699951171875,323
2025-04-21 14:51:00+05:30,1641.5,1642.300048828125,1641.4000244140625,1641.699951171875,713
2025-04-21 14:52:00+05:30,1641.5,1642.0999755859375,1641.5,1641.5,3088
2025-04-21 14:53:00+05:30,1641.4000244140625,1642.199951171875,1640.4000244140625,1642.199951171875,1326
2025-04-21 14:54:00+05:30,1641.5,1641.5999755859375,1640.800048828125,1641.300048828125,316
2025-04-21 14:55:00+05:30,1641.5,1641.5,1641.0999755859375,1641.5,384
2025-04-21 14:56:00+05:30,1641.4000244140625,1641.800048828125,1641.300048828125,1641.5,418
2025-04-21 14:57:00+05:30,1641.0,1642.0,1641.0,1641.5999755859375,397
2025-04-21 14:58:00+05:30,1640.0,1641.5,1640.0,1641.5,677
2025-04-21 14:59:00+05:30,1640.0999755859375,1641.9000244140625,1639.300048828125,1641.5,2156
2025-04-21 15:00:00+05:30,1640.800048828125,1641.4000244140625,1639.5999755859375,1640.199951171875,418
2025-04-21 15:01:00+05:30,1641.5,1641.5999755859375,1640.800048828125,1641.5999755859375,451
2025-04-21 15:02:00+05:30,1641.0,1641.5,1639.800048828125,1641.4000244140625,1220
2025-04-21 15:03:00+05:30,1640.0,1640.199951171875,1638.699951171875,1640.199951171875,1239
2025-04-21 15:04:00+05:30,1641.199951171875,1641.199951171875,1639.0999755859375,1639.0999755859375,575
2025-04-21 15:05:00+05:30,1637.800048828125,1639.5999755859375,1636.0,1639.5999755859375,4666
2025-04-21 15:06:00+05:30,1638.0,1638.0999755859375,1635.5999755859375,1638.0999755859375,3686
2025-04-21 15:07:00+05:30,1638.0,1638.0,1636.699951171875,1637.0,1091
2025-04-21 15:08:00+05:30,1638.0,1638.0,1635.9000244140625,1637.699951171875,2425
2025-04-21 15:09:00+05:30,1638.0,1638.0,1637.4000244140625,1638.0,3463
2025-04-21 15:10:00+05:30,1639.199951171875,1639.5999755859375,1637.800048828125,1638.5,10008
2025-04-21 15:11:00+05:30,1642.199951171875,1643.0,1639.300048828125,1640.0,2202
2025-04-21 15:12:00+05:30,1640.300048828125,1641.5,1640.0,1641.0999755859375,489
2025-04-21 15:13:00+05:30,1641.4000244140625,1641.4000244140625,1640.0999755859375,1640.9000244140625,361
2025-04-21 15:14:00+05:30,1643.0,1643.0,1641.9000244140625,1641.9000244140625,1668
2025-04-21 15:15:00+05:30,1641.300048828125,1644.9000244140625,1641.300048828125,1643.9000244140625,7088
2025-04-21 15:16:00+05:30,1642.9000244140625,1644.0,1641.0,1641.0,1215
2025-04-21 15:17:00+05:30,1644.5,1644.5999755859375,1642.4000244140625,1643.9000244140625,1806
2025-04-21 15:18:00+05:30,1644.5999755859375,1645.0,1643.9000244140625,1644.699951171875,4982
2025-04-21 15:19:00+05:30,1645.0,1645.0,1643.5999755859375,1644.4000244140625,177066
2025-04-21 15:20:00+05:30,1643.699951171875,1645.0,1641.0,1645.0,3613
2025-04-21 15:21:00+05:30,1641.300048828125,1645.0,1641.300048828125,1644.800048828125,1818
2025-04-21 15:22:00+05:30,1638.4000244140625,1641.4000244140625,1638.4000244140625,1641.300048828125,1152
2025-04-21 15:23:00+05:30,1639.300048828125,1640.0,1638.5,1638.5,1046
2025-04-21 15:24:00+05:30,1641.9000244140625,1643.4000244140625,1640.9000244140625,1640.9000244140625,3214
2025-04-21 15:25:00+05:30,1640.0,1641.699951171875,1639.300048828125,1641.5999755859375,1229
2025-04-21 15:26:00+05:30,1641.5999755859375,1641.9000244140625,1640.199951171875,1640.199951171875,1653
2025-04-21 15:27:00+05:30,1644.5,1644.5,1641.199951171875,1641.199951171875,804
2025-04-21 15:28:00+05:30,1644.800048828125,1645.0,1644.699951171875,1645.0,1682
2025-04-21 15:29:00+05:30,1645.0,1645.0999755859375,1644.0,1645.0999755859375,1165
2025-04-22 09:15:00+05:30,1638.4000244140625,1655.300048828125,1637.9000244140625,1652.0999755859375,0
2025-04-22 09:16:00+05:30,1620.300048828125,1639.300048828125,1619.5999755859375,1635.0,6464
2025-04-22 09:17:00+05:30,1637.199951171875,1637.199951171875,1611.300048828125,1617.0,10248
2025-04-22 09:18:00+05:30,1639.800048828125,1643.199951171875,1632.800048828125,1635.300048828125,10574
2025-04-22 09:19:00+05:30,1628.0999755859375,1639.800048828125,1628.0999755859375,1639.800048828125,1886
2025-04-22 09:20:00+05:30,1636.699951171875,1636.699951171875,1630.5,1630.5,1956
2025-04-22 09:21:00+05:30,1641.9000244140625,1641.9000244140625,1637.300048828125,1637.4000244140625,2729
2025-04-22 09:22:00+05:30,1646.0999755859375,1648.699951171875,1643.5,1643.5,3609
2025-04-22 09:23:00+05:30,1646.800048828125,1651.4000244140625,1644.199951171875,1651.4000244140625,2652
2025-04-22 09:24:00+05:30,1650.699951171875,1651.300048828125,1644.800048828125,1645.800048828125,1930
2025-04-22 09:25:00+05:30,1649.4000244140625,1650.9000244140625,1649.300048828125,1650.4000244140625,500
2025-04-22 09:26:00+05:30,1646.300048828125,1649.300048828125,1645.5,1647.699951171875,512
2025-04-22 09:27:00+05:30,1650.800048828125,1652.9000244140625,1648.5999755859375,1650.9000244140625,2045
2025-04-22 09:28:00+05:30,1653.300048828125,1654.300048828125,1651.5999755859375,1652.4000244140625,2375
2025-04-22 09:29:00+05:30,1659.300048828125,1659.300048828125,1654.800048828125,1655.800048828125,2822
2025-04-22 09:30:00+05:30,1664.9000244140625,1667.300048828125,1660.800048828125,1660.800048828125,13155
2025-04-22 09:31:00+05:30,1667.5999755859375,1668.0,1662.5,1664.699951171875,8781
2025-04-22 09:32:00+05:30,1670.0,1671.0,1664.699951171875,1667.0,6638
2025-04-22 09:33:00+05:30,1669.4000244140625,1671.800048828125,1667.0,1669.9000244140625,4209
2025-04-22 09:34:00+05:30,1666.800048828125,1670.0,1665.0,1669.0999755859375,5437
2025-04-22 09:35:00+05:30,1664.5999755859375,1665.5999755859375,1663.199951171875,1665.5,1609
2025-04-22 09:36:00+05:30,1661.800048828125,1666.0999755859375,1661.0,1665.0,820
2025-04-22 09:37:00+05:30,1661.5999755859375,1662.5999755859375,1658.0999755859375,1662.5999755859375,1711
2025-04-22 09:38:00+05:30,1663.0999755859375,1663.0999755859375,1660.0,1662.5999755859375,1010
2025-04-22 09:39:00+05:30,1663.5999755859375,1663.5999755859375,1661.699951171875,1663.199951171875,566
2025-04-22 09:40:00+05:30,1663.5,1665.0,1660.0999755859375,1665.0,1186
2025-04-22 09:41:00+05:30,1662.0,1664.0999755859375,1662.0,1664.0999755859375,481
2025-04-22 09:42:00+05:30,1660.0,1662.0999755859375,1659.0,1661.0,1083
2025-04-22 09:43:00+05:30,1658.5,1661.0999755859375,1658.5,1660.0,515
2025-04-22 09:44:00+05:30,1658.199951171875,1659.800048828125,1655.0999755859375,1655.0999755859375,2431
2025-04-22 09:45:00+05:30,1655.4000244140625,1656.5,1655.199951171875,1656.199951171875,1913
2025-04-22 09:46:00+05:30,1655.300048828125,1656.9000244140625,1655.300048828125,1656.9000244140625,285
2025-04-22 09:47:00+05:30,1657.0,1657.0,1655.300048828125,1657.0,426
2025-04-22 09:48:00+05:30,1648.800048828125,1656.5999755859375,1648.800048828125,1655.800048828125,3476
2025-04-22 09:49:00+05:30,1645.300048828125,1649.0999755859375,1645.300048828125,1648.9000244140625,2812
2025-04-22 09:50:00+05:30,1646.4000244140625,1646.4000244140625,1644.0,1645.5,2301
2025-04-22 09:51:00+05:30,1648.0999755859375,1649.0999755859375,1646.4000244140625,1646.4000244140625,2326
2025-04-22 09:52:00+05:30,1646.9000244140625,1649.4000244140625,1646.9000244140625,1649.4000244140625,521
2025-04-22 09:53:00+05:30,1649.0,1649.199951171875,1647.800048828125,1647.9000244140625,1095
2025-04-22 09:54:00+05:30,1648.300048828125,1650.9000244140625,1647.300048828125,1649.0999755859375,458
2025-04-22 09:55:00+05:30,1648.9000244140625,1649.699951171875,1646.5,1648.199951171875,5869
2025-04-22 09:56:00+05:30,1647.699951171875,1650.0999755859375,1647.0,1648.699951171875,2829
2025-04-22 09:57:00+05:30,1648.4000244140625,1648.800048828125,1647.0,1647.0,241
2025-04-22 09:58:00+05:30,1644.5999755859375,1648.800048828125,1643.0999755859375,1648.800048828125,1857
2025-04-22 09:59:00+05:30,1646.5999755859375,1646.5999755859375,1642.0,1644.699951171875,1523
2025-04-22 10:00:00+05:30,1644.199951171875,1646.699951171875,1643.9000244140625,1646.5999755859375,344
2025-04-22 10:01:00+05:30,1646.0999755859375,1647.199951171875,1644.300048828125,1644.300048828125,685
2025-04-22 10:02:00+05:30,1648.4000244140625,1648.5,1647.0,1647.9000244140625,569
2025-04-22 10:03:00+05:30,1650.5999755859375,1652.300048828125,1648.9000244140625,1648.9000244140625,1624
2025-04-22 10:04:00+05:30,1649.800048828125,1651.199951171875,1649.800048828125,1651.0,405
2025-04-22 10:05:00+05:30,1648.800048828125,1649.800048828125,1647.0,1648.9000244140625,456
2025-04-22 10:06:00+05:30,1648.0,1648.0999755859375,1646.699951171875,1648.0999755859375,377
2025-04-22 10:07:00+05:30,1647.300048828125,1648.0,1647.300048828125,1648.0,9
2025-04-22 10:08:00+05:30,1649.5,1650.9000244140625,1647.4000244140625,1648.5999755859375,747
2025-04-22 10:09:00+05:30,1650.9000244140625,1650.9000244140625,1649.800048828125,1649.800048828125,120
2025-04-22 10:10:00+05:30,1648.0999755859375,1649.5,1647.800048828125,1649.5,446
2025-04-22 10:11:00+05:30,1645.9000244140625,1648.0999755859375,1645.9000244140625,1648.0999755859375,412
2025-04-22 10:12:00+05:30,1644.699951171875,1647.300048828125,1643.199951171875,1646.4000244140625,2974
2025-04-22 10:13:00+05:30,1645.0999755859375,1646.0,1644.5,1644.5,487
2025-04-22 10:14:00+05:30,1644.699951171875,1645.0999755859375,1644.5999755859375,1645.0999755859375,10
2025-04-22 10:15:00+05:30,1644.300048828125,1645.300048828125,1644.0,1644.699951171875,661
2025-04-22 10:16:00+05:30,1642.5999755859375,1645.300048828125,1642.5999755859375,1644.699951171875,841
2025-04-22 10:17:00+05:30,1642.199951171875,1642.199951171875,1641.199951171875,1642.199951171875,861
2025-04-22 10:18:00+05:30,1644.199951171875,1645.699951171875,1642.300048828125,1642.5999755859375,723
2025-04-22 10:19:00+05:30,1644.800048828125,1647.0999755859375,1644.5999755859375,1645.0,3880
2025-04-22 10:20:00+05:30,1642.800048828125,1643.9000244140625,1641.5,1643.5,716
2025-04-22 10:21:00+05:30,1643.4000244140625,1643.4000244140625,1640.5999755859375,1641.5,1361
2025-04-22 10:22:00+05:30,1644.0,1644.199951171875,1643.300048828125,1643.300048828125,155
2025-04-22 10:23:00+05:30,1644.0,1644.800048828125,1643.9000244140625,1644.800048828125,441
2025-04-22 10:24:00+05:30,1645.0,1645.0,1642.4000244140625,1644.0,738
2025-04-22 10:25:00+05:30,1644.9000244140625,1646.300048828125,1643.800048828125,1645.300048828125,731
2025-04-22 10:26:00+05:30,1643.5999755859375,1643.5999755859375,1642.199951171875,1643.300048828125,206
2025-04-22 10:27:00+05:30,1644.9000244140625,1644.9000244140625,1642.699951171875,1642.800048828125,384
2025-04-22 10:28:00+05:30,1643.0999755859375,1645.0,1643.0999755859375,1644.5999755859375,363
2025-04-22 10:29:00+05:30,1644.5999755859375,1644.5999755859375,1642.5,1643.0999755859375,201
2025-04-22 10:30:00+05:30,1643.800048828125,1644.5,1643.300048828125,1643.4000244140625,444
2025-04-22 10:31:00+05:30,1644.5999755859375,1644.5999755859375,1643.199951171875,1643.199951171875,594
2025-04-22 10:32:00+05:30,1643.199951171875,1644.5,1643.199951171875,1644.5,177
2025-04-22 10:33:00+05:30,1644.5999755859375,1644.5999755859375,1642.199951171875,1642.5,2811
2025-04-22 10:34:00+05:30,1644.0,1644.5,1643.5999755859375,1644.4000244140625,488
2025-04-22 10:35:00+05:30,1642.5,1645.699951171875,1642.5,1645.699951171875,931
2025-04-22 10:36:00+05:30,1641.0999755859375,1643.5999755859375,1641.0999755859375,1643.5999755859375,293
2025-04-22 10:37:00+05:30,1642.199951171875,1643.4000244140625,1641.0,1641.0,1030
2025-04-22 10:38:00+05:30,1641.800048828125,1642.9000244140625,1641.800048828125,1642.4000244140625,239
2025-04-22 10:39:00+05:30,1641.0,1642.800048828125,1641.0,1642.800048828125,567
2025-04-22 10:40:00+05:30,1642.300048828125,1642.300048828125,1640.199951171875,1640.5999755859375,588
2025-04-22 10:41:00+05:30,1641.300048828125,1642.0,1640.5,1642.0,397
2025-04-22 10:42:00+05:30,1641.0,1641.5,1641.0,1641.300048828125,277
2025-04-22 10:43:00+05:30,1641.199951171875,1641.5999755859375,1641.0999755859375,1641.0999755859375,327
2025-04-22 10:44:00+05:30,1641.4000244140625,1641.9000244140625,1641.0,1641.199951171875,306
2025-04-22 10:45:00+05:30,1642.699951171875,1642.699951171875,1641.0,1641.199951171875,1093
2025-04-22 10:46:00+05:30,1641.4000244140625,1642.800048828125,1641.4000244140625,1642.800048828125,617
2025-04-22 10:47:00+05:30,1641.0,1641.800048828125,1641.0,1641.4000244140625,469
2025-04-22 10:48:00+05:30,1641.0,1641.9000244140625,1640.199951171875,1640.9000244140625,216
2025-04-22 10:49:00+05:30,1640.5999755859375,1641.800048828125,1640.4000244140625,1641.0,475
2025-04-22 10:50:00+05:30,1640.9000244140625,1641.699951171875,1640.800048828125,1641.0,146
2025-04-22 10:51:00+05:30,1641.0,1641.0,1640.9000244140625,1640.9000244140625,146
2025-04-22 10:52:00+05:30,1640.9000244140625,1641.300048828125,1640.9000244140625,1640.9000244140625,203
2025-04-22 10:53:00+05:30,1643.0,1643.0999755859375,1642.0,1642.699951171875,1416
2025-04-22 10:54:00+05:30,1643.0,1643.199951171875,1642.4000244140625,1642.4000244140625,144
2025-04-22 10:55:00+05:30,1642.0999755859375,1642.300048828125,1641.0999755859375,1642.300048828125,507
2025-04-22 10:56:00+05:30,1641.699951171875,1642.0999755859375,1641.699951171875,1641.699951171875,165
2025-04-22 10:57:00+05:30,1641.4000244140625,1641.800048828125,1641.4000244140625,1641.800048828125,156
2025-04-22 10:58:00+05:30,1642.300048828125,1643.0,1640.699951171875,1641.0999755859375,1349
2025-04-22 10:59:00+05:30,1641.699951171875,1642.5999755859375,1641.699951171875,1642.5999755859375,525
2025-04-22 11:00:00+05:30,1642.4000244140625,1642.4000244140625,1641.199951171875,1641.699951171875,165
2025-04-22 11:01:00+05:30,1641.4000244140625,1642.4000244140625,1641.4000244140625,1642.4000244140625,176
2025-04-22 11:02:00+05:30,1641.300048828125,1642.199951171875,1641.0999755859375,1641.199951171875,632
2025-04-22 11:03:00+05:30,1641.5999755859375,1642.0999755859375,1641.300048828125,1641.300048828125,154
2025-04-22 11:04:00+05:30,1641.5999755859375,1641.5999755859375,1641.4000244140625,1641.5999755859375,130
2025-04-22 11:05:00+05:30,1641.4000244140625,1641.9000244140625,1641.4000244140625,1641.9000244140625,242
2025-04-22 11:06:00+05:30,1641.300048828125,1641.4000244140625,1641.300048828125,1641.4000244140625,159
2025-04-22 11:07:00+05:30,1641.699951171875,1641.699951171875,1641.5999755859375,1641.5999755859375,645
2025-04-22 11:08:00+05:30,1641.800048828125,1641.9000244140625,1641.5999755859375,1641.9000244140625,47
2025-04-22 11:09:00+05:30,1641.800048828125,1641.800048828125,1641.4000244140625,1641.699951171875,143
2025-04-22 11:10:00+05:30,1641.800048828125,1642.0,1641.0999755859375,1642.0,178
2025-04-22 11:11:00+05:30,1642.0,1642.0,1641.0,1641.800048828125,110
2025-04-22 11:12:00+05:30,1641.0,1641.4000244140625,1641.0,1641.4000244140625,30
2025-04-22 11:13:00+05:30,1641.4000244140625,1641.5,1641.0,1641.0,457
2025-04-22 11:14:00+05:30,1640.800048828125,1641.4000244140625,1640.199951171875,1640.199951171875,293
2025-04-22 11:15:00+05:30,1641.0,1641.699951171875,1640.699951171875,1641.4000244140625,432
2025-04-22 11:16:00+05:30,1641.9000244140625,1641.9000244140625,1641.0,1641.0999755859375,352
2025-04-22 11:17:00+05:30,1642.0,1642.4000244140625,1642.0,1642.199951171875,59
2025-04-22 11:18:00+05:30,1641.300048828125,1642.199951171875,1641.300048828125,1642.199951171875,321
2025-04-22 11:19:00+05:30,1641.4000244140625,1641.4000244140625,1641.300048828125,1641.300048828125,18
2025-04-22 11:20:00+05:30,1640.699951171875,1641.4000244140625,1640.5,1641.199951171875,296
2025-04-22 11:21:00+05:30,1641.5999755859375,1641.5999755859375,1640.9000244140625,1640.9000244140625,36
2025-04-22 11:22:00+05:30,1642.300048828125,1642.300048828125,1641.0,1641.0,157
2025-04-22 11:23:00+05:30,1642.199951171875,1642.199951171875,1642.199951171875,1642.199951171875,0
2025-04-22 11:24:00+05:30,1641.800048828125,1642.0999755859375,1641.800048828125,1642.0999755859375,105
2025-04-22 11:25:00+05:30,1641.0,1641.800048828125,1641.0,1641.800048828125,76
2025-04-22 11:26:00+05:30,1641.0,1641.5,1640.0999755859375,1640.0999755859375,2768
2025-04-22 11:27:00+05:30,1641.0,1641.0999755859375,1640.800048828125,1641.0999755859375,906
2025-04-22 11:28:00+05:30,1641.300048828125,1641.5999755859375,1641.0999755859375,1641.0999755859375,291
2025-04-22 11:29:00+05:30,1640.699951171875,1641.199951171875,1640.699951171875,1641.199951171875,178
2025-04-22 11:30:00+05:30,1641.0999755859375,1641.0999755859375,1640.699951171875,1640.699951171875,186
2025-04-22 11:31:00+05:30,1641.800048828125,1641.800048828125,1640.699951171875,1641.0,336
2025-04-22 11:32:00+05:30,1640.5999755859375,1641.300048828125,1640.5999755859375,1640.699951171875,194
2025-04-22 11:33:00+05:30,1641.9000244140625,1641.9000244140625,1640.5999755859375,1640.5999755859375,1411
2025-04-22 11:34:00+05:30,1642.4000244140625,1643.5999755859375,1641.5,1642.0,1206
2025-04-22 11:35:00+05:30,1642.0999755859375,1643.0999755859375,1642.0,1642.800048828125,509
2025-04-22 11:36:00+05:30,1642.4000244140625,1642.699951171875,1642.0,1642.0,213
2025-04-22 11:37:00+05:30,1642.699951171875,1642.699951171875,1641.9000244140625,1642.5999755859375,3703
2025-04-22 11:38:00+05:30,1642.9000244140625,1643.0999755859375,1642.699951171875,1642.699951171875,755
2025-04-22 11:39:00+05:30,1643.0999755859375,1643.0999755859375,1643.0999755859375,1643.0999755859375,34
2025-04-22 11:40:00+05:30,1643.4000244140625,1643.4000244140625,1643.0,1643.0999755859375,234
2025-04-22 11:41:00+05:30,1642.9000244140625,1643.4000244140625,1642.9000244140625,1643.300048828125,99
2025-04-22 11:42:00+05:30,1641.800048828125,1642.9000244140625,1641.800048828125,1642.9000244140625,155
2025-04-22 11:43:00+05:30,1642.5,1642.5,1641.0,1641.0,297
2025-04-22 11:44:00+05:30,1643.4000244140625,1643.4000244140625,1642.4000244140625,1643.4000244140625,100
2025-04-22 11:45:00+05:30,1643.800048828125,1643.800048828125,1642.5999755859375,1642.5999755859375,19
2025-04-22 11:46:00+05:30,1643.5999755859375,1644.0999755859375,1643.199951171875,1644.0999755859375,111
2025-04-22 11:47:00+05:30,1644.699951171875,1644.699951171875,1644.0999755859375,1644.0999755859375,260
2025-04-22 11:48:00+05:30,1645.5999755859375,1646.300048828125,1644.699951171875,1644.699951171875,740
2025-04-22 11:49:00+05:30,1644.800048828125,1644.9000244140625,1644.0,1644.9000244140625,148
2025-04-22 11:50:00+05:30,1644.199951171875,1644.5,1643.699951171875,1644.5,37
2025-04-22 11:51:00+05:30,1643.4000244140625,1643.4000244140625,1643.4000244140625,1643.4000244140625,251
2025-04-22 11:52:00+05:30,1640.300048828125,1641.9000244140625,1640.0,1641.9000244140625,221
2025-04-22 11:53:00+05:30,1640.699951171875,1641.300048828125,1640.5,1641.300048828125,21
2025-04-22 11:54:00+05:30,1641.9000244140625,1642.4000244140625,1640.0999755859375,1640.800048828125,1514
2025-04-22 11:55:00+05:30,1641.300048828125,1642.800048828125,1641.300048828125,1642.800048828125,571
2025-04-22 11:56:00+05:30,1640.0,1640.5999755859375,1639.9000244140625,1640.5,288
2025-04-22 11:57:00+05:30,1640.5,1640.5,1640.0,1640.0,529
2025-04-22 11:58:00+05:30,1640.0,1640.5,1640.0,1640.5,26596
2025-04-22 11:59:00+05:30,1640.699951171875,1641.0,1638.800048828125,1640.0,9324
2025-04-22 12:00:00+05:30,1639.800048828125,1640.4000244140625,1638.199951171875,1640.0,9892
2025-04-22 12:01:00+05:30,1639.5,1640.300048828125,1639.5,1640.300048828125,2973
2025-04-22 12:02:00+05:30,1639.300048828125,1640.0,1639.300048828125,1639.5,2031
2025-04-22 12:03:00+05:30,1640.4000244140625,1640.4000244140625,1639.5999755859375,1639.9000244140625,1372
2025-04-22 12:04:00+05:30,1640.9000244140625,1640.9000244140625,1639.9000244140625,1639.9000244140625,1033
2025-04-22 12:05:00+05:30,1634.5,1640.5999755859375,1633.0999755859375,1640.5,1652
2025-04-22 12:06:00+05:30,1635.0,1635.0,1633.5999755859375,1633.5999755859375,473
2025-04-22 12:07:00+05:30,1638.800048828125,1639.4000244140625,1635.0,1635.0,2200
2025-04-22 12:08:00+05:30,1636.4000244140625,1640.0,1635.5,1640.0,628
2025-04-22 12:09:00+05:30,1636.800048828125,1637.5999755859375,1635.9000244140625,1635.9000244140625,1123
2025-04-22 12:10:00+05:30,1634.5999755859375,1637.0999755859375,1634.5999755859375,1637.0999755859375,275
2025-04-22 12:11:00+05:30,1636.4000244140625,1637.0,1635.4000244140625,1635.4000244140625,2015
2025-04-22 12:12:00+05:30,1637.0,1637.0,1636.5,1636.5,103
2025-04-22 12:13:00+05:30,1635.9000244140625,1636.9000244140625,1635.9000244140625,1636.800048828125,322
2025-04-22 12:14:00+05:30,1634.699951171875,1635.300048828125,1634.5,1635.300048828125,173
2025-04-22 12:15:00+05:30,1636.0,1636.0,1635.300048828125,1635.300048828125,197
2025-04-22 12:16:00+05:30,1637.699951171875,1638.0,1637.5,1638.0,352
2025-04-22 12:17:00+05:30,1637.800048828125,1637.800048828125,1637.5999755859375,1637.699951171875,11
2025-04-22 12:18:00+05:30,1636.4000244140625,1637.0,1635.300048828125,1637.0,227
2025-04-22 12:19:00+05:30,1635.5,1636.5,1635.5,1636.5,63
2025-04-22 12:20:00+05:30,1636.0999755859375,1636.9000244140625,1636.0999755859375,1636.9000244140625,93
2025-04-22 12:21:00+05:30,1637.199951171875,1637.199951171875,1636.0,1637.199951171875,45
2025-04-22 12:22:00+05:30,1637.5999755859375,1637.5999755859375,1636.4000244140625,1636.4000244140625,125
2025-04-22 12:23:00+05:30,1637.300048828125,1637.300048828125,1637.0,1637.0,15
2025-04-22 12:24:00+05:30,1636.0,1637.0999755859375,1635.0999755859375,1637.0,461
2025-04-22 12:25:00+05:30,1641.800048828125,1642.5999755859375,1636.0,1636.0,1300
2025-04-22 12:26:00+05:30,1640.9000244140625,1641.5999755859375,1640.0,1641.0999755859375,777
2025-04-22 12:27:00+05:30,1645.0,1645.0,1641.5999755859375,1641.5999755859375,320
2025-04-22 12:28:00+05:30,1645.300048828125,1645.5999755859375,1644.0,1645.0,3549
2025-04-22 12:29:00+05:30,1640.5999755859375,1645.699951171875,1640.0999755859375,1645.4000244140625,13423
2025-04-22 12:30:00+05:30,1642.0,1642.300048828125,1638.800048828125,1639.0999755859375,758
2025-04-22 12:31:00+05:30,1642.300048828125,1642.300048828125,1641.4000244140625,1641.4000244140625,183
2025-04-22 12:32:00+05:30,1642.300048828125,1642.5,1640.9000244140625,1642.300048828125,123
2025-04-22 12:33:00+05:30,1642.300048828125,1642.300048828125,1642.0999755859375,1642.300048828125,199
2025-04-22 12:34:00+05:30,1641.5999755859375,1642.300048828125,1641.5,1642.300048828125,78
2025-04-22 12:35:00+05:30,1642.300048828125,1642.300048828125,1641.0,1641.0,312
2025-04-22 12:36:00+05:30,1641.0,1642.300048828125,1641.0,1642.300048828125,330
2025-04-22 12:37:00+05:30,1641.800048828125,1642.300048828125,1641.0999755859375,1641.9000244140625,305
2025-04-22 12:38:00+05:30,1642.0,1642.300048828125,1642.0,1642.300048828125,51
2025-04-22 12:39:00+05:30,1641.9000244140625,1642.0,1641.9000244140625,1642.0,15
2025-04-22 12:40:00+05:30,1641.5999755859375,1642.300048828125,1641.5999755859375,1641.9000244140625,242
2025-04-22 12:41:00+05:30,1642.300048828125,1642.300048828125,1640.9000244140625,1641.5,1793
2025-04-22 12:42:00+05:30,1640.0,1642.199951171875,1640.0,1641.9000244140625,323
2025-04-22 12:43:00+05:30,1640.699951171875,1640.699951171875,1640.0,1640.0,1885
2025-04-22 12:44:00+05:30,1640.800048828125,1642.199951171875,1640.300048828125,1640.300048828125,421
2025-04-22 12:45:00+05:30,1640.4000244140625,1640.4000244140625,1640.0,1640.0,271
2025-04-22 12:46:00+05:30,1640.699951171875,1641.300048828125,1640.199951171875,1641.0,168
2025-04-22 12:47:00+05:30,1641.199951171875,1641.199951171875,1640.0,1640.5999755859375,548
2025-04-22 12:48:00+05:30,1640.199951171875,1642.199951171875,1640.199951171875,1642.199951171875,224
2025-04-22 12:49:00+05:30,1641.0,1642.0,1640.199951171875,1640.199951171875,328
2025-04-22 12:50:00+05:30,1641.199951171875,1641.800048828125,1640.199951171875,1640.199951171875,346
2025-04-22 12:51:00+05:30,1640.300048828125,1641.0999755859375,1640.199951171875,1641.0999755859375,294
2025-04-22 12:52:00+05:30,1640.9000244140625,1641.0,1640.0,1641.0,195
2025-04-22 12:53:00+05:30,1640.800048828125,1640.9000244140625,1640.800048828125,1640.9000244140625,159
2025-04-22 12:54:00+05:30,1642.0,1642.0,1639.800048828125,1640.699951171875,413
2025-04-22 12:55:00+05:30,1640.699951171875,1642.0,1640.699951171875,1642.0,168
2025-04-22 12:56:00+05:30,1640.5999755859375,1642.0,1640.5999755859375,1640.699951171875,174
2025-04-22 12:57:00+05:30,1640.5999755859375,1641.0,1640.5,1641.0,303
2025-04-22 12:58:00+05:30,1641.0,1641.0999755859375,1641.0,1641.0999755859375,168
2025-04-22 12:59:00+05:30,1640.9000244140625,1641.0,1638.4000244140625,1641.0,395
2025-04-22 13:00:00+05:30,1639.5999755859375,1641.199951171875,1639.199951171875,1641.199951171875,283
2025-04-22 13:01:00+05:30,1639.800048828125,1640.800048828125,1639.5999755859375,1639.699951171875,202
2025-04-22 13:02:00+05:30,1639.199951171875,1640.0999755859375,1639.199951171875,1639.5999755859375,342
2025-04-22 13:03:00+05:30,1639.9000244140625,1639.9000244140625,1639.4000244140625,1639.4000244140625,365
2025-04-22 13:04:00+05:30,1640.9000244140625,1641.0,1640.300048828125,1640.300048828125,181
2025-04-22 13:05:00+05:30,1639.5,1641.5999755859375,1639.5,1641.5999755859375,203
2025-04-22 13:06:00+05:30,1640.199951171875,1640.800048828125,1639.699951171875,1640.0,286
2025-04-22 13:07:00+05:30,1639.0,1640.300048828125,1639.0,1640.300048828125,179
2025-04-22 13:08:00+05:30,1639.0999755859375,1640.0999755859375,1639.0999755859375,1639.5,252
2025-04-22 13:09:00+05:30,1639.0,1639.300048828125,1639.0,1639.300048828125,154
2025-04-22 13:10:00+05:30,1639.0,1639.4000244140625,1639.0,1639.0999755859375,192
2025-04-22 13:11:00+05:30,1639.0999755859375,1639.4000244140625,1639.0,1639.0,274
2025-04-22 13:12:00+05:30,1639.0,1639.4000244140625,1639.0,1639.4000244140625,239
2025-04-22 13:13:00+05:30,1638.9000244140625,1639.4000244140625,1638.5999755859375,1639.4000244140625,256
2025-04-22 13:14:00+05:30,1640.0,1642.0999755859375,1639.699951171875,1639.699951171875,1334
2025-04-22 13:15:00+05:30,1641.0,1641.199951171875,1641.0,1641.0,768
2025-04-22 13:16:00+05:30,1641.0,1641.0,1641.0,1641.0,199
2025-04-22 13:17:00+05:30,1640.5,1641.0,1639.0,1641.0,194
2025-04-22 13:18:00+05:30,1639.300048828125,1640.0999755859375,1639.300048828125,1640.0999755859375,132
2025-04-22 13:19:00+05:30,1639.0,1640.0,1638.800048828125,1639.0,375
2025-04-22 13:20:00+05:30,1639.300048828125,1640.0,1639.0999755859375,1639.0999755859375,377
2025-04-22 13:21:00+05:30,1638.800048828125,1639.4000244140625,1638.800048828125,1639.4000244140625,171
2025-04-22 13:22:00+05:30,1640.0,1640.0,1638.5,1638.699951171875,6194
2025-04-22 13:23:00+05:30,1642.4000244140625,1648.800048828125,1639.9000244140625,1640.0,19119
2025-04-22 13:24:00+05:30,1643.5,1643.699951171875,1642.300048828125,1642.300048828125,1031
2025-04-22 13:25:00+05:30,1641.0,1642.9000244140625,1641.0,1642.9000244140625,1484
2025-04-22 13:26:00+05:30,1641.0,1641.699951171875,1641.0,1641.4000244140625,1042
2025-04-22 13:27:00+05:30,1640.300048828125,1640.4000244140625,1639.5,1640.4000244140625,2308
2025-04-22 13:28:00+05:30,1639.4000244140625,1640.0,1639.4000244140625,1640.0,1259
2025-04-22 13:29:00+05:30,1640.0,1640.300048828125,1639.4000244140625,1639.4000244140625,2501
2025-04-22 13:30:00+05:30,1640.0,1640.4000244140625,1640.0,1640.0,933
2025-04-22 13:31:00+05:30,1640.0,1640.199951171875,1640.0,1640.199951171875,244
2025-04-22 13:32:00+05:30,1639.9000244140625,1640.0999755859375,1639.9000244140625,1640.0999755859375,355
2025-04-22 13:33:00+05:30,1639.9000244140625,1640.0,1639.9000244140625,1640.0,147
2025-04-22 13:34:00+05:30,1640.5,1640.5,1636.0999755859375,1640.0,2862
2025-04-22 13:35:00+05:30,1640.5999755859375,1641.4000244140625,1640.5999755859375,1640.5999755859375,731
2025-04-22 13:36:00+05:30,1640.0999755859375,1641.300048828125,1640.0999755859375,1640.199951171875,275
2025-04-22 13:37:00+05:30,1640.0999755859375,1640.0999755859375,1640.0,1640.0,331
2025-04-22 13:38:00+05:30,1640.0999755859375,1640.800048828125,1640.0999755859375,1640.0999755859375,234
2025-04-22 13:39:00+05:30,1642.800048828125,1642.800048828125,1640.0,1640.199951171875,1279
2025-04-22 13:40:00+05:30,1641.9000244140625,1641.9000244140625,1641.0999755859375,1641.9000244140625,458
2025-04-22 13:41:00+05:30,1640.9000244140625,1641.800048828125,1640.199951171875,1641.800048828125,512
2025-04-22 13:42:00+05:30,1641.0,1641.0,1640.9000244140625,1641.0,290
2025-04-22 13:43:00+05:30,1641.0999755859375,1641.0999755859375,1641.0,1641.0,161
2025-04-22 13:44:00+05:30,1640.199951171875,1641.0,1640.199951171875,1641.0,376
2025-04-22 13:45:00+05:30,1640.5,1641.199951171875,1640.199951171875,1640.199951171875,531
2025-04-22 13:46:00+05:30,1641.9000244140625,1641.9000244140625,1640.0999755859375,1640.0999755859375,227
2025-04-22 13:47:00+05:30,1641.5,1641.5,1641.0,1641.199951171875,292
2025-04-22 13:48:00+05:30,1641.800048828125,1641.800048828125,1640.9000244140625,1641.5,540
2025-04-22 13:49:00+05:30,1642.4000244140625,1642.4000244140625,1641.9000244140625,1641.9000244140625,218
2025-04-22 13:50:00+05:30,1641.0999755859375,1641.300048828125,1641.0999755859375,1641.300048828125,525
2025-04-22 13:51:00+05:30,1640.5999755859375,1640.800048828125,1640.5999755859375,1640.800048828125,296
2025-04-22 13:52:00+05:30,1641.0,1641.300048828125,1640.5,1641.300048828125,231
2025-04-22 13:53:00+05:30,1640.9000244140625,1641.199951171875,1640.800048828125,1641.199951171875,356
2025-04-22 13:54:00+05:30,1640.5999755859375,1641.199951171875,1640.5999755859375,1640.9000244140625,278
2025-04-22 13:55:00+05:30,1640.800048828125,1640.800048828125,1640.5999755859375,1640.5999755859375,166
2025-04-22 13:56:00+05:30,1640.5999755859375,1641.0,1640.5999755859375,1641.0,324
2025-04-22 13:57:00+05:30,1640.0999755859375,1640.0999755859375,1640.0999755859375,1640.0999755859375,157
2025-04-22 13:58:00+05:30,1640.0999755859375,1640.0999755859375,1640.0999755859375,1640.0999755859375,370
2025-04-22 13:59:00+05:30,1640.5,1641.0,1640.0999755859375,1640.4000244140625,282
2025-04-22 14:00:00+05:30,1640.300048828125,1641.300048828125,1640.199951171875,1641.300048828125,329
2025-04-22 14:01:00+05:30,1641.0,1641.0,1640.0999755859375,1640.4000244140625,755
2025-04-22 14:02:00+05:30,1640.0999755859375,1642.0,1640.0,1642.0,575
2025-04-22 14:03:00+05:30,1641.199951171875,1641.199951171875,1640.199951171875,1640.199951171875,1830
2025-04-22 14:04:00+05:30,1640.5999755859375,1641.199951171875,1640.5999755859375,1641.199951171875,296
2025-04-22 14:05:00+05:30,1641.0,1641.0,1640.4000244140625,1640.4000244140625,1728
2025-04-22 14:06:00+05:30,1641.0999755859375,1641.5999755859375,1641.0,1641.0,333
2025-04-22 14:07:00+05:30,1641.0,1641.0999755859375,1641.0,1641.0999755859375,206
2025-04-22 14:08:00+05:30,1640.300048828125,1640.4000244140625,1640.199951171875,1640.4000244140625,334
2025-04-22 14:09:00+05:30,1640.5,1640.5,1640.300048828125,1640.300048828125,276
2025-04-22 14:10:00+05:30,1640.199951171875,1640.5,1640.199951171875,1640.300048828125,354
2025-04-22 14:11:00+05:30,1640.0,1640.199951171875,1640.0,1640.199951171875,425
2025-04-22 14:12:00+05:30,1641.0999755859375,1641.0999755859375,1640.300048828125,1641.0,725
2025-04-22 14:13:00+05:30,1640.4000244140625,1641.699951171875,1640.199951171875,1641.699951171875,330
2025-04-22 14:14:00+05:30,1640.5,1641.0,1640.4000244140625,1641.0,150
2025-04-22 14:15:00+05:30,1640.0,1640.5,1640.0,1640.5,1750
2025-04-22 14:16:00+05:30,1641.199951171875,1641.199951171875,1640.0999755859375,1641.0999755859375,348
2025-04-22 14:17:00+05:30,1641.300048828125,1642.4000244140625,1640.9000244140625,1640.9000244140625,848
2025-04-22 14:18:00+05:30,1640.9000244140625,1642.5,1640.9000244140625,1641.199951171875,376
2025-04-22 14:19:00+05:30,1642.199951171875,1642.199951171875,1640.199951171875,1641.300048828125,212
2025-04-22 14:20:00+05:30,1640.300048828125,1640.699951171875,1640.199951171875,1640.5999755859375,716
2025-04-22 14:21:00+05:30,1640.4000244140625,1641.5999755859375,1640.199951171875,1640.4000244140625,178
2025-04-22 14:22:00+05:30,1640.199951171875,1640.4000244140625,1640.199951171875,1640.300048828125,297
2025-04-22 14:23:00+05:30,1640.5,1641.5999755859375,1640.300048828125,1640.4000244140625,207
2025-04-22 14:24:00+05:30,1640.300048828125,1640.5999755859375,1640.199951171875,1640.5,296
2025-04-22 14:25:00+05:30,1640.4000244140625,1641.5,1640.4000244140625,1641.5,364
2025-04-22 14:26:00+05:30,1640.300048828125,1640.800048828125,1640.300048828125,1640.4000244140625,164
2025-04-22 14:27:00+05:30,1640.4000244140625,1640.4000244140625,1640.0999755859375,1640.0999755859375,308
2025-04-22 14:28:00+05:30,1640.199951171875,1640.4000244140625,1640.0999755859375,1640.4000244140625,202
2025-04-22 14:29:00+05:30,1640.199951171875,1640.199951171875,1640.0999755859375,1640.199951171875,180
2025-04-22 14:30:00+05:30,1640.0,1640.0999755859375,1640.0,1640.0999755859375,329
2025-04-22 14:31:00+05:30,1640.9000244140625,1641.5999755859375,1640.0,1640.0,382
2025-04-22 14:32:00+05:30,1640.0,1640.9000244140625,1640.0,1640.9000244140625,197
2025-04-22 14:33:00+05:30,1640.199951171875,1640.199951171875,1640.0,1640.0,589
2025-04-22 14:34:00+05:30,1640.5999755859375,1641.199951171875,1640.0,1640.0,398
2025-04-22 14:35:00+05:30,1640.5,1640.5999755859375,1640.4000244140625,1640.5999755859375,405
2025-04-22 14:36:00+05:30,1640.0999755859375,1640.9000244140625,1640.0999755859375,1640.4000244140625,376
2025-04-22 14:37:00+05:30,1640.0,1640.199951171875,1640.0,1640.0999755859375,239
2025-04-22 14:38:00+05:30,1640.0999755859375,1640.199951171875,1640.0,1640.0,387
2025-04-22 14:39:00+05:30,1641.0,1641.0,1640.0,1640.0999755859375,296
2025-04-22 14:40:00+05:30,1640.0,1640.4000244140625,1640.0,1640.4000244140625,333
2025-04-22 14:41:00+05:30,1640.0,1640.4000244140625,1640.0,1640.4000244140625,208
2025-04-22 14:42:00+05:30,1640.5999755859375,1640.5999755859375,1640.0,1640.0,310
2025-04-22 14:43:00+05:30,1640.800048828125,1641.4000244140625,1640.5999755859375,1640.5999755859375,902
2025-04-22 14:44:00+05:30,1641.9000244140625,1641.9000244140625,1641.0,1641.0,301
2025-04-22 14:45:00+05:30,1640.4000244140625,1641.9000244140625,1640.0999755859375,1641.9000244140625,284
2025-04-22 14:46:00+05:30,1640.5999755859375,1641.300048828125,1640.0,1640.4000244140625,611
2025-04-22 14:47:00+05:30,1641.5,1641.5,1640.0999755859375,1640.5999755859375,232
2025-04-22 14:48:00+05:30,1642.699951171875,1642.699951171875,1640.0999755859375,1640.0999755859375,1255
2025-04-22 14:49:00+05:30,1643.0,1643.0,1641.0,1642.199951171875,1815
2025-04-22 14:50:00+05:30,1643.800048828125,1644.300048828125,1643.0,1643.0,919
2025-04-22 14:51:00+05:30,1643.199951171875,1643.300048828125,1642.0,1643.0,668
2025-04-22 14:52:00+05:30,1646.0,1646.0,1643.0,1643.9000244140625,1190
2025-04-22 14:53:00+05:30,1644.0999755859375,1646.0999755859375,1643.800048828125,1646.0999755859375,1599
2025-04-22 14:54:00+05:30,1643.800048828125,1644.5,1643.300048828125,1644.5,572
2025-04-22 14:55:00+05:30,1643.800048828125,1645.0,1643.800048828125,1644.5,2515
2025-04-22 14:56:00+05:30,1642.4000244140625,1643.800048828125,1642.0,1643.800048828125,763
2025-04-22 14:57:00+05:30,1641.300048828125,1642.5999755859375,1640.5999755859375,1642.300048828125,1685
2025-04-22 14:58:00+05:30,1640.699951171875,1641.300048828125,1640.699951171875,1641.300048828125,317
2025-04-22 14:59:00+05:30,1640.0,1640.5,1639.699951171875,1640.0,1467
2025-04-22 15:00:00+05:30,1642.300048828125,1644.0,1640.0,1640.0,3530
2025-04-22 15:01:00+05:30,1644.800048828125,1644.800048828125,1642.199951171875,1642.199951171875,660
2025-04-22 15:02:00+05:30,1643.4000244140625,1644.0999755859375,1640.9000244140625,1644.0999755859375,1218
2025-04-22 15:03:00+05:30,1643.5,1645.0,1641.9000244140625,1641.9000244140625,1187
2025-04-22 15:04:00+05:30,1642.800048828125,1644.800048828125,1642.800048828125,1643.300048828125,1166
2025-04-22 15:05:00+05:30,1644.0,1644.0999755859375,1642.5999755859375,1642.5999755859375,368
2025-04-22 15:06:00+05:30,1644.9000244140625,1644.9000244140625,1644.0,1644.199951171875,997
2025-04-22 15:07:00+05:30,1644.5,1645.4000244140625,1643.4000244140625,1644.699951171875,2240
2025-04-22 15:08:00+05:30,1644.9000244140625,1645.0,1643.5999755859375,1643.5999755859375,1000
2025-04-22 15:09:00+05:30,1644.9000244140625,1645.0,1644.9000244140625,1645.0,538
2025-04-22 15:10:00+05:30,1643.4000244140625,1644.0,1643.0,1643.5999755859375,1216
2025-04-22 15:11:00+05:30,1643.4000244140625,1644.0999755859375,1643.4000244140625,1643.4000244140625,1065
2025-04-22 15:12:00+05:30,1640.0,1643.4000244140625,1640.0,1643.4000244140625,2816
2025-04-22 15:13:00+05:30,1641.199951171875,1642.0999755859375,1640.0,1641.0,679
2025-04-22 15:14:00+05:30,1640.0,1641.9000244140625,1640.0,1641.0999755859375,2278
2025-04-22 15:15:00+05:30,1639.199951171875,1640.0999755859375,1638.5,1640.0,934
2025-04-22 15:16:00+05:30,1640.5,1640.5999755859375,1639.300048828125,1640.300048828125,2669
2025-04-22 15:17:00+05:30,1641.0999755859375,1641.0999755859375,1639.9000244140625,1639.9000244140625,2481
2025-04-22 15:18:00+05:30,1639.300048828125,1639.5999755859375,1638.0999755859375,1639.5999755859375,3835
2025-04-22 15:19:00+05:30,1641.0999755859375,1641.5999755859375,1639.199951171875,1639.199951171875,2210
2025-04-22 15:20:00+05:30,1638.0999755859375,1641.0999755859375,1638.0999755859375,1640.0,1580
2025-04-22 15:21:00+05:30,1638.5,1638.5,1635.300048828125,1635.300048828125,2231
2025-04-22 15:22:00+05:30,1639.9000244140625,1640.0,1638.9000244140625,1639.199951171875,688
2025-04-22 15:23:00+05:30,1638.300048828125,1639.4000244140625,1638.300048828125,1639.0999755859375,1248
2025-04-22 15:24:00+05:30,1640.0,1640.0,1638.300048828125,1638.300048828125,1000
2025-04-22 15:25:00+05:30,1641.300048828125,1641.5999755859375,1640.4000244140625,1640.4000244140625,1525
2025-04-22 15:26:00+05:30,1639.4000244140625,1641.699951171875,1639.4000244140625,1641.699951171875,988
2025-04-22 15:27:00+05:30,1643.0,1643.0,1639.4000244140625,1640.0,1011
2025-04-22 15:28:00+05:30,1641.0999755859375,1643.5,1638.199951171875,1643.5,1278
2025-04-22 15:29:00+05:30,1639.4000244140625,1641.4000244140625,1638.199951171875,1641.0999755859375,495
2025-04-24 09:15:00+05:30,1650.300048828125,1653.4000244140625,1648.800048828125,1652.5,0
2025-04-24 09:16:00+05:30,1640.300048828125,1654.9000244140625,1639.5,1649.5999755859375,7531
2025-04-24 09:17:00+05:30,1640.0,1643.4000244140625,1638.5,1639.199951171875,2160
2025-04-24 09:18:00+05:30,1634.699951171875,1638.800048828125,1631.9000244140625,1638.800048828125,3375
2025-04-24 09:19:00+05:30,1634.9000244140625,1635.0,1632.0,1635.0,3140
2025-04-24 09:20:00+05:30,1643.699951171875,1643.699951171875,1634.4000244140625,1637.0,93755
2025-04-24 09:21:00+05:30,1646.199951171875,1647.199951171875,1638.5,1643.300048828125,6473
2025-04-24 09:22:00+05:30,1644.5,1646.4000244140625,1641.9000244140625,1643.699951171875,1432
2025-04-24 09:23:00+05:30,1645.5,1645.5,1641.0,1641.0,1603
2025-04-24 09:24:00+05:30,1641.199951171875,1645.9000244140625,1641.199951171875,1645.9000244140625,571
2025-04-24 09:25:00+05:30,1640.199951171875,1643.699951171875,1640.199951171875,1642.0999755859375,844
2025-04-24 09:26:00+05:30,1639.800048828125,1641.9000244140625,1639.699951171875,1640.699951171875,724
2025-04-24 09:27:00+05:30,1636.9000244140625,1639.800048828125,1636.9000244140625,1639.800048828125,250
2025-04-24 09:28:00+05:30,1635.0,1637.199951171875,1635.0,1636.800048828125,296
2025-04-24 09:29:00+05:30,1635.800048828125,1635.800048828125,1634.0,1635.5999755859375,625
2025-04-24 09:30:00+05:30,1627.699951171875,1634.9000244140625,1626.300048828125,1634.9000244140625,5070
2025-04-24 09:31:00+05:30,1622.0999755859375,1627.0,1621.300048828125,1627.0,2884
2025-04-24 09:32:00+05:30,1620.4000244140625,1621.199951171875,1615.300048828125,1621.199951171875,5746
2025-04-24 09:33:00+05:30,1618.4000244140625,1620.0,1617.9000244140625,1619.9000244140625,1605
2025-04-24 09:34:00+05:30,1620.0,1620.0,1618.4000244140625,1618.4000244140625,754
2025-04-24 09:35:00+05:30,1619.0,1619.0,1617.199951171875,1618.5,1627
2025-04-24 09:36:00+05:30,1625.5,1625.5,1619.0999755859375,1619.0999755859375,4955
2025-04-24 09:37:00+05:30,1626.300048828125,1628.800048828125,1624.4000244140625,1624.4000244140625,2562
2025-04-24 09:38:00+05:30,1624.4000244140625,1626.4000244140625,1623.0,1623.0,2782
2025-04-24 09:39:00+05:30,1625.699951171875,1625.699951171875,1623.5,1623.699951171875,1533
2025-04-24 09:40:00+05:30,1626.0,1626.0999755859375,1625.5,1625.699951171875,1411
2025-04-24 09:41:00+05:30,1628.5999755859375,1630.9000244140625,1625.5,1627.4000244140625,2348
2025-04-24 09:42:00+05:30,1627.699951171875,1631.4000244140625,1627.5999755859375,1630.0,1225
2025-04-24 09:43:00+05:30,1633.199951171875,1634.0,1624.0,1626.4000244140625,4314
2025-04-24 09:44:00+05:30,1641.0,1641.0,1631.300048828125,1632.5999755859375,12585
2025-04-24 09:45:00+05:30,1641.9000244140625,1641.9000244140625,1637.4000244140625,1640.5,3724
2025-04-24 09:46:00+05:30,1641.5,1641.9000244140625,1636.9000244140625,1640.199951171875,3650
2025-04-24 09:47:00+05:30,1640.0999755859375,1641.300048828125,1639.5,1641.0,995
2025-04-24 09:48:00+05:30,1641.300048828125,1641.300048828125,1640.0,1640.0999755859375,762
2025-04-24 09:49:00+05:30,1640.4000244140625,1640.5999755859375,1640.199951171875,1640.199951171875,625
2025-04-24 09:50:00+05:30,1640.5,1641.300048828125,1640.0999755859375,1640.300048828125,4038
2025-04-24 09:51:00+05:30,1633.0999755859375,1641.300048828125,1633.0999755859375,1640.199951171875,3396
2025-04-24 09:52:00+05:30,1641.5999755859375,1643.5,1640.800048828125,1641.300048828125,8233
2025-04-24 09:53:00+05:30,1638.699951171875,1643.0999755859375,1638.699951171875,1641.800048828125,971
2025-04-24 09:54:00+05:30,1642.5,1643.4000244140625,1637.9000244140625,1637.9000244140625,1103
2025-04-24 09:55:00+05:30,1642.0,1643.5999755859375,1641.4000244140625,1643.5999755859375,671
2025-04-24 09:56:00+05:30,1641.800048828125,1643.5999755859375,1640.4000244140625,1641.0,711
2025-04-24 09:57:00+05:30,1640.5,1642.9000244140625,1640.0999755859375,1640.0999755859375,861
2025-04-24 09:58:00+05:30,1641.0,1641.9000244140625,1640.0,1640.699951171875,765
2025-04-24 09:59:00+05:30,1644.4000244140625,1644.800048828125,1639.199951171875,1640.0,2537
2025-04-24 10:00:00+05:30,1644.5,1645.5999755859375,1644.0999755859375,1645.0,833
2025-04-24 10:01:00+05:30,1644.699951171875,1645.9000244140625,1643.9000244140625,1644.4000244140625,1110
2025-04-24 10:02:00+05:30,1645.699951171875,1646.300048828125,1642.300048828125,1644.0999755859375,2381
2025-04-24 10:03:00+05:30,1651.800048828125,1651.800048828125,1645.199951171875,1645.5,1555
2025-04-24 10:04:00+05:30,1651.699951171875,1653.0,1648.0,1651.699951171875,1394
2025-04-24 10:05:00+05:30,1656.699951171875,1657.699951171875,1650.5999755859375,1651.0,5635
2025-04-24 10:06:00+05:30,1658.300048828125,1659.0999755859375,1655.199951171875,1659.0999755859375,2976
2025-04-24 10:07:00+05:30,1655.199951171875,1657.800048828125,1654.699951171875,1657.699951171875,785
2025-04-24 10:08:00+05:30,1654.0,1655.0,1651.199951171875,1655.0,1336
2025-04-24 10:09:00+05:30,1651.199951171875,1654.5999755859375,1651.199951171875,1654.5999755859375,715
2025-04-24 10:10:00+05:30,1650.699951171875,1653.199951171875,1650.699951171875,1652.5999755859375,1087
2025-04-24 10:11:00+05:30,1650.699951171875,1652.0,1649.699951171875,1650.699951171875,1358
2025-04-24 10:12:00+05:30,1650.699951171875,1652.199951171875,1650.699951171875,1650.699951171875,659
2025-04-24 10:13:00+05:30,1650.0,1651.699951171875,1649.699951171875,1650.800048828125,1266
2025-04-24 10:14:00+05:30,1650.300048828125,1651.699951171875,1649.9000244140625,1651.699951171875,5859
2025-04-24 10:15:00+05:30,1650.5999755859375,1651.0999755859375,1649.5,1650.0,21267
2025-04-24 10:16:00+05:30,1651.800048828125,1651.800048828125,1649.5999755859375,1650.800048828125,996
2025-04-24 10:17:00+05:30,1651.0999755859375,1651.0999755859375,1649.300048828125,1650.800048828125,949
2025-04-24 10:18:00+05:30,1649.199951171875,1650.0999755859375,1649.0999755859375,1650.0,583
2025-04-24 10:19:00+05:30,1650.199951171875,1651.300048828125,1649.5,1649.5,540
2025-04-24 10:20:00+05:30,1650.0,1650.0999755859375,1650.0,1650.0,772
2025-04-24 10:21:00+05:30,1647.300048828125,1650.0,1645.4000244140625,1650.0,554
2025-04-24 10:22:00+05:30,1650.0,1651.5,1650.0,1651.5,3110
2025-04-24 10:23:00+05:30,1651.0,1651.199951171875,1649.0999755859375,1650.0,542
2025-04-24 10:24:00+05:30,1650.0,1651.9000244140625,1650.0,1650.699951171875,371
2025-04-24 10:25:00+05:30,1653.5,1653.5,1650.4000244140625,1651.199951171875,493
2025-04-24 10:26:00+05:30,1655.4000244140625,1655.4000244140625,1652.699951171875,1652.699951171875,1340
2025-04-24 10:27:00+05:30,1655.699951171875,1657.0,1655.4000244140625,1655.9000244140625,1184
2025-04-24 10:28:00+05:30,1653.699951171875,1655.5999755859375,1653.699951171875,1655.5999755859375,344
2025-04-24 10:29:00+05:30,1654.0999755859375,1654.300048828125,1653.0,1653.5999755859375,329
2025-04-24 10:30:00+05:30,1655.5,1655.5,1653.699951171875,1654.199951171875,544
2025-04-24 10:31:00+05:30,1654.5,1655.4000244140625,1653.699951171875,1654.5,346
2025-04-24 10:32:00+05:30,1653.800048828125,1655.4000244140625,1653.5,1653.699951171875,542
2025-04-24 10:33:00+05:30,1654.199951171875,1654.199951171875,1653.4000244140625,1653.699951171875,336
2025-04-24 10:34:00+05:30,1652.699951171875,1653.699951171875,1652.699951171875,1653.699951171875,338
2025-04-24 10:35:00+05:30,1652.5,1653.5999755859375,1652.199951171875,1652.699951171875,362
2025-04-24 10:36:00+05:30,1652.300048828125,1653.699951171875,1652.0,1653.699951171875,527
2025-04-24 10:37:00+05:30,1652.800048828125,1654.199951171875,1652.199951171875,1652.300048828125,438
2025-04-24 10:38:00+05:30,1654.0999755859375,1654.5999755859375,1652.5999755859375,1652.800048828125,419
2025-04-24 10:39:00+05:30,1653.0999755859375,1653.5999755859375,1653.0,1653.5999755859375,409
2025-04-24 10:40:00+05:30,1653.300048828125,1654.5,1653.0999755859375,1653.0999755859375,419
2025-04-24 10:41:00+05:30,1653.199951171875,1653.9000244140625,1652.800048828125,1653.199951171875,341
2025-04-24 10:42:00+05:30,1653.199951171875,1655.0,1653.0999755859375,1653.0999755859375,481
2025-04-24 10:43:00+05:30,1653.0999755859375,1654.5,1653.0999755859375,1654.5,447
2025-04-24 10:44:00+05:30,1653.0999755859375,1653.5,1653.0,1653.0,355
2025-04-24 10:45:00+05:30,1653.4000244140625,1653.4000244140625,1653.0,1653.199951171875,400
2025-04-24 10:46:00+05:30,1652.800048828125,1654.199951171875,1652.800048828125,1653.300048828125,430
2025-04-24 10:47:00+05:30,1651.4000244140625,1653.800048828125,1651.0,1652.800048828125,1033
2025-04-24 10:48:00+05:30,1651.0999755859375,1652.0,1650.300048828125,1651.0,512
2025-04-24 10:49:00+05:30,1650.5999755859375,1651.0999755859375,1650.4000244140625,1650.9000244140625,370
2025-04-24 10:50:00+05:30,1650.9000244140625,1652.0999755859375,1650.4000244140625,1651.0,307
2025-04-24 10:51:00+05:30,1652.9000244140625,1652.9000244140625,1650.5,1650.5999755859375,379
2025-04-24 10:52:00+05:30,1650.699951171875,1651.5,1650.199951171875,1651.5,331
2025-04-24 10:53:00+05:30,1650.4000244140625,1652.5999755859375,1650.4000244140625,1651.0,386
2025-04-24 10:54:00+05:30,1651.4000244140625,1652.199951171875,1650.5,1650.5,333
2025-04-24 10:55:00+05:30,1651.5999755859375,1651.699951171875,1650.0,1651.199951171875,411
2025-04-24 10:56:00+05:30,1650.4000244140625,1651.699951171875,1650.4000244140625,1651.0,323
2025-04-24 10:57:00+05:30,1650.5999755859375,1651.800048828125,1650.4000244140625,1650.5,325
2025-04-24 10:58:00+05:30,1650.0,1650.0999755859375,1649.5999755859375,1649.699951171875,350
2025-04-24 10:59:00+05:30,1650.0,1651.9000244140625,1649.0999755859375,1649.0999755859375,458
2025-04-24 11:00:00+05:30,1650.4000244140625,1650.5,1650.0,1650.0,359
2025-04-24 11:01:00+05:30,1650.0,1650.0999755859375,1649.800048828125,1650.0999755859375,376
2025-04-24 11:02:00+05:30,1650.0999755859375,1650.5,1650.0,1650.0,461
2025-04-24 11:03:00+05:30,1650.0,1651.0999755859375,1650.0,1650.0,458
2025-04-24 11:04:00+05:30,1650.0999755859375,1651.5,1650.0,1650.199951171875,414
2025-04-24 11:05:00+05:30,1650.0,1650.9000244140625,1650.0,1650.5999755859375,359
2025-04-24 11:06:00+05:30,1650.0,1651.5,1650.0,1650.199951171875,449
2025-04-24 11:07:00+05:30,1650.0,1651.199951171875,1650.0,1650.0999755859375,365
2025-04-24 11:08:00+05:30,1650.0999755859375,1650.5999755859375,1650.0,1650.0,384
2025-04-24 11:09:00+05:30,1650.4000244140625,1650.5999755859375,1650.0,1650.0,412
2025-04-24 11:10:00+05:30,1650.300048828125,1651.300048828125,1649.699951171875,1650.0,519
2025-04-24 11:11:00+05:30,1650.0999755859375,1650.4000244140625,1650.0,1650.0999755859375,304
2025-04-24 11:12:00+05:30,1650.199951171875,1651.800048828125,1648.699951171875,1649.699951171875,887
2025-04-24 11:13:00+05:30,1650.800048828125,1651.300048828125,1649.699951171875,1649.699951171875,374
2025-04-24 11:14:00+05:30,1651.0,1651.4000244140625,1649.5,1650.4000244140625,467
2025-04-24 11:15:00+05:30,1651.800048828125,1651.800048828125,1650.0999755859375,1650.199951171875,514
2025-04-24 11:16:00+05:30,1650.699951171875,1652.0,1650.699951171875,1651.800048828125,506
2025-04-24 11:17:00+05:30,1650.9000244140625,1652.300048828125,1650.5,1651.5999755859375,584
2025-04-24 11:18:00+05:30,1651.199951171875,1652.0,1650.0999755859375,1650.9000244140625,521
2025-04-24 11:19:00+05:30,1650.0,1651.300048828125,1650.0,1650.300048828125,460
2025-04-24 11:20:00+05:30,1651.0999755859375,1651.5,1649.699951171875,1649.699951171875,1072
2025-04-24 11:21:00+05:30,1651.699951171875,1651.800048828125,1649.5999755859375,1649.800048828125,832
2025-04-24 11:22:00+05:30,1650.0,1651.5,1650.0,1650.699951171875,452
2025-04-24 11:23:00+05:30,1650.699951171875,1650.800048828125,1649.800048828125,1650.0999755859375,410
2025-04-24 11:24:00+05:30,1650.5,1650.699951171875,1649.300048828125,1649.9000244140625,710
2025-04-24 11:25:00+05:30,1650.4000244140625,1651.699951171875,1650.0,1650.5,1154
2025-04-24 11:26:00+05:30,1652.0,1652.4000244140625,1650.199951171875,1651.4000244140625,924
2025-04-24 11:27:00+05:30,1651.4000244140625,1652.199951171875,1650.5,1651.0,408
2025-04-24 11:28:00+05:30,1650.9000244140625,1651.4000244140625,1649.5999755859375,1650.0999755859375,483
2025-04-24 11:29:00+05:30,1651.300048828125,1651.800048828125,1649.9000244140625,1649.9000244140625,467
2025-04-24 11:30:00+05:30,1650.0,1651.199951171875,1649.9000244140625,1650.199951171875,418
2025-04-24 11:31:00+05:30,1651.0,1651.5,1649.0,1650.0999755859375,553
2025-04-24 11:32:00+05:30,1650.0999755859375,1651.800048828125,1649.800048828125,1650.0999755859375,571
2025-04-24 11:33:00+05:30,1650.0,1651.4000244140625,1649.199951171875,1649.5999755859375,541
2025-04-24 11:34:00+05:30,1651.4000244140625,1651.4000244140625,1649.300048828125,1650.0999755859375,411
2025-04-24 11:35:00+05:30,1650.199951171875,1651.4000244140625,1649.9000244140625,1650.0999755859375,393
2025-04-24 11:36:00+05:30,1651.0999755859375,1651.4000244140625,1649.699951171875,1649.800048828125,507
2025-04-24 11:37:00+05:30,1650.0999755859375,1651.0,1649.0,1650.4000244140625,630
2025-04-24 11:38:00+05:30,1650.800048828125,1651.0,1649.5999755859375,1650.0999755859375,501
2025-04-24 11:39:00+05:30,1650.0999755859375,1651.199951171875,1650.0,1650.0,385
2025-04-24 11:40:00+05:30,1650.0,1651.0999755859375,1649.9000244140625,1649.9000244140625,446
2025-04-24 11:41:00+05:30,1651.0,1651.0999755859375,1649.9000244140625,1650.0999755859375,395
2025-04-24 11:42:00+05:30,1651.0999755859375,1651.0999755859375,1649.9000244140625,1649.9000244140625,407
2025-04-24 11:43:00+05:30,1650.5,1650.9000244140625,1649.9000244140625,1650.0999755859375,416
2025-04-24 11:44:00+05:30,1651.0999755859375,1651.9000244140625,1650.0,1650.5,893
2025-04-24 11:45:00+05:30,1650.9000244140625,1651.5,1649.800048828125,1650.9000244140625,311
2025-04-24 11:46:00+05:30,1651.9000244140625,1651.9000244140625,1650.0,1650.9000244140625,359
2025-04-24 11:47:00+05:30,1652.0,1652.199951171875,1650.5999755859375,1651.0999755859375,439
2025-04-24 11:48:00+05:30,1651.699951171875,1651.699951171875,1650.0999755859375,1650.0999755859375,304
2025-04-24 11:49:00+05:30,1650.0999755859375,1651.699951171875,1650.0999755859375,1651.5,307
2025-04-24 11:50:00+05:30,1651.5999755859375,1652.0999755859375,1650.0,1650.0999755859375,918
2025-04-24 11:51:00+05:30,1650.4000244140625,1651.5999755859375,1650.0,1650.5999755859375,379
2025-04-24 11:52:00+05:30,1650.199951171875,1651.5999755859375,1649.800048828125,1650.0999755859375,378
2025-04-24 11:53:00+05:30,1650.9000244140625,1651.5999755859375,1650.0999755859375,1650.0999755859375,379
2025-04-24 11:54:00+05:30,1651.199951171875,1651.199951171875,1650.0,1650.9000244140625,723
2025-04-24 11:55:00+05:30,1650.0,1651.5,1650.0,1650.300048828125,387
2025-04-24 11:56:00+05:30,1650.5999755859375,1651.0,1649.9000244140625,1650.0,331
2025-04-24 11:57:00+05:30,1650.0999755859375,1651.199951171875,1649.800048828125,1649.9000244140625,354
2025-04-24 11:58:00+05:30,1651.0,1651.699951171875,1650.0,1650.0999755859375,440
2025-04-24 11:59:00+05:30,1651.800048828125,1651.800048828125,1651.0,1651.0,335
2025-04-24 12:00:00+05:30,1652.300048828125,1653.0,1650.699951171875,1651.0,1198
2025-04-24 12:01:00+05:30,1651.800048828125,1653.0,1650.0999755859375,1651.199951171875,461
2025-04-24 12:02:00+05:30,1651.4000244140625,1651.5999755859375,1649.699951171875,1650.0999755859375,470
2025-04-24 12:03:00+05:30,1651.5,1651.699951171875,1650.0999755859375,1650.199951171875,438
2025-04-24 12:04:00+05:30,1651.9000244140625,1651.9000244140625,1650.0,1650.4000244140625,518
2025-04-24 12:05:00+05:30,1651.5,1651.699951171875,1649.699951171875,1651.300048828125,510
2025-04-24 12:06:00+05:30,1650.699951171875,1651.9000244140625,1650.0,1650.0999755859375,470
2025-04-24 12:07:00+05:30,1651.0999755859375,1651.800048828125,1649.699951171875,1650.0999755859375,577
2025-04-24 12:08:00+05:30,1651.9000244140625,1651.9000244140625,1650.0,1650.0,595
2025-04-24 12:09:00+05:30,1651.699951171875,1651.699951171875,1650.199951171875,1651.0999755859375,410
2025-04-24 12:10:00+05:30,1651.5999755859375,1651.5999755859375,1650.0,1650.0,537
2025-04-24 12:11:00+05:30,1651.0999755859375,1651.800048828125,1649.800048828125,1650.4000244140625,457
2025-04-24 12:12:00+05:30,1650.0,1651.0,1649.800048828125,1651.0,379
2025-04-24 12:13:00+05:30,1651.0999755859375,1651.5,1649.9000244140625,1650.0999755859375,427
2025-04-24 12:14:00+05:30,1650.9000244140625,1651.4000244140625,1650.0,1650.0999755859375,369
2025-04-24 12:15:00+05:30,1650.0999755859375,1651.5999755859375,1650.0,1650.0999755859375,721
2025-04-24 12:16:00+05:30,1650.300048828125,1651.4000244140625,1649.699951171875,1650.0,361
2025-04-24 12:17:00+05:30,1650.800048828125,1651.0999755859375,1649.800048828125,1651.0,503
2025-04-24 12:18:00+05:30,1651.0999755859375,1651.800048828125,1650.0,1650.0,472
2025-04-24 12:19:00+05:30,1651.4000244140625,1651.9000244140625,1650.4000244140625,1650.5999755859375,494
2025-04-24 12:20:00+05:30,1650.199951171875,1651.4000244140625,1650.199951171875,1650.4000244140625,321
2025-04-24 12:21:00+05:30,1650.0,1651.199951171875,1649.9000244140625,1650.0,477
2025-04-24 12:22:00+05:30,1651.0,1651.0,1649.699951171875,1650.0,288
2025-04-24 12:23:00+05:30,1650.300048828125,1651.199951171875,1649.9000244140625,1650.0,295
2025-04-24 12:24:00+05:30,1650.300048828125,1651.699951171875,1649.800048828125,1650.300048828125,687
2025-04-24 12:25:00+05:30,1650.5,1651.699951171875,1650.300048828125,1650.4000244140625,357
2025-04-24 12:26:00+05:30,1651.5999755859375,1653.4000244140625,1650.0999755859375,1650.199951171875,1068
2025-04-24 12:27:00+05:30,1650.5,1652.0,1650.0,1650.0,407
2025-04-24 12:28:00+05:30,1650.199951171875,1651.4000244140625,1649.699951171875,1649.800048828125,403
2025-04-24 12:29:00+05:30,1651.699951171875,1651.800048828125,1649.699951171875,1649.699951171875,384
2025-04-24 12:30:00+05:30,1650.699951171875,1652.199951171875,1650.0,1650.5999755859375,1647
2025-04-24 12:31:00+05:30,1651.699951171875,1651.699951171875,1649.800048828125,1650.0,341
2025-04-24 12:32:00+05:30,1651.5,1651.5,1649.800048828125,1650.800048828125,353
2025-04-24 12:33:00+05:30,1649.9000244140625,1651.5,1649.699951171875,1650.0999755859375,411
2025-04-24 12:34:00+05:30,1650.300048828125,1651.199951171875,1649.5999755859375,1650.800048828125,407
2025-04-24 12:35:00+05:30,1650.0999755859375,1651.0999755859375,1649.300048828125,1651.0999755859375,322
2025-04-24 12:36:00+05:30,1650.0999755859375,1650.9000244140625,1648.5,1649.699951171875,602
2025-04-24 12:37:00+05:30,1651.5999755859375,1651.5999755859375,1649.4000244140625,1650.0,472
2025-04-24 12:38:00+05:30,1649.800048828125,1651.4000244140625,1649.800048828125,1650.4000244140625,340
2025-04-24 12:39:00+05:30,1651.300048828125,1651.5,1649.800048828125,1650.0,330
2025-04-24 12:40:00+05:30,1649.9000244140625,1651.0999755859375,1649.9000244140625,1650.0999755859375,317
2025-04-24 12:41:00+05:30,1650.800048828125,1651.0999755859375,1649.300048828125,1649.300048828125,471
2025-04-24 12:42:00+05:30,1650.699951171875,1651.0999755859375,1650.0,1650.800048828125,396
2025-04-24 12:43:00+05:30,1650.9000244140625,1651.0999755859375,1649.699951171875,1650.699951171875,291
2025-04-24 12:44:00+05:30,1650.5999755859375,1650.9000244140625,1649.9000244140625,1650.800048828125,320
2025-04-24 12:45:00+05:30,1651.0999755859375,1651.0999755859375,1650.0,1650.0999755859375,358
2025-04-24 12:46:00+05:30,1650.9000244140625,1651.0999755859375,1649.9000244140625,1650.0,363
2025-04-24 12:47:00+05:30,1651.0,1651.5,1650.0,1650.0999755859375,342
2025-04-24 12:48:00+05:30,1651.300048828125,1651.300048828125,1650.0,1650.0,472
2025-04-24 12:49:00+05:30,1650.699951171875,1651.0999755859375,1649.5,1650.199951171875,451
2025-04-24 12:50:00+05:30,1650.800048828125,1651.0,1649.300048828125,1650.0999755859375,342
2025-04-24 12:51:00+05:30,1650.9000244140625,1650.9000244140625,1649.800048828125,1650.0999755859375,325
2025-04-24 12:52:00+05:30,1650.9000244140625,1651.0,1649.800048828125,1649.800048828125,286
2025-04-24 12:53:00+05:30,1650.9000244140625,1651.0,1649.699951171875,1650.0,317
2025-04-24 12:54:00+05:30,1649.5999755859375,1651.0,1649.199951171875,1649.5,312
2025-04-24 12:55:00+05:30,1650.9000244140625,1650.9000244140625,1649.5999755859375,1649.5999755859375,294
2025-04-24 12:56:00+05:30,1650.0,1650.9000244140625,1649.9000244140625,1650.0,298
2025-04-24 12:57:00+05:30,1650.800048828125,1650.800048828125,1649.800048828125,1650.0,292
2025-04-24 12:58:00+05:30,1650.800048828125,1650.800048828125,1649.800048828125,1649.800048828125,300
2025-04-24 12:59:00+05:30,1650.5999755859375,1650.9000244140625,1649.5999755859375,1650.0,355
2025-04-24 13:00:00+05:30,1655.4000244140625,1655.4000244140625,1650.0999755859375,1650.9000244140625,3820
2025-04-24 13:01:00+05:30,1654.800048828125,1654.800048828125,1653.4000244140625,1653.699951171875,346
2025-04-24 13:02:00+05:30,1653.0,1653.800048828125,1652.0999755859375,1652.9000244140625,238
2025-04-24 13:03:00+05:30,1653.5,1653.5,1652.0,1653.0,284
2025-04-24 13:04:00+05:30,1653.0,1653.0,1652.199951171875,1652.800048828125,348
2025-04-24 13:05:00+05:30,1653.0,1653.0,1652.0999755859375,1652.0999755859375,310
2025-04-24 13:06:00+05:30,1652.300048828125,1653.0,1652.199951171875,1653.0,304
2025-04-24 13:07:00+05:30,1653.4000244140625,1653.4000244140625,1652.199951171875,1652.199951171875,816
2025-04-24 13:08:00+05:30,1652.5,1653.9000244140625,1652.4000244140625,1653.9000244140625,398
2025-04-24 13:09:00+05:30,1651.300048828125,1653.0999755859375,1651.300048828125,1652.300048828125,363
2025-04-24 13:10:00+05:30,1651.699951171875,1651.9000244140625,1650.4000244140625,1651.300048828125,271
2025-04-24 13:11:00+05:30,1650.0999755859375,1650.9000244140625,1650.0,1650.699951171875,418
2025-04-24 13:12:00+05:30,1652.300048828125,1652.300048828125,1649.800048828125,1651.0999755859375,504
2025-04-24 13:13:00+05:30,1652.800048828125,1652.800048828125,1650.0,1651.0999755859375,1173
2025-04-24 13:14:00+05:30,1650.0999755859375,1653.0,1650.0999755859375,1652.0,1131
2025-04-24 13:15:00+05:30,1650.0999755859375,1651.4000244140625,1650.0,1650.0999755859375,371
2025-04-24 13:16:00+05:30,1650.0,1650.0,1649.300048828125,1649.9000244140625,333
2025-04-24 13:17:00+05:30,1648.800048828125,1650.5999755859375,1648.800048828125,1649.300048828125,874
2025-04-24 13:18:00+05:30,1649.699951171875,1650.0,1649.0,1649.0,337
2025-04-24 13:19:00+05:30,1649.699951171875,1650.0999755859375,1649.300048828125,1649.5999755859375,328
2025-04-24 13:20:00+05:30,1650.0999755859375,1650.0999755859375,1649.4000244140625,1649.4000244140625,1998
2025-04-24 13:21:00+05:30,1650.199951171875,1651.0,1650.0,1650.0999755859375,359
2025-04-24 13:22:00+05:30,1650.0,1650.9000244140625,1650.0,1650.199951171875,400
2025-04-24 13:23:00+05:30,1649.5999755859375,1651.800048828125,1649.5999755859375,1649.9000244140625,464
2025-04-24 13:24:00+05:30,1649.800048828125,1650.300048828125,1649.5999755859375,1650.0,375
2025-04-24 13:25:00+05:30,1650.0,1651.5,1649.4000244140625,1649.699951171875,508
2025-04-24 13:26:00+05:30,1650.0999755859375,1650.4000244140625,1649.800048828125,1650.0,421
2025-04-24 13:27:00+05:30,1649.9000244140625,1651.0,1649.699951171875,1650.0,476
2025-04-24 13:28:00+05:30,1649.800048828125,1651.199951171875,1649.5999755859375,1650.0,481
2025-04-24 13:29:00+05:30,1649.699951171875,1650.0,1649.4000244140625,1649.4000244140625,704
2025-04-24 13:30:00+05:30,1649.699951171875,1651.0,1649.5999755859375,1649.5999755859375,434
2025-04-24 13:31:00+05:30,1649.800048828125,1650.699951171875,1649.5999755859375,1650.0,390
2025-04-24 13:32:00+05:30,1650.0,1651.0,1649.699951171875,1649.800048828125,3331
2025-04-24 13:33:00+05:30,1650.9000244140625,1651.300048828125,1650.0,1650.0,443
2025-04-24 13:34:00+05:30,1649.5,1650.9000244140625,1649.300048828125,1650.199951171875,516
2025-04-24 13:35:00+05:30,1650.0,1650.0,1649.300048828125,1650.0,324
2025-04-24 13:36:00+05:30,1649.800048828125,1650.0,1649.0999755859375,1649.4000244140625,466
2025-04-24 13:37:00+05:30,1650.0,1650.0,1649.4000244140625,1649.5999755859375,329
2025-04-24 13:38:00+05:30,1649.5,1650.0,1649.0999755859375,1649.0999755859375,352
2025-04-24 13:39:00+05:30,1636.699951171875,1650.0999755859375,1636.699951171875,1650.0,2924
2025-04-24 13:40:00+05:30,1634.5999755859375,1636.699951171875,1632.199951171875,1636.699951171875,2333
2025-04-24 13:41:00+05:30,1632.0,1634.0,1630.699951171875,1632.699951171875,432
2025-04-24 13:42:00+05:30,1633.0,1633.0,1631.0999755859375,1631.5999755859375,755
2025-04-24 13:43:00+05:30,1632.0,1632.199951171875,1631.199951171875,1632.0999755859375,581
2025-04-24 13:44:00+05:30,1630.300048828125,1632.0,1630.300048828125,1632.0,539
2025-04-24 13:45:00+05:30,1630.0999755859375,1630.4000244140625,1629.5,1630.0,508
2025-04-24 13:46:00+05:30,1631.4000244140625,1633.5999755859375,1630.199951171875,1630.5,711
2025-04-24 13:47:00+05:30,1630.0999755859375,1631.0999755859375,1630.0,1631.0,331
2025-04-24 13:48:00+05:30,1631.0,1632.0,1629.0,1630.0999755859375,638
2025-04-24 13:49:00+05:30,1629.699951171875,1631.5999755859375,1629.5999755859375,1630.800048828125,369
2025-04-24 13:50:00+05:30,1629.800048828125,1631.800048828125,1629.800048828125,1630.0,297
2025-04-24 13:51:00+05:30,1629.5999755859375,1632.0999755859375,1629.5999755859375,1630.0,308
2025-04-24 13:52:00+05:30,1630.300048828125,1632.0999755859375,1629.9000244140625,1629.9000244140625,606
2025-04-24 13:53:00+05:30,1630.300048828125,1630.300048828125,1629.5,1629.699951171875,272
2025-04-24 13:54:00+05:30,1632.0999755859375,1632.0999755859375,1629.5999755859375,1630.199951171875,1214
2025-04-24 13:55:00+05:30,1629.5,1631.5,1629.300048828125,1631.0,624
2025-04-24 13:56:00+05:30,1629.800048828125,1630.5,1629.800048828125,1629.800048828125,262
2025-04-24 13:57:00+05:30,1629.699951171875,1631.300048828125,1629.699951171875,1630.5,306
2025-04-24 13:58:00+05:30,1629.5,1631.300048828125,1629.4000244140625,1629.5,355
2025-04-24 13:59:00+05:30,1629.300048828125,1630.0999755859375,1629.300048828125,1629.699951171875,425
2025-04-24 14:00:00+05:30,1629.0999755859375,1630.300048828125,1629.0,1629.0,481
2025-04-24 14:01:00+05:30,1627.800048828125,1628.0999755859375,1627.800048828125,1628.0,860
2025-04-24 14:02:00+05:30,1627.0,1627.699951171875,1627.0,1627.0,1113
2025-04-24 14:03:00+05:30,1626.199951171875,1627.199951171875,1626.199951171875,1627.199951171875,10
2025-04-24 14:04:00+05:30,1626.9000244140625,1627.699951171875,1626.4000244140625,1626.4000244140625,375
2025-04-24 14:05:00+05:30,1628.0999755859375,1629.0,1626.699951171875,1626.699951171875,464
2025-04-24 14:06:00+05:30,1630.300048828125,1631.0,1627.9000244140625,1627.9000244140625,1085
2025-04-24 14:07:00+05:30,1632.0,1632.0,1629.0999755859375,1630.5999755859375,896
2025-04-24 14:08:00+05:30,1630.0999755859375,1632.0,1629.199951171875,1631.699951171875,369
2025-04-24 14:09:00+05:30,1628.5,1630.300048828125,1628.300048828125,1629.0,347
2025-04-24 14:10:00+05:30,1629.199951171875,1630.0,1628.199951171875,1628.5999755859375,463
2025-04-24 14:11:00+05:30,1628.699951171875,1628.800048828125,1627.9000244140625,1628.800048828125,337
2025-04-24 14:12:00+05:30,1628.800048828125,1629.0,1628.4000244140625,1628.4000244140625,367
2025-04-24 14:13:00+05:30,1628.5,1628.699951171875,1628.0,1628.699951171875,342
2025-04-24 14:14:00+05:30,1629.4000244140625,1629.800048828125,1627.699951171875,1627.699951171875,577
2025-04-24 14:15:00+05:30,1630.0,1630.0,1628.0999755859375,1629.0,357
2025-04-24 14:16:00+05:30,1628.699951171875,1629.300048828125,1627.699951171875,1629.300048828125,292
2025-04-24 14:17:00+05:30,1626.699951171875,1628.699951171875,1626.199951171875,1628.699951171875,439
2025-04-24 14:18:00+05:30,1626.5999755859375,1628.4000244140625,1626.5999755859375,1626.9000244140625,737
2025-04-24 14:19:00+05:30,1632.9000244140625,1633.0,1627.300048828125,1627.300048828125,758
2025-04-24 14:20:00+05:30,1633.5999755859375,1634.199951171875,1632.0999755859375,1632.300048828125,316
2025-04-24 14:21:00+05:30,1632.5999755859375,1633.699951171875,1632.300048828125,1633.699951171875,341
2025-04-24 14:22:00+05:30,1633.5,1633.5,1632.0,1632.0999755859375,393
2025-04-24 14:23:00+05:30,1632.0999755859375,1633.199951171875,1632.0,1632.5,359
2025-04-24 14:24:00+05:30,1632.4000244140625,1634.199951171875,1631.9000244140625,1633.0999755859375,491
2025-04-24 14:25:00+05:30,1635.4000244140625,1637.5999755859375,1632.0,1632.5,50889
2025-04-24 14:26:00+05:30,1636.0999755859375,1637.5,1635.4000244140625,1635.9000244140625,358
2025-04-24 14:27:00+05:30,1636.5,1636.5999755859375,1633.300048828125,1636.300048828125,567
2025-04-24 14:28:00+05:30,1636.0999755859375,1636.4000244140625,1634.800048828125,1635.4000244140625,350
2025-04-24 14:29:00+05:30,1635.9000244140625,1636.5,1634.199951171875,1635.199951171875,922
2025-04-24 14:30:00+05:30,1632.199951171875,1634.5999755859375,1631.699951171875,1634.5999755859375,572
2025-04-24 14:31:00+05:30,1629.0999755859375,1631.300048828125,1629.0999755859375,1631.300048828125,307
2025-04-24 14:32:00+05:30,1632.4000244140625,1632.5999755859375,1628.0999755859375,1628.0999755859375,392
2025-04-24 14:33:00+05:30,1633.699951171875,1633.800048828125,1630.800048828125,1633.4000244140625,50334
2025-04-24 14:34:00+05:30,1632.5,1632.9000244140625,1631.5999755859375,1632.9000244140625,210
2025-04-24 14:35:00+05:30,1632.0,1633.9000244140625,1632.0,1632.199951171875,146
2025-04-24 14:36:00+05:30,1631.4000244140625,1633.5999755859375,1631.4000244140625,1632.0,165
2025-04-24 14:37:00+05:30,1630.800048828125,1632.199951171875,1630.800048828125,1632.199951171875,219
2025-04-24 14:38:00+05:30,1631.5999755859375,1631.699951171875,1631.0,1631.5999755859375,113
2025-04-24 14:39:00+05:30,1632.0,1632.0,1630.0999755859375,1630.300048828125,161
2025-04-24 14:40:00+05:30,1635.9000244140625,1636.0999755859375,1630.699951171875,1630.699951171875,766
2025-04-24 14:41:00+05:30,1632.199951171875,1635.0999755859375,1631.699951171875,1634.300048828125,687
2025-04-24 14:42:00+05:30,1633.0999755859375,1633.0999755859375,1631.800048828125,1632.699951171875,517
2025-04-24 14:43:00+05:30,1632.699951171875,1633.4000244140625,1632.0,1632.0999755859375,436
2025-04-24 14:44:00+05:30,1632.0,1633.199951171875,1632.0,1632.0,546
2025-04-24 14:45:00+05:30,1632.800048828125,1634.4000244140625,1632.300048828125,1632.300048828125,700
2025-04-24 14:46:00+05:30,1634.0,1634.699951171875,1632.5,1632.5,534
2025-04-24 14:47:00+05:30,1633.300048828125,1634.199951171875,1632.0999755859375,1633.0999755859375,509
2025-04-24 14:48:00+05:30,1632.9000244140625,1634.699951171875,1632.699951171875,1632.699951171875,518
2025-04-24 14:49:00+05:30,1632.300048828125,1633.9000244140625,1632.300048828125,1632.300048828125,609
2025-04-24 14:50:00+05:30,1632.0,1633.300048828125,1632.0,1632.0999755859375,813
2025-04-24 14:51:00+05:30,1632.699951171875,1634.4000244140625,1632.4000244140625,1634.4000244140625,839
2025-04-24 14:52:00+05:30,1632.4000244140625,1633.5,1631.800048828125,1632.4000244140625,719
2025-04-24 14:53:00+05:30,1633.5999755859375,1634.199951171875,1632.0999755859375,1632.0999755859375,1412
2025-04-24 14:54:00+05:30,1638.0999755859375,1643.9000244140625,1633.800048828125,1633.800048828125,1924
2025-04-24 14:55:00+05:30,1645.800048828125,1646.199951171875,1638.0,1638.300048828125,3329
2025-04-24 14:56:00+05:30,1645.5999755859375,1647.4000244140625,1644.0999755859375,1645.4000244140625,2367
2025-04-24 14:57:00+05:30,1646.199951171875,1647.0999755859375,1644.5,1645.0,2954
2025-04-24 14:58:00+05:30,1648.5,1649.800048828125,1646.0,1646.0999755859375,2854
2025-04-24 14:59:00+05:30,1651.0999755859375,1652.300048828125,1648.5,1649.9000244140625,1507
2025-04-24 15:00:00+05:30,1647.9000244140625,1653.9000244140625,1647.4000244140625,1651.5,4789
2025-04-24 15:01:00+05:30,1645.300048828125,1648.5999755859375,1644.300048828125,1647.9000244140625,2288
2025-04-24 15:02:00+05:30,1645.0999755859375,1646.5999755859375,1645.0,1646.199951171875,1475
2025-04-24 15:03:00+05:30,1639.5,1642.9000244140625,1638.5999755859375,1642.199951171875,32781
2025-04-24 15:04:00+05:30,1636.9000244140625,1640.5,1636.0,1640.5,1270
2025-04-24 15:05:00+05:30,1631.800048828125,1636.0999755859375,1631.800048828125,1636.0999755859375,1462
2025-04-24 15:06:00+05:30,1630.4000244140625,1633.9000244140625,1630.199951171875,1632.699951171875,2004
2025-04-24 15:07:00+05:30,1628.199951171875,1631.800048828125,1627.0999755859375,1631.800048828125,2207
2025-04-24 15:08:00+05:30,1636.5,1637.0,1627.9000244140625,1628.199951171875,1589
2025-04-24 15:09:00+05:30,1633.5,1637.5999755859375,1633.5,1637.5999755859375,652
2025-04-24 15:10:00+05:30,1630.300048828125,1633.800048828125,1630.300048828125,1633.800048828125,1528
2025-04-24 15:11:00+05:30,1632.9000244140625,1633.0999755859375,1629.800048828125,1629.800048828125,1601
2025-04-24 15:12:00+05:30,1634.9000244140625,1635.300048828125,1633.5,1633.5999755859375,798
2025-04-24 15:13:00+05:30,1635.300048828125,1636.9000244140625,1633.5999755859375,1634.9000244140625,3842
2025-04-24 15:14:00+05:30,1634.0,1635.5999755859375,1633.800048828125,1634.699951171875,715
2025-04-24 15:15:00+05:30,1637.4000244140625,1637.4000244140625,1634.800048828125,1634.9000244140625,1200
2025-04-24 15:16:00+05:30,1636.800048828125,1641.699951171875,1636.800048828125,1641.699951171875,11734
2025-04-24 15:17:00+05:30,1637.199951171875,1638.0,1636.9000244140625,1637.4000244140625,2482
2025-04-24 15:18:00+05:30,1636.199951171875,1638.0,1636.199951171875,1637.9000244140625,755
2025-04-24 15:19:00+05:30,1637.5,1638.5,1635.9000244140625,1636.199951171875,2058
2025-04-24 15:20:00+05:30,1637.9000244140625,1638.0,1637.5,1637.5,1003
2025-04-24 15:21:00+05:30,1638.0,1638.0,1637.5999755859375,1637.5999755859375,1393
2025-04-24 15:22:00+05:30,1638.0,1638.0,1637.5999755859375,1638.0,1266
2025-04-24 15:23:00+05:30,1637.9000244140625,1638.199951171875,1637.5999755859375,1637.699951171875,1013
2025-04-24 15:24:00+05:30,1637.5,1638.0,1636.300048828125,1637.9000244140625,2371
2025-04-24 15:25:00+05:30,1636.199951171875,1638.0,1635.0999755859375,1637.9000244140625,1816
2025-04-24 15:26:00+05:30,1639.9000244140625,1642.199951171875,1636.9000244140625,1636.9000244140625,1320
2025-04-24 15:27:00+05:30,1638.4000244140625,1638.4000244140625,1637.699951171875,1637.9000244140625,3249
2025-04-24 15:28:00+05:30,1641.5,1641.5,1637.699951171875,1638.4000244140625,9260
2025-04-24 15:29:00+05:30,1643.9000244140625,1645.0,1643.9000244140625,1644.0,1988
2025-04-25 09:15:00+05:30,1627.4000244140625,1645.5999755859375,1627.4000244140625,1644.5999755859375,0
2025-04-25 09:16:00+05:30,1624.9000244140625,1626.0,1622.800048828125,1623.800048828125,5440
2025-04-25 09:17:00+05:30,1626.300048828125,1628.800048828125,1626.300048828125,1627.4000244140625,2028
2025-04-25 09:18:00+05:30,1618.9000244140625,1624.9000244140625,1618.9000244140625,1624.9000244140625,3352
2025-04-25 09:19:00+05:30,1622.9000244140625,1622.9000244140625,1615.0,1620.0,2735
2025-04-25 09:20:00+05:30,1624.4000244140625,1624.4000244140625,1619.800048828125,1622.699951171875,1646
2025-04-25 09:21:00+05:30,1628.800048828125,1628.800048828125,1622.800048828125,1622.800048828125,1929
2025-04-25 09:22:00+05:30,1624.5999755859375,1626.4000244140625,1623.800048828125,1626.4000244140625,810
2025-04-25 09:23:00+05:30,1620.0,1624.0999755859375,1619.199951171875,1624.0999755859375,4331
2025-04-25 09:24:00+05:30,1623.199951171875,1623.199951171875,1620.4000244140625,1620.4000244140625,84
2025-04-25 09:25:00+05:30,1620.5999755859375,1623.0999755859375,1620.5999755859375,1623.0999755859375,704
2025-04-25 09:26:00+05:30,1621.0999755859375,1621.199951171875,1620.0,1620.0,666
2025-04-25 09:27:00+05:30,1621.300048828125,1621.300048828125,1619.300048828125,1620.0,1079
2025-04-25 09:28:00+05:30,1619.0999755859375,1622.9000244140625,1619.0999755859375,1621.800048828125,1438
2025-04-25 09:29:00+05:30,1619.0,1620.0,1618.0,1619.9000244140625,609
2025-04-25 09:30:00+05:30,1620.0,1620.0,1619.0,1619.0,230
2025-04-25 09:31:00+05:30,1615.0,1617.699951171875,1615.0,1617.699951171875,2709
2025-04-25 09:32:00+05:30,1616.800048828125,1616.800048828125,1615.699951171875,1616.0,334
2025-04-25 09:33:00+05:30,1618.5,1619.0999755859375,1617.5,1617.5,562
2025-04-25 09:34:00+05:30,1616.4000244140625,1618.9000244140625,1616.4000244140625,1618.800048828125,1073
2025-04-25 09:35:00+05:30,1616.699951171875,1618.300048828125,1616.5999755859375,1617.699951171875,389
2025-04-25 09:36:00+05:30,1616.0,1617.0,1616.0,1616.0999755859375,477
2025-04-25 09:37:00+05:30,1611.300048828125,1616.0,1611.300048828125,1616.0,2443
2025-04-25 09:38:00+05:30,1609.0,1612.0,1608.0,1611.199951171875,1609
2025-04-25 09:39:00+05:30,1604.800048828125,1611.5,1604.800048828125,1611.5,1690
2025-04-25 09:40:00+05:30,1605.199951171875,1605.699951171875,1603.5999755859375,1605.0999755859375,523
2025-04-25 09:41:00+05:30,1606.800048828125,1606.800048828125,1604.0,1606.199951171875,1501
2025-04-25 09:42:00+05:30,1605.800048828125,1606.0,1604.0999755859375,1605.4000244140625,768
2025-04-25 09:43:00+05:30,1605.800048828125,1607.199951171875,1605.800048828125,1607.199951171875,338
2025-04-25 09:44:00+05:30,1604.0999755859375,1605.5999755859375,1604.0999755859375,1605.5999755859375,565
2025-04-25 09:45:00+05:30,1605.0999755859375,1605.5999755859375,1603.300048828125,1603.9000244140625,373
2025-04-25 09:46:00+05:30,1602.5,1604.5,1602.5,1602.800048828125,2592
2025-04-25 09:47:00+05:30,1600.9000244140625,1603.5999755859375,1600.699951171875,1602.5,892
2025-04-25 09:48:00+05:30,1600.0999755859375,1600.9000244140625,1600.0999755859375,1600.9000244140625,250
2025-04-25 09:49:00+05:30,1596.800048828125,1599.199951171875,1595.199951171875,1599.199951171875,1990
2025-04-25 09:50:00+05:30,1597.5,1597.5,1595.300048828125,1596.699951171875,443
2025-04-25 09:51:00+05:30,1596.0,1597.0,1596.0,1597.0,98
2025-04-25 09:52:00+05:30,1594.699951171875,1596.9000244140625,1594.699951171875,1596.0,631
2025-04-25 09:53:00+05:30,1593.5,1594.0999755859375,1593.4000244140625,1594.0999755859375,258
2025-04-25 09:54:00+05:30,1594.0,1595.300048828125,1593.4000244140625,1593.4000244140625,3748
2025-04-25 09:55:00+05:30,1592.800048828125,1594.0,1592.800048828125,1594.0,336
2025-04-25 09:56:00+05:30,1594.800048828125,1595.0,1593.9000244140625,1595.0,475
2025-04-25 09:57:00+05:30,1590.0999755859375,1592.5,1590.0999755859375,1592.0999755859375,1512
2025-04-25 09:58:00+05:30,1590.5999755859375,1591.9000244140625,1590.0999755859375,1590.0999755859375,1109
2025-04-25 09:59:00+05:30,1588.5,1589.300048828125,1587.800048828125,1588.0999755859375,709
2025-04-25 10:00:00+05:30,1587.5999755859375,1590.800048828125,1587.5999755859375,1590.0,391
2025-04-25 10:01:00+05:30,1587.5999755859375,1589.9000244140625,1586.699951171875,1587.0,896
2025-04-25 10:02:00+05:30,1587.5,1588.0,1587.300048828125,1587.699951171875,452
2025-04-25 10:03:00+05:30,1583.199951171875,1587.300048828125,1583.199951171875,1587.300048828125,1007
2025-04-25 10:04:00+05:30,1583.199951171875,1585.5,1583.199951171875,1584.800048828125,953
2025-04-25 10:05:00+05:30,1583.5,1586.0,1583.0,1584.300048828125,379
2025-04-25 10:06:00+05:30,1583.300048828125,1585.9000244140625,1582.5999755859375,1585.9000244140625,711
2025-04-25 10:07:00+05:30,1590.699951171875,1590.800048828125,1583.4000244140625,1583.4000244140625,857
2025-04-25 10:08:00+05:30,1588.5999755859375,1591.800048828125,1588.5999755859375,1591.800048828125,2383
2025-04-25 10:09:00+05:30,1589.0,1589.800048828125,1588.0999755859375,1589.800048828125,358
2025-04-25 10:10:00+05:30,1594.199951171875,1594.199951171875,1589.0,1589.0,759
2025-04-25 10:11:00+05:30,1596.199951171875,1600.0,1595.199951171875,1595.199951171875,505
2025-04-25 10:12:00+05:30,1595.4000244140625,1597.0,1595.4000244140625,1595.9000244140625,266
2025-04-25 10:13:00+05:30,1593.699951171875,1597.199951171875,1593.699951171875,1596.9000244140625,650
2025-04-25 10:14:00+05:30,1597.0,1597.0,1593.800048828125,1594.9000244140625,517
2025-04-25 10:15:00+05:30,1594.800048828125,1597.5999755859375,1594.800048828125,1596.5999755859375,222
2025-04-25 10:16:00+05:30,1595.699951171875,1597.9000244140625,1595.699951171875,1595.9000244140625,468
2025-04-25 10:17:00+05:30,1596.4000244140625,1597.5999755859375,1594.300048828125,1596.5999755859375,361
2025-04-25 10:18:00+05:30,1597.800048828125,1598.800048828125,1596.300048828125,1596.300048828125,186
2025-04-25 10:19:00+05:30,1597.9000244140625,1597.9000244140625,1595.300048828125,1596.800048828125,193
2025-04-25 10:20:00+05:30,1595.5999755859375,1598.199951171875,1594.800048828125,1598.199951171875,187
2025-04-25 10:21:00+05:30,1595.0,1596.9000244140625,1594.800048828125,1594.800048828125,250
2025-04-25 10:22:00+05:30,1592.0999755859375,1593.5999755859375,1592.0999755859375,1593.300048828125,284
2025-04-25 10:23:00+05:30,1597.0,1597.0,1593.0,1593.0,235
2025-04-25 10:24:00+05:30,1594.0,1596.0,1593.199951171875,1596.0,183
2025-04-25 10:25:00+05:30,1593.5,1594.0,1592.800048828125,1594.0,508
2025-04-25 10:26:00+05:30,1592.0,1592.699951171875,1592.0,1592.699951171875,319
2025-04-25 10:27:00+05:30,1588.0999755859375,1591.300048828125,1588.0999755859375,1591.300048828125,603
2025-04-25 10:28:00+05:30,1588.0,1589.300048828125,1588.0,1589.300048828125,146
2025-04-25 10:29:00+05:30,1583.300048828125,1587.4000244140625,1583.300048828125,1586.9000244140625,220
2025-04-25 10:30:00+05:30,1588.300048828125,1588.4000244140625,1585.199951171875,1585.199951171875,241
2025-04-25 10:31:00+05:30,1585.0999755859375,1588.5,1583.9000244140625,1588.5,1587
2025-04-25 10:32:00+05:30,1584.699951171875,1586.4000244140625,1584.699951171875,1586.4000244140625,408
2025-04-25 10:33:00+05:30,1582.199951171875,1583.9000244140625,1582.199951171875,1583.9000244140625,970
2025-04-25 10:34:00+05:30,1590.199951171875,1590.199951171875,1584.0,1584.0,1904
2025-04-25 10:35:00+05:30,1591.199951171875,1591.4000244140625,1590.5,1591.4000244140625,185
2025-04-25 10:36:00+05:30,1590.5999755859375,1590.5999755859375,1589.9000244140625,1590.5999755859375,131
2025-04-25 10:37:00+05:30,1592.699951171875,1592.699951171875,1589.5,1589.5,415
2025-04-25 10:38:00+05:30,1590.4000244140625,1591.800048828125,1590.4000244140625,1591.800048828125,84
2025-04-25 10:39:00+05:30,1591.5999755859375,1591.5999755859375,1590.800048828125,1591.0,15
2025-04-25 10:40:00+05:30,1590.199951171875,1591.0,1590.199951171875,1590.5999755859375,180
2025-04-25 10:41:00+05:30,1591.300048828125,1591.300048828125,1590.699951171875,1590.699951171875,42
2025-04-25 10:42:00+05:30,1589.800048828125,1592.9000244140625,1589.800048828125,1591.0999755859375,775
2025-04-25 10:43:00+05:30,1590.0,1590.699951171875,1589.5999755859375,1590.699951171875,0
2025-04-25 10:44:00+05:30,1592.5,1592.5,1589.0999755859375,1589.0999755859375,752
2025-04-25 10:45:00+05:30,1593.0,1593.0,1593.0,1593.0,176
2025-04-25 10:46:00+05:30,1593.5,1593.5,1592.199951171875,1593.199951171875,72
2025-04-25 10:47:00+05:30,1593.5999755859375,1593.5999755859375,1593.5999755859375,1593.5999755859375,31
2025-04-25 10:48:00+05:30,1594.300048828125,1594.300048828125,1592.4000244140625,1592.4000244140625,113
2025-04-25 10:49:00+05:30,1593.0999755859375,1593.0999755859375,1593.0999755859375,1593.0999755859375,0
2025-04-25 10:50:00+05:30,1593.0,1593.300048828125,1592.5,1592.5,62
2025-04-25 10:51:00+05:30,1593.5,1594.5,1592.5,1592.5,445
2025-04-25 10:52:00+05:30,1593.9000244140625,1593.9000244140625,1593.4000244140625,1593.4000244140625,8
2025-04-25 10:53:00+05:30,1594.699951171875,1594.800048828125,1594.699951171875,1594.800048828125,108
2025-04-25 10:54:00+05:30,1592.800048828125,1595.0,1592.800048828125,1595.0,38
2025-04-25 10:55:00+05:30,1591.9000244140625,1593.9000244140625,1590.300048828125,1593.9000244140625,712
2025-04-25 10:56:00+05:30,1591.4000244140625,1591.4000244140625,1589.699951171875,1589.699951171875,168
2025-04-25 10:57:00+05:30,1590.5999755859375,1590.5999755859375,1589.9000244140625,1589.9000244140625,170
2025-04-25 10:58:00+05:30,1592.0999755859375,1592.0999755859375,1590.5999755859375,1592.0999755859375,71
2025-04-25 10:59:00+05:30,1591.9000244140625,1591.9000244140625,1590.9000244140625,1591.300048828125,38
2025-04-25 11:00:00+05:30,1591.300048828125,1592.0999755859375,1591.0,1592.0999755859375,81
2025-04-25 11:01:00+05:30,1591.300048828125,1591.300048828125,1590.4000244140625,1591.0,37
2025-04-25 11:02:00+05:30,1590.5999755859375,1591.300048828125,1589.699951171875,1591.300048828125,65
2025-04-25 11:03:00+05:30,1587.300048828125,1590.0,1586.0999755859375,1589.5999755859375,673
2025-04-25 11:04:00+05:30,1590.0,1590.5,1589.300048828125,1589.300048828125,1993
2025-04-25 11:05:00+05:30,1590.199951171875,1590.199951171875,1590.199951171875,1590.199951171875,7
2025-04-25 11:06:00+05:30,1591.4000244140625,1591.4000244140625,1589.5,1590.199951171875,142
2025-04-25 11:07:00+05:30,1589.5999755859375,1589.800048828125,1589.5999755859375,1589.800048828125,111
2025-04-25 11:08:00+05:30,1592.4000244140625,1592.4000244140625,1588.699951171875,1590.300048828125,496
2025-04-25 11:09:00+05:30,1591.699951171875,1592.5,1591.699951171875,1592.4000244140625,191
2025-04-25 11:10:00+05:30,1590.199951171875,1590.199951171875,1590.199951171875,1590.199951171875,21
2025-04-25 11:11:00+05:30,1590.9000244140625,1591.199951171875,1589.5999755859375,1589.5999755859375,91
2025-04-25 11:12:00+05:30,1589.4000244140625,1590.9000244140625,1589.4000244140625,1590.699951171875,246
2025-04-25 11:13:00+05:30,1590.800048828125,1590.800048828125,1590.800048828125,1590.800048828125,5
2025-04-25 11:14:00+05:30,1590.699951171875,1590.9000244140625,1590.699951171875,1590.699951171875,23
2025-04-25 11:15:00+05:30,1593.5999755859375,1593.5999755859375,1592.4000244140625,1592.5,400
2025-04-25 11:16:00+05:30,1598.4000244140625,1599.0,1593.5999755859375,1593.9000244140625,724
2025-04-25 11:17:00+05:30,1597.0,1599.0,1597.0,1599.0,113
2025-04-25 11:18:00+05:30,1598.199951171875,1598.800048828125,1596.800048828125,1596.9000244140625,428
2025-04-25 11:19:00+05:30,1597.0999755859375,1597.800048828125,1597.0,1597.699951171875,88
2025-04-25 11:20:00+05:30,1597.9000244140625,1597.9000244140625,1596.0999755859375,1597.800048828125,446
2025-04-25 11:21:00+05:30,1596.0999755859375,1598.0,1596.0999755859375,1597.9000244140625,48
2025-04-25 11:22:00+05:30,1594.4000244140625,1594.5999755859375,1594.4000244140625,1594.5999755859375,33
2025-04-25 11:23:00+05:30,1593.5999755859375,1594.5,1593.5999755859375,1594.0,51
2025-04-25 11:24:00+05:30,1594.0999755859375,1595.0999755859375,1593.4000244140625,1594.5,118
2025-04-25 11:25:00+05:30,1593.5,1594.5,1593.5,1594.199951171875,94
2025-04-25 11:26:00+05:30,1593.699951171875,1593.699951171875,1592.5,1593.0,121
2025-04-25 11:27:00+05:30,1592.199951171875,1592.9000244140625,1592.199951171875,1592.9000244140625,67
2025-04-25 11:28:00+05:30,1592.0,1593.300048828125,1592.0,1593.300048828125,174
2025-04-25 11:29:00+05:30,1593.300048828125,1593.300048828125,1592.0,1592.5,15
2025-04-25 11:30:00+05:30,1592.800048828125,1593.4000244140625,1592.800048828125,1593.4000244140625,40
2025-04-25 11:32:00+05:30,1592.699951171875,1593.4000244140625,1592.0,1593.4000244140625,208
2025-04-25 11:33:00+05:30,1591.5,1592.0999755859375,1591.5,1592.0999755859375,68
2025-04-25 11:34:00+05:30,1592.800048828125,1592.800048828125,1591.5,1591.5,125
2025-04-25 11:35:00+05:30,1591.9000244140625,1591.9000244140625,1591.9000244140625,1591.9000244140625,27
2025-04-25 11:36:00+05:30,1591.5999755859375,1592.800048828125,1591.5,1592.800048828125,149
2025-04-25 11:37:00+05:30,1592.5999755859375,1592.5999755859375,1591.5999755859375,1591.5999755859375,18
2025-04-25 11:38:00+05:30,1594.800048828125,1594.800048828125,1594.0,1594.0,343
2025-04-25 11:39:00+05:30,1594.9000244140625,1595.4000244140625,1594.800048828125,1595.4000244140625,8
2025-04-25 11:40:00+05:30,1595.199951171875,1595.199951171875,1595.199951171875,1595.199951171875,22
2025-04-25 11:41:00+05:30,1593.0,1594.0999755859375,1593.0,1594.0999755859375,287
2025-04-25 11:42:00+05:30,1592.800048828125,1594.0,1592.800048828125,1594.0,55
2025-04-25 11:43:00+05:30,1594.0,1594.0,1593.0999755859375,1593.800048828125,87
2025-04-25 11:44:00+05:30,1594.0,1594.0,1594.0,1594.0,2
2025-04-25 11:46:00+05:30,1594.0,1594.0,1594.0,1594.0,2
2025-04-25 11:47:00+05:30,1592.199951171875,1593.5,1592.199951171875,1593.5,204
2025-04-25 11:48:00+05:30,1591.9000244140625,1593.0999755859375,1590.300048828125,1593.0999755859375,276
2025-04-25 11:49:00+05:30,1590.800048828125,1590.9000244140625,1590.800048828125,1590.800048828125,9
2025-04-25 11:50:00+05:30,1590.199951171875,1590.199951171875,1590.0,1590.0,142
2025-04-25 11:51:00+05:30,1591.199951171875,1591.9000244140625,1589.300048828125,1590.0,397
2025-04-25 11:52:00+05:30,1592.0,1592.0,1590.0999755859375,1591.5999755859375,226
2025-04-25 11:53:00+05:30,1591.0,1591.0,1589.9000244140625,1590.5999755859375,46
2025-04-25 11:54:00+05:30,1592.800048828125,1592.800048828125,1591.800048828125,1591.800048828125,19
2025-04-25 11:55:00+05:30,1593.5,1593.5,1592.9000244140625,1592.9000244140625,4
2025-04-25 11:56:00+05:30,1590.800048828125,1593.5,1590.800048828125,1593.5,144
2025-04-25 11:57:00+05:30,1591.199951171875,1592.5,1591.199951171875,1591.9000244140625,147
2025-04-25 11:58:00+05:30,1590.300048828125,1591.0999755859375,1590.199951171875,1590.199951171875,151
2025-04-25 11:59:00+05:30,1590.9000244140625,1591.9000244140625,1590.9000244140625,1591.9000244140625,18
2025-04-25 12:00:00+05:30,1591.4000244140625,1591.800048828125,1591.0,1591.800048828125,66
2025-04-25 12:01:00+05:30,1590.5999755859375,1591.9000244140625,1590.5999755859375,1591.9000244140625,87
2025-04-25 12:02:00+05:30,1590.0999755859375,1590.199951171875,1590.0,1590.0,0
2025-04-25 12:03:00+05:30,1591.0,1591.0,1590.199951171875,1591.0,19
2025-04-25 12:04:00+05:30,1592.0,1592.0,1592.0,1592.0,5
2025-04-25 12:05:00+05:30,1591.300048828125,1592.0,1590.9000244140625,1592.0,150
2025-04-25 12:06:00+05:30,1595.0,1595.0,1592.4000244140625,1592.4000244140625,193
2025-04-25 12:07:00+05:30,1595.0,1595.0,1595.0,1595.0,52
2025-04-25 12:08:00+05:30,1593.5999755859375,1593.5999755859375,1593.300048828125,1593.300048828125,166
2025-04-25 12:09:00+05:30,1594.9000244140625,1594.9000244140625,1594.199951171875,1594.199951171875,7
2025-04-25 12:10:00+05:30,1595.0,1595.199951171875,1595.0,1595.199951171875,14
2025-04-25 12:11:00+05:30,1594.5,1595.9000244140625,1594.5,1595.0999755859375,221
2025-04-25 12:12:00+05:30,1596.199951171875,1597.0999755859375,1594.5,1594.5,137
2025-04-25 12:13:00+05:30,1596.5999755859375,1597.199951171875,1596.5,1597.0999755859375,332
2025-04-25 12:14:00+05:30,1594.9000244140625,1594.9000244140625,1594.9000244140625,1594.9000244140625,9
2025-04-25 12:15:00+05:30,1595.0,1595.699951171875,1595.0,1595.699951171875,205
2025-04-25 12:16:00+05:30,1594.9000244140625,1594.9000244140625,1594.5999755859375,1594.9000244140625,0
2025-04-25 12:17:00+05:30,1594.9000244140625,1594.9000244140625,1594.5999755859375,1594.5999755859375,8
2025-04-25 12:18:00+05:30,1597.0999755859375,1597.0999755859375,1595.9000244140625,1595.9000244140625,78
2025-04-25 12:19:00+05:30,1595.800048828125,1596.0,1595.5999755859375,1596.0,113
2025-04-25 12:20:00+05:30,1597.9000244140625,1598.0999755859375,1595.0,1595.0,578
2025-04-25 12:21:00+05:30,1596.0999755859375,1598.0999755859375,1596.0999755859375,1597.5,39
2025-04-25 12:22:00+05:30,1596.4000244140625,1596.4000244140625,1596.4000244140625,1596.4000244140625,4
2025-04-25 12:23:00+05:30,1595.300048828125,1596.199951171875,1595.300048828125,1595.5999755859375,65
2025-04-25 12:24:00+05:30,1596.4000244140625,1596.4000244140625,1595.5999755859375,1595.9000244140625,67
2025-04-25 12:25:00+05:30,1595.800048828125,1595.800048828125,1595.800048828125,1595.800048828125,4
2025-04-25 12:26:00+05:30,1596.5,1596.5,1595.800048828125,1595.800048828125,51
2025-04-25 12:27:00+05:30,1597.699951171875,1597.699951171875,1597.4000244140625,1597.5999755859375,547
2025-04-25 12:28:00+05:30,1595.0999755859375,1595.0999755859375,1595.0999755859375,1595.0999755859375,240
2025-04-25 12:29:00+05:30,1596.199951171875,1596.199951171875,1595.0999755859375,1595.800048828125,0
2025-04-25 12:30:00+05:30,1596.5,1596.5,1595.199951171875,1595.199951171875,36
2025-04-25 12:31:00+05:30,1597.5999755859375,1597.5999755859375,1595.5,1596.5,75
2025-04-25 12:32:00+05:30,1596.5,1596.5,1596.5,1596.5,3
2025-04-25 12:33:00+05:30,1597.5,1598.5999755859375,1596.5999755859375,1596.699951171875,360
2025-04-25 12:34:00+05:30,1596.9000244140625,1598.300048828125,1596.9000244140625,1598.300048828125,82
2025-04-25 12:35:00+05:30,1596.300048828125,1596.800048828125,1596.300048828125,1596.800048828125,12
2025-04-25 12:36:00+05:30,1596.300048828125,1596.5,1596.300048828125,1596.5,6
2025-04-25 12:37:00+05:30,1597.4000244140625,1597.4000244140625,1596.5,1596.5,83
2025-04-25 12:38:00+05:30,1596.5,1596.5999755859375,1596.5,1596.5999755859375,35
2025-04-25 12:39:00+05:30,1598.0999755859375,1598.4000244140625,1597.0,1597.0,337
2025-04-25 12:40:00+05:30,1598.300048828125,1600.0,1598.0999755859375,1598.9000244140625,244
2025-04-25 12:41:00+05:30,1597.300048828125,1597.800048828125,1597.300048828125,1597.800048828125,88
2025-04-25 12:42:00+05:30,1596.5,1596.9000244140625,1596.5,1596.9000244140625,0
2025-04-25 12:43:00+05:30,1596.800048828125,1597.5999755859375,1596.0,1597.0999755859375,124
2025-04-25 12:44:00+05:30,1595.5,1596.0999755859375,1595.4000244140625,1596.0999755859375,200
2025-04-25 12:45:00+05:30,1594.699951171875,1595.4000244140625,1594.699951171875,1595.4000244140625,102
2025-04-25 12:46:00+05:30,1596.0,1596.0,1594.699951171875,1594.699951171875,306
2025-04-25 12:47:00+05:30,1595.199951171875,1595.9000244140625,1595.199951171875,1595.199951171875,54
2025-04-25 12:48:00+05:30,1595.0,1595.0999755859375,1595.0,1595.0999755859375,10
2025-04-25 12:49:00+05:30,1596.0,1596.0,1596.0,1596.0,44
2025-04-25 12:50:00+05:30,1595.9000244140625,1595.9000244140625,1595.199951171875,1595.199951171875,0
2025-04-25 12:51:00+05:30,1595.199951171875,1595.199951171875,1595.199951171875,1595.199951171875,5
2025-04-25 12:52:00+05:30,1595.9000244140625,1595.9000244140625,1595.0,1595.0,68
2025-04-25 12:53:00+05:30,1595.0999755859375,1596.0,1595.0999755859375,1596.0,24
2025-04-25 12:54:00+05:30,1596.5999755859375,1596.5999755859375,1596.5999755859375,1596.5999755859375,22
2025-04-25 12:55:00+05:30,1596.300048828125,1597.0999755859375,1596.300048828125,1597.0999755859375,131
2025-04-25 12:56:00+05:30,1596.0999755859375,1596.9000244140625,1596.0999755859375,1596.9000244140625,65
2025-04-25 12:57:00+05:30,1599.9000244140625,1599.9000244140625,1597.4000244140625,1597.4000244140625,166
2025-04-25 12:58:00+05:30,1601.800048828125,1601.800048828125,1599.5999755859375,1599.9000244140625,466
2025-04-25 12:59:00+05:30,1602.0,1602.800048828125,1600.699951171875,1600.699951171875,1232
2025-04-25 13:00:00+05:30,1599.300048828125,1601.4000244140625,1598.699951171875,1600.9000244140625,339
2025-04-25 13:01:00+05:30,1600.5999755859375,1601.0999755859375,1599.9000244140625,1599.9000244140625,23
2025-04-25 13:02:00+05:30,1598.0999755859375,1599.5,1598.0999755859375,1599.5,645
2025-04-25 13:03:00+05:30,1598.0,1598.0999755859375,1598.0,1598.0999755859375,12
2025-04-25 13:04:00+05:30,1598.4000244140625,1598.4000244140625,1598.0,1598.0,80
2025-04-25 13:05:00+05:30,1601.4000244140625,1601.4000244140625,1598.9000244140625,1598.9000244140625,242
2025-04-25 13:06:00+05:30,1600.800048828125,1600.800048828125,1599.800048828125,1599.800048828125,100
2025-04-25 13:07:00+05:30,1601.0999755859375,1601.0999755859375,1600.800048828125,1600.800048828125,75
2025-04-25 13:08:00+05:30,1602.300048828125,1602.300048828125,1600.9000244140625,1600.9000244140625,19
2025-04-25 13:09:00+05:30,1601.0999755859375,1602.800048828125,1601.0999755859375,1602.800048828125,446
2025-04-25 13:10:00+05:30,1601.699951171875,1601.699951171875,1601.0,1601.0,108
2025-04-25 13:11:00+05:30,1602.0,1602.699951171875,1601.0999755859375,1601.699951171875,26
2025-04-25 13:12:00+05:30,1600.0,1601.5999755859375,1600.0,1601.5999755859375,79
2025-04-25 13:13:00+05:30,1601.199951171875,1601.199951171875,1600.0,1600.0,46
2025-04-25 13:14:00+05:30,1600.0,1600.0,1600.0,1600.0,30
2025-04-25 13:15:00+05:30,1600.0999755859375,1600.199951171875,1600.0999755859375,1600.199951171875,4
2025-04-25 13:16:00+05:30,1601.5,1601.5,1600.0999755859375,1600.0999755859375,47
2025-04-25 13:17:00+05:30,1601.0,1601.0,1601.0,1601.0,12
2025-04-25 13:18:00+05:30,1600.699951171875,1602.300048828125,1600.0,1601.9000244140625,2920
2025-04-25 13:19:00+05:30,1600.699951171875,1600.699951171875,1600.699951171875,1600.699951171875,19
2025-04-25 13:20:00+05:30,1602.0,1602.0,1600.699951171875,1600.699951171875,10
2025-04-25 13:21:00+05:30,1605.0,1605.0,1601.4000244140625,1602.0,1257
2025-04-25 13:22:00+05:30,1603.0,1605.0,1603.0,1605.0,687
2025-04-25 13:23:00+05:30,1601.0999755859375,1602.0,1600.699951171875,1602.0,706
2025-04-25 13:24:00+05:30,1598.5,1600.300048828125,1598.5,1600.300048828125,214
2025-04-25 13:25:00+05:30,1598.4000244140625,1598.9000244140625,1598.4000244140625,1598.9000244140625,64
2025-04-25 13:26:00+05:30,1596.0999755859375,1596.0999755859375,1595.5999755859375,1595.5999755859375,1501
2025-04-25 13:27:00+05:30,1597.199951171875,1597.199951171875,1596.199951171875,1596.199951171875,93
2025-04-25 13:28:00+05:30,1598.0,1598.0,1598.0,1598.0,507
2025-04-25 13:29:00+05:30,1596.300048828125,1596.699951171875,1596.300048828125,1596.699951171875,116
2025-04-25 13:30:00+05:30,1593.9000244140625,1597.5999755859375,1593.0999755859375,1597.300048828125,10899
2025-04-25 13:31:00+05:30,1595.0,1595.4000244140625,1593.9000244140625,1593.9000244140625,252
2025-04-25 13:32:00+05:30,1593.5999755859375,1594.9000244140625,1593.5999755859375,1594.9000244140625,132
2025-04-25 13:33:00+05:30,1591.800048828125,1593.300048828125,1591.699951171875,1593.300048828125,109
2025-04-25 13:34:00+05:30,1595.300048828125,1595.300048828125,1592.0999755859375,1592.800048828125,142
2025-04-25 13:35:00+05:30,1594.5999755859375,1595.4000244140625,1593.800048828125,1595.4000244140625,187
2025-04-25 13:36:00+05:30,1594.699951171875,1594.699951171875,1594.199951171875,1594.300048828125,122
2025-04-25 13:37:00+05:30,1594.0999755859375,1594.199951171875,1594.0,1594.199951171875,145
2025-04-25 13:38:00+05:30,1593.199951171875,1593.300048828125,1593.199951171875,1593.300048828125,51
2025-04-25 13:39:00+05:30,1592.9000244140625,1593.199951171875,1592.4000244140625,1593.199951171875,56
2025-04-25 13:40:00+05:30,1592.5,1593.199951171875,1592.5,1593.199951171875,59
2025-04-25 13:41:00+05:30,1592.5,1594.0,1592.5,1593.9000244140625,43
2025-04-25 13:42:00+05:30,1593.5999755859375,1593.5999755859375,1593.5999755859375,1593.5999755859375,0
2025-04-25 13:43:00+05:30,1594.0,1594.0,1593.5999755859375,1593.800048828125,148
2025-04-25 13:44:00+05:30,1593.699951171875,1595.0,1593.699951171875,1595.0,150
2025-04-25 13:45:00+05:30,1595.0999755859375,1595.300048828125,1594.199951171875,1594.800048828125,184
2025-04-25 13:46:00+05:30,1593.5,1594.5,1593.5,1594.4000244140625,144
2025-04-25 13:47:00+05:30,1594.0,1594.0,1594.0,1594.0,280
2025-04-25 13:48:00+05:30,1593.5,1593.5,1593.5,1593.5,0
2025-04-25 13:49:00+05:30,1593.5,1594.0,1593.5,1594.0,137
2025-04-25 13:50:00+05:30,1595.5,1595.5,1593.5,1593.5,504
2025-04-25 13:51:00+05:30,1596.0,1596.0,1595.5999755859375,1595.5999755859375,37
2025-04-25 13:52:00+05:30,1594.800048828125,1596.5999755859375,1593.5,1596.0999755859375,816
2025-04-25 13:53:00+05:30,1594.800048828125,1594.800048828125,1594.800048828125,1594.800048828125,19
2025-04-25 13:54:00+05:30,1594.800048828125,1594.800048828125,1594.800048828125,1594.800048828125,2
2025-04-25 13:55:00+05:30,1594.0,1594.0,1594.0,1594.0,257
2025-04-25 13:56:00+05:30,1594.0,1594.0,1594.0,1594.0,19
2025-04-25 13:57:00+05:30,1597.5,1597.5,1594.9000244140625,1594.9000244140625,126
2025-04-25 13:58:00+05:30,1595.800048828125,1596.9000244140625,1595.0999755859375,1596.9000244140625,560
2025-04-25 13:59:00+05:30,1596.5,1597.0,1596.5,1596.9000244140625,501
2025-04-25 14:00:00+05:30,1595.0,1595.5,1595.0,1595.5,0
2025-04-25 14:01:00+05:30,1595.0,1595.5999755859375,1595.0,1595.300048828125,53
2025-04-25 14:02:00+05:30,1595.0,1595.0,1595.0,1595.0,25
2025-04-25 14:03:00+05:30,1595.800048828125,1595.800048828125,1595.0,1595.0,56
2025-04-25 14:04:00+05:30,1594.5999755859375,1595.699951171875,1594.5999755859375,1595.699951171875,153
2025-04-25 14:05:00+05:30,1593.300048828125,1594.5,1593.0,1594.5,1560
2025-04-25 14:06:00+05:30,1592.4000244140625,1593.0,1592.4000244140625,1593.0,386
2025-04-25 14:07:00+05:30,1593.0,1593.300048828125,1593.0,1593.0,108
2025-04-25 14:08:00+05:30,1590.0,1593.0,1590.0,1592.0,420
2025-04-25 14:09:00+05:30,1586.5999755859375,1588.9000244140625,1586.4000244140625,1588.9000244140625,925
2025-04-25 14:10:00+05:30,1586.0,1587.199951171875,1586.0,1587.199951171875,64
2025-04-25 14:11:00+05:30,1587.199951171875,1587.199951171875,1587.199951171875,1587.199951171875,109
2025-04-25 14:12:00+05:30,1589.199951171875,1589.199951171875,1585.0,1587.0999755859375,3205
2025-04-25 14:13:00+05:30,1587.699951171875,1588.300048828125,1587.699951171875,1588.300048828125,3
2025-04-25 14:14:00+05:30,1585.4000244140625,1586.699951171875,1585.0,1586.699951171875,255
2025-04-25 14:15:00+05:30,1590.0999755859375,1590.0999755859375,1585.4000244140625,1585.4000244140625,1114
2025-04-25 14:16:00+05:30,1590.0,1590.0,1590.0,1590.0,0
2025-04-25 14:17:00+05:30,1590.9000244140625,1590.9000244140625,1590.199951171875,1590.199951171875,13
2025-04-25 14:18:00+05:30,1590.9000244140625,1591.0,1590.9000244140625,1590.9000244140625,33
2025-04-25 14:19:00+05:30,1590.9000244140625,1590.9000244140625,1590.9000244140625,1590.9000244140625,10
2025-04-25 14:20:00+05:30,1589.199951171875,1590.9000244140625,1588.9000244140625,1590.9000244140625,149
2025-04-25 14:21:00+05:30,1591.5,1591.5,1589.699951171875,1589.699951171875,352
2025-04-25 14:22:00+05:30,1590.199951171875,1591.0,1588.9000244140625,1591.0,139
2025-04-25 14:24:00+05:30,1588.300048828125,1589.800048828125,1586.800048828125,1589.800048828125,75
2025-04-25 14:25:00+05:30,1588.300048828125,1588.300048828125,1587.300048828125,1587.300048828125,9
2025-04-25 14:26:00+05:30,1590.0,1590.5,1589.300048828125,1589.300048828125,547
2025-04-25 14:27:00+05:30,1588.5999755859375,1589.9000244140625,1588.5999755859375,1589.9000244140625,4
2025-04-25 14:28:00+05:30,1589.699951171875,1589.699951171875,1589.699951171875,1589.699951171875,3
2025-04-25 14:29:00+05:30,1589.0999755859375,1589.699951171875,1589.0,1589.0,82
2025-04-25 14:30:00+05:30,1589.0,1589.0,1589.0,1589.0,0
2025-04-25 14:31:00+05:30,1589.300048828125,1589.300048828125,1588.699951171875,1589.0,107
2025-04-25 14:32:00+05:30,1589.5999755859375,1589.5999755859375,1588.9000244140625,1589.300048828125,886
2025-04-25 14:33:00+05:30,1589.5999755859375,1589.5999755859375,1589.5999755859375,1589.5999755859375,352
2025-04-25 14:34:00+05:30,1589.0,1589.5999755859375,1589.0,1589.5999755859375,0
2025-04-25 14:35:00+05:30,1587.0,1587.0,1586.5999755859375,1586.5999755859375,1123
2025-04-25 14:36:00+05:30,1587.0999755859375,1587.9000244140625,1587.0999755859375,1587.9000244140625,17
2025-04-25 14:37:00+05:30,1587.699951171875,1587.699951171875,1586.5999755859375,1586.5999755859375,118
2025-04-25 14:38:00+05:30,1587.5999755859375,1587.9000244140625,1587.5999755859375,1587.9000244140625,4
2025-04-25 14:39:00+05:30,1588.300048828125,1588.5999755859375,1588.300048828125,1588.5999755859375,149
2025-04-25 14:40:00+05:30,1588.4000244140625,1589.5,1588.4000244140625,1588.9000244140625,39
2025-04-25 14:41:00+05:30,1589.4000244140625,1589.4000244140625,1588.0,1588.0,301
2025-04-25 14:42:00+05:30,1588.199951171875,1588.199951171875,1588.199951171875,1588.199951171875,161
2025-04-25 14:44:00+05:30,1589.5999755859375,1590.9000244140625,1588.5,1588.5,312
2025-04-25 14:46:00+05:30,1586.5,1589.5999755859375,1586.5,1589.5999755859375,438
2025-04-25 14:47:00+05:30,1586.300048828125,1586.300048828125,1585.5999755859375,1585.5999755859375,20
2025-04-25 14:48:00+05:30,1586.5,1586.5999755859375,1586.300048828125,1586.300048828125,81
2025-04-25 14:49:00+05:30,1587.800048828125,1587.800048828125,1586.800048828125,1586.800048828125,69
2025-04-25 14:50:00+05:30,1588.800048828125,1588.800048828125,1588.199951171875,1588.800048828125,35
2025-04-25 14:51:00+05:30,1589.5999755859375,1591.0,1588.9000244140625,1588.9000244140625,196
2025-04-25 14:52:00+05:30,1590.800048828125,1590.800048828125,1589.0999755859375,1589.0999755859375,67
2025-04-25 14:53:00+05:30,1590.0999755859375,1591.9000244140625,1590.0999755859375,1591.9000244140625,48
2025-04-25 14:54:00+05:30,1591.0999755859375,1591.199951171875,1590.0999755859375,1591.199951171875,62
2025-04-25 14:55:00+05:30,1591.5999755859375,1591.5999755859375,1591.0,1591.199951171875,52
2025-04-25 14:56:00+05:30,1590.0,1591.4000244140625,1590.0,1591.4000244140625,160
2025-04-25 14:57:00+05:30,1590.5999755859375,1590.5999755859375,1589.0,1589.0,184
2025-04-25 14:58:00+05:30,1590.0,1590.699951171875,1589.4000244140625,1590.699951171875,449
2025-04-25 14:59:00+05:30,1588.5,1588.800048828125,1588.0,1588.0,457
2025-04-25 15:00:00+05:30,1588.0,1590.0999755859375,1588.0,1588.4000244140625,2165
2025-04-25 15:01:00+05:30,1589.300048828125,1589.300048828125,1588.0,1588.0999755859375,210
2025-04-25 15:02:00+05:30,1592.300048828125,1592.300048828125,1589.4000244140625,1589.4000244140625,116
2025-04-25 15:03:00+05:30,1589.5999755859375,1592.300048828125,1589.5,1592.300048828125,442
2025-04-25 15:04:00+05:30,1590.300048828125,1592.199951171875,1590.300048828125,1590.5,124
2025-04-25 15:05:00+05:30,1591.0999755859375,1592.800048828125,1591.0999755859375,1591.300048828125,520
2025-04-25 15:06:00+05:30,1592.0999755859375,1592.0999755859375,1591.0999755859375,1591.5,243
2025-04-25 15:07:00+05:30,1590.800048828125,1591.300048828125,1590.800048828125,1591.300048828125,127
2025-04-25 15:08:00+05:30,1591.9000244140625,1591.9000244140625,1590.800048828125,1591.0999755859375,233
2025-04-25 15:09:00+05:30,1592.199951171875,1592.199951171875,1591.0,1591.800048828125,2034
2025-04-25 15:10:00+05:30,1591.699951171875,1594.0,1591.699951171875,1594.0,3889
2025-04-25 15:11:00+05:30,1591.800048828125,1592.0,1591.699951171875,1591.699951171875,335
2025-04-25 15:12:00+05:30,1588.5999755859375,1591.4000244140625,1588.5999755859375,1591.4000244140625,412
2025-04-25 15:13:00+05:30,1587.199951171875,1588.9000244140625,1587.0999755859375,1588.9000244140625,447
2025-04-25 15:14:00+05:30,1584.699951171875,1587.199951171875,1584.699951171875,1587.199951171875,926
2025-04-25 15:15:00+05:30,1584.5999755859375,1586.199951171875,1584.300048828125,1585.0999755859375,758
2025-04-25 15:16:00+05:30,1584.5999755859375,1584.9000244140625,1584.0999755859375,1584.9000244140625,239
2025-04-25 15:17:00+05:30,1584.4000244140625,1584.699951171875,1584.0,1584.699951171875,1213
2025-04-25 15:18:00+05:30,1584.0,1584.800048828125,1584.0,1584.4000244140625,628
2025-04-25 15:19:00+05:30,1583.0999755859375,1584.0,1582.199951171875,1584.0,758
2025-04-25 15:20:00+05:30,1578.9000244140625,1582.9000244140625,1578.9000244140625,1582.199951171875,2019
2025-04-25 15:21:00+05:30,1578.199951171875,1579.199951171875,1577.0999755859375,1577.0999755859375,482
2025-04-25 15:22:00+05:30,1580.9000244140625,1580.9000244140625,1578.199951171875,1578.199951171875,571
2025-04-25 15:23:00+05:30,1578.699951171875,1581.0,1578.5999755859375,1580.9000244140625,1171
2025-04-25 15:24:00+05:30,1576.0999755859375,1577.199951171875,1575.0,1576.5999755859375,1047
2025-04-25 15:25:00+05:30,1576.0,1576.199951171875,1575.0,1576.199951171875,185
2025-04-25 15:26:00+05:30,1572.0,1575.699951171875,1572.0,1575.699951171875,854
2025-04-25 15:27:00+05:30,1573.0999755859375,1573.5999755859375,1571.199951171875,1573.0,1216
2025-04-25 15:28:00+05:30,1574.9000244140625,1574.9000244140625,1571.0,1573.4000244140625,1369
2025-04-25 15:29:00+05:30,1575.199951171875,1579.9000244140625,1574.199951171875,1574.5,340
2025-04-28 09:15:00+05:30,1583.9000244140625,1596.199951171875,1582.699951171875,1592.699951171875,0
2025-04-28 09:16:00+05:30,1579.300048828125,1583.300048828125,1576.0,1583.300048828125,1574
2025-04-28 09:17:00+05:30,1578.0,1579.9000244140625,1576.0,1578.800048828125,1097
2025-04-28 09:18:00+05:30,1578.199951171875,1580.4000244140625,1577.199951171875,1578.0999755859375,558
2025-04-28 09:19:00+05:30,1585.800048828125,1585.800048828125,1580.4000244140625,1581.300048828125,898
2025-04-28 09:20:00+05:30,1574.699951171875,1583.699951171875,1574.699951171875,1583.699951171875,1182
2025-04-28 09:21:00+05:30,1568.0,1574.199951171875,1566.5999755859375,1574.199951171875,1672
2025-04-28 09:22:00+05:30,1582.800048828125,1582.800048828125,1568.0999755859375,1568.199951171875,5378
2025-04-28 09:23:00+05:30,1582.300048828125,1588.0999755859375,1580.5999755859375,1585.800048828125,5575
2025-04-28 09:24:00+05:30,1583.9000244140625,1589.0,1580.5999755859375,1581.9000244140625,4917
2025-04-28 09:25:00+05:30,1579.699951171875,1587.0,1579.699951171875,1582.9000244140625,3528
2025-04-28 09:26:00+05:30,1575.0,1580.9000244140625,1575.0,1580.4000244140625,3139
2025-04-28 09:27:00+05:30,1584.4000244140625,1585.199951171875,1579.199951171875,1579.199951171875,1928
2025-04-28 09:28:00+05:30,1590.300048828125,1592.0,1583.4000244140625,1583.4000244140625,3556
2025-04-28 09:29:00+05:30,1588.0999755859375,1590.0,1586.5999755859375,1590.0,930
2025-04-28 09:30:00+05:30,1590.9000244140625,1594.300048828125,1590.699951171875,1590.9000244140625,872
2025-04-28 09:31:00+05:30,1593.5,1593.5,1590.699951171875,1591.5999755859375,1076
2025-04-28 09:32:00+05:30,1592.699951171875,1594.9000244140625,1592.300048828125,1592.800048828125,480
2025-04-28 09:33:00+05:30,1593.199951171875,1594.5999755859375,1589.800048828125,1594.0,941
2025-04-28 09:34:00+05:30,1590.9000244140625,1593.199951171875,1590.9000244140625,1592.0,201
2025-04-28 09:35:00+05:30,1593.199951171875,1593.199951171875,1591.0,1592.199951171875,301
2025-04-28 09:36:00+05:30,1593.199951171875,1593.4000244140625,1592.0,1593.4000244140625,394
2025-04-28 09:37:00+05:30,1594.0,1594.4000244140625,1593.199951171875,1594.0,311
2025-04-28 09:38:00+05:30,1592.4000244140625,1594.4000244140625,1592.199951171875,1594.4000244140625,502
2025-04-28 09:39:00+05:30,1592.5,1595.0,1592.0,1592.0,2255
2025-04-28 09:40:00+05:30,1591.0,1592.9000244140625,1591.0,1592.5,148
2025-04-28 09:41:00+05:30,1587.0,1591.699951171875,1587.0,1591.0999755859375,758
2025-04-28 09:42:00+05:30,1585.4000244140625,1588.0999755859375,1585.4000244140625,1587.699951171875,668
2025-04-28 09:43:00+05:30,1585.5,1585.9000244140625,1582.699951171875,1585.9000244140625,592
2025-04-28 09:44:00+05:30,1583.5999755859375,1585.199951171875,1583.5999755859375,1584.4000244140625,217
2025-04-28 09:45:00+05:30,1585.800048828125,1585.800048828125,1582.800048828125,1584.5999755859375,273
2025-04-28 09:46:00+05:30,1584.0,1585.300048828125,1583.9000244140625,1583.9000244140625,73
2025-04-28 09:47:00+05:30,1583.199951171875,1584.800048828125,1580.699951171875,1580.699951171875,1195
2025-04-28 09:48:00+05:30,1583.199951171875,1583.9000244140625,1582.699951171875,1582.9000244140625,303
2025-04-28 09:49:00+05:30,1583.9000244140625,1584.5,1582.300048828125,1582.300048828125,183
2025-04-28 09:50:00+05:30,1583.300048828125,1583.300048828125,1580.5999755859375,1582.300048828125,139
2025-04-28 09:51:00+05:30,1581.0999755859375,1582.699951171875,1580.9000244140625,1582.699951171875,305
2025-04-28 09:52:00+05:30,1580.199951171875,1581.0999755859375,1580.199951171875,1581.0999755859375,47
2025-04-28 09:53:00+05:30,1578.699951171875,1581.0999755859375,1578.699951171875,1581.0999755859375,310
2025-04-28 09:54:00+05:30,1578.4000244140625,1579.300048828125,1576.5999755859375,1578.0,445
2025-04-28 09:55:00+05:30,1577.5999755859375,1579.0,1577.5999755859375,1579.0,59
2025-04-28 09:56:00+05:30,1577.5,1579.5,1577.5,1579.5,74
2025-04-28 09:57:00+05:30,1579.9000244140625,1579.9000244140625,1576.800048828125,1577.300048828125,76
2025-04-28 09:58:00+05:30,1582.0,1582.0,1580.5999755859375,1580.5999755859375,155
2025-04-28 09:59:00+05:30,1582.4000244140625,1583.800048828125,1582.4000244140625,1582.5,174
2025-04-28 10:00:00+05:30,1584.199951171875,1584.199951171875,1582.699951171875,1582.9000244140625,155
2025-04-28 10:01:00+05:30,1583.5,1585.0,1583.0999755859375,1583.0999755859375,45
2025-04-28 10:02:00+05:30,1585.199951171875,1585.199951171875,1583.9000244140625,1584.800048828125,25
2025-04-28 10:03:00+05:30,1587.4000244140625,1587.4000244140625,1584.0,1584.0999755859375,182
2025-04-28 10:04:00+05:30,1585.0999755859375,1587.5999755859375,1585.0999755859375,1587.300048828125,952
2025-04-28 10:05:00+05:30,1591.0,1591.0999755859375,1585.0,1585.0,259
2025-04-28 10:06:00+05:30,1589.5,1594.0,1589.5,1591.800048828125,437
2025-04-28 10:07:00+05:30,1589.800048828125,1590.5999755859375,1589.699951171875,1590.5999755859375,23
2025-04-28 10:08:00+05:30,1591.0999755859375,1591.0999755859375,1590.199951171875,1590.699951171875,62
2025-04-28 10:09:00+05:30,1589.800048828125,1591.699951171875,1589.800048828125,1589.800048828125,243
2025-04-28 10:10:00+05:30,1591.9000244140625,1591.9000244140625,1589.5,1591.800048828125,1433
2025-04-28 10:11:00+05:30,1590.699951171875,1590.699951171875,1590.5999755859375,1590.5999755859375,0
2025-04-28 10:12:00+05:30,1590.5,1592.4000244140625,1590.5,1591.9000244140625,20
2025-04-28 10:13:00+05:30,1591.800048828125,1591.800048828125,1590.4000244140625,1590.4000244140625,210
2025-04-28 10:14:00+05:30,1592.9000244140625,1592.9000244140625,1592.0,1592.9000244140625,76
2025-04-28 10:15:00+05:30,1591.699951171875,1591.800048828125,1591.699951171875,1591.800048828125,103
2025-04-28 10:16:00+05:30,1592.9000244140625,1592.9000244140625,1591.5999755859375,1591.5999755859375,4
2025-04-28 10:17:00+05:30,1591.800048828125,1594.0,1591.0999755859375,1592.9000244140625,960
2025-04-28 10:18:00+05:30,1592.0,1593.0999755859375,1591.300048828125,1592.300048828125,133
2025-04-28 10:19:00+05:30,1592.0,1592.0,1591.0999755859375,1591.0999755859375,26
2025-04-28 10:20:00+05:30,1590.800048828125,1593.5,1590.800048828125,1591.5,361
2025-04-28 10:21:00+05:30,1591.0999755859375,1591.5,1590.0999755859375,1591.5,294
2025-04-28 10:22:00+05:30,1592.5,1593.199951171875,1591.5,1593.0,293
2025-04-28 10:23:00+05:30,1591.9000244140625,1592.800048828125,1591.9000244140625,1592.800048828125,3
2025-04-28 10:24:00+05:30,1589.0999755859375,1592.9000244140625,1589.0999755859375,1592.0,211
2025-04-28 10:25:00+05:30,1589.0999755859375,1590.699951171875,1589.0999755859375,1589.0999755859375,10
2025-04-28 10:26:00+05:30,1589.0,1589.800048828125,1588.300048828125,1589.0,51
2025-04-28 10:27:00+05:30,1590.699951171875,1590.699951171875,1589.4000244140625,1589.4000244140625,48
2025-04-28 10:28:00+05:30,1589.5999755859375,1590.699951171875,1589.5999755859375,1590.699951171875,6
2025-04-28 10:29:00+05:30,1588.9000244140625,1590.300048828125,1588.4000244140625,1590.300048828125,186
2025-04-28 10:30:00+05:30,1590.5999755859375,1590.5999755859375,1588.9000244140625,1588.9000244140625,108
2025-04-28 10:31:00+05:30,1591.0999755859375,1591.0999755859375,1589.800048828125,1590.699951171875,40
2025-04-28 10:32:00+05:30,1591.4000244140625,1591.4000244140625,1590.0999755859375,1590.0999755859375,68
2025-04-28 10:33:00+05:30,1588.800048828125,1591.5,1587.699951171875,1591.5,189
2025-04-28 10:34:00+05:30,1591.0,1592.4000244140625,1589.9000244140625,1589.9000244140625,159
2025-04-28 10:35:00+05:30,1590.5,1592.5,1589.5,1592.5,160
2025-04-28 10:36:00+05:30,1590.300048828125,1590.300048828125,1590.300048828125,1590.300048828125,1
2025-04-28 10:37:00+05:30,1590.0999755859375,1591.0999755859375,1589.699951171875,1589.699951171875,19
2025-04-28 10:38:00+05:30,1591.5999755859375,1591.5999755859375,1590.800048828125,1590.800048828125,13
2025-04-28 10:39:00+05:30,1589.800048828125,1591.5999755859375,1589.800048828125,1591.5999755859375,87
2025-04-28 10:40:00+05:30,1589.300048828125,1589.699951171875,1589.300048828125,1589.699951171875,15
2025-04-28 10:41:00+05:30,1589.9000244140625,1589.9000244140625,1588.0999755859375,1589.300048828125,71
2025-04-28 10:42:00+05:30,1590.699951171875,1590.699951171875,1589.300048828125,1589.300048828125,70
2025-04-28 10:43:00+05:30,1589.800048828125,1591.4000244140625,1589.800048828125,1591.4000244140625,33
2025-04-28 10:44:00+05:30,1588.5,1590.5,1588.300048828125,1590.5,32
2025-04-28 10:45:00+05:30,1589.5,1589.5,1589.5,1589.5,14
2025-04-28 10:46:00+05:30,1592.0999755859375,1592.0999755859375,1590.199951171875,1591.0999755859375,1411
2025-04-28 10:47:00+05:30,1587.199951171875,1590.0999755859375,1587.199951171875,1590.0999755859375,52
2025-04-28 10:48:00+05:30,1587.199951171875,1587.5,1587.199951171875,1587.5,17
2025-04-28 10:49:00+05:30,1587.5999755859375,1587.5999755859375,1586.5999755859375,1586.5999755859375,15
2025-04-28 10:50:00+05:30,1591.9000244140625,1591.9000244140625,1590.699951171875,1590.699951171875,248
2025-04-28 10:51:00+05:30,1590.300048828125,1591.9000244140625,1590.300048828125,1590.699951171875,113
2025-04-28 10:52:00+05:30,1591.199951171875,1591.199951171875,1588.4000244140625,1588.4000244140625,525
2025-04-28 10:53:00+05:30,1591.0999755859375,1591.800048828125,1591.0999755859375,1591.0999755859375,199
2025-04-28 10:54:00+05:30,1589.9000244140625,1590.5,1589.9000244140625,1590.5,0
2025-04-28 10:55:00+05:30,1588.5999755859375,1590.4000244140625,1588.5999755859375,1589.9000244140625,79
2025-04-28 10:56:00+05:30,1589.699951171875,1590.300048828125,1589.699951171875,1590.300048828125,106
2025-04-28 10:57:00+05:30,1589.9000244140625,1589.9000244140625,1588.300048828125,1588.300048828125,142
2025-04-28 10:58:00+05:30,1590.0,1590.199951171875,1590.0,1590.199951171875,10
2025-04-28 10:59:00+05:30,1591.4000244140625,1591.4000244140625,1590.5,1590.5,108
2025-04-28 11:00:00+05:30,1591.199951171875,1591.199951171875,1590.300048828125,1590.4000244140625,32
2025-04-28 11:01:00+05:30,1589.5999755859375,1591.199951171875,1589.199951171875,1591.199951171875,293
2025-04-28 11:02:00+05:30,1589.0,1589.0,1587.300048828125,1589.0,133
2025-04-28 11:04:00+05:30,1588.0,1588.0999755859375,1587.9000244140625,1588.0999755859375,46
2025-04-28 11:05:00+05:30,1588.9000244140625,1588.9000244140625,1588.4000244140625,1588.4000244140625,27
2025-04-28 11:06:00+05:30,1589.9000244140625,1589.9000244140625,1588.0999755859375,1588.699951171875,129
2025-04-28 11:07:00+05:30,1589.5999755859375,1589.5999755859375,1588.300048828125,1589.5,88
2025-04-28 11:08:00+05:30,1588.699951171875,1590.4000244140625,1588.699951171875,1590.4000244140625,128
2025-04-28 11:09:00+05:30,1588.9000244140625,1588.9000244140625,1588.9000244140625,1588.9000244140625,0
2025-04-28 11:10:00+05:30,1590.0,1590.0,1590.0,1590.0,41
2025-04-28 11:11:00+05:30,1588.800048828125,1590.5999755859375,1588.800048828125,1589.0,79
2025-04-28 11:13:00+05:30,1586.300048828125,1588.699951171875,1586.300048828125,1588.699951171875,1246
2025-04-28 11:14:00+05:30,1585.4000244140625,1586.199951171875,1585.4000244140625,1586.199951171875,1009
2025-04-28 11:15:00+05:30,1585.699951171875,1586.800048828125,1585.699951171875,1586.4000244140625,73
2025-04-28 11:16:00+05:30,1581.0999755859375,1585.0999755859375,1581.0999755859375,1585.0999755859375,429
2025-04-28 11:17:00+05:30,1582.800048828125,1582.800048828125,1580.699951171875,1581.0,197
2025-04-28 11:18:00+05:30,1581.300048828125,1581.9000244140625,1580.800048828125,1580.800048828125,180
2025-04-28 11:19:00+05:30,1580.800048828125,1581.300048828125,1580.0999755859375,1580.699951171875,307
2025-04-28 11:20:00+05:30,1580.300048828125,1580.9000244140625,1579.5999755859375,1580.9000244140625,479
2025-04-28 11:21:00+05:30,1579.4000244140625,1580.0,1579.4000244140625,1580.0,93
2025-04-28 11:22:00+05:30,1582.199951171875,1582.199951171875,1579.4000244140625,1579.4000244140625,173
2025-04-28 11:23:00+05:30,1580.0999755859375,1582.800048828125,1580.0999755859375,1582.800048828125,529
2025-04-28 11:24:00+05:30,1581.9000244140625,1581.9000244140625,1581.9000244140625,1581.9000244140625,17
2025-04-28 11:25:00+05:30,1581.199951171875,1582.699951171875,1581.199951171875,1581.9000244140625,62
2025-04-28 11:26:00+05:30,1582.5999755859375,1582.699951171875,1582.5999755859375,1582.699951171875,8
2025-04-28 11:27:00+05:30,1582.699951171875,1582.699951171875,1582.699951171875,1582.699951171875,21
2025-04-28 11:28:00+05:30,1582.5,1582.699951171875,1581.800048828125,1582.699951171875,0
2025-04-28 11:29:00+05:30,1582.300048828125,1582.300048828125,1581.800048828125,1581.800048828125,136
2025-04-28 11:30:00+05:30,1583.9000244140625,1583.9000244140625,1582.699951171875,1582.699951171875,52
2025-04-28 11:31:00+05:30,1582.0999755859375,1582.5,1582.0999755859375,1582.0999755859375,212
2025-04-28 11:32:00+05:30,1582.5999755859375,1582.5999755859375,1580.5,1582.199951171875,170
2025-04-28 11:33:00+05:30,1587.5,1589.300048828125,1584.199951171875,1584.199951171875,540
2025-04-28 11:34:00+05:30,1585.9000244140625,1586.800048828125,1585.9000244140625,1586.800048828125,32
2025-04-28 11:35:00+05:30,1586.300048828125,1586.300048828125,1586.300048828125,1586.300048828125,14
2025-04-28 11:36:00+05:30,1586.5999755859375,1587.800048828125,1586.5999755859375,1587.5999755859375,39
2025-04-28 11:37:00+05:30,1586.300048828125,1586.800048828125,1586.300048828125,1586.800048828125,21
2025-04-28 11:38:00+05:30,1587.5999755859375,1587.5999755859375,1585.5999755859375,1586.300048828125,94
2025-04-28 11:39:00+05:30,1588.4000244140625,1588.4000244140625,1585.199951171875,1586.9000244140625,416
2025-04-28 11:40:00+05:30,1587.5999755859375,1588.4000244140625,1586.5999755859375,1588.4000244140625,58
2025-04-28 11:41:00+05:30,1586.800048828125,1587.5,1586.0,1586.0,110
2025-04-28 11:42:00+05:30,1588.0999755859375,1588.0999755859375,1588.0,1588.0,16
2025-04-28 11:43:00+05:30,1587.0,1588.0999755859375,1586.800048828125,1586.800048828125,24
2025-04-28 11:44:00+05:30,1588.300048828125,1588.300048828125,1587.0,1587.0,71
2025-04-28 11:45:00+05:30,1588.9000244140625,1588.9000244140625,1587.5,1588.9000244140625,120
2025-04-28 11:46:00+05:30,1587.9000244140625,1588.9000244140625,1587.9000244140625,1588.9000244140625,83
2025-04-28 11:47:00+05:30,1588.0,1588.0,1586.9000244140625,1586.9000244140625,87
2025-04-28 11:48:00+05:30,1586.4000244140625,1588.0,1586.4000244140625,1588.0,32
2025-04-28 11:49:00+05:30,1589.9000244140625,1589.9000244140625,1587.4000244140625,1587.4000244140625,270
2025-04-28 11:50:00+05:30,1589.199951171875,1590.0,1589.199951171875,1590.0,66
2025-04-28 11:51:00+05:30,1591.5,1591.5,1589.9000244140625,1590.0,171
2025-04-28 11:52:00+05:30,1585.5999755859375,1589.0,1585.5999755859375,1589.0,80
2025-04-28 11:53:00+05:30,1586.699951171875,1586.699951171875,1583.5,1583.5,263
2025-04-28 11:54:00+05:30,1584.699951171875,1585.9000244140625,1584.699951171875,1585.0999755859375,40
2025-04-28 11:55:00+05:30,1583.5,1585.199951171875,1583.5,1584.5999755859375,110
2025-04-28 11:56:00+05:30,1584.4000244140625,1584.4000244140625,1583.5999755859375,1583.5999755859375,3
2025-04-28 11:57:00+05:30,1583.4000244140625,1584.5999755859375,1583.4000244140625,1584.5999755859375,36
2025-04-28 11:58:00+05:30,1583.0999755859375,1583.300048828125,1583.0999755859375,1583.300048828125,23
2025-04-28 11:59:00+05:30,1582.9000244140625,1583.0,1582.800048828125,1583.0,125
2025-04-28 12:00:00+05:30,1584.0,1584.0,1584.0,1584.0,54
2025-04-28 12:01:00+05:30,1585.800048828125,1586.4000244140625,1585.800048828125,1586.4000244140625,70
2025-04-28 12:03:00+05:30,1584.9000244140625,1585.9000244140625,1584.9000244140625,1585.9000244140625,52
2025-04-28 12:04:00+05:30,1583.199951171875,1585.0999755859375,1583.199951171875,1585.0999755859375,265
2025-04-28 12:05:00+05:30,1583.5999755859375,1583.5999755859375,1582.9000244140625,1582.9000244140625,2
2025-04-28 12:06:00+05:30,1584.0,1584.0,1583.300048828125,1583.300048828125,156
2025-04-28 12:07:00+05:30,1584.0,1584.0999755859375,1584.0,1584.0999755859375,18
2025-04-28 12:08:00+05:30,1582.699951171875,1582.699951171875,1582.699951171875,1582.699951171875,63
2025-04-28 12:09:00+05:30,1583.199951171875,1583.199951171875,1582.0999755859375,1583.0999755859375,31
2025-04-28 12:10:00+05:30,1581.199951171875,1581.699951171875,1581.199951171875,1581.699951171875,29
2025-04-28 12:11:00+05:30,1582.5,1582.5,1580.699951171875,1581.699951171875,29
2025-04-28 12:13:00+05:30,1581.5,1583.300048828125,1581.5,1582.5,61
2025-04-28 12:14:00+05:30,1581.800048828125,1581.800048828125,1581.5,1581.5,37
2025-04-28 12:15:00+05:30,1580.9000244140625,1581.5999755859375,1580.0999755859375,1581.5999755859375,577
2025-04-28 12:16:00+05:30,1580.5,1580.5,1580.5,1580.5,84
2025-04-28 12:17:00+05:30,1580.300048828125,1582.5999755859375,1580.300048828125,1582.5999755859375,103
2025-04-28 12:18:00+05:30,1581.5999755859375,1581.5999755859375,1580.300048828125,1580.300048828125,59
2025-04-28 12:19:00+05:30,1581.5,1581.5999755859375,1580.699951171875,1581.5999755859375,16
2025-04-28 12:20:00+05:30,1581.800048828125,1581.800048828125,1581.0,1581.0,177
2025-04-28 12:21:00+05:30,1580.699951171875,1581.800048828125,1580.699951171875,1581.800048828125,321
2025-04-28 12:22:00+05:30,1578.9000244140625,1580.0999755859375,1578.9000244140625,1580.0999755859375,423
2025-04-28 12:23:00+05:30,1578.5999755859375,1578.5999755859375,1576.9000244140625,1576.9000244140625,413
2025-04-28 12:24:00+05:30,1578.5,1578.5,1578.5,1578.5,4
2025-04-28 12:25:00+05:30,1580.800048828125,1580.800048828125,1578.9000244140625,1578.9000244140625,121
2025-04-28 12:27:00+05:30,1579.0,1579.0,1579.0,1579.0,20
2025-04-28 12:28:00+05:30,1580.5999755859375,1580.5999755859375,1579.199951171875,1579.199951171875,4
2025-04-28 12:29:00+05:30,1579.300048828125,1579.300048828125,1579.300048828125,1579.300048828125,4
2025-04-28 12:30:00+05:30,1581.699951171875,1581.9000244140625,1580.5999755859375,1580.5999755859375,156
2025-04-28 12:31:00+05:30,1579.4000244140625,1582.0,1579.4000244140625,1581.699951171875,2967
2025-04-28 12:32:00+05:30,1580.300048828125,1580.4000244140625,1579.0,1579.0,45
2025-04-28 12:33:00+05:30,1580.300048828125,1580.300048828125,1579.4000244140625,1580.199951171875,3
2025-04-28 12:34:00+05:30,1580.300048828125,1580.300048828125,1579.0999755859375,1579.0999755859375,22
2025-04-28 12:35:00+05:30,1581.0999755859375,1581.0999755859375,1579.4000244140625,1579.4000244140625,7
2025-04-28 12:36:00+05:30,1581.800048828125,1581.800048828125,1581.800048828125,1581.800048828125,3
2025-04-28 12:37:00+05:30,1581.9000244140625,1581.9000244140625,1580.4000244140625,1580.4000244140625,80
2025-04-28 12:38:00+05:30,1584.0,1584.800048828125,1583.0999755859375,1583.0999755859375,256
2025-04-28 12:39:00+05:30,1587.0,1587.0,1584.800048828125,1584.800048828125,1160
2025-04-28 12:40:00+05:30,1585.9000244140625,1586.0999755859375,1584.800048828125,1585.0,0
2025-04-28 12:41:00+05:30,1584.300048828125,1584.5,1584.300048828125,1584.5,29
2025-04-28 12:42:00+05:30,1583.5,1583.5,1583.5,1583.5,27
2025-04-28 12:43:00+05:30,1583.199951171875,1584.0,1583.199951171875,1584.0,15
2025-04-28 12:44:00+05:30,1582.5,1583.4000244140625,1582.5,1583.300048828125,13
2025-04-28 12:45:00+05:30,1583.800048828125,1583.9000244140625,1583.800048828125,1583.800048828125,5
2025-04-28 12:47:00+05:30,1584.300048828125,1585.800048828125,1584.300048828125,1584.800048828125,84
2025-04-28 12:48:00+05:30,1585.9000244140625,1585.9000244140625,1585.800048828125,1585.800048828125,191
2025-04-28 12:49:00+05:30,1585.800048828125,1585.9000244140625,1585.0,1585.0,80
2025-04-28 12:50:00+05:30,1586.5999755859375,1586.5999755859375,1585.9000244140625,1585.9000244140625,43
2025-04-28 12:51:00+05:30,1587.4000244140625,1587.4000244140625,1587.4000244140625,1587.4000244140625,16
2025-04-28 12:52:00+05:30,1588.5,1588.5,1587.5,1588.0,99
2025-04-28 12:53:00+05:30,1585.199951171875,1587.5999755859375,1584.5,1587.5999755859375,5132
2025-04-28 12:54:00+05:30,1585.0999755859375,1585.199951171875,1585.0999755859375,1585.199951171875,54
2025-04-28 12:56:00+05:30,1580.9000244140625,1584.0999755859375,1580.9000244140625,1584.0999755859375,244
2025-04-28 12:57:00+05:30,1580.4000244140625,1581.800048828125,1580.4000244140625,1580.699951171875,441
2025-04-28 12:58:00+05:30,1583.9000244140625,1583.9000244140625,1580.0999755859375,1580.0999755859375,313
2025-04-28 12:59:00+05:30,1584.0999755859375,1584.0999755859375,1583.0,1583.0,32
2025-04-28 13:00:00+05:30,1585.5,1585.5,1584.4000244140625,1584.5999755859375,34
2025-04-28 13:01:00+05:30,1583.9000244140625,1585.5,1583.9000244140625,1585.5,54
2025-04-28 13:03:00+05:30,1585.0999755859375,1585.0999755859375,1584.800048828125,1584.800048828125,10
2025-04-28 13:04:00+05:30,1583.0999755859375,1583.9000244140625,1583.0999755859375,1583.9000244140625,16
2025-04-28 13:05:00+05:30,1577.0,1581.699951171875,1577.0,1581.699951171875,1540
2025-04-28 13:06:00+05:30,1576.4000244140625,1576.4000244140625,1575.699951171875,1575.699951171875,13
2025-04-28 13:07:00+05:30,1575.0999755859375,1575.699951171875,1575.0999755859375,1575.699951171875,32
2025-04-28 13:08:00+05:30,1575.0999755859375,1575.800048828125,1575.0999755859375,1575.800048828125,25
2025-04-28 13:09:00+05:30,1576.300048828125,1576.300048828125,1575.0,1575.0999755859375,121
2025-04-28 13:10:00+05:30,1577.699951171875,1577.699951171875,1575.4000244140625,1575.4000244140625,235
2025-04-28 13:11:00+05:30,1576.699951171875,1576.9000244140625,1576.699951171875,1576.9000244140625,6
2025-04-28 13:12:00+05:30,1577.199951171875,1577.300048828125,1576.0,1576.699951171875,118
2025-04-28 13:13:00+05:30,1575.199951171875,1575.9000244140625,1575.199951171875,1575.9000244140625,561
2025-04-28 13:14:00+05:30,1576.300048828125,1577.699951171875,1576.300048828125,1577.199951171875,110
2025-04-28 13:15:00+05:30,1578.4000244140625,1578.4000244140625,1577.5999755859375,1577.5999755859375,32
2025-04-28 13:16:00+05:30,1578.4000244140625,1578.4000244140625,1578.300048828125,1578.300048828125,12
2025-04-28 13:17:00+05:30,1578.199951171875,1578.199951171875,1578.0999755859375,1578.0999755859375,20
2025-04-28 13:18:00+05:30,1576.9000244140625,1577.800048828125,1576.0,1576.199951171875,48
2025-04-28 13:19:00+05:30,1574.5,1577.0,1574.5,1577.0,2891
2025-04-28 13:20:00+05:30,1572.800048828125,1573.0999755859375,1572.4000244140625,1573.0999755859375,105
2025-04-28 13:21:00+05:30,1569.699951171875,1572.800048828125,1568.300048828125,1572.800048828125,818
2025-04-28 13:22:00+05:30,1568.199951171875,1570.800048828125,1568.199951171875,1570.800048828125,771
2025-04-28 13:23:00+05:30,1573.5999755859375,1573.9000244140625,1568.9000244140625,1568.9000244140625,338
2025-04-28 13:24:00+05:30,1573.699951171875,1573.699951171875,1572.0,1572.0,70
2025-04-28 13:25:00+05:30,1575.800048828125,1575.800048828125,1573.800048828125,1573.800048828125,111
2025-04-28 13:26:00+05:30,1577.300048828125,1577.300048828125,1575.800048828125,1576.199951171875,63
2025-04-28 13:27:00+05:30,1577.699951171875,1577.699951171875,1575.9000244140625,1575.9000244140625,10
2025-04-28 13:28:00+05:30,1577.9000244140625,1577.9000244140625,1577.699951171875,1577.699951171875,192
2025-04-28 13:29:00+05:30,1576.800048828125,1577.300048828125,1576.800048828125,1577.300048828125,1
2025-04-28 13:30:00+05:30,1577.5999755859375,1578.199951171875,1576.5,1578.199951171875,41
2025-04-28 13:31:00+05:30,1576.5,1576.5,1576.5,1576.5,2
2025-04-28 13:32:00+05:30,1576.5,1576.5999755859375,1576.5,1576.5999755859375,41
2025-04-28 13:34:00+05:30,1577.0,1577.0,1577.0,1577.0,3
2025-04-28 13:35:00+05:30,1576.5999755859375,1577.0,1576.5999755859375,1577.0,14
2025-04-28 13:36:00+05:30,1577.0,1577.0,1575.800048828125,1576.9000244140625,169
2025-04-28 13:37:00+05:30,1576.9000244140625,1577.0,1576.9000244140625,1577.0,19
2025-04-28 13:38:00+05:30,1575.5,1576.9000244140625,1575.5,1576.9000244140625,80
2025-04-28 13:39:00+05:30,1575.199951171875,1575.199951171875,1575.199951171875,1575.199951171875,6
2025-04-28 13:40:00+05:30,1575.199951171875,1576.199951171875,1575.199951171875,1576.199951171875,4
2025-04-28 13:41:00+05:30,1575.199951171875,1575.199951171875,1575.199951171875,1575.199951171875,21
2025-04-28 13:42:00+05:30,1576.199951171875,1576.199951171875,1576.199951171875,1576.199951171875,0
2025-04-28 13:43:00+05:30,1575.800048828125,1577.0999755859375,1575.800048828125,1576.9000244140625,57
2025-04-28 13:44:00+05:30,1578.699951171875,1578.699951171875,1575.9000244140625,1575.9000244140625,376
2025-04-28 13:45:00+05:30,1578.0,1579.5999755859375,1577.699951171875,1579.5999755859375,406
2025-04-28 13:46:00+05:30,1577.4000244140625,1578.4000244140625,1577.300048828125,1578.0,251
2025-04-28 13:49:00+05:30,1576.300048828125,1576.300048828125,1575.4000244140625,1575.4000244140625,224
2025-04-28 13:50:00+05:30,1575.5999755859375,1575.5999755859375,1575.5999755859375,1575.5999755859375,3
2025-04-28 13:51:00+05:30,1576.4000244140625,1576.4000244140625,1575.5999755859375,1575.5999755859375,5
2025-04-28 13:53:00+05:30,1577.699951171875,1577.9000244140625,1577.300048828125,1577.300048828125,19
2025-04-28 13:54:00+05:30,1578.800048828125,1578.800048828125,1577.699951171875,1577.699951171875,139
2025-04-28 13:55:00+05:30,1578.699951171875,1578.699951171875,1578.699951171875,1578.699951171875,0
2025-04-28 13:56:00+05:30,1579.0,1579.0,1579.0,1579.0,0
2025-04-28 13:57:00+05:30,1578.0999755859375,1578.9000244140625,1578.0999755859375,1578.9000244140625,8
2025-04-28 13:58:00+05:30,1579.0,1579.0,1579.0,1579.0,1
2025-04-28 13:59:00+05:30,1579.0,1579.0,1579.0,1579.0,8
2025-04-28 14:00:00+05:30,1577.4000244140625,1579.0,1577.4000244140625,1579.0,438
2025-04-28 14:01:00+05:30,1577.5999755859375,1577.5999755859375,1575.699951171875,1575.699951171875,80
2025-04-28 14:02:00+05:30,1576.5,1577.4000244140625,1576.5,1576.5,31
2025-04-28 14:03:00+05:30,1577.5999755859375,1577.5999755859375,1577.5999755859375,1577.5999755859375,1
2025-04-28 14:04:00+05:30,1577.5999755859375,1577.5999755859375,1576.5,1576.5,143
2025-04-28 14:05:00+05:30,1576.699951171875,1576.699951171875,1576.699951171875,1576.699951171875,0
2025-04-28 14:06:00+05:30,1576.5999755859375,1577.5,1576.5999755859375,1577.5,34
2025-04-28 14:07:00+05:30,1576.5,1576.5,1576.5,1576.5,82
2025-04-28 14:08:00+05:30,1577.5999755859375,1577.5999755859375,1576.5,1576.5,0
2025-04-28 14:10:00+05:30,1577.5,1577.5,1577.4000244140625,1577.4000244140625,41
2025-04-28 14:11:00+05:30,1577.5999755859375,1577.5999755859375,1577.5999755859375,1577.5999755859375,2
2025-04-28 14:12:00+05:30,1577.5,1579.0,1577.5,1578.199951171875,98
2025-04-28 14:13:00+05:30,1577.0,1577.0,1577.0,1577.0,0
2025-04-28 14:14:00+05:30,1578.0999755859375,1578.0999755859375,1577.199951171875,1577.199951171875,6
2025-04-28 14:15:00+05:30,1578.0999755859375,1578.0999755859375,1578.0999755859375,1578.0999755859375,19
2025-04-28 14:16:00+05:30,1578.0,1578.0,1578.0,1578.0,20
2025-04-28 14:17:00+05:30,1578.9000244140625,1578.9000244140625,1578.9000244140625,1578.9000244140625,4
2025-04-28 14:18:00+05:30,1576.9000244140625,1578.199951171875,1576.9000244140625,1578.0,68
2025-04-28 14:19:00+05:30,1577.5,1577.5,1576.0999755859375,1576.5,31
2025-04-28 14:20:00+05:30,1577.300048828125,1578.0,1576.199951171875,1578.0,181
2025-04-28 14:21:00+05:30,1577.5,1577.5,1577.0999755859375,1577.0999755859375,14
2025-04-28 14:22:00+05:30,1576.5,1577.4000244140625,1576.5,1577.4000244140625,11
2025-04-28 14:23:00+05:30,1577.4000244140625,1577.4000244140625,1577.4000244140625,1577.4000244140625,27
2025-04-28 14:24:00+05:30,1576.5,1577.800048828125,1576.5,1577.800048828125,95
2025-04-28 14:25:00+05:30,1576.4000244140625,1576.4000244140625,1576.4000244140625,1576.4000244140625,50
2025-04-28 14:26:00+05:30,1576.0,1576.4000244140625,1576.0,1576.4000244140625,114
2025-04-28 14:27:00+05:30,1576.0,1576.0,1576.0,1576.0,106
2025-04-28 14:28:00+05:30,1575.0999755859375,1575.9000244140625,1575.0,1575.9000244140625,127
2025-04-28 14:29:00+05:30,1576.0,1576.199951171875,1575.300048828125,1576.0999755859375,73
2025-04-28 14:30:00+05:30,1576.300048828125,1576.300048828125,1576.0,1576.0,16
2025-04-28 14:31:00+05:30,1577.0,1577.0,1575.5999755859375,1575.800048828125,31
2025-04-28 14:32:00+05:30,1577.0,1577.0,1577.0,1577.0,0
2025-04-28 14:33:00+05:30,1577.0,1577.0,1577.0,1577.0,1
2025-04-28 14:34:00+05:30,1576.0999755859375,1576.0999755859375,1575.699951171875,1575.699951171875,62
2025-04-28 14:35:00+05:30,1575.699951171875,1576.0999755859375,1575.699951171875,1576.0999755859375,33
2025-04-28 14:36:00+05:30,1574.0999755859375,1575.0,1574.0999755859375,1575.0,222
2025-04-28 14:37:00+05:30,1573.699951171875,1573.699951171875,1573.699951171875,1573.699951171875,15
2025-04-28 14:38:00+05:30,1572.9000244140625,1574.0999755859375,1572.9000244140625,1573.5999755859375,25
2025-04-28 14:39:00+05:30,1572.800048828125,1573.0999755859375,1572.0,1572.0,270
2025-04-28 14:40:00+05:30,1574.5,1574.5,1573.4000244140625,1574.0,59
2025-04-28 14:41:00+05:30,1573.199951171875,1573.199951171875,1573.199951171875,1573.199951171875,30
2025-04-28 14:42:00+05:30,1574.0,1574.0,1574.0,1574.0,14
2025-04-28 14:43:00+05:30,1573.5,1574.0,1573.5,1574.0,130
2025-04-28 14:44:00+05:30,1573.699951171875,1573.699951171875,1573.699951171875,1573.699951171875,5
2025-04-28 14:45:00+05:30,1574.0999755859375,1575.0,1574.0999755859375,1574.199951171875,24
2025-04-28 14:46:00+05:30,1574.5,1575.5999755859375,1573.699951171875,1575.5999755859375,180
2025-04-28 14:47:00+05:30,1574.300048828125,1574.5,1574.300048828125,1574.5,16
2025-04-28 14:48:00+05:30,1574.0,1574.4000244140625,1573.199951171875,1573.5999755859375,177
2025-04-28 14:49:00+05:30,1575.0,1575.0,1574.0,1574.9000244140625,105
2025-04-28 14:50:00+05:30,1575.699951171875,1575.699951171875,1574.0999755859375,1574.199951171875,138
2025-04-28 14:51:00+05:30,1574.4000244140625,1575.4000244140625,1574.4000244140625,1575.199951171875,104
2025-04-28 14:52:00+05:30,1575.5,1576.300048828125,1575.5,1575.800048828125,38
2025-04-28 14:53:00+05:30,1578.800048828125,1578.800048828125,1575.699951171875,1577.0,502
2025-04-28 14:54:00+05:30,1578.800048828125,1578.800048828125,1578.800048828125,1578.800048828125,19
2025-04-28 14:55:00+05:30,1578.699951171875,1579.300048828125,1578.5,1579.0,69
2025-04-28 14:56:00+05:30,1587.800048828125,1590.0,1584.800048828125,1586.9000244140625,2283
2025-04-28 14:57:00+05:30,1588.800048828125,1589.5,1588.0999755859375,1589.4000244140625,644
2025-04-28 14:58:00+05:30,1589.4000244140625,1590.300048828125,1587.4000244140625,1587.4000244140625,529
2025-04-28 14:59:00+05:30,1588.0999755859375,1590.0,1588.0999755859375,1590.0,252
2025-04-28 15:00:00+05:30,1588.199951171875,1589.4000244140625,1587.0999755859375,1588.5,403
2025-04-28 15:01:00+05:30,1588.699951171875,1589.4000244140625,1587.300048828125,1587.4000244140625,272
2025-04-28 15:02:00+05:30,1587.9000244140625,1591.800048828125,1587.9000244140625,1589.199951171875,829
2025-04-28 15:03:00+05:30,1588.300048828125,1588.9000244140625,1587.300048828125,1588.9000244140625,53
2025-04-28 15:04:00+05:30,1588.800048828125,1588.800048828125,1588.5,1588.699951171875,92
2025-04-28 15:05:00+05:30,1590.5999755859375,1590.9000244140625,1588.800048828125,1588.800048828125,246
2025-04-28 15:06:00+05:30,1589.699951171875,1591.699951171875,1589.699951171875,1590.800048828125,2004
2025-04-28 15:07:00+05:30,1590.199951171875,1590.9000244140625,1588.9000244140625,1589.4000244140625,138
2025-04-28 15:08:00+05:30,1589.4000244140625,1589.4000244140625,1586.699951171875,1589.300048828125,861
2025-04-28 15:09:00+05:30,1589.300048828125,1590.199951171875,1588.5999755859375,1590.199951171875,281
2025-04-28 15:10:00+05:30,1591.0999755859375,1591.0999755859375,1589.300048828125,1589.300048828125,243
2025-04-28 15:11:00+05:30,1589.5999755859375,1591.300048828125,1589.5999755859375,1591.300048828125,280
2025-04-28 15:12:00+05:30,1591.5,1591.5,1589.4000244140625,1589.4000244140625,296
2025-04-28 15:13:00+05:30,1590.0,1591.5,1590.0,1591.5,123
2025-04-28 15:14:00+05:30,1592.0,1592.5,1590.0999755859375,1590.0999755859375,763
2025-04-28 15:15:00+05:30,1592.0,1594.0,1591.5,1594.0,1501
2025-04-28 15:16:00+05:30,1591.0999755859375,1592.0,1591.0,1592.0,118
2025-04-28 15:17:00+05:30,1590.4000244140625,1591.5,1590.0,1591.0999755859375,558
2025-04-28 15:18:00+05:30,1587.4000244140625,1590.699951171875,1587.4000244140625,1590.699951171875,908
2025-04-28 15:19:00+05:30,1588.4000244140625,1588.800048828125,1588.0,1588.800048828125,275
2025-04-28 15:20:00+05:30,1588.0,1588.0,1586.699951171875,1588.0,2683
2025-04-28 15:21:00+05:30,1587.5,1588.0,1586.800048828125,1586.800048828125,1011
2025-04-28 15:22:00+05:30,1587.800048828125,1588.0,1586.800048828125,1586.800048828125,384
2025-04-28 15:23:00+05:30,1587.0999755859375,1587.4000244140625,1587.0,1587.0999755859375,430
2025-04-28 15:24:00+05:30,1586.800048828125,1588.0,1586.699951171875,1587.0999755859375,1915
2025-04-28 15:25:00+05:30,1587.0,1587.0,1586.699951171875,1587.0,261
2025-04-28 15:26:00+05:30,1587.0,1587.0,1586.800048828125,1586.9000244140625,287
2025-04-28 15:27:00+05:30,1587.5999755859375,1588.0,1586.800048828125,1587.0,484
2025-04-28 15:28:00+05:30,1588.0,1588.0,1587.4000244140625,1587.5,1445
2025-04-28 15:29:00+05:30,1587.0,1588.0,1587.0,1588.0,275
2025-04-29 09:15:00+05:30,1603.300048828125,1605.800048828125,1601.0,1604.9000244140625,0
2025-04-29 09:16:00+05:30,1607.0,1607.0,1600.800048828125,1602.9000244140625,5496
2025-04-29 09:17:00+05:30,1604.0999755859375,1607.0999755859375,1601.5999755859375,1607.0999755859375,412
2025-04-29 09:18:00+05:30,1597.800048828125,1601.800048828125,1596.199951171875,1601.800048828125,431
2025-04-29 09:19:00+05:30,1600.0,1600.0,1597.0,1598.5,553
2025-04-29 09:20:00+05:30,1597.800048828125,1600.0,1597.4000244140625,1600.0,444
2025-04-29 09:21:00+05:30,1592.9000244140625,1598.5999755859375,1592.9000244140625,1598.5999755859375,510
2025-04-29 09:22:00+05:30,1590.5,1594.0,1590.5,1592.5,562
2025-04-29 09:23:00+05:30,1591.4000244140625,1593.0,1590.0999755859375,1592.0999755859375,436
2025-04-29 09:24:00+05:30,1593.5999755859375,1593.5999755859375,1591.0999755859375,1591.0999755859375,461
2025-04-29 09:25:00+05:30,1594.0999755859375,1594.0999755859375,1593.0,1593.800048828125,166
2025-04-29 09:26:00+05:30,1593.0,1594.0999755859375,1593.0,1594.0999755859375,36
2025-04-29 09:27:00+05:30,1592.4000244140625,1594.0,1592.4000244140625,1594.0,814
2025-04-29 09:28:00+05:30,1592.9000244140625,1593.0999755859375,1590.9000244140625,1590.9000244140625,238
2025-04-29 09:29:00+05:30,1594.5999755859375,1594.5999755859375,1592.0999755859375,1592.800048828125,300
2025-04-29 09:30:00+05:30,1590.4000244140625,1594.0,1590.4000244140625,1594.0,3342
2025-04-29 09:31:00+05:30,1595.9000244140625,1595.9000244140625,1591.199951171875,1592.800048828125,431
2025-04-29 09:32:00+05:30,1594.300048828125,1598.800048828125,1594.0,1597.800048828125,1266
2025-04-29 09:33:00+05:30,1596.5,1596.5,1595.800048828125,1595.9000244140625,36
2025-04-29 09:34:00+05:30,1598.0,1598.0,1596.4000244140625,1596.4000244140625,164
2025-04-29 09:35:00+05:30,1596.5999755859375,1598.0,1596.5,1596.5,90
2025-04-29 09:36:00+05:30,1596.9000244140625,1597.9000244140625,1596.9000244140625,1597.9000244140625,38
2025-04-29 09:37:00+05:30,1594.0999755859375,1596.9000244140625,1594.0999755859375,1596.5999755859375,521
2025-04-29 09:38:00+05:30,1595.5999755859375,1595.5999755859375,1593.5,1594.0,326
2025-04-29 09:39:00+05:30,1593.5,1595.0999755859375,1593.5,1595.0999755859375,646
2025-04-29 09:40:00+05:30,1594.0,1594.0,1593.5,1594.0,451
2025-04-29 09:41:00+05:30,1596.800048828125,1596.800048828125,1593.5,1594.4000244140625,510
2025-04-29 09:42:00+05:30,1595.300048828125,1596.5999755859375,1595.300048828125,1596.5999755859375,243
2025-04-29 09:43:00+05:30,1592.0,1595.300048828125,1592.0,1595.300048828125,509
2025-04-29 09:44:00+05:30,1595.0999755859375,1595.199951171875,1593.5999755859375,1594.9000244140625,98
2025-04-29 09:45:00+05:30,1598.0,1598.0,1594.0,1594.0,213
2025-04-29 09:46:00+05:30,1594.0,1596.0,1594.0,1596.0,306
2025-04-29 09:47:00+05:30,1590.4000244140625,1593.199951171875,1590.4000244140625,1593.199951171875,366
2025-04-29 09:48:00+05:30,1590.800048828125,1591.0999755859375,1590.0,1591.0,178
2025-04-29 09:49:00+05:30,1589.199951171875,1591.0,1588.300048828125,1591.0,218
2025-04-29 09:50:00+05:30,1586.5999755859375,1589.199951171875,1586.300048828125,1589.199951171875,349
2025-04-29 09:51:00+05:30,1586.4000244140625,1586.4000244140625,1586.4000244140625,1586.4000244140625,5
2025-04-29 09:52:00+05:30,1588.9000244140625,1591.4000244140625,1586.5,1586.5,312
2025-04-29 09:53:00+05:30,1589.0999755859375,1589.0999755859375,1587.199951171875,1588.0,81
2025-04-29 09:54:00+05:30,1588.4000244140625,1588.4000244140625,1587.199951171875,1587.800048828125,35
2025-04-29 09:55:00+05:30,1589.9000244140625,1589.9000244140625,1587.4000244140625,1587.4000244140625,28
2025-04-29 09:56:00+05:30,1590.4000244140625,1590.4000244140625,1590.0,1590.0,25
2025-04-29 09:57:00+05:30,1592.0999755859375,1592.800048828125,1592.0,1592.0,251
2025-04-29 09:58:00+05:30,1589.0,1593.0999755859375,1589.0,1592.300048828125,2785
2025-04-29 09:59:00+05:30,1589.0,1590.9000244140625,1588.4000244140625,1588.4000244140625,1666
2025-04-29 10:00:00+05:30,1588.0999755859375,1590.699951171875,1588.0999755859375,1590.0,332
2025-04-29 10:01:00+05:30,1588.800048828125,1588.800048828125,1587.5999755859375,1588.0,123
2025-04-29 10:02:00+05:30,1589.0,1589.0,1588.0999755859375,1588.0999755859375,15
2025-04-29 10:03:00+05:30,1588.0999755859375,1590.4000244140625,1588.0999755859375,1590.199951171875,320
2025-04-29 10:04:00+05:30,1589.5999755859375,1589.5999755859375,1588.0,1589.199951171875,70
2025-04-29 10:05:00+05:30,1589.9000244140625,1589.9000244140625,1589.0,1589.0,15
2025-04-29 10:06:00+05:30,1589.4000244140625,1589.9000244140625,1588.0,1589.9000244140625,615
2025-04-29 10:07:00+05:30,1587.800048828125,1588.0999755859375,1587.800048828125,1588.0,19
2025-04-29 10:08:00+05:30,1588.9000244140625,1589.800048828125,1587.5,1587.5,169
2025-04-29 10:09:00+05:30,1588.4000244140625,1588.4000244140625,1588.4000244140625,1588.4000244140625,1
2025-04-29 10:10:00+05:30,1588.5,1588.5,1588.5,1588.5,5
2025-04-29 10:11:00+05:30,1589.0,1589.0,1589.0,1589.0,84
2025-04-29 10:13:00+05:30,1588.0,1588.0,1586.5999755859375,1587.9000244140625,97
2025-04-29 10:14:00+05:30,1588.0,1589.0,1588.0,1589.0,72
2025-04-29 10:15:00+05:30,1587.5999755859375,1588.4000244140625,1587.4000244140625,1588.199951171875,28
2025-04-29 10:16:00+05:30,1587.699951171875,1587.699951171875,1587.699951171875,1587.699951171875,73
2025-04-29 10:18:00+05:30,1589.5,1589.5,1588.5,1588.5,49
2025-04-29 10:19:00+05:30,1588.5,1589.699951171875,1588.5,1589.699951171875,383
2025-04-29 10:20:00+05:30,1586.5,1587.699951171875,1586.5,1587.699951171875,2
2025-04-29 10:21:00+05:30,1587.0,1587.0,1585.9000244140625,1587.0,80
2025-04-29 10:22:00+05:30,1587.0,1587.0,1587.0,1587.0,10
2025-04-29 10:23:00+05:30,1586.0999755859375,1586.0999755859375,1586.0999755859375,1586.0999755859375,22
2025-04-29 10:24:00+05:30,1586.0,1587.0,1586.0,1587.0,53
2025-04-29 10:25:00+05:30,1588.5,1588.5,1586.0999755859375,1586.0999755859375,32
2025-04-29 10:26:00+05:30,1586.4000244140625,1587.800048828125,1586.4000244140625,1587.800048828125,24
2025-04-29 10:27:00+05:30,1586.0,1587.199951171875,1586.0,1587.199951171875,21
2025-04-29 10:28:00+05:30,1586.9000244140625,1586.9000244140625,1586.0,1586.0,36
2025-04-29 10:29:00+05:30,1581.699951171875,1586.0,1581.0,1586.0,846
2025-04-29 10:30:00+05:30,1582.5999755859375,1583.800048828125,1581.0,1583.800048828125,175
2025-04-29 10:31:00+05:30,1584.0999755859375,1584.0999755859375,1583.9000244140625,1583.9000244140625,26
2025-04-29 10:32:00+05:30,1584.5,1584.800048828125,1584.5,1584.800048828125,105
2025-04-29 10:33:00+05:30,1584.800048828125,1584.800048828125,1584.800048828125,1584.800048828125,0
2025-04-29 10:34:00+05:30,1584.4000244140625,1584.800048828125,1584.300048828125,1584.800048828125,221
2025-04-29 10:35:00+05:30,1586.300048828125,1586.300048828125,1584.5,1584.5,271
2025-04-29 10:36:00+05:30,1585.199951171875,1585.199951171875,1585.199951171875,1585.199951171875,11
2025-04-29 10:37:00+05:30,1586.199951171875,1586.199951171875,1586.199951171875,1586.199951171875,27
2025-04-29 10:38:00+05:30,1585.0,1586.0,1585.0,1586.0,19
2025-04-29 10:39:00+05:30,1585.0,1585.0,1585.0,1585.0,0
2025-04-29 10:40:00+05:30,1585.0,1585.300048828125,1585.0,1585.300048828125,120
2025-04-29 10:41:00+05:30,1586.199951171875,1586.5,1584.0,1584.5,104
2025-04-29 10:42:00+05:30,1587.0,1587.5,1587.0,1587.5,72
2025-04-29 10:43:00+05:30,1586.699951171875,1587.5,1586.699951171875,1587.5,53
2025-04-29 10:44:00+05:30,1587.0,1587.0,1587.0,1587.0,13
2025-04-29 10:45:00+05:30,1593.699951171875,1593.699951171875,1588.0,1588.0,510
2025-04-29 10:46:00+05:30,1590.5,1592.0999755859375,1590.5,1592.0999755859375,119
2025-04-29 10:47:00+05:30,1590.9000244140625,1592.0999755859375,1590.9000244140625,1591.4000244140625,263
2025-04-29 10:48:00+05:30,1590.9000244140625,1590.9000244140625,1590.300048828125,1590.300048828125,50
2025-04-29 10:49:00+05:30,1593.699951171875,1593.699951171875,1592.5,1592.9000244140625,380
2025-04-29 10:50:00+05:30,1591.0999755859375,1592.4000244140625,1591.0999755859375,1592.4000244140625,59
2025-04-29 10:51:00+05:30,1591.5999755859375,1592.199951171875,1590.800048828125,1591.0,113
2025-04-29 10:52:00+05:30,1592.300048828125,1592.300048828125,1591.199951171875,1591.199951171875,3
2025-04-29 10:53:00+05:30,1592.0999755859375,1592.0999755859375,1592.0999755859375,1592.0999755859375,549
2025-04-29 10:54:00+05:30,1592.0999755859375,1592.0999755859375,1592.0999755859375,1592.0999755859375,16
2025-04-29 10:55:00+05:30,1593.199951171875,1593.199951171875,1591.300048828125,1591.300048828125,221
2025-04-29 10:56:00+05:30,1593.4000244140625,1593.5,1593.300048828125,1593.5,106
2025-04-29 10:57:00+05:30,1593.4000244140625,1593.4000244140625,1592.5999755859375,1592.5999755859375,42
2025-04-29 10:58:00+05:30,1593.9000244140625,1593.9000244140625,1593.4000244140625,1593.4000244140625,1
2025-04-29 10:59:00+05:30,1593.4000244140625,1593.4000244140625,1593.0,1593.0,14
2025-04-29 11:00:00+05:30,1593.4000244140625,1593.4000244140625,1593.4000244140625,1593.4000244140625,12
2025-04-29 11:01:00+05:30,1593.300048828125,1593.300048828125,1593.300048828125,1593.300048828125,26
2025-04-29 11:02:00+05:30,1593.4000244140625,1593.4000244140625,1593.300048828125,1593.300048828125,6
2025-04-29 11:04:00+05:30,1595.300048828125,1595.300048828125,1593.5999755859375,1593.5999755859375,585
2025-04-29 11:05:00+05:30,1593.5,1593.5,1592.699951171875,1592.9000244140625,434
2025-04-29 11:06:00+05:30,1594.5999755859375,1594.5999755859375,1594.5999755859375,1594.5999755859375,3
2025-04-29 11:08:00+05:30,1593.5,1593.5,1593.5,1593.5,153
2025-04-29 11:09:00+05:30,1592.199951171875,1592.199951171875,1592.199951171875,1592.199951171875,34
2025-04-29 11:11:00+05:30,1593.5,1593.5,1593.5,1593.5,101
2025-04-29 11:13:00+05:30,1592.9000244140625,1593.199951171875,1592.9000244140625,1593.199951171875,62
2025-04-29 11:14:00+05:30,1593.199951171875,1593.199951171875,1592.9000244140625,1592.9000244140625,4
2025-04-29 11:15:00+05:30,1593.5999755859375,1593.5999755859375,1593.199951171875,1593.199951171875,18
2025-04-29 11:17:00+05:30,1593.199951171875,1593.199951171875,1592.9000244140625,1592.9000244140625,189
2025-04-29 11:18:00+05:30,1592.699951171875,1592.800048828125,1592.699951171875,1592.800048828125,2
2025-04-29 11:19:00+05:30,1591.800048828125,1593.199951171875,1591.800048828125,1593.199951171875,34
2025-04-29 11:21:00+05:30,1592.699951171875,1592.699951171875,1592.699951171875,1592.699951171875,2
2025-04-29 11:22:00+05:30,1591.5999755859375,1591.5999755859375,1591.5999755859375,1591.5999755859375,89
2025-04-29 11:23:00+05:30,1593.0999755859375,1593.0999755859375,1593.0999755859375,1593.0999755859375,19
2025-04-29 11:24:00+05:30,1592.5999755859375,1592.5999755859375,1592.5999755859375,1592.5999755859375,6
2025-04-29 11:25:00+05:30,1592.5999755859375,1593.4000244140625,1592.5999755859375,1592.699951171875,101
2025-04-29 11:26:00+05:30,1593.199951171875,1593.199951171875,1592.699951171875,1592.699951171875,12
2025-04-29 11:27:00+05:30,1593.0,1593.0,1593.0,1593.0,51
2025-04-29 11:29:00+05:30,1593.9000244140625,1593.9000244140625,1593.9000244140625,1593.9000244140625,1
2025-04-29 11:30:00+05:30,1592.199951171875,1592.9000244140625,1592.199951171875,1592.9000244140625,94
2025-04-29 11:31:00+05:30,1592.4000244140625,1592.4000244140625,1592.199951171875,1592.199951171875,75
2025-04-29 11:32:00+05:30,1592.4000244140625,1592.4000244140625,1592.4000244140625,1592.4000244140625,10
2025-04-29 11:33:00+05:30,1592.5,1592.5,1592.5,1592.5,21
2025-04-29 11:34:00+05:30,1593.5,1594.0,1593.5,1594.0,215
2025-04-29 11:35:00+05:30,1592.5999755859375,1592.5999755859375,1592.5999755859375,1592.5999755859375,0
2025-04-29 11:36:00+05:30,1593.300048828125,1594.0,1593.300048828125,1594.0,12
2025-04-29 11:37:00+05:30,1593.300048828125,1594.0,1593.300048828125,1594.0,142
2025-04-29 11:38:00+05:30,1591.9000244140625,1591.9000244140625,1591.9000244140625,1591.9000244140625,35
2025-04-29 11:39:00+05:30,1591.4000244140625,1591.4000244140625,1591.4000244140625,1591.4000244140625,22
2025-04-29 11:40:00+05:30,1592.5,1592.5,1592.5,1592.5,1
2025-04-29 11:42:00+05:30,1593.9000244140625,1593.9000244140625,1593.0,1593.0,261
2025-04-29 11:43:00+05:30,1594.0,1594.0,1594.0,1594.0,44
2025-04-29 11:44:00+05:30,1594.0,1594.0,1594.0,1594.0,0
2025-04-29 11:45:00+05:30,1593.5999755859375,1593.9000244140625,1593.5999755859375,1593.9000244140625,123
2025-04-29 11:46:00+05:30,1593.5,1593.5999755859375,1593.5,1593.5999755859375,1
2025-04-29 11:47:00+05:30,1593.4000244140625,1594.0,1593.4000244140625,1593.4000244140625,73
2025-04-29 11:48:00+05:30,1593.4000244140625,1593.4000244140625,1593.4000244140625,1593.4000244140625,19
2025-04-29 11:49:00+05:30,1593.4000244140625,1593.4000244140625,1593.4000244140625,1593.4000244140625,0
2025-04-29 11:50:00+05:30,1592.0999755859375,1593.4000244140625,1592.0999755859375,1593.4000244140625,78
2025-04-29 11:51:00+05:30,1593.0999755859375,1593.0999755859375,1592.0999755859375,1592.0999755859375,23
2025-04-29 11:52:00+05:30,1592.0999755859375,1593.4000244140625,1592.0999755859375,1592.199951171875,48
2025-04-29 11:53:00+05:30,1593.0999755859375,1593.0999755859375,1593.0999755859375,1593.0999755859375,0
2025-04-29 11:54:00+05:30,1593.0999755859375,1593.0999755859375,1593.0999755859375,1593.0999755859375,1
2025-04-29 11:55:00+05:30,1592.5,1592.5,1591.0999755859375,1591.0999755859375,265
2025-04-29 11:56:00+05:30,1592.5,1592.5,1592.0999755859375,1592.0999755859375,75
2025-04-29 11:58:00+05:30,1592.800048828125,1593.0,1592.0,1592.0,39
2025-04-29 11:59:00+05:30,1593.699951171875,1593.699951171875,1593.699951171875,1593.699951171875,63
2025-04-29 12:00:00+05:30,1592.5,1593.0,1592.5,1593.0,1368
2025-04-29 12:01:00+05:30,1590.0,1590.0,1590.0,1590.0,138
2025-04-29 12:03:00+05:30,1591.5999755859375,1591.5999755859375,1591.199951171875,1591.199951171875,81
2025-04-29 12:04:00+05:30,1591.300048828125,1591.300048828125,1591.300048828125,1591.300048828125,95
2025-04-29 12:05:00+05:30,1591.300048828125,1591.300048828125,1591.300048828125,1591.300048828125,5
2025-04-29 12:06:00+05:30,1591.199951171875,1591.199951171875,1591.199951171875,1591.199951171875,424
2025-04-29 12:07:00+05:30,1592.699951171875,1592.699951171875,1591.199951171875,1591.199951171875,47
2025-04-29 12:08:00+05:30,1592.0,1592.199951171875,1591.300048828125,1592.199951171875,123
2025-04-29 12:10:00+05:30,1591.199951171875,1591.5999755859375,1591.199951171875,1591.5999755859375,23
2025-04-29 12:11:00+05:30,1592.0,1592.0,1590.5,1590.5999755859375,723
2025-04-29 12:12:00+05:30,1591.800048828125,1592.800048828125,1591.800048828125,1592.0,89
2025-04-29 12:15:00+05:30,1592.199951171875,1592.199951171875,1592.199951171875,1592.199951171875,44
2025-04-29 12:16:00+05:30,1592.199951171875,1592.199951171875,1592.199951171875,1592.199951171875,4
2025-04-29 12:17:00+05:30,1592.199951171875,1592.199951171875,1592.199951171875,1592.199951171875,52
2025-04-29 12:18:00+05:30,1592.0,1592.0,1592.0,1592.0,4
2025-04-29 12:19:00+05:30,1592.0,1592.0,1592.0,1592.0,6
2025-04-29 12:20:00+05:30,1590.800048828125,1591.9000244140625,1590.800048828125,1591.9000244140625,35
2025-04-29 12:22:00+05:30,1590.5,1590.800048828125,1590.5,1590.800048828125,12
2025-04-29 12:23:00+05:30,1591.5,1592.300048828125,1590.0,1590.0,1922
2025-04-29 12:24:00+05:30,1591.0999755859375,1591.0999755859375,1591.0999755859375,1591.0999755859375,29
2025-04-29 12:25:00+05:30,1593.9000244140625,1594.5999755859375,1591.300048828125,1591.300048828125,3121
2025-04-29 12:26:00+05:30,1594.199951171875,1594.199951171875,1594.199951171875,1594.199951171875,0
2025-04-29 12:27:00+05:30,1594.0,1594.0,1593.800048828125,1594.0,82
2025-04-29 12:28:00+05:30,1593.5,1593.5,1593.5,1593.5,0
2025-04-29 12:30:00+05:30,1594.0999755859375,1595.199951171875,1594.0999755859375,1595.199951171875,289
2025-04-29 12:33:00+05:30,1594.0,1595.0,1593.5,1593.5,150
2025-04-29 12:34:00+05:30,1594.699951171875,1594.699951171875,1594.699951171875,1594.699951171875,5
2025-04-29 12:35:00+05:30,1594.800048828125,1595.800048828125,1594.800048828125,1594.800048828125,188
2025-04-29 12:36:00+05:30,1594.699951171875,1595.5999755859375,1594.699951171875,1595.5999755859375,25
2025-04-29 12:37:00+05:30,1594.699951171875,1594.699951171875,1594.699951171875,1594.699951171875,2
2025-04-29 12:38:00+05:30,1595.0,1595.0,1595.0,1595.0,42
2025-04-29 12:39:00+05:30,1595.199951171875,1595.800048828125,1595.199951171875,1595.800048828125,0
2025-04-29 12:41:00+05:30,1596.199951171875,1596.199951171875,1595.5,1595.9000244140625,28
2025-04-29 12:42:00+05:30,1595.0999755859375,1597.0,1595.0999755859375,1597.0,237
2025-04-29 12:43:00+05:30,1595.0,1595.0,1595.0,1595.0,0
2025-04-29 12:44:00+05:30,1595.300048828125,1595.300048828125,1595.300048828125,1595.300048828125,32
2025-04-29 12:45:00+05:30,1595.4000244140625,1595.4000244140625,1595.4000244140625,1595.4000244140625,4
2025-04-29 12:46:00+05:30,1595.5999755859375,1596.0999755859375,1595.5999755859375,1596.0999755859375,3
2025-04-29 12:47:00+05:30,1595.699951171875,1596.199951171875,1595.699951171875,1596.199951171875,74
2025-04-29 12:48:00+05:30,1594.699951171875,1594.699951171875,1594.699951171875,1594.699951171875,74
2025-04-29 12:49:00+05:30,1594.4000244140625,1594.4000244140625,1594.4000244140625,1594.4000244140625,0
2025-04-29 12:50:00+05:30,1595.0999755859375,1595.0999755859375,1595.0999755859375,1595.0999755859375,4
2025-04-29 12:51:00+05:30,1594.699951171875,1594.699951171875,1594.699951171875,1594.699951171875,8
2025-04-29 12:52:00+05:30,1594.9000244140625,1594.9000244140625,1594.9000244140625,1594.9000244140625,2
2025-04-29 12:53:00+05:30,1596.5999755859375,1596.5999755859375,1595.300048828125,1595.300048828125,48
2025-04-29 12:54:00+05:30,1595.0999755859375,1595.5,1595.0999755859375,1595.5,70
2025-04-29 12:55:00+05:30,1593.300048828125,1594.9000244140625,1593.300048828125,1594.699951171875,199
2025-04-29 12:56:00+05:30,1594.699951171875,1594.699951171875,1594.699951171875,1594.699951171875,1
2025-04-29 12:57:00+05:30,1594.0,1594.0,1594.0,1594.0,56
2025-04-29 12:58:00+05:30,1594.5999755859375,1594.5999755859375,1594.0,1594.0,23
2025-04-29 12:59:00+05:30,1594.0,1594.0999755859375,1594.0,1594.0999755859375,18
2025-04-29 13:00:00+05:30,1595.0999755859375,1595.0999755859375,1594.0,1594.0,93
2025-04-29 13:02:00+05:30,1596.5,1596.5,1596.5,1596.5,88
2025-04-29 13:04:00+05:30,1596.9000244140625,1596.9000244140625,1596.9000244140625,1596.9000244140625,0
2025-04-29 13:05:00+05:30,1596.4000244140625,1596.4000244140625,1596.4000244140625,1596.4000244140625,9
2025-04-29 13:06:00+05:30,1596.4000244140625,1596.4000244140625,1596.4000244140625,1596.4000244140625,15
2025-04-29 13:07:00+05:30,1595.699951171875,1595.699951171875,1594.699951171875,1594.699951171875,138
2025-04-29 13:08:00+05:30,1594.199951171875,1594.800048828125,1594.199951171875,1594.800048828125,31
2025-04-29 13:10:00+05:30,1595.4000244140625,1595.4000244140625,1594.9000244140625,1594.9000244140625,2
2025-04-29 13:11:00+05:30,1596.4000244140625,1596.4000244140625,1594.699951171875,1595.4000244140625,27
2025-04-29 13:12:00+05:30,1596.4000244140625,1596.4000244140625,1596.4000244140625,1596.4000244140625,1
2025-04-29 13:13:00+05:30,1596.9000244140625,1596.9000244140625,1596.5,1596.5,53
2025-04-29 13:14:00+05:30,1596.0,1597.4000244140625,1596.0,1596.9000244140625,143
2025-04-29 13:15:00+05:30,1596.800048828125,1596.800048828125,1596.800048828125,1596.800048828125,1
2025-04-29 13:17:00+05:30,1596.4000244140625,1596.4000244140625,1596.0,1596.0999755859375,72
2025-04-29 13:19:00+05:30,1595.9000244140625,1596.0,1595.9000244140625,1596.0,23
2025-04-29 13:22:00+05:30,1596.4000244140625,1596.4000244140625,1596.300048828125,1596.300048828125,27
2025-04-29 13:23:00+05:30,1596.300048828125,1596.300048828125,1596.199951171875,1596.199951171875,64
2025-04-29 13:24:00+05:30,1596.199951171875,1596.199951171875,1596.199951171875,1596.199951171875,13
2025-04-29 13:25:00+05:30,1596.199951171875,1596.199951171875,1596.199951171875,1596.199951171875,0
2025-04-29 13:26:00+05:30,1597.199951171875,1597.199951171875,1596.199951171875,1596.199951171875,522
2025-04-29 13:27:00+05:30,1599.5999755859375,1599.5999755859375,1597.5,1597.5,393
2025-04-29 13:28:00+05:30,1599.9000244140625,1599.9000244140625,1599.699951171875,1599.699951171875,210
2025-04-29 13:29:00+05:30,1599.5,1599.5,1598.699951171875,1598.699951171875,62
2025-04-29 13:30:00+05:30,1599.5,1599.5,1599.5,1599.5,30
2025-04-29 13:31:00+05:30,1598.5999755859375,1599.5,1598.5999755859375,1598.699951171875,209
2025-04-29 13:32:00+05:30,1598.5,1598.5,1598.5,1598.5,0
2025-04-29 13:33:00+05:30,1597.800048828125,1599.300048828125,1597.800048828125,1599.300048828125,137
2025-04-29 13:34:00+05:30,1597.300048828125,1598.5,1597.0,1598.5,662
2025-04-29 13:35:00+05:30,1594.5,1594.5,1592.800048828125,1592.800048828125,2727
2025-04-29 13:36:00+05:30,1594.199951171875,1594.199951171875,1593.5999755859375,1593.5999755859375,46
2025-04-29 13:37:00+05:30,1593.0,1593.9000244140625,1593.0,1593.9000244140625,92
2025-04-29 13:38:00+05:30,1593.9000244140625,1593.9000244140625,1593.0,1593.0,122
2025-04-29 13:39:00+05:30,1593.5999755859375,1593.699951171875,1593.5999755859375,1593.699951171875,50
2025-04-29 13:40:00+05:30,1593.5,1593.800048828125,1593.5,1593.800048828125,73
2025-04-29 13:41:00+05:30,1593.300048828125,1593.5,1593.300048828125,1593.5,38
2025-04-29 13:42:00+05:30,1593.5,1593.5,1593.0999755859375,1593.300048828125,44
2025-04-29 13:43:00+05:30,1594.4000244140625,1594.4000244140625,1594.4000244140625,1594.4000244140625,105
2025-04-29 13:44:00+05:30,1593.800048828125,1593.9000244140625,1593.800048828125,1593.9000244140625,52
2025-04-29 13:45:00+05:30,1593.699951171875,1593.800048828125,1593.699951171875,1593.800048828125,41
2025-04-29 13:46:00+05:30,1593.5,1593.5999755859375,1593.5,1593.5999755859375,76
2025-04-29 13:47:00+05:30,1593.5999755859375,1593.5999755859375,1593.5,1593.5,20
2025-04-29 13:48:00+05:30,1593.5,1593.5,1593.5,1593.5,45
2025-04-29 13:49:00+05:30,1593.5,1593.5,1593.5,1593.5,82
2025-04-29 13:50:00+05:30,1593.5999755859375,1593.5999755859375,1593.5,1593.5999755859375,76
2025-04-29 13:51:00+05:30,1593.699951171875,1593.800048828125,1593.699951171875,1593.800048828125,198
2025-04-29 13:52:00+05:30,1594.800048828125,1595.199951171875,1594.800048828125,1595.199951171875,75
2025-04-29 13:53:00+05:30,1594.800048828125,1594.800048828125,1594.800048828125,1594.800048828125,88
2025-04-29 13:54:00+05:30,1595.0999755859375,1595.0999755859375,1594.9000244140625,1594.9000244140625,65
2025-04-29 13:55:00+05:30,1595.0999755859375,1595.199951171875,1595.0999755859375,1595.199951171875,35
2025-04-29 13:56:00+05:30,1593.4000244140625,1595.199951171875,1593.4000244140625,1595.199951171875,219
2025-04-29 13:57:00+05:30,1593.5999755859375,1593.5999755859375,1592.199951171875,1592.199951171875,925
2025-04-29 13:58:00+05:30,1594.699951171875,1594.699951171875,1593.4000244140625,1593.4000244140625,99
2025-04-29 13:59:00+05:30,1594.5,1594.5,1594.5,1594.5,91
2025-04-29 14:00:00+05:30,1594.300048828125,1594.5,1594.300048828125,1594.5,11
2025-04-29 14:01:00+05:30,1594.0999755859375,1594.0999755859375,1594.0999755859375,1594.0999755859375,33
2025-04-29 14:02:00+05:30,1594.0999755859375,1594.0999755859375,1594.0999755859375,1594.0999755859375,3
2025-04-29 14:03:00+05:30,1595.699951171875,1595.699951171875,1594.0,1594.0,150
2025-04-29 14:04:00+05:30,1595.699951171875,1595.699951171875,1595.699951171875,1595.699951171875,95
2025-04-29 14:05:00+05:30,1595.800048828125,1595.800048828125,1595.699951171875,1595.699951171875,19
2025-04-29 14:06:00+05:30,1596.0,1596.0,1595.699951171875,1595.800048828125,183
2025-04-29 14:08:00+05:30,1595.800048828125,1597.0999755859375,1595.800048828125,1596.9000244140625,194
2025-04-29 14:09:00+05:30,1597.0,1597.199951171875,1596.0999755859375,1596.0999755859375,523
2025-04-29 14:10:00+05:30,1598.199951171875,1599.0,1597.9000244140625,1597.9000244140625,217
2025-04-29 14:11:00+05:30,1597.800048828125,1599.0,1596.0999755859375,1599.0,401
2025-04-29 14:12:00+05:30,1597.5999755859375,1597.5999755859375,1597.5999755859375,1597.5999755859375,14
2025-04-29 14:13:00+05:30,1597.4000244140625,1597.4000244140625,1597.0,1597.0,68
2025-04-29 14:14:00+05:30,1597.0,1597.0,1596.5999755859375,1596.5999755859375,96
2025-04-29 14:15:00+05:30,1596.5999755859375,1596.5999755859375,1596.5999755859375,1596.5999755859375,3
2025-04-29 14:16:00+05:30,1597.0999755859375,1597.0999755859375,1597.0999755859375,1597.0999755859375,36
2025-04-29 14:17:00+05:30,1597.0999755859375,1597.0999755859375,1596.800048828125,1596.800048828125,54
2025-04-29 14:18:00+05:30,1597.0999755859375,1597.0999755859375,1597.0999755859375,1597.0999755859375,52
2025-04-29 14:19:00+05:30,1597.9000244140625,1597.9000244140625,1597.0999755859375,1597.0999755859375,164
2025-04-29 14:20:00+05:30,1599.0,1599.0,1598.199951171875,1598.199951171875,91
2025-04-29 14:21:00+05:30,1598.800048828125,1599.4000244140625,1597.4000244140625,1599.4000244140625,176
2025-04-29 14:22:00+05:30,1602.800048828125,1602.800048828125,1599.199951171875,1599.199951171875,4534
2025-04-29 14:23:00+05:30,1602.9000244140625,1602.9000244140625,1600.300048828125,1601.699951171875,505
2025-04-29 14:24:00+05:30,1607.9000244140625,1608.300048828125,1603.800048828125,1604.9000244140625,2327
2025-04-29 14:25:00+05:30,1606.5,1608.0999755859375,1606.4000244140625,1607.199951171875,374
2025-04-29 14:26:00+05:30,1607.5999755859375,1607.699951171875,1606.199951171875,1606.199951171875,334
2025-04-29 14:27:00+05:30,1605.5,1606.800048828125,1604.9000244140625,1606.800048828125,1264
2025-04-29 14:28:00+05:30,1606.4000244140625,1607.4000244140625,1606.0999755859375,1607.4000244140625,1056
2025-04-29 14:29:00+05:30,1606.800048828125,1607.800048828125,1606.0,1606.4000244140625,745
2025-04-29 14:30:00+05:30,1608.9000244140625,1609.5,1606.9000244140625,1606.9000244140625,2222
2025-04-29 14:31:00+05:30,1613.800048828125,1614.0,1609.5999755859375,1609.5999755859375,1973
2025-04-29 14:32:00+05:30,1616.9000244140625,1616.9000244140625,1612.699951171875,1613.300048828125,1829
2025-04-29 14:33:00+05:30,1616.199951171875,1619.0,1615.9000244140625,1618.0,1679
2025-04-29 14:34:00+05:30,1613.0999755859375,1617.300048828125,1608.5,1617.300048828125,2216
2025-04-29 14:35:00+05:30,1609.9000244140625,1613.800048828125,1609.9000244140625,1613.0,1215
2025-04-29 14:36:00+05:30,1611.0,1611.0,1608.800048828125,1608.800048828125,1498
2025-04-29 14:37:00+05:30,1609.4000244140625,1611.300048828125,1608.800048828125,1610.0,1611
2025-04-29 14:38:00+05:30,1610.0,1610.0,1609.0999755859375,1609.4000244140625,200
2025-04-29 14:39:00+05:30,1608.0,1609.9000244140625,1608.0,1608.5999755859375,931
2025-04-29 14:40:00+05:30,1609.199951171875,1609.300048828125,1607.0,1609.199951171875,717
2025-04-29 14:41:00+05:30,1611.199951171875,1612.0,1609.199951171875,1609.199951171875,3694
2025-04-29 14:42:00+05:30,1612.0,1612.0,1610.199951171875,1611.0,290
2025-04-29 14:43:00+05:30,1611.5999755859375,1611.5999755859375,1611.4000244140625,1611.5,266
2025-04-29 14:44:00+05:30,1610.800048828125,1612.300048828125,1609.0999755859375,1611.699951171875,324
2025-04-29 14:45:00+05:30,1608.199951171875,1610.800048828125,1608.199951171875,1610.800048828125,433
2025-04-29 14:46:00+05:30,1610.800048828125,1610.800048828125,1609.800048828125,1610.0,776
2025-04-29 14:47:00+05:30,1610.5999755859375,1610.800048828125,1610.0999755859375,1610.800048828125,439
2025-04-29 14:48:00+05:30,1610.300048828125,1610.300048828125,1609.0999755859375,1609.800048828125,105
2025-04-29 14:49:00+05:30,1610.0,1610.4000244140625,1609.5999755859375,1610.300048828125,102
2025-04-29 14:50:00+05:30,1611.9000244140625,1614.0,1610.4000244140625,1610.4000244140625,1073
2025-04-29 14:51:00+05:30,1613.0,1613.800048828125,1611.4000244140625,1611.4000244140625,48
2025-04-29 14:52:00+05:30,1615.0999755859375,1615.9000244140625,1614.0,1614.0,1007
2025-04-29 14:53:00+05:30,1612.800048828125,1614.800048828125,1611.199951171875,1614.800048828125,383
2025-04-29 14:54:00+05:30,1612.0999755859375,1612.800048828125,1610.5999755859375,1612.800048828125,230
2025-04-29 14:55:00+05:30,1612.0,1612.199951171875,1610.5,1612.199951171875,447
2025-04-29 14:56:00+05:30,1612.0,1612.0,1612.0,1612.0,150
2025-04-29 14:57:00+05:30,1614.0999755859375,1615.5,1612.0,1612.0,1036
2025-04-29 14:58:00+05:30,1614.0999755859375,1614.699951171875,1613.300048828125,1614.699951171875,222
2025-04-29 14:59:00+05:30,1613.9000244140625,1614.699951171875,1613.9000244140625,1614.0999755859375,845
2025-04-29 15:00:00+05:30,1613.300048828125,1613.699951171875,1612.5,1613.300048828125,743
2025-04-29 15:01:00+05:30,1607.4000244140625,1613.300048828125,1607.4000244140625,1613.300048828125,1958
2025-04-29 15:02:00+05:30,1586.699951171875,1605.0999755859375,1585.0,1605.0999755859375,4826
2025-04-29 15:03:00+05:30,1597.0999755859375,1599.5,1586.699951171875,1586.699951171875,4298
2025-04-29 15:04:00+05:30,1596.4000244140625,1598.5,1595.0,1597.699951171875,5505
2025-04-29 15:05:00+05:30,1599.0,1599.0,1596.4000244140625,1596.4000244140625,602
2025-04-29 15:06:00+05:30,1599.0,1600.199951171875,1599.0,1599.9000244140625,755
2025-04-29 15:07:00+05:30,1599.5999755859375,1599.800048828125,1599.300048828125,1599.800048828125,156
2025-04-29 15:08:00+05:30,1596.199951171875,1599.5999755859375,1596.199951171875,1599.5999755859375,799
2025-04-29 15:09:00+05:30,1596.699951171875,1596.699951171875,1595.4000244140625,1595.4000244140625,553
2025-04-29 15:10:00+05:30,1596.699951171875,1596.699951171875,1596.300048828125,1596.4000244140625,630
2025-04-29 15:11:00+05:30,1595.5,1596.5999755859375,1595.5,1596.199951171875,731
2025-04-29 15:12:00+05:30,1595.0999755859375,1595.9000244140625,1595.0999755859375,1595.5,622
2025-04-29 15:13:00+05:30,1595.5,1595.9000244140625,1595.0,1595.9000244140625,769
2025-04-29 15:14:00+05:30,1595.0,1595.5,1595.0,1595.5,504
2025-04-29 15:15:00+05:30,1595.0999755859375,1595.4000244140625,1595.0,1595.0,1618
2025-04-29 15:16:00+05:30,1595.9000244140625,1596.300048828125,1595.0,1595.4000244140625,2546
2025-04-29 15:17:00+05:30,1596.4000244140625,1596.800048828125,1595.699951171875,1596.4000244140625,467
2025-04-29 15:18:00+05:30,1595.4000244140625,1596.5,1595.0,1596.4000244140625,461
2025-04-29 15:19:00+05:30,1595.800048828125,1596.0,1595.300048828125,1595.300048828125,1089
2025-04-29 15:20:00+05:30,1595.9000244140625,1596.0,1595.300048828125,1595.300048828125,1684
2025-04-29 15:21:00+05:30,1596.0,1596.0,1595.800048828125,1595.9000244140625,133
2025-04-29 15:22:00+05:30,1595.5999755859375,1595.800048828125,1595.5999755859375,1595.800048828125,910
2025-04-29 15:23:00+05:30,1595.0,1596.9000244140625,1595.0,1596.5,749
2025-04-29 15:24:00+05:30,1600.0,1601.9000244140625,1595.5999755859375,1596.0,1458
2025-04-29 15:25:00+05:30,1600.0,1601.0,1600.0,1601.0,327
2025-04-29 15:26:00+05:30,1600.0999755859375,1600.0999755859375,1600.0,1600.0,447
2025-04-29 15:27:00+05:30,1600.4000244140625,1600.4000244140625,1600.0,1600.0,2187
2025-04-29 15:28:00+05:30,1600.0999755859375,1602.0,1600.0999755859375,1602.0,417
2025-04-29 15:29:00+05:30,1601.199951171875,1601.199951171875,1600.800048828125,1600.800048828125,165
2025-04-30 09:15:00+05:30,1594.199951171875,1607.800048828125,1587.5999755859375,1607.800048828125,0
2025-04-30 09:16:00+05:30,1592.300048828125,1596.4000244140625,1591.800048828125,1592.300048828125,329
2025-04-30 09:17:00+05:30,1603.0,1603.0,1595.5999755859375,1595.5999755859375,1245
2025-04-30 09:18:00+05:30,1611.0999755859375,1613.0999755859375,1606.0999755859375,1606.0999755859375,1862
2025-04-30 09:19:00+05:30,1614.0999755859375,1618.800048828125,1610.5,1611.699951171875,1195
2025-04-30 09:20:00+05:30,1624.800048828125,1624.800048828125,1617.300048828125,1617.300048828125,3530
2025-04-30 09:21:00+05:30,1619.5,1626.199951171875,1619.5,1626.199951171875,5452
2025-04-30 09:22:00+05:30,1622.0,1622.0,1614.0,1618.0,5523
2025-04-30 09:23:00+05:30,1621.699951171875,1626.4000244140625,1621.699951171875,1624.800048828125,2910
2025-04-30 09:24:00+05:30,1612.199951171875,1624.5,1612.199951171875,1623.0,2553
2025-04-30 09:25:00+05:30,1613.0,1616.0,1611.4000244140625,1613.5,953
2025-04-30 09:26:00+05:30,1611.300048828125,1615.199951171875,1611.0999755859375,1615.199951171875,1308
2025-04-30 09:27:00+05:30,1615.5,1617.5999755859375,1611.5,1611.5,757
2025-04-30 09:28:00+05:30,1617.199951171875,1617.800048828125,1614.699951171875,1617.5,528
2025-04-30 09:29:00+05:30,1621.699951171875,1623.800048828125,1617.199951171875,1617.199951171875,1583
2025-04-30 09:30:00+05:30,1623.199951171875,1624.0,1622.699951171875,1623.9000244140625,1214
2025-04-30 09:31:00+05:30,1628.5,1628.5,1623.300048828125,1623.300048828125,2265
2025-04-30 09:32:00+05:30,1629.300048828125,1629.4000244140625,1626.5999755859375,1627.199951171875,1651
2025-04-30 09:33:00+05:30,1634.4000244140625,1636.0,1630.0,1630.0,3671
2025-04-30 09:34:00+05:30,1632.5,1636.0,1631.199951171875,1636.0,2216
2025-04-30 09:35:00+05:30,1628.5,1632.300048828125,1627.4000244140625,1632.199951171875,1075
2025-04-30 09:36:00+05:30,1630.0999755859375,1630.0999755859375,1627.300048828125,1629.0,1092
2025-04-30 09:37:00+05:30,1634.0999755859375,1634.0999755859375,1630.199951171875,1630.199951171875,2787
2025-04-30 09:38:00+05:30,1633.5,1634.800048828125,1632.0,1634.800048828125,765
2025-04-30 09:39:00+05:30,1637.5999755859375,1638.4000244140625,1633.199951171875,1633.9000244140625,2358
2025-04-30 09:40:00+05:30,1637.5999755859375,1637.5999755859375,1635.0,1636.9000244140625,2131
2025-04-30 09:41:00+05:30,1637.0,1637.0,1636.0999755859375,1636.0999755859375,632
2025-04-30 09:42:00+05:30,1634.800048828125,1635.9000244140625,1634.800048828125,1635.0999755859375,837
2025-04-30 09:43:00+05:30,1634.800048828125,1635.4000244140625,1634.0,1635.199951171875,342
2025-04-30 09:44:00+05:30,1637.9000244140625,1638.0,1635.5999755859375,1635.9000244140625,1495
2025-04-30 09:45:00+05:30,1635.0,1638.300048828125,1633.0999755859375,1638.300048828125,605
2025-04-30 09:46:00+05:30,1636.0,1637.5,1635.699951171875,1635.800048828125,822
2025-04-30 09:47:00+05:30,1634.4000244140625,1636.0,1633.5,1636.0,896
2025-04-30 09:48:00+05:30,1634.9000244140625,1635.0,1631.5,1633.4000244140625,805
2025-04-30 09:49:00+05:30,1634.5999755859375,1635.0,1632.199951171875,1635.0,287
2025-04-30 09:50:00+05:30,1634.199951171875,1634.300048828125,1632.800048828125,1632.800048828125,170
2025-04-30 09:51:00+05:30,1633.199951171875,1634.300048828125,1633.199951171875,1634.199951171875,279
2025-04-30 09:52:00+05:30,1636.5999755859375,1636.5999755859375,1633.0,1633.4000244140625,541
2025-04-30 09:53:00+05:30,1636.699951171875,1637.5,1636.699951171875,1637.0,134
2025-04-30 09:54:00+05:30,1635.0,1635.9000244140625,1634.800048828125,1635.5999755859375,184
2025-04-30 09:55:00+05:30,1636.4000244140625,1636.4000244140625,1635.0,1635.300048828125,313
2025-04-30 09:56:00+05:30,1635.5,1636.5999755859375,1635.0,1636.0999755859375,292
2025-04-30 09:57:00+05:30,1635.0,1636.9000244140625,1634.5,1636.5999755859375,302
2025-04-30 09:58:00+05:30,1635.800048828125,1635.9000244140625,1634.0,1634.0,404
2025-04-30 09:59:00+05:30,1635.4000244140625,1636.199951171875,1634.5999755859375,1636.199951171875,148
2025-04-30 10:00:00+05:30,1637.0,1637.0,1635.4000244140625,1636.0999755859375,989
2025-04-30 10:01:00+05:30,1636.9000244140625,1636.9000244140625,1635.9000244140625,1636.4000244140625,206
2025-04-30 10:02:00+05:30,1637.5,1638.0,1636.800048828125,1636.800048828125,334
2025-04-30 10:03:00+05:30,1636.9000244140625,1638.0,1635.5,1638.0,345
2025-04-30 10:04:00+05:30,1639.300048828125,1639.300048828125,1637.0,1637.0,3737
2025-04-30 10:05:00+05:30,1643.300048828125,1644.800048828125,1638.9000244140625,1638.9000244140625,3781
2025-04-30 10:06:00+05:30,1651.199951171875,1656.800048828125,1645.5999755859375,1647.199951171875,8849
2025-04-30 10:07:00+05:30,1652.0,1653.5999755859375,1650.0,1653.5,2731
2025-04-30 10:08:00+05:30,1651.4000244140625,1652.5,1647.9000244140625,1652.5,2393
2025-04-30 10:09:00+05:30,1649.699951171875,1652.5,1649.5999755859375,1651.300048828125,1403
2025-04-30 10:10:00+05:30,1654.5999755859375,1655.0,1649.699951171875,1649.699951171875,2258
2025-04-30 10:11:00+05:30,1654.300048828125,1654.300048828125,1650.5999755859375,1652.199951171875,2463
2025-04-30 10:12:00+05:30,1656.5,1659.0,1653.800048828125,1654.9000244140625,7566
2025-04-30 10:13:00+05:30,1653.800048828125,1656.199951171875,1647.300048828125,1656.199951171875,3655
2025-04-30 10:14:00+05:30,1655.199951171875,1656.9000244140625,1653.199951171875,1654.5999755859375,4331
2025-04-30 10:15:00+05:30,1655.9000244140625,1656.5,1654.4000244140625,1656.5,1485
2025-04-30 10:16:00+05:30,1650.800048828125,1656.5,1650.800048828125,1655.9000244140625,4621
2025-04-30 10:17:00+05:30,1648.300048828125,1651.4000244140625,1645.5,1650.5,1943
2025-04-30 10:18:00+05:30,1646.0,1651.5999755859375,1644.800048828125,1648.300048828125,3475
2025-04-30 10:19:00+05:30,1643.300048828125,1645.9000244140625,1641.699951171875,1645.9000244140625,1805
2025-04-30 10:20:00+05:30,1645.4000244140625,1645.4000244140625,1644.5,1644.9000244140625,448
2025-04-30 10:21:00+05:30,1645.199951171875,1645.800048828125,1645.0,1645.4000244140625,601
2025-04-30 10:22:00+05:30,1646.199951171875,1646.800048828125,1645.699951171875,1645.699951171875,537
2025-04-30 10:23:00+05:30,1649.800048828125,1649.800048828125,1646.0,1646.0,723
2025-04-30 10:24:00+05:30,1645.0,1648.199951171875,1644.5999755859375,1648.199951171875,1813
2025-04-30 10:25:00+05:30,1643.199951171875,1646.199951171875,1643.199951171875,1646.199951171875,1400
2025-04-30 10:26:00+05:30,1638.0,1644.5,1638.0,1644.5,4766
2025-04-30 10:27:00+05:30,1638.800048828125,1639.4000244140625,1636.0999755859375,1636.9000244140625,1814
2025-04-30 10:28:00+05:30,1641.0,1642.199951171875,1638.5999755859375,1639.0999755859375,496
2025-04-30 10:29:00+05:30,1638.199951171875,1640.9000244140625,1636.699951171875,1640.9000244140625,1339
2025-04-30 10:30:00+05:30,1629.300048828125,1637.9000244140625,1629.300048828125,1637.9000244140625,4287
2025-04-30 10:31:00+05:30,1629.800048828125,1629.9000244140625,1627.199951171875,1629.300048828125,1535
2025-04-30 10:32:00+05:30,1630.0,1630.9000244140625,1629.699951171875,1629.699951171875,2073
2025-04-30 10:33:00+05:30,1630.0999755859375,1632.699951171875,1630.0,1631.0,684
2025-04-30 10:34:00+05:30,1631.199951171875,1631.300048828125,1630.300048828125,1631.199951171875,202
2025-04-30 10:35:00+05:30,1627.0,1630.0,1624.800048828125,1630.0,3338
2025-04-30 10:36:00+05:30,1623.0,1627.5,1623.0,1626.9000244140625,759
2025-04-30 10:37:00+05:30,1621.5,1623.9000244140625,1621.300048828125,1623.699951171875,1922
2025-04-30 10:38:00+05:30,1623.4000244140625,1624.0,1623.0,1623.0,1278
2025-04-30 10:39:00+05:30,1622.5999755859375,1623.4000244140625,1621.300048828125,1623.300048828125,333
2025-04-30 10:40:00+05:30,1622.4000244140625,1623.0,1620.4000244140625,1623.0,1128
2025-04-30 10:41:00+05:30,1621.9000244140625,1622.5,1620.0,1622.5,2148
2025-04-30 10:42:00+05:30,1623.800048828125,1625.5,1621.9000244140625,1621.9000244140625,3668
2025-04-30 10:43:00+05:30,1625.0999755859375,1625.0999755859375,1623.4000244140625,1623.800048828125,246
2025-04-30 10:44:00+05:30,1624.800048828125,1626.4000244140625,1624.300048828125,1625.0,556
2025-04-30 10:45:00+05:30,1623.699951171875,1624.800048828125,1623.199951171875,1624.800048828125,95
2025-04-30 10:46:00+05:30,1623.0,1623.800048828125,1622.300048828125,1623.699951171875,78
2025-04-30 10:47:00+05:30,1626.199951171875,1626.9000244140625,1623.0,1623.0,488
2025-04-30 10:48:00+05:30,1625.0,1626.0999755859375,1625.0,1626.0,142
2025-04-30 10:49:00+05:30,1624.9000244140625,1626.9000244140625,1623.300048828125,1624.800048828125,937
2025-04-30 10:50:00+05:30,1624.800048828125,1624.9000244140625,1623.800048828125,1624.699951171875,78
2025-04-30 10:51:00+05:30,1616.0,1625.0,1616.0,1624.800048828125,2281
2025-04-30 10:52:00+05:30,1617.4000244140625,1617.4000244140625,1615.0,1615.5999755859375,447
2025-04-30 10:53:00+05:30,1620.4000244140625,1620.4000244140625,1618.9000244140625,1619.0,399
2025-04-30 10:54:00+05:30,1619.9000244140625,1620.5999755859375,1619.9000244140625,1620.5999755859375,608
2025-04-30 10:55:00+05:30,1619.800048828125,1619.9000244140625,1619.0999755859375,1619.9000244140625,80
2025-04-30 10:56:00+05:30,1621.5999755859375,1622.4000244140625,1619.9000244140625,1619.9000244140625,668
2025-04-30 10:57:00+05:30,1621.9000244140625,1621.9000244140625,1620.300048828125,1620.800048828125,663
2025-04-30 10:58:00+05:30,1623.9000244140625,1623.9000244140625,1621.9000244140625,1621.9000244140625,95
2025-04-30 10:59:00+05:30,1622.800048828125,1623.9000244140625,1622.800048828125,1623.9000244140625,1095
2025-04-30 11:00:00+05:30,1623.0,1623.0,1622.800048828125,1622.800048828125,153
2025-04-30 11:01:00+05:30,1626.0,1626.0,1622.9000244140625,1623.800048828125,1187
2025-04-30 11:02:00+05:30,1622.9000244140625,1626.5999755859375,1622.800048828125,1626.0,1211
2025-04-30 11:03:00+05:30,1623.199951171875,1623.699951171875,1622.0999755859375,1623.300048828125,107
2025-04-30 11:04:00+05:30,1622.199951171875,1623.0999755859375,1621.5,1621.5999755859375,401
2025-04-30 11:05:00+05:30,1622.0,1622.4000244140625,1621.0999755859375,1622.4000244140625,569
2025-04-30 11:06:00+05:30,1621.5,1621.5,1620.300048828125,1620.300048828125,290
2025-04-30 11:07:00+05:30,1620.0,1621.5999755859375,1620.0,1621.5999755859375,461
2025-04-30 11:08:00+05:30,1619.9000244140625,1621.0999755859375,1618.199951171875,1620.0,728
2025-04-30 11:09:00+05:30,1618.699951171875,1619.800048828125,1617.9000244140625,1619.800048828125,1796
2025-04-30 11:10:00+05:30,1620.5999755859375,1621.0,1620.5999755859375,1620.699951171875,208
2025-04-30 11:11:00+05:30,1621.9000244140625,1621.9000244140625,1619.5,1620.5999755859375,53
2025-04-30 11:12:00+05:30,1621.5999755859375,1622.699951171875,1620.800048828125,1621.9000244140625,307
2025-04-30 11:13:00+05:30,1621.9000244140625,1623.199951171875,1621.0999755859375,1622.0,414
2025-04-30 11:14:00+05:30,1621.0999755859375,1621.9000244140625,1620.0999755859375,1621.9000244140625,135
2025-04-30 11:15:00+05:30,1622.9000244140625,1622.9000244140625,1621.0999755859375,1621.0999755859375,122
2025-04-30 11:16:00+05:30,1622.0999755859375,1623.0,1621.4000244140625,1623.0,123
2025-04-30 11:17:00+05:30,1623.0,1623.0,1621.9000244140625,1622.4000244140625,189
2025-04-30 11:18:00+05:30,1624.5,1624.699951171875,1622.800048828125,1622.9000244140625,501
2025-04-30 11:19:00+05:30,1624.199951171875,1624.800048828125,1623.199951171875,1624.699951171875,975
2025-04-30 11:20:00+05:30,1623.0999755859375,1624.0999755859375,1621.5999755859375,1624.0999755859375,162
2025-04-30 11:21:00+05:30,1622.699951171875,1623.0999755859375,1620.800048828125,1623.0999755859375,421
2025-04-30 11:22:00+05:30,1621.9000244140625,1622.5999755859375,1621.0999755859375,1622.5999755859375,74
2025-04-30 11:23:00+05:30,1622.9000244140625,1623.0,1621.300048828125,1622.5,90
2025-04-30 11:24:00+05:30,1622.800048828125,1623.0,1622.699951171875,1622.9000244140625,128
2025-04-30 11:25:00+05:30,1622.4000244140625,1623.0,1622.0,1623.0,99
2025-04-30 11:26:00+05:30,1623.0,1623.0,1622.199951171875,1622.4000244140625,57
2025-04-30 11:27:00+05:30,1620.9000244140625,1621.5,1620.300048828125,1621.4000244140625,190
2025-04-30 11:28:00+05:30,1621.4000244140625,1621.699951171875,1620.199951171875,1620.9000244140625,280
2025-04-30 11:29:00+05:30,1621.4000244140625,1621.9000244140625,1621.300048828125,1621.300048828125,56
2025-04-30 11:30:00+05:30,1621.199951171875,1621.9000244140625,1619.800048828125,1621.9000244140625,538
2025-04-30 11:31:00+05:30,1621.699951171875,1621.9000244140625,1621.4000244140625,1621.5,34
2025-04-30 11:32:00+05:30,1622.800048828125,1623.0,1621.699951171875,1621.699951171875,110
2025-04-30 11:33:00+05:30,1622.800048828125,1623.0999755859375,1621.9000244140625,1623.0999755859375,120
2025-04-30 11:34:00+05:30,1622.4000244140625,1623.0999755859375,1621.4000244140625,1622.699951171875,365
2025-04-30 11:35:00+05:30,1621.9000244140625,1622.300048828125,1621.199951171875,1621.9000244140625,526
2025-04-30 11:36:00+05:30,1622.4000244140625,1622.5,1621.5,1621.9000244140625,159
2025-04-30 11:37:00+05:30,1624.0999755859375,1624.9000244140625,1622.4000244140625,1622.4000244140625,447
2025-04-30 11:38:00+05:30,1623.4000244140625,1624.300048828125,1622.199951171875,1623.9000244140625,115
2025-04-30 11:39:00+05:30,1623.800048828125,1624.0,1622.699951171875,1623.9000244140625,218
2025-04-30 11:40:00+05:30,1623.4000244140625,1624.0,1623.4000244140625,1623.800048828125,201
2025-04-30 11:41:00+05:30,1623.4000244140625,1624.199951171875,1623.300048828125,1623.5,332
2025-04-30 11:42:00+05:30,1624.0999755859375,1624.4000244140625,1622.699951171875,1623.4000244140625,542
2025-04-30 11:43:00+05:30,1623.9000244140625,1624.300048828125,1623.5,1624.0999755859375,730
2025-04-30 11:44:00+05:30,1623.699951171875,1624.0,1622.9000244140625,1623.9000244140625,60
2025-04-30 11:45:00+05:30,1623.4000244140625,1623.9000244140625,1622.800048828125,1622.9000244140625,153
2025-04-30 11:46:00+05:30,1619.5999755859375,1623.0999755859375,1619.5999755859375,1623.0999755859375,337
2025-04-30 11:47:00+05:30,1619.800048828125,1620.5,1619.800048828125,1620.0,347
2025-04-30 11:48:00+05:30,1622.0999755859375,1622.9000244140625,1619.0,1620.0,620
2025-04-30 11:49:00+05:30,1625.0,1628.4000244140625,1621.800048828125,1621.800048828125,5249
2025-04-30 11:50:00+05:30,1623.800048828125,1625.5999755859375,1622.9000244140625,1625.0,375
2025-04-30 11:51:00+05:30,1622.0,1623.199951171875,1622.0,1623.0,189
2025-04-30 11:52:00+05:30,1619.9000244140625,1621.199951171875,1619.5999755859375,1621.199951171875,501
2025-04-30 11:53:00+05:30,1613.4000244140625,1619.300048828125,1613.4000244140625,1619.300048828125,2905
2025-04-30 11:54:00+05:30,1616.9000244140625,1620.9000244140625,1611.5999755859375,1613.0,2368
2025-04-30 11:55:00+05:30,1615.0,1616.5999755859375,1615.0,1616.5999755859375,1469
2025-04-30 11:56:00+05:30,1620.800048828125,1621.0,1616.0,1616.0,2809
2025-04-30 11:57:00+05:30,1621.800048828125,1621.800048828125,1621.5999755859375,1621.5999755859375,725
2025-04-30 11:58:00+05:30,1619.199951171875,1621.5999755859375,1619.199951171875,1621.5999755859375,126
2025-04-30 11:59:00+05:30,1620.9000244140625,1620.9000244140625,1620.9000244140625,1620.9000244140625,2
2025-04-30 12:00:00+05:30,1625.0,1625.0,1620.9000244140625,1620.9000244140625,270
2025-04-30 12:01:00+05:30,1627.4000244140625,1627.4000244140625,1623.199951171875,1623.199951171875,2273
2025-04-30 12:02:00+05:30,1629.0,1629.5,1627.199951171875,1628.0,839
2025-04-30 12:03:00+05:30,1630.4000244140625,1630.4000244140625,1629.5999755859375,1629.9000244140625,322
2025-04-30 12:04:00+05:30,1628.4000244140625,1630.5,1628.199951171875,1630.5,194
2025-04-30 12:05:00+05:30,1631.0,1631.0,1628.300048828125,1630.0999755859375,318
2025-04-30 12:06:00+05:30,1632.9000244140625,1632.9000244140625,1630.5,1631.0,1068
2025-04-30 12:07:00+05:30,1631.699951171875,1633.300048828125,1631.5,1631.5,223
2025-04-30 12:08:00+05:30,1632.300048828125,1632.5,1631.699951171875,1631.699951171875,134
2025-04-30 12:09:00+05:30,1631.9000244140625,1632.199951171875,1631.699951171875,1632.0999755859375,166
2025-04-30 12:10:00+05:30,1632.199951171875,1632.800048828125,1631.0999755859375,1632.0999755859375,1167
2025-04-30 12:11:00+05:30,1633.5,1633.9000244140625,1631.0999755859375,1631.9000244140625,279
2025-04-30 12:12:00+05:30,1635.4000244140625,1635.4000244140625,1632.9000244140625,1633.300048828125,985
2025-04-30 12:13:00+05:30,1634.4000244140625,1637.800048828125,1634.300048828125,1635.5999755859375,694
2025-04-30 12:14:00+05:30,1635.0,1635.0,1633.800048828125,1633.800048828125,164
2025-04-30 12:15:00+05:30,1635.4000244140625,1635.800048828125,1634.9000244140625,1635.4000244140625,129
2025-04-30 12:16:00+05:30,1637.0,1637.0,1634.300048828125,1634.300048828125,309
2025-04-30 12:17:00+05:30,1636.0,1637.0,1636.0,1637.0,208
2025-04-30 12:18:00+05:30,1634.699951171875,1636.199951171875,1634.4000244140625,1636.199951171875,515
2025-04-30 12:19:00+05:30,1634.199951171875,1634.699951171875,1634.199951171875,1634.4000244140625,191
2025-04-30 12:20:00+05:30,1636.0,1636.0,1631.699951171875,1634.199951171875,2025
2025-04-30 12:21:00+05:30,1633.199951171875,1637.0,1633.0999755859375,1636.300048828125,432
2025-04-30 12:22:00+05:30,1633.5,1633.5,1632.4000244140625,1632.9000244140625,301
2025-04-30 12:23:00+05:30,1633.0999755859375,1633.4000244140625,1632.800048828125,1633.199951171875,125
2025-04-30 12:24:00+05:30,1633.5,1633.9000244140625,1632.800048828125,1632.800048828125,137
2025-04-30 12:25:00+05:30,1633.5,1633.5,1632.9000244140625,1633.300048828125,148
2025-04-30 12:26:00+05:30,1635.5,1635.5,1633.9000244140625,1633.9000244140625,542
2025-04-30 12:27:00+05:30,1634.699951171875,1635.300048828125,1633.699951171875,1635.300048828125,105
2025-04-30 12:28:00+05:30,1635.199951171875,1635.5999755859375,1634.4000244140625,1634.4000244140625,244
2025-04-30 12:29:00+05:30,1636.0999755859375,1638.0,1634.9000244140625,1635.0,885
2025-04-30 12:30:00+05:30,1634.9000244140625,1635.9000244140625,1634.9000244140625,1635.9000244140625,367
2025-04-30 12:31:00+05:30,1634.699951171875,1635.0,1634.699951171875,1634.800048828125,157
2025-04-30 12:32:00+05:30,1633.5999755859375,1635.0,1633.5999755859375,1634.800048828125,409
2025-04-30 12:33:00+05:30,1634.699951171875,1635.5,1633.800048828125,1634.5999755859375,325
2025-04-30 12:34:00+05:30,1635.5,1635.5,1634.199951171875,1634.800048828125,116
2025-04-30 12:35:00+05:30,1634.800048828125,1635.5,1634.699951171875,1635.5,143
2025-04-30 12:36:00+05:30,1634.5999755859375,1635.0,1634.5,1634.5999755859375,157
2025-04-30 12:37:00+05:30,1634.800048828125,1635.0,1634.4000244140625,1634.5999755859375,228
2025-04-30 12:38:00+05:30,1634.0999755859375,1635.0,1634.0999755859375,1634.5,765
2025-04-30 12:39:00+05:30,1635.0,1635.0,1634.4000244140625,1635.0,107
2025-04-30 12:40:00+05:30,1634.5,1634.9000244140625,1633.9000244140625,1634.9000244140625,831
2025-04-30 12:41:00+05:30,1633.0999755859375,1635.0,1632.0999755859375,1634.300048828125,758
2025-04-30 12:42:00+05:30,1631.5,1633.9000244140625,1631.5,1632.9000244140625,235
2025-04-30 12:43:00+05:30,1633.0999755859375,1633.4000244140625,1631.800048828125,1631.800048828125,553
2025-04-30 12:44:00+05:30,1633.4000244140625,1633.5999755859375,1632.199951171875,1633.5,365
2025-04-30 12:45:00+05:30,1632.199951171875,1633.4000244140625,1632.199951171875,1633.4000244140625,201
2025-04-30 12:46:00+05:30,1633.0,1633.800048828125,1631.0999755859375,1633.800048828125,434
2025-04-30 12:47:00+05:30,1632.9000244140625,1633.300048828125,1630.699951171875,1632.5,266
2025-04-30 12:48:00+05:30,1634.4000244140625,1634.4000244140625,1632.699951171875,1633.4000244140625,492
2025-04-30 12:49:00+05:30,1632.5999755859375,1634.800048828125,1632.5,1634.800048828125,177
2025-04-30 12:50:00+05:30,1633.199951171875,1633.4000244140625,1631.4000244140625,1632.5,171
2025-04-30 12:51:00+05:30,1636.0,1636.0,1632.4000244140625,1632.9000244140625,726
2025-04-30 12:52:00+05:30,1634.5,1636.0999755859375,1634.5,1636.0,241
2025-04-30 12:53:00+05:30,1635.5999755859375,1636.800048828125,1634.800048828125,1635.9000244140625,108
2025-04-30 12:54:00+05:30,1635.5,1636.800048828125,1635.0999755859375,1635.300048828125,324
2025-04-30 12:55:00+05:30,1636.300048828125,1636.800048828125,1635.5,1635.5,334
2025-04-30 12:56:00+05:30,1636.0999755859375,1636.699951171875,1635.9000244140625,1636.0,196
2025-04-30 12:57:00+05:30,1635.800048828125,1636.4000244140625,1635.699951171875,1635.9000244140625,277
2025-04-30 12:58:00+05:30,1632.800048828125,1635.699951171875,1632.199951171875,1635.699951171875,732
2025-04-30 12:59:00+05:30,1633.0999755859375,1633.9000244140625,1631.9000244140625,1633.9000244140625,125
2025-04-30 13:00:00+05:30,1632.5999755859375,1633.5,1631.699951171875,1632.9000244140625,159
2025-04-30 13:01:00+05:30,1631.699951171875,1633.300048828125,1631.699951171875,1632.5999755859375,278
2025-04-30 13:02:00+05:30,1630.699951171875,1631.0,1630.5,1630.9000244140625,330
2025-04-30 13:03:00+05:30,1631.5,1631.5,1630.0999755859375,1630.800048828125,218
2025-04-30 13:04:00+05:30,1631.300048828125,1632.0999755859375,1630.9000244140625,1632.0999755859375,88
2025-04-30 13:05:00+05:30,1632.699951171875,1633.0999755859375,1631.5,1631.5,142
2025-04-30 13:06:00+05:30,1632.4000244140625,1632.699951171875,1631.699951171875,1632.4000244140625,182
2025-04-30 13:07:00+05:30,1633.4000244140625,1633.800048828125,1631.699951171875,1632.5999755859375,208
2025-04-30 13:08:00+05:30,1633.699951171875,1633.800048828125,1632.699951171875,1633.199951171875,124
2025-04-30 13:09:00+05:30,1634.699951171875,1635.0,1633.9000244140625,1633.9000244140625,125
2025-04-30 13:10:00+05:30,1635.4000244140625,1635.5,1634.0999755859375,1634.4000244140625,122
2025-04-30 13:11:00+05:30,1634.800048828125,1635.0,1633.0,1635.0,215
2025-04-30 13:12:00+05:30,1634.5999755859375,1634.9000244140625,1634.5999755859375,1634.5999755859375,117
2025-04-30 13:13:00+05:30,1635.5,1635.5,1634.5999755859375,1634.9000244140625,545
2025-04-30 13:14:00+05:30,1634.699951171875,1635.800048828125,1633.5999755859375,1635.800048828125,134
2025-04-30 13:15:00+05:30,1634.699951171875,1635.9000244140625,1634.300048828125,1634.4000244140625,204
2025-04-30 13:16:00+05:30,1634.5999755859375,1635.199951171875,1634.0999755859375,1634.199951171875,119
2025-04-30 13:17:00+05:30,1635.0,1635.199951171875,1634.4000244140625,1634.4000244140625,222
2025-04-30 13:18:00+05:30,1634.5999755859375,1635.199951171875,1634.5999755859375,1635.199951171875,278
2025-04-30 13:19:00+05:30,1633.300048828125,1634.300048828125,1632.0999755859375,1634.300048828125,435
2025-04-30 13:20:00+05:30,1633.9000244140625,1634.0,1632.5,1633.300048828125,209
2025-04-30 13:21:00+05:30,1634.5,1635.0,1633.800048828125,1633.800048828125,127
2025-04-30 13:22:00+05:30,1636.5,1637.0999755859375,1633.800048828125,1634.5,666
2025-04-30 13:23:00+05:30,1635.4000244140625,1636.699951171875,1635.4000244140625,1636.199951171875,268
2025-04-30 13:24:00+05:30,1634.0999755859375,1635.9000244140625,1634.0999755859375,1635.9000244140625,80
2025-04-30 13:25:00+05:30,1634.800048828125,1635.5,1633.800048828125,1633.800048828125,125
2025-04-30 13:26:00+05:30,1636.199951171875,1636.199951171875,1635.5,1635.9000244140625,203
2025-04-30 13:27:00+05:30,1637.0999755859375,1637.199951171875,1636.199951171875,1637.0,149
2025-04-30 13:28:00+05:30,1637.699951171875,1638.199951171875,1636.9000244140625,1637.4000244140625,549
2025-04-30 13:29:00+05:30,1639.199951171875,1639.5999755859375,1637.199951171875,1637.4000244140625,1239
2025-04-30 13:30:00+05:30,1641.4000244140625,1642.800048828125,1639.699951171875,1640.300048828125,1110
2025-04-30 13:31:00+05:30,1640.0999755859375,1641.4000244140625,1639.5999755859375,1641.0999755859375,260
2025-04-30 13:32:00+05:30,1640.4000244140625,1640.800048828125,1639.5999755859375,1639.9000244140625,197
2025-04-30 13:33:00+05:30,1641.699951171875,1641.699951171875,1640.4000244140625,1641.0,781
2025-04-30 13:34:00+05:30,1644.800048828125,1644.800048828125,1641.800048828125,1641.800048828125,878
2025-04-30 13:35:00+05:30,1644.5,1644.9000244140625,1644.0999755859375,1644.800048828125,202
2025-04-30 13:36:00+05:30,1644.5,1645.0,1644.4000244140625,1644.800048828125,331
2025-04-30 13:37:00+05:30,1643.5,1645.0,1642.699951171875,1644.4000244140625,348
2025-04-30 13:38:00+05:30,1646.9000244140625,1646.9000244140625,1643.699951171875,1644.0999755859375,747
2025-04-30 13:39:00+05:30,1646.0999755859375,1646.800048828125,1645.9000244140625,1646.800048828125,125
2025-04-30 13:40:00+05:30,1646.800048828125,1647.0,1646.0999755859375,1646.199951171875,167
2025-04-30 13:41:00+05:30,1647.4000244140625,1648.0,1646.0,1646.9000244140625,921
2025-04-30 13:42:00+05:30,1646.5999755859375,1647.9000244140625,1646.5999755859375,1647.9000244140625,336
2025-04-30 13:43:00+05:30,1647.5999755859375,1647.5999755859375,1646.0999755859375,1646.9000244140625,221
2025-04-30 13:44:00+05:30,1647.199951171875,1647.5999755859375,1646.800048828125,1647.0999755859375,151
2025-04-30 13:45:00+05:30,1647.5,1647.5,1646.5999755859375,1647.5,367
2025-04-30 13:46:00+05:30,1649.0,1649.0,1647.199951171875,1647.5,1063
2025-04-30 13:47:00+05:30,1651.699951171875,1653.0,1648.0,1649.0,2636
2025-04-30 13:48:00+05:30,1649.699951171875,1651.0999755859375,1648.699951171875,1651.0999755859375,247
2025-04-30 13:49:00+05:30,1646.9000244140625,1649.0,1646.800048828125,1649.0,263
2025-04-30 13:50:00+05:30,1646.5999755859375,1647.5,1646.5999755859375,1647.199951171875,173
2025-04-30 13:51:00+05:30,1645.800048828125,1646.800048828125,1645.800048828125,1646.800048828125,770
2025-04-30 13:52:00+05:30,1643.5999755859375,1645.699951171875,1643.199951171875,1645.699951171875,1450
2025-04-30 13:53:00+05:30,1642.800048828125,1644.0,1642.699951171875,1643.300048828125,1214
2025-04-30 13:54:00+05:30,1642.800048828125,1643.300048828125,1642.4000244140625,1643.300048828125,391
2025-04-30 13:55:00+05:30,1643.4000244140625,1644.800048828125,1642.5,1642.5,459
2025-04-30 13:56:00+05:30,1643.5999755859375,1643.5999755859375,1643.0,1643.300048828125,221
2025-04-30 13:57:00+05:30,1644.300048828125,1644.5999755859375,1643.800048828125,1644.199951171875,181
2025-04-30 13:58:00+05:30,1649.5,1649.5,1645.0,1645.4000244140625,1238
2025-04-30 13:59:00+05:30,1651.0,1651.9000244140625,1650.0999755859375,1651.0,1913
2025-04-30 14:00:00+05:30,1655.9000244140625,1656.199951171875,1650.4000244140625,1650.9000244140625,3041
2025-04-30 14:01:00+05:30,1655.0,1657.5,1653.0999755859375,1656.800048828125,3545
2025-04-30 14:02:00+05:30,1654.0999755859375,1655.0,1654.0999755859375,1655.0,497
2025-04-30 14:03:00+05:30,1655.5999755859375,1655.5999755859375,1653.0999755859375,1654.0,2798
2025-04-30 14:04:00+05:30,1657.0,1658.0,1655.300048828125,1656.5,1955
2025-04-30 14:05:00+05:30,1657.9000244140625,1659.0,1655.9000244140625,1657.0,1750
2025-04-30 14:06:00+05:30,1655.699951171875,1657.800048828125,1654.0999755859375,1657.199951171875,3646
2025-04-30 14:07:00+05:30,1667.5,1667.5,1654.4000244140625,1655.0999755859375,12974
2025-04-30 14:08:00+05:30,1667.5999755859375,1670.0,1664.9000244140625,1667.199951171875,10304
2025-04-30 14:09:00+05:30,1674.0,1674.5999755859375,1665.5,1667.5999755859375,10736
2025-04-30 14:10:00+05:30,1672.800048828125,1674.0,1670.800048828125,1673.5999755859375,8097
2025-04-30 14:11:00+05:30,1668.5999755859375,1672.800048828125,1667.699951171875,1672.800048828125,3635
2025-04-30 14:12:00+05:30,1670.199951171875,1672.5999755859375,1667.0,1668.5999755859375,3395
2025-04-30 14:13:00+05:30,1671.5999755859375,1672.9000244140625,1669.5,1670.0999755859375,4906
2025-04-30 14:14:00+05:30,1667.699951171875,1670.9000244140625,1667.699951171875,1670.0,3383
2025-04-30 14:15:00+05:30,1668.0,1669.0999755859375,1666.9000244140625,1668.0999755859375,2642
2025-04-30 14:16:00+05:30,1664.9000244140625,1668.0,1663.800048828125,1667.5,3471
2025-04-30 14:17:00+05:30,1664.5,1665.0,1664.0,1664.0,2293
2025-04-30 14:18:00+05:30,1664.5,1664.5,1663.5,1664.5,1430
2025-04-30 14:19:00+05:30,1662.699951171875,1664.199951171875,1662.300048828125,1664.199951171875,2043
2025-04-30 14:20:00+05:30,1661.9000244140625,1663.800048828125,1660.699951171875,1663.699951171875,809
2025-04-30 14:21:00+05:30,1663.300048828125,1665.5,1662.0,1663.9000244140625,3412
2025-04-30 14:22:00+05:30,1652.9000244140625,1664.0,1651.0999755859375,1662.0999755859375,19612
2025-04-30 14:23:00+05:30,1650.5999755859375,1655.800048828125,1649.5999755859375,1653.0,6155
2025-04-30 14:24:00+05:30,1650.0,1652.9000244140625,1650.0,1650.5999755859375,1706
2025-04-30 14:25:00+05:30,1651.0999755859375,1651.199951171875,1645.0999755859375,1649.0999755859375,4738
2025-04-30 14:26:00+05:30,1651.5999755859375,1652.0,1649.0999755859375,1650.0,1124
2025-04-30 14:27:00+05:30,1650.5999755859375,1652.0,1648.800048828125,1651.5,1751
2025-04-30 14:28:00+05:30,1646.0999755859375,1651.0,1642.800048828125,1649.0999755859375,3565
2025-04-30 14:29:00+05:30,1647.0,1647.0,1643.699951171875,1644.800048828125,1485
2025-04-30 14:30:00+05:30,1651.699951171875,1651.699951171875,1646.5,1646.5,1732
2025-04-30 14:31:00+05:30,1652.800048828125,1652.800048828125,1648.699951171875,1650.9000244140625,2246
2025-04-30 14:32:00+05:30,1653.5999755859375,1653.5999755859375,1650.9000244140625,1651.9000244140625,640
2025-04-30 14:33:00+05:30,1651.0,1653.5999755859375,1651.0,1653.5999755859375,561
2025-04-30 14:34:00+05:30,1650.800048828125,1652.699951171875,1650.5999755859375,1652.300048828125,634
2025-04-30 14:35:00+05:30,1653.800048828125,1654.699951171875,1651.9000244140625,1651.9000244140625,850
2025-04-30 14:36:00+05:30,1654.0999755859375,1655.300048828125,1653.9000244140625,1653.9000244140625,634
2025-04-30 14:37:00+05:30,1652.5999755859375,1655.9000244140625,1652.5999755859375,1654.699951171875,1252
2025-04-30 14:38:00+05:30,1653.300048828125,1654.0999755859375,1652.5,1653.5999755859375,300
2025-04-30 14:39:00+05:30,1653.0,1653.0,1651.5,1652.699951171875,477
2025-04-30 14:40:00+05:30,1656.0,1656.0,1653.0,1653.0,1786
2025-04-30 14:41:00+05:30,1657.0999755859375,1657.9000244140625,1655.5,1656.0,4278
2025-04-30 14:42:00+05:30,1655.800048828125,1658.699951171875,1654.4000244140625,1656.5,1811
2025-04-30 14:43:00+05:30,1655.800048828125,1656.5999755859375,1653.9000244140625,1655.0,937
2025-04-30 14:44:00+05:30,1656.5999755859375,1657.0,1654.4000244140625,1656.0999755859375,942
2025-04-30 14:45:00+05:30,1655.800048828125,1656.5,1654.5,1656.5,509
2025-04-30 14:46:00+05:30,1655.0,1655.300048828125,1650.5999755859375,1651.300048828125,3687
2025-04-30 14:47:00+05:30,1657.9000244140625,1657.9000244140625,1654.5,1654.5,2960
2025-04-30 14:48:00+05:30,1654.800048828125,1657.9000244140625,1654.800048828125,1656.699951171875,557
2025-04-30 14:49:00+05:30,1656.0,1656.0,1654.4000244140625,1654.699951171875,830
2025-04-30 14:50:00+05:30,1656.5,1658.699951171875,1656.0,1656.0,2502
2025-04-30 14:51:00+05:30,1658.0,1658.0,1656.9000244140625,1656.9000244140625,746
2025-04-30 14:52:00+05:30,1658.699951171875,1659.5,1655.5999755859375,1657.699951171875,2348
2025-04-30 14:53:00+05:30,1659.800048828125,1660.300048828125,1657.5999755859375,1658.9000244140625,1153
2025-04-30 14:54:00+05:30,1659.800048828125,1660.0,1657.800048828125,1658.0,776
2025-04-30 14:55:00+05:30,1658.4000244140625,1660.0,1657.699951171875,1660.0,1319
2025-04-30 14:56:00+05:30,1655.0999755859375,1658.0999755859375,1653.199951171875,1657.4000244140625,1695
2025-04-30 14:57:00+05:30,1656.9000244140625,1657.9000244140625,1653.800048828125,1654.9000244140625,2144
2025-04-30 14:58:00+05:30,1657.5999755859375,1659.9000244140625,1657.5,1657.5999755859375,1887
2025-04-30 14:59:00+05:30,1659.0,1659.0,1656.9000244140625,1657.0999755859375,572
2025-04-30 15:00:00+05:30,1660.0999755859375,1660.0999755859375,1659.5999755859375,1660.0,2652
2025-04-30 15:01:00+05:30,1659.5,1660.199951171875,1659.5,1659.800048828125,3628
2025-04-30 15:02:00+05:30,1659.699951171875,1660.0,1659.699951171875,1659.9000244140625,3672
2025-04-30 15:03:00+05:30,1660.0,1661.300048828125,1659.800048828125,1659.9000244140625,2082
2025-04-30 15:04:00+05:30,1660.0,1660.0,1657.5,1659.9000244140625,3115
2025-04-30 15:05:00+05:30,1660.0,1660.5,1658.699951171875,1659.800048828125,1673
2025-04-30 15:06:00+05:30,1659.5,1660.199951171875,1658.0999755859375,1659.5,1916
2025-04-30 15:07:00+05:30,1659.4000244140625,1660.0,1657.199951171875,1660.0,1957
2025-04-30 15:08:00+05:30,1658.5,1659.4000244140625,1658.5,1659.4000244140625,929
2025-04-30 15:09:00+05:30,1659.4000244140625,1659.4000244140625,1658.699951171875,1659.4000244140625,1565
2025-04-30 15:10:00+05:30,1672.0,1672.300048828125,1659.199951171875,1659.4000244140625,8941
2025-04-30 15:11:00+05:30,1678.300048828125,1680.800048828125,1671.300048828125,1671.800048828125,14856
2025-04-30 15:12:00+05:30,1675.9000244140625,1680.300048828125,1674.0,1676.800048828125,6217
2025-04-30 15:13:00+05:30,1676.0999755859375,1680.0,1674.0,1674.9000244140625,6454
2025-04-30 15:14:00+05:30,1683.199951171875,1688.5999755859375,1675.199951171875,1675.5,20872
2025-04-30 15:15:00+05:30,1695.800048828125,1695.800048828125,1684.5999755859375,1684.9000244140625,16710
2025-04-30 15:16:00+05:30,1697.4000244140625,1702.5,1692.9000244140625,1696.5,27286
2025-04-30 15:17:00+05:30,1702.300048828125,1704.699951171875,1690.800048828125,1697.699951171875,25768
2025-04-30 15:18:00+05:30,1690.0,1704.4000244140625,1690.0,1700.199951171875,15039
2025-04-30 15:19:00+05:30,1698.9000244140625,1703.9000244140625,1690.0999755859375,1690.0999755859375,21347
2025-04-30 15:20:00+05:30,1693.9000244140625,1701.0,1690.5,1699.199951171875,7971
2025-04-30 15:21:00+05:30,1686.4000244140625,1696.0999755859375,1685.0,1694.300048828125,2835
2025-04-30 15:22:00+05:30,1697.0999755859375,1699.800048828125,1685.300048828125,1685.300048828125,9738
2025-04-30 15:23:00+05:30,1701.199951171875,1704.4000244140625,1697.0999755859375,1697.0999755859375,3121
2025-04-30 15:24:00+05:30,1708.0,1715.800048828125,1697.300048828125,1699.0,18885
2025-04-30 15:25:00+05:30,1697.5,1708.9000244140625,1697.5,1708.0,4323
2025-04-30 15:26:00+05:30,1688.0999755859375,1701.5999755859375,1688.0999755859375,1697.5999755859375,4719
2025-04-30 15:27:00+05:30,1683.9000244140625,1689.4000244140625,1680.300048828125,1689.4000244140625,4308
2025-04-30 15:28:00+05:30,1675.0999755859375,1683.0999755859375,1675.0999755859375,1683.0999755859375,2068
2025-04-30 15:29:00+05:30,1689.0999755859375,1689.0999755859375,1673.0,1677.0,3771
