Datetime,Close,High,Low,Open,Volume
2025-04-08 09:15:00+05:30,4132.0498046875,4135.75,4106.60009765625,4106.60009765625,0
2025-04-08 09:16:00+05:30,4128.7998046875,4133.5498046875,4112.0,4133.5498046875,40230
2025-04-08 09:17:00+05:30,4123.9501953125,4129.0,4116.25,4129.0,20289
2025-04-08 09:18:00+05:30,4109.7001953125,4124.39990234375,4107.25,4124.39990234375,26137
2025-04-08 09:19:00+05:30,4099.25,4114.35009765625,4099.25,4109.5498046875,22463
2025-04-08 09:20:00+05:30,4099.4501953125,4107.60009765625,4095.0,4098.2001953125,22871
2025-04-08 09:21:00+05:30,4110.5498046875,4114.60009765625,4102.0498046875,4102.0498046875,18415
2025-04-08 09:22:00+05:30,4104.9501953125,4112.64990234375,4102.0498046875,4112.0,14364
2025-04-08 09:23:00+05:30,4098.10009765625,4105.5,4096.75,4105.0,12934
2025-04-08 09:24:00+05:30,4083.800048828125,4097.0,4078.35009765625,4097.0,22260
2025-04-08 09:25:00+05:30,4089.64990234375,4092.300048828125,4077.35009765625,4085.0,14408
2025-04-08 09:26:00+05:30,4097.85009765625,4099.0,4083.5,4089.300048828125,13287
2025-04-08 09:27:00+05:30,4102.5498046875,4105.0,4094.89990234375,4096.0,15177
2025-04-08 09:28:00+05:30,4108.14990234375,4108.9501953125,4101.0,4101.39990234375,10172
2025-04-08 09:29:00+05:30,4105.0,4112.4501953125,4104.85009765625,4108.10009765625,12992
2025-04-08 09:30:00+05:30,4092.199951171875,4108.35009765625,4090.39990234375,4104.9501953125,26489
2025-04-08 09:31:00+05:30,4088.39990234375,4095.0,4082.5,4092.699951171875,7946
2025-04-08 09:32:00+05:30,4088.60009765625,4090.699951171875,4083.0,4089.39990234375,6693
2025-04-08 09:33:00+05:30,4065.300048828125,4089.5,4065.300048828125,4089.5,22840
2025-04-08 09:34:00+05:30,4050.199951171875,4066.050048828125,4050.199951171875,4064.449951171875,20257
2025-04-08 09:35:00+05:30,4051.75,4055.64990234375,4046.050048828125,4053.0,30483
2025-04-08 09:36:00+05:30,4035.050048828125,4054.699951171875,4035.050048828125,4054.0,19161
2025-04-08 09:37:00+05:30,4026.25,4035.64990234375,4025.0,4035.64990234375,21823
2025-04-08 09:38:00+05:30,4027.699951171875,4029.550048828125,4023.550048828125,4027.0,13557
2025-04-08 09:39:00+05:30,4029.10009765625,4033.10009765625,4025.0,4026.35009765625,17363
2025-04-08 09:40:00+05:30,4016.89990234375,4032.60009765625,4016.10009765625,4029.64990234375,24456
2025-04-08 09:41:00+05:30,4016.0,4018.35009765625,4008.85009765625,4012.050048828125,21760
2025-04-08 09:42:00+05:30,4003.449951171875,4020.75,4001.75,4017.949951171875,21526
2025-04-08 09:43:00+05:30,4006.050048828125,4010.0,4001.0,4003.39990234375,13485
2025-04-08 09:44:00+05:30,4008.300048828125,4013.449951171875,4004.0,4006.050048828125,13719
2025-04-08 09:45:00+05:30,4030.0,4034.10009765625,4009.050048828125,4009.14990234375,22958
2025-04-08 09:46:00+05:30,4031.39990234375,4035.0,4026.0,4031.0,18661
2025-04-08 09:47:00+05:30,4025.25,4033.300048828125,4016.550048828125,4033.300048828125,10977
2025-04-08 09:48:00+05:30,4026.300048828125,4028.60009765625,4018.0,4025.39990234375,5016
2025-04-08 09:49:00+05:30,4028.0,4033.0,4025.199951171875,4025.199951171875,7781
2025-04-08 09:50:00+05:30,4026.64990234375,4028.199951171875,4020.0,4026.949951171875,6970
2025-04-08 09:51:00+05:30,4024.699951171875,4028.0,4017.050048828125,4028.0,6432
2025-04-08 09:52:00+05:30,4026.550048828125,4028.35009765625,4022.5,4025.89990234375,3846
2025-04-08 09:53:00+05:30,4027.5,4028.0,4024.0,4024.050048828125,2326
2025-04-08 09:54:00+05:30,4026.75,4027.0,4023.949951171875,4027.0,4441
2025-04-08 09:55:00+05:30,4024.0,4027.35009765625,4020.0,4026.35009765625,2896
2025-04-08 09:56:00+05:30,4020.10009765625,4024.949951171875,4020.10009765625,4024.050048828125,2742
2025-04-08 09:57:00+05:30,4010.64990234375,4020.0,4010.14990234375,4020.0,6307
2025-04-08 09:58:00+05:30,4016.449951171875,4020.85009765625,4007.0,4007.5,11210
2025-04-08 09:59:00+05:30,4023.10009765625,4023.10009765625,4015.0,4017.0,3817
2025-04-08 10:00:00+05:30,4020.0,4027.5,4020.0,4024.0,3409
2025-04-08 10:01:00+05:30,4019.85009765625,4019.949951171875,4013.60009765625,4019.0,3635
2025-04-08 10:02:00+05:30,4024.949951171875,4026.949951171875,4017.5,4020.699951171875,9452
2025-04-08 10:03:00+05:30,4027.0,4027.699951171875,4021.64990234375,4025.39990234375,2617
2025-04-08 10:04:00+05:30,4025.0,4026.75,4019.85009765625,4026.75,4170
2025-04-08 10:05:00+05:30,4030.39990234375,4032.800048828125,4023.35009765625,4023.39990234375,7052
2025-04-08 10:06:00+05:30,4023.800048828125,4029.949951171875,4023.300048828125,4029.800048828125,2485
2025-04-08 10:07:00+05:30,4033.35009765625,4033.35009765625,4023.5,4023.800048828125,5895
2025-04-08 10:08:00+05:30,4032.85009765625,4035.0,4030.25,4033.0,4305
2025-04-08 10:09:00+05:30,4029.64990234375,4031.64990234375,4028.300048828125,4031.050048828125,1429
2025-04-08 10:10:00+05:30,4028.949951171875,4030.39990234375,4026.0,4029.449951171875,2424
2025-04-08 10:11:00+05:30,4032.75,4034.60009765625,4028.300048828125,4033.39990234375,4365
2025-04-08 10:12:00+05:30,4043.0,4043.0,4029.800048828125,4032.75,12273
2025-04-08 10:13:00+05:30,4041.10009765625,4042.89990234375,4039.14990234375,4042.0,9481
2025-04-08 10:14:00+05:30,4028.25,4041.300048828125,4028.25,4041.10009765625,4754
2025-04-08 10:15:00+05:30,4036.0,4039.449951171875,4027.89990234375,4027.89990234375,2998
2025-04-08 10:16:00+05:30,4037.0,4041.85009765625,4033.89990234375,4035.35009765625,3755
2025-04-08 10:17:00+05:30,4030.050048828125,4037.5,4030.050048828125,4036.5,2781
2025-04-08 10:18:00+05:30,4037.5,4037.5,4028.0,4030.050048828125,3352
2025-04-08 10:19:00+05:30,4038.75,4039.60009765625,4035.5,4037.5,1183
2025-04-08 10:20:00+05:30,4033.449951171875,4037.25,4031.89990234375,4037.25,2032
2025-04-08 10:21:00+05:30,4038.89990234375,4039.0,4032.75,4033.0,2248
2025-04-08 10:22:00+05:30,4037.75,4044.89990234375,4037.75,4038.449951171875,5327
2025-04-08 10:23:00+05:30,4033.5,4037.5,4030.85009765625,4037.5,1877
2025-04-08 10:24:00+05:30,4038.5,4038.75,4033.0,4034.39990234375,1839
2025-04-08 10:25:00+05:30,4027.949951171875,4038.0,4027.0,4037.699951171875,7832
2025-04-08 10:26:00+05:30,4033.64990234375,4033.64990234375,4028.699951171875,4030.0,1025
2025-04-08 10:27:00+05:30,4036.550048828125,4036.85009765625,4033.10009765625,4034.64990234375,1820
2025-04-08 10:28:00+05:30,4037.85009765625,4037.85009765625,4033.0,4035.0,1441
2025-04-08 10:29:00+05:30,4038.25,4038.25,4035.699951171875,4037.0,2630
2025-04-08 10:30:00+05:30,4041.0,4041.5,4037.14990234375,4038.25,3162
2025-04-08 10:31:00+05:30,4035.0,4041.5,4032.800048828125,4039.550048828125,6077
2025-04-08 10:32:00+05:30,4029.39990234375,4035.60009765625,4028.10009765625,4035.14990234375,4798
2025-04-08 10:33:00+05:30,4030.550048828125,4036.10009765625,4027.0,4029.10009765625,6290
2025-04-08 10:34:00+05:30,4026.10009765625,4032.60009765625,4025.0,4032.550048828125,4665
2025-04-08 10:35:00+05:30,4015.25,4026.5,4012.0,4025.85009765625,15336
2025-04-08 10:36:00+05:30,4015.64990234375,4016.199951171875,4007.75,4016.199951171875,12734
2025-04-08 10:37:00+05:30,4009.10009765625,4018.35009765625,4009.10009765625,4015.85009765625,5016
2025-04-08 10:38:00+05:30,4008.0,4011.550048828125,4006.0,4010.550048828125,4294
2025-04-08 10:39:00+05:30,4008.75,4009.60009765625,4005.0,4007.85009765625,5630
2025-04-08 10:40:00+05:30,4012.10009765625,4013.39990234375,4006.0,4008.75,3246
2025-04-08 10:41:00+05:30,4016.550048828125,4018.449951171875,4011.0,4011.0,5720
2025-04-08 10:42:00+05:30,4010.199951171875,4018.050048828125,4007.800048828125,4018.050048828125,2878
2025-04-08 10:43:00+05:30,4012.0,4013.550048828125,4007.39990234375,4010.199951171875,3700
2025-04-08 10:44:00+05:30,4010.199951171875,4013.449951171875,4010.199951171875,4012.0,1629
2025-04-08 10:45:00+05:30,4012.449951171875,4012.949951171875,4010.199951171875,4011.60009765625,935
2025-04-08 10:46:00+05:30,4005.60009765625,4013.0,4005.0,4012.449951171875,5962
2025-04-08 10:47:00+05:30,4008.0,4008.0,4003.0,4005.39990234375,5086
2025-04-08 10:48:00+05:30,4009.050048828125,4010.0,4007.10009765625,4009.0,2855
2025-04-08 10:49:00+05:30,4007.800048828125,4010.0,4005.0,4009.050048828125,4305
2025-04-08 10:50:00+05:30,4008.800048828125,4009.75,4005.0,4007.64990234375,2144
2025-04-08 10:51:00+05:30,4013.5,4015.60009765625,4006.39990234375,4008.75,4705
2025-04-08 10:52:00+05:30,4011.949951171875,4014.699951171875,4008.60009765625,4013.60009765625,2466
2025-04-08 10:53:00+05:30,4013.60009765625,4013.60009765625,4008.0,4012.85009765625,1773
2025-04-08 10:54:00+05:30,4024.10009765625,4026.800048828125,4013.64990234375,4017.14990234375,10242
2025-04-08 10:55:00+05:30,4023.64990234375,4031.10009765625,4023.64990234375,4025.35009765625,6336
2025-04-08 10:56:00+05:30,4023.0,4026.14990234375,4020.60009765625,4022.25,1103
2025-04-08 10:57:00+05:30,4022.10009765625,4027.10009765625,4022.0,4022.64990234375,1082
2025-04-08 10:58:00+05:30,4023.800048828125,4025.0,4021.5,4022.449951171875,2582
2025-04-08 10:59:00+05:30,4027.449951171875,4029.0,4025.0,4027.550048828125,2915
2025-04-08 11:00:00+05:30,4027.949951171875,4029.050048828125,4025.0,4027.0,2495
2025-04-08 11:01:00+05:30,4029.949951171875,4032.25,4027.0,4027.949951171875,3845
2025-04-08 11:02:00+05:30,4035.0,4035.0,4029.0,4029.300048828125,5739
2025-04-08 11:03:00+05:30,4033.60009765625,4039.89990234375,4033.0,4035.0,5973
2025-04-08 11:04:00+05:30,4026.050048828125,4033.550048828125,4025.800048828125,4033.550048828125,1649
2025-04-08 11:05:00+05:30,4031.10009765625,4031.10009765625,4024.35009765625,4027.449951171875,2923
2025-04-08 11:06:00+05:30,4032.85009765625,4032.85009765625,4028.35009765625,4031.89990234375,1368
2025-04-08 11:07:00+05:30,4031.14990234375,4033.949951171875,4030.0,4032.800048828125,1290
2025-04-08 11:08:00+05:30,4040.0,4040.0,4030.0,4031.14990234375,4716
2025-04-08 11:09:00+05:30,4043.699951171875,4045.0,4037.64990234375,4039.64990234375,5958
2025-04-08 11:10:00+05:30,4038.89990234375,4044.0,4036.85009765625,4044.0,4355
2025-04-08 11:11:00+05:30,4038.050048828125,4038.75,4031.699951171875,4037.60009765625,2739
2025-04-08 11:12:00+05:30,4035.949951171875,4039.64990234375,4035.60009765625,4038.050048828125,1418
2025-04-08 11:13:00+05:30,4035.5,4036.85009765625,4032.550048828125,4036.5,1944
2025-04-08 11:14:00+05:30,4029.199951171875,4035.25,4027.300048828125,4035.25,2830
2025-04-08 11:15:00+05:30,4033.449951171875,4034.39990234375,4028.35009765625,4028.35009765625,1486
2025-04-08 11:16:00+05:30,4034.64990234375,4035.0,4031.449951171875,4034.25,2496
2025-04-08 11:17:00+05:30,4027.60009765625,4033.75,4027.0,4032.050048828125,3071
2025-04-08 11:18:00+05:30,4028.35009765625,4029.85009765625,4026.0,4026.89990234375,1064
2025-04-08 11:19:00+05:30,4026.39990234375,4029.449951171875,4025.550048828125,4028.550048828125,1172
2025-04-08 11:20:00+05:30,4028.60009765625,4028.60009765625,4023.10009765625,4025.64990234375,3174
2025-04-08 11:21:00+05:30,4028.39990234375,4031.85009765625,4025.199951171875,4029.0,2444
2025-04-08 11:22:00+05:30,4024.699951171875,4027.10009765625,4024.0,4027.10009765625,848
2025-04-08 11:23:00+05:30,4027.89990234375,4029.75,4024.699951171875,4024.699951171875,690
2025-04-08 11:24:00+05:30,4028.89990234375,4029.0,4025.0,4029.0,1313
2025-04-08 11:25:00+05:30,4024.050048828125,4028.85009765625,4024.0,4027.550048828125,2209
2025-04-08 11:26:00+05:30,4028.89990234375,4028.89990234375,4022.14990234375,4023.89990234375,1431
2025-04-08 11:27:00+05:30,4021.25,4027.75,4021.25,4026.0,2006
2025-04-08 11:28:00+05:30,4020.85009765625,4024.0,4015.35009765625,4019.60009765625,7518
2025-04-08 11:29:00+05:30,4022.5,4022.5,4019.0,4020.60009765625,1227
2025-04-08 11:30:00+05:30,4014.699951171875,4020.89990234375,4012.0,4020.89990234375,4446
2025-04-08 11:31:00+05:30,4017.35009765625,4019.89990234375,4012.60009765625,4015.0,2593
2025-04-08 11:32:00+05:30,4011.85009765625,4017.0,4011.25,4016.0,1917
2025-04-08 11:33:00+05:30,4015.300048828125,4016.199951171875,4010.25,4011.300048828125,2104
2025-04-08 11:34:00+05:30,4014.550048828125,4017.89990234375,4014.39990234375,4015.85009765625,1934
2025-04-08 11:35:00+05:30,4018.199951171875,4019.39990234375,4012.449951171875,4015.39990234375,5459
2025-04-08 11:36:00+05:30,4020.0,4020.39990234375,4016.60009765625,4018.199951171875,3830
2025-04-08 11:37:00+05:30,4021.75,4022.0,4015.10009765625,4019.550048828125,5342
2025-04-08 11:38:00+05:30,4018.10009765625,4022.25,4016.0,4022.25,2822
2025-04-08 11:39:00+05:30,4018.0,4020.39990234375,4014.199951171875,4020.39990234375,3461
2025-04-08 11:40:00+05:30,4011.050048828125,4018.449951171875,4010.199951171875,4018.449951171875,3668
2025-04-08 11:41:00+05:30,4014.10009765625,4014.89990234375,4010.0,4011.550048828125,2082
2025-04-08 11:42:00+05:30,4009.0,4014.0,4008.050048828125,4014.0,6523
2025-04-08 11:43:00+05:30,4004.0,4010.800048828125,4004.0,4010.0,4590
2025-04-08 11:44:00+05:30,4004.0,4006.0,4000.800048828125,4003.60009765625,15406
2025-04-08 11:45:00+05:30,4010.64990234375,4011.10009765625,4003.89990234375,4004.199951171875,3338
2025-04-08 11:46:00+05:30,4013.949951171875,4014.0,4008.800048828125,4011.85009765625,3541
2025-04-08 11:47:00+05:30,4014.0,4018.5,4012.0,4014.0,11009
2025-04-08 11:48:00+05:30,4009.10009765625,4014.0,4006.60009765625,4013.949951171875,8432
2025-04-08 11:49:00+05:30,4008.89990234375,4009.449951171875,4007.699951171875,4008.949951171875,1521
2025-04-08 11:50:00+05:30,4005.800048828125,4010.0,4005.800048828125,4008.89990234375,3216
2025-04-08 12:06:00+05:30,4019.800048828125,4022.550048828125,4019.199951171875,4022.550048828125,53724
2025-04-08 12:07:00+05:30,4027.39990234375,4027.39990234375,4019.0,4019.0,3410
2025-04-08 12:08:00+05:30,4027.0,4029.0,4026.0,4026.949951171875,5101
2025-04-08 12:09:00+05:30,4025.14990234375,4026.85009765625,4022.300048828125,4026.0,2379
2025-04-08 12:10:00+05:30,4026.050048828125,4033.64990234375,4026.050048828125,4027.5,10581
2025-04-08 12:11:00+05:30,4030.60009765625,4034.0,4026.199951171875,4026.199951171875,5442
2025-04-08 12:12:00+05:30,4033.949951171875,4036.0,4030.39990234375,4032.449951171875,7047
2025-04-08 12:13:00+05:30,4035.10009765625,4036.0,4033.0,4035.449951171875,3857
2025-04-08 12:14:00+05:30,4039.0,4040.0,4033.39990234375,4033.550048828125,8896
2025-04-08 12:15:00+05:30,4030.10009765625,4040.0,4029.0,4040.0,8002
2025-04-08 12:16:00+05:30,4025.89990234375,4031.0,4024.5,4030.0,4488
2025-04-08 12:17:00+05:30,4029.64990234375,4030.5,4025.699951171875,4028.5,2135
2025-04-08 12:18:00+05:30,4029.85009765625,4030.0,4028.14990234375,4029.449951171875,959
2025-04-08 12:19:00+05:30,4026.85009765625,4029.449951171875,4025.5,4029.39990234375,754
2025-04-08 12:20:00+05:30,4034.699951171875,4034.699951171875,4026.050048828125,4027.449951171875,3324
2025-04-08 12:21:00+05:30,4026.0,4034.300048828125,4025.89990234375,4034.0,1986
2025-04-08 12:22:00+05:30,4030.699951171875,4030.699951171875,4024.199951171875,4025.0,2657
2025-04-08 12:23:00+05:30,4030.0,4030.699951171875,4028.5,4030.699951171875,844
2025-04-08 12:24:00+05:30,4029.550048828125,4032.949951171875,4028.300048828125,4029.050048828125,1441
2025-04-08 12:25:00+05:30,4030.85009765625,4032.5,4028.64990234375,4029.0,1185
2025-04-08 12:26:00+05:30,4029.0,4035.0,4028.10009765625,4032.39990234375,1914
2025-04-08 12:27:00+05:30,4029.89990234375,4032.0,4027.35009765625,4030.0,766
2025-04-08 12:28:00+05:30,4033.5,4036.699951171875,4028.050048828125,4029.75,4710
2025-04-08 12:29:00+05:30,4036.0,4036.0,4033.5,4035.449951171875,1293
2025-04-08 12:30:00+05:30,4031.949951171875,4035.199951171875,4028.89990234375,4034.300048828125,2188
2025-04-08 12:31:00+05:30,4035.050048828125,4036.89990234375,4032.75,4032.75,5095
2025-04-08 12:32:00+05:30,4042.0,4042.85009765625,4036.699951171875,4036.699951171875,12078
2025-04-08 12:33:00+05:30,4045.0,4047.0,4041.550048828125,4042.050048828125,7352
2025-04-08 12:34:00+05:30,4037.800048828125,4044.300048828125,4037.300048828125,4044.300048828125,3815
2025-04-08 12:35:00+05:30,4040.89990234375,4042.89990234375,4037.800048828125,4038.0,2291
2025-04-08 12:36:00+05:30,4040.10009765625,4045.800048828125,4040.10009765625,4042.85009765625,5035
2025-04-08 12:37:00+05:30,4041.0,4043.300048828125,4040.14990234375,4041.949951171875,1980
2025-04-08 12:38:00+05:30,4040.050048828125,4042.64990234375,4040.0,4042.64990234375,7177
2025-04-08 12:39:00+05:30,4040.89990234375,4041.0,4040.0,4040.89990234375,2637
2025-04-08 12:40:00+05:30,4038.0,4040.89990234375,4037.800048828125,4040.050048828125,5445
2025-04-08 12:41:00+05:30,4040.89990234375,4041.0,4033.800048828125,4037.0,6221
2025-04-08 12:42:00+05:30,4044.85009765625,4045.0,4039.300048828125,4040.35009765625,4959
2025-04-08 12:43:00+05:30,4047.0,4047.0,4044.0,4044.85009765625,6233
2025-04-08 12:44:00+05:30,4051.64990234375,4052.0,4046.949951171875,4047.85009765625,9250
2025-04-08 12:45:00+05:30,4046.0,4052.0,4045.050048828125,4051.64990234375,4295
2025-04-08 12:46:00+05:30,4045.0,4047.75,4042.14990234375,4047.0,2497
2025-04-08 12:47:00+05:30,4048.85009765625,4049.0,4043.39990234375,4045.0,2811
2025-04-08 12:48:00+05:30,4055.0,4055.0,4047.199951171875,4048.199951171875,7410
2025-04-08 12:49:00+05:30,4057.39990234375,4058.60009765625,4055.0,4055.10009765625,7549
2025-04-08 12:50:00+05:30,4062.25,4063.25,4052.550048828125,4057.550048828125,11269
2025-04-08 12:51:00+05:30,4058.85009765625,4062.75,4057.550048828125,4062.25,5023
2025-04-08 12:52:00+05:30,4064.699951171875,4066.550048828125,4057.0,4058.199951171875,6528
2025-04-08 12:53:00+05:30,4065.050048828125,4066.0,4061.89990234375,4064.0,7783
2025-04-08 12:54:00+05:30,4066.25,4069.85009765625,4065.0,4065.050048828125,6488
2025-04-08 12:55:00+05:30,4064.0,4069.0,4063.14990234375,4069.0,7136
2025-04-08 12:56:00+05:30,4067.050048828125,4069.0,4063.10009765625,4064.0,3611
2025-04-08 12:57:00+05:30,4066.949951171875,4067.39990234375,4065.14990234375,4067.199951171875,3244
2025-04-08 12:58:00+05:30,4067.800048828125,4069.0,4065.10009765625,4066.050048828125,3399
2025-04-08 12:59:00+05:30,4069.949951171875,4070.85009765625,4065.0,4067.89990234375,7223
2025-04-08 13:00:00+05:30,4065.0,4071.35009765625,4064.0,4071.35009765625,4455
2025-04-08 13:01:00+05:30,4058.10009765625,4067.949951171875,4054.550048828125,4065.39990234375,8008
2025-04-08 13:02:00+05:30,4060.64990234375,4063.449951171875,4058.300048828125,4058.300048828125,2217
2025-04-08 13:03:00+05:30,4062.89990234375,4062.89990234375,4058.0,4060.5,2391
2025-04-08 13:04:00+05:30,4059.60009765625,4062.949951171875,4057.0,4062.89990234375,1690
2025-04-08 13:05:00+05:30,4058.0,4062.0,4057.35009765625,4058.89990234375,2590
2025-04-08 13:06:00+05:30,4055.10009765625,4059.14990234375,4055.050048828125,4058.0,3471
2025-04-08 13:07:00+05:30,4059.85009765625,4061.0,4055.0,4055.050048828125,4846
2025-04-08 13:08:00+05:30,4062.14990234375,4064.5,4060.050048828125,4061.800048828125,2736
2025-04-08 13:09:00+05:30,4064.0,4064.0,4059.199951171875,4060.0,5654
2025-04-08 13:10:00+05:30,4070.64990234375,4070.75,4062.800048828125,4064.0,9045
2025-04-08 13:11:00+05:30,4074.89990234375,4075.0,4068.75,4072.60009765625,7888
2025-04-08 13:12:00+05:30,4064.39990234375,4075.0,4064.25,4074.89990234375,5628
2025-04-08 13:13:00+05:30,4064.10009765625,4067.0,4063.050048828125,4066.0,1514
2025-04-08 13:14:00+05:30,4065.0,4066.75,4063.199951171875,4064.199951171875,1587
2025-04-08 13:15:00+05:30,4069.800048828125,4070.0,4061.85009765625,4064.39990234375,4480
2025-04-08 13:16:00+05:30,4071.449951171875,4073.5,4068.85009765625,4068.85009765625,3148
2025-04-08 13:17:00+05:30,4069.85009765625,4073.949951171875,4069.550048828125,4071.800048828125,5292
2025-04-08 13:18:00+05:30,4071.050048828125,4071.14990234375,4067.050048828125,4069.39990234375,2240
2025-04-08 13:19:00+05:30,4067.39990234375,4071.60009765625,4066.050048828125,4071.0,1899
2025-04-08 13:20:00+05:30,4065.300048828125,4070.10009765625,4065.0,4068.0,1774
2025-04-08 13:21:00+05:30,4063.35009765625,4065.300048828125,4062.0,4065.0,3703
2025-04-08 13:22:00+05:30,4065.60009765625,4068.699951171875,4063.35009765625,4063.39990234375,1892
2025-04-08 13:23:00+05:30,4066.550048828125,4069.199951171875,4065.85009765625,4066.25,677
2025-04-08 13:24:00+05:30,4067.5,4069.0,4065.64990234375,4067.050048828125,992
2025-04-08 13:25:00+05:30,4066.10009765625,4068.0,4065.60009765625,4067.5,1709
2025-04-08 13:26:00+05:30,4063.39990234375,4069.550048828125,4063.39990234375,4066.10009765625,4508
2025-04-08 13:27:00+05:30,4063.0,4064.64990234375,4060.25,4063.0,3005
2025-04-08 13:28:00+05:30,4064.300048828125,4066.0,4062.5,4062.85009765625,1113
2025-04-08 13:29:00+05:30,4066.0,4066.0,4062.75,4065.0,1729
2025-04-08 13:30:00+05:30,4065.050048828125,4068.0,4065.0,4065.89990234375,727
2025-04-08 13:31:00+05:30,4064.949951171875,4067.5,4064.89990234375,4066.0,789
2025-04-08 13:32:00+05:30,4065.89990234375,4066.050048828125,4064.0,4065.0,1229
2025-04-08 13:33:00+05:30,4070.10009765625,4070.10009765625,4064.10009765625,4064.300048828125,2713
2025-04-08 13:34:00+05:30,4066.199951171875,4071.699951171875,4065.0,4070.050048828125,1987
2025-04-08 13:35:00+05:30,4063.949951171875,4068.14990234375,4060.14990234375,4067.85009765625,4256
2025-04-08 13:36:00+05:30,4063.60009765625,4066.0,4060.85009765625,4065.0,3634
2025-04-08 13:37:00+05:30,4058.949951171875,4066.0,4057.5,4063.75,9392
2025-04-08 13:38:00+05:30,4056.5,4064.60009765625,4056.14990234375,4058.449951171875,5292
2025-04-08 13:39:00+05:30,4053.949951171875,4058.699951171875,4050.75,4056.5,7015
2025-04-08 13:40:00+05:30,4049.39990234375,4051.64990234375,4043.64990234375,4051.0,8914
2025-04-08 13:41:00+05:30,4050.25,4053.60009765625,4046.10009765625,4048.550048828125,4268
2025-04-08 13:42:00+05:30,4049.0,4051.85009765625,4046.5,4051.85009765625,2041
2025-04-08 13:43:00+05:30,4047.0,4049.0,4045.10009765625,4048.60009765625,3594
2025-04-08 13:44:00+05:30,4047.0,4050.89990234375,4046.199951171875,4047.0,2230
2025-04-08 13:45:00+05:30,4040.0,4048.699951171875,4038.050048828125,4046.85009765625,6726
2025-04-08 13:46:00+05:30,4040.550048828125,4042.0,4036.550048828125,4038.85009765625,3859
2025-04-08 13:47:00+05:30,4042.89990234375,4043.25,4039.0,4041.949951171875,2527
2025-04-08 13:48:00+05:30,4039.949951171875,4042.89990234375,4038.050048828125,4042.89990234375,3224
2025-04-08 13:49:00+05:30,4033.0,4041.949951171875,4033.0,4040.0,3432
2025-04-08 13:50:00+05:30,4044.0,4044.0,4034.5,4036.699951171875,2582
2025-04-08 13:51:00+05:30,4042.0,4044.949951171875,4037.25,4044.949951171875,2360
2025-04-08 13:52:00+05:30,4038.25,4042.0,4035.25,4041.949951171875,1853
2025-04-08 13:53:00+05:30,4035.85009765625,4038.14990234375,4031.0,4037.14990234375,4999
2025-04-08 13:54:00+05:30,4034.300048828125,4037.89990234375,4033.050048828125,4034.949951171875,2272
2025-04-08 13:55:00+05:30,4035.949951171875,4037.949951171875,4032.0,4034.35009765625,2629
2025-04-08 13:56:00+05:30,4036.449951171875,4040.699951171875,4035.25,4038.0,4216
2025-04-08 13:57:00+05:30,4039.39990234375,4039.800048828125,4035.10009765625,4036.449951171875,1419
2025-04-08 13:58:00+05:30,4041.550048828125,4042.89990234375,4038.39990234375,4039.39990234375,1576
2025-04-08 13:59:00+05:30,4044.5,4044.5,4038.89990234375,4042.64990234375,1542
2025-04-08 14:00:00+05:30,4044.5,4044.949951171875,4042.75,4044.949951171875,1817
2025-04-08 14:01:00+05:30,4048.300048828125,4049.0,4044.5,4044.89990234375,2991
2025-04-08 14:02:00+05:30,4050.60009765625,4050.89990234375,4046.0,4048.60009765625,3268
2025-04-08 14:03:00+05:30,4048.800048828125,4050.89990234375,4047.35009765625,4050.89990234375,1635
2025-04-08 14:04:00+05:30,4046.050048828125,4048.800048828125,4045.0,4047.800048828125,1663
2025-04-08 14:05:00+05:30,4045.0,4046.050048828125,4041.050048828125,4046.0,1667
2025-04-08 14:06:00+05:30,4044.89990234375,4045.050048828125,4043.35009765625,4043.5,742
2025-04-08 14:07:00+05:30,4045.0,4045.0,4043.35009765625,4044.0,501
2025-04-08 14:08:00+05:30,4047.5,4047.5,4044.0,4044.550048828125,2231
2025-04-08 14:09:00+05:30,4049.699951171875,4049.800048828125,4048.0,4048.39990234375,2464
2025-04-08 14:10:00+05:30,4049.699951171875,4050.0,4048.0,4049.39990234375,1643
2025-04-08 14:11:00+05:30,4052.449951171875,4053.0,4048.0,4048.0,2229
2025-04-08 14:12:00+05:30,4050.800048828125,4052.800048828125,4050.800048828125,4052.300048828125,1067
2025-04-08 14:13:00+05:30,4053.89990234375,4055.0,4050.85009765625,4051.0,2284
2025-04-08 14:14:00+05:30,4055.949951171875,4056.0,4053.0,4053.0,3397
2025-04-08 14:15:00+05:30,4056.64990234375,4057.85009765625,4055.0,4055.0,1775
2025-04-08 14:16:00+05:30,4057.0,4057.699951171875,4055.449951171875,4056.0,1388
2025-04-08 14:17:00+05:30,4064.89990234375,4064.89990234375,4057.0,4057.050048828125,4460
2025-04-08 14:18:00+05:30,4062.89990234375,4065.0,4061.39990234375,4064.89990234375,1689
2025-04-08 14:19:00+05:30,4060.14990234375,4063.0,4058.0,4062.0,1528
2025-04-08 14:20:00+05:30,4060.5,4063.949951171875,4059.050048828125,4060.0,2176
2025-04-08 14:21:00+05:30,4060.60009765625,4061.0,4059.85009765625,4060.699951171875,876
2025-04-08 14:22:00+05:30,4060.050048828125,4062.5,4060.050048828125,4062.0,1105
2025-04-08 14:23:00+05:30,4061.0,4061.800048828125,4060.050048828125,4060.35009765625,605
2025-04-08 14:24:00+05:30,4060.0,4062.0,4060.0,4060.0,1990
2025-04-08 14:25:00+05:30,4058.85009765625,4062.0,4058.800048828125,4060.0,1408
2025-04-08 14:26:00+05:30,4057.050048828125,4061.0,4057.0,4060.949951171875,1254
2025-04-08 14:27:00+05:30,4056.050048828125,4060.0,4056.050048828125,4057.050048828125,1400
2025-04-08 14:28:00+05:30,4059.949951171875,4059.949951171875,4055.5,4057.60009765625,1466
2025-04-08 14:29:00+05:30,4061.0,4062.800048828125,4059.89990234375,4059.89990234375,4852
2025-04-08 14:30:00+05:30,4059.75,4061.85009765625,4057.550048828125,4061.64990234375,2485
2025-04-08 14:31:00+05:30,4053.85009765625,4059.35009765625,4051.85009765625,4057.39990234375,5199
2025-04-08 14:32:00+05:30,4052.39990234375,4055.199951171875,4051.0,4053.949951171875,2590
2025-04-08 14:33:00+05:30,4052.0,4054.300048828125,4050.14990234375,4052.39990234375,5215
2025-04-08 14:34:00+05:30,4055.0,4056.10009765625,4051.35009765625,4052.0,2126
2025-04-08 14:35:00+05:30,4053.0,4055.0,4052.0,4055.0,4485
2025-04-08 14:36:00+05:30,4051.050048828125,4054.0,4051.0,4052.0,4059
2025-04-08 14:37:00+05:30,4056.60009765625,4056.60009765625,4050.5,4051.0,7180
2025-04-08 14:38:00+05:30,4053.85009765625,4055.35009765625,4052.0,4055.050048828125,2369
2025-04-08 14:39:00+05:30,4050.14990234375,4054.0,4048.25,4052.35009765625,9811
2025-04-08 14:40:00+05:30,4050.5,4051.85009765625,4048.0,4048.800048828125,2317
2025-04-08 14:41:00+05:30,4048.300048828125,4052.0,4047.0,4050.300048828125,2208
2025-04-08 14:42:00+05:30,4046.39990234375,4048.0,4045.14990234375,4047.60009765625,851
2025-04-08 14:43:00+05:30,4049.550048828125,4049.800048828125,4045.0,4045.14990234375,3456
2025-04-08 14:44:00+05:30,4047.25,4050.0,4046.39990234375,4050.0,1225
2025-04-08 14:45:00+05:30,4048.449951171875,4051.699951171875,4047.25,4049.0,2100
2025-04-08 14:46:00+05:30,4050.050048828125,4052.0,4048.050048828125,4050.14990234375,2805
2025-04-08 14:47:00+05:30,4049.949951171875,4051.10009765625,4049.0,4051.10009765625,559
2025-04-08 14:48:00+05:30,4046.550048828125,4049.949951171875,4042.0,4048.5,4302
2025-04-08 14:49:00+05:30,4043.14990234375,4047.550048828125,4042.5,4047.449951171875,2783
2025-04-08 14:50:00+05:30,4042.85009765625,4044.64990234375,4041.449951171875,4043.0,2809
2025-04-08 14:51:00+05:30,4043.25,4044.0,4042.0,4042.75,1647
2025-04-08 14:52:00+05:30,4047.449951171875,4048.0,4042.050048828125,4042.050048828125,2135
2025-04-08 14:53:00+05:30,4047.39990234375,4052.0,4046.0,4047.449951171875,5706
2025-04-08 14:54:00+05:30,4048.89990234375,4051.949951171875,4047.300048828125,4048.39990234375,1928
2025-04-08 14:55:00+05:30,4043.85009765625,4049.550048828125,4042.0,4048.75,1654
2025-04-08 14:56:00+05:30,4045.050048828125,4047.0,4042.550048828125,4044.050048828125,781
2025-04-08 14:57:00+05:30,4045.800048828125,4047.89990234375,4045.0,4046.35009765625,2447
2025-04-08 14:58:00+05:30,4046.39990234375,4047.75,4044.0,4045.89990234375,1605
2025-04-08 14:59:00+05:30,4046.0,4049.949951171875,4044.449951171875,4044.449951171875,1598
2025-04-08 15:00:00+05:30,4051.800048828125,4051.800048828125,4044.449951171875,4046.14990234375,5511
2025-04-08 15:01:00+05:30,4045.64990234375,4052.0,4045.64990234375,4051.800048828125,5298
2025-04-08 15:02:00+05:30,4043.39990234375,4046.39990234375,4039.449951171875,4045.0,10771
2025-04-08 15:03:00+05:30,4043.699951171875,4044.300048828125,4041.75,4043.300048828125,4095
2025-04-08 15:04:00+05:30,4041.25,4043.199951171875,4040.699951171875,4043.199951171875,5189
2025-04-08 15:05:00+05:30,4042.0,4042.0,4040.0,4041.699951171875,8865
2025-04-08 15:06:00+05:30,4040.949951171875,4043.39990234375,4040.949951171875,4042.0,6894
2025-04-08 15:07:00+05:30,4042.5,4042.5,4040.0,4041.199951171875,4507
2025-04-08 15:08:00+05:30,4043.550048828125,4044.0,4041.10009765625,4041.10009765625,3814
2025-04-08 15:09:00+05:30,4043.89990234375,4044.949951171875,4043.449951171875,4043.60009765625,3605
2025-04-08 15:10:00+05:30,4044.699951171875,4046.699951171875,4043.35009765625,4046.64990234375,7085
2025-04-08 15:11:00+05:30,4041.949951171875,4043.550048828125,4040.800048828125,4043.10009765625,6676
2025-04-08 15:12:00+05:30,4045.550048828125,4045.64990234375,4041.85009765625,4042.85009765625,5201
2025-04-08 15:13:00+05:30,4043.5,4045.800048828125,4041.699951171875,4045.64990234375,6974
2025-04-08 15:14:00+05:30,4042.0,4044.0,4041.5,4042.699951171875,7627
2025-04-08 15:15:00+05:30,4039.89990234375,4044.0,4038.39990234375,4041.949951171875,17589
2025-04-08 15:16:00+05:30,4035.199951171875,4039.949951171875,4033.800048828125,4039.60009765625,12648
2025-04-08 15:17:00+05:30,4036.75,4038.949951171875,4033.85009765625,4033.85009765625,7623
2025-04-08 15:18:00+05:30,4035.5,4037.14990234375,4032.89990234375,4036.800048828125,11091
2025-04-08 15:19:00+05:30,4035.89990234375,4037.199951171875,4034.800048828125,4035.60009765625,7601
2025-04-08 15:20:00+05:30,4036.89990234375,4037.699951171875,4035.050048828125,4035.5,13137
2025-04-08 15:21:00+05:30,4041.39990234375,4041.39990234375,4036.550048828125,4036.60009765625,4551
2025-04-08 15:22:00+05:30,4043.0,4044.0,4041.39990234375,4041.39990234375,4465
2025-04-08 15:23:00+05:30,4043.89990234375,4044.0,4043.0,4043.800048828125,3818
2025-04-08 15:24:00+05:30,4043.0,4043.89990234375,4039.35009765625,4043.89990234375,8654
2025-04-08 15:25:00+05:30,4043.949951171875,4043.949951171875,4042.199951171875,4042.949951171875,6441
2025-04-08 15:26:00+05:30,4044.0,4044.0,4042.60009765625,4043.949951171875,6043
2025-04-08 15:27:00+05:30,4048.85009765625,4048.85009765625,4044.0,4044.0,12628
2025-04-08 15:28:00+05:30,4048.60009765625,4050.0,4048.25,4049.199951171875,8830
2025-04-08 15:29:00+05:30,4052.199951171875,4059.949951171875,4045.35009765625,4048.60009765625,9940
2025-04-09 09:15:00+05:30,4023.0,4045.39990234375,4018.14990234375,4037.0,0
2025-04-09 09:16:00+05:30,4013.64990234375,4032.10009765625,4009.64990234375,4022.35009765625,25405
2025-04-09 09:17:00+05:30,4021.050048828125,4027.35009765625,4011.0,4013.64990234375,13916
2025-04-09 09:18:00+05:30,4013.949951171875,4023.550048828125,4013.0,4018.60009765625,12580
2025-04-09 09:19:00+05:30,4005.0,4018.050048828125,4005.0,4013.800048828125,14938
2025-04-09 09:20:00+05:30,4017.5,4017.5,4005.0,4005.0,9334
2025-04-09 09:21:00+05:30,4007.35009765625,4020.0,4007.0,4017.89990234375,12005
2025-04-09 09:22:00+05:30,3999.25,4008.35009765625,3997.0,4008.35009765625,18767
2025-04-09 09:23:00+05:30,3989.64990234375,3999.0,3988.0,3997.75,15347
2025-04-09 09:24:00+05:30,3994.85009765625,3995.0,3989.800048828125,3989.800048828125,16213
2025-04-09 09:25:00+05:30,3991.949951171875,3994.75,3983.0,3994.550048828125,13548
2025-04-09 09:26:00+05:30,3987.449951171875,3991.39990234375,3984.39990234375,3991.39990234375,3784
2025-04-09 09:27:00+05:30,3992.050048828125,3993.5,3987.300048828125,3988.550048828125,4876
2025-04-09 09:28:00+05:30,3987.35009765625,3992.14990234375,3986.050048828125,3990.60009765625,6178
2025-04-09 09:29:00+05:30,3993.550048828125,3997.14990234375,3987.35009765625,3989.449951171875,5717
2025-04-09 09:30:00+05:30,3980.0,3993.0,3980.0,3993.0,13288
2025-04-09 09:31:00+05:30,3978.35009765625,3983.800048828125,3978.0,3980.35009765625,10172
2025-04-09 09:32:00+05:30,3986.0,3986.800048828125,3978.60009765625,3978.60009765625,5095
2025-04-09 09:33:00+05:30,3983.89990234375,3984.5,3981.0,3982.85009765625,5620
2025-04-09 09:34:00+05:30,3985.0,3985.89990234375,3981.25,3985.449951171875,5194
2025-04-09 09:35:00+05:30,3987.25,3989.85009765625,3981.050048828125,3986.5,5358
2025-04-09 09:36:00+05:30,3984.39990234375,3989.89990234375,3981.0,3987.25,9207
2025-04-09 09:37:00+05:30,3982.199951171875,3986.10009765625,3981.0,3983.75,5497
2025-04-09 09:38:00+05:30,3972.0,3980.64990234375,3971.10009765625,3980.10009765625,16250
2025-04-09 09:39:00+05:30,3979.050048828125,3981.5,3970.449951171875,3970.449951171875,4830
2025-04-09 09:40:00+05:30,3979.35009765625,3982.199951171875,3975.0,3978.89990234375,4029
2025-04-09 09:41:00+05:30,3986.0,3987.0,3980.699951171875,3981.800048828125,4403
2025-04-09 09:42:00+05:30,3993.0,3993.25,3986.0,3986.0,6696
2025-04-09 09:43:00+05:30,4001.35009765625,4001.949951171875,3992.699951171875,3993.0,10848
2025-04-09 09:44:00+05:30,3994.0,4004.050048828125,3992.300048828125,4001.949951171875,13066
2025-04-09 09:45:00+05:30,3992.050048828125,3995.10009765625,3989.5,3993.60009765625,3938
2025-04-09 09:46:00+05:30,3989.35009765625,3995.35009765625,3988.0,3993.449951171875,4891
2025-04-09 09:47:00+05:30,3987.25,3989.35009765625,3986.0,3989.0,2135
2025-04-09 09:48:00+05:30,3983.60009765625,3986.050048828125,3981.550048828125,3986.050048828125,6378
2025-04-09 09:49:00+05:30,3978.64990234375,3984.25,3978.0,3983.5,6465
2025-04-09 09:50:00+05:30,3985.0,3985.0,3979.14990234375,3979.60009765625,3835
2025-04-09 09:51:00+05:30,3981.0,3985.0,3981.0,3983.89990234375,2844
2025-04-09 09:52:00+05:30,3982.25,3984.0,3981.0,3981.300048828125,4044
2025-04-09 09:53:00+05:30,3982.85009765625,3984.0,3981.0,3982.25,2877
2025-04-09 09:54:00+05:30,3975.89990234375,3984.0,3975.89990234375,3984.0,8464
2025-04-09 09:55:00+05:30,3986.0,3986.0,3975.199951171875,3976.10009765625,6014
2025-04-09 09:56:00+05:30,3986.35009765625,3987.60009765625,3983.39990234375,3984.800048828125,2948
2025-04-09 09:57:00+05:30,3986.699951171875,3990.0,3984.39990234375,3984.39990234375,5115
2025-04-09 09:58:00+05:30,3986.0,3993.0,3984.89990234375,3984.89990234375,2891
2025-04-09 09:59:00+05:30,3982.39990234375,3989.39990234375,3982.0,3985.89990234375,2459
2025-04-09 10:00:00+05:30,3978.449951171875,3982.10009765625,3978.449951171875,3981.0,2877
2025-04-09 10:01:00+05:30,3980.85009765625,3982.0,3977.0,3978.449951171875,3022
2025-04-09 10:02:00+05:30,3983.64990234375,3984.75,3980.89990234375,3980.89990234375,2131
2025-04-09 10:03:00+05:30,3986.0,3986.0,3980.64990234375,3982.35009765625,3149
2025-04-09 10:04:00+05:30,3987.949951171875,3991.0,3986.050048828125,3989.0,3167
2025-04-09 10:05:00+05:30,3987.0,3989.60009765625,3984.10009765625,3989.35009765625,1959
2025-04-09 10:06:00+05:30,3989.10009765625,3993.0,3987.0,3988.25,3027
2025-04-09 10:07:00+05:30,3986.949951171875,3990.89990234375,3985.75,3989.64990234375,1855
2025-04-09 10:08:00+05:30,3987.75,3988.050048828125,3985.300048828125,3986.949951171875,1368
2025-04-09 10:09:00+05:30,3985.75,3989.89990234375,3985.0,3987.75,1621
2025-04-09 10:10:00+05:30,3980.35009765625,3985.75,3978.800048828125,3985.75,4065
2025-04-09 10:11:00+05:30,3979.0,3980.699951171875,3978.0,3980.39990234375,2620
2025-04-09 10:12:00+05:30,3971.75,3982.050048828125,3971.550048828125,3979.64990234375,7676
2025-04-09 10:13:00+05:30,3973.0,3975.550048828125,3972.0,3973.050048828125,5211
2025-04-09 10:14:00+05:30,3975.050048828125,3977.60009765625,3973.10009765625,3973.10009765625,1671
2025-04-09 10:15:00+05:30,3968.14990234375,3975.050048828125,3967.25,3975.0,14316
2025-04-09 10:16:00+05:30,3969.0,3969.35009765625,3967.0,3969.0,4353
2025-04-09 10:17:00+05:30,3969.449951171875,3974.60009765625,3967.449951171875,3970.25,6314
2025-04-09 10:18:00+05:30,3969.0,3971.89990234375,3968.0,3969.449951171875,3119
2025-04-09 10:19:00+05:30,3976.300048828125,3976.64990234375,3969.0,3969.0,2811
2025-04-09 10:20:00+05:30,3977.75,3977.75,3974.25,3976.25,2470
2025-04-09 10:21:00+05:30,3976.800048828125,3978.85009765625,3975.0,3977.5,2640
2025-04-09 10:22:00+05:30,3979.64990234375,3979.89990234375,3976.800048828125,3978.39990234375,3659
2025-04-09 10:23:00+05:30,3978.85009765625,3980.64990234375,3977.0,3980.64990234375,1943
2025-04-09 10:24:00+05:30,3976.699951171875,3978.85009765625,3975.0,3978.85009765625,1169
2025-04-09 10:25:00+05:30,3974.64990234375,3976.35009765625,3972.0,3975.10009765625,2474
2025-04-09 10:26:00+05:30,3974.5,3978.39990234375,3974.5,3975.25,3114
2025-04-09 10:27:00+05:30,3978.35009765625,3978.35009765625,3972.0,3974.5,3327
2025-04-09 10:28:00+05:30,3977.699951171875,3979.89990234375,3977.0,3979.89990234375,1289
2025-04-09 10:29:00+05:30,3977.0,3977.85009765625,3975.35009765625,3977.0,4149
2025-04-09 10:30:00+05:30,3976.0,3979.199951171875,3976.0,3977.0,1666
2025-04-09 10:31:00+05:30,3977.75,3977.75,3975.0,3976.0,5358
2025-04-09 10:32:00+05:30,3977.0,3979.89990234375,3977.0,3978.0,1612
2025-04-09 10:33:00+05:30,3978.39990234375,3978.949951171875,3976.64990234375,3977.949951171875,1534
2025-04-09 10:34:00+05:30,3975.550048828125,3978.949951171875,3975.10009765625,3978.89990234375,1145
2025-04-09 10:35:00+05:30,3971.699951171875,3976.85009765625,3970.5,3976.85009765625,6708
2025-04-09 10:36:00+05:30,3970.10009765625,3971.699951171875,3970.10009765625,3970.5,1698
2025-04-09 10:37:00+05:30,3970.5,3970.75,3970.5,3970.75,535
2025-04-09 10:55:00+05:30,3978.300048828125,3978.5,3977.0,3977.0,46041
2025-04-09 10:56:00+05:30,3978.35009765625,3981.199951171875,3978.35009765625,3978.60009765625,662
2025-04-09 10:57:00+05:30,3984.949951171875,3985.89990234375,3978.5,3978.5,2666
2025-04-09 10:58:00+05:30,3987.050048828125,3987.699951171875,3984.14990234375,3986.0,1517
2025-04-09 10:59:00+05:30,3983.5,3986.85009765625,3981.550048828125,3985.5,1154
2025-04-09 11:00:00+05:30,3980.050048828125,3983.699951171875,3980.0,3983.699951171875,1175
2025-04-09 11:01:00+05:30,3980.0,3981.35009765625,3978.25,3980.949951171875,1755
2025-04-09 11:02:00+05:30,3978.5,3980.0,3977.050048828125,3980.0,909
2025-04-09 11:03:00+05:30,3974.10009765625,3978.800048828125,3973.0,3978.800048828125,1873
2025-04-09 11:04:00+05:30,3975.0,3975.0,3972.0,3974.0,2834
2025-04-09 11:05:00+05:30,3974.85009765625,3975.300048828125,3973.75,3975.050048828125,908
2025-04-09 11:06:00+05:30,3970.64990234375,3973.75,3967.10009765625,3973.75,6087
2025-04-09 11:07:00+05:30,3972.5,3974.10009765625,3970.0,3970.39990234375,914
2025-04-09 11:08:00+05:30,3972.699951171875,3975.0,3971.050048828125,3972.35009765625,1401
2025-04-09 11:09:00+05:30,3974.0,3974.0,3971.800048828125,3972.699951171875,1556
2025-04-09 11:10:00+05:30,3975.25,3977.39990234375,3973.85009765625,3973.85009765625,1326
2025-04-09 11:11:00+05:30,3970.39990234375,3975.449951171875,3969.0,3975.25,2131
2025-04-09 11:12:00+05:30,3972.800048828125,3972.800048828125,3968.60009765625,3970.199951171875,2446
2025-04-09 11:13:00+05:30,3973.5,3975.449951171875,3971.550048828125,3972.550048828125,1637
2025-04-09 11:14:00+05:30,3977.949951171875,3977.949951171875,3973.10009765625,3973.75,1311
2025-04-09 11:15:00+05:30,3978.5,3978.5,3975.550048828125,3977.25,1046
2025-04-09 11:16:00+05:30,3978.35009765625,3979.0,3976.35009765625,3978.300048828125,753
2025-04-09 11:17:00+05:30,3980.85009765625,3984.949951171875,3978.25,3979.0,2288
2025-04-09 11:18:00+05:30,3983.0,3983.0,3979.35009765625,3979.35009765625,2518
2025-04-09 11:19:00+05:30,3981.89990234375,3985.0,3981.35009765625,3983.0,1583
2025-04-09 11:20:00+05:30,3981.300048828125,3982.25,3981.0,3981.89990234375,900
2025-04-09 11:21:00+05:30,3984.0,3984.14990234375,3980.0,3980.14990234375,1395
2025-04-09 11:22:00+05:30,3981.89990234375,3984.0,3981.0,3984.0,934
2025-04-09 11:23:00+05:30,3979.14990234375,3981.0,3977.39990234375,3981.0,1249
2025-04-09 11:24:00+05:30,3978.64990234375,3979.14990234375,3977.050048828125,3979.14990234375,615
2025-04-09 11:25:00+05:30,3978.35009765625,3978.64990234375,3977.050048828125,3978.050048828125,650
2025-04-09 11:26:00+05:30,3977.89990234375,3978.35009765625,3977.10009765625,3977.10009765625,1157
2025-04-09 11:27:00+05:30,3978.89990234375,3980.25,3977.0,3978.10009765625,1255
2025-04-09 11:28:00+05:30,3978.60009765625,3979.60009765625,3977.0,3978.85009765625,924
2025-04-09 11:29:00+05:30,3979.85009765625,3980.699951171875,3977.14990234375,3978.60009765625,1887
2025-04-09 11:30:00+05:30,3980.39990234375,3981.699951171875,3978.64990234375,3980.14990234375,886
2025-04-09 11:31:00+05:30,3990.85009765625,3992.300048828125,3980.39990234375,3981.300048828125,6601
2025-04-09 11:32:00+05:30,3997.550048828125,3999.949951171875,3993.050048828125,3994.5,16162
2025-04-09 11:33:00+05:30,4003.949951171875,4004.0,3998.89990234375,4000.0,15672
2025-04-09 11:34:00+05:30,4010.050048828125,4016.949951171875,4002.64990234375,4003.0,14116
2025-04-09 11:35:00+05:30,4003.800048828125,4010.949951171875,4002.25,4009.14990234375,6942
2025-04-09 11:36:00+05:30,4009.449951171875,4011.0,4003.89990234375,4004.050048828125,5346
2025-04-09 11:37:00+05:30,4005.5,4009.300048828125,4004.35009765625,4007.949951171875,1229
2025-04-09 11:38:00+05:30,4021.699951171875,4021.85009765625,4006.0,4006.75,14295
2025-04-09 11:39:00+05:30,4018.550048828125,4024.35009765625,4018.0,4020.5,7694
2025-04-09 11:40:00+05:30,4024.5,4027.39990234375,4018.199951171875,4020.14990234375,8239
2025-04-09 11:41:00+05:30,4026.0,4030.0,4024.0,4024.0,7580
2025-04-09 11:42:00+05:30,4022.85009765625,4026.0,4018.14990234375,4026.0,6686
2025-04-09 11:43:00+05:30,4021.550048828125,4024.39990234375,4020.0,4023.0,4635
2025-04-09 11:44:00+05:30,4028.0,4028.050048828125,4021.800048828125,4022.0,6484
2025-04-09 11:45:00+05:30,4038.0,4038.5,4029.10009765625,4029.10009765625,18560
2025-04-09 11:46:00+05:30,4033.85009765625,4039.39990234375,4033.300048828125,4037.39990234375,6290
2025-04-09 11:47:00+05:30,4031.0,4037.0,4031.0,4035.0,5305
2025-04-09 11:48:00+05:30,4025.89990234375,4032.199951171875,4024.35009765625,4030.0,4023
2025-04-09 11:49:00+05:30,4018.75,4026.300048828125,4018.0,4026.300048828125,7206
2025-04-09 11:50:00+05:30,4016.050048828125,4020.0,4016.0,4016.550048828125,4949
2025-04-09 11:51:00+05:30,4021.35009765625,4023.550048828125,4016.050048828125,4016.050048828125,4856
2025-04-09 11:52:00+05:30,4018.25,4022.35009765625,4015.85009765625,4018.550048828125,4945
2025-04-09 11:53:00+05:30,4015.0,4017.85009765625,4015.0,4017.85009765625,2038
2025-04-09 11:54:00+05:30,4015.050048828125,4018.14990234375,4015.0,4015.0,1650
2025-04-09 11:55:00+05:30,4017.35009765625,4019.0,4015.89990234375,4016.75,2468
2025-04-09 11:56:00+05:30,4011.14990234375,4016.449951171875,4011.14990234375,4016.449951171875,1567
2025-04-09 11:57:00+05:30,4012.949951171875,4014.0,4011.0,4011.300048828125,1985
2025-04-09 11:58:00+05:30,4014.25,4015.0,4012.949951171875,4013.0,2080
2025-04-09 11:59:00+05:30,4012.0,4014.800048828125,4011.0,4012.949951171875,2526
2025-04-09 12:00:00+05:30,4011.64990234375,4014.050048828125,4011.0,4012.0,1711
2025-04-09 12:01:00+05:30,4013.39990234375,4013.5,4011.0,4012.89990234375,1471
2025-04-09 12:02:00+05:30,4018.300048828125,4018.949951171875,4013.35009765625,4014.0,2384
2025-04-09 12:03:00+05:30,4017.199951171875,4019.5,4015.60009765625,4018.300048828125,1382
2025-04-09 12:04:00+05:30,4017.949951171875,4020.050048828125,4016.35009765625,4017.14990234375,2088
2025-04-09 12:05:00+05:30,4017.199951171875,4018.39990234375,4017.0,4017.949951171875,1044
2025-04-09 12:06:00+05:30,4017.050048828125,4017.64990234375,4016.35009765625,4016.949951171875,900
2025-04-09 12:07:00+05:30,4019.5,4019.5,4016.699951171875,4017.050048828125,1430
2025-04-09 12:08:00+05:30,4020.39990234375,4022.35009765625,4018.199951171875,4019.5,3600
2025-04-09 12:09:00+05:30,4020.39990234375,4021.800048828125,4019.39990234375,4020.39990234375,891
2025-04-09 12:10:00+05:30,4021.39990234375,4021.89990234375,4020.85009765625,4020.949951171875,1471
2025-04-09 12:11:00+05:30,4017.949951171875,4021.39990234375,4016.550048828125,4021.39990234375,1354
2025-04-09 12:12:00+05:30,4016.699951171875,4017.14990234375,4013.0,4016.550048828125,1330
2025-04-09 12:13:00+05:30,4015.75,4016.800048828125,4013.39990234375,4015.300048828125,1313
2025-04-09 12:14:00+05:30,4018.949951171875,4019.75,4016.89990234375,4019.75,1382
2025-04-09 12:15:00+05:30,4017.5,4019.25,4016.449951171875,4019.25,635
2025-04-09 12:16:00+05:30,4017.14990234375,4021.85009765625,4017.10009765625,4019.0,1141
2025-04-09 12:17:00+05:30,4017.949951171875,4018.10009765625,4015.0,4017.14990234375,981
2025-04-09 12:18:00+05:30,4020.300048828125,4020.300048828125,4017.199951171875,4018.0,840
2025-04-09 12:19:00+05:30,4016.699951171875,4020.14990234375,4015.60009765625,4020.14990234375,665
2025-04-09 12:20:00+05:30,4016.550048828125,4017.0,4015.0,4016.0,2451
2025-04-09 12:21:00+05:30,4012.60009765625,4016.0,4012.60009765625,4016.0,3031
2025-04-09 12:22:00+05:30,4013.199951171875,4014.449951171875,4010.75,4012.25,1725
2025-04-09 12:23:00+05:30,4014.300048828125,4015.60009765625,4013.0,4013.0,600
2025-04-09 12:24:00+05:30,4012.050048828125,4014.699951171875,4012.050048828125,4012.949951171875,737
2025-04-09 12:25:00+05:30,4011.89990234375,4014.300048828125,4010.800048828125,4013.10009765625,1381
2025-04-09 12:26:00+05:30,4015.64990234375,4015.64990234375,4011.75,4011.75,3737
2025-04-09 12:27:00+05:30,4012.75,4017.10009765625,4011.550048828125,4017.10009765625,2210
2025-04-09 12:28:00+05:30,4014.5,4015.25,4012.050048828125,4012.5,2063
2025-04-09 12:29:00+05:30,4013.60009765625,4014.449951171875,4012.5,4013.60009765625,448
2025-04-09 12:30:00+05:30,4013.89990234375,4013.89990234375,4011.64990234375,4013.25,1241
2025-04-09 12:31:00+05:30,4013.199951171875,4017.0,4013.0,4013.89990234375,2063
2025-04-09 12:32:00+05:30,4020.10009765625,4022.10009765625,4014.64990234375,4014.64990234375,2279
2025-04-09 12:33:00+05:30,4039.300048828125,4042.949951171875,4020.5,4020.5,18947
2025-04-09 12:34:00+05:30,4034.0,4046.699951171875,4033.64990234375,4042.800048828125,13514
2025-04-09 12:35:00+05:30,4036.800048828125,4038.0,4032.449951171875,4035.0,5823
2025-04-09 12:36:00+05:30,4039.35009765625,4041.60009765625,4035.60009765625,4035.60009765625,3242
2025-04-09 12:37:00+05:30,4038.5,4041.300048828125,4037.050048828125,4038.949951171875,3605
2025-04-09 12:38:00+05:30,4038.699951171875,4039.949951171875,4035.699951171875,4036.60009765625,4500
2025-04-09 12:39:00+05:30,4042.0,4045.0,4036.64990234375,4038.550048828125,3824
2025-04-09 12:40:00+05:30,4037.800048828125,4042.0,4037.0,4042.0,2086
2025-04-09 12:41:00+05:30,4025.64990234375,4037.800048828125,4025.64990234375,4037.800048828125,6645
2025-04-09 12:42:00+05:30,4032.0,4032.0,4026.10009765625,4026.10009765625,2340
2025-04-09 12:43:00+05:30,4035.0,4035.0,4029.5,4032.0,1917
2025-04-09 12:44:00+05:30,4028.0,4035.0,4028.0,4034.0,2905
2025-04-09 12:45:00+05:30,4029.10009765625,4032.14990234375,4028.0,4029.39990234375,2839
2025-04-09 12:46:00+05:30,4038.0,4038.5,4029.10009765625,4029.10009765625,2652
2025-04-09 12:47:00+05:30,4036.75,4039.199951171875,4035.10009765625,4038.0,967
2025-04-09 12:48:00+05:30,4038.699951171875,4042.0,4037.10009765625,4037.35009765625,2144
2025-04-09 12:49:00+05:30,4038.800048828125,4041.0,4037.14990234375,4037.449951171875,2379
2025-04-09 12:50:00+05:30,4052.949951171875,4055.0,4039.0,4039.75,17289
2025-04-09 12:51:00+05:30,4047.75,4056.0,4047.550048828125,4053.10009765625,12849
2025-04-09 12:52:00+05:30,4056.050048828125,4058.800048828125,4048.89990234375,4048.89990234375,7844
2025-04-09 12:53:00+05:30,4056.25,4058.0,4054.5,4055.60009765625,5786
2025-04-09 12:54:00+05:30,4048.0,4057.0,4048.0,4057.0,8857
2025-04-09 12:55:00+05:30,4047.10009765625,4053.0,4042.64990234375,4048.0,5187
2025-04-09 12:56:00+05:30,4044.0,4050.300048828125,4044.0,4049.60009765625,4254
2025-04-09 12:57:00+05:30,4048.14990234375,4048.449951171875,4043.800048828125,4044.5,2965
2025-04-09 12:58:00+05:30,4050.89990234375,4054.89990234375,4048.449951171875,4049.10009765625,5318
2025-04-09 12:59:00+05:30,4054.050048828125,4055.0,4051.60009765625,4051.60009765625,3419
2025-04-09 13:00:00+05:30,4051.64990234375,4055.0,4048.449951171875,4055.0,5623
2025-04-09 13:01:00+05:30,4048.89990234375,4052.35009765625,4045.0,4051.25,3995
2025-04-09 13:02:00+05:30,4057.0,4058.14990234375,4047.0,4048.0,6513
2025-04-09 13:03:00+05:30,4068.199951171875,4069.0,4054.449951171875,4056.0,13700
2025-04-09 13:04:00+05:30,4066.0,4069.0,4060.60009765625,4067.60009765625,6322
2025-04-09 13:05:00+05:30,4059.0,4067.199951171875,4057.699951171875,4066.0,5014
2025-04-09 13:06:00+05:30,4059.800048828125,4061.050048828125,4058.64990234375,4059.0,1645
2025-04-09 13:07:00+05:30,4053.050048828125,4060.0,4053.050048828125,4060.0,3936
2025-04-09 13:08:00+05:30,4059.35009765625,4059.35009765625,4053.050048828125,4054.199951171875,1796
2025-04-09 13:09:00+05:30,4057.35009765625,4057.949951171875,4055.89990234375,4057.949951171875,872
2025-04-09 13:10:00+05:30,4055.050048828125,4057.699951171875,4052.25,4057.699951171875,2368
2025-04-09 13:11:00+05:30,4057.14990234375,4057.25,4055.0,4055.050048828125,1662
2025-04-09 13:12:00+05:30,4059.0,4063.60009765625,4058.60009765625,4058.60009765625,3903
2025-04-09 13:13:00+05:30,4061.0,4062.0,4056.75,4059.39990234375,1972
2025-04-09 13:14:00+05:30,4061.0,4062.14990234375,4060.10009765625,4060.10009765625,1725
2025-04-09 13:15:00+05:30,4063.0,4066.25,4060.0,4060.0,3292
2025-04-09 13:16:00+05:30,4060.199951171875,4064.550048828125,4059.10009765625,4063.0,2038
2025-04-09 13:17:00+05:30,4060.0,4060.25,4056.0,4059.35009765625,2120
2025-04-09 13:18:00+05:30,4055.0,4060.0,4055.0,4060.0,1241
2025-04-09 13:19:00+05:30,4050.5,4058.0,4050.5,4053.050048828125,7261
2025-04-09 13:20:00+05:30,4046.050048828125,4051.89990234375,4046.050048828125,4051.0,6430
2025-04-09 13:21:00+05:30,4049.800048828125,4050.0,4045.5,4045.550048828125,2630
2025-04-09 13:22:00+05:30,4042.14990234375,4049.050048828125,4041.800048828125,4049.050048828125,5014
2025-04-09 13:23:00+05:30,4041.60009765625,4044.550048828125,4038.699951171875,4042.10009765625,4522
2025-04-09 13:24:00+05:30,4039.64990234375,4044.14990234375,4039.64990234375,4041.10009765625,5047
2025-04-09 13:25:00+05:30,4044.25,4046.5,4038.300048828125,4038.85009765625,2489
2025-04-09 13:26:00+05:30,4052.050048828125,4053.0,4044.550048828125,4044.550048828125,4037
2025-04-09 13:27:00+05:30,4052.0,4055.0,4050.25,4053.0,3501
2025-04-09 13:28:00+05:30,4050.64990234375,4052.0,4049.0,4051.39990234375,3881
2025-04-09 13:29:00+05:30,4047.85009765625,4051.0,4047.85009765625,4051.0,1205
2025-04-09 13:30:00+05:30,4050.0,4051.949951171875,4047.5,4047.85009765625,2037
2025-04-09 13:31:00+05:30,4050.0,4050.550048828125,4049.0,4050.550048828125,2520
2025-04-09 13:32:00+05:30,4052.699951171875,4054.25,4050.699951171875,4050.75,1806
2025-04-09 13:33:00+05:30,4046.0,4053.35009765625,4046.0,4052.699951171875,1591
2025-04-09 13:34:00+05:30,4042.0,4047.300048828125,4042.0,4047.300048828125,2645
2025-04-09 13:35:00+05:30,4044.199951171875,4044.64990234375,4042.0,4042.89990234375,1631
2025-04-09 13:36:00+05:30,4040.0,4042.89990234375,4040.0,4042.85009765625,3033
2025-04-09 13:37:00+05:30,4034.0,4041.0,4032.0,4040.0,5809
2025-04-09 13:38:00+05:30,4034.949951171875,4037.75,4028.35009765625,4031.89990234375,9448
2025-04-09 13:39:00+05:30,4028.300048828125,4036.25,4028.300048828125,4033.550048828125,2182
2025-04-09 13:40:00+05:30,4026.0,4028.89990234375,4025.199951171875,4028.85009765625,2027
2025-04-09 13:41:00+05:30,4028.39990234375,4028.39990234375,4026.0,4027.0,2476
2025-04-09 13:42:00+05:30,4030.0,4033.5,4026.89990234375,4027.0,3383
2025-04-09 13:43:00+05:30,4027.0,4031.60009765625,4027.0,4030.0,2367
2025-04-09 13:44:00+05:30,4026.89990234375,4027.0,4025.0,4026.550048828125,3017
2025-04-09 13:45:00+05:30,4025.64990234375,4027.050048828125,4025.64990234375,4026.89990234375,2007
2025-04-09 13:46:00+05:30,4024.35009765625,4025.699951171875,4021.14990234375,4025.699951171875,6822
2025-04-09 13:47:00+05:30,4026.89990234375,4027.39990234375,4024.699951171875,4025.25,1421
2025-04-09 13:48:00+05:30,4033.14990234375,4033.14990234375,4026.64990234375,4026.949951171875,1549
2025-04-09 13:49:00+05:30,4030.300048828125,4036.0,4030.050048828125,4033.0,2064
2025-04-09 13:50:00+05:30,4032.75,4034.85009765625,4028.35009765625,4030.050048828125,4754
2025-04-09 13:51:00+05:30,4034.199951171875,4035.39990234375,4031.550048828125,4031.550048828125,1481
2025-04-09 13:52:00+05:30,4042.449951171875,4042.449951171875,4034.199951171875,4034.199951171875,5550
2025-04-09 13:53:00+05:30,4038.64990234375,4042.699951171875,4037.60009765625,4040.800048828125,2478
2025-04-09 13:54:00+05:30,4039.0,4040.0,4037.050048828125,4040.0,1333
2025-04-09 13:55:00+05:30,4037.39990234375,4040.0,4037.39990234375,4038.050048828125,2208
2025-04-09 13:56:00+05:30,4037.0,4038.89990234375,4037.0,4038.5,1359
2025-04-09 13:57:00+05:30,4031.35009765625,4035.050048828125,4028.199951171875,4035.0,7155
2025-04-09 13:58:00+05:30,4035.25,4036.10009765625,4031.35009765625,4031.75,1439
2025-04-09 13:59:00+05:30,4036.0,4039.14990234375,4035.10009765625,4036.0,1240
2025-04-09 14:00:00+05:30,4035.800048828125,4036.0,4033.0,4036.0,1020
2025-04-09 14:01:00+05:30,4035.0,4037.0,4034.449951171875,4035.39990234375,719
2025-04-09 14:02:00+05:30,4033.89990234375,4035.25,4033.199951171875,4033.449951171875,783
2025-04-09 14:03:00+05:30,4031.300048828125,4034.949951171875,4031.300048828125,4034.949951171875,2109
2025-04-09 14:04:00+05:30,4032.050048828125,4032.449951171875,4029.550048828125,4031.60009765625,1252
2025-04-09 14:05:00+05:30,4036.60009765625,4036.64990234375,4031.25,4031.25,566
2025-04-09 14:06:00+05:30,4038.25,4038.300048828125,4036.050048828125,4036.050048828125,1510
2025-04-09 14:07:00+05:30,4038.0,4039.0,4036.0,4038.25,1004
2025-04-09 14:08:00+05:30,4037.949951171875,4041.949951171875,4037.75,4038.39990234375,2269
2025-04-09 14:09:00+05:30,4037.199951171875,4038.5,4037.199951171875,4038.5,1042
2025-04-09 14:10:00+05:30,4038.10009765625,4040.85009765625,4036.050048828125,4036.050048828125,2885
2025-04-09 14:11:00+05:30,4039.89990234375,4040.25,4038.14990234375,4040.25,814
2025-04-09 14:12:00+05:30,4035.199951171875,4038.050048828125,4033.199951171875,4038.0,1270
2025-04-09 14:13:00+05:30,4035.800048828125,4038.0,4033.89990234375,4035.39990234375,1459
2025-04-09 14:14:00+05:30,4033.35009765625,4034.60009765625,4031.89990234375,4034.60009765625,1393
2025-04-09 14:15:00+05:30,4035.699951171875,4037.60009765625,4031.0,4032.89990234375,2378
2025-04-09 14:16:00+05:30,4035.39990234375,4036.0,4034.10009765625,4035.60009765625,472
2025-04-09 14:17:00+05:30,4038.0,4038.0,4035.0,4035.25,1319
2025-04-09 14:18:00+05:30,4042.949951171875,4042.949951171875,4036.949951171875,4037.39990234375,2671
2025-04-09 14:19:00+05:30,4044.10009765625,4044.14990234375,4042.0,4043.5,4097
2025-04-09 14:20:00+05:30,4045.14990234375,4045.25,4037.050048828125,4044.10009765625,8246
2025-04-09 14:21:00+05:30,4050.25,4050.25,4042.14990234375,4045.14990234375,15723
2025-04-09 14:22:00+05:30,4046.14990234375,4050.10009765625,4044.0,4048.60009765625,2512
2025-04-09 14:23:00+05:30,4046.800048828125,4047.0,4045.64990234375,4045.64990234375,1418
2025-04-09 14:24:00+05:30,4045.0,4047.0,4045.0,4046.800048828125,5526
2025-04-09 14:25:00+05:30,4038.60009765625,4044.5,4037.199951171875,4044.35009765625,1918
2025-04-09 14:26:00+05:30,4038.60009765625,4038.60009765625,4035.949951171875,4038.550048828125,1540
2025-04-09 14:27:00+05:30,4037.39990234375,4038.60009765625,4036.14990234375,4038.60009765625,1055
2025-04-09 14:28:00+05:30,4036.949951171875,4036.949951171875,4035.0,4036.14990234375,1622
2025-04-09 14:29:00+05:30,4037.050048828125,4039.75,4036.0,4036.699951171875,2236
2025-04-09 14:30:00+05:30,4038.64990234375,4038.64990234375,4037.0,4037.60009765625,1112
2025-04-09 14:31:00+05:30,4037.89990234375,4038.14990234375,4034.14990234375,4036.949951171875,1630
2025-04-09 14:32:00+05:30,4043.300048828125,4044.89990234375,4037.85009765625,4037.85009765625,2887
2025-04-09 14:33:00+05:30,4042.199951171875,4043.550048828125,4041.800048828125,4043.300048828125,1047
2025-04-09 14:34:00+05:30,4039.60009765625,4041.0,4037.449951171875,4040.699951171875,1459
2025-04-09 14:35:00+05:30,4038.14990234375,4040.0,4037.0,4038.64990234375,965
2025-04-09 14:36:00+05:30,4038.89990234375,4041.300048828125,4037.25,4037.89990234375,2847
2025-04-09 14:37:00+05:30,4039.550048828125,4039.60009765625,4037.0,4039.300048828125,2107
2025-04-09 14:38:00+05:30,4043.0,4043.0,4038.449951171875,4039.60009765625,2084
2025-04-09 14:39:00+05:30,4042.75,4044.949951171875,4040.10009765625,4043.0,1171
2025-04-09 14:40:00+05:30,4042.0,4044.0,4042.0,4042.89990234375,1473
2025-04-09 14:41:00+05:30,4042.0,4043.89990234375,4041.0,4041.800048828125,1195
2025-04-09 14:42:00+05:30,4043.5,4043.75,4041.050048828125,4042.0,3705
2025-04-09 14:43:00+05:30,4042.0,4043.0,4041.699951171875,4041.75,926
2025-04-09 14:44:00+05:30,4045.0,4049.5,4042.89990234375,4044.85009765625,6829
2025-04-09 14:45:00+05:30,4044.449951171875,4046.39990234375,4042.949951171875,4045.25,2141
2025-04-09 14:46:00+05:30,4042.050048828125,4044.60009765625,4041.0,4044.60009765625,1929
2025-04-09 14:47:00+05:30,4038.699951171875,4042.0,4037.449951171875,4041.0,2725
2025-04-09 14:48:00+05:30,4039.050048828125,4039.699951171875,4035.550048828125,4038.35009765625,4087
2025-04-09 14:49:00+05:30,4040.0,4042.949951171875,4037.89990234375,4037.89990234375,2871
2025-04-09 14:50:00+05:30,4042.64990234375,4044.949951171875,4040.050048828125,4040.050048828125,2354
2025-04-09 14:51:00+05:30,4039.89990234375,4043.0,4039.60009765625,4042.949951171875,1635
2025-04-09 14:52:00+05:30,4041.449951171875,4042.0,4038.949951171875,4038.949951171875,3425
2025-04-09 14:53:00+05:30,4038.199951171875,4042.10009765625,4038.0,4041.449951171875,944
2025-04-09 14:54:00+05:30,4035.35009765625,4038.35009765625,4033.949951171875,4038.0,5239
2025-04-09 14:55:00+05:30,4033.949951171875,4035.0,4030.0,4034.85009765625,4716
2025-04-09 14:56:00+05:30,4036.050048828125,4036.64990234375,4033.800048828125,4035.0,1509
2025-04-09 14:57:00+05:30,4037.10009765625,4038.14990234375,4036.14990234375,4036.64990234375,1028
2025-04-09 14:58:00+05:30,4038.0,4038.0,4036.60009765625,4036.85009765625,980
2025-04-09 14:59:00+05:30,4037.25,4038.25,4036.60009765625,4037.89990234375,800
2025-04-09 15:00:00+05:30,4035.0,4037.35009765625,4035.0,4037.199951171875,3230
2025-04-09 15:01:00+05:30,4029.10009765625,4035.5,4028.300048828125,4035.5,6293
2025-04-09 15:02:00+05:30,4034.14990234375,4034.14990234375,4028.14990234375,4029.64990234375,5139
2025-04-09 15:03:00+05:30,4031.800048828125,4034.85009765625,4030.64990234375,4034.14990234375,3261
2025-04-09 15:04:00+05:30,4029.60009765625,4031.75,4028.5,4031.75,3164
2025-04-09 15:05:00+05:30,4029.89990234375,4030.050048828125,4028.800048828125,4029.60009765625,4922
2025-04-09 15:06:00+05:30,4030.0,4031.949951171875,4028.300048828125,4029.800048828125,5956
2025-04-09 15:07:00+05:30,4025.5,4030.0,4025.0,4030.0,4822
2025-04-09 15:08:00+05:30,4026.35009765625,4027.050048828125,4025.550048828125,4025.75,5025
2025-04-09 15:09:00+05:30,4026.449951171875,4027.0,4026.10009765625,4026.949951171875,2081
2025-04-09 15:10:00+05:30,4026.35009765625,4027.0,4025.85009765625,4026.14990234375,6405
2025-04-09 15:11:00+05:30,4025.25,4026.5,4025.25,4026.35009765625,4877
2025-04-09 15:12:00+05:30,4021.199951171875,4024.800048828125,4021.0,4024.5,5947
2025-04-09 15:13:00+05:30,4030.0,4031.35009765625,4021.050048828125,4021.14990234375,15915
2025-04-09 15:14:00+05:30,4031.449951171875,4031.449951171875,4028.39990234375,4029.85009765625,8501
2025-04-09 15:15:00+05:30,4031.949951171875,4032.0,4027.35009765625,4031.550048828125,8566
2025-04-09 15:16:00+05:30,4027.14990234375,4031.949951171875,4026.0,4031.949951171875,8544
2025-04-09 15:17:00+05:30,4029.85009765625,4030.39990234375,4026.800048828125,4027.25,4590
2025-04-09 15:18:00+05:30,4026.949951171875,4030.0,4026.25,4030.0,8817
2025-04-09 15:19:00+05:30,4023.0,4027.199951171875,4023.0,4027.050048828125,8414
2025-04-09 15:20:00+05:30,4032.35009765625,4032.35009765625,4023.0,4023.35009765625,22111
2025-04-09 15:21:00+05:30,4030.449951171875,4032.64990234375,4030.0,4032.35009765625,5125
2025-04-09 15:22:00+05:30,4030.550048828125,4032.0,4028.64990234375,4031.10009765625,4690
2025-04-09 15:23:00+05:30,4036.10009765625,4036.10009765625,4030.550048828125,4030.550048828125,10340
2025-04-09 15:24:00+05:30,4032.64990234375,4036.35009765625,4030.199951171875,4035.949951171875,8984
2025-04-09 15:25:00+05:30,4040.0,4041.949951171875,4035.949951171875,4037.0,13123
2025-04-09 15:26:00+05:30,4042.10009765625,4043.0,4037.699951171875,4040.199951171875,7519
2025-04-09 15:27:00+05:30,4042.050048828125,4042.89990234375,4035.0,4040.5,6398
2025-04-09 15:28:00+05:30,4036.14990234375,4043.0,4036.10009765625,4041.89990234375,4917
2025-04-09 15:29:00+05:30,4042.0,4044.89990234375,4036.14990234375,4039.449951171875,5631
2025-04-11 09:15:00+05:30,4081.10009765625,4096.10009765625,4068.75,4085.0,0
2025-04-11 09:16:00+05:30,4097.0498046875,4100.0,4078.5,4083.800048828125,32360
2025-04-11 09:17:00+05:30,4094.199951171875,4097.60009765625,4090.0,4094.5,20304
2025-04-11 09:18:00+05:30,4093.949951171875,4096.25,4089.050048828125,4093.800048828125,12358
2025-04-11 09:19:00+05:30,4094.0,4095.89990234375,4091.050048828125,4095.0,9156
2025-04-11 09:20:00+05:30,4104.0,4105.0,4090.949951171875,4093.050048828125,22346
2025-04-11 09:21:00+05:30,4117.35009765625,4119.10009765625,4105.60009765625,4106.2001953125,19363
2025-04-11 09:22:00+05:30,4107.0,4118.7001953125,4107.0,4117.0,20371
2025-04-11 09:23:00+05:30,4110.0,4113.2998046875,4106.0498046875,4108.75,8078
2025-04-11 09:24:00+05:30,4114.0,4115.0,4107.5498046875,4110.10009765625,11778
2025-04-11 09:25:00+05:30,4102.0,4117.0,4102.0,4114.89990234375,12629
2025-04-11 09:26:00+05:30,4101.35009765625,4105.7998046875,4100.2998046875,4103.39990234375,6058
2025-04-11 09:27:00+05:30,4090.10009765625,4097.2998046875,4089.0,4096.7001953125,16890
2025-04-11 09:28:00+05:30,4087.550048828125,4090.949951171875,4084.0,4088.050048828125,10333
2025-04-11 09:29:00+05:30,4092.75,4096.0,4087.60009765625,4087.60009765625,6713
2025-04-11 09:30:00+05:30,4100.0,4100.0,4092.800048828125,4092.800048828125,7959
2025-04-11 09:31:00+05:30,4090.050048828125,4099.89990234375,4090.050048828125,4098.9501953125,5422
2025-04-11 09:32:00+05:30,4098.0,4099.0,4090.050048828125,4090.050048828125,4908
2025-04-11 09:33:00+05:30,4097.35009765625,4099.0,4094.0,4098.85009765625,3186
2025-04-11 09:34:00+05:30,4103.2001953125,4104.0,4095.550048828125,4098.0,8115
2025-04-11 09:35:00+05:30,4105.0,4108.0498046875,4103.10009765625,4103.10009765625,6550
2025-04-11 09:36:00+05:30,4109.0,4111.64990234375,4106.5,4106.5,7052
2025-04-11 09:37:00+05:30,4104.0,4109.85009765625,4102.5498046875,4109.85009765625,5817
2025-04-11 09:38:00+05:30,4108.25,4109.0,4104.0,4104.0,4323
2025-04-11 09:39:00+05:30,4108.39990234375,4110.0,4105.7001953125,4108.0,3099
2025-04-11 09:40:00+05:30,4107.0,4108.89990234375,4105.0,4107.14990234375,3317
2025-04-11 09:41:00+05:30,4101.85009765625,4107.0,4100.2998046875,4107.0,3500
2025-04-11 09:42:00+05:30,4103.7998046875,4105.7001953125,4100.5498046875,4100.5498046875,4590
2025-04-11 09:43:00+05:30,4101.35009765625,4106.0,4101.0,4104.85009765625,3356
2025-04-11 09:44:00+05:30,4099.2998046875,4102.85009765625,4097.10009765625,4101.35009765625,7515
2025-04-11 09:45:00+05:30,4100.85009765625,4104.2001953125,4097.14990234375,4099.5498046875,3317
2025-04-11 09:46:00+05:30,4101.75,4103.0,4098.10009765625,4102.85009765625,3709
2025-04-11 09:47:00+05:30,4092.050048828125,4102.25,4092.050048828125,4102.0,4886
2025-04-11 09:48:00+05:30,4092.10009765625,4095.0,4092.0,4092.0,4790
2025-04-11 09:49:00+05:30,4092.0,4094.0,4090.0,4092.85009765625,5368
2025-04-11 09:50:00+05:30,4090.949951171875,4092.0,4088.0,4092.0,6799
2025-04-11 09:51:00+05:30,4098.85009765625,4099.0,4093.0,4093.0,4469
2025-04-11 09:52:00+05:30,4095.050048828125,4098.2998046875,4095.050048828125,4097.89990234375,2059
2025-04-11 09:53:00+05:30,4094.550048828125,4095.949951171875,4091.10009765625,4095.0,3025
2025-04-11 09:54:00+05:30,4096.0498046875,4097.2001953125,4092.35009765625,4096.0,1684
2025-04-11 09:55:00+05:30,4092.85009765625,4098.0,4092.85009765625,4096.0498046875,3286
2025-04-11 09:56:00+05:30,4092.0,4093.0,4090.0,4092.0,3476
2025-04-11 09:57:00+05:30,4094.0,4095.0,4092.5,4093.0,1473
2025-04-11 09:58:00+05:30,4090.0,4094.449951171875,4086.35009765625,4094.449951171875,6747
2025-04-11 09:59:00+05:30,4089.449951171875,4091.949951171875,4088.0,4088.64990234375,3192
2025-04-11 10:00:00+05:30,4088.0,4091.949951171875,4088.0,4089.699951171875,2786
2025-04-11 10:01:00+05:30,4088.60009765625,4091.0,4088.0,4088.0,2065
2025-04-11 10:02:00+05:30,4089.64990234375,4089.699951171875,4087.14990234375,4089.5,1674
2025-04-11 10:03:00+05:30,4092.0,4092.0,4087.0,4087.699951171875,5272
2025-04-11 10:04:00+05:30,4095.0,4095.0,4090.050048828125,4091.199951171875,3120
2025-04-11 10:05:00+05:30,4094.449951171875,4095.0,4091.75,4095.0,2947
2025-04-11 10:06:00+05:30,4091.0,4094.5,4090.050048828125,4094.449951171875,2860
2025-04-11 10:07:00+05:30,4091.60009765625,4093.699951171875,4090.0,4091.300048828125,2113
2025-04-11 10:08:00+05:30,4096.7001953125,4097.0,4091.25,4091.25,3225
2025-04-11 10:09:00+05:30,4095.0,4097.7998046875,4093.949951171875,4096.7001953125,4646
2025-04-11 10:10:00+05:30,4093.35009765625,4093.35009765625,4091.10009765625,4091.10009765625,5167
2025-04-11 10:11:00+05:30,4095.0,4096.0,4092.39990234375,4093.300048828125,2555
2025-04-11 10:12:00+05:30,4103.0498046875,4106.14990234375,4095.699951171875,4095.949951171875,13101
2025-04-11 10:13:00+05:30,4102.7001953125,4104.2998046875,4100.25,4103.9501953125,5597
2025-04-11 10:14:00+05:30,4103.0,4103.7998046875,4101.39990234375,4102.7001953125,4294
2025-04-11 10:15:00+05:30,4107.0,4107.7998046875,4102.0,4102.0,7175
2025-04-11 10:16:00+05:30,4103.0,4106.89990234375,4102.0,4106.89990234375,3522
2025-04-11 10:17:00+05:30,4102.0,4104.7001953125,4096.0,4103.0,6734
2025-04-11 10:18:00+05:30,4098.9501953125,4104.0,4097.2998046875,4101.9501953125,2918
2025-04-11 10:19:00+05:30,4094.0,4098.89990234375,4093.0,4098.89990234375,3360
2025-04-11 10:20:00+05:30,4094.5,4094.5,4090.35009765625,4093.0,4038
2025-04-11 10:21:00+05:30,4089.0,4096.39990234375,4086.699951171875,4096.39990234375,5750
2025-04-11 10:22:00+05:30,4095.300048828125,4095.949951171875,4089.0,4089.39990234375,2363
2025-04-11 10:23:00+05:30,4090.0,4095.89990234375,4088.0,4094.449951171875,3788
2025-04-11 10:24:00+05:30,4083.25,4090.0,4081.0,4089.85009765625,10714
2025-04-11 10:25:00+05:30,4083.75,4087.949951171875,4082.0,4083.25,5902
2025-04-11 10:26:00+05:30,4084.0,4085.0,4082.0,4085.0,2916
2025-04-11 10:27:00+05:30,4086.0,4086.0,4082.0,4084.0,3250
2025-04-11 10:28:00+05:30,4084.0,4086.25,4082.5,4086.0,2138
2025-04-11 10:29:00+05:30,4081.5,4084.10009765625,4081.0,4084.10009765625,3023
2025-04-11 10:30:00+05:30,4090.0,4090.0,4081.5,4081.5,3298
2025-04-11 10:31:00+05:30,4091.800048828125,4092.0,4089.0,4091.89990234375,3993
2025-04-11 10:32:00+05:30,4093.300048828125,4095.0,4090.199951171875,4090.199951171875,3909
2025-04-11 10:33:00+05:30,4092.699951171875,4094.0,4090.5,4091.949951171875,2700
2025-04-11 10:34:00+05:30,4089.35009765625,4094.10009765625,4088.0,4093.199951171875,2247
2025-04-11 10:35:00+05:30,4085.14990234375,4089.25,4085.0,4089.0,2707
2025-04-11 10:36:00+05:30,4079.949951171875,4088.0,4078.550048828125,4085.550048828125,14552
2025-04-11 10:37:00+05:30,4084.14990234375,4084.300048828125,4078.050048828125,4079.949951171875,3072
2025-04-11 10:38:00+05:30,4087.64990234375,4089.0,4082.449951171875,4082.699951171875,2918
2025-04-11 10:39:00+05:30,4084.35009765625,4087.89990234375,4084.050048828125,4086.199951171875,821
2025-04-11 10:40:00+05:30,4090.0,4091.550048828125,4084.14990234375,4084.300048828125,3456
2025-04-11 10:41:00+05:30,4088.89990234375,4090.0,4086.300048828125,4090.0,1149
2025-04-11 10:42:00+05:30,4094.25,4096.0,4089.0,4089.0,5671
2025-04-11 10:43:00+05:30,4095.14990234375,4096.5498046875,4093.449951171875,4094.25,3311
2025-04-11 10:44:00+05:30,4098.60009765625,4102.75,4095.199951171875,4096.75,5511
2025-04-11 10:45:00+05:30,4099.89990234375,4100.64990234375,4098.0,4100.0,3184
2025-04-11 10:46:00+05:30,4094.85009765625,4100.0,4094.85009765625,4099.0498046875,2487
2025-04-11 10:47:00+05:30,4095.0,4098.39990234375,4094.39990234375,4096.25,1875
2025-04-11 10:48:00+05:30,4098.35009765625,4099.75,4095.14990234375,4095.35009765625,2055
2025-04-11 10:49:00+05:30,4096.7998046875,4101.0,4095.64990234375,4099.7998046875,3779
2025-04-11 10:50:00+05:30,4098.64990234375,4098.64990234375,4094.300048828125,4096.7998046875,1456
2025-04-11 10:51:00+05:30,4096.7001953125,4098.7998046875,4096.0,4097.10009765625,507
2025-04-11 10:52:00+05:30,4091.10009765625,4096.25,4091.10009765625,4096.25,1483
2025-04-11 10:53:00+05:30,4090.10009765625,4092.39990234375,4090.0,4091.75,2321
2025-04-11 10:54:00+05:30,4090.39990234375,4093.949951171875,4090.0,4091.75,2240
2025-04-11 10:55:00+05:30,4094.050048828125,4096.9501953125,4091.10009765625,4091.39990234375,1566
2025-04-11 10:56:00+05:30,4096.85009765625,4098.0,4093.050048828125,4094.050048828125,1498
2025-04-11 10:57:00+05:30,4099.5,4099.5,4096.2998046875,4098.0,1227
2025-04-11 10:58:00+05:30,4099.0,4099.5,4097.25,4097.4501953125,1302
2025-04-11 10:59:00+05:30,4098.2998046875,4099.0,4096.35009765625,4097.0,1103
2025-04-11 11:00:00+05:30,4104.0,4106.0,4098.0,4098.9501953125,10695
2025-04-11 11:01:00+05:30,4101.10009765625,4104.0498046875,4101.0,4103.14990234375,1637
2025-04-11 11:02:00+05:30,4100.39990234375,4101.14990234375,4098.39990234375,4100.9501953125,1410
2025-04-11 11:03:00+05:30,4102.5498046875,4102.9501953125,4099.85009765625,4101.75,3100
2025-04-11 11:04:00+05:30,4108.64990234375,4111.10009765625,4103.0,4103.0,14924
2025-04-11 11:05:00+05:30,4107.5,4110.0,4103.9501953125,4108.64990234375,4380
2025-04-11 11:06:00+05:30,4106.0,4109.5,4104.14990234375,4107.9501953125,2252
2025-04-11 11:07:00+05:30,4115.0,4115.0,4104.64990234375,4105.89990234375,10367
2025-04-11 11:08:00+05:30,4112.0,4115.0,4110.0,4113.9501953125,5578
2025-04-11 11:09:00+05:30,4114.75,4114.89990234375,4110.60009765625,4112.5498046875,4892
2025-04-11 11:10:00+05:30,4111.14990234375,4114.89990234375,4110.89990234375,4114.89990234375,1991
2025-04-11 11:11:00+05:30,4111.2998046875,4113.0,4110.0,4111.14990234375,2435
2025-04-11 11:12:00+05:30,4112.0,4112.0,4107.5,4111.60009765625,6227
2025-04-11 11:13:00+05:30,4112.0,4113.0498046875,4108.7998046875,4111.4501953125,1839
2025-04-11 11:14:00+05:30,4111.25,4112.35009765625,4110.5498046875,4112.0,967
2025-04-11 11:15:00+05:30,4115.75,4118.0,4110.4501953125,4110.5498046875,12463
2025-04-11 11:16:00+05:30,4111.7998046875,4115.75,4111.2001953125,4114.5498046875,1423
2025-04-11 11:17:00+05:30,4109.25,4112.2998046875,4109.25,4112.2998046875,2950
2025-04-11 11:18:00+05:30,4108.7001953125,4110.2998046875,4108.7001953125,4109.25,1105
2025-04-11 11:19:00+05:30,4106.0,4108.89990234375,4106.0,4108.0,1759
2025-04-11 11:20:00+05:30,4106.0498046875,4107.75,4104.14990234375,4105.75,3197
2025-04-11 11:21:00+05:30,4105.0,4105.9501953125,4104.0,4105.7998046875,943
2025-04-11 11:22:00+05:30,4106.35009765625,4109.10009765625,4105.0,4105.0,905
2025-04-11 11:23:00+05:30,4109.5,4109.5,4105.0,4105.60009765625,1044
2025-04-11 11:24:00+05:30,4111.39990234375,4112.0,4108.60009765625,4108.85009765625,2109
2025-04-11 11:25:00+05:30,4113.85009765625,4114.2998046875,4110.5498046875,4111.0,2809
2025-04-11 11:26:00+05:30,4112.25,4113.7001953125,4111.0,4113.7001953125,1386
2025-04-11 11:27:00+05:30,4110.0,4112.7001953125,4109.10009765625,4112.7001953125,3140
2025-04-11 11:28:00+05:30,4112.7001953125,4112.7001953125,4108.64990234375,4110.0,1802
2025-04-11 11:29:00+05:30,4111.89990234375,4112.7001953125,4110.0,4112.7001953125,2661
2025-04-11 11:30:00+05:30,4109.4501953125,4111.89990234375,4107.0,4111.85009765625,1231
2025-04-11 11:31:00+05:30,4111.75,4112.0,4110.0,4110.5,1247
2025-04-11 11:32:00+05:30,4111.0,4112.0,4110.25,4111.2001953125,1113
2025-04-11 11:33:00+05:30,4109.0,4111.89990234375,4109.0,4111.89990234375,1738
2025-04-11 11:34:00+05:30,4108.0,4110.0,4107.14990234375,4109.0,1611
2025-04-11 11:35:00+05:30,4114.85009765625,4114.85009765625,4107.2998046875,4107.2998046875,5508
2025-04-11 11:36:00+05:30,4114.25,4115.10009765625,4112.0,4114.85009765625,3932
2025-04-11 11:37:00+05:30,4111.4501953125,4114.7998046875,4111.0498046875,4114.7998046875,1630
2025-04-11 11:38:00+05:30,4110.2998046875,4112.0,4110.0,4112.0,822
2025-04-11 11:39:00+05:30,4111.14990234375,4112.0,4109.0,4110.25,2816
2025-04-11 11:40:00+05:30,4116.89990234375,4116.89990234375,4112.5,4112.7998046875,6141
2025-04-11 11:41:00+05:30,4116.7998046875,4117.0,4114.0,4116.89990234375,3471
2025-04-11 11:42:00+05:30,4112.9501953125,4116.9501953125,4112.2001953125,4116.64990234375,1364
2025-04-11 11:43:00+05:30,4115.5,4116.0,4113.0,4113.0498046875,1774
2025-04-11 11:44:00+05:30,4112.0,4115.14990234375,4112.0,4113.9501953125,828
2025-04-11 11:45:00+05:30,4120.0,4120.0,4111.2998046875,4112.0,8137
2025-04-11 11:46:00+05:30,4121.5,4127.5498046875,4120.0498046875,4123.5,20704
2025-04-11 11:47:00+05:30,4125.0,4125.9501953125,4120.10009765625,4121.5,4606
2025-04-11 11:48:00+05:30,4120.64990234375,4126.39990234375,4119.4501953125,4126.39990234375,4580
2025-04-11 11:49:00+05:30,4124.25,4125.0,4121.5498046875,4123.0,1977
2025-04-11 11:50:00+05:30,4123.2001953125,4125.0,4123.0,4124.64990234375,2983
2025-04-11 11:51:00+05:30,4120.0,4123.0498046875,4118.0,4123.0498046875,4044
2025-04-11 11:52:00+05:30,4118.9501953125,4123.0,4118.9501953125,4120.35009765625,1997
2025-04-11 11:53:00+05:30,4117.5,4120.64990234375,4116.2001953125,4119.5498046875,1171
2025-04-11 11:54:00+05:30,4120.5498046875,4120.5498046875,4113.5498046875,4115.60009765625,5256
2025-04-11 11:55:00+05:30,4124.2998046875,4124.2998046875,4120.5498046875,4120.5498046875,2070
2025-04-11 11:56:00+05:30,4120.85009765625,4124.2998046875,4120.75,4124.2998046875,1997
2025-04-11 11:57:00+05:30,4121.0,4123.60009765625,4120.4501953125,4122.0,1996
2025-04-11 11:58:00+05:30,4121.2998046875,4121.64990234375,4120.0,4120.39990234375,1510
2025-04-11 11:59:00+05:30,4120.0498046875,4121.2998046875,4118.60009765625,4121.2998046875,1685
2025-04-11 12:00:00+05:30,4119.7998046875,4121.7001953125,4118.60009765625,4118.60009765625,2382
2025-04-11 12:01:00+05:30,4120.7001953125,4121.5,4120.0,4120.0,1117
2025-04-11 12:02:00+05:30,4120.5498046875,4121.4501953125,4120.0,4121.0,1214
2025-04-11 12:03:00+05:30,4123.89990234375,4123.89990234375,4120.0,4120.0,2773
2025-04-11 12:04:00+05:30,4124.7001953125,4125.0,4122.2998046875,4123.89990234375,4725
2025-04-11 12:05:00+05:30,4122.35009765625,4125.0,4122.0,4124.7001953125,662
2025-04-11 12:06:00+05:30,4129.64990234375,4132.75,4121.0498046875,4122.0,15671
2025-04-11 12:07:00+05:30,4128.35009765625,4129.60009765625,4128.0,4129.60009765625,2522
2025-04-11 12:08:00+05:30,4127.60009765625,4128.35009765625,4126.0,4127.0,2928
2025-04-11 12:09:00+05:30,4127.2998046875,4128.0,4126.0498046875,4127.0,1113
2025-04-11 12:10:00+05:30,4131.4501953125,4132.0,4127.39990234375,4127.39990234375,3965
2025-04-11 12:11:00+05:30,4131.4501953125,4131.7001953125,4129.0498046875,4129.0498046875,2459
2025-04-11 12:12:00+05:30,4136.0,4136.0,4130.89990234375,4131.5,9047
2025-04-11 12:13:00+05:30,4135.10009765625,4138.0,4134.10009765625,4135.0,4967
2025-04-11 12:14:00+05:30,4137.0498046875,4137.64990234375,4134.10009765625,4135.2998046875,3432
2025-04-11 12:15:00+05:30,4134.14990234375,4137.5,4133.39990234375,4137.39990234375,2757
2025-04-11 12:16:00+05:30,4134.0,4134.5,4133.4501953125,4134.10009765625,1561
2025-04-11 12:17:00+05:30,4136.2001953125,4136.2001953125,4131.9501953125,4134.0,6711
2025-04-11 12:18:00+05:30,4129.0,4135.7001953125,4128.0,4135.7001953125,3512
2025-04-11 12:19:00+05:30,4129.2001953125,4129.39990234375,4127.5498046875,4127.5498046875,4030
2025-04-11 12:20:00+05:30,4127.0498046875,4129.25,4126.0,4129.0,1184
2025-04-11 12:21:00+05:30,4126.5498046875,4127.5,4125.10009765625,4127.39990234375,6735
2025-04-11 12:22:00+05:30,4125.0,4127.2998046875,4125.0,4126.14990234375,1737
2025-04-11 12:23:00+05:30,4125.75,4127.14990234375,4125.0498046875,4127.14990234375,574
2025-04-11 12:24:00+05:30,4126.14990234375,4126.14990234375,4125.0,4125.89990234375,1548
2025-04-11 12:25:00+05:30,4126.5,4126.60009765625,4125.14990234375,4126.14990234375,899
2025-04-11 12:26:00+05:30,4126.35009765625,4126.35009765625,4126.14990234375,4126.35009765625,711
2025-04-11 12:27:00+05:30,4126.35009765625,4126.35009765625,4126.0498046875,4126.2998046875,1500
2025-04-11 12:28:00+05:30,4126.39990234375,4126.4501953125,4125.5,4126.4501953125,1217
2025-04-11 12:29:00+05:30,4123.0,4126.5,4123.0,4126.5,3039
2025-04-11 12:30:00+05:30,4120.7001953125,4123.0498046875,4120.0,4123.0498046875,4253
2025-04-11 12:31:00+05:30,4123.64990234375,4123.64990234375,4120.0498046875,4120.10009765625,1998
2025-04-11 12:32:00+05:30,4123.75,4124.0,4123.0498046875,4123.0498046875,1113
2025-04-11 12:33:00+05:30,4123.2001953125,4125.10009765625,4123.0,4124.0,2326
2025-04-11 12:34:00+05:30,4121.9501953125,4124.2001953125,4121.75,4123.25,974
2025-04-11 12:35:00+05:30,4121.0,4122.9501953125,4120.0,4121.9501953125,3538
2025-04-11 12:36:00+05:30,4124.0,4124.0,4121.0,4121.0,1401
2025-04-11 12:37:00+05:30,4123.9501953125,4124.0,4123.0,4124.0,944
2025-04-11 12:38:00+05:30,4128.14990234375,4128.14990234375,4123.0498046875,4123.0498046875,3176
2025-04-11 12:39:00+05:30,4124.39990234375,4125.9501953125,4123.0,4125.5,1605
2025-04-11 12:40:00+05:30,4123.7001953125,4124.39990234375,4123.0,4123.89990234375,1278
2025-04-11 12:41:00+05:30,4124.39990234375,4126.0,4123.5498046875,4125.0,1265
2025-04-11 12:42:00+05:30,4120.75,4124.7001953125,4120.0,4124.7001953125,3086
2025-04-11 12:43:00+05:30,4126.5498046875,4126.5498046875,4120.0,4120.2998046875,1276
2025-04-11 12:44:00+05:30,4125.0,4127.0,4124.75,4126.75,1448
2025-04-11 12:45:00+05:30,4125.9501953125,4126.25,4124.9501953125,4124.9501953125,1201
2025-04-11 12:46:00+05:30,4127.0,4127.2998046875,4125.39990234375,4125.39990234375,1846
2025-04-11 12:47:00+05:30,4129.5,4129.5,4127.0,4127.2001953125,2686
2025-04-11 12:48:00+05:30,4131.25,4132.0,4127.7998046875,4129.5,2819
2025-04-11 12:49:00+05:30,4129.89990234375,4131.10009765625,4129.0,4131.10009765625,1654
2025-04-11 12:50:00+05:30,4126.4501953125,4129.89990234375,4126.4501953125,4129.89990234375,1354
2025-04-11 12:51:00+05:30,4129.14990234375,4130.85009765625,4125.5498046875,4127.2001953125,2121
2025-04-11 12:52:00+05:30,4128.2001953125,4130.35009765625,4128.0,4129.2998046875,856
2025-04-11 12:53:00+05:30,4128.0,4129.14990234375,4126.7001953125,4129.0498046875,1413
2025-04-11 12:54:00+05:30,4127.14990234375,4128.2998046875,4127.10009765625,4127.25,552
2025-04-11 12:55:00+05:30,4127.14990234375,4129.0,4127.10009765625,4127.35009765625,1257
2025-04-11 12:56:00+05:30,4128.7998046875,4128.89990234375,4127.14990234375,4127.14990234375,1175
2025-04-11 12:57:00+05:30,4125.60009765625,4128.89990234375,4125.60009765625,4128.89990234375,1248
2025-04-11 12:58:00+05:30,4123.25,4125.25,4123.0498046875,4125.14990234375,2288
2025-04-11 12:59:00+05:30,4123.7001953125,4124.60009765625,4122.0,4123.0498046875,1139
2025-04-11 13:00:00+05:30,4125.5,4126.9501953125,4122.39990234375,4123.7001953125,1975
2025-04-11 13:01:00+05:30,4125.9501953125,4127.0,4124.2001953125,4124.85009765625,781
2025-04-11 13:02:00+05:30,4126.14990234375,4127.0498046875,4125.2998046875,4126.35009765625,1232
2025-04-11 13:03:00+05:30,4125.5,4126.10009765625,4124.2998046875,4125.5,1175
2025-04-11 13:04:00+05:30,4125.64990234375,4125.64990234375,4122.2998046875,4125.2998046875,921
2025-04-11 13:05:00+05:30,4124.89990234375,4126.0,4122.2998046875,4125.64990234375,1526
2025-04-11 13:06:00+05:30,4124.89990234375,4124.89990234375,4122.2998046875,4124.39990234375,1043
2025-04-11 13:07:00+05:30,4125.0,4126.0,4123.2001953125,4123.2001953125,2793
2025-04-11 13:08:00+05:30,4126.14990234375,4126.14990234375,4124.9501953125,4126.0,939
2025-04-11 13:09:00+05:30,4128.0498046875,4128.0498046875,4125.10009765625,4126.14990234375,1394
2025-04-11 13:10:00+05:30,4128.0,4128.2001953125,4125.9501953125,4126.0,1799
2025-04-11 13:11:00+05:30,4131.75,4135.0,4126.5498046875,4126.5498046875,7557
2025-04-11 13:12:00+05:30,4134.9501953125,4134.9501953125,4130.14990234375,4130.85009765625,3520
2025-04-11 13:13:00+05:30,4140.0,4140.0,4136.5,4136.5498046875,13560
2025-04-11 13:14:00+05:30,4135.9501953125,4142.4501953125,4135.7998046875,4140.7001953125,6973
2025-04-11 13:15:00+05:30,4130.0498046875,4136.0,4129.7998046875,4136.0,1884
2025-04-11 13:16:00+05:30,4132.25,4132.7001953125,4129.25,4130.25,2160
2025-04-11 13:17:00+05:30,4132.25,4134.10009765625,4131.64990234375,4132.39990234375,1784
2025-04-11 13:18:00+05:30,4128.0,4132.4501953125,4126.0,4132.4501953125,3675
2025-04-11 13:19:00+05:30,4124.39990234375,4127.9501953125,4122.60009765625,4127.9501953125,2861
2025-04-11 13:20:00+05:30,4122.2001953125,4123.5498046875,4121.0,4123.10009765625,3839
2025-04-11 13:21:00+05:30,4122.4501953125,4123.64990234375,4121.14990234375,4121.14990234375,1518
2025-04-11 13:22:00+05:30,4123.7001953125,4124.35009765625,4122.2001953125,4123.14990234375,1158
2025-04-11 13:23:00+05:30,4125.0,4128.4501953125,4123.89990234375,4123.89990234375,1947
2025-04-11 13:24:00+05:30,4124.85009765625,4126.5,4123.0,4126.0,1075
2025-04-11 13:25:00+05:30,4123.9501953125,4127.4501953125,4123.5,4127.2998046875,1789
2025-04-11 13:26:00+05:30,4124.10009765625,4126.10009765625,4123.5,4125.9501953125,773
2025-04-11 13:27:00+05:30,4120.5498046875,4123.14990234375,4120.0,4123.14990234375,4726
2025-04-11 13:28:00+05:30,4117.4501953125,4120.5498046875,4116.89990234375,4120.5,5173
2025-04-11 13:29:00+05:30,4119.35009765625,4120.7998046875,4117.0498046875,4117.25,1796
2025-04-11 13:30:00+05:30,4115.2998046875,4119.35009765625,4111.10009765625,4119.2998046875,8459
2025-04-11 13:31:00+05:30,4115.0,4118.0,4115.0,4115.2998046875,1894
2025-04-11 13:32:00+05:30,4123.4501953125,4123.4501953125,4115.0,4115.0,3361
2025-04-11 13:33:00+05:30,4118.25,4124.0,4117.2998046875,4122.4501953125,1093
2025-04-11 13:34:00+05:30,4118.0,4119.9501953125,4115.60009765625,4118.25,2564
2025-04-11 13:35:00+05:30,4117.60009765625,4119.39990234375,4115.5,4119.39990234375,2340
2025-04-11 13:36:00+05:30,4118.0,4119.0,4117.10009765625,4117.2998046875,2359
2025-04-11 13:37:00+05:30,4117.60009765625,4118.75,4116.0498046875,4118.75,1353
2025-04-11 13:38:00+05:30,4123.7998046875,4123.9501953125,4117.0,4117.60009765625,3583
2025-04-11 13:39:00+05:30,4123.0498046875,4124.85009765625,4120.85009765625,4122.75,1991
2025-04-11 13:40:00+05:30,4121.0498046875,4124.64990234375,4119.7001953125,4123.5498046875,1220
2025-04-11 13:41:00+05:30,4122.7001953125,4122.7001953125,4121.0,4121.0,658
2025-04-11 13:42:00+05:30,4118.85009765625,4122.60009765625,4118.0,4122.60009765625,1112
2025-04-11 13:43:00+05:30,4121.10009765625,4121.9501953125,4119.0,4119.25,1360
2025-04-11 13:44:00+05:30,4120.9501953125,4121.9501953125,4118.2001953125,4121.9501953125,715
2025-04-11 13:45:00+05:30,4119.25,4121.0,4118.60009765625,4119.89990234375,1025
2025-04-11 13:46:00+05:30,4118.60009765625,4118.7998046875,4117.0,4117.0,1244
2025-04-11 13:47:00+05:30,4117.9501953125,4118.75,4117.0,4118.5,1066
2025-04-11 13:48:00+05:30,4118.0,4118.0,4117.0498046875,4117.9501953125,2017
2025-04-11 13:49:00+05:30,4116.0498046875,4118.2998046875,4115.0,4117.89990234375,5560
2025-04-11 13:50:00+05:30,4113.4501953125,4117.39990234375,4110.5,4117.39990234375,3427
2025-04-11 13:51:00+05:30,4115.5,4116.0,4111.7998046875,4113.75,3228
2025-04-11 13:52:00+05:30,4113.35009765625,4117.0,4113.0,4115.25,1150
2025-04-11 13:53:00+05:30,4111.7998046875,4113.2001953125,4110.2998046875,4113.2001953125,3209
2025-04-11 13:54:00+05:30,4108.2001953125,4113.0,4107.0,4111.60009765625,8984
2025-04-11 13:55:00+05:30,4109.4501953125,4110.0,4105.85009765625,4108.2001953125,4516
2025-04-11 13:56:00+05:30,4110.0,4111.0,4107.0,4109.39990234375,1979
2025-04-11 13:57:00+05:30,4112.0,4114.0,4110.0,4110.2998046875,1936
2025-04-11 13:58:00+05:30,4113.0,4113.10009765625,4111.4501953125,4113.10009765625,1158
2025-04-11 13:59:00+05:30,4112.5,4113.0,4112.0,4113.0,657
2025-04-11 14:00:00+05:30,4108.75,4112.85009765625,4107.0,4112.85009765625,4064
2025-04-11 14:01:00+05:30,4106.0498046875,4107.89990234375,4105.0,4107.89990234375,2813
2025-04-11 14:02:00+05:30,4105.0,4108.0,4105.0,4106.2001953125,2476
2025-04-11 14:03:00+05:30,4098.5498046875,4105.0,4095.75,4105.0,14246
2025-04-11 14:04:00+05:30,4100.0,4101.89990234375,4096.0498046875,4099.75,3939
2025-04-11 14:05:00+05:30,4099.75,4100.0,4098.0,4099.7001953125,1336
2025-04-11 14:06:00+05:30,4098.0498046875,4099.9501953125,4096.2001953125,4099.10009765625,3697
2025-04-11 14:07:00+05:30,4100.0,4100.0,4098.10009765625,4098.10009765625,4408
2025-04-11 14:08:00+05:30,4104.85009765625,4106.64990234375,4099.10009765625,4100.0,7288
2025-04-11 14:09:00+05:30,4105.2001953125,4105.25,4102.25,4104.85009765625,1461
2025-04-11 14:10:00+05:30,4103.64990234375,4105.0498046875,4102.0,4105.0498046875,1689
2025-04-11 14:11:00+05:30,4102.25,4103.64990234375,4099.0,4100.25,2905
2025-04-11 14:12:00+05:30,4101.0,4103.0,4100.5,4101.0,1483
2025-04-11 14:13:00+05:30,4098.25,4102.0,4096.89990234375,4101.0,2787
2025-04-11 14:14:00+05:30,4103.5498046875,4103.5498046875,4098.0498046875,4099.35009765625,2302
2025-04-11 14:15:00+05:30,4103.7001953125,4104.2998046875,4100.2998046875,4103.0,3135
2025-04-11 14:16:00+05:30,4105.2001953125,4105.9501953125,4102.9501953125,4102.9501953125,3324
2025-04-11 14:17:00+05:30,4100.7998046875,4105.2998046875,4100.0,4104.7001953125,3499
2025-04-11 14:18:00+05:30,4105.0,4105.5,4100.85009765625,4100.85009765625,1936
2025-04-11 14:19:00+05:30,4102.7998046875,4105.0,4101.4501953125,4105.0,1398
2025-04-11 14:20:00+05:30,4103.4501953125,4104.7998046875,4101.35009765625,4102.0498046875,2987
2025-04-11 14:21:00+05:30,4099.9501953125,4103.85009765625,4099.0,4103.85009765625,5393
2025-04-11 14:22:00+05:30,4101.7998046875,4104.0,4099.89990234375,4100.0,1820
2025-04-11 14:23:00+05:30,4100.89990234375,4103.0,4100.64990234375,4102.14990234375,1732
2025-04-11 14:24:00+05:30,4102.9501953125,4103.2998046875,4099.39990234375,4100.89990234375,1861
2025-04-11 14:25:00+05:30,4099.2001953125,4102.7001953125,4099.0,4102.7001953125,1642
2025-04-11 14:26:00+05:30,4105.0,4105.0,4099.0,4099.9501953125,1794
2025-04-11 14:27:00+05:30,4100.0498046875,4104.7998046875,4100.0,4104.7001953125,2710
2025-04-11 14:28:00+05:30,4098.5,4100.5498046875,4098.5,4100.0,2663
2025-04-11 14:29:00+05:30,4098.5498046875,4099.14990234375,4095.0,4098.5,3914
2025-04-11 14:30:00+05:30,4105.0498046875,4105.0498046875,4097.5,4098.5498046875,3240
2025-04-11 14:31:00+05:30,4109.5,4111.60009765625,4105.7001953125,4105.7001953125,9273
2025-04-11 14:32:00+05:30,4110.0,4110.0,4108.10009765625,4109.5,2042
2025-04-11 14:33:00+05:30,4109.9501953125,4110.0,4107.85009765625,4109.9501953125,3388
2025-04-11 14:34:00+05:30,4109.0498046875,4113.5,4109.0,4110.39990234375,3308
2025-04-11 14:35:00+05:30,4109.9501953125,4110.9501953125,4107.64990234375,4109.5,2541
2025-04-11 14:36:00+05:30,4110.89990234375,4111.60009765625,4109.0,4110.0,1990
2025-04-11 14:37:00+05:30,4113.9501953125,4113.9501953125,4110.5,4110.9501953125,3137
2025-04-11 14:38:00+05:30,4117.25,4117.25,4114.0,4115.2998046875,3732
2025-04-11 14:39:00+05:30,4115.2998046875,4120.0,4113.2998046875,4117.39990234375,11339
2025-04-11 14:40:00+05:30,4113.7001953125,4114.64990234375,4110.5498046875,4114.64990234375,2290
2025-04-11 14:41:00+05:30,4115.5,4115.5,4110.0,4113.75,3595
2025-04-11 14:42:00+05:30,4118.35009765625,4121.85009765625,4115.14990234375,4116.0498046875,5033
2025-04-11 14:43:00+05:30,4115.35009765625,4118.25,4115.14990234375,4118.2001953125,1973
2025-04-11 14:44:00+05:30,4118.5,4120.0,4115.0,4116.9501953125,2336
2025-04-11 14:45:00+05:30,4122.0,4122.7001953125,4119.25,4119.9501953125,4189
2025-04-11 14:46:00+05:30,4121.5498046875,4122.0,4119.0,4122.0,1892
2025-04-11 14:47:00+05:30,4124.2001953125,4124.2001953125,4120.5,4122.35009765625,4788
2025-04-11 14:48:00+05:30,4125.0498046875,4126.0,4121.2998046875,4123.0,7024
2025-04-11 14:49:00+05:30,4124.5498046875,4125.0,4122.0,4124.5,3463
2025-04-11 14:50:00+05:30,4122.0,4126.0,4121.2001953125,4125.0,2445
2025-04-11 14:51:00+05:30,4118.2998046875,4122.85009765625,4116.0,4121.5498046875,4024
2025-04-11 14:52:00+05:30,4119.0,4119.4501953125,4117.0,4117.10009765625,3807
2025-04-11 14:53:00+05:30,4118.0,4119.0,4116.7998046875,4119.0,1042
2025-04-11 14:54:00+05:30,4118.75,4119.39990234375,4116.10009765625,4118.0,1780
2025-04-11 14:55:00+05:30,4121.2001953125,4121.2001953125,4117.75,4119.35009765625,1654
2025-04-11 14:56:00+05:30,4119.4501953125,4122.4501953125,4118.14990234375,4121.2001953125,2743
2025-04-11 14:57:00+05:30,4119.5498046875,4120.0,4118.0498046875,4119.10009765625,1232
2025-04-11 14:58:00+05:30,4118.9501953125,4119.89990234375,4118.4501953125,4119.4501953125,975
2025-04-11 14:59:00+05:30,4116.0,4118.9501953125,4116.0,4117.89990234375,1788
2025-04-11 15:00:00+05:30,4115.0,4117.89990234375,4115.0,4116.0498046875,5109
2025-04-11 15:01:00+05:30,4114.2001953125,4115.35009765625,4112.5498046875,4115.35009765625,2758
2025-04-11 15:02:00+05:30,4115.2001953125,4115.7998046875,4114.2001953125,4114.39990234375,4309
2025-04-11 15:03:00+05:30,4115.2001953125,4118.0,4115.2001953125,4116.0,2655
2025-04-11 15:04:00+05:30,4115.89990234375,4115.89990234375,4115.10009765625,4115.7001953125,1538
2025-04-11 15:05:00+05:30,4117.5,4117.5,4113.60009765625,4115.9501953125,4593
2025-04-11 15:06:00+05:30,4115.0,4117.5,4115.0,4117.5,2647
2025-04-11 15:07:00+05:30,4111.0,4115.5,4111.0,4115.0,3005
2025-04-11 15:08:00+05:30,4109.9501953125,4111.0,4107.2001953125,4111.0,7243
2025-04-11 15:09:00+05:30,4112.9501953125,4112.9501953125,4109.25,4109.9501953125,4012
2025-04-11 15:10:00+05:30,4108.7998046875,4112.9501953125,4108.0,4112.9501953125,4341
2025-04-11 15:11:00+05:30,4108.0,4111.0,4107.0498046875,4108.7001953125,4477
2025-04-11 15:12:00+05:30,4108.89990234375,4108.9501953125,4107.75,4108.7998046875,2582
2025-04-11 15:13:00+05:30,4108.25,4108.85009765625,4107.7998046875,4108.2998046875,2625
2025-04-11 15:14:00+05:30,4108.9501953125,4108.9501953125,4106.9501953125,4108.25,6142
2025-04-11 15:15:00+05:30,4109.64990234375,4109.9501953125,4108.0,4109.2001953125,5246
2025-04-11 15:16:00+05:30,4106.5498046875,4109.64990234375,4105.25,4109.4501953125,8412
2025-04-11 15:17:00+05:30,4106.5,4106.9501953125,4106.14990234375,4106.5498046875,3649
2025-04-11 15:18:00+05:30,4100.75,4106.5,4099.4501953125,4106.35009765625,11242
2025-04-11 15:19:00+05:30,4104.0,4105.14990234375,4100.0,4100.75,9206
2025-04-11 15:20:00+05:30,4101.85009765625,4103.7998046875,4101.25,4102.4501953125,8346
2025-04-11 15:21:00+05:30,4103.2001953125,4103.2001953125,4101.85009765625,4101.85009765625,3021
2025-04-11 15:22:00+05:30,4105.0,4105.0,4103.0,4103.2001953125,4474
2025-04-11 15:23:00+05:30,4103.85009765625,4105.5498046875,4103.25,4105.0,4634
2025-04-11 15:24:00+05:30,4105.64990234375,4105.64990234375,4103.0,4103.89990234375,5935
2025-04-11 15:25:00+05:30,4105.0,4106.0,4103.60009765625,4105.2001953125,3734
2025-04-11 15:26:00+05:30,4104.0,4105.0,4102.0,4105.0,6620
2025-04-11 15:27:00+05:30,4104.64990234375,4105.0,4102.0,4104.0,5314
2025-04-11 15:28:00+05:30,4101.7001953125,4105.14990234375,4101.25,4104.9501953125,6250
2025-04-11 15:29:00+05:30,4101.0498046875,4107.2001953125,4100.9501953125,4105.0,5195
2025-04-16 09:15:00+05:30,4198.39990234375,4216.5,4191.0,4215.0,0
2025-04-16 09:16:00+05:30,4197.0,4200.0,4190.2998046875,4200.0,24536
2025-04-16 09:17:00+05:30,4181.7998046875,4197.0,4180.60009765625,4197.0,18923
2025-04-16 09:18:00+05:30,4176.2998046875,4182.5,4172.0,4182.5,18046
2025-04-16 09:19:00+05:30,4183.2998046875,4186.0,4176.2998046875,4176.2998046875,10941
2025-04-16 09:20:00+05:30,4184.0,4185.0,4179.0,4182.60009765625,9603
2025-04-16 09:21:00+05:30,4189.5,4192.0,4180.0,4185.0,9950
2025-04-16 09:22:00+05:30,4194.0,4195.0,4190.0,4190.0,8838
2025-04-16 09:23:00+05:30,4194.2998046875,4196.0,4191.39990234375,4193.39990234375,9440
2025-04-16 09:24:00+05:30,4191.0,4195.10009765625,4191.0,4194.10009765625,6926
2025-04-16 09:25:00+05:30,4191.0,4192.89990234375,4188.5,4192.89990234375,4821
2025-04-16 09:26:00+05:30,4191.0,4192.89990234375,4189.0,4191.0,2762
2025-04-16 09:27:00+05:30,4194.5,4195.0,4190.0,4191.0,2841
2025-04-16 09:28:00+05:30,4198.5,4199.60009765625,4191.0,4194.5,7007
2025-04-16 09:29:00+05:30,4202.7001953125,4205.0,4198.0,4198.0,11535
2025-04-16 09:30:00+05:30,4202.5,4204.0,4201.0,4202.60009765625,5546
2025-04-16 09:31:00+05:30,4199.0,4203.2998046875,4198.60009765625,4202.60009765625,6230
2025-04-16 09:32:00+05:30,4200.0,4202.39990234375,4196.5,4199.60009765625,5180
2025-04-16 09:33:00+05:30,4195.0,4200.7001953125,4195.0,4200.7001953125,3853
2025-04-16 09:34:00+05:30,4191.2001953125,4195.0,4191.2001953125,4195.0,4147
2025-04-16 09:35:00+05:30,4196.0,4196.89990234375,4190.39990234375,4190.5,4112
2025-04-16 09:36:00+05:30,4198.89990234375,4202.5,4196.2998046875,4196.89990234375,5002
2025-04-16 09:37:00+05:30,4200.7001953125,4202.89990234375,4197.5,4199.10009765625,2820
2025-04-16 09:38:00+05:30,4212.0,4212.0,4200.0,4200.10009765625,10933
2025-04-16 09:39:00+05:30,4210.5,4214.0,4209.2998046875,4210.2998046875,5715
2025-04-16 09:40:00+05:30,4211.60009765625,4213.7998046875,4210.0,4210.5,7159
2025-04-16 09:41:00+05:30,4215.0,4218.89990234375,4212.2998046875,4213.0,11855
2025-04-16 09:42:00+05:30,4213.60009765625,4215.7001953125,4211.7001953125,4215.7001953125,4861
2025-04-16 09:43:00+05:30,4214.10009765625,4216.0,4212.39990234375,4212.5,2973
2025-04-16 09:44:00+05:30,4214.0,4216.10009765625,4212.60009765625,4214.10009765625,4580
2025-04-16 09:45:00+05:30,4213.39990234375,4216.0,4212.0,4214.10009765625,8074
2025-04-16 09:46:00+05:30,4212.2001953125,4214.2998046875,4212.10009765625,4213.39990234375,2973
2025-04-16 09:47:00+05:30,4211.39990234375,4212.5,4210.0,4212.5,5042
2025-04-16 09:48:00+05:30,4211.0,4213.7001953125,4210.7998046875,4210.7998046875,2200
2025-04-16 09:49:00+05:30,4211.2001953125,4214.89990234375,4210.89990234375,4211.0,3653
2025-04-16 09:50:00+05:30,4213.10009765625,4214.0,4210.0,4211.7998046875,3648
2025-04-16 09:51:00+05:30,4227.7001953125,4228.0,4211.39990234375,4212.2998046875,20886
2025-04-16 09:52:00+05:30,4227.2998046875,4230.0,4225.60009765625,4226.10009765625,9642
2025-04-16 09:53:00+05:30,4228.0,4229.10009765625,4226.0,4227.2998046875,6062
2025-04-16 09:54:00+05:30,4226.39990234375,4229.0,4225.2001953125,4229.0,6942
2025-04-16 09:55:00+05:30,4233.10009765625,4235.2001953125,4225.5,4225.5,8551
2025-04-16 09:56:00+05:30,4232.0,4235.0,4230.0,4233.10009765625,5545
2025-04-16 09:57:00+05:30,4237.60009765625,4238.7001953125,4232.7001953125,4232.7001953125,9085
2025-04-16 09:58:00+05:30,4240.10009765625,4241.7998046875,4235.10009765625,4237.60009765625,14685
2025-04-16 09:59:00+05:30,4239.2998046875,4241.39990234375,4237.10009765625,4240.0,9591
2025-04-16 10:00:00+05:30,4239.89990234375,4242.0,4238.7001953125,4239.89990234375,9416
2025-04-16 10:01:00+05:30,4233.5,4241.39990234375,4232.39990234375,4239.89990234375,10313
2025-04-16 10:02:00+05:30,4234.0,4234.60009765625,4232.10009765625,4234.60009765625,7093
2025-04-16 10:03:00+05:30,4235.2998046875,4238.60009765625,4231.0,4232.39990234375,7262
2025-04-16 10:04:00+05:30,4238.0,4240.0,4235.0,4235.2998046875,6850
2025-04-16 10:05:00+05:30,4236.2998046875,4238.0,4235.0,4238.0,5720
2025-04-16 10:06:00+05:30,4234.60009765625,4237.60009765625,4232.0,4236.0,9398
2025-04-16 10:07:00+05:30,4233.89990234375,4235.0,4232.0,4233.60009765625,3700
2025-04-16 10:08:00+05:30,4229.0,4234.7001953125,4229.0,4233.89990234375,7770
2025-04-16 10:09:00+05:30,4231.7998046875,4233.0,4225.10009765625,4229.0,9834
2025-04-16 10:10:00+05:30,4229.7001953125,4232.7001953125,4229.7001953125,4232.7001953125,3353
2025-04-16 10:11:00+05:30,4234.0,4235.7001953125,4229.89990234375,4229.89990234375,4643
2025-04-16 10:12:00+05:30,4231.0,4234.0,4230.0,4234.0,4040
2025-04-16 10:13:00+05:30,4227.7998046875,4230.89990234375,4225.10009765625,4230.89990234375,8312
2025-04-16 10:14:00+05:30,4230.5,4230.5,4226.0,4226.2998046875,4088
2025-04-16 10:15:00+05:30,4225.7001953125,4230.5,4225.7001953125,4230.5,3610
2025-04-16 10:16:00+05:30,4225.7998046875,4227.0,4224.7998046875,4225.7001953125,7076
2025-04-16 10:17:00+05:30,4220.0,4225.7998046875,4220.0,4225.7998046875,9088
2025-04-16 10:18:00+05:30,4215.10009765625,4220.0,4215.10009765625,4220.0,9345
2025-04-16 10:19:00+05:30,4206.10009765625,4215.7001953125,4206.10009765625,4215.10009765625,8232
2025-04-16 10:20:00+05:30,4213.7998046875,4214.60009765625,4205.89990234375,4206.2998046875,8697
2025-04-16 10:21:00+05:30,4209.0,4213.89990234375,4209.0,4213.5,3822
2025-04-16 10:22:00+05:30,4211.5,4211.7998046875,4208.0,4209.0,3805
2025-04-16 10:23:00+05:30,4207.10009765625,4212.60009765625,4205.0,4211.0,8778
2025-04-16 10:24:00+05:30,4205.2001953125,4207.7998046875,4204.5,4206.60009765625,4158
2025-04-16 10:25:00+05:30,4202.0,4204.89990234375,4202.0,4204.89990234375,3704
2025-04-16 10:26:00+05:30,4214.7001953125,4215.0,4202.2998046875,4203.0,10736
2025-04-16 10:27:00+05:30,4211.2001953125,4215.60009765625,4210.60009765625,4214.10009765625,4157
2025-04-16 10:28:00+05:30,4212.5,4214.0,4211.2001953125,4213.0,2148
2025-04-16 10:29:00+05:30,4212.5,4215.0,4211.7998046875,4212.5,2181
2025-04-16 10:30:00+05:30,4210.5,4213.0,4210.5,4212.5,3628
2025-04-16 10:31:00+05:30,4208.10009765625,4211.0,4205.60009765625,4211.0,4163
2025-04-16 10:32:00+05:30,4217.0,4217.0,4208.89990234375,4208.89990234375,4271
2025-04-16 10:33:00+05:30,4215.2998046875,4217.0,4213.2001953125,4215.2001953125,1276
2025-04-16 10:34:00+05:30,4215.0,4215.5,4211.0,4214.89990234375,2798
2025-04-16 10:35:00+05:30,4211.89990234375,4214.39990234375,4211.89990234375,4214.0,1257
2025-04-16 10:36:00+05:30,4212.0,4214.5,4212.0,4213.2001953125,953
2025-04-16 10:37:00+05:30,4212.0,4213.0,4211.5,4212.0,1550
2025-04-16 10:38:00+05:30,4209.39990234375,4211.0,4208.89990234375,4211.0,3872
2025-04-16 10:39:00+05:30,4212.5,4212.5,4209.10009765625,4210.2998046875,2006
2025-04-16 10:40:00+05:30,4214.2998046875,4215.0,4211.7001953125,4213.0,1187
2025-04-16 10:41:00+05:30,4212.89990234375,4215.5,4212.0,4215.0,1818
2025-04-16 10:42:00+05:30,4215.10009765625,4217.10009765625,4212.5,4214.39990234375,3147
2025-04-16 10:43:00+05:30,4213.7998046875,4216.5,4213.7001953125,4216.5,996
2025-04-16 10:44:00+05:30,4218.60009765625,4219.5,4215.0,4215.2998046875,3093
2025-04-16 10:45:00+05:30,4216.5,4219.10009765625,4215.5,4218.39990234375,1632
2025-04-16 10:46:00+05:30,4219.5,4219.5,4216.5,4216.5,3388
2025-04-16 10:47:00+05:30,4220.0,4220.7998046875,4218.60009765625,4218.7998046875,3216
2025-04-16 10:48:00+05:30,4222.2001953125,4225.0,4220.0,4220.7998046875,3609
2025-04-16 10:49:00+05:30,4219.2998046875,4223.0,4219.2001953125,4223.0,2957
2025-04-16 10:50:00+05:30,4216.39990234375,4219.2998046875,4215.89990234375,4219.2998046875,974
2025-04-16 10:51:00+05:30,4216.10009765625,4217.7001953125,4214.89990234375,4216.39990234375,2945
2025-04-16 10:52:00+05:30,4217.2998046875,4219.89990234375,4214.89990234375,4216.0,1520
2025-04-16 10:53:00+05:30,4214.10009765625,4218.10009765625,4214.10009765625,4218.10009765625,1274
2025-04-16 10:54:00+05:30,4214.2001953125,4216.0,4212.5,4214.10009765625,2771
2025-04-16 10:55:00+05:30,4216.60009765625,4218.89990234375,4213.5,4214.89990234375,1718
2025-04-16 10:56:00+05:30,4217.7001953125,4218.7001953125,4216.7998046875,4216.89990234375,1277
2025-04-16 10:57:00+05:30,4219.0,4220.0,4218.0,4218.10009765625,3592
2025-04-16 10:58:00+05:30,4224.39990234375,4224.39990234375,4218.10009765625,4218.10009765625,7675
2025-04-16 10:59:00+05:30,4221.89990234375,4224.39990234375,4221.60009765625,4224.39990234375,2189
2025-04-16 11:00:00+05:30,4218.7998046875,4222.0,4218.0,4221.89990234375,2330
2025-04-16 11:01:00+05:30,4216.89990234375,4221.89990234375,4214.2998046875,4218.39990234375,9237
2025-04-16 11:02:00+05:30,4218.89990234375,4222.0,4217.60009765625,4219.7998046875,3543
2025-04-16 11:03:00+05:30,4218.5,4218.89990234375,4214.89990234375,4218.0,3466
2025-04-16 11:04:00+05:30,4218.5,4219.0,4217.5,4218.2001953125,1100
2025-04-16 11:05:00+05:30,4219.89990234375,4220.0,4217.39990234375,4218.5,2062
2025-04-16 11:06:00+05:30,4219.7998046875,4219.89990234375,4216.60009765625,4219.7001953125,1825
2025-04-16 11:07:00+05:30,4220.39990234375,4220.89990234375,4218.10009765625,4218.10009765625,2486
2025-04-16 11:08:00+05:30,4223.0,4223.7001953125,4219.7998046875,4219.7998046875,3380
2025-04-16 11:09:00+05:30,4223.89990234375,4225.0,4220.10009765625,4223.7998046875,3110
2025-04-16 11:10:00+05:30,4223.0,4223.89990234375,4222.0,4223.89990234375,1150
2025-04-16 11:11:00+05:30,4223.89990234375,4224.2001953125,4222.39990234375,4222.89990234375,2004
2025-04-16 11:12:00+05:30,4224.0,4228.89990234375,4220.5,4223.89990234375,8593
2025-04-16 11:13:00+05:30,4222.5,4224.7001953125,4222.10009765625,4224.7001953125,1098
2025-04-16 11:14:00+05:30,4222.0,4222.60009765625,4220.7001953125,4222.5,1824
2025-04-16 11:15:00+05:30,4218.10009765625,4221.60009765625,4218.10009765625,4220.89990234375,3159
2025-04-16 11:16:00+05:30,4218.0,4218.5,4217.0,4218.10009765625,2963
2025-04-16 11:17:00+05:30,4220.0,4221.39990234375,4217.0,4217.7998046875,1986
2025-04-16 11:18:00+05:30,4221.89990234375,4222.2001953125,4220.0,4220.0,2774
2025-04-16 11:19:00+05:30,4220.2998046875,4221.89990234375,4220.2998046875,4221.89990234375,649
2025-04-16 11:20:00+05:30,4223.89990234375,4224.7998046875,4220.2001953125,4220.7001953125,3042
2025-04-16 11:21:00+05:30,4220.0,4223.89990234375,4220.0,4223.10009765625,1271
2025-04-16 11:22:00+05:30,4218.0,4221.10009765625,4218.0,4221.10009765625,1606
2025-04-16 11:23:00+05:30,4219.7001953125,4221.0,4214.2998046875,4218.5,6782
2025-04-16 11:24:00+05:30,4219.7001953125,4221.2998046875,4218.2998046875,4220.10009765625,3263
2025-04-16 11:25:00+05:30,4218.89990234375,4219.7001953125,4218.10009765625,4219.7001953125,869
2025-04-16 11:26:00+05:30,4218.0,4219.10009765625,4218.0,4218.60009765625,1540
2025-04-16 11:27:00+05:30,4218.10009765625,4218.39990234375,4218.0,4218.39990234375,3111
2025-04-16 11:28:00+05:30,4217.60009765625,4218.10009765625,4217.60009765625,4218.0,1522
2025-04-16 11:29:00+05:30,4213.7001953125,4218.2001953125,4213.0,4218.2001953125,3912
2025-04-16 11:30:00+05:30,4212.0,4213.89990234375,4212.0,4213.7001953125,2494
2025-04-16 11:31:00+05:30,4212.0,4212.10009765625,4212.0,4212.10009765625,3278
2025-04-16 11:32:00+05:30,4213.60009765625,4213.89990234375,4210.7998046875,4210.7998046875,3926
2025-04-16 11:33:00+05:30,4213.2001953125,4214.7998046875,4213.2001953125,4213.7998046875,712
2025-04-16 11:34:00+05:30,4213.60009765625,4214.0,4213.60009765625,4213.60009765625,773
2025-04-16 11:35:00+05:30,4212.0,4213.7998046875,4212.0,4213.7998046875,2521
2025-04-16 11:36:00+05:30,4211.2998046875,4211.39990234375,4210.89990234375,4211.2998046875,2276
2025-04-16 11:37:00+05:30,4212.7998046875,4213.7001953125,4211.39990234375,4211.39990234375,1577
2025-04-16 11:38:00+05:30,4211.60009765625,4213.39990234375,4211.0,4212.89990234375,1929
2025-04-16 11:39:00+05:30,4211.2998046875,4211.60009765625,4211.0,4211.0,1062
2025-04-16 11:40:00+05:30,4210.7001953125,4211.0,4207.2001953125,4211.0,6815
2025-04-16 11:41:00+05:30,4207.0,4210.5,4207.0,4210.5,1060
2025-04-16 11:42:00+05:30,4209.2001953125,4209.39990234375,4206.7001953125,4207.0,2362
2025-04-16 11:43:00+05:30,4213.39990234375,4213.7001953125,4208.10009765625,4209.2001953125,2071
2025-04-16 11:44:00+05:30,4214.5,4215.0,4212.2001953125,4213.0,1733
2025-04-16 11:45:00+05:30,4213.0,4215.0,4213.0,4215.0,679
2025-04-16 11:46:00+05:30,4213.39990234375,4214.2001953125,4213.39990234375,4213.39990234375,709
2025-04-16 11:47:00+05:30,4212.60009765625,4213.7001953125,4211.5,4213.39990234375,961
2025-04-16 11:48:00+05:30,4209.0,4212.5,4209.0,4212.5,1156
2025-04-16 11:49:00+05:30,4208.39990234375,4209.89990234375,4207.39990234375,4209.89990234375,3289
2025-04-16 11:50:00+05:30,4212.39990234375,4212.39990234375,4208.0,4208.60009765625,3178
2025-04-16 11:51:00+05:30,4213.0,4213.0,4212.0,4212.39990234375,681
2025-04-16 11:52:00+05:30,4213.5,4214.10009765625,4212.5,4213.7001953125,552
2025-04-16 11:53:00+05:30,4218.0,4218.0,4212.60009765625,4213.0,4913
2025-04-16 11:54:00+05:30,4222.60009765625,4223.7998046875,4217.89990234375,4217.89990234375,7922
2025-04-16 11:55:00+05:30,4222.2998046875,4223.0,4222.0,4222.89990234375,4070
2025-04-16 11:56:00+05:30,4218.10009765625,4222.2998046875,4218.0,4222.2998046875,2449
2025-04-16 11:57:00+05:30,4223.0,4223.0,4218.39990234375,4219.60009765625,3529
2025-04-16 11:58:00+05:30,4224.0,4224.0,4221.7001953125,4223.0,3792
2025-04-16 11:59:00+05:30,4222.89990234375,4224.7001953125,4222.89990234375,4223.0,2180
2025-04-16 12:00:00+05:30,4222.89990234375,4225.0,4222.89990234375,4223.10009765625,3759
2025-04-16 12:01:00+05:30,4218.2998046875,4222.89990234375,4216.39990234375,4222.89990234375,3802
2025-04-16 12:02:00+05:30,4220.2998046875,4222.0,4216.10009765625,4218.2998046875,3908
2025-04-16 12:03:00+05:30,4220.0,4221.7998046875,4217.10009765625,4220.2998046875,3833
2025-04-16 12:04:00+05:30,4220.10009765625,4221.0,4219.2001953125,4220.39990234375,2474
2025-04-16 12:05:00+05:30,4220.10009765625,4220.10009765625,4219.0,4220.0,4654
2025-04-16 12:06:00+05:30,4220.0,4222.10009765625,4220.0,4220.10009765625,1997
2025-04-16 12:07:00+05:30,4220.0,4220.7998046875,4219.0,4220.2001953125,5827
2025-04-16 12:08:00+05:30,4220.0,4223.5,4220.0,4220.39990234375,2170
2025-04-16 12:09:00+05:30,4220.2001953125,4220.5,4220.0,4220.2001953125,494
2025-04-16 12:10:00+05:30,4220.0,4220.10009765625,4219.5,4220.10009765625,6161
2025-04-16 12:11:00+05:30,4220.10009765625,4220.10009765625,4220.0,4220.10009765625,1027
2025-04-16 12:12:00+05:30,4220.10009765625,4220.10009765625,4220.0,4220.0,680
2025-04-16 12:13:00+05:30,4220.60009765625,4220.7001953125,4220.0,4220.0,1847
2025-04-16 12:14:00+05:30,4224.7998046875,4224.7998046875,4220.0,4220.7001953125,3575
2025-04-16 12:15:00+05:30,4224.0,4225.0,4222.7998046875,4224.7998046875,2298
2025-04-16 12:16:00+05:30,4222.5,4224.0,4222.0,4224.0,596
2025-04-16 12:17:00+05:30,4220.2001953125,4222.39990234375,4220.0,4222.0,2020
2025-04-16 12:18:00+05:30,4219.39990234375,4220.2001953125,4218.39990234375,4220.2001953125,756
2025-04-16 12:19:00+05:30,4218.60009765625,4219.39990234375,4218.0,4218.10009765625,536
2025-04-16 12:20:00+05:30,4214.10009765625,4218.60009765625,4214.0,4218.60009765625,2222
2025-04-16 12:21:00+05:30,4219.7001953125,4220.39990234375,4213.0,4214.0,4857
2025-04-16 12:22:00+05:30,4219.0,4220.0,4218.10009765625,4220.0,334
2025-04-16 12:23:00+05:30,4217.7001953125,4219.0,4217.7001953125,4219.0,358
2025-04-16 12:24:00+05:30,4217.39990234375,4219.5,4217.39990234375,4218.0,1281
2025-04-16 12:25:00+05:30,4218.2001953125,4218.2001953125,4216.5,4217.2001953125,1521
2025-04-16 12:26:00+05:30,4217.7001953125,4220.39990234375,4217.7001953125,4218.2001953125,2239
2025-04-16 12:27:00+05:30,4219.0,4219.10009765625,4217.7001953125,4219.10009765625,543
2025-04-16 12:28:00+05:30,4218.39990234375,4218.89990234375,4218.0,4218.89990234375,320
2025-04-16 12:29:00+05:30,4218.5,4218.5,4216.7998046875,4218.2001953125,1569
2025-04-16 12:30:00+05:30,4220.10009765625,4220.39990234375,4218.60009765625,4218.60009765625,2010
2025-04-16 12:31:00+05:30,4220.0,4220.39990234375,4219.5,4220.39990234375,342
2025-04-16 12:32:00+05:30,4219.2001953125,4219.7998046875,4218.60009765625,4218.60009765625,740
2025-04-16 12:33:00+05:30,4219.0,4219.2998046875,4218.60009765625,4218.60009765625,1066
2025-04-16 12:34:00+05:30,4219.0,4219.60009765625,4218.7998046875,4219.0,683
2025-04-16 12:35:00+05:30,4218.2001953125,4219.0,4218.0,4218.89990234375,1418
2025-04-16 12:36:00+05:30,4219.2001953125,4219.5,4217.60009765625,4218.0,3198
2025-04-16 12:37:00+05:30,4228.2001953125,4229.7998046875,4219.2001953125,4219.2001953125,10773
2025-04-16 12:38:00+05:30,4226.7998046875,4228.7998046875,4225.39990234375,4228.2998046875,2825
2025-04-16 12:39:00+05:30,4225.0,4226.7998046875,4225.0,4226.7998046875,1943
2025-04-16 12:40:00+05:30,4224.0,4225.0,4223.60009765625,4225.0,828
2025-04-16 12:41:00+05:30,4225.5,4225.5,4223.2001953125,4224.0,1909
2025-04-16 12:42:00+05:30,4224.60009765625,4226.0,4223.39990234375,4225.5,677
2025-04-16 12:43:00+05:30,4223.0,4224.7001953125,4222.5,4224.7001953125,1414
2025-04-16 12:44:00+05:30,4224.0,4224.0,4223.0,4223.0,2025
2025-04-16 12:45:00+05:30,4222.0,4223.89990234375,4222.0,4223.89990234375,956
2025-04-16 12:46:00+05:30,4220.5,4222.0,4220.39990234375,4222.0,906
2025-04-16 12:47:00+05:30,4219.7998046875,4221.0,4219.0,4220.60009765625,1565
2025-04-16 12:48:00+05:30,4219.0,4219.7998046875,4218.10009765625,4219.7998046875,1445
2025-04-16 12:49:00+05:30,4218.10009765625,4219.0,4218.0,4218.60009765625,604
2025-04-16 12:50:00+05:30,4219.10009765625,4219.7998046875,4215.2998046875,4218.10009765625,2958
2025-04-16 12:51:00+05:30,4218.0,4218.7998046875,4217.2998046875,4218.7998046875,303
2025-04-16 12:52:00+05:30,4218.5,4220.5,4217.5,4218.0,1589
2025-04-16 12:53:00+05:30,4219.5,4220.39990234375,4219.0,4219.60009765625,986
2025-04-16 12:54:00+05:30,4219.2998046875,4220.0,4218.7998046875,4219.5,516
2025-04-16 12:55:00+05:30,4218.7998046875,4219.7998046875,4218.60009765625,4219.7998046875,794
2025-04-16 12:56:00+05:30,4219.5,4219.5,4217.89990234375,4218.7998046875,2479
2025-04-16 12:57:00+05:30,4221.0,4221.0,4219.5,4219.5,1193
2025-04-16 12:58:00+05:30,4218.2998046875,4221.0,4218.0,4221.0,457
2025-04-16 12:59:00+05:30,4220.89990234375,4221.89990234375,4217.2998046875,4218.0,1988
2025-04-16 13:00:00+05:30,4220.10009765625,4222.60009765625,4219.5,4220.89990234375,1204
2025-04-16 13:01:00+05:30,4220.7998046875,4222.5,4220.2001953125,4221.5,681
2025-04-16 13:02:00+05:30,4220.2001953125,4221.5,4220.2001953125,4221.2001953125,672
2025-04-16 13:03:00+05:30,4218.2998046875,4220.39990234375,4217.2998046875,4220.39990234375,645
2025-04-16 13:04:00+05:30,4218.0,4218.39990234375,4216.39990234375,4218.2998046875,2457
2025-04-16 13:05:00+05:30,4217.5,4218.0,4215.5,4218.0,2344
2025-04-16 13:06:00+05:30,4216.60009765625,4217.5,4216.2001953125,4217.5,880
2025-04-16 13:07:00+05:30,4213.7001953125,4216.60009765625,4213.7001953125,4216.60009765625,1878
2025-04-16 13:08:00+05:30,4214.7001953125,4214.7001953125,4213.10009765625,4213.7001953125,1986
2025-04-16 13:09:00+05:30,4214.7001953125,4214.7001953125,4214.5,4214.7001953125,607
2025-04-16 13:10:00+05:30,4214.0,4214.7001953125,4213.5,4214.7001953125,3751
2025-04-16 13:11:00+05:30,4214.7001953125,4214.7001953125,4214.0,4214.0,1843
2025-04-16 13:12:00+05:30,4214.5,4214.7001953125,4214.10009765625,4214.10009765625,552
2025-04-16 13:13:00+05:30,4217.60009765625,4217.60009765625,4214.0,4214.0,1961
2025-04-16 13:14:00+05:30,4221.10009765625,4221.5,4215.7998046875,4217.60009765625,2209
2025-04-16 13:15:00+05:30,4222.39990234375,4222.5,4218.0,4221.0,2652
2025-04-16 13:16:00+05:30,4219.2998046875,4222.39990234375,4218.0,4222.39990234375,593
2025-04-16 13:17:00+05:30,4216.60009765625,4219.2998046875,4216.60009765625,4219.2001953125,799
2025-04-16 13:18:00+05:30,4216.10009765625,4216.5,4216.0,4216.5,800
2025-04-16 13:19:00+05:30,4215.5,4216.10009765625,4215.0,4216.10009765625,1217
2025-04-16 13:20:00+05:30,4214.0,4215.7998046875,4214.0,4215.7998046875,1974
2025-04-16 13:21:00+05:30,4213.2998046875,4214.39990234375,4213.0,4214.0,2051
2025-04-16 13:22:00+05:30,4213.10009765625,4214.2001953125,4213.10009765625,4213.2998046875,1192
2025-04-16 13:23:00+05:30,4213.0,4213.0,4211.0,4213.0,3303
2025-04-16 13:24:00+05:30,4210.0,4213.0,4208.10009765625,4213.0,6357
2025-04-16 13:25:00+05:30,4209.10009765625,4210.0,4209.0,4209.60009765625,2943
2025-04-16 13:26:00+05:30,4207.2001953125,4208.89990234375,4207.2001953125,4208.7001953125,3637
2025-04-16 13:27:00+05:30,4207.60009765625,4208.0,4207.2001953125,4208.0,1482
2025-04-16 13:28:00+05:30,4202.0,4207.60009765625,4202.0,4207.60009765625,6048
2025-04-16 13:29:00+05:30,4200.89990234375,4202.7998046875,4200.0,4202.10009765625,8513
2025-04-16 13:30:00+05:30,4200.7998046875,4200.7998046875,4196.0,4200.7998046875,10758
2025-04-16 13:31:00+05:30,4196.7998046875,4200.89990234375,4196.7998046875,4200.7998046875,2568
2025-04-16 13:32:00+05:30,4196.60009765625,4197.7998046875,4191.39990234375,4196.7998046875,10770
2025-04-16 13:33:00+05:30,4193.5,4196.89990234375,4192.0,4194.39990234375,7969
2025-04-16 13:34:00+05:30,4191.0,4195.0,4190.2001953125,4195.0,3076
2025-04-16 13:35:00+05:30,4196.0,4197.5,4190.7001953125,4191.0,4025
2025-04-16 13:36:00+05:30,4199.10009765625,4199.7001953125,4196.0,4197.89990234375,1472
2025-04-16 13:37:00+05:30,4195.5,4200.0,4195.5,4200.0,8480
2025-04-16 13:38:00+05:30,4195.7998046875,4197.2998046875,4195.0,4196.2001953125,1688
2025-04-16 13:39:00+05:30,4196.0,4196.0,4195.0,4195.7998046875,2650
2025-04-16 13:40:00+05:30,4197.39990234375,4197.39990234375,4195.7001953125,4196.0,1341
2025-04-16 13:41:00+05:30,4198.0,4198.2998046875,4196.10009765625,4197.39990234375,1718
2025-04-16 13:42:00+05:30,4197.2998046875,4198.2998046875,4192.7998046875,4198.0,6599
2025-04-16 13:43:00+05:30,4197.10009765625,4198.2998046875,4196.5,4197.2998046875,840
2025-04-16 13:44:00+05:30,4197.2998046875,4197.2998046875,4195.89990234375,4197.2001953125,1236
2025-04-16 13:45:00+05:30,4197.60009765625,4197.60009765625,4197.39990234375,4197.5,987
2025-04-16 13:46:00+05:30,4199.2998046875,4199.2998046875,4197.7001953125,4197.89990234375,1126
2025-04-16 13:47:00+05:30,4199.7998046875,4201.89990234375,4199.0,4200.10009765625,3509
2025-04-16 13:48:00+05:30,4197.39990234375,4199.5,4196.10009765625,4199.2001953125,3375
2025-04-16 13:49:00+05:30,4198.7998046875,4198.7998046875,4195.89990234375,4197.39990234375,2218
2025-04-16 13:50:00+05:30,4197.89990234375,4199.7001953125,4197.89990234375,4199.0,1531
2025-04-16 13:51:00+05:30,4200.7001953125,4200.7001953125,4197.39990234375,4199.0,1073
2025-04-16 13:52:00+05:30,4200.10009765625,4200.7001953125,4199.5,4200.5,894
2025-04-16 13:53:00+05:30,4200.5,4200.7998046875,4200.0,4200.10009765625,781
2025-04-16 13:54:00+05:30,4197.60009765625,4200.89990234375,4197.10009765625,4200.60009765625,1526
2025-04-16 13:55:00+05:30,4202.0,4202.2001953125,4197.60009765625,4197.60009765625,3318
2025-04-16 13:56:00+05:30,4206.0,4206.0,4202.0,4202.0,3005
2025-04-16 13:57:00+05:30,4211.60009765625,4212.0,4203.10009765625,4205.7998046875,7192
2025-04-16 13:58:00+05:30,4212.2001953125,4214.39990234375,4208.89990234375,4212.0,12163
2025-04-16 13:59:00+05:30,4210.5,4214.7998046875,4210.2001953125,4211.7001953125,4201
2025-04-16 14:00:00+05:30,4214.10009765625,4214.10009765625,4210.5,4211.0,3693
2025-04-16 14:01:00+05:30,4211.5,4216.0,4211.5,4214.2001953125,5251
2025-04-16 14:02:00+05:30,4207.89990234375,4212.60009765625,4207.89990234375,4212.0,6067
2025-04-16 14:03:00+05:30,4208.5,4209.2001953125,4205.39990234375,4207.7998046875,3553
2025-04-16 14:04:00+05:30,4205.7001953125,4208.7001953125,4205.2998046875,4208.0,821
2025-04-16 14:05:00+05:30,4205.7001953125,4206.7001953125,4205.0,4205.60009765625,1707
2025-04-16 14:06:00+05:30,4203.10009765625,4205.7001953125,4202.2001953125,4205.7001953125,2001
2025-04-16 14:07:00+05:30,4202.10009765625,4203.0,4201.2001953125,4201.2001953125,1072
2025-04-16 14:08:00+05:30,4205.5,4206.0,4202.5,4202.5,2383
2025-04-16 14:09:00+05:30,4204.10009765625,4205.7998046875,4203.5,4205.2998046875,3214
2025-04-16 14:10:00+05:30,4203.2998046875,4203.7998046875,4202.0,4203.0,5678
2025-04-16 14:11:00+05:30,4208.60009765625,4210.0,4203.60009765625,4203.60009765625,2705
2025-04-16 14:12:00+05:30,4207.7001953125,4208.60009765625,4207.0,4208.60009765625,1045
2025-04-16 14:13:00+05:30,4207.7001953125,4207.7998046875,4205.2998046875,4207.60009765625,2435
2025-04-16 14:14:00+05:30,4210.7998046875,4211.2998046875,4206.7001953125,4207.39990234375,2246
2025-04-16 14:15:00+05:30,4208.2001953125,4210.7998046875,4207.10009765625,4210.10009765625,982
2025-04-16 14:16:00+05:30,4208.2001953125,4208.2001953125,4205.5,4207.39990234375,2685
2025-04-16 14:17:00+05:30,4207.5,4208.89990234375,4207.39990234375,4207.7001953125,1210
2025-04-16 14:18:00+05:30,4208.2998046875,4210.0,4207.60009765625,4207.7001953125,2284
2025-04-16 14:19:00+05:30,4208.7998046875,4211.0,4208.0,4208.2001953125,2258
2025-04-16 14:20:00+05:30,4212.89990234375,4215.2001953125,4207.7001953125,4208.10009765625,8206
2025-04-16 14:21:00+05:30,4215.0,4215.0,4212.10009765625,4213.89990234375,3907
2025-04-16 14:22:00+05:30,4212.39990234375,4215.0,4211.2001953125,4214.39990234375,3720
2025-04-16 14:23:00+05:30,4215.0,4217.7998046875,4214.39990234375,4214.39990234375,4988
2025-04-16 14:24:00+05:30,4214.0,4215.60009765625,4211.10009765625,4214.39990234375,3350
2025-04-16 14:25:00+05:30,4214.2998046875,4215.0,4213.2001953125,4214.0,4996
2025-04-16 14:26:00+05:30,4213.2001953125,4215.0,4212.2001953125,4214.0,6080
2025-04-16 14:27:00+05:30,4211.89990234375,4214.0,4211.10009765625,4213.2998046875,892
2025-04-16 14:28:00+05:30,4211.5,4211.89990234375,4210.60009765625,4211.10009765625,1942
2025-04-16 14:29:00+05:30,4213.39990234375,4213.39990234375,4211.2001953125,4212.2998046875,4537
2025-04-16 14:30:00+05:30,4211.7001953125,4214.5,4211.7001953125,4213.39990234375,2111
2025-04-16 14:31:00+05:30,4212.60009765625,4213.0,4211.60009765625,4212.7998046875,1107
2025-04-16 14:32:00+05:30,4212.5,4212.60009765625,4212.5,4212.60009765625,4061
2025-04-16 14:33:00+05:30,4211.7001953125,4212.0,4211.7001953125,4212.0,1966
2025-04-16 14:34:00+05:30,4208.2001953125,4211.7001953125,4208.0,4211.7001953125,1689
2025-04-16 14:35:00+05:30,4206.10009765625,4208.39990234375,4206.10009765625,4208.39990234375,1111
2025-04-16 14:36:00+05:30,4207.2001953125,4208.0,4206.0,4207.2001953125,4661
2025-04-16 14:37:00+05:30,4209.2001953125,4209.2001953125,4205.7001953125,4207.5,2711
2025-04-16 14:38:00+05:30,4210.5,4210.5,4208.10009765625,4208.10009765625,1112
2025-04-16 14:39:00+05:30,4207.60009765625,4210.10009765625,4206.10009765625,4210.10009765625,2059
2025-04-16 14:40:00+05:30,4207.0,4208.0,4206.89990234375,4207.60009765625,914
2025-04-16 14:41:00+05:30,4206.39990234375,4207.2001953125,4206.2998046875,4207.10009765625,3461
2025-04-16 14:42:00+05:30,4207.39990234375,4207.5,4206.39990234375,4206.39990234375,4751
2025-04-16 14:43:00+05:30,4209.2998046875,4209.5,4207.5,4207.5,1019
2025-04-16 14:44:00+05:30,4210.10009765625,4212.5,4209.0,4209.2998046875,5440
2025-04-16 14:45:00+05:30,4209.60009765625,4210.89990234375,4209.0,4210.89990234375,3856
2025-04-16 14:46:00+05:30,4208.0,4209.7998046875,4207.39990234375,4209.60009765625,3047
2025-04-16 14:47:00+05:30,4210.0,4210.0,4207.39990234375,4207.39990234375,2840
2025-04-16 14:48:00+05:30,4208.7998046875,4210.0,4208.0,4210.0,701
2025-04-16 14:49:00+05:30,4209.0,4209.10009765625,4208.0,4208.0,2907
2025-04-16 14:50:00+05:30,4211.0,4212.0,4209.0,4209.0,3474
2025-04-16 14:51:00+05:30,4210.89990234375,4212.0,4210.0,4211.10009765625,2546
2025-04-16 14:52:00+05:30,4210.10009765625,4210.39990234375,4210.0,4210.39990234375,1794
2025-04-16 14:53:00+05:30,4209.2998046875,4210.0,4206.7998046875,4210.0,5538
2025-04-16 14:54:00+05:30,4209.0,4210.0,4208.2998046875,4210.0,4027
2025-04-16 14:55:00+05:30,4208.10009765625,4209.0,4207.0,4209.0,2311
2025-04-16 14:56:00+05:30,4208.2001953125,4208.2001953125,4207.10009765625,4208.10009765625,2209
2025-04-16 14:57:00+05:30,4208.60009765625,4210.0,4208.2998046875,4208.89990234375,7061
2025-04-16 14:58:00+05:30,4208.7998046875,4209.0,4207.2998046875,4209.0,2041
2025-04-16 14:59:00+05:30,4208.7998046875,4210.0,4208.7001953125,4208.7001953125,4216
2025-04-16 15:00:00+05:30,4212.2998046875,4213.0,4208.7998046875,4208.7998046875,5242
2025-04-16 15:01:00+05:30,4213.10009765625,4213.7001953125,4212.39990234375,4212.39990234375,5910
2025-04-16 15:02:00+05:30,4214.89990234375,4215.0,4213.2001953125,4213.2001953125,5768
2025-04-16 15:03:00+05:30,4213.0,4215.0,4213.0,4214.60009765625,5556
2025-04-16 15:04:00+05:30,4212.60009765625,4214.0,4212.2998046875,4213.2998046875,5613
2025-04-16 15:05:00+05:30,4211.7001953125,4213.0,4211.2998046875,4213.0,2643
2025-04-16 15:06:00+05:30,4210.60009765625,4211.7001953125,4210.10009765625,4211.7001953125,4040
2025-04-16 15:07:00+05:30,4211.2001953125,4212.7998046875,4210.0,4210.7001953125,9989
2025-04-16 15:08:00+05:30,4210.60009765625,4211.2998046875,4210.60009765625,4211.2998046875,3685
2025-04-16 15:09:00+05:30,4214.0,4214.0,4210.2001953125,4210.89990234375,8090
2025-04-16 15:10:00+05:30,4211.39990234375,4213.89990234375,4210.0,4213.89990234375,6232
2025-04-16 15:11:00+05:30,4210.10009765625,4212.0,4210.0,4210.7001953125,3497
2025-04-16 15:12:00+05:30,4208.7001953125,4210.10009765625,4208.7001953125,4210.10009765625,3988
2025-04-16 15:13:00+05:30,4210.0,4210.10009765625,4208.7001953125,4208.7001953125,6195
2025-04-16 15:14:00+05:30,4209.60009765625,4210.0,4209.5,4209.7001953125,4342
2025-04-16 15:15:00+05:30,4210.60009765625,4210.60009765625,4208.7998046875,4209.7001953125,10916
2025-04-16 15:16:00+05:30,4208.2001953125,4211.0,4207.5,4210.89990234375,10728
2025-04-16 15:17:00+05:30,4207.0,4208.39990234375,4205.7001953125,4208.2001953125,6520
2025-04-16 15:18:00+05:30,4206.39990234375,4207.2998046875,4205.10009765625,4207.2998046875,9324
2025-04-16 15:19:00+05:30,4205.7001953125,4206.5,4204.39990234375,4206.5,7336
2025-04-16 15:20:00+05:30,4203.89990234375,4205.7001953125,4202.89990234375,4205.7001953125,15410
2025-04-16 15:21:00+05:30,4205.39990234375,4205.39990234375,4203.89990234375,4204.60009765625,6425
2025-04-16 15:22:00+05:30,4205.7998046875,4205.7998046875,4205.2998046875,4205.2998046875,3010
2025-04-16 15:23:00+05:30,4208.0,4209.10009765625,4205.60009765625,4205.7998046875,5511
2025-04-16 15:24:00+05:30,4210.5,4210.7001953125,4207.0,4208.7998046875,11326
2025-04-16 15:25:00+05:30,4211.39990234375,4212.0,4210.0,4210.5,5197
2025-04-16 15:26:00+05:30,4209.7001953125,4211.5,4209.7001953125,4211.5,4818
2025-04-16 15:27:00+05:30,4209.7998046875,4210.0,4209.2998046875,4209.7001953125,4835
2025-04-16 15:28:00+05:30,4209.10009765625,4210.0,4208.60009765625,4208.89990234375,4364
2025-04-16 15:29:00+05:30,4208.5,4209.10009765625,4205.2001953125,4209.10009765625,6454
2025-04-17 09:15:00+05:30,4213.39990234375,4215.0,4194.39990234375,4203.0,0
2025-04-17 09:16:00+05:30,4218.89990234375,4224.7001953125,4214.2998046875,4214.2998046875,13258
2025-04-17 09:17:00+05:30,4226.89990234375,4227.7998046875,4215.0,4218.89990234375,14079
2025-04-17 09:18:00+05:30,4223.0,4230.0,4221.0,4226.7001953125,11625
2025-04-17 09:19:00+05:30,4221.60009765625,4227.0,4221.0,4222.7001953125,9751
2025-04-17 09:20:00+05:30,4226.0,4228.89990234375,4220.39990234375,4221.60009765625,6934
2025-04-17 09:21:00+05:30,4225.0,4232.39990234375,4221.2998046875,4226.0,9847
2025-04-17 09:22:00+05:30,4222.60009765625,4226.0,4220.2998046875,4225.0,6579
2025-04-17 09:23:00+05:30,4213.5,4224.0,4212.0,4224.0,27545
2025-04-17 09:24:00+05:30,4210.60009765625,4217.0,4207.5,4215.0,12859
2025-04-17 09:25:00+05:30,4217.0,4218.89990234375,4209.0,4209.89990234375,8330
2025-04-17 09:26:00+05:30,4213.60009765625,4219.2998046875,4212.10009765625,4218.2001953125,4931
2025-04-17 09:27:00+05:30,4218.2998046875,4218.2998046875,4212.2001953125,4214.7998046875,7581
2025-04-17 09:28:00+05:30,4217.0,4224.7998046875,4216.89990234375,4216.89990234375,7177
2025-04-17 09:29:00+05:30,4222.39990234375,4222.39990234375,4215.0,4215.89990234375,3891
2025-04-17 09:30:00+05:30,4218.0,4223.0,4217.2001953125,4221.7001953125,4005
2025-04-17 09:31:00+05:30,4219.5,4220.2001953125,4215.7998046875,4218.0,4084
2025-04-17 09:32:00+05:30,4221.5,4223.0,4220.0,4220.60009765625,2726
2025-04-17 09:33:00+05:30,4219.39990234375,4221.5,4217.60009765625,4221.5,1644
2025-04-17 09:34:00+05:30,4212.2998046875,4218.2001953125,4212.0,4218.2001953125,11519
2025-04-17 09:35:00+05:30,4207.10009765625,4211.7001953125,4206.0,4211.0,6691
2025-04-17 09:36:00+05:30,4214.7001953125,4214.7001953125,4205.2998046875,4207.10009765625,6854
2025-04-17 09:37:00+05:30,4217.5,4219.0,4212.10009765625,4212.7998046875,3531
2025-04-17 09:38:00+05:30,4214.2998046875,4220.0,4214.0,4218.0,3619
2025-04-17 09:39:00+05:30,4214.5,4216.39990234375,4214.2998046875,4215.39990234375,2159
2025-04-17 09:40:00+05:30,4213.39990234375,4214.60009765625,4212.5,4214.60009765625,2853
2025-04-17 09:41:00+05:30,4212.10009765625,4214.2998046875,4211.60009765625,4214.2998046875,3700
2025-04-17 09:42:00+05:30,4211.5,4212.0,4209.0,4212.0,3576
2025-04-17 09:43:00+05:30,4214.7998046875,4214.7998046875,4210.10009765625,4210.10009765625,1978
2025-04-17 09:44:00+05:30,4218.0,4218.0,4212.0,4214.5,3126
2025-04-17 09:45:00+05:30,4222.2001953125,4223.0,4216.89990234375,4218.0,7654
2025-04-17 09:46:00+05:30,4227.7001953125,4228.60009765625,4223.0,4223.7998046875,10260
2025-04-17 09:47:00+05:30,4222.0,4227.89990234375,4218.0,4225.7998046875,7093
2025-04-17 09:48:00+05:30,4221.0,4225.5,4220.10009765625,4222.7998046875,3455
2025-04-17 09:49:00+05:30,4221.0,4222.0,4220.0,4220.7001953125,1124
2025-04-17 09:50:00+05:30,4220.39990234375,4221.2998046875,4218.60009765625,4221.2998046875,2780
2025-04-17 09:51:00+05:30,4220.0,4220.0,4219.7998046875,4219.7998046875,863
2025-04-17 09:52:00+05:30,4218.0,4220.10009765625,4218.0,4220.10009765625,2447
2025-04-17 09:53:00+05:30,4217.39990234375,4218.60009765625,4215.7001953125,4217.7001953125,1130
2025-04-17 09:54:00+05:30,4217.0,4217.5,4216.89990234375,4216.89990234375,1028
2025-04-17 09:55:00+05:30,4215.5,4215.89990234375,4215.2001953125,4215.60009765625,4711
2025-04-17 09:56:00+05:30,4219.5,4219.5,4215.0,4215.2001953125,6487
2025-04-17 09:57:00+05:30,4216.2998046875,4219.7998046875,4215.0,4219.7998046875,1933
2025-04-17 09:58:00+05:30,4211.60009765625,4216.7001953125,4211.60009765625,4215.0,5405
2025-04-17 09:59:00+05:30,4213.2998046875,4214.7001953125,4211.0,4211.60009765625,3129
2025-04-17 10:00:00+05:30,4214.39990234375,4215.0,4213.2998046875,4214.7001953125,980
2025-04-17 10:01:00+05:30,4212.5,4213.5,4212.5,4213.2998046875,2535
2025-04-17 10:02:00+05:30,4213.39990234375,4213.39990234375,4211.5,4212.5,5106
2025-04-17 10:03:00+05:30,4214.5,4215.5,4213.60009765625,4213.60009765625,3396
2025-04-17 10:04:00+05:30,4211.39990234375,4214.0,4211.0,4214.0,5474
2025-04-17 10:05:00+05:30,4212.0,4212.7998046875,4211.10009765625,4211.10009765625,1828
2025-04-17 10:06:00+05:30,4211.39990234375,4211.5,4211.0,4211.5,3517
2025-04-17 10:07:00+05:30,4210.2998046875,4212.2998046875,4210.2998046875,4211.39990234375,3287
2025-04-17 10:08:00+05:30,4209.2001953125,4210.2998046875,4209.2001953125,4210.0,3177
2025-04-17 10:09:00+05:30,4205.7998046875,4209.2998046875,4205.7998046875,4209.2998046875,5077
2025-04-17 10:10:00+05:30,4202.39990234375,4205.0,4202.0,4205.0,11970
2025-04-17 10:11:00+05:30,4206.7998046875,4208.0,4202.7998046875,4202.7998046875,5127
2025-04-17 10:12:00+05:30,4207.89990234375,4209.7001953125,4206.10009765625,4207.0,3364
2025-04-17 10:13:00+05:30,4207.0,4208.2998046875,4207.0,4208.2998046875,3144
2025-04-17 10:14:00+05:30,4202.5,4207.0,4201.10009765625,4207.0,8241
2025-04-17 10:15:00+05:30,4198.7998046875,4202.0,4198.7001953125,4202.0,10710
2025-04-17 10:16:00+05:30,4201.2998046875,4201.2998046875,4198.7998046875,4198.7998046875,2514
2025-04-17 10:17:00+05:30,4206.5,4208.10009765625,4200.5,4201.2998046875,4112
2025-04-17 10:18:00+05:30,4209.5,4209.89990234375,4206.39990234375,4206.5,3450
2025-04-17 10:19:00+05:30,4208.10009765625,4209.0,4207.10009765625,4209.0,2756
2025-04-17 10:20:00+05:30,4204.60009765625,4207.5,4203.2998046875,4206.7001953125,2752
2025-04-17 10:21:00+05:30,4207.7998046875,4207.7998046875,4203.7998046875,4204.2998046875,1547
2025-04-17 10:22:00+05:30,4209.5,4209.5,4207.0,4207.0,1868
2025-04-17 10:23:00+05:30,4211.60009765625,4213.5,4210.39990234375,4210.39990234375,3927
2025-04-17 10:24:00+05:30,4218.0,4218.0,4210.10009765625,4212.89990234375,4857
2025-04-17 10:25:00+05:30,4221.10009765625,4224.39990234375,4217.10009765625,4217.10009765625,9476
2025-04-17 10:26:00+05:30,4220.0,4221.10009765625,4219.0,4221.0,2246
2025-04-17 10:27:00+05:30,4216.2998046875,4220.5,4216.2998046875,4220.2998046875,1287
2025-04-17 10:28:00+05:30,4217.0,4217.0,4215.0,4216.2998046875,4232
2025-04-17 10:29:00+05:30,4219.2998046875,4219.2998046875,4215.2998046875,4217.39990234375,2200
2025-04-17 10:30:00+05:30,4222.0,4223.5,4219.2998046875,4220.0,5288
2025-04-17 10:31:00+05:30,4219.5,4221.89990234375,4219.5,4220.2001953125,1365
2025-04-17 10:32:00+05:30,4217.5,4219.2998046875,4216.0,4219.2001953125,353
2025-04-17 10:33:00+05:30,4217.5,4219.5,4215.2001953125,4217.39990234375,3010
2025-04-17 10:34:00+05:30,4219.2001953125,4222.0,4215.5,4218.2998046875,5024
2025-04-17 10:35:00+05:30,4217.0,4219.2001953125,4216.39990234375,4219.2001953125,880
2025-04-17 10:36:00+05:30,4220.5,4220.5,4216.2998046875,4216.2998046875,4028
2025-04-17 10:37:00+05:30,4216.89990234375,4220.5,4216.2001953125,4220.5,849
2025-04-17 10:38:00+05:30,4219.2998046875,4220.2998046875,4215.7001953125,4216.89990234375,4338
2025-04-17 10:39:00+05:30,4218.89990234375,4220.0,4218.7001953125,4220.0,1063
2025-04-17 10:40:00+05:30,4220.0,4220.0,4217.0,4218.0,1764
2025-04-17 10:41:00+05:30,4225.60009765625,4226.0,4220.7998046875,4220.7998046875,11527
2025-04-17 10:42:00+05:30,4222.0,4225.2998046875,4221.2998046875,4225.2998046875,1256
2025-04-17 10:43:00+05:30,4223.10009765625,4224.0,4221.5,4222.0,1415
2025-04-17 10:44:00+05:30,4222.7998046875,4222.89990234375,4222.0,4222.0,377
2025-04-17 10:45:00+05:30,4222.7998046875,4224.0,4222.10009765625,4222.7998046875,1426
2025-04-17 10:46:00+05:30,4223.0,4225.0,4222.2998046875,4223.0,5970
2025-04-17 10:47:00+05:30,4222.5,4224.0,4222.10009765625,4223.0,891
2025-04-17 10:48:00+05:30,4224.7001953125,4224.7001953125,4222.39990234375,4222.39990234375,926
2025-04-17 10:49:00+05:30,4223.5,4224.7998046875,4223.5,4224.7998046875,1662
2025-04-17 10:50:00+05:30,4222.60009765625,4224.60009765625,4222.10009765625,4224.60009765625,1021
2025-04-17 10:51:00+05:30,4218.7001953125,4222.60009765625,4218.7001953125,4222.60009765625,3155
2025-04-17 10:52:00+05:30,4220.0,4220.0,4217.7998046875,4218.7998046875,2488
2025-04-17 10:53:00+05:30,4218.2998046875,4221.2998046875,4218.2998046875,4219.0,1185
2025-04-17 10:54:00+05:30,4219.0,4219.5,4217.7998046875,4218.10009765625,664
2025-04-17 10:55:00+05:30,4218.0,4219.0,4218.0,4219.0,455
2025-04-17 10:56:00+05:30,4218.10009765625,4218.2998046875,4218.0,4218.0,913
2025-04-17 10:57:00+05:30,4218.2998046875,4218.2998046875,4218.10009765625,4218.10009765625,885
2025-04-17 10:58:00+05:30,4218.2001953125,4218.2998046875,4217.2001953125,4218.2998046875,2173
2025-04-17 10:59:00+05:30,4216.0,4217.7998046875,4216.0,4217.2001953125,1585
2025-04-17 11:00:00+05:30,4218.7001953125,4218.7998046875,4216.0,4216.0,1316
2025-04-17 11:01:00+05:30,4215.89990234375,4218.7998046875,4215.0,4218.7001953125,1336
2025-04-17 11:02:00+05:30,4215.2998046875,4216.2001953125,4215.2998046875,4216.2001953125,1654
2025-04-17 11:03:00+05:30,4215.10009765625,4216.5,4215.10009765625,4215.7001953125,2134
2025-04-17 11:04:00+05:30,4215.0,4215.7001953125,4215.0,4215.10009765625,1185
2025-04-17 11:05:00+05:30,4215.0,4215.10009765625,4215.0,4215.10009765625,662
2025-04-17 11:06:00+05:30,4215.5,4215.5,4214.10009765625,4215.0,4164
2025-04-17 11:07:00+05:30,4220.0,4221.0,4217.5,4218.0,2901
2025-04-17 11:08:00+05:30,4224.0,4224.0,4220.0,4220.0,1554
2025-04-17 11:09:00+05:30,4222.60009765625,4226.0,4221.2001953125,4223.10009765625,6021
2025-04-17 11:10:00+05:30,4222.2001953125,4224.7998046875,4221.7998046875,4222.7998046875,1688
2025-04-17 11:11:00+05:30,4221.2001953125,4223.39990234375,4220.5,4223.39990234375,395
2025-04-17 11:12:00+05:30,4222.60009765625,4222.60009765625,4220.5,4221.2001953125,1043
2025-04-17 11:13:00+05:30,4220.7998046875,4222.60009765625,4220.60009765625,4222.60009765625,396
2025-04-17 11:14:00+05:30,4222.7998046875,4223.89990234375,4220.7001953125,4220.7001953125,1228
2025-04-17 11:15:00+05:30,4226.0,4226.0,4221.60009765625,4223.0,3947
2025-04-17 11:16:00+05:30,4225.2001953125,4228.60009765625,4225.10009765625,4225.7001953125,6834
2025-04-17 11:17:00+05:30,4225.0,4225.89990234375,4223.10009765625,4225.89990234375,1043
2025-04-17 11:18:00+05:30,4223.89990234375,4225.0,4223.2001953125,4225.0,1153
2025-04-17 11:19:00+05:30,4224.2998046875,4224.5,4223.10009765625,4223.89990234375,782
2025-04-17 11:20:00+05:30,4224.39990234375,4225.2001953125,4223.89990234375,4224.2998046875,1250
2025-04-17 11:21:00+05:30,4223.7001953125,4225.0,4223.7001953125,4224.0,1578
2025-04-17 11:22:00+05:30,4224.2998046875,4225.39990234375,4223.0,4225.2001953125,1476
2025-04-17 11:23:00+05:30,4225.0,4226.5,4223.60009765625,4224.39990234375,3690
2025-04-17 11:24:00+05:30,4227.7001953125,4228.0,4224.7001953125,4225.10009765625,3122
2025-04-17 11:25:00+05:30,4226.7001953125,4228.0,4226.60009765625,4226.7998046875,2159
2025-04-17 11:26:00+05:30,4227.10009765625,4227.7998046875,4225.10009765625,4227.7001953125,2203
2025-04-17 11:27:00+05:30,4234.60009765625,4234.7001953125,4226.39990234375,4226.39990234375,15912
2025-04-17 11:28:00+05:30,4231.60009765625,4235.0,4230.2998046875,4234.60009765625,2438
2025-04-17 11:29:00+05:30,4232.2001953125,4234.60009765625,4231.2001953125,4232.0,3503
2025-04-17 11:30:00+05:30,4232.10009765625,4234.7998046875,4232.0,4232.0,1690
2025-04-17 11:31:00+05:30,4233.0,4233.0,4232.0,4232.10009765625,2233
2025-04-17 11:32:00+05:30,4230.10009765625,4233.0,4230.0,4233.0,2982
2025-04-17 11:33:00+05:30,4228.89990234375,4230.60009765625,4228.89990234375,4229.60009765625,2489
2025-04-17 11:34:00+05:30,4226.0,4228.7998046875,4225.0,4228.7998046875,2368
2025-04-17 11:35:00+05:30,4223.39990234375,4225.89990234375,4223.39990234375,4225.7998046875,1791
2025-04-17 11:36:00+05:30,4228.5,4228.5,4223.39990234375,4223.39990234375,1251
2025-04-17 11:37:00+05:30,4226.60009765625,4228.5,4225.0,4227.2998046875,692
2025-04-17 11:38:00+05:30,4225.7998046875,4226.89990234375,4225.10009765625,4225.10009765625,1451
2025-04-17 11:39:00+05:30,4225.0,4226.0,4224.7001953125,4225.7998046875,929
2025-04-17 11:40:00+05:30,4223.10009765625,4225.0,4223.10009765625,4225.0,1039
2025-04-17 11:41:00+05:30,4226.60009765625,4228.39990234375,4223.10009765625,4224.39990234375,2377
2025-04-17 11:42:00+05:30,4226.89990234375,4229.89990234375,4226.2001953125,4226.7001953125,1336
2025-04-17 11:43:00+05:30,4230.0,4230.0,4226.2001953125,4228.2998046875,917
2025-04-17 11:44:00+05:30,4228.5,4231.0,4228.2998046875,4230.0,968
2025-04-17 11:45:00+05:30,4227.10009765625,4229.89990234375,4226.2001953125,4228.5,1986
2025-04-17 11:46:00+05:30,4226.60009765625,4227.0,4225.7998046875,4227.0,611
2025-04-17 11:47:00+05:30,4228.2001953125,4229.10009765625,4226.7998046875,4226.7998046875,1813
2025-04-17 11:48:00+05:30,4227.2998046875,4229.0,4226.2001953125,4229.0,582
2025-04-17 11:49:00+05:30,4230.7001953125,4232.0,4226.5,4227.2998046875,1574
2025-04-17 11:50:00+05:30,4229.2998046875,4230.7001953125,4229.0,4230.7001953125,970
2025-04-17 11:51:00+05:30,4230.10009765625,4234.10009765625,4230.0,4230.39990234375,2057
2025-04-17 11:52:00+05:30,4229.10009765625,4231.10009765625,4229.0,4230.10009765625,2578
2025-04-17 11:53:00+05:30,4235.0,4235.0,4229.0,4229.0,3679
2025-04-17 11:54:00+05:30,4233.39990234375,4235.0,4231.89990234375,4234.2998046875,3054
2025-04-17 11:55:00+05:30,4229.0,4233.39990234375,4227.2001953125,4233.39990234375,5020
2025-04-17 11:56:00+05:30,4230.0,4231.0,4228.0,4228.7998046875,2563
2025-04-17 11:57:00+05:30,4232.39990234375,4232.39990234375,4230.0,4231.0,1110
2025-04-17 11:58:00+05:30,4230.89990234375,4232.39990234375,4230.0,4232.2998046875,2572
2025-04-17 11:59:00+05:30,4236.89990234375,4238.39990234375,4230.89990234375,4230.89990234375,13587
2025-04-17 12:00:00+05:30,4239.5,4243.2998046875,4235.89990234375,4235.89990234375,16810
2025-04-17 12:01:00+05:30,4237.60009765625,4241.0,4237.60009765625,4239.60009765625,6819
2025-04-17 12:02:00+05:30,4249.0,4249.0,4236.10009765625,4236.10009765625,19836
2025-04-17 12:03:00+05:30,4240.2001953125,4253.0,4240.10009765625,4249.0,22570
2025-04-17 12:04:00+05:30,4244.10009765625,4245.0,4240.0,4240.7001953125,4045
2025-04-17 12:05:00+05:30,4242.10009765625,4243.0,4240.60009765625,4243.0,2790
2025-04-17 12:06:00+05:30,4240.0,4244.0,4240.0,4242.2001953125,2240
2025-04-17 12:07:00+05:30,4241.39990234375,4242.7998046875,4240.10009765625,4242.7001953125,2634
2025-04-17 12:08:00+05:30,4243.2001953125,4244.0,4240.0,4241.39990234375,1606
2025-04-17 12:09:00+05:30,4245.0,4246.0,4243.0,4243.0,4024
2025-04-17 12:10:00+05:30,4245.0,4246.0,4244.5,4244.5,2607
2025-04-17 12:11:00+05:30,4247.0,4247.39990234375,4245.0,4245.7998046875,3294
2025-04-17 12:12:00+05:30,4245.0,4247.0,4245.0,4246.7998046875,3428
2025-04-17 12:13:00+05:30,4243.89990234375,4246.0,4243.89990234375,4245.7998046875,2676
2025-04-17 12:14:00+05:30,4245.2998046875,4249.0,4244.60009765625,4244.60009765625,4597
2025-04-17 12:15:00+05:30,4244.2001953125,4247.60009765625,4242.7001953125,4245.5,2640
2025-04-17 12:16:00+05:30,4242.60009765625,4245.7998046875,4242.0,4245.0,1580
2025-04-17 12:17:00+05:30,4243.0,4244.10009765625,4241.2998046875,4242.7001953125,2583
2025-04-17 12:18:00+05:30,4247.10009765625,4247.89990234375,4242.0,4242.0,2962
2025-04-17 12:19:00+05:30,4248.0,4249.2001953125,4245.2001953125,4247.0,5562
2025-04-17 12:20:00+05:30,4246.89990234375,4248.0,4246.0,4246.60009765625,3528
2025-04-17 12:21:00+05:30,4246.0,4247.89990234375,4244.0,4246.7998046875,2648
2025-04-17 12:22:00+05:30,4243.7998046875,4246.89990234375,4243.2001953125,4246.0,6704
2025-04-17 12:23:00+05:30,4244.89990234375,4245.60009765625,4243.2001953125,4243.7998046875,1290
2025-04-17 12:24:00+05:30,4240.10009765625,4244.10009765625,4240.0,4244.0,2013
2025-04-17 12:25:00+05:30,4240.2001953125,4241.0,4240.0,4240.0,1217
2025-04-17 12:26:00+05:30,4243.0,4244.0,4240.10009765625,4240.2001953125,1853
2025-04-17 12:27:00+05:30,4242.0,4243.2998046875,4241.39990234375,4241.7998046875,1755
2025-04-17 12:28:00+05:30,4241.2998046875,4243.2998046875,4240.7001953125,4242.0,856
2025-04-17 12:29:00+05:30,4240.10009765625,4241.60009765625,4240.0,4240.7998046875,983
2025-04-17 12:30:00+05:30,4240.2998046875,4241.2001953125,4240.10009765625,4240.10009765625,855
2025-04-17 12:31:00+05:30,4243.60009765625,4243.60009765625,4240.39990234375,4241.2001953125,1406
2025-04-17 12:32:00+05:30,4247.7998046875,4248.0,4242.89990234375,4243.0,3840
2025-04-17 12:33:00+05:30,4246.7001953125,4252.0,4246.7001953125,4247.2998046875,10110
2025-04-17 12:34:00+05:30,4242.2998046875,4246.2998046875,4242.2998046875,4246.2998046875,1114
2025-04-17 12:35:00+05:30,4244.0,4245.0,4241.7998046875,4242.2001953125,3308
2025-04-17 12:36:00+05:30,4240.0,4244.7998046875,4240.0,4244.0,1303
2025-04-17 12:37:00+05:30,4240.0,4240.7001953125,4239.0,4240.7001953125,3169
2025-04-17 12:38:00+05:30,4238.0,4240.10009765625,4238.0,4240.0,4804
2025-04-17 12:39:00+05:30,4238.7001953125,4240.2998046875,4235.2998046875,4237.7998046875,3911
2025-04-17 12:40:00+05:30,4241.0,4242.0,4238.7998046875,4238.7998046875,1391
2025-04-17 12:41:00+05:30,4241.60009765625,4242.39990234375,4241.0,4241.10009765625,599
2025-04-17 12:42:00+05:30,4241.7998046875,4242.0,4241.10009765625,4241.5,1614
2025-04-17 12:43:00+05:30,4243.7998046875,4244.0,4241.10009765625,4241.89990234375,1999
2025-04-17 12:44:00+05:30,4241.89990234375,4244.7001953125,4241.89990234375,4243.7998046875,1282
2025-04-17 12:45:00+05:30,4243.60009765625,4243.60009765625,4241.89990234375,4243.60009765625,986
2025-04-17 12:46:00+05:30,4244.89990234375,4245.0,4242.2998046875,4242.5,2738
2025-04-17 12:47:00+05:30,4249.0,4249.0,4244.89990234375,4245.2001953125,4642
2025-04-17 12:48:00+05:30,4246.5,4248.89990234375,4246.2001953125,4248.89990234375,1466
2025-04-17 12:49:00+05:30,4247.7001953125,4248.39990234375,4245.2998046875,4247.2001953125,7862
2025-04-17 12:50:00+05:30,4248.10009765625,4249.39990234375,4246.2998046875,4246.2998046875,1947
2025-04-17 12:51:00+05:30,4246.89990234375,4248.10009765625,4245.39990234375,4248.0,1739
2025-04-17 12:52:00+05:30,4247.2998046875,4247.2998046875,4246.2001953125,4246.5,1217
2025-04-17 12:53:00+05:30,4246.5,4247.5,4245.5,4247.5,836
2025-04-17 12:54:00+05:30,4247.5,4247.5,4246.2998046875,4246.2998046875,1198
2025-04-17 12:55:00+05:30,4248.2001953125,4248.60009765625,4245.39990234375,4247.2998046875,3198
2025-04-17 12:56:00+05:30,4246.0,4248.0,4245.7001953125,4246.2998046875,1643
2025-04-17 12:57:00+05:30,4244.2001953125,4246.0,4243.89990234375,4245.7998046875,1021
2025-04-17 12:58:00+05:30,4243.10009765625,4244.2001953125,4242.2001953125,4244.2001953125,1193
2025-04-17 12:59:00+05:30,4245.0,4246.0,4243.10009765625,4243.10009765625,4057
2025-04-17 13:00:00+05:30,4245.60009765625,4245.60009765625,4245.0,4245.0,1353
2025-04-17 13:01:00+05:30,4245.60009765625,4246.0,4245.10009765625,4245.2001953125,1209
2025-04-17 13:02:00+05:30,4242.89990234375,4245.60009765625,4242.89990234375,4245.2998046875,3673
2025-04-17 13:03:00+05:30,4242.10009765625,4243.7998046875,4242.10009765625,4242.89990234375,1429
2025-04-17 13:04:00+05:30,4242.10009765625,4243.2001953125,4242.10009765625,4242.10009765625,976
2025-04-17 13:05:00+05:30,4242.2001953125,4243.0,4241.10009765625,4242.10009765625,3091
2025-04-17 13:06:00+05:30,4245.7001953125,4245.7001953125,4242.2001953125,4242.2001953125,2028
2025-04-17 13:07:00+05:30,4245.10009765625,4246.0,4244.2998046875,4245.7001953125,1294
2025-04-17 13:08:00+05:30,4245.7998046875,4246.0,4245.0,4245.10009765625,1277
2025-04-17 13:09:00+05:30,4245.5,4246.0,4245.0,4245.7998046875,985
2025-04-17 13:10:00+05:30,4244.89990234375,4245.0,4243.2998046875,4245.0,1979
2025-04-17 13:11:00+05:30,4245.5,4245.60009765625,4244.2001953125,4245.60009765625,1215
2025-04-17 13:12:00+05:30,4244.2001953125,4245.10009765625,4244.2001953125,4244.89990234375,814
2025-04-17 13:13:00+05:30,4244.0,4244.7001953125,4244.0,4244.2001953125,605
2025-04-17 13:14:00+05:30,4243.10009765625,4244.2001953125,4243.10009765625,4244.2001953125,732
2025-04-17 13:15:00+05:30,4243.0,4243.60009765625,4243.0,4243.60009765625,518
2025-04-17 13:16:00+05:30,4240.0,4243.0,4240.0,4243.0,3976
2025-04-17 13:17:00+05:30,4240.0,4241.0,4239.10009765625,4240.0,3225
2025-04-17 13:18:00+05:30,4237.0,4240.0,4237.0,4240.0,5794
2025-04-17 13:19:00+05:30,4237.5,4237.5,4235.0,4237.0,2939
2025-04-17 13:20:00+05:30,4236.7001953125,4237.5,4236.0,4237.10009765625,576
2025-04-17 13:21:00+05:30,4234.60009765625,4236.2998046875,4232.0,4236.0,3881
2025-04-17 13:22:00+05:30,4230.60009765625,4235.0,4230.2001953125,4234.7998046875,3932
2025-04-17 13:23:00+05:30,4233.5,4235.0,4230.60009765625,4231.0,2587
2025-04-17 13:24:00+05:30,4235.2998046875,4236.2998046875,4233.5,4233.5,1301
2025-04-17 13:25:00+05:30,4235.60009765625,4236.7001953125,4234.2001953125,4235.2998046875,973
2025-04-17 13:26:00+05:30,4233.10009765625,4236.7998046875,4233.10009765625,4235.0,958
2025-04-17 13:27:00+05:30,4232.5,4233.60009765625,4232.5,4233.10009765625,1366
2025-04-17 13:28:00+05:30,4233.0,4233.0,4231.39990234375,4232.5,1485
2025-04-17 13:29:00+05:30,4231.39990234375,4234.7001953125,4231.0,4233.0,787
2025-04-17 13:30:00+05:30,4232.2001953125,4232.7998046875,4231.0,4231.10009765625,725
2025-04-17 13:31:00+05:30,4232.2998046875,4232.60009765625,4232.0,4232.2998046875,653
2025-04-17 13:32:00+05:30,4232.2998046875,4233.7998046875,4232.0,4232.10009765625,610
2025-04-17 13:33:00+05:30,4231.10009765625,4232.2001953125,4231.10009765625,4232.2001953125,1815
2025-04-17 13:34:00+05:30,4227.89990234375,4231.5,4227.0,4231.2998046875,7267
2025-04-17 13:35:00+05:30,4229.89990234375,4231.89990234375,4227.0,4227.0,2322
2025-04-17 13:36:00+05:30,4232.10009765625,4232.10009765625,4228.5,4230.10009765625,2659
2025-04-17 13:37:00+05:30,4231.39990234375,4233.39990234375,4230.2998046875,4230.2998046875,1313
2025-04-17 13:38:00+05:30,4233.89990234375,4236.0,4231.39990234375,4231.39990234375,1101
2025-04-17 13:39:00+05:30,4234.2998046875,4235.5,4233.10009765625,4234.0,723
2025-04-17 13:40:00+05:30,4232.2998046875,4234.2998046875,4231.2001953125,4234.2998046875,4116
2025-04-17 13:41:00+05:30,4234.7001953125,4235.0,4231.0,4231.0,934
2025-04-17 13:42:00+05:30,4238.2998046875,4240.0,4234.7001953125,4234.7001953125,4485
2025-04-17 13:43:00+05:30,4239.89990234375,4240.0,4238.10009765625,4239.10009765625,865
2025-04-17 13:44:00+05:30,4238.89990234375,4239.7998046875,4237.89990234375,4239.7998046875,1973
2025-04-17 13:45:00+05:30,4241.10009765625,4241.10009765625,4239.10009765625,4239.39990234375,3341
2025-04-17 13:46:00+05:30,4240.0,4242.5,4240.0,4240.60009765625,738
2025-04-17 13:47:00+05:30,4239.0,4240.0,4238.2001953125,4240.0,1807
2025-04-17 13:48:00+05:30,4239.10009765625,4240.0,4237.5,4238.7998046875,1789
2025-04-17 13:49:00+05:30,4243.0,4243.0,4238.60009765625,4239.10009765625,3135
2025-04-17 13:50:00+05:30,4240.7998046875,4244.39990234375,4240.7998046875,4241.89990234375,1373
2025-04-17 13:51:00+05:30,4241.39990234375,4242.2998046875,4240.0,4241.0,2836
2025-04-17 13:52:00+05:30,4240.0,4240.5,4237.7998046875,4240.5,1367
2025-04-17 13:53:00+05:30,4238.5,4240.0,4237.10009765625,4240.0,1389
2025-04-17 13:54:00+05:30,4239.5,4239.60009765625,4237.10009765625,4237.7001953125,922
2025-04-17 13:55:00+05:30,4238.7001953125,4238.7998046875,4237.0,4237.5,848
2025-04-17 13:56:00+05:30,4239.0,4240.0,4237.2998046875,4238.5,898
2025-04-17 13:57:00+05:30,4240.10009765625,4240.2998046875,4238.0,4239.0,2781
2025-04-17 13:58:00+05:30,4237.39990234375,4240.10009765625,4237.39990234375,4240.10009765625,829
2025-04-17 13:59:00+05:30,4237.7001953125,4238.5,4237.10009765625,4238.5,1451
2025-04-17 14:00:00+05:30,4239.5,4240.5,4238.10009765625,4238.10009765625,1277
2025-04-17 14:01:00+05:30,4240.0,4240.7001953125,4238.7998046875,4240.5,1475
2025-04-17 14:02:00+05:30,4239.89990234375,4240.0,4239.89990234375,4240.0,587
2025-04-17 14:03:00+05:30,4239.0,4239.89990234375,4239.0,4239.89990234375,998
2025-04-17 14:04:00+05:30,4237.0,4239.5,4237.0,4239.0,2518
2025-04-17 14:05:00+05:30,4236.0,4237.0,4236.0,4236.0,2223
2025-04-17 14:06:00+05:30,4237.0,4237.5,4235.39990234375,4236.0,1365
2025-04-17 14:07:00+05:30,4235.0,4237.5,4234.60009765625,4237.5,804
2025-04-17 14:08:00+05:30,4236.0,4237.0,4234.5,4234.5,1571
2025-04-17 14:09:00+05:30,4236.7998046875,4237.2001953125,4235.0,4235.89990234375,1126
2025-04-17 14:10:00+05:30,4235.89990234375,4237.39990234375,4235.0,4237.39990234375,975
2025-04-17 14:11:00+05:30,4237.39990234375,4238.0,4235.0,4235.2001953125,2727
2025-04-17 14:12:00+05:30,4235.0,4238.2998046875,4234.7998046875,4237.2001953125,1607
2025-04-17 14:13:00+05:30,4235.0,4237.7998046875,4234.7998046875,4234.7998046875,3208
2025-04-17 14:14:00+05:30,4234.89990234375,4239.5,4234.0,4235.0,2325
2025-04-17 14:15:00+05:30,4239.39990234375,4240.0,4232.89990234375,4234.0,5544
2025-04-17 14:16:00+05:30,4236.0,4239.2998046875,4233.5,4237.5,1189
2025-04-17 14:17:00+05:30,4234.5,4235.7998046875,4233.0,4235.0,1519
2025-04-17 14:18:00+05:30,4233.0,4235.0,4232.0,4234.39990234375,1428
2025-04-17 14:19:00+05:30,4233.2001953125,4234.10009765625,4232.0,4233.2998046875,1032
2025-04-17 14:20:00+05:30,4229.7001953125,4232.5,4229.0,4232.5,7867
2025-04-17 14:21:00+05:30,4227.7998046875,4229.60009765625,4227.2998046875,4229.0,3680
2025-04-17 14:22:00+05:30,4226.60009765625,4228.7998046875,4225.0,4227.5,3178
2025-04-17 14:23:00+05:30,4227.0,4227.89990234375,4226.60009765625,4227.2998046875,799
2025-04-17 14:24:00+05:30,4228.39990234375,4228.7001953125,4227.0,4227.2001953125,1439
2025-04-17 14:25:00+05:30,4228.89990234375,4229.10009765625,4227.5,4229.10009765625,1174
2025-04-17 14:26:00+05:30,4228.0,4229.0,4227.7998046875,4228.10009765625,1479
2025-04-17 14:27:00+05:30,4226.60009765625,4227.89990234375,4226.60009765625,4227.2001953125,1593
2025-04-17 14:28:00+05:30,4226.5,4227.0,4226.0,4227.0,949
2025-04-17 14:29:00+05:30,4223.60009765625,4224.10009765625,4222.39990234375,4224.10009765625,5345
2025-04-17 14:30:00+05:30,4223.0,4224.5,4223.0,4223.60009765625,2011
2025-04-17 14:31:00+05:30,4223.0,4223.0,4222.0,4223.0,2336
2025-04-17 14:32:00+05:30,4222.10009765625,4223.0,4222.0,4223.0,1874
2025-04-17 14:33:00+05:30,4225.0,4225.0,4222.7998046875,4223.10009765625,1293
2025-04-17 14:34:00+05:30,4226.0,4226.89990234375,4224.7001953125,4225.2998046875,2015
2025-04-17 14:35:00+05:30,4225.10009765625,4226.89990234375,4225.10009765625,4226.0,845
2025-04-17 14:36:00+05:30,4226.39990234375,4226.60009765625,4224.60009765625,4225.5,1785
2025-04-17 14:37:00+05:30,4226.89990234375,4226.89990234375,4224.60009765625,4226.39990234375,1320
2025-04-17 14:38:00+05:30,4225.7001953125,4226.89990234375,4225.0,4226.89990234375,1438
2025-04-17 14:39:00+05:30,4227.10009765625,4227.10009765625,4224.2001953125,4225.7001953125,2584
2025-04-17 14:40:00+05:30,4229.0,4229.0,4227.60009765625,4228.0,780
2025-04-17 14:41:00+05:30,4227.0,4228.2998046875,4227.0,4228.2001953125,554
2025-04-17 14:42:00+05:30,4227.0,4228.0,4227.0,4228.0,1657
2025-04-17 14:43:00+05:30,4228.5,4228.5,4227.0,4227.0,1722
2025-04-17 14:44:00+05:30,4226.7998046875,4228.2998046875,4226.7998046875,4227.2001953125,1055
2025-04-17 14:45:00+05:30,4225.89990234375,4227.7001953125,4225.89990234375,4226.7998046875,703
2025-04-17 14:46:00+05:30,4222.0,4227.5,4222.0,4227.2998046875,4433
2025-04-17 14:47:00+05:30,4222.2001953125,4224.89990234375,4222.2001953125,4223.39990234375,1052
2025-04-17 14:48:00+05:30,4223.0,4225.10009765625,4222.89990234375,4224.10009765625,935
2025-04-17 14:49:00+05:30,4230.60009765625,4231.5,4223.10009765625,4223.89990234375,7524
2025-04-17 14:50:00+05:30,4231.2001953125,4232.39990234375,4230.0,4232.2001953125,1145
2025-04-17 14:51:00+05:30,4228.2001953125,4231.0,4228.2001953125,4230.7001953125,2577
2025-04-17 14:52:00+05:30,4227.0,4230.0,4225.0,4228.7998046875,2550
2025-04-17 14:53:00+05:30,4228.0,4228.60009765625,4227.0,4227.0,581
2025-04-17 14:54:00+05:30,4229.0,4230.2001953125,4227.0,4228.10009765625,4177
2025-04-17 14:55:00+05:30,4225.2001953125,4228.89990234375,4225.2001953125,4228.89990234375,3298
2025-04-17 14:56:00+05:30,4227.2998046875,4227.2998046875,4225.0,4225.5,1281
2025-04-17 14:57:00+05:30,4227.89990234375,4228.10009765625,4227.0,4227.2998046875,794
2025-04-17 14:58:00+05:30,4229.10009765625,4230.0,4227.0,4227.89990234375,4444
2025-04-17 14:59:00+05:30,4230.10009765625,4230.10009765625,4228.0,4228.0,4749
2025-04-17 15:00:00+05:30,4230.2001953125,4235.0,4229.10009765625,4229.5,6322
2025-04-17 15:01:00+05:30,4226.2998046875,4231.0,4225.60009765625,4230.10009765625,5056
2025-04-17 15:02:00+05:30,4225.2001953125,4226.89990234375,4225.0,4225.89990234375,1758
2025-04-17 15:03:00+05:30,4225.0,4226.2998046875,4224.5,4226.2998046875,3014
2025-04-17 15:04:00+05:30,4222.0,4225.0,4222.0,4225.0,2538
2025-04-17 15:05:00+05:30,4222.0,4222.7001953125,4222.0,4222.7001953125,2443
2025-04-17 15:06:00+05:30,4222.0,4222.7001953125,4222.0,4222.10009765625,1781
2025-04-17 15:07:00+05:30,4220.0,4222.10009765625,4220.0,4222.0,5474
2025-04-17 15:08:00+05:30,4220.10009765625,4220.39990234375,4220.0,4220.0,3965
2025-04-17 15:09:00+05:30,4221.89990234375,4222.39990234375,4219.7001953125,4219.89990234375,4622
2025-04-17 15:10:00+05:30,4224.10009765625,4224.39990234375,4220.39990234375,4222.5,4080
2025-04-17 15:11:00+05:30,4222.10009765625,4224.2998046875,4221.60009765625,4224.10009765625,2225
2025-04-17 15:12:00+05:30,4221.2998046875,4222.39990234375,4221.0,4222.39990234375,2648
2025-04-17 15:13:00+05:30,4221.7998046875,4222.89990234375,4221.2001953125,4221.2001953125,3905
2025-04-17 15:14:00+05:30,4220.0,4221.60009765625,4219.89990234375,4221.60009765625,2064
2025-04-17 15:15:00+05:30,4219.0,4220.0,4218.89990234375,4220.0,4148
2025-04-17 15:16:00+05:30,4216.60009765625,4218.7001953125,4215.89990234375,4216.39990234375,8757
2025-04-17 15:17:00+05:30,4217.0,4218.5,4216.0,4216.60009765625,5466
2025-04-17 15:18:00+05:30,4216.10009765625,4216.89990234375,4215.7998046875,4216.7001953125,5232
2025-04-17 15:19:00+05:30,4218.2998046875,4221.7998046875,4216.39990234375,4217.10009765625,7574
2025-04-17 15:20:00+05:30,4215.2998046875,4220.2998046875,4215.0,4218.89990234375,11796
2025-04-17 15:21:00+05:30,4218.2001953125,4218.2001953125,4215.2998046875,4217.2001953125,2598
2025-04-17 15:22:00+05:30,4219.0,4219.7001953125,4218.2001953125,4219.0,1774
2025-04-17 15:23:00+05:30,4217.5,4219.10009765625,4217.5,4219.0,2473
2025-04-17 15:24:00+05:30,4217.89990234375,4218.0,4215.2001953125,4217.5,3589
2025-04-17 15:25:00+05:30,4218.0,4218.89990234375,4216.5,4216.60009765625,2268
2025-04-17 15:26:00+05:30,4217.5,4218.10009765625,4216.60009765625,4218.10009765625,4606
2025-04-17 15:27:00+05:30,4219.2998046875,4219.39990234375,4216.10009765625,4217.0,6650
2025-04-17 15:28:00+05:30,4219.2998046875,4220.0,4216.39990234375,4219.2998046875,4828
2025-04-17 15:29:00+05:30,4220.0,4221.0,4217.0,4220.0,5376
2025-04-21 09:15:00+05:30,4244.2998046875,4244.2998046875,4229.39990234375,4231.10009765625,0
2025-04-21 09:16:00+05:30,4251.7001953125,4258.89990234375,4240.7001953125,4244.7001953125,24997
2025-04-21 09:17:00+05:30,4253.7001953125,4257.7998046875,4250.7998046875,4253.60009765625,18750
2025-04-21 09:18:00+05:30,4252.10009765625,4256.89990234375,4250.2998046875,4255.60009765625,9338
2025-04-21 09:19:00+05:30,4243.89990234375,4254.0,4241.10009765625,4253.0,8654
2025-04-21 09:20:00+05:30,4246.0,4246.0,4240.7001953125,4245.0,9954
2025-04-21 09:21:00+05:30,4242.0,4245.7998046875,4240.2001953125,4245.0,5964
2025-04-21 09:22:00+05:30,4233.10009765625,4242.60009765625,4231.10009765625,4242.60009765625,11487
2025-04-21 09:23:00+05:30,4231.10009765625,4235.0,4230.0,4232.2998046875,5981
2025-04-21 09:24:00+05:30,4243.2998046875,4246.0,4231.39990234375,4231.60009765625,6773
2025-04-21 09:25:00+05:30,4236.5,4245.2998046875,4230.7998046875,4244.39990234375,10795
2025-04-21 09:26:00+05:30,4237.2998046875,4240.10009765625,4232.2998046875,4236.10009765625,4639
2025-04-21 09:27:00+05:30,4231.2998046875,4237.7998046875,4230.10009765625,4236.10009765625,4758
2025-04-21 09:28:00+05:30,4238.7998046875,4238.7998046875,4230.0,4231.7998046875,5480
2025-04-21 09:29:00+05:30,4242.0,4244.0,4237.2998046875,4237.89990234375,5441
2025-04-21 09:30:00+05:30,4245.2998046875,4246.2998046875,4240.39990234375,4240.39990234375,7626
2025-04-21 09:31:00+05:30,4249.39990234375,4251.60009765625,4243.89990234375,4244.89990234375,6829
2025-04-21 09:32:00+05:30,4252.0,4253.39990234375,4247.0,4251.2001953125,8290
2025-04-21 09:33:00+05:30,4254.0,4255.0,4251.0,4251.10009765625,4420
2025-04-21 09:34:00+05:30,4250.7001953125,4254.0,4249.7001953125,4253.7001953125,4323
2025-04-21 09:35:00+05:30,4253.0,4256.0,4250.89990234375,4251.2001953125,4808
2025-04-21 09:36:00+05:30,4252.89990234375,4254.0,4251.2998046875,4252.7998046875,3152
2025-04-21 09:37:00+05:30,4251.2998046875,4253.5,4251.2998046875,4253.5,1489
2025-04-21 09:38:00+05:30,4257.0,4257.0,4250.39990234375,4251.0,6654
2025-04-21 09:39:00+05:30,4255.2001953125,4258.0,4254.0,4258.0,2506
2025-04-21 09:40:00+05:30,4253.60009765625,4257.0,4252.0,4255.2001953125,2421
2025-04-21 09:41:00+05:30,4259.5,4259.5,4253.39990234375,4253.60009765625,13080
2025-04-21 09:42:00+05:30,4260.10009765625,4262.2001953125,4257.7001953125,4259.0,4758
2025-04-21 09:43:00+05:30,4261.0,4261.0,4257.89990234375,4260.2001953125,6132
2025-04-21 09:44:00+05:30,4264.89990234375,4264.89990234375,4260.5,4262.0,4628
2025-04-21 09:45:00+05:30,4265.0,4268.5,4263.2998046875,4263.2998046875,8115
2025-04-21 09:46:00+05:30,4268.0,4268.5,4262.10009765625,4265.0,4993
2025-04-21 09:47:00+05:30,4277.7998046875,4279.0,4268.2001953125,4268.5,18665
2025-04-21 09:48:00+05:30,4282.7001953125,4285.7998046875,4274.0,4275.7001953125,21647
2025-04-21 09:49:00+05:30,4287.2998046875,4290.0,4280.7001953125,4283.2998046875,14317
2025-04-21 09:50:00+05:30,4299.89990234375,4300.0,4287.0,4288.7001953125,37175
2025-04-21 09:51:00+05:30,4304.0,4306.0,4298.10009765625,4298.2998046875,30196
2025-04-21 09:52:00+05:30,4307.89990234375,4309.2998046875,4302.0,4304.89990234375,12069
2025-04-21 09:53:00+05:30,4311.10009765625,4314.0,4305.2998046875,4307.0,25657
2025-04-21 09:54:00+05:30,4312.0,4314.5,4308.0,4309.5,21692
2025-04-21 09:55:00+05:30,4311.7001953125,4314.0,4308.0,4312.2001953125,13946
2025-04-21 09:56:00+05:30,4315.0,4317.60009765625,4311.39990234375,4311.7001953125,15208
2025-04-21 09:57:00+05:30,4311.5,4319.0,4311.5,4316.60009765625,10815
2025-04-21 09:58:00+05:30,4309.60009765625,4313.10009765625,4304.0,4313.10009765625,14160
2025-04-21 09:59:00+05:30,4307.10009765625,4310.0,4305.10009765625,4308.60009765625,6598
2025-04-21 10:00:00+05:30,4301.0,4307.2001953125,4301.0,4306.2001953125,8741
2025-04-21 10:01:00+05:30,4311.60009765625,4312.0,4298.5,4301.0,17459
2025-04-21 10:02:00+05:30,4305.89990234375,4311.2998046875,4305.0,4310.0,9915
2025-04-21 10:03:00+05:30,4309.60009765625,4310.0,4303.0,4305.7001953125,5539
2025-04-21 10:04:00+05:30,4307.2001953125,4311.0,4306.39990234375,4309.60009765625,5659
2025-04-21 10:05:00+05:30,4307.0,4309.0,4305.2998046875,4309.0,4501
2025-04-21 10:06:00+05:30,4307.39990234375,4311.0,4305.2998046875,4305.2998046875,8274
2025-04-21 10:07:00+05:30,4304.5,4307.39990234375,4302.0,4307.0,3678
2025-04-21 10:08:00+05:30,4301.0,4303.89990234375,4300.0,4303.0,8033
2025-04-21 10:09:00+05:30,4300.0,4302.89990234375,4298.7998046875,4300.7001953125,3960
2025-04-21 10:10:00+05:30,4309.2001953125,4311.0,4298.10009765625,4299.60009765625,15311
2025-04-21 10:11:00+05:30,4308.2998046875,4311.0,4307.5,4309.89990234375,4767
2025-04-21 10:12:00+05:30,4309.2001953125,4312.60009765625,4307.60009765625,4309.89990234375,10975
2025-04-21 10:13:00+05:30,4314.10009765625,4315.0,4308.60009765625,4310.0,10635
2025-04-21 10:14:00+05:30,4320.89990234375,4325.0,4312.2998046875,4315.0,30095
2025-04-21 10:15:00+05:30,4328.7001953125,4328.7001953125,4320.10009765625,4322.5,25938
2025-04-21 10:16:00+05:30,4324.0,4329.0,4321.60009765625,4328.0,14577
2025-04-21 10:17:00+05:30,4317.0,4324.0,4315.0,4323.0,11466
2025-04-21 10:18:00+05:30,4317.10009765625,4319.5,4314.89990234375,4319.0,6029
2025-04-21 10:19:00+05:30,4316.60009765625,4319.0,4314.2998046875,4316.10009765625,7237
2025-04-21 10:20:00+05:30,4317.0,4319.2001953125,4315.60009765625,4316.39990234375,3466
2025-04-21 10:21:00+05:30,4318.7998046875,4319.0,4315.7998046875,4317.7001953125,2445
2025-04-21 10:22:00+05:30,4317.7998046875,4319.5,4315.0,4318.0,6402
2025-04-21 10:23:00+05:30,4323.2001953125,4324.60009765625,4317.7001953125,4317.7998046875,9866
2025-04-21 10:24:00+05:30,4320.0,4327.10009765625,4320.0,4323.0,10057
2025-04-21 10:25:00+05:30,4321.2001953125,4322.7998046875,4317.10009765625,4320.2998046875,4698
2025-04-21 10:26:00+05:30,4322.2001953125,4324.5,4318.39990234375,4320.10009765625,5563
2025-04-21 10:27:00+05:30,4326.2001953125,4327.0,4320.10009765625,4322.2001953125,8922
2025-04-21 10:28:00+05:30,4325.2998046875,4327.0,4323.0,4326.5,7608
2025-04-21 10:29:00+05:30,4325.0,4328.0,4325.0,4325.60009765625,3561
2025-04-21 10:30:00+05:30,4322.0,4326.39990234375,4322.0,4325.89990234375,5699
2025-04-21 10:31:00+05:30,4323.89990234375,4325.0,4322.0,4322.0,4640
2025-04-21 10:32:00+05:30,4325.2001953125,4327.0,4323.0,4323.0,3849
2025-04-21 10:33:00+05:30,4325.0,4325.89990234375,4323.0,4323.0,1967
2025-04-21 10:34:00+05:30,4324.0,4325.0,4321.10009765625,4325.0,2480
2025-04-21 10:35:00+05:30,4322.0,4324.0,4320.0,4322.2001953125,3792
2025-04-21 10:36:00+05:30,4323.89990234375,4324.0,4322.0,4322.0,2000
2025-04-21 10:37:00+05:30,4322.10009765625,4324.0,4322.10009765625,4324.0,4306
2025-04-21 10:38:00+05:30,4324.89990234375,4324.89990234375,4321.0,4322.0,2257
2025-04-21 10:39:00+05:30,4320.5,4324.0,4320.10009765625,4323.7998046875,3171
2025-04-21 10:40:00+05:30,4324.5,4325.0,4320.10009765625,4321.7001953125,5564
2025-04-21 10:41:00+05:30,4317.89990234375,4321.0,4316.0,4321.0,7499
2025-04-21 10:42:00+05:30,4310.7001953125,4317.60009765625,4310.7001953125,4317.60009765625,6509
2025-04-21 10:43:00+05:30,4314.0,4316.7001953125,4311.0,4311.2001953125,2278
2025-04-21 10:44:00+05:30,4318.39990234375,4318.60009765625,4313.0,4314.0,4448
2025-04-21 10:45:00+05:30,4317.0,4318.60009765625,4315.39990234375,4318.39990234375,1462
2025-04-21 10:46:00+05:30,4317.2998046875,4318.39990234375,4315.7998046875,4317.0,1478
2025-04-21 10:47:00+05:30,4318.5,4318.60009765625,4316.89990234375,4318.0,1200
2025-04-21 10:48:00+05:30,4322.0,4323.2001953125,4318.0,4318.5,4508
2025-04-21 10:49:00+05:30,4316.39990234375,4323.39990234375,4315.5,4323.39990234375,2284
2025-04-21 10:50:00+05:30,4313.0,4316.5,4313.0,4315.60009765625,3007
2025-04-21 10:51:00+05:30,4313.7001953125,4314.7998046875,4312.0,4313.0,3815
2025-04-21 10:52:00+05:30,4316.60009765625,4317.7998046875,4313.10009765625,4313.7001953125,4335
2025-04-21 10:53:00+05:30,4317.39990234375,4319.7001953125,4315.0,4315.0,1440
2025-04-21 10:54:00+05:30,4317.7001953125,4318.0,4315.89990234375,4315.89990234375,910
2025-04-21 10:55:00+05:30,4315.60009765625,4318.0,4315.5,4317.10009765625,1394
2025-04-21 10:56:00+05:30,4313.60009765625,4317.0,4313.0,4315.5,1412
2025-04-21 10:57:00+05:30,4316.39990234375,4317.89990234375,4313.60009765625,4313.60009765625,1729
2025-04-21 10:58:00+05:30,4318.0,4320.0,4315.2998046875,4315.5,4403
2025-04-21 10:59:00+05:30,4314.7001953125,4317.60009765625,4314.0,4316.5,2916
2025-04-21 11:00:00+05:30,4316.2001953125,4317.60009765625,4314.2001953125,4315.89990234375,2358
2025-04-21 11:01:00+05:30,4315.0,4317.0,4314.0,4316.89990234375,1718
2025-04-21 11:02:00+05:30,4314.0,4315.0,4311.60009765625,4315.0,2768
2025-04-21 11:03:00+05:30,4315.0,4315.0,4313.0,4314.0,1987
2025-04-21 11:04:00+05:30,4314.7998046875,4315.0,4312.0,4314.0,3270
2025-04-21 11:05:00+05:30,4312.0,4314.7998046875,4312.0,4314.7998046875,3655
2025-04-21 11:06:00+05:30,4313.2001953125,4314.7998046875,4311.0,4311.0,12224
2025-04-21 11:07:00+05:30,4308.0,4314.60009765625,4308.0,4314.0,5997
2025-04-21 11:08:00+05:30,4310.60009765625,4312.39990234375,4308.0,4309.0,2397
2025-04-21 11:09:00+05:30,4310.0,4313.0,4308.60009765625,4311.2998046875,1953
2025-04-21 11:10:00+05:30,4312.2001953125,4313.5,4309.5,4310.89990234375,2169
2025-04-21 11:11:00+05:30,4311.5,4315.0,4311.39990234375,4312.2001953125,2883
2025-04-21 11:12:00+05:30,4312.2998046875,4314.39990234375,4311.0,4313.0,1167
2025-04-21 11:13:00+05:30,4314.5,4314.5,4311.5,4312.2998046875,965
2025-04-21 11:14:00+05:30,4317.0,4317.0,4315.39990234375,4315.5,4395
2025-04-21 11:15:00+05:30,4315.10009765625,4316.7001953125,4314.0,4316.0,1402
2025-04-21 11:16:00+05:30,4316.5,4318.0,4315.0,4315.10009765625,1704
2025-04-21 11:17:00+05:30,4316.60009765625,4316.7001953125,4314.10009765625,4315.10009765625,842
2025-04-21 11:18:00+05:30,4314.5,4316.5,4313.0,4315.10009765625,2242
2025-04-21 11:19:00+05:30,4313.7998046875,4316.0,4313.2001953125,4316.0,1753
2025-04-21 11:20:00+05:30,4310.2998046875,4314.10009765625,4310.0,4314.0,2720
2025-04-21 11:21:00+05:30,4314.2001953125,4316.0,4310.0,4310.2998046875,2536
2025-04-21 11:22:00+05:30,4318.7998046875,4319.10009765625,4314.89990234375,4314.89990234375,4169
2025-04-21 11:23:00+05:30,4324.0,4324.0,4318.7998046875,4319.0,6448
2025-04-21 11:24:00+05:30,4321.39990234375,4323.0,4320.39990234375,4323.0,2701
2025-04-21 11:25:00+05:30,4319.10009765625,4322.0,4319.0,4321.0,933
2025-04-21 11:26:00+05:30,4324.0,4324.0,4319.2001953125,4319.2001953125,3585
2025-04-21 11:27:00+05:30,4325.7001953125,4326.0,4322.39990234375,4323.2998046875,9196
2025-04-21 11:28:00+05:30,4322.60009765625,4327.7998046875,4322.60009765625,4326.0,7488
2025-04-21 11:29:00+05:30,4328.0,4328.0,4322.2001953125,4322.89990234375,7848
2025-04-21 11:30:00+05:30,4332.0,4333.0,4326.5,4328.0,22778
2025-04-21 11:31:00+05:30,4328.5,4332.39990234375,4326.60009765625,4332.0,2980
2025-04-21 11:32:00+05:30,4333.39990234375,4333.89990234375,4324.2001953125,4326.2998046875,11707
2025-04-21 11:33:00+05:30,4333.89990234375,4336.0,4331.7998046875,4332.89990234375,8147
2025-04-21 11:34:00+05:30,4330.60009765625,4334.89990234375,4328.10009765625,4334.89990234375,3469
2025-04-21 11:35:00+05:30,4329.7001953125,4330.7001953125,4328.0,4330.0,2900
2025-04-21 11:36:00+05:30,4329.2998046875,4330.0,4328.0,4329.89990234375,1532
2025-04-21 11:37:00+05:30,4325.10009765625,4329.5,4325.0,4329.0,3028
2025-04-21 11:38:00+05:30,4327.39990234375,4327.89990234375,4323.7998046875,4325.0,2332
2025-04-21 11:39:00+05:30,4326.0,4328.0,4325.0,4327.2001953125,1850
2025-04-21 11:40:00+05:30,4329.39990234375,4330.0,4326.10009765625,4326.10009765625,3881
2025-04-21 11:41:00+05:30,4328.5,4330.0,4328.0,4329.5,1257
2025-04-21 11:42:00+05:30,4328.0,4332.0,4328.0,4330.0,3167
2025-04-21 11:43:00+05:30,4328.60009765625,4329.0,4325.0,4329.0,1481
2025-04-21 11:44:00+05:30,4330.89990234375,4331.39990234375,4326.7001953125,4327.0,3961
2025-04-21 11:45:00+05:30,4330.39990234375,4331.0,4327.2998046875,4329.10009765625,2273
2025-04-21 11:46:00+05:30,4330.5,4332.0,4329.7001953125,4329.7001953125,1517
2025-04-21 11:47:00+05:30,4328.89990234375,4331.7998046875,4328.0,4331.7998046875,1467
2025-04-21 11:48:00+05:30,4328.2998046875,4331.0,4328.0,4330.2001953125,2337
2025-04-21 11:49:00+05:30,4329.39990234375,4331.60009765625,4328.10009765625,4328.10009765625,1728
2025-04-21 11:50:00+05:30,4327.39990234375,4331.2998046875,4326.7001953125,4331.2001953125,3196
2025-04-21 11:51:00+05:30,4327.0,4329.0,4327.0,4329.0,1666
2025-04-21 11:52:00+05:30,4327.89990234375,4329.0,4326.7998046875,4327.0,1414
2025-04-21 11:53:00+05:30,4326.60009765625,4327.39990234375,4326.2998046875,4327.39990234375,616
2025-04-21 11:54:00+05:30,4329.2998046875,4329.2998046875,4326.39990234375,4326.39990234375,1752
2025-04-21 11:55:00+05:30,4330.0,4330.0,4328.0,4328.0,1132
2025-04-21 11:56:00+05:30,4329.0,4330.0,4328.39990234375,4330.0,3149
2025-04-21 11:57:00+05:30,4329.2998046875,4330.0,4327.10009765625,4328.0,2454
2025-04-21 11:58:00+05:30,4330.0,4331.0,4328.10009765625,4330.60009765625,2154
2025-04-21 11:59:00+05:30,4328.39990234375,4330.0,4328.2001953125,4329.89990234375,1585
2025-04-21 12:00:00+05:30,4323.0,4330.0,4323.0,4329.39990234375,2847
2025-04-21 12:01:00+05:30,4320.60009765625,4323.10009765625,4320.0,4323.0,3783
2025-04-21 12:02:00+05:30,4321.7998046875,4323.89990234375,4320.10009765625,4321.5,2516
2025-04-21 12:03:00+05:30,4324.7001953125,4325.0,4322.2001953125,4323.0,1192
2025-04-21 12:04:00+05:30,4327.89990234375,4329.0,4324.7001953125,4324.7001953125,3023
2025-04-21 12:05:00+05:30,4327.5,4329.0,4327.0,4327.5,1369
2025-04-21 12:06:00+05:30,4329.10009765625,4329.5,4324.2998046875,4326.2998046875,2312
2025-04-21 12:07:00+05:30,4323.2998046875,4329.0,4322.39990234375,4329.0,1452
2025-04-21 12:08:00+05:30,4321.7001953125,4324.2001953125,4321.0,4323.2998046875,1524
2025-04-21 12:09:00+05:30,4323.89990234375,4325.0,4322.0,4322.2001953125,836
2025-04-21 12:10:00+05:30,4325.2998046875,4325.5,4323.39990234375,4323.89990234375,1162
2025-04-21 12:11:00+05:30,4323.7998046875,4326.89990234375,4323.7998046875,4325.2998046875,874
2025-04-21 12:12:00+05:30,4325.10009765625,4327.7998046875,4323.2001953125,4325.0,2512
2025-04-21 12:13:00+05:30,4328.2001953125,4329.0,4325.89990234375,4326.10009765625,824
2025-04-21 12:14:00+05:30,4326.0,4328.7998046875,4326.0,4327.0,1144
2025-04-21 12:15:00+05:30,4323.89990234375,4326.5,4323.10009765625,4326.0,3237
2025-04-21 12:16:00+05:30,4325.7001953125,4325.7001953125,4323.5,4323.5,543
2025-04-21 12:17:00+05:30,4326.0,4326.0,4325.10009765625,4325.10009765625,715
2025-04-21 12:18:00+05:30,4326.0,4326.0,4323.7001953125,4326.0,3065
2025-04-21 12:19:00+05:30,4326.0,4326.0,4323.60009765625,4324.89990234375,672
2025-04-21 12:20:00+05:30,4324.89990234375,4325.5,4322.39990234375,4325.0,1545
2025-04-21 12:21:00+05:30,4322.10009765625,4323.7001953125,4320.39990234375,4323.7001953125,1794
2025-04-21 12:22:00+05:30,4322.0,4322.2998046875,4320.7001953125,4322.2001953125,491
2025-04-21 12:23:00+05:30,4321.0,4322.0,4320.7998046875,4320.7998046875,386
2025-04-21 12:24:00+05:30,4321.7998046875,4323.5,4320.89990234375,4322.0,2433
2025-04-21 12:25:00+05:30,4323.0,4324.0,4321.60009765625,4322.39990234375,1083
2025-04-21 12:26:00+05:30,4323.10009765625,4324.2001953125,4322.0,4322.5,867
2025-04-21 12:27:00+05:30,4321.5,4323.89990234375,4320.39990234375,4322.0,1895
2025-04-21 12:28:00+05:30,4320.0,4322.2998046875,4320.0,4321.89990234375,2727
2025-04-21 12:29:00+05:30,4320.2998046875,4321.60009765625,4317.0,4320.0,4995
2025-04-21 12:30:00+05:30,4320.2001953125,4320.2001953125,4317.10009765625,4317.10009765625,599
2025-04-21 12:31:00+05:30,4317.0,4320.0,4317.0,4319.0,1630
2025-04-21 12:32:00+05:30,4315.5,4318.10009765625,4315.0,4317.0,3371
2025-04-21 12:33:00+05:30,4318.0,4318.0,4315.0,4315.0,545
2025-04-21 12:34:00+05:30,4316.0,4317.0,4315.10009765625,4316.0,2116
2025-04-21 12:35:00+05:30,4317.0,4318.0,4316.0,4317.0,1152
2025-04-21 12:36:00+05:30,4316.0,4317.7001953125,4315.0,4317.0,1144
2025-04-21 12:37:00+05:30,4316.0,4317.39990234375,4315.0,4316.7001953125,5396
2025-04-21 12:38:00+05:30,4320.0,4320.0,4316.0,4317.0,363
2025-04-21 12:39:00+05:30,4319.60009765625,4321.0,4318.0,4320.0,1368
2025-04-21 12:40:00+05:30,4319.39990234375,4322.0,4319.0,4319.2998046875,2109
2025-04-21 12:41:00+05:30,4319.60009765625,4322.2001953125,4319.39990234375,4321.7998046875,1998
2025-04-21 12:42:00+05:30,4319.2998046875,4321.39990234375,4318.5,4319.39990234375,719
2025-04-21 12:43:00+05:30,4319.0,4320.60009765625,4318.5,4320.0,418
2025-04-21 12:44:00+05:30,4319.2998046875,4319.2998046875,4318.5,4318.89990234375,821
2025-04-21 12:45:00+05:30,4318.0,4319.2998046875,4318.0,4318.7998046875,605
2025-04-21 12:46:00+05:30,4319.0,4319.2998046875,4318.0,4318.0,636
2025-04-21 12:47:00+05:30,4318.0,4318.2001953125,4317.2001953125,4318.2001953125,1471
2025-04-21 12:48:00+05:30,4317.2998046875,4318.0,4316.10009765625,4318.0,665
2025-04-21 12:49:00+05:30,4315.0,4316.0,4315.0,4315.5,1489
2025-04-21 12:50:00+05:30,4316.60009765625,4318.0,4315.0,4315.0,1066
2025-04-21 12:51:00+05:30,4317.0,4318.0,4316.60009765625,4318.0,294
2025-04-21 12:52:00+05:30,4316.7998046875,4318.0,4316.0,4317.0,549
2025-04-21 12:53:00+05:30,4316.0,4317.2998046875,4316.0,4316.0,1712
2025-04-21 12:54:00+05:30,4317.0,4317.0,4315.5,4316.0,332
2025-04-21 12:55:00+05:30,4318.2998046875,4318.5,4316.0,4316.0,2229
2025-04-21 12:56:00+05:30,4317.7998046875,4318.7001953125,4316.0,4318.2998046875,856
2025-04-21 12:57:00+05:30,4317.0,4318.0,4315.60009765625,4317.0,618
2025-04-21 12:58:00+05:30,4316.39990234375,4319.2001953125,4316.39990234375,4317.0,1611
2025-04-21 12:59:00+05:30,4314.0,4317.7998046875,4314.0,4316.2998046875,2821
2025-04-21 13:00:00+05:30,4314.0,4314.10009765625,4313.5,4314.10009765625,517
2025-04-21 13:01:00+05:30,4316.0,4316.0,4313.5,4314.39990234375,299
2025-04-21 13:02:00+05:30,4315.5,4316.0,4314.39990234375,4315.39990234375,928
2025-04-21 13:03:00+05:30,4315.10009765625,4316.0,4315.10009765625,4315.5,674
2025-04-21 13:04:00+05:30,4315.0,4316.0,4315.0,4315.10009765625,780
2025-04-21 13:05:00+05:30,4315.0,4315.7001953125,4313.5,4315.10009765625,2873
2025-04-21 13:06:00+05:30,4310.2001953125,4315.2998046875,4310.2001953125,4315.2998046875,3770
2025-04-21 13:07:00+05:30,4310.10009765625,4312.5,4310.0,4310.2001953125,1560
2025-04-21 13:08:00+05:30,4312.2998046875,4314.2998046875,4310.0,4311.0,1592
2025-04-21 13:09:00+05:30,4312.60009765625,4314.10009765625,4310.7998046875,4312.0,1665
2025-04-21 13:10:00+05:30,4314.0,4314.0,4312.60009765625,4312.60009765625,925
2025-04-21 13:11:00+05:30,4312.7001953125,4314.0,4310.89990234375,4314.0,1679
2025-04-21 13:12:00+05:30,4312.0,4314.0,4308.0,4314.0,9498
2025-04-21 13:13:00+05:30,4310.10009765625,4312.0,4310.0,4312.0,1699
2025-04-21 13:14:00+05:30,4311.89990234375,4311.89990234375,4310.10009765625,4311.0,1425
2025-04-21 13:15:00+05:30,4311.0,4311.89990234375,4310.7001953125,4310.7001953125,840
2025-04-21 13:16:00+05:30,4311.2998046875,4311.89990234375,4311.0,4311.0,788
2025-04-21 13:17:00+05:30,4311.89990234375,4311.89990234375,4310.89990234375,4311.10009765625,1138
2025-04-21 13:18:00+05:30,4306.2998046875,4311.89990234375,4306.2998046875,4311.5,4885
2025-04-21 13:19:00+05:30,4308.0,4309.10009765625,4306.60009765625,4306.60009765625,1759
2025-04-21 13:20:00+05:30,4305.10009765625,4308.0,4304.0,4308.0,4157
2025-04-21 13:21:00+05:30,4305.10009765625,4306.0,4305.0,4306.0,1202
2025-04-21 13:22:00+05:30,4306.89990234375,4308.0,4305.0,4305.0,1388
2025-04-21 13:23:00+05:30,4306.89990234375,4308.0,4306.0,4307.7998046875,656
2025-04-21 13:24:00+05:30,4307.7998046875,4308.0,4305.10009765625,4306.0,1201
2025-04-21 13:25:00+05:30,4307.0,4308.0,4306.10009765625,4307.0,953
2025-04-21 13:26:00+05:30,4307.2998046875,4307.7998046875,4306.60009765625,4307.5,976
2025-04-21 13:27:00+05:30,4307.2998046875,4308.0,4307.10009765625,4307.2998046875,1025
2025-04-21 13:28:00+05:30,4306.7001953125,4307.0,4305.39990234375,4307.0,888
2025-04-21 13:29:00+05:30,4298.10009765625,4307.0,4296.0,4307.0,13792
2025-04-21 13:30:00+05:30,4297.7001953125,4297.7998046875,4295.0,4296.2998046875,3398
2025-04-21 13:31:00+05:30,4301.2998046875,4301.89990234375,4296.0,4296.0,1998
2025-04-21 13:32:00+05:30,4302.89990234375,4302.89990234375,4300.0,4300.7998046875,1475
2025-04-21 13:33:00+05:30,4299.10009765625,4303.5,4298.10009765625,4301.2998046875,3963
2025-04-21 13:34:00+05:30,4299.2001953125,4300.0,4299.0,4299.7001953125,584
2025-04-21 13:35:00+05:30,4304.0,4304.0,4299.0,4299.2001953125,1196
2025-04-21 13:36:00+05:30,4303.7998046875,4305.0,4302.39990234375,4304.0,1972
2025-04-21 13:37:00+05:30,4306.39990234375,4306.39990234375,4303.2998046875,4304.89990234375,665
2025-04-21 13:38:00+05:30,4305.5,4306.2998046875,4304.89990234375,4305.5,1941
2025-04-21 13:39:00+05:30,4306.0,4307.0,4304.89990234375,4304.89990234375,766
2025-04-21 13:40:00+05:30,4309.0,4309.0,4306.2998046875,4306.2998046875,1342
2025-04-21 13:41:00+05:30,4303.10009765625,4308.89990234375,4301.39990234375,4308.89990234375,3246
2025-04-21 13:42:00+05:30,4307.89990234375,4307.89990234375,4302.10009765625,4302.89990234375,1576
2025-04-21 13:43:00+05:30,4302.5,4308.0,4302.5,4306.2998046875,2387
2025-04-21 13:44:00+05:30,4303.10009765625,4304.89990234375,4302.5,4304.7001953125,910
2025-04-21 13:45:00+05:30,4300.5,4303.0,4300.0,4303.0,2393
2025-04-21 13:46:00+05:30,4301.0,4303.0,4298.0,4299.0,1878
2025-04-21 13:47:00+05:30,4302.0,4303.0,4301.0,4301.0,1425
2025-04-21 13:48:00+05:30,4303.2001953125,4304.2001953125,4301.60009765625,4302.0,696
2025-04-21 13:49:00+05:30,4306.7001953125,4306.7001953125,4304.2001953125,4304.2001953125,1878
2025-04-21 13:50:00+05:30,4303.60009765625,4306.89990234375,4302.10009765625,4306.7998046875,2190
2025-04-21 13:51:00+05:30,4304.60009765625,4305.2998046875,4303.2001953125,4303.60009765625,456
2025-04-21 13:52:00+05:30,4315.0,4315.0,4304.39990234375,4304.39990234375,10809
2025-04-21 13:53:00+05:30,4311.0,4315.0,4311.0,4315.0,2149
2025-04-21 13:54:00+05:30,4312.10009765625,4313.0,4310.89990234375,4312.39990234375,1495
2025-04-21 13:55:00+05:30,4312.2001953125,4312.7998046875,4311.2998046875,4312.10009765625,701
2025-04-21 13:56:00+05:30,4311.39990234375,4312.7001953125,4310.7998046875,4312.7001953125,868
2025-04-21 13:57:00+05:30,4310.0,4312.0,4308.7001953125,4310.0,922
2025-04-21 13:58:00+05:30,4314.0,4314.89990234375,4310.0,4310.0,856
2025-04-21 13:59:00+05:30,4313.7998046875,4314.0,4313.0,4313.7001953125,1630
2025-04-21 14:00:00+05:30,4311.39990234375,4313.7998046875,4311.0,4313.7998046875,1171
2025-04-21 14:01:00+05:30,4310.2001953125,4312.60009765625,4310.2001953125,4311.39990234375,758
2025-04-21 14:02:00+05:30,4306.89990234375,4310.5,4306.0,4310.2001953125,1761
2025-04-21 14:03:00+05:30,4306.7001953125,4309.2998046875,4306.0,4307.7001953125,1051
2025-04-21 14:04:00+05:30,4309.2998046875,4309.2998046875,4306.7001953125,4307.5,438
2025-04-21 14:05:00+05:30,4310.0,4310.0,4308.7001953125,4308.7001953125,686
2025-04-21 14:06:00+05:30,4309.39990234375,4310.0,4308.2001953125,4310.0,1412
2025-04-21 14:07:00+05:30,4309.89990234375,4309.89990234375,4307.0,4307.89990234375,1031
2025-04-21 14:08:00+05:30,4312.0,4312.0,4308.5,4309.7998046875,926
2025-04-21 14:09:00+05:30,4310.7001953125,4312.0,4310.7001953125,4312.0,362
2025-04-21 14:10:00+05:30,4313.5,4313.5,4310.7001953125,4310.7001953125,1016
2025-04-21 14:11:00+05:30,4312.0,4313.5,4311.7001953125,4312.7998046875,1915
2025-04-21 14:12:00+05:30,4309.39990234375,4312.5,4309.39990234375,4312.5,289
2025-04-21 14:13:00+05:30,4307.0,4309.7001953125,4306.0,4309.5,1435
2025-04-21 14:14:00+05:30,4308.0,4309.0,4307.0,4307.39990234375,443
2025-04-21 14:15:00+05:30,4310.0,4310.0,4307.7001953125,4309.0,1648
2025-04-21 14:16:00+05:30,4308.60009765625,4309.89990234375,4308.5,4309.89990234375,298
2025-04-21 14:17:00+05:30,4309.60009765625,4309.89990234375,4308.89990234375,4308.89990234375,597
2025-04-21 14:18:00+05:30,4308.60009765625,4310.0,4308.39990234375,4309.39990234375,2329
2025-04-21 14:19:00+05:30,4307.60009765625,4307.7998046875,4305.39990234375,4307.7998046875,2808
2025-04-21 14:20:00+05:30,4308.10009765625,4308.10009765625,4305.7998046875,4305.7998046875,696
2025-04-21 14:21:00+05:30,4308.2998046875,4310.0,4307.89990234375,4307.89990234375,721
2025-04-21 14:22:00+05:30,4309.7001953125,4311.0,4308.39990234375,4308.39990234375,886
2025-04-21 14:23:00+05:30,4311.7001953125,4312.0,4309.89990234375,4311.89990234375,766
2025-04-21 14:24:00+05:30,4312.0,4312.0,4310.60009765625,4312.0,2252
2025-04-21 14:25:00+05:30,4311.2001953125,4312.0,4310.0,4312.0,1705
2025-04-21 14:26:00+05:30,4312.2998046875,4313.0,4311.2001953125,4312.0,759
2025-04-21 14:27:00+05:30,4312.7998046875,4312.89990234375,4311.89990234375,4312.89990234375,413
2025-04-21 14:28:00+05:30,4310.10009765625,4312.7998046875,4309.0,4312.7998046875,2312
2025-04-21 14:29:00+05:30,4309.2998046875,4310.60009765625,4308.10009765625,4309.5,525
2025-04-21 14:30:00+05:30,4309.7001953125,4311.5,4308.10009765625,4309.2998046875,1429
2025-04-21 14:31:00+05:30,4309.60009765625,4311.0,4309.60009765625,4310.0,2121
2025-04-21 14:32:00+05:30,4310.0,4310.0,4308.0,4309.2998046875,1396
2025-04-21 14:33:00+05:30,4311.0,4311.0,4308.2998046875,4308.7001953125,1414
2025-04-21 14:34:00+05:30,4309.5,4311.0,4308.0,4311.0,928
2025-04-21 14:35:00+05:30,4311.0,4311.0,4308.0,4308.2001953125,1538
2025-04-21 14:36:00+05:30,4307.7998046875,4310.2001953125,4306.7998046875,4310.0,2845
2025-04-21 14:37:00+05:30,4309.60009765625,4310.60009765625,4306.60009765625,4307.7998046875,1357
2025-04-21 14:38:00+05:30,4309.5,4311.0,4309.2998046875,4309.60009765625,2427
2025-04-21 14:39:00+05:30,4309.7998046875,4309.89990234375,4308.5,4309.5,1163
2025-04-21 14:40:00+05:30,4307.0,4309.7001953125,4307.0,4308.7998046875,1828
2025-04-21 14:41:00+05:30,4308.39990234375,4309.5,4307.39990234375,4309.5,637
2025-04-21 14:42:00+05:30,4307.89990234375,4308.5,4306.0,4308.2998046875,884
2025-04-21 14:43:00+05:30,4307.39990234375,4308.5,4306.39990234375,4308.0,874
2025-04-21 14:44:00+05:30,4309.5,4310.0,4307.89990234375,4308.5,1687
2025-04-21 14:45:00+05:30,4311.7001953125,4311.7001953125,4309.60009765625,4310.7998046875,654
2025-04-21 14:46:00+05:30,4311.7001953125,4311.7001953125,4310.0,4311.7001953125,581
2025-04-21 14:47:00+05:30,4311.89990234375,4311.89990234375,4309.5,4311.7001953125,1097
2025-04-21 14:48:00+05:30,4312.89990234375,4312.89990234375,4310.5,4311.89990234375,4132
2025-04-21 14:49:00+05:30,4313.0,4313.0,4312.5,4312.89990234375,700
2025-04-21 14:50:00+05:30,4313.7001953125,4314.0,4312.60009765625,4312.60009765625,2085
2025-04-21 14:51:00+05:30,4313.89990234375,4314.7001953125,4313.10009765625,4314.0,1290
2025-04-21 14:52:00+05:30,4315.0,4315.0,4312.7001953125,4314.0,3341
2025-04-21 14:53:00+05:30,4314.2998046875,4315.0,4313.2001953125,4314.7001953125,1345
2025-04-21 14:54:00+05:30,4314.89990234375,4315.0,4313.2001953125,4314.7001953125,1157
2025-04-21 14:55:00+05:30,4316.0,4316.2998046875,4314.0,4315.0,3621
2025-04-21 14:56:00+05:30,4316.0,4316.0,4314.60009765625,4316.0,1892
2025-04-21 14:57:00+05:30,4315.89990234375,4316.0,4314.2001953125,4315.0,1174
2025-04-21 14:58:00+05:30,4316.10009765625,4318.0,4316.10009765625,4317.0,3732
2025-04-21 14:59:00+05:30,4313.2001953125,4316.2998046875,4312.0,4316.0,5442
2025-04-21 15:00:00+05:30,4312.0,4315.2001953125,4312.0,4314.89990234375,2198
2025-04-21 15:01:00+05:30,4313.89990234375,4315.0,4312.0,4312.0,1483
2025-04-21 15:02:00+05:30,4311.7998046875,4313.60009765625,4311.0,4312.2998046875,5819
2025-04-21 15:03:00+05:30,4309.0,4312.0,4305.60009765625,4311.39990234375,6154
2025-04-21 15:04:00+05:30,4308.0,4310.0,4307.0,4309.0,2217
2025-04-21 15:05:00+05:30,4306.7998046875,4308.0,4306.0,4307.2998046875,1156
2025-04-21 15:06:00+05:30,4307.0,4307.89990234375,4306.60009765625,4307.10009765625,1551
2025-04-21 15:07:00+05:30,4307.0,4307.0,4306.60009765625,4307.0,1733
2025-04-21 15:08:00+05:30,4306.0,4306.0,4305.7998046875,4306.0,3707
2025-04-21 15:09:00+05:30,4307.0,4307.7998046875,4306.0,4306.0,2346
2025-04-21 15:10:00+05:30,4306.2998046875,4308.2001953125,4306.10009765625,4307.2998046875,2980
2025-04-21 15:11:00+05:30,4306.60009765625,4306.60009765625,4305.0,4305.60009765625,3355
2025-04-21 15:12:00+05:30,4307.0,4308.0,4305.7001953125,4305.7001953125,2648
2025-04-21 15:13:00+05:30,4307.0,4308.5,4306.10009765625,4307.0,3102
2025-04-21 15:14:00+05:30,4307.39990234375,4307.89990234375,4307.0,4307.0,2244
2025-04-21 15:15:00+05:30,4306.2998046875,4312.0,4306.10009765625,4307.2998046875,12894
2025-04-21 15:16:00+05:30,4307.89990234375,4309.0,4305.0,4306.60009765625,7885
2025-04-21 15:17:00+05:30,4308.89990234375,4310.2001953125,4307.0,4309.0,7719
2025-04-21 15:18:00+05:30,4306.7001953125,4308.89990234375,4305.0,4308.89990234375,5967
2025-04-21 15:19:00+05:30,4308.39990234375,4308.39990234375,4306.7001953125,4307.89990234375,4683
2025-04-21 15:20:00+05:30,4309.7001953125,4310.0,4306.0,4308.39990234375,10985
2025-04-21 15:21:00+05:30,4310.0,4310.0,4307.2998046875,4309.0,2642
2025-04-21 15:22:00+05:30,4311.0,4311.0,4308.89990234375,4309.60009765625,3800
2025-04-21 15:23:00+05:30,4314.0,4314.0,4310.60009765625,4310.60009765625,3146
2025-04-21 15:24:00+05:30,4314.0,4314.7998046875,4311.10009765625,4314.2998046875,4091
2025-04-21 15:25:00+05:30,4310.2998046875,4314.5,4310.2001953125,4314.2998046875,3695
2025-04-21 15:26:00+05:30,4311.0,4311.0,4308.39990234375,4310.39990234375,4986
2025-04-21 15:27:00+05:30,4312.7001953125,4313.89990234375,4310.7998046875,4310.7998046875,3041
2025-04-21 15:28:00+05:30,4312.0,4313.0,4311.0,4313.0,1946
2025-04-21 15:29:00+05:30,4311.0,4313.0,4308.0,4313.0,4997
2025-04-22 09:15:00+05:30,4337.0,4337.0,4323.10009765625,4329.0,0
2025-04-22 09:16:00+05:30,4323.10009765625,4338.7998046875,4323.10009765625,4338.7998046875,23009
2025-04-22 09:17:00+05:30,4319.39990234375,4325.89990234375,4315.7998046875,4321.60009765625,26282
2025-04-22 09:18:00+05:30,4311.89990234375,4320.2998046875,4310.0,4318.10009765625,18059
2025-04-22 09:19:00+05:30,4307.7001953125,4312.0,4307.7001953125,4310.10009765625,12762
2025-04-22 09:20:00+05:30,4299.2998046875,4302.89990234375,4294.10009765625,4300.39990234375,25118
2025-04-22 09:21:00+05:30,4307.2998046875,4310.0,4298.0,4299.10009765625,12904
2025-04-22 09:22:00+05:30,4319.7001953125,4320.0,4306.5,4306.5,13856
2025-04-22 09:23:00+05:30,4318.0,4326.2998046875,4318.0,4320.89990234375,12002
2025-04-22 09:24:00+05:30,4317.60009765625,4321.7001953125,4316.89990234375,4319.10009765625,8365
2025-04-22 09:25:00+05:30,4316.2998046875,4319.0,4313.0,4318.39990234375,8128
2025-04-22 09:26:00+05:30,4318.7998046875,4320.5,4314.5,4317.7001953125,7824
2025-04-22 09:27:00+05:30,4320.0,4327.39990234375,4317.7998046875,4318.0,10776
2025-04-22 09:28:00+05:30,4325.7001953125,4326.5,4320.7001953125,4320.7001953125,4859
2025-04-22 09:29:00+05:30,4327.2001953125,4330.0,4325.0,4326.5,12023
2025-04-22 09:30:00+05:30,4327.10009765625,4328.0,4324.2998046875,4327.2001953125,6305
2025-04-22 09:31:00+05:30,4325.7998046875,4326.60009765625,4321.10009765625,4324.2998046875,6487
2025-04-22 09:32:00+05:30,4326.0,4330.0,4322.10009765625,4325.0,5884
2025-04-22 09:33:00+05:30,4326.39990234375,4328.39990234375,4323.7998046875,4326.0,2892
2025-04-22 09:34:00+05:30,4323.5,4326.5,4323.2001953125,4326.39990234375,2880
2025-04-22 09:35:00+05:30,4331.0,4331.0,4322.7998046875,4323.60009765625,8395
2025-04-22 09:36:00+05:30,4331.2998046875,4333.89990234375,4328.0,4331.2998046875,5193
2025-04-22 09:37:00+05:30,4331.39990234375,4332.7001953125,4330.2001953125,4331.2998046875,3407
2025-04-22 09:38:00+05:30,4328.0,4331.39990234375,4326.39990234375,4331.39990234375,3020
2025-04-22 09:39:00+05:30,4330.0,4332.0,4328.5,4328.89990234375,4406
2025-04-22 09:40:00+05:30,4330.0,4330.0,4326.10009765625,4330.0,6744
2025-04-22 09:41:00+05:30,4331.0,4332.0,4328.89990234375,4330.5,3715
2025-04-22 09:42:00+05:30,4326.39990234375,4331.7998046875,4325.0,4331.5,3237
2025-04-22 09:43:00+05:30,4325.2001953125,4327.7998046875,4325.10009765625,4326.39990234375,2761
2025-04-22 09:44:00+05:30,4325.0,4326.10009765625,4320.0,4325.2001953125,5905
2025-04-22 09:45:00+05:30,4321.7998046875,4325.7998046875,4321.7998046875,4324.39990234375,1130
2025-04-22 09:46:00+05:30,4325.5,4327.0,4321.0,4321.7998046875,3028
2025-04-22 09:47:00+05:30,4323.2998046875,4326.7998046875,4322.0,4324.2998046875,1259
2025-04-22 09:48:00+05:30,4323.7998046875,4324.7998046875,4322.2001953125,4322.2001953125,2157
2025-04-22 09:49:00+05:30,4321.7001953125,4324.7998046875,4321.2998046875,4324.0,3416
2025-04-22 09:50:00+05:30,4328.39990234375,4329.0,4321.7001953125,4321.7001953125,4372
2025-04-22 09:51:00+05:30,4327.2001953125,4328.0,4327.0,4327.0,1285
2025-04-22 09:52:00+05:30,4323.39990234375,4327.0,4323.39990234375,4327.0,1404
2025-04-22 09:53:00+05:30,4314.10009765625,4324.0,4313.10009765625,4324.0,9698
2025-04-22 09:54:00+05:30,4316.2001953125,4317.10009765625,4313.0,4315.39990234375,6013
2025-04-22 09:55:00+05:30,4315.2001953125,4316.89990234375,4314.2001953125,4315.5,2533
2025-04-22 09:56:00+05:30,4315.7001953125,4318.5,4314.0,4315.2001953125,2296
2025-04-22 09:57:00+05:30,4318.39990234375,4319.7998046875,4315.10009765625,4315.10009765625,2517
2025-04-22 09:58:00+05:30,4318.5,4319.7998046875,4317.0,4318.10009765625,3654
2025-04-22 09:59:00+05:30,4317.0,4319.2998046875,4316.10009765625,4318.5,3846
2025-04-22 10:00:00+05:30,4320.0,4320.0,4316.10009765625,4316.7998046875,1208
2025-04-22 10:01:00+05:30,4324.10009765625,4324.10009765625,4319.7998046875,4320.0,2559
2025-04-22 10:02:00+05:30,4322.10009765625,4323.60009765625,4321.0,4323.0,1306
2025-04-22 10:03:00+05:30,4321.2001953125,4322.10009765625,4320.0,4321.5,1757
2025-04-22 10:04:00+05:30,4321.60009765625,4322.0,4318.7998046875,4320.7998046875,3700
2025-04-22 10:05:00+05:30,4320.60009765625,4321.89990234375,4315.7001953125,4320.2001953125,3694
2025-04-22 10:06:00+05:30,4320.0,4321.7001953125,4318.60009765625,4321.0,1276
2025-04-22 10:07:00+05:30,4319.7998046875,4322.0,4318.0,4322.0,1461
2025-04-22 10:08:00+05:30,4319.0,4320.60009765625,4318.5,4318.5,718
2025-04-22 10:09:00+05:30,4322.0,4322.0,4318.10009765625,4319.7001953125,2449
2025-04-22 10:10:00+05:30,4320.0,4322.0,4319.5,4322.0,1213
2025-04-22 10:11:00+05:30,4321.0,4321.0,4320.0,4320.0,1382
2025-04-22 10:12:00+05:30,4323.0,4323.7001953125,4321.2998046875,4321.7998046875,2632
2025-04-22 10:13:00+05:30,4318.2998046875,4321.7998046875,4317.7998046875,4321.10009765625,3760
2025-04-22 10:14:00+05:30,4324.0,4324.0,4318.0,4318.2998046875,2401
2025-04-22 10:15:00+05:30,4324.2001953125,4325.0,4322.39990234375,4322.7001953125,4387
2025-04-22 10:16:00+05:30,4323.89990234375,4325.0,4323.0,4323.0,3262
2025-04-22 10:17:00+05:30,4320.7001953125,4325.0,4320.7001953125,4322.60009765625,2283
2025-04-22 10:18:00+05:30,4321.89990234375,4322.0,4320.10009765625,4321.5,943
2025-04-22 10:19:00+05:30,4321.7998046875,4321.89990234375,4320.7001953125,4320.7001953125,836
2025-04-22 10:20:00+05:30,4319.7998046875,4322.5,4319.10009765625,4322.0,2445
2025-04-22 10:21:00+05:30,4319.0,4321.0,4319.0,4319.0,1323
2025-04-22 10:22:00+05:30,4319.0,4319.10009765625,4318.2001953125,4318.2001953125,1268
2025-04-22 10:23:00+05:30,4320.0,4320.5,4318.0,4319.7998046875,1815
2025-04-22 10:24:00+05:30,4319.7001953125,4321.0,4318.0,4318.60009765625,1921
2025-04-22 10:25:00+05:30,4320.2998046875,4322.2001953125,4318.0,4319.2998046875,592
2025-04-22 10:26:00+05:30,4318.0,4321.2001953125,4318.0,4320.10009765625,2406
2025-04-22 10:27:00+05:30,4317.10009765625,4319.89990234375,4317.0,4318.0,2962
2025-04-22 10:28:00+05:30,4314.89990234375,4317.60009765625,4314.2001953125,4317.10009765625,3265
2025-04-22 10:29:00+05:30,4313.10009765625,4315.89990234375,4313.10009765625,4314.2001953125,2784
2025-04-22 10:30:00+05:30,4309.60009765625,4312.7001953125,4309.0,4312.7001953125,8126
2025-04-22 10:31:00+05:30,4318.0,4319.0,4310.0,4310.0,5227
2025-04-22 10:32:00+05:30,4317.89990234375,4318.0,4315.0,4317.39990234375,1015
2025-04-22 10:33:00+05:30,4315.89990234375,4318.0,4315.0,4317.0,3541
2025-04-22 10:34:00+05:30,4316.2001953125,4317.89990234375,4312.2998046875,4315.89990234375,2097
2025-04-22 10:35:00+05:30,4318.7001953125,4318.7001953125,4315.7001953125,4316.39990234375,1103
2025-04-22 10:36:00+05:30,4319.0,4320.0,4318.0,4318.7001953125,630
2025-04-22 10:37:00+05:30,4318.0,4319.10009765625,4318.0,4319.0,1205
2025-04-22 10:38:00+05:30,4317.0,4319.7001953125,4315.2001953125,4318.0,1813
2025-04-22 10:39:00+05:30,4316.2998046875,4317.0,4313.0,4317.0,2349
2025-04-22 10:40:00+05:30,4317.60009765625,4320.0,4315.2001953125,4315.2001953125,759
2025-04-22 10:41:00+05:30,4317.0,4318.2998046875,4315.0,4318.2001953125,678
2025-04-22 10:42:00+05:30,4315.0,4316.0,4312.0,4315.10009765625,5518
2025-04-22 10:43:00+05:30,4319.60009765625,4319.60009765625,4313.7998046875,4315.0,2966
2025-04-22 10:44:00+05:30,4320.89990234375,4320.89990234375,4317.5,4317.5,3523
2025-04-22 10:45:00+05:30,4320.0,4321.0,4320.0,4320.2001953125,1114
2025-04-22 10:46:00+05:30,4323.89990234375,4325.0,4320.2998046875,4320.2998046875,7819
2025-04-22 10:47:00+05:30,4322.89990234375,4324.0,4321.0,4323.7001953125,1102
2025-04-22 10:48:00+05:30,4326.0,4326.0,4321.0,4322.5,2400
2025-04-22 10:49:00+05:30,4326.10009765625,4328.0,4325.5,4326.0,4329
2025-04-22 10:50:00+05:30,4329.5,4331.89990234375,4326.0,4327.2998046875,15154
2025-04-22 10:51:00+05:30,4325.10009765625,4329.5,4323.2001953125,4329.5,2339
2025-04-22 10:52:00+05:30,4325.10009765625,4326.39990234375,4324.0,4325.10009765625,971
2025-04-22 10:53:00+05:30,4326.0,4326.0,4324.2998046875,4325.10009765625,796
2025-04-22 10:54:00+05:30,4325.0,4325.0,4323.10009765625,4325.0,1936
2025-04-22 10:55:00+05:30,4322.60009765625,4325.89990234375,4321.10009765625,4325.0,857
2025-04-22 10:56:00+05:30,4320.0,4322.7001953125,4320.0,4321.10009765625,1144
2025-04-22 10:57:00+05:30,4321.7998046875,4321.7998046875,4320.0,4321.0,1144
2025-04-22 10:58:00+05:30,4324.60009765625,4325.0,4321.7998046875,4321.7998046875,782
2025-04-22 10:59:00+05:30,4323.10009765625,4324.0,4322.5,4323.5,684
2025-04-22 11:00:00+05:30,4322.7001953125,4323.5,4321.0,4323.10009765625,985
2025-04-22 11:01:00+05:30,4322.5,4323.5,4321.39990234375,4323.5,600
2025-04-22 11:02:00+05:30,4321.2001953125,4322.5,4321.0,4322.5,1151
2025-04-22 11:03:00+05:30,4323.0,4323.0,4321.2001953125,4321.2001953125,824
2025-04-22 11:04:00+05:30,4322.0,4323.0,4322.0,4322.89990234375,1131
2025-04-22 11:05:00+05:30,4324.2001953125,4325.2998046875,4322.10009765625,4324.7001953125,2061
2025-04-22 11:06:00+05:30,4322.2001953125,4324.10009765625,4322.2001953125,4322.7998046875,1211
2025-04-22 11:07:00+05:30,4317.0,4322.7001953125,4316.0,4322.2001953125,7277
2025-04-22 11:08:00+05:30,4319.5,4320.0,4316.60009765625,4317.2001953125,1768
2025-04-22 11:09:00+05:30,4319.60009765625,4320.0,4317.5,4319.5,2656
2025-04-22 11:10:00+05:30,4318.39990234375,4319.89990234375,4318.39990234375,4319.0,619
2025-04-22 11:11:00+05:30,4323.0,4323.0,4319.5,4319.5,19832
2025-04-22 11:12:00+05:30,4323.0,4325.0,4323.0,4323.0,1518
2025-04-22 11:13:00+05:30,4323.0,4323.7998046875,4322.2998046875,4322.2998046875,3182
2025-04-22 11:14:00+05:30,4322.89990234375,4323.0,4322.60009765625,4323.0,1481
2025-04-22 11:15:00+05:30,4321.10009765625,4322.89990234375,4321.10009765625,4322.7998046875,1426
2025-04-22 11:16:00+05:30,4320.7001953125,4322.89990234375,4320.0,4320.60009765625,1868
2025-04-22 11:17:00+05:30,4321.60009765625,4323.0,4320.0,4322.7001953125,1035
2025-04-22 11:18:00+05:30,4322.0,4322.2998046875,4321.0,4321.0,436
2025-04-22 11:19:00+05:30,4323.0,4323.0,4321.2998046875,4322.2998046875,2218
2025-04-22 11:20:00+05:30,4322.7998046875,4323.0,4321.60009765625,4323.0,906
2025-04-22 11:21:00+05:30,4323.0,4323.0,4322.7998046875,4322.7998046875,5216
2025-04-22 11:22:00+05:30,4322.5,4325.60009765625,4322.2998046875,4323.0,8330
2025-04-22 11:23:00+05:30,4322.89990234375,4323.0,4322.2998046875,4322.2998046875,930
2025-04-22 11:24:00+05:30,4320.0,4323.0,4320.0,4322.89990234375,999
2025-04-22 11:25:00+05:30,4320.89990234375,4321.89990234375,4320.0,4320.0,965
2025-04-22 11:26:00+05:30,4320.60009765625,4321.0,4319.0,4321.0,2232
2025-04-22 11:27:00+05:30,4320.10009765625,4320.60009765625,4320.0,4320.60009765625,1325
2025-04-22 11:28:00+05:30,4318.60009765625,4321.0,4318.0,4321.0,1492
2025-04-22 11:29:00+05:30,4318.0,4320.7998046875,4317.0,4318.10009765625,3236
2025-04-22 11:30:00+05:30,4305.7001953125,4315.89990234375,4305.7001953125,4315.89990234375,12847
2025-04-22 11:31:00+05:30,4310.0,4310.0,4305.2998046875,4305.2998046875,4346
2025-04-22 11:32:00+05:30,4312.5,4312.5,4308.2001953125,4308.2001953125,2453
2025-04-22 11:33:00+05:30,4311.0,4312.89990234375,4310.0,4312.7998046875,2616
2025-04-22 11:34:00+05:30,4302.89990234375,4311.2001953125,4302.89990234375,4310.0,6529
2025-04-22 11:35:00+05:30,4301.2998046875,4305.7001953125,4301.0,4304.39990234375,6209
2025-04-22 11:36:00+05:30,4302.0,4304.7998046875,4301.0,4301.2998046875,3243
2025-04-22 11:37:00+05:30,4302.5,4303.7998046875,4301.60009765625,4302.0,1879
2025-04-22 11:38:00+05:30,4307.0,4307.0,4302.0,4302.5,2672
2025-04-22 11:39:00+05:30,4306.5,4307.7001953125,4304.2998046875,4304.89990234375,1760
2025-04-22 11:40:00+05:30,4302.0,4306.5,4301.5,4306.5,2993
2025-04-22 11:41:00+05:30,4302.7001953125,4304.2998046875,4301.0,4302.0,2576
2025-04-22 11:42:00+05:30,4303.0,4304.7998046875,4302.0,4304.2998046875,2889
2025-04-22 11:43:00+05:30,4305.0,4305.0,4302.60009765625,4303.0,1872
2025-04-22 11:44:00+05:30,4308.0,4308.0,4305.0,4305.0,1470
2025-04-22 11:45:00+05:30,4304.0,4307.89990234375,4304.0,4307.0,2231
2025-04-22 11:46:00+05:30,4305.39990234375,4305.5,4304.0,4304.0,1409
2025-04-22 11:47:00+05:30,4304.60009765625,4305.39990234375,4304.0,4304.10009765625,859
2025-04-22 11:48:00+05:30,4305.0,4306.2001953125,4305.0,4305.0,1469
2025-04-22 11:49:00+05:30,4305.0,4306.10009765625,4305.0,4305.10009765625,1013
2025-04-22 11:50:00+05:30,4300.0,4306.7001953125,4300.0,4304.89990234375,13264
2025-04-22 11:51:00+05:30,4296.0,4299.2001953125,4295.0,4298.2001953125,4965
2025-04-22 11:52:00+05:30,4296.89990234375,4299.5,4295.2998046875,4295.2998046875,3051
2025-04-22 11:53:00+05:30,4298.0,4300.0,4297.0,4297.7001953125,4250
2025-04-22 11:54:00+05:30,4296.0,4298.39990234375,4296.0,4297.39990234375,2200
2025-04-22 11:55:00+05:30,4298.39990234375,4300.0,4296.0,4296.0,1725
2025-04-22 11:56:00+05:30,4299.2998046875,4300.5,4297.0,4297.0,4353
2025-04-22 11:57:00+05:30,4300.0,4300.5,4299.0,4299.89990234375,1421
2025-04-22 11:58:00+05:30,4301.7001953125,4302.0,4299.7998046875,4300.0,943
2025-04-22 11:59:00+05:30,4300.7998046875,4303.2001953125,4300.5,4302.5,2606
2025-04-22 12:00:00+05:30,4304.2001953125,4305.0,4300.5,4300.5,1020
2025-04-22 12:01:00+05:30,4304.2001953125,4304.2001953125,4303.0,4303.10009765625,920
2025-04-22 12:02:00+05:30,4304.2998046875,4306.7998046875,4303.89990234375,4304.10009765625,1661
2025-04-22 12:03:00+05:30,4305.2001953125,4306.7998046875,4304.2001953125,4305.10009765625,1385
2025-04-22 12:04:00+05:30,4306.39990234375,4306.7998046875,4305.5,4305.5,719
2025-04-22 12:05:00+05:30,4307.2998046875,4307.60009765625,4305.5,4306.5,1466
2025-04-22 12:06:00+05:30,4305.89990234375,4307.39990234375,4303.39990234375,4305.7001953125,1440
2025-04-22 12:07:00+05:30,4305.0,4307.2001953125,4305.0,4307.0,1656
2025-04-22 12:08:00+05:30,4305.89990234375,4305.89990234375,4304.2001953125,4305.0,1105
2025-04-22 12:09:00+05:30,4302.10009765625,4305.10009765625,4301.0,4305.10009765625,1461
2025-04-22 12:10:00+05:30,4300.7001953125,4301.7998046875,4300.0,4301.7998046875,812
2025-04-22 12:11:00+05:30,4302.89990234375,4302.89990234375,4300.7001953125,4300.7001953125,794
2025-04-22 12:12:00+05:30,4299.7001953125,4302.7998046875,4299.7001953125,4301.60009765625,2753
2025-04-22 12:13:00+05:30,4300.0,4300.0,4296.7998046875,4299.60009765625,6446
2025-04-22 12:14:00+05:30,4299.7998046875,4301.0,4297.89990234375,4300.2001953125,1122
2025-04-22 12:15:00+05:30,4297.0,4299.89990234375,4296.7998046875,4299.7998046875,1554
2025-04-22 12:16:00+05:30,4293.0,4298.7998046875,4293.0,4297.0,7971
2025-04-22 12:17:00+05:30,4291.0,4294.39990234375,4291.0,4293.10009765625,4325
2025-04-22 12:18:00+05:30,4290.7998046875,4291.2001953125,4290.0,4291.0,5387
2025-04-22 12:19:00+05:30,4293.2001953125,4293.39990234375,4290.0,4291.2001953125,4780
2025-04-22 12:20:00+05:30,4290.39990234375,4292.0,4290.39990234375,4291.7001953125,2105
2025-04-22 12:21:00+05:30,4284.89990234375,4290.2998046875,4283.0,4290.0,7233
2025-04-22 12:22:00+05:30,4283.2001953125,4285.39990234375,4282.39990234375,4285.0,5115
2025-04-22 12:23:00+05:30,4284.10009765625,4286.0,4282.10009765625,4282.10009765625,4075
2025-04-22 12:24:00+05:30,4288.5,4288.5,4283.39990234375,4283.7998046875,3870
2025-04-22 12:25:00+05:30,4284.0,4288.2001953125,4283.2998046875,4287.10009765625,1432
2025-04-22 12:26:00+05:30,4284.0,4284.7001953125,4283.5,4284.0,3335
2025-04-22 12:27:00+05:30,4284.39990234375,4285.0,4284.0,4284.7001953125,959
2025-04-22 12:28:00+05:30,4290.7998046875,4290.7998046875,4284.39990234375,4285.2001953125,3224
2025-04-22 12:29:00+05:30,4291.0,4291.0,4288.5,4290.2998046875,1271
2025-04-22 12:30:00+05:30,4293.10009765625,4294.0,4290.0,4290.2001953125,2493
2025-04-22 12:31:00+05:30,4293.2998046875,4293.2998046875,4290.10009765625,4292.7001953125,1342
2025-04-22 12:32:00+05:30,4291.2998046875,4293.2998046875,4291.2998046875,4293.2998046875,1158
2025-04-22 12:33:00+05:30,4297.0,4298.7998046875,4292.0,4292.0,5012
2025-04-22 12:34:00+05:30,4299.0,4299.89990234375,4297.5,4297.5,2019
2025-04-22 12:35:00+05:30,4293.7001953125,4300.39990234375,4293.7001953125,4299.5,2916
2025-04-22 12:36:00+05:30,4293.0,4294.10009765625,4291.5,4293.2001953125,1915
2025-04-22 12:37:00+05:30,4297.39990234375,4297.60009765625,4293.0,4293.2998046875,1277
2025-04-22 12:38:00+05:30,4294.10009765625,4296.89990234375,4293.7998046875,4295.7001953125,591
2025-04-22 12:39:00+05:30,4295.60009765625,4295.60009765625,4294.0,4294.10009765625,561
2025-04-22 12:40:00+05:30,4295.2998046875,4296.0,4294.10009765625,4295.0,470
2025-04-22 12:41:00+05:30,4291.7998046875,4295.5,4290.2001953125,4295.5,1527
2025-04-22 12:42:00+05:30,4293.0,4293.2001953125,4290.2998046875,4291.5,1058
2025-04-22 12:43:00+05:30,4296.5,4296.7998046875,4292.5,4293.0,2263
2025-04-22 12:44:00+05:30,4298.60009765625,4299.5,4296.7998046875,4296.7998046875,1398
2025-04-22 12:45:00+05:30,4298.0,4298.0,4296.0,4298.0,589
2025-04-22 12:46:00+05:30,4296.0,4298.0,4296.0,4298.0,1057
2025-04-22 12:47:00+05:30,4297.0,4297.0,4295.0,4296.60009765625,1320
2025-04-22 12:48:00+05:30,4297.60009765625,4299.0,4295.2001953125,4297.0,2444
2025-04-22 12:49:00+05:30,4298.60009765625,4299.7998046875,4297.2998046875,4297.2998046875,388
2025-04-22 12:50:00+05:30,4297.2001953125,4300.0,4297.0,4299.7998046875,4392
2025-04-22 12:51:00+05:30,4297.2001953125,4299.10009765625,4296.0,4296.89990234375,994
2025-04-22 12:52:00+05:30,4298.5,4298.5,4296.5,4297.5,534
2025-04-22 12:53:00+05:30,4298.60009765625,4299.0,4298.2001953125,4298.5,677
2025-04-22 12:54:00+05:30,4298.60009765625,4299.2998046875,4298.60009765625,4299.0,533
2025-04-22 12:55:00+05:30,4299.7998046875,4300.0,4298.60009765625,4299.0,1293
2025-04-22 12:56:00+05:30,4299.0,4299.0,4298.0,4299.0,1240
2025-04-22 12:57:00+05:30,4300.0,4300.7998046875,4298.7001953125,4299.0,5608
2025-04-22 12:58:00+05:30,4298.5,4300.0,4298.39990234375,4299.39990234375,657
2025-04-22 12:59:00+05:30,4295.7001953125,4298.5,4295.10009765625,4298.5,1280
2025-04-22 13:00:00+05:30,4294.2998046875,4295.7001953125,4294.2998046875,4295.0,1186
2025-04-22 13:01:00+05:30,4296.5,4296.5,4295.0,4295.0,651
2025-04-22 13:02:00+05:30,4296.39990234375,4297.7998046875,4295.10009765625,4296.5,465
2025-04-22 13:03:00+05:30,4295.2998046875,4296.39990234375,4295.0,4296.2001953125,549
2025-04-22 13:04:00+05:30,4293.2998046875,4295.2998046875,4293.2998046875,4295.2998046875,1393
2025-04-22 13:05:00+05:30,4293.89990234375,4295.0,4293.0,4293.0,907
2025-04-22 13:06:00+05:30,4293.7998046875,4296.2998046875,4293.0,4295.0,803
2025-04-22 13:07:00+05:30,4294.89990234375,4296.39990234375,4293.0,4295.5,2030
2025-04-22 13:08:00+05:30,4291.0,4294.89990234375,4291.0,4294.89990234375,1196
2025-04-22 13:09:00+05:30,4289.10009765625,4292.10009765625,4288.10009765625,4291.0,3007
2025-04-22 13:10:00+05:30,4290.39990234375,4290.39990234375,4287.60009765625,4289.10009765625,1673
2025-04-22 13:11:00+05:30,4291.7001953125,4292.0,4290.2998046875,4290.39990234375,602
2025-04-22 13:12:00+05:30,4292.10009765625,4292.89990234375,4291.0,4291.7001953125,1173
2025-04-22 13:13:00+05:30,4292.2001953125,4292.89990234375,4292.0,4292.0,523
2025-04-22 13:14:00+05:30,4292.89990234375,4292.89990234375,4292.0,4292.89990234375,703
2025-04-22 13:15:00+05:30,4292.7998046875,4292.89990234375,4292.0,4292.0,494
2025-04-22 13:16:00+05:30,4291.5,4292.7998046875,4291.5,4292.5,513
2025-04-22 13:17:00+05:30,4291.7998046875,4292.0,4291.5,4292.0,532
2025-04-22 13:18:00+05:30,4291.5,4291.7998046875,4291.5,4291.7998046875,676
2025-04-22 13:19:00+05:30,4292.2998046875,4292.2998046875,4291.10009765625,4291.7001953125,869
2025-04-22 13:20:00+05:30,4293.7998046875,4294.0,4292.10009765625,4292.10009765625,648
2025-04-22 13:21:00+05:30,4296.39990234375,4296.60009765625,4293.7998046875,4294.0,1099
2025-04-22 13:22:00+05:30,4299.2998046875,4299.2998046875,4296.60009765625,4296.60009765625,2123
2025-04-22 13:23:00+05:30,4297.2998046875,4299.60009765625,4297.2998046875,4299.2998046875,1305
2025-04-22 13:24:00+05:30,4297.2998046875,4298.5,4295.89990234375,4296.10009765625,889
2025-04-22 13:25:00+05:30,4295.0,4298.89990234375,4293.2001953125,4298.0,1778
2025-04-22 13:26:00+05:30,4296.2998046875,4296.7998046875,4294.60009765625,4295.0,712
2025-04-22 13:27:00+05:30,4296.7998046875,4297.60009765625,4295.60009765625,4296.2998046875,1029
2025-04-22 13:28:00+05:30,4298.39990234375,4298.89990234375,4296.5,4296.5,994
2025-04-22 13:29:00+05:30,4299.89990234375,4300.0,4298.7001953125,4298.7001953125,1477
2025-04-22 13:30:00+05:30,4297.0,4299.89990234375,4297.0,4299.89990234375,2191
2025-04-22 13:31:00+05:30,4297.0,4298.2001953125,4296.7998046875,4298.2001953125,825
2025-04-22 13:32:00+05:30,4297.0,4297.7998046875,4296.7998046875,4297.0,692
2025-04-22 13:33:00+05:30,4297.39990234375,4298.0,4296.2998046875,4297.7001953125,1658
2025-04-22 13:34:00+05:30,4297.2998046875,4297.89990234375,4296.0,4297.89990234375,759
2025-04-22 13:35:00+05:30,4299.0,4299.0,4297.10009765625,4297.2998046875,587
2025-04-22 13:36:00+05:30,4298.0,4299.7001953125,4298.0,4299.10009765625,736
2025-04-22 13:37:00+05:30,4296.5,4298.0,4296.0,4298.0,652
2025-04-22 13:38:00+05:30,4296.5,4297.39990234375,4296.0,4297.2001953125,648
2025-04-22 13:39:00+05:30,4296.0,4296.7001953125,4296.0,4296.10009765625,396
2025-04-22 13:40:00+05:30,4297.0,4297.0,4296.2998046875,4296.89990234375,534
2025-04-22 13:41:00+05:30,4297.2001953125,4299.0,4297.2001953125,4297.39990234375,769
2025-04-22 13:42:00+05:30,4297.0,4298.7998046875,4295.60009765625,4295.60009765625,2945
2025-04-22 13:43:00+05:30,4298.0,4298.5,4297.0,4297.0,971
2025-04-22 13:44:00+05:30,4295.2998046875,4298.89990234375,4295.2998046875,4298.5,560
2025-04-22 13:45:00+05:30,4296.60009765625,4297.60009765625,4295.2998046875,4296.60009765625,439
2025-04-22 13:46:00+05:30,4294.7998046875,4297.2998046875,4293.5,4297.2998046875,754
2025-04-22 13:47:00+05:30,4295.0,4295.5,4293.5,4293.5,1111
2025-04-22 13:48:00+05:30,4294.0,4295.7998046875,4293.2998046875,4293.2998046875,653
2025-04-22 13:49:00+05:30,4294.5,4296.7998046875,4293.60009765625,4293.60009765625,1388
2025-04-22 13:50:00+05:30,4295.39990234375,4296.0,4294.10009765625,4294.5,459
2025-04-22 13:51:00+05:30,4295.60009765625,4295.60009765625,4295.0,4295.39990234375,472
2025-04-22 13:52:00+05:30,4295.0,4295.0,4293.0,4293.7001953125,955
2025-04-22 13:53:00+05:30,4293.0,4296.0,4293.0,4295.2998046875,892
2025-04-22 13:54:00+05:30,4295.0,4295.2001953125,4293.0,4293.0,585
2025-04-22 13:55:00+05:30,4295.0,4295.10009765625,4295.0,4295.10009765625,555
2025-04-22 13:56:00+05:30,4294.10009765625,4295.0,4293.10009765625,4295.0,661
2025-04-22 13:57:00+05:30,4291.60009765625,4294.7998046875,4291.2001953125,4293.10009765625,2066
2025-04-22 13:58:00+05:30,4290.0,4292.10009765625,4288.10009765625,4291.60009765625,6961
2025-04-22 13:59:00+05:30,4289.2998046875,4291.89990234375,4289.2998046875,4291.5,1689
2025-04-22 14:00:00+05:30,4290.39990234375,4291.0,4288.0,4290.0,2945
2025-04-22 14:01:00+05:30,4290.10009765625,4290.60009765625,4289.0,4290.5,1160
2025-04-22 14:02:00+05:30,4288.60009765625,4292.2001953125,4288.60009765625,4290.10009765625,1308
2025-04-22 14:03:00+05:30,4288.89990234375,4292.0,4288.60009765625,4289.0,1487
2025-04-22 14:04:00+05:30,4291.0,4291.39990234375,4289.10009765625,4290.0,1863
2025-04-22 14:05:00+05:30,4293.2998046875,4293.2998046875,4291.0,4291.0,806
2025-04-22 14:06:00+05:30,4294.2998046875,4294.2998046875,4292.2001953125,4292.2001953125,662
2025-04-22 14:07:00+05:30,4293.2998046875,4295.0,4293.0,4294.2998046875,929
2025-04-22 14:08:00+05:30,4294.10009765625,4295.10009765625,4293.2998046875,4295.10009765625,832
2025-04-22 14:09:00+05:30,4298.2998046875,4310.0,4296.10009765625,4302.5,19788
2025-04-22 14:10:00+05:30,4298.2998046875,4300.0,4297.0,4297.2998046875,1695
2025-04-22 14:11:00+05:30,4293.2998046875,4298.39990234375,4293.10009765625,4298.2998046875,2103
2025-04-22 14:12:00+05:30,4294.0,4295.2001953125,4291.2998046875,4294.60009765625,1164
2025-04-22 14:13:00+05:30,4292.0,4295.89990234375,4292.0,4295.89990234375,659
2025-04-22 14:14:00+05:30,4294.10009765625,4294.39990234375,4292.0,4292.0,1030
2025-04-22 14:15:00+05:30,4293.7001953125,4294.89990234375,4292.89990234375,4292.89990234375,658
2025-04-22 14:16:00+05:30,4294.10009765625,4294.7001953125,4293.0,4293.0,690
2025-04-22 14:17:00+05:30,4291.10009765625,4294.5,4291.10009765625,4293.5,1902
2025-04-22 14:18:00+05:30,4291.7998046875,4293.2998046875,4291.10009765625,4291.10009765625,700
2025-04-22 14:19:00+05:30,4292.0,4293.2998046875,4291.7998046875,4291.7998046875,335
2025-04-22 14:20:00+05:30,4293.0,4293.7998046875,4291.89990234375,4292.10009765625,462
2025-04-22 14:21:00+05:30,4290.5,4294.0,4290.5,4294.0,1672
2025-04-22 14:22:00+05:30,4288.0,4291.7998046875,4288.0,4290.5,4889
2025-04-22 14:23:00+05:30,4288.7998046875,4290.0,4288.7001953125,4289.0,1773
2025-04-22 14:24:00+05:30,4289.0,4290.60009765625,4288.2998046875,4288.5,5371
2025-04-22 14:25:00+05:30,4291.0,4291.7998046875,4289.10009765625,4289.89990234375,728
2025-04-22 14:26:00+05:30,4291.0,4292.0,4290.39990234375,4290.89990234375,692
2025-04-22 14:27:00+05:30,4293.2998046875,4294.5,4291.0,4291.0,2096
2025-04-22 14:28:00+05:30,4294.89990234375,4295.0,4293.0,4293.2998046875,1225
2025-04-22 14:29:00+05:30,4293.7001953125,4295.0,4293.5,4294.89990234375,964
2025-04-22 14:30:00+05:30,4293.0,4293.89990234375,4293.0,4293.89990234375,1234
2025-04-22 14:31:00+05:30,4293.2998046875,4294.5,4293.0,4293.89990234375,622
2025-04-22 14:32:00+05:30,4291.2001953125,4294.0,4291.2001953125,4293.0,603
2025-04-22 14:33:00+05:30,4291.89990234375,4292.39990234375,4291.0,4291.0,569
2025-04-22 14:34:00+05:30,4289.7001953125,4291.89990234375,4289.2001953125,4291.2001953125,4389
2025-04-22 14:35:00+05:30,4290.7001953125,4291.10009765625,4288.0,4289.2001953125,815
2025-04-22 14:36:00+05:30,4290.0,4291.10009765625,4289.2001953125,4290.7001953125,709
2025-04-22 14:37:00+05:30,4290.0,4290.7998046875,4289.0,4289.10009765625,822
2025-04-22 14:38:00+05:30,4290.7998046875,4290.7998046875,4289.39990234375,4290.0,320
2025-04-22 14:39:00+05:30,4290.89990234375,4291.0,4289.7998046875,4290.0,1259
2025-04-22 14:40:00+05:30,4293.0,4293.7998046875,4290.89990234375,4291.0,1231
2025-04-22 14:41:00+05:30,4290.2001953125,4293.0,4290.2001953125,4293.0,2816
2025-04-22 14:42:00+05:30,4290.0,4292.10009765625,4289.10009765625,4290.0,1064
2025-04-22 14:43:00+05:30,4291.0,4292.5,4290.0,4290.5,582
2025-04-22 14:44:00+05:30,4290.0,4291.5,4290.0,4291.0,1376
2025-04-22 14:45:00+05:30,4288.7998046875,4290.2001953125,4288.39990234375,4290.0,1009
2025-04-22 14:46:00+05:30,4286.10009765625,4288.7998046875,4286.0,4288.7998046875,1966
2025-04-22 14:47:00+05:30,4276.2998046875,4285.60009765625,4276.2998046875,4285.60009765625,13251
2025-04-22 14:48:00+05:30,4276.7998046875,4276.7998046875,4275.0,4275.2998046875,3877
2025-04-22 14:49:00+05:30,4275.2998046875,4278.0,4272.0,4275.10009765625,4302
2025-04-22 14:50:00+05:30,4275.10009765625,4278.0,4274.39990234375,4275.0,2656
2025-04-22 14:51:00+05:30,4277.10009765625,4278.0,4275.10009765625,4275.10009765625,1593
2025-04-22 14:52:00+05:30,4276.60009765625,4278.0,4275.0,4277.2001953125,3034
2025-04-22 14:53:00+05:30,4283.7001953125,4283.7001953125,4277.10009765625,4277.7998046875,3656
2025-04-22 14:54:00+05:30,4281.5,4284.7998046875,4281.39990234375,4283.39990234375,2014
2025-04-22 14:55:00+05:30,4282.5,4285.0,4280.2998046875,4281.5,4027
2025-04-22 14:56:00+05:30,4284.89990234375,4285.0,4282.0,4282.2001953125,1135
2025-04-22 14:57:00+05:30,4288.0,4289.5,4282.7001953125,4284.0,4876
2025-04-22 14:58:00+05:30,4296.5,4297.10009765625,4288.0,4288.0,13512
2025-04-22 14:59:00+05:30,4298.0,4301.2998046875,4297.0,4298.0,15143
2025-04-22 15:00:00+05:30,4296.0,4301.2001953125,4295.0,4298.5,11566
2025-04-22 15:01:00+05:30,4293.2998046875,4296.7998046875,4292.10009765625,4296.0,4303
2025-04-22 15:02:00+05:30,4292.60009765625,4293.5,4290.60009765625,4293.5,2926
2025-04-22 15:03:00+05:30,4287.0,4293.0,4284.2001953125,4293.0,29113
2025-04-22 15:04:00+05:30,4289.0,4291.2001953125,4286.10009765625,4286.10009765625,2444
2025-04-22 15:05:00+05:30,4288.0,4289.7998046875,4285.7001953125,4289.7998046875,3544
2025-04-22 15:06:00+05:30,4289.60009765625,4289.60009765625,4285.60009765625,4287.7998046875,1870
2025-04-22 15:07:00+05:30,4288.5,4290.0,4287.0,4289.5,2678
2025-04-22 15:08:00+05:30,4287.5,4288.2998046875,4286.2001953125,4287.7001953125,1455
2025-04-22 15:09:00+05:30,4291.89990234375,4292.60009765625,4285.2001953125,4287.2998046875,10881
2025-04-22 15:10:00+05:30,4290.0,4291.0,4288.7998046875,4291.0,2348
2025-04-22 15:11:00+05:30,4290.0,4290.60009765625,4289.89990234375,4290.2001953125,5742
2025-04-22 15:12:00+05:30,4288.0,4290.39990234375,4287.2001953125,4290.2998046875,4140
2025-04-22 15:13:00+05:30,4289.10009765625,4289.89990234375,4288.2001953125,4288.2001953125,3872
2025-04-22 15:14:00+05:30,4290.10009765625,4290.2001953125,4289.2001953125,4289.39990234375,6856
2025-04-22 15:15:00+05:30,4286.10009765625,4291.5,4286.10009765625,4291.5,8286
2025-04-22 15:16:00+05:30,4283.0,4287.60009765625,4282.39990234375,4287.60009765625,11397
2025-04-22 15:17:00+05:30,4282.0,4286.60009765625,4282.0,4283.0,5905
2025-04-22 15:18:00+05:30,4282.7998046875,4283.89990234375,4280.0,4283.0,9229
2025-04-22 15:19:00+05:30,4281.10009765625,4283.0,4280.2998046875,4282.39990234375,6810
2025-04-22 15:20:00+05:30,4281.7001953125,4282.10009765625,4277.60009765625,4281.0,11628
2025-04-22 15:21:00+05:30,4282.2998046875,4282.2998046875,4280.10009765625,4280.2001953125,2020
2025-04-22 15:22:00+05:30,4285.0,4285.0,4282.2998046875,4282.2998046875,2982
2025-04-22 15:23:00+05:30,4285.0,4285.0,4283.2001953125,4284.60009765625,2231
2025-04-22 15:24:00+05:30,4278.89990234375,4285.0,4275.10009765625,4284.60009765625,9621
2025-04-22 15:25:00+05:30,4282.60009765625,4283.0,4279.0,4279.60009765625,3724
2025-04-22 15:26:00+05:30,4279.2001953125,4283.2001953125,4279.0,4283.2001953125,3999
2025-04-22 15:27:00+05:30,4281.0,4284.0,4279.2001953125,4280.0,4271
2025-04-22 15:28:00+05:30,4280.0,4281.0,4278.5,4281.0,4296
2025-04-22 15:29:00+05:30,4277.0,4284.0,4277.0,4280.0,5194
2025-04-24 09:15:00+05:30,4329.0,4335.0,4307.5,4315.10009765625,0
2025-04-24 09:16:00+05:30,4331.7001953125,4336.60009765625,4328.2998046875,4328.89990234375,30540
2025-04-24 09:17:00+05:30,4317.89990234375,4331.7001953125,4317.2001953125,4329.39990234375,25384
2025-04-24 09:18:00+05:30,4340.0,4343.2001953125,4326.5,4326.7001953125,29926
2025-04-24 09:19:00+05:30,4335.0,4340.7998046875,4330.5,4339.2001953125,17194
2025-04-24 09:20:00+05:30,4334.39990234375,4337.5,4330.0,4335.60009765625,8342
2025-04-24 09:21:00+05:30,4338.0,4338.7998046875,4332.0,4334.0,10572
2025-04-24 09:22:00+05:30,4342.39990234375,4343.7001953125,4335.0,4337.7998046875,15546
2025-04-24 09:23:00+05:30,4334.7001953125,4347.0,4333.0,4344.2998046875,16500
2025-04-24 09:24:00+05:30,4333.89990234375,4338.2001953125,4333.0,4335.60009765625,8296
2025-04-24 09:25:00+05:30,4332.7001953125,4337.0,4328.10009765625,4333.89990234375,14326
2025-04-24 09:26:00+05:30,4337.10009765625,4337.5,4330.60009765625,4332.2998046875,6012
2025-04-24 09:27:00+05:30,4336.2001953125,4339.0,4332.2998046875,4337.2998046875,4332
2025-04-24 09:28:00+05:30,4341.7001953125,4344.7998046875,4335.0,4335.0,8536
2025-04-24 09:29:00+05:30,4340.10009765625,4342.5,4338.0,4340.10009765625,3997
2025-04-24 09:30:00+05:30,4338.0,4344.0,4336.5,4342.0,10891
2025-04-24 09:31:00+05:30,4341.0,4341.89990234375,4334.5,4337.89990234375,9344
2025-04-24 09:32:00+05:30,4349.7998046875,4349.7998046875,4340.7001953125,4340.7001953125,19140
2025-04-24 09:33:00+05:30,4355.7998046875,4357.39990234375,4349.7998046875,4349.7998046875,36361
2025-04-24 09:34:00+05:30,4356.0,4357.0,4351.2998046875,4355.0,11395
2025-04-24 09:35:00+05:30,4355.39990234375,4358.60009765625,4354.0,4358.0,9616
2025-04-24 09:36:00+05:30,4361.2001953125,4364.0,4353.0,4354.0,34949
2025-04-24 09:37:00+05:30,4357.10009765625,4364.7001953125,4354.10009765625,4362.7001953125,10719
2025-04-24 09:38:00+05:30,4350.7998046875,4357.10009765625,4350.0,4357.10009765625,7905
2025-04-24 09:39:00+05:30,4349.7998046875,4352.0,4347.5,4350.0,7211
2025-04-24 09:40:00+05:30,4346.89990234375,4349.89990234375,4345.0,4349.0,10361
2025-04-24 09:41:00+05:30,4347.7998046875,4351.7998046875,4345.39990234375,4346.7998046875,7299
2025-04-24 09:42:00+05:30,4351.0,4351.0,4345.7001953125,4347.0,6202
2025-04-24 09:43:00+05:30,4353.0,4354.39990234375,4350.2001953125,4351.0,5543
2025-04-24 09:44:00+05:30,4349.7001953125,4355.0,4348.0,4352.60009765625,4762
2025-04-24 09:45:00+05:30,4347.0,4350.89990234375,4345.7998046875,4348.7998046875,4320
2025-04-24 09:46:00+05:30,4335.89990234375,4347.2001953125,4335.89990234375,4346.39990234375,12903
2025-04-24 09:47:00+05:30,4337.0,4341.0,4336.0,4336.7998046875,6603
2025-04-24 09:48:00+05:30,4342.89990234375,4344.2998046875,4337.0,4337.0,5128
2025-04-24 09:49:00+05:30,4344.10009765625,4346.2001953125,4340.10009765625,4341.7998046875,4477
2025-04-24 09:50:00+05:30,4344.0,4345.7001953125,4341.89990234375,4345.7001953125,2875
2025-04-24 09:51:00+05:30,4343.60009765625,4344.2001953125,4342.0,4344.2001953125,2966
2025-04-24 09:52:00+05:30,4338.0,4343.89990234375,4338.0,4343.0,2900
2025-04-24 09:53:00+05:30,4342.0,4342.0,4337.39990234375,4338.0,2526
2025-04-24 09:54:00+05:30,4344.0,4344.2001953125,4341.60009765625,4342.0,3325
2025-04-24 09:55:00+05:30,4338.2001953125,4341.39990234375,4338.2001953125,4340.0,2980
2025-04-24 09:56:00+05:30,4340.0,4340.0,4336.0,4338.10009765625,2764
2025-04-24 09:57:00+05:30,4339.7001953125,4340.0,4337.0,4338.39990234375,1455
2025-04-24 09:58:00+05:30,4338.60009765625,4340.0,4338.60009765625,4339.0,2696
2025-04-24 09:59:00+05:30,4339.0,4340.2001953125,4337.7001953125,4339.0,1557
2025-04-24 10:00:00+05:30,4336.2001953125,4339.89990234375,4336.2001953125,4338.60009765625,7805
2025-04-24 10:01:00+05:30,4335.2998046875,4336.2001953125,4331.0,4336.2001953125,4989
2025-04-24 10:02:00+05:30,4332.0,4335.0,4331.10009765625,4335.0,4917
2025-04-24 10:03:00+05:30,4328.10009765625,4336.2998046875,4328.0,4332.0,10138
2025-04-24 10:04:00+05:30,4328.5,4330.7001953125,4325.10009765625,4329.0,7849
2025-04-24 10:05:00+05:30,4331.5,4332.5,4328.0,4328.0,3799
2025-04-24 10:06:00+05:30,4328.7998046875,4332.0,4328.39990234375,4330.7998046875,4449
2025-04-24 10:07:00+05:30,4333.89990234375,4333.89990234375,4328.89990234375,4330.60009765625,1931
2025-04-24 10:08:00+05:30,4331.2998046875,4333.5,4330.0,4333.5,2571
2025-04-24 10:09:00+05:30,4328.2001953125,4331.39990234375,4326.2001953125,4331.39990234375,7243
2025-04-24 10:10:00+05:30,4331.7001953125,4333.0,4330.0,4330.0,2282
2025-04-24 10:11:00+05:30,4333.5,4333.7001953125,4331.2001953125,4331.7001953125,2060
2025-04-24 10:12:00+05:30,4332.2998046875,4333.60009765625,4332.2001953125,4333.60009765625,3195
2025-04-24 10:13:00+05:30,4333.7001953125,4333.7001953125,4330.7001953125,4332.39990234375,815
2025-04-24 10:14:00+05:30,4337.0,4337.0,4333.89990234375,4333.89990234375,4577
2025-04-24 10:15:00+05:30,4337.60009765625,4339.2001953125,4336.0,4336.0,7633
2025-04-24 10:16:00+05:30,4337.0,4338.0,4335.0,4337.2001953125,1336
2025-04-24 10:17:00+05:30,4335.89990234375,4336.7998046875,4335.2001953125,4335.2001953125,1136
2025-04-24 10:18:00+05:30,4338.0,4338.0,4335.89990234375,4335.89990234375,928
2025-04-24 10:19:00+05:30,4335.60009765625,4337.5,4334.5,4337.5,7241
2025-04-24 10:20:00+05:30,4331.10009765625,4335.89990234375,4330.0,4335.60009765625,1553
2025-04-24 10:21:00+05:30,4332.7998046875,4332.7998046875,4330.2998046875,4332.7001953125,2134
2025-04-24 10:22:00+05:30,4331.0,4332.7001953125,4331.0,4332.7001953125,1098
2025-04-24 10:23:00+05:30,4333.7998046875,4333.89990234375,4331.5,4331.5,1825
2025-04-24 10:24:00+05:30,4330.2001953125,4332.2998046875,4330.2001953125,4332.2998046875,568
2025-04-24 10:25:00+05:30,4331.5,4331.5,4330.0,4330.2001953125,1633
2025-04-24 10:26:00+05:30,4330.10009765625,4331.39990234375,4330.10009765625,4331.39990234375,943
2025-04-24 10:27:00+05:30,4334.39990234375,4334.39990234375,4330.7998046875,4330.7998046875,1330
2025-04-24 10:28:00+05:30,4336.39990234375,4336.7001953125,4334.39990234375,4334.39990234375,1654
2025-04-24 10:29:00+05:30,4339.0,4339.0,4336.39990234375,4337.2998046875,2430
2025-04-24 10:30:00+05:30,4335.2001953125,4338.10009765625,4335.2001953125,4337.7001953125,2456
2025-04-24 10:31:00+05:30,4331.5,4337.0,4330.0,4335.0,3704
2025-04-24 10:32:00+05:30,4332.10009765625,4333.0,4328.5,4330.2001953125,2989
2025-04-24 10:33:00+05:30,4333.7998046875,4335.89990234375,4332.10009765625,4332.89990234375,1385
2025-04-24 10:34:00+05:30,4333.0,4334.7998046875,4333.0,4334.0,967
2025-04-24 10:35:00+05:30,4335.2001953125,4335.2001953125,4331.10009765625,4333.0,1413
2025-04-24 10:36:00+05:30,4334.39990234375,4338.0,4334.10009765625,4335.39990234375,5017
2025-04-24 10:37:00+05:30,4332.7001953125,4334.39990234375,4330.60009765625,4334.39990234375,873
2025-04-24 10:38:00+05:30,4333.0,4333.5,4331.10009765625,4332.89990234375,658
2025-04-24 10:39:00+05:30,4331.5,4333.0,4331.10009765625,4333.0,994
2025-04-24 10:40:00+05:30,4331.7998046875,4333.39990234375,4331.2998046875,4331.2998046875,602
2025-04-24 10:41:00+05:30,4331.10009765625,4333.60009765625,4331.10009765625,4333.39990234375,2145
2025-04-24 10:42:00+05:30,4329.0,4330.0,4328.0,4330.0,1748
2025-04-24 10:43:00+05:30,4325.0,4329.0,4325.0,4329.0,5040
2025-04-24 10:44:00+05:30,4326.2998046875,4326.89990234375,4325.2001953125,4325.2001953125,2378
2025-04-24 10:45:00+05:30,4325.0,4326.2998046875,4325.0,4326.2998046875,2342
2025-04-24 10:46:00+05:30,4325.2001953125,4326.10009765625,4325.0,4325.2001953125,3931
2025-04-24 10:47:00+05:30,4330.0,4330.0,4326.10009765625,4326.10009765625,2277
2025-04-24 10:48:00+05:30,4331.7998046875,4331.89990234375,4330.0,4330.0,2672
2025-04-24 10:49:00+05:30,4331.0,4332.0,4330.7998046875,4330.7998046875,1048
2025-04-24 10:50:00+05:30,4328.39990234375,4330.7001953125,4328.2998046875,4330.7001953125,1307
2025-04-24 10:51:00+05:30,4329.5,4330.0,4328.39990234375,4329.5,602
2025-04-24 10:52:00+05:30,4331.10009765625,4331.89990234375,4329.2001953125,4329.2001953125,955
2025-04-24 10:53:00+05:30,4331.0,4331.10009765625,4328.0,4331.10009765625,2593
2025-04-24 10:54:00+05:30,4330.0,4331.5,4330.0,4330.39990234375,1037
2025-04-24 10:55:00+05:30,4331.7001953125,4331.7001953125,4330.0,4330.0,959
2025-04-24 10:56:00+05:30,4336.10009765625,4336.10009765625,4333.10009765625,4334.0,8904
2025-04-24 10:57:00+05:30,4335.60009765625,4338.39990234375,4335.0,4337.60009765625,5221
2025-04-24 10:58:00+05:30,4335.10009765625,4336.0,4333.7998046875,4335.0,1538
2025-04-24 10:59:00+05:30,4335.7001953125,4335.7001953125,4332.7998046875,4334.89990234375,1155
2025-04-24 11:00:00+05:30,4336.60009765625,4337.39990234375,4335.0,4335.7998046875,2544
2025-04-24 11:01:00+05:30,4336.2001953125,4337.89990234375,4335.7001953125,4337.89990234375,848
2025-04-24 11:02:00+05:30,4336.5,4337.89990234375,4336.2998046875,4336.89990234375,2488
2025-04-24 11:03:00+05:30,4336.0,4336.89990234375,4334.60009765625,4336.89990234375,1050
2025-04-24 11:04:00+05:30,4334.10009765625,4335.10009765625,4334.0,4335.10009765625,776
2025-04-24 11:05:00+05:30,4334.0,4335.0,4334.0,4334.10009765625,1441
2025-04-24 11:06:00+05:30,4333.2001953125,4334.10009765625,4332.60009765625,4334.10009765625,606
2025-04-24 11:07:00+05:30,4332.7001953125,4332.7001953125,4331.7001953125,4332.7001953125,1030
2025-04-24 11:08:00+05:30,4332.7001953125,4332.7001953125,4331.2001953125,4332.0,1920
2025-04-24 11:09:00+05:30,4330.0,4332.2001953125,4330.0,4331.2001953125,2316
2025-04-24 11:10:00+05:30,4331.60009765625,4331.7001953125,4330.2998046875,4330.2998046875,860
2025-04-24 11:11:00+05:30,4326.0,4330.5,4325.10009765625,4330.5,3433
2025-04-24 11:12:00+05:30,4327.0,4327.5,4325.5,4327.5,2774
2025-04-24 11:13:00+05:30,4326.10009765625,4327.0,4325.60009765625,4327.0,1272
2025-04-24 11:14:00+05:30,4327.0,4327.0,4326.0,4327.0,1661
2025-04-24 11:15:00+05:30,4326.0,4327.0,4326.0,4327.0,554
2025-04-24 11:16:00+05:30,4321.60009765625,4327.0,4321.60009765625,4327.0,6043
2025-04-24 11:17:00+05:30,4319.7998046875,4323.5,4318.0,4323.5,4074
2025-04-24 11:18:00+05:30,4322.0,4322.0,4319.7998046875,4320.0,2588
2025-04-24 11:19:00+05:30,4320.0,4322.60009765625,4318.2001953125,4321.89990234375,2422
2025-04-24 11:20:00+05:30,4317.0,4320.0,4317.0,4320.0,4978
2025-04-24 11:21:00+05:30,4317.2001953125,4317.2001953125,4316.0,4316.7998046875,2006
2025-04-24 11:22:00+05:30,4315.0,4317.2998046875,4315.0,4317.2001953125,3131
2025-04-24 11:23:00+05:30,4315.0,4315.0,4314.2001953125,4315.0,904
2025-04-24 11:24:00+05:30,4316.5,4316.60009765625,4314.5,4314.5,946
2025-04-24 11:25:00+05:30,4317.0,4318.0,4316.2998046875,4317.39990234375,1854
2025-04-24 11:26:00+05:30,4317.7998046875,4318.39990234375,4316.39990234375,4316.7001953125,1496
2025-04-24 11:27:00+05:30,4305.2998046875,4317.7998046875,4305.2998046875,4317.7998046875,12153
2025-04-24 11:28:00+05:30,4304.0,4306.7001953125,4303.89990234375,4306.7001953125,5278
2025-04-24 11:29:00+05:30,4309.10009765625,4310.0,4303.10009765625,4304.10009765625,4125
2025-04-24 11:30:00+05:30,4307.39990234375,4308.60009765625,4307.0,4308.60009765625,4180
2025-04-24 11:31:00+05:30,4307.39990234375,4308.0,4307.0,4307.5,1841
2025-04-24 11:32:00+05:30,4306.5,4308.0,4305.10009765625,4308.0,3677
2025-04-24 11:33:00+05:30,4309.7998046875,4309.7998046875,4306.10009765625,4306.5,3369
2025-04-24 11:34:00+05:30,4310.0,4311.7001953125,4308.0,4308.0,1873
2025-04-24 11:35:00+05:30,4309.7998046875,4310.39990234375,4308.89990234375,4308.89990234375,2381
2025-04-24 11:36:00+05:30,4310.0,4310.0,4308.0,4309.2001953125,2658
2025-04-24 11:37:00+05:30,4301.5,4311.0,4301.5,4311.0,10855
2025-04-24 11:38:00+05:30,4304.0,4304.89990234375,4300.0,4301.5,9051
2025-04-24 11:39:00+05:30,4304.10009765625,4306.39990234375,4303.0,4303.0,3494
2025-04-24 11:40:00+05:30,4307.0,4307.0,4304.10009765625,4305.2998046875,971
2025-04-24 11:41:00+05:30,4308.7001953125,4308.7001953125,4307.0,4307.5,1037
2025-04-24 11:42:00+05:30,4310.0,4311.2998046875,4309.60009765625,4309.7998046875,2397
2025-04-24 11:43:00+05:30,4310.7998046875,4311.7998046875,4309.7001953125,4311.7998046875,1484
2025-04-24 11:44:00+05:30,4310.0,4310.7998046875,4309.60009765625,4310.5,3881
2025-04-24 11:45:00+05:30,4310.0,4311.5,4310.0,4310.7001953125,2002
2025-04-24 11:46:00+05:30,4311.5,4311.5,4310.0,4310.10009765625,1297
2025-04-24 11:47:00+05:30,4315.0,4315.0,4310.7001953125,4311.7998046875,2125
2025-04-24 11:48:00+05:30,4311.5,4315.89990234375,4311.2998046875,4315.0,5021
2025-04-24 11:49:00+05:30,4310.5,4313.0,4310.0,4313.0,2479
2025-04-24 11:50:00+05:30,4311.10009765625,4311.2998046875,4310.10009765625,4311.2998046875,623
2025-04-24 11:51:00+05:30,4310.0,4311.2001953125,4309.0,4311.10009765625,1808
2025-04-24 11:52:00+05:30,4307.7998046875,4309.89990234375,4307.7001953125,4309.89990234375,946
2025-04-24 11:53:00+05:30,4309.39990234375,4309.7998046875,4307.7998046875,4307.7998046875,1616
2025-04-24 11:54:00+05:30,4307.7001953125,4309.0,4305.0,4309.0,1898
2025-04-24 11:55:00+05:30,4305.0,4306.89990234375,4303.10009765625,4306.7998046875,4627
2025-04-24 11:56:00+05:30,4303.39990234375,4305.0,4301.39990234375,4305.0,2774
2025-04-24 11:57:00+05:30,4301.10009765625,4303.39990234375,4301.0,4303.39990234375,1231
2025-04-24 11:58:00+05:30,4302.0,4302.7998046875,4300.2998046875,4302.7998046875,1911
2025-04-24 11:59:00+05:30,4306.0,4306.10009765625,4301.0,4301.7998046875,1740
2025-04-24 12:00:00+05:30,4305.89990234375,4306.0,4305.0,4306.0,847
2025-04-24 12:01:00+05:30,4302.5,4305.89990234375,4302.5,4305.0,1179
2025-04-24 12:02:00+05:30,4303.39990234375,4304.0,4302.0,4304.0,1160
2025-04-24 12:03:00+05:30,4304.60009765625,4304.60009765625,4303.39990234375,4304.0,966
2025-04-24 12:04:00+05:30,4307.60009765625,4308.0,4304.2998046875,4304.60009765625,2497
2025-04-24 12:05:00+05:30,4305.60009765625,4307.60009765625,4305.5,4307.60009765625,983
2025-04-24 12:06:00+05:30,4306.10009765625,4306.89990234375,4305.5,4305.5,644
2025-04-24 12:07:00+05:30,4307.10009765625,4309.39990234375,4307.0,4307.7998046875,3740
2025-04-24 12:08:00+05:30,4307.5,4308.7001953125,4307.0,4307.10009765625,1477
2025-04-24 12:09:00+05:30,4305.7001953125,4309.2998046875,4305.0,4309.2998046875,2840
2025-04-24 12:10:00+05:30,4304.10009765625,4305.7001953125,4303.0,4305.7001953125,2167
2025-04-24 12:11:00+05:30,4303.7001953125,4304.0,4302.60009765625,4304.0,773
2025-04-24 12:12:00+05:30,4302.10009765625,4304.2998046875,4302.10009765625,4303.7001953125,1045
2025-04-24 12:13:00+05:30,4301.0,4302.5,4301.0,4302.10009765625,6497
2025-04-24 12:14:00+05:30,4302.0,4302.0,4300.89990234375,4301.0,851
2025-04-24 12:15:00+05:30,4300.7001953125,4302.0,4300.7001953125,4302.0,2467
2025-04-24 12:16:00+05:30,4301.2001953125,4302.0,4300.7001953125,4301.2998046875,1115
2025-04-24 12:17:00+05:30,4301.10009765625,4301.7001953125,4301.0,4301.7001953125,1306
2025-04-24 12:18:00+05:30,4301.89990234375,4301.89990234375,4301.0,4301.10009765625,2191
2025-04-24 12:19:00+05:30,4300.7001953125,4301.5,4300.5,4301.5,2298
2025-04-24 12:20:00+05:30,4300.39990234375,4301.0,4300.0,4300.7001953125,1594
2025-04-24 12:21:00+05:30,4298.2998046875,4301.0,4298.2998046875,4300.2001953125,3704
2025-04-24 12:22:00+05:30,4296.5,4297.2998046875,4296.10009765625,4296.10009765625,3781
2025-04-24 12:23:00+05:30,4294.7998046875,4297.0,4291.2998046875,4297.0,7741
2025-04-24 12:24:00+05:30,4293.89990234375,4294.60009765625,4291.60009765625,4293.2001953125,3622
2025-04-24 12:25:00+05:30,4296.0,4296.7998046875,4292.0,4294.0,2236
2025-04-24 12:26:00+05:30,4296.0,4296.39990234375,4295.60009765625,4296.39990234375,2121
2025-04-24 12:27:00+05:30,4297.0,4299.0,4296.10009765625,4297.0,1898
2025-04-24 12:28:00+05:30,4298.2998046875,4299.0,4296.0,4298.7998046875,895
2025-04-24 12:29:00+05:30,4302.0,4302.0,4299.0,4299.0,2381
2025-04-24 12:30:00+05:30,4303.0,4303.89990234375,4300.5,4302.0,2358
2025-04-24 12:31:00+05:30,4304.89990234375,4305.7001953125,4303.0,4303.0,1437
2025-04-24 12:32:00+05:30,4306.0,4306.0,4304.5,4304.89990234375,1741
2025-04-24 12:33:00+05:30,4305.60009765625,4306.0,4304.0,4305.0,1478
2025-04-24 12:34:00+05:30,4305.0,4305.2998046875,4304.2998046875,4305.2998046875,1153
2025-04-24 12:35:00+05:30,4304.5,4305.0,4304.5,4304.89990234375,1174
2025-04-24 12:36:00+05:30,4302.89990234375,4304.2001953125,4302.0,4304.10009765625,2141
2025-04-24 12:37:00+05:30,4302.5,4304.10009765625,4302.0,4302.2001953125,1821
2025-04-24 12:38:00+05:30,4303.0,4303.0,4301.5,4302.7001953125,3147
2025-04-24 12:39:00+05:30,4301.7001953125,4302.0,4300.0,4302.0,1443
2025-04-24 12:40:00+05:30,4300.2001953125,4301.2001953125,4300.0,4300.89990234375,1861
2025-04-24 12:41:00+05:30,4301.0,4301.0,4300.10009765625,4300.10009765625,314
2025-04-24 12:42:00+05:30,4302.7001953125,4302.7001953125,4300.89990234375,4301.0,692
2025-04-24 12:43:00+05:30,4305.7998046875,4305.7998046875,4303.0,4303.0,1743
2025-04-24 12:44:00+05:30,4304.39990234375,4306.89990234375,4302.2998046875,4306.89990234375,1480
2025-04-24 12:45:00+05:30,4306.10009765625,4306.7998046875,4304.0,4304.7001953125,790
2025-04-24 12:46:00+05:30,4305.2001953125,4306.2001953125,4303.60009765625,4306.10009765625,1636
2025-04-24 12:47:00+05:30,4306.2001953125,4306.2001953125,4305.2001953125,4305.7001953125,1174
2025-04-24 12:48:00+05:30,4305.0,4306.2001953125,4302.89990234375,4306.2001953125,651
2025-04-24 12:49:00+05:30,4299.7998046875,4305.39990234375,4298.0,4305.0,4025
2025-04-24 12:50:00+05:30,4297.60009765625,4299.2998046875,4296.10009765625,4298.0,3609
2025-04-24 12:51:00+05:30,4298.7998046875,4298.7998046875,4296.89990234375,4298.2998046875,1240
2025-04-24 12:52:00+05:30,4302.2998046875,4303.10009765625,4298.7998046875,4298.7998046875,467
2025-04-24 12:53:00+05:30,4302.0,4303.10009765625,4302.0,4303.10009765625,1498
2025-04-24 12:54:00+05:30,4300.0,4302.60009765625,4299.2998046875,4302.60009765625,3469
2025-04-24 12:55:00+05:30,4302.10009765625,4302.10009765625,4300.0,4300.0,462
2025-04-24 12:56:00+05:30,4302.89990234375,4302.89990234375,4301.10009765625,4302.10009765625,854
2025-04-24 12:57:00+05:30,4303.0,4303.0,4301.2001953125,4303.0,1142
2025-04-24 12:58:00+05:30,4302.2001953125,4304.89990234375,4302.10009765625,4302.2998046875,1902
2025-04-24 12:59:00+05:30,4304.0,4304.89990234375,4303.2001953125,4303.89990234375,795
2025-04-24 13:00:00+05:30,4305.0,4305.89990234375,4304.0,4304.0,1136
2025-04-24 13:01:00+05:30,4305.0,4305.0,4304.39990234375,4305.0,825
2025-04-24 13:02:00+05:30,4305.89990234375,4305.89990234375,4304.0,4305.0,1190
2025-04-24 13:03:00+05:30,4307.2998046875,4308.0,4306.0,4306.2001953125,3329
2025-04-24 13:04:00+05:30,4307.2998046875,4308.0,4306.89990234375,4307.60009765625,1854
2025-04-24 13:05:00+05:30,4308.10009765625,4308.39990234375,4307.10009765625,4307.10009765625,783
2025-04-24 13:06:00+05:30,4307.60009765625,4308.39990234375,4305.0,4308.10009765625,2951
2025-04-24 13:07:00+05:30,4307.39990234375,4307.7998046875,4305.39990234375,4305.60009765625,870
2025-04-24 13:08:00+05:30,4305.0,4307.39990234375,4305.0,4307.39990234375,1042
2025-04-24 13:09:00+05:30,4306.10009765625,4306.2001953125,4305.2001953125,4305.39990234375,506
2025-04-24 13:10:00+05:30,4306.60009765625,4306.60009765625,4306.2998046875,4306.60009765625,1164
2025-04-24 13:11:00+05:30,4306.39990234375,4306.60009765625,4306.2998046875,4306.5,708
2025-04-24 13:12:00+05:30,4306.2998046875,4306.39990234375,4306.10009765625,4306.2998046875,1039
2025-04-24 13:13:00+05:30,4308.0,4309.0,4306.2001953125,4306.2001953125,3377
2025-04-24 13:14:00+05:30,4307.7001953125,4308.0,4307.5,4307.7001953125,844
2025-04-24 13:15:00+05:30,4307.10009765625,4307.7001953125,4304.39990234375,4307.7001953125,1950
2025-04-24 13:16:00+05:30,4307.39990234375,4307.39990234375,4305.0,4305.0,490
2025-04-24 13:17:00+05:30,4309.60009765625,4309.89990234375,4308.2998046875,4308.2998046875,1305
2025-04-24 13:18:00+05:30,4310.7001953125,4311.0,4309.60009765625,4309.89990234375,2482
2025-04-24 13:19:00+05:30,4307.5,4311.0,4306.60009765625,4311.0,3305
2025-04-24 13:20:00+05:30,4307.7998046875,4308.39990234375,4306.2001953125,4307.39990234375,821
2025-04-24 13:21:00+05:30,4307.10009765625,4307.7998046875,4306.2001953125,4307.7998046875,710
2025-04-24 13:22:00+05:30,4308.7998046875,4308.7998046875,4306.89990234375,4306.89990234375,2138
2025-04-24 13:23:00+05:30,4309.7998046875,4309.7998046875,4307.0,4307.89990234375,1536
2025-04-24 13:24:00+05:30,4312.5,4312.5,4309.89990234375,4309.89990234375,1781
2025-04-24 13:25:00+05:30,4311.7998046875,4312.7001953125,4309.7001953125,4312.7001953125,3441
2025-04-24 13:26:00+05:30,4310.0,4311.7998046875,4309.5,4311.0,887
2025-04-24 13:27:00+05:30,4309.60009765625,4309.7001953125,4309.60009765625,4309.7001953125,967
2025-04-24 13:28:00+05:30,4309.2001953125,4310.7001953125,4307.89990234375,4309.60009765625,1532
2025-04-24 13:29:00+05:30,4309.60009765625,4309.89990234375,4309.2001953125,4309.2001953125,838
2025-04-24 13:30:00+05:30,4307.10009765625,4309.7998046875,4307.10009765625,4309.60009765625,1434
2025-04-24 13:31:00+05:30,4306.5,4309.60009765625,4306.5,4307.2001953125,1458
2025-04-24 13:32:00+05:30,4307.5,4309.0,4307.0,4307.2001953125,998
2025-04-24 13:33:00+05:30,4307.5,4308.0,4306.5,4307.5,955
2025-04-24 13:34:00+05:30,4303.39990234375,4307.2001953125,4303.0,4307.0,5492
2025-04-24 13:35:00+05:30,4306.89990234375,4307.89990234375,4304.39990234375,4304.39990234375,1647
2025-04-24 13:36:00+05:30,4306.10009765625,4307.0,4305.2001953125,4306.89990234375,802
2025-04-24 13:37:00+05:30,4305.39990234375,4306.2998046875,4304.5,4306.2998046875,1081
2025-04-24 13:38:00+05:30,4304.60009765625,4304.89990234375,4302.5,4304.89990234375,1173
2025-04-24 13:39:00+05:30,4303.2001953125,4304.60009765625,4302.2998046875,4304.60009765625,1004
2025-04-24 13:40:00+05:30,4302.39990234375,4303.2001953125,4301.0,4303.2001953125,4245
2025-04-24 13:41:00+05:30,4302.0,4303.2001953125,4300.2998046875,4302.39990234375,1540
2025-04-24 13:42:00+05:30,4301.2001953125,4301.2001953125,4300.7001953125,4301.2001953125,721
2025-04-24 13:43:00+05:30,4300.89990234375,4303.0,4300.89990234375,4301.10009765625,3292
2025-04-24 13:44:00+05:30,4302.2001953125,4302.5,4300.0,4300.7998046875,1496
2025-04-24 13:45:00+05:30,4301.7001953125,4302.5,4300.0,4301.5,1836
2025-04-24 13:46:00+05:30,4303.10009765625,4304.7998046875,4302.10009765625,4302.10009765625,2197
2025-04-24 13:47:00+05:30,4304.5,4304.60009765625,4302.7998046875,4304.60009765625,1434
2025-04-24 13:48:00+05:30,4303.89990234375,4304.5,4303.39990234375,4303.39990234375,732
2025-04-24 13:49:00+05:30,4302.0,4304.5,4302.0,4304.2998046875,840
2025-04-24 13:50:00+05:30,4302.7998046875,4303.89990234375,4301.7998046875,4301.7998046875,986
2025-04-24 13:51:00+05:30,4302.0,4303.5,4302.0,4303.5,920
2025-04-24 13:52:00+05:30,4301.2998046875,4302.7998046875,4300.0,4302.2998046875,4098
2025-04-24 13:53:00+05:30,4307.0,4307.0,4301.2998046875,4301.2998046875,5201
2025-04-24 13:54:00+05:30,4308.7001953125,4310.89990234375,4306.89990234375,4307.0,6111
2025-04-24 13:55:00+05:30,4308.39990234375,4310.2998046875,4306.2998046875,4308.7998046875,2148
2025-04-24 13:56:00+05:30,4310.10009765625,4310.5,4308.2998046875,4308.39990234375,3077
2025-04-24 13:57:00+05:30,4310.10009765625,4310.7998046875,4308.39990234375,4310.10009765625,15151
2025-04-24 13:58:00+05:30,4310.0,4310.2001953125,4308.39990234375,4308.60009765625,3882
2025-04-24 13:59:00+05:30,4309.0,4310.2001953125,4308.5,4310.2001953125,3873
2025-04-24 14:00:00+05:30,4309.10009765625,4310.2001953125,4308.89990234375,4309.0,3864
2025-04-24 14:01:00+05:30,4310.0,4310.2001953125,4309.10009765625,4310.0,2109
2025-04-24 14:02:00+05:30,4310.0,4310.2998046875,4308.2998046875,4310.2998046875,6067
2025-04-24 14:03:00+05:30,4308.5,4310.10009765625,4307.7998046875,4308.7001953125,3757
2025-04-24 14:04:00+05:30,4310.0,4310.10009765625,4308.60009765625,4310.0,2283
2025-04-24 14:05:00+05:30,4310.0,4310.10009765625,4309.10009765625,4310.0,3032
2025-04-24 14:06:00+05:30,4310.0,4310.0,4308.2998046875,4308.89990234375,8756
2025-04-24 14:07:00+05:30,4308.7001953125,4310.2001953125,4306.89990234375,4307.0,15832
2025-04-24 14:08:00+05:30,4309.5,4310.2001953125,4308.7001953125,4310.2001953125,1711
2025-04-24 14:09:00+05:30,4306.2001953125,4310.0,4306.0,4308.2998046875,52057
2025-04-24 14:10:00+05:30,4305.0,4307.0,4304.5,4305.2998046875,2007
2025-04-24 14:11:00+05:30,4305.2998046875,4307.5,4305.10009765625,4306.2001953125,1097
2025-04-24 14:12:00+05:30,4304.5,4307.39990234375,4304.5,4306.60009765625,2193
2025-04-24 14:13:00+05:30,4310.0,4310.10009765625,4304.5,4304.5,8300
2025-04-24 14:14:00+05:30,4306.2998046875,4310.7001953125,4305.39990234375,4308.10009765625,1496
2025-04-24 14:15:00+05:30,4309.10009765625,4309.60009765625,4306.0,4307.10009765625,1684
2025-04-24 14:16:00+05:30,4306.89990234375,4309.0,4306.7998046875,4309.0,1625
2025-04-24 14:17:00+05:30,4308.5,4309.2001953125,4306.60009765625,4307.0,2460
2025-04-24 14:18:00+05:30,4307.5,4309.0,4306.60009765625,4309.0,3118
2025-04-24 14:19:00+05:30,4306.39990234375,4309.0,4305.0,4309.0,1977
2025-04-24 14:20:00+05:30,4308.2998046875,4308.7998046875,4306.10009765625,4306.10009765625,1269
2025-04-24 14:21:00+05:30,4308.7001953125,4309.0,4307.0,4308.2998046875,1426
2025-04-24 14:22:00+05:30,4308.2998046875,4308.7001953125,4307.2998046875,4308.7001953125,1072
2025-04-24 14:23:00+05:30,4313.2998046875,4314.0,4308.5,4308.5,8934
2025-04-24 14:24:00+05:30,4310.7001953125,4314.10009765625,4308.60009765625,4314.10009765625,4229
2025-04-24 14:25:00+05:30,4312.0,4313.10009765625,4309.0,4309.0,2270
2025-04-24 14:26:00+05:30,4311.89990234375,4312.0,4310.0,4311.60009765625,1725
2025-04-24 14:27:00+05:30,4311.2998046875,4311.7001953125,4310.2001953125,4310.60009765625,1573
2025-04-24 14:28:00+05:30,4310.0,4311.60009765625,4310.0,4311.2998046875,3707
2025-04-24 14:29:00+05:30,4308.2998046875,4310.7998046875,4307.7001953125,4310.2998046875,2240
2025-04-24 14:30:00+05:30,4311.2001953125,4311.2001953125,4309.10009765625,4309.10009765625,1345
2025-04-24 14:31:00+05:30,4310.7001953125,4311.2001953125,4308.2001953125,4309.60009765625,27785
2025-04-24 14:32:00+05:30,4309.5,4311.0,4309.2001953125,4310.7001953125,1329
2025-04-24 14:33:00+05:30,4311.60009765625,4311.60009765625,4309.2998046875,4310.10009765625,1638
2025-04-24 14:34:00+05:30,4312.0,4312.0,4310.0,4310.0,1927
2025-04-24 14:35:00+05:30,4313.0,4313.0,4310.10009765625,4312.0,3005
2025-04-24 14:36:00+05:30,4312.0,4313.7001953125,4311.2001953125,4313.7001953125,1941
2025-04-24 14:37:00+05:30,4311.0,4312.5,4310.89990234375,4312.5,2460
2025-04-24 14:38:00+05:30,4310.7001953125,4311.0,4309.7998046875,4310.89990234375,2252
2025-04-24 14:39:00+05:30,4309.7998046875,4310.7001953125,4309.0,4310.7001953125,1269
2025-04-24 14:40:00+05:30,4308.2998046875,4309.89990234375,4307.2001953125,4309.60009765625,1982
2025-04-24 14:41:00+05:30,4306.7001953125,4310.0,4305.0,4309.60009765625,4299
2025-04-24 14:42:00+05:30,4308.89990234375,4309.0,4306.10009765625,4307.10009765625,1846
2025-04-24 14:43:00+05:30,4308.60009765625,4308.7998046875,4306.89990234375,4308.7998046875,1725
2025-04-24 14:44:00+05:30,4309.7001953125,4310.5,4308.39990234375,4308.60009765625,2490
2025-04-24 14:45:00+05:30,4309.7998046875,4310.39990234375,4307.7001953125,4307.89990234375,1193
2025-04-24 14:46:00+05:30,4309.7998046875,4311.89990234375,4308.39990234375,4311.89990234375,2905
2025-04-24 14:47:00+05:30,4305.60009765625,4310.0,4305.60009765625,4310.0,3843
2025-04-24 14:48:00+05:30,4307.7001953125,4308.0,4305.60009765625,4305.60009765625,1699
2025-04-24 14:49:00+05:30,4305.60009765625,4307.7001953125,4305.60009765625,4307.7001953125,2051
2025-04-24 14:50:00+05:30,4305.89990234375,4307.2998046875,4305.39990234375,4306.39990234375,3226
2025-04-24 14:51:00+05:30,4301.5,4305.60009765625,4301.5,4305.60009765625,5186
2025-04-24 14:52:00+05:30,4300.5,4302.7998046875,4300.0,4301.60009765625,3330
2025-04-24 14:53:00+05:30,4301.7998046875,4301.7998046875,4300.5,4301.0,3937
2025-04-24 14:54:00+05:30,4300.5,4301.0,4300.5,4301.0,3213
2025-04-24 14:55:00+05:30,4303.10009765625,4303.10009765625,4300.7998046875,4300.7998046875,3502
2025-04-24 14:56:00+05:30,4303.2001953125,4304.0,4303.0,4303.7998046875,1633
2025-04-24 14:57:00+05:30,4303.7001953125,4305.0,4303.60009765625,4303.60009765625,2227
2025-04-24 14:58:00+05:30,4305.10009765625,4305.7001953125,4304.5,4304.5,2185
2025-04-24 14:59:00+05:30,4306.7001953125,4306.89990234375,4305.7998046875,4305.7998046875,1093
2025-04-24 15:00:00+05:30,4301.10009765625,4306.89990234375,4301.10009765625,4306.89990234375,6098
2025-04-24 15:01:00+05:30,4296.0,4301.10009765625,4296.0,4301.10009765625,11467
2025-04-24 15:02:00+05:30,4301.0,4301.7001953125,4296.0,4296.7998046875,4314
2025-04-24 15:03:00+05:30,4300.89990234375,4303.39990234375,4300.89990234375,4301.10009765625,3960
2025-04-24 15:04:00+05:30,4298.7001953125,4301.39990234375,4298.39990234375,4300.0,4577
2025-04-24 15:05:00+05:30,4296.5,4299.2001953125,4296.2001953125,4298.7998046875,6284
2025-04-24 15:06:00+05:30,4298.5,4299.7998046875,4296.10009765625,4296.5,5596
2025-04-24 15:07:00+05:30,4298.0,4303.0,4297.60009765625,4298.5,10081
2025-04-24 15:08:00+05:30,4301.10009765625,4301.10009765625,4296.2001953125,4298.0,5483
2025-04-24 15:09:00+05:30,4302.7998046875,4302.7998046875,4300.2001953125,4300.60009765625,9635
2025-04-24 15:10:00+05:30,4298.60009765625,4303.0,4298.60009765625,4303.0,3761
2025-04-24 15:11:00+05:30,4298.10009765625,4300.0,4296.0,4297.7001953125,8817
2025-04-24 15:12:00+05:30,4300.39990234375,4301.7998046875,4298.89990234375,4298.89990234375,4790
2025-04-24 15:13:00+05:30,4298.60009765625,4301.7001953125,4298.10009765625,4300.39990234375,6260
2025-04-24 15:14:00+05:30,4296.89990234375,4300.0,4296.60009765625,4298.7001953125,5286
2025-04-24 15:15:00+05:30,4295.0,4299.2998046875,4295.0,4298.10009765625,11434
2025-04-24 15:16:00+05:30,4296.0,4299.0,4295.0,4295.7001953125,7316
2025-04-24 15:17:00+05:30,4297.0,4297.0,4295.0,4295.39990234375,6415
2025-04-24 15:18:00+05:30,4296.60009765625,4297.39990234375,4293.5,4297.2001953125,11437
2025-04-24 15:19:00+05:30,4297.39990234375,4298.89990234375,4295.39990234375,4297.0,6403
2025-04-24 15:20:00+05:30,4299.10009765625,4299.10009765625,4294.89990234375,4298.60009765625,11296
2025-04-24 15:21:00+05:30,4304.0,4304.10009765625,4297.2998046875,4298.0,6785
2025-04-24 15:22:00+05:30,4304.89990234375,4305.2998046875,4303.89990234375,4303.89990234375,4036
2025-04-24 15:23:00+05:30,4306.60009765625,4306.60009765625,4305.10009765625,4305.2001953125,5532
2025-04-24 15:24:00+05:30,4303.7001953125,4307.2998046875,4301.7001953125,4306.60009765625,11862
2025-04-24 15:25:00+05:30,4309.0,4309.0,4304.2998046875,4304.2998046875,7795
2025-04-24 15:26:00+05:30,4303.89990234375,4309.0,4303.89990234375,4309.0,9220
2025-04-24 15:27:00+05:30,4299.0,4305.0,4299.0,4303.7998046875,7733
2025-04-24 15:28:00+05:30,4297.0,4300.0,4295.0,4298.39990234375,8228
2025-04-24 15:29:00+05:30,4295.0,4298.0,4292.2001953125,4295.0,6288
2025-04-25 09:15:00+05:30,4329.60009765625,4335.2998046875,4325.0,4325.0,0
2025-04-25 09:16:00+05:30,4324.39990234375,4334.7998046875,4322.2001953125,4330.2998046875,16046
2025-04-25 09:17:00+05:30,4320.2001953125,4328.7001953125,4312.89990234375,4326.89990234375,14612
2025-04-25 09:18:00+05:30,4307.7001953125,4321.10009765625,4307.7001953125,4320.2001953125,12521
2025-04-25 09:19:00+05:30,4308.7998046875,4311.39990234375,4306.10009765625,4310.0,8843
2025-04-25 09:20:00+05:30,4306.7998046875,4308.60009765625,4303.39990234375,4306.89990234375,7622
2025-04-25 09:21:00+05:30,4295.39990234375,4306.89990234375,4295.39990234375,4305.0,18041
2025-04-25 09:22:00+05:30,4288.7998046875,4297.89990234375,4287.7001953125,4295.60009765625,23378
2025-04-25 09:23:00+05:30,4284.2998046875,4289.7998046875,4283.7001953125,4289.2001953125,8747
2025-04-25 09:24:00+05:30,4278.0,4283.7001953125,4277.10009765625,4283.60009765625,10828
2025-04-25 09:25:00+05:30,4277.5,4280.0,4270.0,4279.0,18334
2025-04-25 09:26:00+05:30,4293.89990234375,4298.0,4276.5,4278.60009765625,21394
2025-04-25 09:27:00+05:30,4301.7001953125,4303.89990234375,4293.2998046875,4293.89990234375,8351
2025-04-25 09:28:00+05:30,4298.5,4303.0,4297.7001953125,4302.10009765625,7376
2025-04-25 09:29:00+05:30,4296.10009765625,4301.89990234375,4295.0,4301.0,6329
2025-04-25 09:30:00+05:30,4283.0,4296.10009765625,4281.2001953125,4295.0,6807
2025-04-25 09:31:00+05:30,4263.89990234375,4287.5,4260.0,4282.89990234375,17734
2025-04-25 09:32:00+05:30,4280.0,4281.60009765625,4261.0,4263.2998046875,12106
2025-04-25 09:33:00+05:30,4273.7998046875,4280.39990234375,4271.10009765625,4279.89990234375,10378
2025-04-25 09:34:00+05:30,4273.5,4275.7998046875,4271.60009765625,4275.39990234375,5636
2025-04-25 09:35:00+05:30,4273.0,4273.5,4270.0,4273.5,9628
2025-04-25 09:36:00+05:30,4269.89990234375,4278.5,4269.0,4274.0,9021
2025-04-25 09:37:00+05:30,4269.0,4270.0,4263.7001953125,4269.0,14790
2025-04-25 09:38:00+05:30,4266.0,4270.0,4265.2001953125,4269.39990234375,13847
2025-04-25 09:39:00+05:30,4254.5,4269.5,4254.5,4268.10009765625,15773
2025-04-25 09:40:00+05:30,4259.2001953125,4259.2998046875,4245.2998046875,4253.10009765625,34946
2025-04-25 09:41:00+05:30,4250.0,4260.0,4250.0,4258.2001953125,13451
2025-04-25 09:42:00+05:30,4242.7001953125,4250.2998046875,4242.5,4250.0,42471
2025-04-25 09:43:00+05:30,4249.0,4249.7001953125,4239.0,4243.0,13274
2025-04-25 09:44:00+05:30,4250.0,4256.10009765625,4247.7998046875,4249.89990234375,17910
2025-04-25 09:45:00+05:30,4251.5,4255.60009765625,4244.0,4249.10009765625,11302
2025-04-25 09:46:00+05:30,4254.10009765625,4260.0,4250.10009765625,4251.60009765625,10218
2025-04-25 09:47:00+05:30,4252.7998046875,4256.89990234375,4252.0,4254.10009765625,7855
2025-04-25 09:48:00+05:30,4244.0,4252.0,4244.0,4250.10009765625,9594
2025-04-25 09:49:00+05:30,4240.0,4246.39990234375,4240.0,4246.39990234375,7776
2025-04-25 09:50:00+05:30,4230.0,4240.39990234375,4227.0,4240.0,24934
2025-04-25 09:51:00+05:30,4230.0,4236.2998046875,4227.89990234375,4231.2998046875,9098
2025-04-25 09:52:00+05:30,4229.0,4238.89990234375,4229.0,4231.0,6567
2025-04-25 09:53:00+05:30,4232.10009765625,4236.60009765625,4227.89990234375,4229.0,9358
2025-04-25 09:54:00+05:30,4223.0,4234.0,4222.5,4233.60009765625,8913
2025-04-25 09:55:00+05:30,4212.2998046875,4224.89990234375,4211.0,4223.10009765625,9493
2025-04-25 09:56:00+05:30,4206.10009765625,4215.0,4205.7998046875,4211.10009765625,12706
2025-04-25 09:57:00+05:30,4206.7001953125,4211.0,4201.0,4206.10009765625,14696
2025-04-25 09:58:00+05:30,4200.10009765625,4207.7001953125,4200.10009765625,4206.7001953125,8998
2025-04-25 09:59:00+05:30,4194.89990234375,4204.0,4192.5,4202.10009765625,16734
2025-04-25 10:00:00+05:30,4183.0,4193.5,4181.0,4192.0,19639
2025-04-25 10:01:00+05:30,4189.7998046875,4195.10009765625,4181.2998046875,4184.7001953125,13592
2025-04-25 10:02:00+05:30,4189.10009765625,4193.0,4187.2001953125,4189.2001953125,7548
2025-04-25 10:03:00+05:30,4173.89990234375,4188.39990234375,4173.89990234375,4188.39990234375,23226
2025-04-25 10:04:00+05:30,4175.2998046875,4182.7998046875,4175.2998046875,4175.39990234375,9751
2025-04-25 10:05:00+05:30,4172.0,4185.0,4170.0,4176.2001953125,13361
2025-04-25 10:06:00+05:30,4169.60009765625,4176.60009765625,4168.0,4173.0,9616
2025-04-25 10:07:00+05:30,4175.7001953125,4196.39990234375,4167.5,4167.5,23772
2025-04-25 10:08:00+05:30,4175.7998046875,4178.0,4171.0,4176.10009765625,4653
2025-04-25 10:09:00+05:30,4172.5,4176.7998046875,4168.7001953125,4175.7998046875,6053
2025-04-25 10:10:00+05:30,4190.7001953125,4195.0,4172.5,4172.5,12432
2025-04-25 10:11:00+05:30,4196.7998046875,4198.0,4189.0,4189.89990234375,25984
2025-04-25 10:12:00+05:30,4197.0,4197.89990234375,4190.0,4195.0,9605
2025-04-25 10:13:00+05:30,4211.0,4212.0,4198.60009765625,4199.0,13187
2025-04-25 10:14:00+05:30,4218.2998046875,4221.0,4210.5,4212.7998046875,19069
2025-04-25 10:15:00+05:30,4220.2001953125,4227.0,4217.2001953125,4220.60009765625,16612
2025-04-25 10:16:00+05:30,4210.0,4222.0,4207.2998046875,4220.2001953125,10475
2025-04-25 10:17:00+05:30,4213.7998046875,4216.5,4208.60009765625,4211.60009765625,7044
2025-04-25 10:18:00+05:30,4204.0,4213.7001953125,4203.7998046875,4213.7001953125,6540
2025-04-25 10:19:00+05:30,4208.60009765625,4209.7998046875,4197.39990234375,4204.0,9278
2025-04-25 10:20:00+05:30,4199.7998046875,4208.39990234375,4199.0,4206.10009765625,3848
2025-04-25 10:21:00+05:30,4201.0,4204.60009765625,4197.0,4199.5,3073
2025-04-25 10:22:00+05:30,4198.5,4202.0,4196.0,4202.0,4239
2025-04-25 10:23:00+05:30,4202.5,4205.0,4196.0,4197.0,5860
2025-04-25 10:24:00+05:30,4201.89990234375,4205.89990234375,4198.2001953125,4201.2001953125,4209
2025-04-25 10:25:00+05:30,4191.39990234375,4203.39990234375,4190.0,4201.2001953125,5529
2025-04-25 10:26:00+05:30,4184.39990234375,4195.10009765625,4184.39990234375,4190.0,12709
2025-04-25 10:27:00+05:30,4177.0,4186.39990234375,4177.0,4185.2001953125,6248
2025-04-25 10:28:00+05:30,4175.0,4178.7998046875,4173.7001953125,4176.7998046875,6482
2025-04-25 10:29:00+05:30,4164.2998046875,4175.60009765625,4162.0,4174.89990234375,25975
2025-04-25 10:30:00+05:30,4161.7001953125,4168.7998046875,4161.7001953125,4165.5,6950
2025-04-25 10:31:00+05:30,4155.10009765625,4163.89990234375,4154.89990234375,4163.89990234375,13728
2025-04-25 10:32:00+05:30,4167.7001953125,4172.60009765625,4156.7001953125,4156.7001953125,10031
2025-04-25 10:33:00+05:30,4165.2998046875,4169.0,4163.39990234375,4167.89990234375,1514
2025-04-25 10:34:00+05:30,4158.60009765625,4161.10009765625,4157.0,4160.0,6888
2025-04-25 10:35:00+05:30,4166.2001953125,4167.7001953125,4157.7001953125,4158.7001953125,4793
2025-04-25 10:36:00+05:30,4173.89990234375,4175.0,4166.7998046875,4168.5,5049
2025-04-25 10:37:00+05:30,4185.89990234375,4193.39990234375,4172.10009765625,4173.89990234375,14570
2025-04-25 10:38:00+05:30,4182.0,4186.0,4180.0,4186.0,2962
2025-04-25 10:39:00+05:30,4181.0,4185.0,4176.39990234375,4183.2998046875,4582
2025-04-25 10:40:00+05:30,4180.7998046875,4184.89990234375,4180.7998046875,4181.2001953125,2781
2025-04-25 10:41:00+05:30,4193.5,4194.7998046875,4180.89990234375,4182.2998046875,7709
2025-04-25 10:42:00+05:30,4204.2001953125,4209.0,4196.7001953125,4196.7998046875,12006
2025-04-25 10:43:00+05:30,4195.5,4205.39990234375,4195.5,4205.39990234375,10059
2025-04-25 10:44:00+05:30,4204.5,4206.2001953125,4194.2001953125,4195.5,6380
2025-04-25 10:45:00+05:30,4198.60009765625,4203.89990234375,4198.10009765625,4203.7001953125,11217
2025-04-25 10:46:00+05:30,4199.7001953125,4202.0,4192.2001953125,4198.39990234375,4171
2025-04-25 10:47:00+05:30,4199.89990234375,4208.0,4198.89990234375,4199.7001953125,5248
2025-04-25 10:48:00+05:30,4210.0,4210.0,4198.10009765625,4199.5,5875
2025-04-25 10:49:00+05:30,4203.0,4210.0,4203.0,4208.2001953125,2778
2025-04-25 10:50:00+05:30,4196.2001953125,4205.0,4195.0,4202.7998046875,2554
2025-04-25 10:51:00+05:30,4194.5,4201.0,4193.0,4196.2001953125,6050
2025-04-25 10:52:00+05:30,4199.7001953125,4201.2001953125,4193.0,4194.2001953125,9383
2025-04-25 10:53:00+05:30,4196.7001953125,4200.2998046875,4196.60009765625,4200.2998046875,3914
2025-04-25 10:54:00+05:30,4195.7998046875,4198.0,4195.0,4197.7998046875,3307
2025-04-25 10:55:00+05:30,4193.10009765625,4196.0,4190.7998046875,4195.2998046875,6150
2025-04-25 10:56:00+05:30,4193.10009765625,4195.2001953125,4193.10009765625,4193.10009765625,2673
2025-04-25 10:57:00+05:30,4184.0,4193.10009765625,4181.60009765625,4193.10009765625,5003
2025-04-25 10:58:00+05:30,4198.60009765625,4198.60009765625,4184.0,4184.0,18491
2025-04-25 10:59:00+05:30,4199.7001953125,4203.7998046875,4198.2998046875,4200.0,5845
2025-04-25 11:00:00+05:30,4194.39990234375,4199.7998046875,4193.2998046875,4199.5,2002
2025-04-25 11:01:00+05:30,4191.0,4196.39990234375,4191.0,4194.89990234375,3747
2025-04-25 11:02:00+05:30,4185.7001953125,4192.2998046875,4183.7001953125,4191.0,9313
2025-04-25 11:03:00+05:30,4185.7001953125,4186.7998046875,4177.7001953125,4183.89990234375,13845
2025-04-25 11:04:00+05:30,4177.60009765625,4189.39990234375,4177.0,4187.60009765625,14236
2025-04-25 11:05:00+05:30,4185.0,4185.0,4177.89990234375,4178.60009765625,3096
2025-04-25 11:06:00+05:30,4188.60009765625,4193.2001953125,4183.5,4183.5,6048
2025-04-25 11:07:00+05:30,4187.0,4191.0,4186.39990234375,4188.2998046875,2519
2025-04-25 11:08:00+05:30,4188.2998046875,4189.60009765625,4185.0,4187.0,2611
2025-04-25 11:09:00+05:30,4188.0,4191.60009765625,4187.0,4188.39990234375,2717
2025-04-25 11:10:00+05:30,4172.5,4189.0,4172.5,4189.0,47791
2025-04-25 11:11:00+05:30,4169.7001953125,4175.2998046875,4169.0,4172.5,4817
2025-04-25 11:12:00+05:30,4173.10009765625,4173.5,4168.10009765625,4169.0,2325
2025-04-25 11:13:00+05:30,4178.10009765625,4180.0,4171.60009765625,4173.10009765625,3357
2025-04-25 11:14:00+05:30,4179.0,4179.7001953125,4175.2998046875,4179.0,2554
2025-04-25 11:15:00+05:30,4174.60009765625,4181.2998046875,4173.2998046875,4181.2998046875,3676
2025-04-25 11:16:00+05:30,4177.2001953125,4177.60009765625,4171.0,4174.60009765625,2159
2025-04-25 11:17:00+05:30,4173.0,4178.2001953125,4171.0,4177.0,1728
2025-04-25 11:18:00+05:30,4167.5,4171.2001953125,4166.0,4171.10009765625,4650
2025-04-25 11:19:00+05:30,4161.2998046875,4166.0,4160.0,4166.0,7496
2025-04-25 11:20:00+05:30,4158.2998046875,4161.7001953125,4158.0,4161.5,7322
2025-04-25 11:21:00+05:30,4151.0,4159.0,4149.5,4158.7001953125,18488
2025-04-25 11:22:00+05:30,4150.60009765625,4151.2998046875,4148.5,4151.2998046875,8659
2025-04-25 11:23:00+05:30,4152.7998046875,4156.0,4149.7998046875,4150.2001953125,6438
2025-04-25 11:24:00+05:30,4162.0,4166.7001953125,4150.10009765625,4153.5,3554
2025-04-25 11:25:00+05:30,4164.5,4168.0,4161.7001953125,4163.0,3763
2025-04-25 11:26:00+05:30,4160.2001953125,4164.5,4158.39990234375,4164.0,3898
2025-04-25 11:27:00+05:30,4165.0,4167.7998046875,4159.60009765625,4160.5,2021
2025-04-25 11:28:00+05:30,4167.39990234375,4169.89990234375,4164.10009765625,4166.10009765625,2604
2025-04-25 11:29:00+05:30,4174.5,4175.0,4168.5,4169.39990234375,2551
2025-04-25 11:30:00+05:30,4174.10009765625,4176.7998046875,4173.89990234375,4174.5,1549
2025-04-25 11:31:00+05:30,4175.7001953125,4178.89990234375,4174.10009765625,4174.10009765625,1517
2025-04-25 11:32:00+05:30,4169.0,4175.7001953125,4169.0,4175.5,3095
2025-04-25 11:33:00+05:30,4166.89990234375,4172.0,4165.5,4169.0,1267
2025-04-25 11:34:00+05:30,4159.2998046875,4166.39990234375,4159.2998046875,4166.39990234375,4190
2025-04-25 11:35:00+05:30,4158.10009765625,4161.7001953125,4157.2998046875,4159.2998046875,1415
2025-04-25 11:36:00+05:30,4163.7998046875,4165.60009765625,4158.0,4158.2001953125,1842
2025-04-25 11:37:00+05:30,4164.7001953125,4167.5,4162.5,4164.39990234375,2537
2025-04-25 11:38:00+05:30,4167.10009765625,4169.0,4163.0,4164.2001953125,1723
2025-04-25 11:39:00+05:30,4169.10009765625,4172.89990234375,4166.60009765625,4168.7001953125,3066
2025-04-25 11:40:00+05:30,4167.60009765625,4171.89990234375,4166.7998046875,4168.7998046875,3750
2025-04-25 11:41:00+05:30,4169.89990234375,4170.0,4164.7001953125,4167.60009765625,2929
2025-04-25 11:42:00+05:30,4167.0,4170.0,4166.0,4168.10009765625,2785
2025-04-25 11:43:00+05:30,4171.0,4171.0,4166.7998046875,4168.0,2668
2025-04-25 11:44:00+05:30,4163.39990234375,4171.0,4162.0,4170.5,5288
2025-04-25 11:45:00+05:30,4162.0,4164.10009765625,4161.89990234375,4163.39990234375,1603
2025-04-25 11:46:00+05:30,4162.89990234375,4166.2998046875,4162.0,4163.2998046875,1925
2025-04-25 11:47:00+05:30,4155.10009765625,4163.0,4154.0,4162.39990234375,4689
2025-04-25 11:48:00+05:30,4156.0,4158.39990234375,4154.60009765625,4154.7998046875,2623
2025-04-25 11:49:00+05:30,4150.5,4156.89990234375,4150.0,4155.7998046875,4540
2025-04-25 11:50:00+05:30,4151.0,4152.0,4150.5,4150.7001953125,3771
2025-04-25 11:51:00+05:30,4151.7998046875,4152.39990234375,4150.10009765625,4150.89990234375,3063
2025-04-25 11:52:00+05:30,4156.2998046875,4157.10009765625,4151.39990234375,4151.39990234375,1597
2025-04-25 11:53:00+05:30,4155.7001953125,4156.0,4152.39990234375,4156.0,1556
2025-04-25 11:54:00+05:30,4165.0,4165.0,4156.0,4156.0,2156
2025-04-25 11:55:00+05:30,4176.89990234375,4179.89990234375,4165.0,4165.0,11807
2025-04-25 11:56:00+05:30,4184.0,4190.0,4175.0,4176.89990234375,10521
2025-04-25 11:57:00+05:30,4186.5,4190.0,4185.0,4185.0,3667
2025-04-25 11:58:00+05:30,4184.5,4188.0,4183.7001953125,4185.7001953125,4643
2025-04-25 11:59:00+05:30,4177.0,4184.2001953125,4176.7998046875,4183.7001953125,7095
2025-04-25 12:00:00+05:30,4180.7001953125,4187.2998046875,4177.39990234375,4177.39990234375,3139
2025-04-25 12:01:00+05:30,4175.0,4183.2001953125,4175.0,4182.2998046875,1948
2025-04-25 12:02:00+05:30,4184.39990234375,4184.7001953125,4176.7998046875,4177.39990234375,4004
2025-04-25 12:03:00+05:30,4189.7998046875,4189.7998046875,4182.2001953125,4182.2001953125,5286
2025-04-25 12:04:00+05:30,4186.10009765625,4189.7998046875,4184.60009765625,4189.7998046875,1159
2025-04-25 12:05:00+05:30,4186.7998046875,4187.2998046875,4182.0,4186.10009765625,1575
2025-04-25 12:06:00+05:30,4190.89990234375,4192.0,4185.7001953125,4185.7001953125,4845
2025-04-25 12:07:00+05:30,4196.2001953125,4196.2001953125,4190.89990234375,4190.89990234375,5783
2025-04-25 12:08:00+05:30,4196.0,4198.0,4190.0,4196.89990234375,3173
2025-04-25 12:09:00+05:30,4200.10009765625,4200.7998046875,4193.60009765625,4195.89990234375,9485
2025-04-25 12:10:00+05:30,4197.7001953125,4201.5,4195.5,4201.5,4134
2025-04-25 12:11:00+05:30,4198.60009765625,4201.5,4196.7998046875,4196.7998046875,4807
2025-04-25 12:12:00+05:30,4198.10009765625,4201.5,4198.0,4199.7998046875,8441
2025-04-25 12:13:00+05:30,4206.0,4206.60009765625,4198.0,4199.39990234375,7468
2025-04-25 12:14:00+05:30,4208.0,4208.0,4204.2001953125,4206.0,4263
2025-04-25 12:15:00+05:30,4210.0,4214.10009765625,4208.0,4209.2998046875,9867
2025-04-25 12:16:00+05:30,4214.0,4216.60009765625,4209.2001953125,4209.39990234375,4652
2025-04-25 12:17:00+05:30,4217.60009765625,4222.0,4214.0,4215.0,10660
2025-04-25 12:18:00+05:30,4220.5,4224.10009765625,4216.5,4219.2998046875,8049
2025-04-25 12:19:00+05:30,4214.0,4221.7998046875,4213.2998046875,4220.7001953125,4513
2025-04-25 12:20:00+05:30,4209.60009765625,4217.60009765625,4207.0,4215.39990234375,5727
2025-04-25 12:21:00+05:30,4208.10009765625,4211.10009765625,4206.5,4210.0,3529
2025-04-25 12:22:00+05:30,4205.7998046875,4209.60009765625,4204.0,4208.2001953125,3892
2025-04-25 12:23:00+05:30,4205.0,4207.60009765625,4204.2001953125,4205.7998046875,2950
2025-04-25 12:24:00+05:30,4211.0,4213.7001953125,4204.7998046875,4205.0,2810
2025-04-25 12:25:00+05:30,4207.89990234375,4211.0,4205.2998046875,4210.7998046875,1566
2025-04-25 12:26:00+05:30,4206.0,4208.7998046875,4204.60009765625,4206.39990234375,1845
2025-04-25 12:27:00+05:30,4210.10009765625,4210.10009765625,4205.2998046875,4206.0,1341
2025-04-25 12:28:00+05:30,4212.10009765625,4213.0,4208.39990234375,4210.5,1240
2025-04-25 12:29:00+05:30,4211.60009765625,4213.5,4205.89990234375,4213.39990234375,2417
2025-04-25 12:30:00+05:30,4213.7001953125,4213.7001953125,4208.89990234375,4211.2998046875,2250
2025-04-25 12:31:00+05:30,4215.60009765625,4217.39990234375,4212.89990234375,4212.89990234375,2825
2025-04-25 12:32:00+05:30,4212.60009765625,4215.10009765625,4210.89990234375,4214.39990234375,1211
2025-04-25 12:33:00+05:30,4212.60009765625,4215.7998046875,4211.7998046875,4212.60009765625,1462
2025-04-25 12:34:00+05:30,4214.10009765625,4215.7998046875,4212.2001953125,4213.7001953125,1491
2025-04-25 12:35:00+05:30,4210.10009765625,4215.5,4208.39990234375,4214.2001953125,4409
2025-04-25 12:36:00+05:30,4212.60009765625,4213.39990234375,4209.2998046875,4210.10009765625,839
2025-04-25 12:37:00+05:30,4218.0,4218.0,4212.7998046875,4215.0,3582
2025-04-25 12:38:00+05:30,4215.0,4218.0,4215.0,4218.0,1409
2025-04-25 12:39:00+05:30,4224.7998046875,4224.7998046875,4217.0,4217.10009765625,6007
2025-04-25 12:40:00+05:30,4219.89990234375,4223.89990234375,4218.2998046875,4223.0,3680
2025-04-25 12:41:00+05:30,4220.0,4222.5,4218.2998046875,4218.39990234375,3181
2025-04-25 12:42:00+05:30,4212.2998046875,4220.5,4210.10009765625,4220.0,2366
2025-04-25 12:43:00+05:30,4207.89990234375,4213.60009765625,4206.2001953125,4213.60009765625,2261
2025-04-25 12:44:00+05:30,4208.0,4210.0,4206.2001953125,4207.89990234375,1247
2025-04-25 12:45:00+05:30,4215.0,4215.0,4208.0,4209.89990234375,2352
2025-04-25 12:46:00+05:30,4213.7998046875,4218.0,4213.7001953125,4213.7001953125,981
2025-04-25 12:47:00+05:30,4213.7998046875,4215.2998046875,4211.5,4215.0,650
2025-04-25 12:48:00+05:30,4217.7998046875,4218.0,4214.2001953125,4214.7998046875,1762
2025-04-25 12:49:00+05:30,4215.89990234375,4218.0,4214.60009765625,4218.0,728
2025-04-25 12:50:00+05:30,4215.89990234375,4217.89990234375,4213.7001953125,4214.60009765625,1304
2025-04-25 12:51:00+05:30,4215.0,4217.60009765625,4215.0,4216.89990234375,1653
2025-04-25 12:52:00+05:30,4218.89990234375,4220.0,4214.7998046875,4215.0,1998
2025-04-25 12:53:00+05:30,4221.0,4221.0,4218.5,4220.0,2098
2025-04-25 12:54:00+05:30,4221.89990234375,4222.7001953125,4218.60009765625,4221.0,2231
2025-04-25 12:55:00+05:30,4220.0,4221.89990234375,4218.7001953125,4220.7001953125,963
2025-04-25 12:56:00+05:30,4225.5,4225.5,4219.7998046875,4220.0,3724
2025-04-25 12:57:00+05:30,4227.0,4228.0,4225.0,4226.7001953125,4087
2025-04-25 12:58:00+05:30,4234.7998046875,4235.0,4225.0,4226.2001953125,7514
2025-04-25 12:59:00+05:30,4230.7001953125,4234.39990234375,4230.7001953125,4233.89990234375,3557
2025-04-25 13:00:00+05:30,4226.2001953125,4234.0,4226.2001953125,4231.60009765625,6295
2025-04-25 13:01:00+05:30,4230.89990234375,4233.0,4226.5,4226.5,1921
2025-04-25 13:02:00+05:30,4225.89990234375,4232.0,4224.7001953125,4231.2001953125,2952
2025-04-25 13:03:00+05:30,4223.10009765625,4227.5,4223.0,4224.7001953125,2592
2025-04-25 13:04:00+05:30,4226.2998046875,4226.2998046875,4223.0,4223.0,1469
2025-04-25 13:05:00+05:30,4227.7998046875,4228.89990234375,4225.60009765625,4228.0,1026
2025-04-25 13:06:00+05:30,4232.2001953125,4233.0,4226.89990234375,4226.89990234375,3070
2025-04-25 13:07:00+05:30,4233.0,4236.0,4231.5,4232.2001953125,6451
2025-04-25 13:08:00+05:30,4239.0,4239.39990234375,4231.0,4235.0,5717
2025-04-25 13:09:00+05:30,4240.60009765625,4241.0,4239.0,4239.0,7752
2025-04-25 13:10:00+05:30,4238.0,4240.89990234375,4237.2998046875,4240.89990234375,5027
2025-04-25 13:11:00+05:30,4236.60009765625,4240.0,4236.60009765625,4238.0,2923
2025-04-25 13:12:00+05:30,4235.0,4237.7998046875,4233.0,4236.60009765625,3241
2025-04-25 13:13:00+05:30,4236.0,4236.0,4233.7001953125,4234.7998046875,1530
2025-04-25 13:14:00+05:30,4240.0,4240.0,4234.7001953125,4236.0,1978
2025-04-25 13:15:00+05:30,4240.0,4240.7001953125,4237.7001953125,4237.7001953125,2557
2025-04-25 13:16:00+05:30,4238.10009765625,4240.0,4238.10009765625,4239.10009765625,1599
2025-04-25 13:17:00+05:30,4236.39990234375,4242.0,4236.0,4239.7001953125,6441
2025-04-25 13:18:00+05:30,4236.89990234375,4238.5,4236.0,4237.0,1334
2025-04-25 13:19:00+05:30,4238.7001953125,4238.7001953125,4235.0,4236.89990234375,1185
2025-04-25 13:20:00+05:30,4240.0,4240.0,4236.2001953125,4238.0,827
2025-04-25 13:21:00+05:30,4240.10009765625,4240.10009765625,4237.60009765625,4238.7998046875,3042
2025-04-25 13:22:00+05:30,4240.2001953125,4242.0,4240.0,4240.0,2959
2025-04-25 13:23:00+05:30,4238.2998046875,4240.5,4238.10009765625,4240.0,3086
2025-04-25 13:24:00+05:30,4238.10009765625,4240.5,4238.10009765625,4239.39990234375,2397
2025-04-25 13:25:00+05:30,4237.5,4241.2001953125,4235.10009765625,4241.2001953125,2934
2025-04-25 13:26:00+05:30,4235.2001953125,4238.2998046875,4235.0,4236.89990234375,2357
2025-04-25 13:27:00+05:30,4234.89990234375,4237.0,4234.7001953125,4235.7001953125,2468
2025-04-25 13:28:00+05:30,4232.5,4234.7001953125,4232.0,4234.7001953125,3155
2025-04-25 13:29:00+05:30,4230.2001953125,4232.5,4226.0,4231.60009765625,5373
2025-04-25 13:30:00+05:30,4235.2998046875,4235.7001953125,4229.89990234375,4230.2001953125,1689
2025-04-25 13:31:00+05:30,4241.0,4241.0,4235.60009765625,4235.60009765625,4857
2025-04-25 13:32:00+05:30,4237.7001953125,4241.0,4237.7001953125,4241.0,1411
2025-04-25 13:33:00+05:30,4239.60009765625,4239.60009765625,4235.7998046875,4237.0,1427
2025-04-25 13:34:00+05:30,4248.0,4248.0,4239.5,4239.60009765625,9011
2025-04-25 13:35:00+05:30,4251.0,4252.0,4247.0,4248.0,9954
2025-04-25 13:36:00+05:30,4248.89990234375,4254.0,4248.89990234375,4251.2001953125,4941
2025-04-25 13:37:00+05:30,4249.0,4250.0,4248.0,4249.7001953125,1828
2025-04-25 13:38:00+05:30,4249.0,4251.0,4247.89990234375,4249.60009765625,2529
2025-04-25 13:39:00+05:30,4241.7001953125,4247.89990234375,4240.60009765625,4247.89990234375,2354
2025-04-25 13:40:00+05:30,4244.0,4247.5,4243.0,4243.0,1803
2025-04-25 13:41:00+05:30,4248.89990234375,4248.89990234375,4244.5,4245.2001953125,2603
2025-04-25 13:42:00+05:30,4242.7001953125,4248.89990234375,4241.39990234375,4248.89990234375,1200
2025-04-25 13:43:00+05:30,4243.0,4244.7998046875,4238.7998046875,4240.0,4495
2025-04-25 13:44:00+05:30,4245.89990234375,4246.0,4242.5,4242.7998046875,904
2025-04-25 13:45:00+05:30,4242.89990234375,4247.2001953125,4242.7998046875,4246.0,1495
2025-04-25 13:46:00+05:30,4240.2001953125,4243.2001953125,4239.10009765625,4241.10009765625,2602
2025-04-25 13:47:00+05:30,4241.5,4242.7001953125,4238.7998046875,4240.2001953125,1417
2025-04-25 13:48:00+05:30,4243.0,4244.0,4241.39990234375,4242.60009765625,539
2025-04-25 13:49:00+05:30,4248.2001953125,4248.2001953125,4242.0,4242.0,3163
2025-04-25 13:50:00+05:30,4249.7001953125,4249.89990234375,4247.2001953125,4249.0,2843
2025-04-25 13:51:00+05:30,4245.10009765625,4249.89990234375,4245.0,4249.89990234375,2841
2025-04-25 13:52:00+05:30,4241.0,4246.0,4240.0,4245.10009765625,1541
2025-04-25 13:53:00+05:30,4245.10009765625,4245.10009765625,4240.0,4240.0,1350
2025-04-25 13:54:00+05:30,4244.7998046875,4246.10009765625,4244.0,4246.10009765625,1859
2025-04-25 13:55:00+05:30,4243.10009765625,4246.7998046875,4242.60009765625,4245.0,1539
2025-04-25 13:56:00+05:30,4243.7998046875,4246.0,4242.60009765625,4245.0,1429
2025-04-25 13:57:00+05:30,4249.5,4249.89990234375,4246.0,4246.0,4460
2025-04-25 13:58:00+05:30,4251.2998046875,4252.0,4247.89990234375,4248.2998046875,4513
2025-04-25 13:59:00+05:30,4250.60009765625,4252.5,4250.0,4250.5,4178
2025-04-25 14:00:00+05:30,4250.89990234375,4252.5,4249.0,4252.0,3541
2025-04-25 14:01:00+05:30,4251.5,4252.7998046875,4251.5,4252.2001953125,1974
2025-04-25 14:02:00+05:30,4253.2001953125,4254.0,4251.5,4251.5,5303
2025-04-25 14:03:00+05:30,4250.10009765625,4253.89990234375,4250.10009765625,4253.89990234375,3829
2025-04-25 14:04:00+05:30,4244.2001953125,4248.60009765625,4242.10009765625,4248.60009765625,3982
2025-04-25 14:05:00+05:30,4247.2998046875,4248.7998046875,4244.2998046875,4244.2998046875,1389
2025-04-25 14:06:00+05:30,4243.39990234375,4247.7998046875,4243.0,4247.2001953125,1101
2025-04-25 14:07:00+05:30,4235.7001953125,4244.0,4233.2998046875,4243.39990234375,6493
2025-04-25 14:08:00+05:30,4230.39990234375,4238.7998046875,4230.0,4238.60009765625,3515
2025-04-25 14:09:00+05:30,4222.2998046875,4232.5,4222.0,4230.0,6116
2025-04-25 14:10:00+05:30,4223.60009765625,4224.0,4221.2001953125,4222.2998046875,3739
2025-04-25 14:11:00+05:30,4220.2001953125,4225.7998046875,4220.10009765625,4222.0,4853
2025-04-25 14:12:00+05:30,4212.89990234375,4218.5,4210.10009765625,4218.5,6940
2025-04-25 14:13:00+05:30,4218.89990234375,4220.2001953125,4213.0,4213.7001953125,5264
2025-04-25 14:14:00+05:30,4225.0,4225.0,4218.5,4220.2001953125,4141
2025-04-25 14:15:00+05:30,4227.5,4229.39990234375,4222.60009765625,4223.39990234375,2798
2025-04-25 14:16:00+05:30,4237.0,4237.2998046875,4228.0,4228.0,2166
2025-04-25 14:17:00+05:30,4233.5,4235.0,4230.60009765625,4235.0,3052
2025-04-25 14:18:00+05:30,4231.5,4234.2998046875,4230.0,4233.60009765625,3897
2025-04-25 14:19:00+05:30,4233.39990234375,4236.0,4230.89990234375,4231.60009765625,2850
2025-04-25 14:20:00+05:30,4231.2001953125,4235.0,4230.0,4234.39990234375,2487
2025-04-25 14:21:00+05:30,4230.89990234375,4233.5,4230.0,4232.89990234375,1398
2025-04-25 14:22:00+05:30,4232.2998046875,4234.39990234375,4230.7001953125,4231.60009765625,1345
2025-04-25 14:23:00+05:30,4233.10009765625,4235.0,4231.0,4232.2001953125,1760
2025-04-25 14:24:00+05:30,4235.7001953125,4236.0,4231.10009765625,4233.10009765625,3612
2025-04-25 14:25:00+05:30,4230.7001953125,4235.89990234375,4230.10009765625,4233.5,1132
2025-04-25 14:26:00+05:30,4231.0,4232.7001953125,4227.39990234375,4230.7001953125,2695
2025-04-25 14:27:00+05:30,4229.2998046875,4232.60009765625,4227.7001953125,4231.39990234375,1885
2025-04-25 14:28:00+05:30,4225.0,4230.7001953125,4225.0,4230.7001953125,1554
2025-04-25 14:29:00+05:30,4230.39990234375,4232.5,4225.0,4225.10009765625,1906
2025-04-25 14:30:00+05:30,4226.10009765625,4232.60009765625,4226.0,4231.2998046875,2710
2025-04-25 14:31:00+05:30,4224.60009765625,4227.7998046875,4224.5,4226.10009765625,1930
2025-04-25 14:32:00+05:30,4218.39990234375,4225.7998046875,4217.10009765625,4225.5,4931
2025-04-25 14:33:00+05:30,4217.2001953125,4218.5,4215.7998046875,4218.5,1828
2025-04-25 14:34:00+05:30,4220.0,4221.89990234375,4216.10009765625,4216.10009765625,2589
2025-04-25 14:35:00+05:30,4219.5,4224.0,4219.5,4220.60009765625,1945
2025-04-25 14:36:00+05:30,4214.39990234375,4220.2998046875,4213.7001953125,4219.10009765625,4209
2025-04-25 14:37:00+05:30,4216.7001953125,4219.7998046875,4214.39990234375,4214.39990234375,3061
2025-04-25 14:38:00+05:30,4221.5,4221.60009765625,4216.39990234375,4217.7001953125,5787
2025-04-25 14:39:00+05:30,4221.10009765625,4224.2001953125,4220.7001953125,4221.5,1484
2025-04-25 14:40:00+05:30,4216.5,4221.0,4215.0,4221.0,2645
2025-04-25 14:41:00+05:30,4220.10009765625,4221.0,4215.89990234375,4216.0,836
2025-04-25 14:42:00+05:30,4214.39990234375,4220.60009765625,4214.39990234375,4219.0,1975
2025-04-25 14:43:00+05:30,4216.10009765625,4216.10009765625,4212.2001953125,4215.89990234375,2951
2025-04-25 14:44:00+05:30,4218.2998046875,4220.0,4216.0,4216.0,1245
2025-04-25 14:45:00+05:30,4218.60009765625,4219.0,4215.0,4217.89990234375,3971
2025-04-25 14:46:00+05:30,4208.0,4219.7998046875,4208.0,4218.0,6401
2025-04-25 14:47:00+05:30,4208.0,4212.2001953125,4206.10009765625,4208.89990234375,3127
2025-04-25 14:48:00+05:30,4207.7998046875,4210.7001953125,4206.10009765625,4208.5,4440
2025-04-25 14:49:00+05:30,4218.0,4218.0,4209.89990234375,4210.0,5471
2025-04-25 14:50:00+05:30,4216.2001953125,4219.39990234375,4215.10009765625,4217.2998046875,1079
2025-04-25 14:51:00+05:30,4204.60009765625,4215.5,4204.2001953125,4215.5,8093
2025-04-25 14:52:00+05:30,4214.0,4214.0,4205.0,4205.0,2639
2025-04-25 14:53:00+05:30,4214.2001953125,4218.39990234375,4212.0,4212.89990234375,3187
2025-04-25 14:54:00+05:30,4214.10009765625,4214.7998046875,4210.10009765625,4213.10009765625,3025
2025-04-25 14:55:00+05:30,4215.10009765625,4217.2998046875,4210.0,4214.10009765625,1986
2025-04-25 14:56:00+05:30,4211.60009765625,4217.39990234375,4210.89990234375,4216.39990234375,3237
2025-04-25 14:57:00+05:30,4211.39990234375,4214.2998046875,4210.0,4214.0,2658
2025-04-25 14:58:00+05:30,4211.0,4214.5,4210.2001953125,4211.7001953125,1578
2025-04-25 14:59:00+05:30,4213.39990234375,4214.0,4208.0,4211.2998046875,6166
2025-04-25 15:00:00+05:30,4209.7998046875,4215.5,4209.7998046875,4213.0,4837
2025-04-25 15:01:00+05:30,4208.7001953125,4209.89990234375,4206.0,4209.7998046875,4428
2025-04-25 15:02:00+05:30,4205.0,4209.5,4205.0,4209.5,3591
2025-04-25 15:03:00+05:30,4206.2001953125,4206.39990234375,4205.0,4206.0,2654
2025-04-25 15:04:00+05:30,4209.60009765625,4209.60009765625,4206.5,4206.5,3834
2025-04-25 15:05:00+05:30,4211.0,4212.7998046875,4208.0,4208.0,4351
2025-04-25 15:06:00+05:30,4210.60009765625,4215.0,4208.0,4212.0,4614
2025-04-25 15:07:00+05:30,4206.7001953125,4211.10009765625,4205.60009765625,4210.39990234375,3830
2025-04-25 15:08:00+05:30,4206.7998046875,4207.2998046875,4204.39990234375,4206.7001953125,4812
2025-04-25 15:09:00+05:30,4208.60009765625,4210.0,4205.0,4206.0,5473
2025-04-25 15:10:00+05:30,4211.7001953125,4211.89990234375,4207.89990234375,4210.5,10074
2025-04-25 15:11:00+05:30,4211.2001953125,4212.5,4208.7998046875,4212.0,6936
2025-04-25 15:12:00+05:30,4203.7001953125,4211.0,4203.7001953125,4211.0,5420
2025-04-25 15:13:00+05:30,4200.0,4203.89990234375,4200.0,4203.7001953125,7652
2025-04-25 15:14:00+05:30,4198.2998046875,4201.39990234375,4196.89990234375,4200.2001953125,9610
2025-04-25 15:15:00+05:30,4196.2001953125,4199.60009765625,4192.5,4199.2998046875,13243
2025-04-25 15:16:00+05:30,4193.89990234375,4196.89990234375,4192.0,4196.7001953125,12037
2025-04-25 15:17:00+05:30,4198.2001953125,4198.89990234375,4192.89990234375,4193.5,8613
2025-04-25 15:18:00+05:30,4199.0,4199.7998046875,4194.39990234375,4198.39990234375,12074
2025-04-25 15:19:00+05:30,4197.0,4199.5,4197.0,4199.2001953125,10277
2025-04-25 15:20:00+05:30,4195.2001953125,4198.39990234375,4193.0,4195.5,15991
2025-04-25 15:21:00+05:30,4195.0,4196.10009765625,4193.10009765625,4195.2001953125,4164
2025-04-25 15:22:00+05:30,4189.39990234375,4197.0,4189.39990234375,4195.0,28680
2025-04-25 15:23:00+05:30,4189.2001953125,4190.0,4187.10009765625,4189.89990234375,10505
2025-04-25 15:24:00+05:30,4185.0,4189.10009765625,4181.7998046875,4189.10009765625,10149
2025-04-25 15:25:00+05:30,4189.0,4189.0,4179.7998046875,4184.7001953125,17122
2025-04-25 15:26:00+05:30,4187.0,4188.89990234375,4185.0,4188.60009765625,6746
2025-04-25 15:27:00+05:30,4185.89990234375,4187.0,4185.0,4187.0,4404
2025-04-25 15:28:00+05:30,4186.0,4186.0,4183.7998046875,4185.7998046875,7391
2025-04-25 15:29:00+05:30,4183.0,4190.0,4183.0,4185.5,6784
2025-04-28 09:15:00+05:30,4231.60009765625,4237.89990234375,4203.2998046875,4209.7001953125,0
2025-04-28 09:16:00+05:30,4248.2998046875,4249.5,4227.2998046875,4234.10009765625,31806
2025-04-28 09:17:00+05:30,4268.0,4268.60009765625,4249.2001953125,4249.89990234375,23987
2025-04-28 09:18:00+05:30,4273.0,4274.7998046875,4266.10009765625,4269.0,37628
2025-04-28 09:19:00+05:30,4281.10009765625,4282.2998046875,4270.0,4273.89990234375,28627
2025-04-28 09:20:00+05:30,4282.7998046875,4289.0,4276.0,4282.10009765625,24915
2025-04-28 09:21:00+05:30,4285.89990234375,4288.5,4279.0,4280.7998046875,28181
2025-04-28 09:22:00+05:30,4313.60009765625,4314.89990234375,4287.2998046875,4288.2998046875,51465
2025-04-28 09:23:00+05:30,4304.7001953125,4315.5,4301.39990234375,4315.0,36002
2025-04-28 09:24:00+05:30,4287.10009765625,4304.7001953125,4285.89990234375,4303.7001953125,29147
2025-04-28 09:25:00+05:30,4294.7001953125,4301.10009765625,4285.0,4286.39990234375,20204
2025-04-28 09:26:00+05:30,4297.2998046875,4297.2998046875,4286.0,4295.0,16719
2025-04-28 09:27:00+05:30,4304.2001953125,4306.10009765625,4295.0,4297.2998046875,17810
2025-04-28 09:28:00+05:30,4306.10009765625,4308.5,4299.7998046875,4304.89990234375,13598
2025-04-28 09:29:00+05:30,4293.60009765625,4307.0,4291.5,4305.89990234375,10622
2025-04-28 09:30:00+05:30,4306.0,4307.89990234375,4296.39990234375,4296.39990234375,10033
2025-04-28 09:31:00+05:30,4308.60009765625,4311.0,4305.7998046875,4305.7998046875,21851
2025-04-28 09:32:00+05:30,4307.89990234375,4309.39990234375,4302.0,4307.5,6589
2025-04-28 09:33:00+05:30,4310.0,4311.0,4303.0,4306.7998046875,11201
2025-04-28 09:34:00+05:30,4318.10009765625,4321.7998046875,4309.2998046875,4310.0,39687
2025-04-28 09:35:00+05:30,4319.0,4320.7998046875,4315.60009765625,4315.60009765625,15682
2025-04-28 09:36:00+05:30,4329.10009765625,4330.0,4317.5,4319.0,28451
2025-04-28 09:37:00+05:30,4335.60009765625,4335.60009765625,4328.5,4329.89990234375,29347
2025-04-28 09:38:00+05:30,4335.0,4337.89990234375,4330.0,4336.39990234375,14637
2025-04-28 09:39:00+05:30,4335.2001953125,4337.0,4332.39990234375,4334.0,24482
2025-04-28 09:40:00+05:30,4334.2998046875,4337.10009765625,4332.0,4335.7998046875,29054
2025-04-28 09:41:00+05:30,4353.7998046875,4354.60009765625,4333.0,4333.0,75827
2025-04-28 09:42:00+05:30,4357.0,4360.0,4352.60009765625,4353.89990234375,43808
2025-04-28 09:43:00+05:30,4352.39990234375,4357.5,4350.7998046875,4357.5,22005
2025-04-28 09:44:00+05:30,4338.5,4352.2998046875,4335.0,4350.89990234375,25709
2025-04-28 09:45:00+05:30,4347.60009765625,4350.0,4335.7998046875,4335.7998046875,17947
2025-04-28 09:46:00+05:30,4353.7001953125,4357.0,4346.7001953125,4347.0,23837
2025-04-28 09:47:00+05:30,4361.89990234375,4362.5,4352.0,4353.7001953125,37536
2025-04-28 09:48:00+05:30,4365.0,4367.0,4360.0,4360.7001953125,35100
2025-04-28 09:49:00+05:30,4361.0,4365.0,4361.0,4365.0,18454
2025-04-28 09:50:00+05:30,4371.7001953125,4374.0,4361.5,4361.7001953125,38647
2025-04-28 09:51:00+05:30,4380.0,4380.0,4373.10009765625,4373.10009765625,61608
2025-04-28 09:52:00+05:30,4393.0,4394.7998046875,4379.0,4381.0,63447
2025-04-28 09:53:00+05:30,4391.60009765625,4394.7998046875,4390.0,4392.0,38131
2025-04-28 09:54:00+05:30,4386.2998046875,4398.0,4386.2998046875,4392.7001953125,45939
2025-04-28 09:55:00+05:30,4376.60009765625,4390.2998046875,4376.60009765625,4385.89990234375,37100
2025-04-28 09:56:00+05:30,4375.5,4378.7001953125,4370.5,4375.89990234375,26291
2025-04-28 09:57:00+05:30,4375.89990234375,4377.2998046875,4370.0,4375.0,18463
2025-04-28 09:58:00+05:30,4392.0,4393.10009765625,4376.7001953125,4376.7001953125,25010
2025-04-28 09:59:00+05:30,4385.10009765625,4392.0,4381.2001953125,4389.60009765625,21364
2025-04-28 10:00:00+05:30,4387.10009765625,4392.0,4380.0,4386.2998046875,20348
2025-04-28 10:01:00+05:30,4393.89990234375,4393.89990234375,4384.7998046875,4384.7998046875,19863
2025-04-28 10:02:00+05:30,4399.89990234375,4400.0,4390.0,4393.89990234375,80294
2025-04-28 10:03:00+05:30,4395.0,4400.0,4395.0,4399.2998046875,20895
2025-04-28 10:04:00+05:30,4398.0,4398.5,4395.0,4395.5,14019
2025-04-28 10:05:00+05:30,4402.39990234375,4403.89990234375,4395.5,4398.7998046875,37797
2025-04-28 10:06:00+05:30,4401.2001953125,4406.0,4395.7001953125,4402.39990234375,26461
2025-04-28 10:07:00+05:30,4390.5,4401.5,4386.10009765625,4399.2998046875,19806
2025-04-28 10:08:00+05:30,4389.0,4393.7998046875,4389.0,4390.39990234375,15492
2025-04-28 10:09:00+05:30,4390.7001953125,4391.0,4386.60009765625,4388.0,7785
2025-04-28 10:10:00+05:30,4386.39990234375,4388.89990234375,4386.0,4387.89990234375,6993
2025-04-28 10:11:00+05:30,4395.89990234375,4396.5,4387.7998046875,4387.7998046875,10657
2025-04-28 10:12:00+05:30,4397.60009765625,4400.0,4393.2001953125,4395.89990234375,19094
2025-04-28 10:13:00+05:30,4397.2001953125,4400.0,4397.10009765625,4397.60009765625,10892
2025-04-28 10:14:00+05:30,4391.89990234375,4397.7001953125,4390.0,4395.5,8427
2025-04-28 10:15:00+05:30,4382.60009765625,4393.39990234375,4382.0,4392.0,15057
2025-04-28 10:16:00+05:30,4382.0,4384.0,4381.0,4383.2001953125,8682
2025-04-28 10:17:00+05:30,4378.89990234375,4383.10009765625,4376.2001953125,4383.0,23075
2025-04-28 10:18:00+05:30,4376.7001953125,4380.7001953125,4376.0,4378.10009765625,9733
2025-04-28 10:19:00+05:30,4379.10009765625,4385.0,4376.2998046875,4378.0,15042
2025-04-28 10:20:00+05:30,4382.2998046875,4384.0,4381.39990234375,4382.0,5523
2025-04-28 10:21:00+05:30,4376.2001953125,4382.89990234375,4376.2001953125,4381.0,7200
2025-04-28 10:22:00+05:30,4373.89990234375,4378.0,4372.39990234375,4376.2001953125,17471
2025-04-28 10:23:00+05:30,4373.0,4376.7998046875,4371.0,4374.7001953125,7514
2025-04-28 10:24:00+05:30,4367.60009765625,4372.7001953125,4364.7001953125,4371.10009765625,20095
2025-04-28 10:25:00+05:30,4368.89990234375,4369.7998046875,4366.2001953125,4367.2001953125,8381
2025-04-28 10:26:00+05:30,4376.60009765625,4377.7001953125,4368.0,4369.0,8782
2025-04-28 10:27:00+05:30,4380.0,4383.0,4374.5,4378.7001953125,12995
2025-04-28 10:28:00+05:30,4375.5,4380.0,4374.10009765625,4380.0,4148
2025-04-28 10:29:00+05:30,4373.89990234375,4375.0,4371.5,4373.2998046875,6932
2025-04-28 10:30:00+05:30,4377.2998046875,4379.7998046875,4373.0,4375.0,3141
2025-04-28 10:31:00+05:30,4389.2001953125,4390.0,4377.0,4377.0,18128
2025-04-28 10:32:00+05:30,4387.2001953125,4389.89990234375,4385.0,4389.7001953125,6108
2025-04-28 10:33:00+05:30,4383.2998046875,4386.7998046875,4380.60009765625,4385.60009765625,5946
2025-04-28 10:34:00+05:30,4383.0,4387.5,4382.5,4383.0,5047
2025-04-28 10:35:00+05:30,4377.0,4385.0,4375.60009765625,4384.7998046875,5834
2025-04-28 10:36:00+05:30,4376.2001953125,4378.0,4375.0,4378.0,4379
2025-04-28 10:37:00+05:30,4374.5,4379.89990234375,4374.0,4377.39990234375,6710
2025-04-28 10:38:00+05:30,4374.89990234375,4376.7001953125,4373.60009765625,4374.0,4719
2025-04-28 10:39:00+05:30,4375.5,4378.60009765625,4373.0,4374.89990234375,5485
2025-04-28 10:40:00+05:30,4377.0,4378.0,4371.0,4374.89990234375,5844
2025-04-28 10:41:00+05:30,4381.2001953125,4381.2001953125,4374.39990234375,4377.0,6684
2025-04-28 10:42:00+05:30,4380.0,4382.0,4377.7998046875,4379.7001953125,4416
2025-04-28 10:43:00+05:30,4372.2998046875,4380.0,4372.2998046875,4380.0,4339
2025-04-28 10:44:00+05:30,4371.5,4374.5,4371.2998046875,4372.2998046875,3725
2025-04-28 10:45:00+05:30,4371.2998046875,4374.5,4369.89990234375,4372.0,8368
2025-04-28 10:46:00+05:30,4377.0,4377.0,4372.0,4372.0,3795
2025-04-28 10:47:00+05:30,4380.0,4380.0,4376.0,4376.0,5565
2025-04-28 10:48:00+05:30,4384.39990234375,4388.2001953125,4378.89990234375,4379.0,12294
2025-04-28 10:49:00+05:30,4392.0,4392.2998046875,4384.2998046875,4384.39990234375,18000
2025-04-28 10:50:00+05:30,4394.0,4397.0,4390.89990234375,4392.0,16264
2025-04-28 10:51:00+05:30,4396.39990234375,4397.0,4393.39990234375,4393.39990234375,8967
2025-04-28 10:52:00+05:30,4399.60009765625,4399.60009765625,4393.7001953125,4396.39990234375,16277
2025-04-28 10:53:00+05:30,4401.2998046875,4401.89990234375,4396.60009765625,4398.0,44163
2025-04-28 10:54:00+05:30,4400.60009765625,4403.89990234375,4400.0,4401.60009765625,13809
2025-04-28 10:55:00+05:30,4407.60009765625,4410.0,4400.0,4400.0,48280
2025-04-28 10:56:00+05:30,4413.39990234375,4413.39990234375,4405.0,4408.7998046875,42638
2025-04-28 10:57:00+05:30,4418.0,4419.39990234375,4412.10009765625,4412.2001953125,38298
2025-04-28 10:58:00+05:30,4416.5,4418.0,4413.2998046875,4418.0,17236
2025-04-28 10:59:00+05:30,4419.0,4420.0,4416.89990234375,4417.89990234375,34832
2025-04-28 11:00:00+05:30,4425.0,4425.0,4419.0,4419.89990234375,25307
2025-04-28 11:01:00+05:30,4423.10009765625,4425.89990234375,4419.0,4424.89990234375,34626
2025-04-28 11:02:00+05:30,4422.0,4425.89990234375,4422.0,4425.7001953125,12618
2025-04-28 11:03:00+05:30,4422.39990234375,4424.0,4419.10009765625,4423.5,16668
2025-04-28 11:04:00+05:30,4422.0,4423.0,4419.60009765625,4422.5,9880
2025-04-28 11:05:00+05:30,4418.5,4422.0,4416.60009765625,4421.0,10969
2025-04-28 11:06:00+05:30,4410.2998046875,4419.39990234375,4410.0,4418.0,17312
2025-04-28 11:07:00+05:30,4413.89990234375,4413.89990234375,4408.10009765625,4410.39990234375,10525
2025-04-28 11:08:00+05:30,4416.5,4417.39990234375,4412.2998046875,4412.2998046875,7255
2025-04-28 11:09:00+05:30,4416.0,4420.0,4415.10009765625,4416.5,13193
2025-04-28 11:10:00+05:30,4415.0,4417.2001953125,4413.89990234375,4417.2001953125,5877
2025-04-28 11:11:00+05:30,4412.0,4416.0,4410.2998046875,4415.0,5268
2025-04-28 11:12:00+05:30,4413.2001953125,4413.89990234375,4410.2001953125,4410.2001953125,5200
2025-04-28 11:13:00+05:30,4411.10009765625,4413.0,4410.0,4412.89990234375,7920
2025-04-28 11:14:00+05:30,4413.2001953125,4413.7998046875,4408.0,4411.2001953125,11219
2025-04-28 11:15:00+05:30,4413.7998046875,4415.0,4412.2001953125,4413.5,4954
2025-04-28 11:16:00+05:30,4407.0,4413.39990234375,4405.5,4412.5,8940
2025-04-28 11:17:00+05:30,4411.2001953125,4412.0,4405.10009765625,4405.10009765625,7481
2025-04-28 11:18:00+05:30,4410.39990234375,4412.0,4410.0,4410.0,3819
2025-04-28 11:19:00+05:30,4416.2001953125,4416.7001953125,4410.39990234375,4410.39990234375,13274
2025-04-28 11:20:00+05:30,4417.7998046875,4418.0,4415.5,4415.89990234375,5655
2025-04-28 11:21:00+05:30,4423.7001953125,4423.7001953125,4415.60009765625,4416.0,21306
2025-04-28 11:22:00+05:30,4422.89990234375,4424.5,4421.0,4423.7001953125,9135
2025-04-28 11:23:00+05:30,4425.0,4425.0,4421.2001953125,4422.7998046875,14017
2025-04-28 11:24:00+05:30,4425.0,4428.7998046875,4423.2998046875,4423.60009765625,27179
2025-04-28 11:25:00+05:30,4422.0,4425.60009765625,4420.7998046875,4425.0,7280
2025-04-28 11:26:00+05:30,4416.0,4422.0,4416.0,4421.60009765625,5997
2025-04-28 11:27:00+05:30,4418.0,4421.0,4416.0,4417.89990234375,8332
2025-04-28 11:28:00+05:30,4419.0,4420.0,4417.5,4419.2998046875,3487
2025-04-28 11:29:00+05:30,4421.0,4421.0,4417.7998046875,4419.0,6438
2025-04-28 11:30:00+05:30,4421.7001953125,4423.0,4420.0,4420.0,4949
2025-04-28 11:31:00+05:30,4421.7998046875,4423.7001953125,4418.60009765625,4421.89990234375,8584
2025-04-28 11:32:00+05:30,4421.89990234375,4423.7001953125,4420.10009765625,4422.0,4472
2025-04-28 11:33:00+05:30,4424.0,4426.0,4420.0,4421.0,15650
2025-04-28 11:34:00+05:30,4424.0,4426.0,4422.60009765625,4425.0,5647
2025-04-28 11:35:00+05:30,4422.10009765625,4425.0,4421.5,4422.60009765625,5035
2025-04-28 11:36:00+05:30,4424.7001953125,4424.89990234375,4421.60009765625,4422.2998046875,4758
2025-04-28 11:37:00+05:30,4429.0,4429.0,4423.89990234375,4424.7001953125,14323
2025-04-28 11:38:00+05:30,4423.10009765625,4429.0,4423.10009765625,4428.0,10693
2025-04-28 11:39:00+05:30,4423.0,4424.5,4421.2998046875,4424.5,6584
2025-04-28 11:40:00+05:30,4420.0,4425.0,4419.10009765625,4423.0,8866
2025-04-28 11:41:00+05:30,4418.89990234375,4420.89990234375,4417.0,4420.0,6783
2025-04-28 11:42:00+05:30,4414.39990234375,4419.0,4413.0,4417.5,11594
2025-04-28 11:43:00+05:30,4414.7998046875,4415.0,4411.2998046875,4413.0,4599
2025-04-28 11:44:00+05:30,4413.7998046875,4414.7001953125,4411.2001953125,4413.0,3706
2025-04-28 11:45:00+05:30,4413.0,4413.0,4410.89990234375,4413.0,6895
2025-04-28 11:46:00+05:30,4421.10009765625,4423.0,4412.5,4413.0,14874
2025-04-28 11:47:00+05:30,4422.0,4423.0,4420.0,4422.0,3910
2025-04-28 11:48:00+05:30,4423.60009765625,4424.0,4420.39990234375,4422.5,3666
2025-04-28 11:49:00+05:30,4423.5,4423.89990234375,4421.39990234375,4421.7998046875,3251
2025-04-28 11:50:00+05:30,4423.60009765625,4423.89990234375,4421.60009765625,4423.5,3547
2025-04-28 11:51:00+05:30,4427.7001953125,4428.0,4423.60009765625,4423.60009765625,14074
2025-04-28 11:52:00+05:30,4426.0,4427.89990234375,4425.0,4427.0,4248
2025-04-28 11:53:00+05:30,4425.39990234375,4427.89990234375,4425.0,4426.0,5274
2025-04-28 11:54:00+05:30,4425.0,4427.2998046875,4425.0,4425.5,3042
2025-04-28 11:55:00+05:30,4423.0,4426.5,4423.0,4425.0,3209
2025-04-28 11:56:00+05:30,4424.0,4425.0,4422.0,4423.0,2998
2025-04-28 11:57:00+05:30,4421.0,4425.0,4420.0,4425.0,4376
2025-04-28 11:58:00+05:30,4422.89990234375,4424.2001953125,4420.39990234375,4420.39990234375,2656
2025-04-28 11:59:00+05:30,4422.7998046875,4424.0,4422.0,4422.0,4075
2025-04-28 12:00:00+05:30,4429.2998046875,4430.0,4421.0,4421.0,27606
2025-04-28 12:01:00+05:30,4425.5,4433.0,4425.0,4430.0,18031
2025-04-28 12:02:00+05:30,4423.5,4426.89990234375,4420.60009765625,4425.5,8919
2025-04-28 12:03:00+05:30,4423.2001953125,4425.0,4421.0,4423.60009765625,3539
2025-04-28 12:04:00+05:30,4421.10009765625,4425.5,4421.0,4423.2001953125,3677
2025-04-28 12:05:00+05:30,4422.0,4423.39990234375,4421.0,4421.0,2643
2025-04-28 12:06:00+05:30,4421.0,4422.89990234375,4420.0,4422.89990234375,4209
2025-04-28 12:07:00+05:30,4421.2998046875,4422.7998046875,4420.0,4420.0,4059
2025-04-28 12:08:00+05:30,4420.2001953125,4421.89990234375,4420.0,4421.2998046875,4563
2025-04-28 12:09:00+05:30,4432.0,4433.7001953125,4420.89990234375,4421.2001953125,20092
2025-04-28 12:10:00+05:30,4434.0,4434.0,4428.10009765625,4433.0,14981
2025-04-28 12:11:00+05:30,4436.89990234375,4438.5,4432.10009765625,4434.0,20872
2025-04-28 12:12:00+05:30,4431.60009765625,4438.10009765625,4431.60009765625,4437.2001953125,10810
2025-04-28 12:13:00+05:30,4432.0,4433.5,4430.60009765625,4430.7001953125,2547
2025-04-28 12:14:00+05:30,4430.5,4433.0,4430.0,4432.0,2946
2025-04-28 12:15:00+05:30,4433.89990234375,4437.0,4430.5,4431.60009765625,5288
2025-04-28 12:16:00+05:30,4431.0,4435.60009765625,4431.0,4433.7998046875,2712
2025-04-28 12:17:00+05:30,4433.10009765625,4435.2998046875,4430.5,4431.60009765625,6178
2025-04-28 12:18:00+05:30,4433.0,4435.10009765625,4431.2001953125,4435.10009765625,4338
2025-04-28 12:19:00+05:30,4433.2998046875,4433.7998046875,4431.2001953125,4431.5,1535
2025-04-28 12:20:00+05:30,4432.7001953125,4433.7998046875,4431.2998046875,4432.7998046875,3659
2025-04-28 12:21:00+05:30,4430.7998046875,4433.0,4430.5,4431.0,3623
2025-04-28 12:22:00+05:30,4428.2998046875,4431.2998046875,4428.0,4430.5,4959
2025-04-28 12:23:00+05:30,4425.0,4429.39990234375,4424.10009765625,4429.39990234375,6483
2025-04-28 12:24:00+05:30,4426.2998046875,4426.5,4423.39990234375,4425.89990234375,3977
2025-04-28 12:25:00+05:30,4426.39990234375,4427.7001953125,4424.2998046875,4424.2998046875,2321
2025-04-28 12:26:00+05:30,4424.89990234375,4426.39990234375,4424.0,4426.39990234375,2983
2025-04-28 12:27:00+05:30,4423.10009765625,4426.0,4423.0,4424.0,3918
2025-04-28 12:28:00+05:30,4421.60009765625,4425.2001953125,4421.60009765625,4423.10009765625,4473
2025-04-28 12:29:00+05:30,4421.7001953125,4422.7998046875,4420.0,4421.60009765625,7452
2025-04-28 12:30:00+05:30,4428.2998046875,4428.2998046875,4421.2998046875,4422.0,6361
2025-04-28 12:31:00+05:30,4428.7001953125,4430.0,4423.10009765625,4427.0,8405
2025-04-28 12:32:00+05:30,4427.0,4430.0,4426.39990234375,4430.0,4125
2025-04-28 12:33:00+05:30,4425.0,4427.10009765625,4424.0,4427.10009765625,3180
2025-04-28 12:34:00+05:30,4426.39990234375,4426.39990234375,4422.2001953125,4424.2001953125,2248
2025-04-28 12:35:00+05:30,4427.0,4427.89990234375,4424.2001953125,4424.5,986
2025-04-28 12:36:00+05:30,4430.60009765625,4432.39990234375,4427.0,4427.0,6590
2025-04-28 12:37:00+05:30,4433.39990234375,4433.7998046875,4430.39990234375,4430.5,2659
2025-04-28 12:38:00+05:30,4428.89990234375,4434.2998046875,4427.0,4433.7998046875,5199
2025-04-28 12:39:00+05:30,4430.0,4430.0,4426.2001953125,4427.2001953125,2226
2025-04-28 12:40:00+05:30,4429.10009765625,4430.0,4427.2001953125,4430.0,1737
2025-04-28 12:41:00+05:30,4430.2001953125,4432.0,4428.2001953125,4428.89990234375,3537
2025-04-28 12:42:00+05:30,4428.60009765625,4430.7001953125,4428.39990234375,4430.7001953125,2082
2025-04-28 12:43:00+05:30,4432.5,4434.2001953125,4428.10009765625,4428.39990234375,5237
2025-04-28 12:44:00+05:30,4436.89990234375,4437.0,4431.89990234375,4432.60009765625,11469
2025-04-28 12:45:00+05:30,4435.5,4437.0,4435.10009765625,4437.0,4003
2025-04-28 12:46:00+05:30,4432.89990234375,4436.0,4432.0,4436.0,2615
2025-04-28 12:47:00+05:30,4432.89990234375,4435.0,4430.89990234375,4432.10009765625,2881
2025-04-28 12:48:00+05:30,4433.60009765625,4435.0,4432.89990234375,4434.0,1909
2025-04-28 12:49:00+05:30,4436.5,4437.0,4433.60009765625,4434.7998046875,5451
2025-04-28 12:50:00+05:30,4436.5,4439.7998046875,4436.0,4436.89990234375,12339
2025-04-28 12:51:00+05:30,4439.0,4439.0,4435.60009765625,4436.5,3860
2025-04-28 12:52:00+05:30,4436.39990234375,4439.7998046875,4434.89990234375,4438.2998046875,4848
2025-04-28 12:53:00+05:30,4435.2001953125,4438.0,4435.2001953125,4437.5,1540
2025-04-28 12:54:00+05:30,4434.39990234375,4435.7998046875,4433.7998046875,4435.2001953125,2402
2025-04-28 12:55:00+05:30,4435.0,4435.60009765625,4434.0,4434.0,3298
2025-04-28 12:56:00+05:30,4433.60009765625,4434.5,4431.89990234375,4434.0,3044
2025-04-28 12:57:00+05:30,4432.7001953125,4434.0,4432.39990234375,4433.5,2591
2025-04-28 12:58:00+05:30,4435.0,4436.0,4432.10009765625,4433.0,5636
2025-04-28 12:59:00+05:30,4433.2998046875,4436.0,4433.2001953125,4435.0,2530
2025-04-28 13:00:00+05:30,4436.0,4436.0,4433.0,4434.0,4015
2025-04-28 13:01:00+05:30,4434.10009765625,4437.0,4434.10009765625,4436.0,3216
2025-04-28 13:02:00+05:30,4434.0,4434.7001953125,4432.10009765625,4434.39990234375,2719
2025-04-28 13:03:00+05:30,4431.5,4435.0,4430.0,4434.0,5031
2025-04-28 13:04:00+05:30,4424.5,4431.60009765625,4423.60009765625,4430.0,9519
2025-04-28 13:05:00+05:30,4424.0,4427.0,4423.5,4425.39990234375,5294
2025-04-28 13:06:00+05:30,4422.0,4424.0,4420.0,4424.0,11538
2025-04-28 13:07:00+05:30,4420.0,4422.0,4420.0,4422.0,7237
2025-04-28 13:08:00+05:30,4414.2998046875,4421.0,4412.39990234375,4420.0,13823
2025-04-28 13:09:00+05:30,4420.0,4421.10009765625,4415.0,4416.0,5888
2025-04-28 13:10:00+05:30,4419.7001953125,4420.89990234375,4416.7001953125,4420.0,4298
2025-04-28 13:11:00+05:30,4422.0,4422.0,4418.7001953125,4419.0,2822
2025-04-28 13:12:00+05:30,4417.0,4422.0,4415.0,4420.5,3472
2025-04-28 13:13:00+05:30,4418.2998046875,4419.89990234375,4416.0,4417.0,2576
2025-04-28 13:14:00+05:30,4423.39990234375,4423.5,4418.7001953125,4418.7001953125,5720
2025-04-28 13:15:00+05:30,4422.0,4424.0,4420.89990234375,4423.39990234375,2237
2025-04-28 13:16:00+05:30,4423.5,4424.0,4421.2001953125,4423.0,1810
2025-04-28 13:17:00+05:30,4422.0,4424.39990234375,4421.5,4423.89990234375,2311
2025-04-28 13:18:00+05:30,4421.0,4424.0,4421.0,4424.0,1741
2025-04-28 13:19:00+05:30,4419.60009765625,4421.89990234375,4418.0,4421.0,3358
2025-04-28 13:20:00+05:30,4417.0,4420.0,4417.0,4419.60009765625,2539
2025-04-28 13:21:00+05:30,4415.10009765625,4418.2998046875,4415.10009765625,4418.0,3993
2025-04-28 13:22:00+05:30,4416.0,4417.0,4415.10009765625,4415.2001953125,2816
2025-04-28 13:23:00+05:30,4416.0,4417.0,4414.7001953125,4415.5,5292
2025-04-28 13:24:00+05:30,4419.5,4422.0,4415.89990234375,4416.0,4769
2025-04-28 13:25:00+05:30,4418.2001953125,4421.0,4418.0,4420.89990234375,2091
2025-04-28 13:26:00+05:30,4417.89990234375,4421.7998046875,4417.2001953125,4418.2001953125,1805
2025-04-28 13:27:00+05:30,4418.2001953125,4420.7998046875,4416.10009765625,4419.2001953125,2749
2025-04-28 13:28:00+05:30,4415.60009765625,4418.39990234375,4415.60009765625,4416.10009765625,3929
2025-04-28 13:29:00+05:30,4415.2001953125,4417.5,4415.0,4415.2001953125,2851
2025-04-28 13:30:00+05:30,4415.2001953125,4416.0,4415.0,4415.2001953125,2198
2025-04-28 13:31:00+05:30,4417.10009765625,4417.10009765625,4414.39990234375,4415.2001953125,5443
2025-04-28 13:32:00+05:30,4419.2001953125,4419.39990234375,4415.10009765625,4415.10009765625,2417
2025-04-28 13:33:00+05:30,4420.10009765625,4420.10009765625,4418.0,4419.2001953125,1927
2025-04-28 13:34:00+05:30,4416.0,4421.0,4416.0,4420.0,4483
2025-04-28 13:35:00+05:30,4418.10009765625,4420.0,4416.0,4416.0,2010
2025-04-28 13:36:00+05:30,4420.0,4422.0,4418.10009765625,4419.0,3535
2025-04-28 13:37:00+05:30,4420.10009765625,4424.0,4420.10009765625,4422.0,4231
2025-04-28 13:38:00+05:30,4421.7998046875,4422.2998046875,4418.0,4422.2998046875,3124
2025-04-28 13:39:00+05:30,4424.2001953125,4426.0,4420.2001953125,4422.0,5726
2025-04-28 13:40:00+05:30,4424.0,4426.0,4422.0,4426.0,2862
2025-04-28 13:41:00+05:30,4425.0,4426.0,4423.2001953125,4425.0,4683
2025-04-28 13:42:00+05:30,4425.0,4425.89990234375,4424.10009765625,4425.0,1325
2025-04-28 13:43:00+05:30,4428.10009765625,4430.0,4425.0,4425.0,5821
2025-04-28 13:44:00+05:30,4428.2001953125,4430.0,4427.7998046875,4429.89990234375,3317
2025-04-28 13:45:00+05:30,4430.5,4431.2001953125,4429.0,4429.0,6331
2025-04-28 13:46:00+05:30,4427.60009765625,4430.60009765625,4427.10009765625,4429.89990234375,4645
2025-04-28 13:47:00+05:30,4426.89990234375,4430.0,4425.60009765625,4427.7001953125,3130
2025-04-28 13:48:00+05:30,4427.0,4428.0,4425.60009765625,4426.0,1755
2025-04-28 13:49:00+05:30,4427.0,4428.0,4426.2998046875,4426.7001953125,2253
2025-04-28 13:50:00+05:30,4424.2998046875,4428.0,4424.10009765625,4427.0,2948
2025-04-28 13:51:00+05:30,4425.0,4426.60009765625,4424.0,4424.0,1497
2025-04-28 13:52:00+05:30,4423.7001953125,4426.2001953125,4420.7001953125,4426.0,2166
2025-04-28 13:53:00+05:30,4425.7998046875,4428.0,4420.5,4421.7998046875,4609
2025-04-28 13:54:00+05:30,4428.0,4428.0,4425.0,4425.2001953125,3442
2025-04-28 13:55:00+05:30,4424.0,4428.60009765625,4424.0,4428.0,1743
2025-04-28 13:56:00+05:30,4428.39990234375,4428.39990234375,4424.0,4426.2998046875,3442
2025-04-28 13:57:00+05:30,4425.7998046875,4431.39990234375,4425.7998046875,4428.10009765625,6274
2025-04-28 13:58:00+05:30,4424.7001953125,4426.2998046875,4422.2998046875,4425.7998046875,4002
2025-04-28 13:59:00+05:30,4425.39990234375,4426.39990234375,4423.0,4423.2998046875,1548
2025-04-28 14:00:00+05:30,4425.7001953125,4426.39990234375,4423.5,4423.5,1483
2025-04-28 14:01:00+05:30,4423.7998046875,4425.5,4423.7998046875,4424.10009765625,1576
2025-04-28 14:02:00+05:30,4425.10009765625,4426.7001953125,4423.10009765625,4424.0,1950
2025-04-28 14:03:00+05:30,4426.0,4426.89990234375,4424.10009765625,4425.5,1248
2025-04-28 14:04:00+05:30,4425.10009765625,4427.0,4424.0,4426.2998046875,3875
2025-04-28 14:05:00+05:30,4420.60009765625,4425.10009765625,4420.60009765625,4424.0,3593
2025-04-28 14:06:00+05:30,4420.0,4422.7001953125,4417.0,4421.2001953125,5154
2025-04-28 14:07:00+05:30,4419.10009765625,4419.89990234375,4417.10009765625,4419.2001953125,2613
2025-04-28 14:08:00+05:30,4417.0,4419.0,4416.0,4417.5,3240
2025-04-28 14:09:00+05:30,4418.0,4419.0,4417.0,4418.5,2701
2025-04-28 14:10:00+05:30,4421.0,4422.7001953125,4417.0,4417.0,4612
2025-04-28 14:11:00+05:30,4423.2001953125,4425.0,4420.7998046875,4422.39990234375,2902
2025-04-28 14:12:00+05:30,4421.5,4423.7001953125,4420.7998046875,4423.39990234375,2287
2025-04-28 14:13:00+05:30,4422.0,4423.5,4420.7998046875,4421.60009765625,1419
2025-04-28 14:14:00+05:30,4418.7998046875,4422.0,4418.0,4421.0,2333
2025-04-28 14:15:00+05:30,4420.60009765625,4420.89990234375,4418.7998046875,4418.7998046875,2193
2025-04-28 14:16:00+05:30,4418.0,4420.7998046875,4418.0,4420.0,2287
2025-04-28 14:17:00+05:30,4415.0,4420.60009765625,4415.0,4418.7998046875,8928
2025-04-28 14:18:00+05:30,4413.10009765625,4417.5,4413.0,4416.39990234375,3236
2025-04-28 14:19:00+05:30,4414.0,4415.10009765625,4413.0,4415.0,3794
2025-04-28 14:20:00+05:30,4408.2998046875,4414.0,4406.2998046875,4414.0,15313
2025-04-28 14:21:00+05:30,4409.0,4411.2998046875,4408.2001953125,4410.2998046875,5739
2025-04-28 14:22:00+05:30,4405.2001953125,4407.39990234375,4401.5,4406.0,11419
2025-04-28 14:23:00+05:30,4406.10009765625,4408.2001953125,4405.0,4406.0,2719
2025-04-28 14:24:00+05:30,4403.0,4406.2998046875,4403.0,4406.10009765625,3629
2025-04-28 14:25:00+05:30,4403.0,4411.2998046875,4401.0,4403.0,8848
2025-04-28 14:26:00+05:30,4408.0,4408.10009765625,4403.5,4403.5,4807
2025-04-28 14:27:00+05:30,4406.2998046875,4408.0,4404.7001953125,4407.5,4920
2025-04-28 14:28:00+05:30,4402.7998046875,4408.0,4402.5,4406.2998046875,5365
2025-04-28 14:29:00+05:30,4403.7001953125,4405.2001953125,4402.2998046875,4403.39990234375,7758
2025-04-28 14:30:00+05:30,4404.7998046875,4406.0,4402.2998046875,4402.2998046875,5763
2025-04-28 14:31:00+05:30,4403.60009765625,4405.0,4401.5,4404.7998046875,4916
2025-04-28 14:32:00+05:30,4408.7001953125,4410.0,4404.0,4404.0,7095
2025-04-28 14:33:00+05:30,4407.60009765625,4411.39990234375,4405.2001953125,4410.2001953125,6083
2025-04-28 14:34:00+05:30,4406.0,4408.0,4406.0,4407.0,3144
2025-04-28 14:35:00+05:30,4407.5,4408.5,4403.0,4406.0,6618
2025-04-28 14:36:00+05:30,4406.7001953125,4407.5,4404.2001953125,4407.5,3142
2025-04-28 14:37:00+05:30,4403.5,4407.0,4402.0,4405.0,3903
2025-04-28 14:38:00+05:30,4398.7998046875,4403.2998046875,4395.0,4403.2998046875,18236
2025-04-28 14:39:00+05:30,4395.0,4398.10009765625,4393.0,4398.0,7731
2025-04-28 14:40:00+05:30,4393.39990234375,4396.0,4393.0,4395.0,5327
2025-04-28 14:41:00+05:30,4393.0,4397.0,4391.10009765625,4395.39990234375,8066
2025-04-28 14:42:00+05:30,4393.0,4395.0,4391.60009765625,4392.2998046875,6031
2025-04-28 14:43:00+05:30,4388.2001953125,4395.0,4388.2001953125,4393.0,13590
2025-04-28 14:44:00+05:30,4392.60009765625,4393.39990234375,4386.2998046875,4388.10009765625,9813
2025-04-28 14:45:00+05:30,4397.7001953125,4397.7001953125,4391.5,4392.0,7667
2025-04-28 14:46:00+05:30,4396.0,4399.0,4396.0,4398.2001953125,4945
2025-04-28 14:47:00+05:30,4395.5,4397.39990234375,4395.0,4395.5,3158
2025-04-28 14:48:00+05:30,4404.0,4404.0,4395.0,4395.5,8826
2025-04-28 14:49:00+05:30,4408.5,4408.7001953125,4402.39990234375,4404.0,4213
2025-04-28 14:50:00+05:30,4407.0,4408.0,4404.60009765625,4408.0,4030
2025-04-28 14:51:00+05:30,4407.0,4407.7998046875,4404.0,4406.89990234375,4956
2025-04-28 14:52:00+05:30,4412.39990234375,4414.89990234375,4407.2998046875,4407.2998046875,9834
2025-04-28 14:53:00+05:30,4415.0,4415.0,4412.39990234375,4413.5,4989
2025-04-28 14:54:00+05:30,4412.0,4415.0,4411.0,4415.0,5197
2025-04-28 14:55:00+05:30,4414.89990234375,4415.0,4411.0,4412.0,5816
2025-04-28 14:56:00+05:30,4414.0,4414.89990234375,4412.2998046875,4414.89990234375,4106
2025-04-28 14:57:00+05:30,4412.2001953125,4414.5,4412.0,4413.0,3277
2025-04-28 14:58:00+05:30,4415.0,4415.0,4412.0,4412.10009765625,5085
2025-04-28 14:59:00+05:30,4418.89990234375,4420.0,4416.10009765625,4417.0,10890
2025-04-28 15:00:00+05:30,4418.0,4420.0,4416.7998046875,4418.89990234375,6180
2025-04-28 15:01:00+05:30,4415.89990234375,4418.0,4413.60009765625,4418.0,5111
2025-04-28 15:02:00+05:30,4418.2001953125,4419.89990234375,4416.0,4416.0,3787
2025-04-28 15:03:00+05:30,4418.5,4419.5,4416.60009765625,4418.0,5394
2025-04-28 15:04:00+05:30,4416.2001953125,4419.0,4415.2001953125,4417.5,5507
2025-04-28 15:05:00+05:30,4413.0,4415.89990234375,4413.0,4415.2998046875,7721
2025-04-28 15:06:00+05:30,4413.2001953125,4414.2998046875,4413.0,4414.0,6367
2025-04-28 15:07:00+05:30,4414.0,4415.0,4413.2998046875,4414.0,6405
2025-04-28 15:08:00+05:30,4415.7998046875,4415.89990234375,4413.10009765625,4413.89990234375,3729
2025-04-28 15:09:00+05:30,4416.0,4418.0,4415.0,4415.7998046875,7405
2025-04-28 15:10:00+05:30,4417.7998046875,4418.0,4415.10009765625,4416.0,8071
2025-04-28 15:11:00+05:30,4415.39990234375,4418.0,4415.2998046875,4417.7998046875,9201
2025-04-28 15:12:00+05:30,4417.0,4419.0,4415.60009765625,4416.89990234375,8672
2025-04-28 15:13:00+05:30,4423.60009765625,4425.0,4416.5,4417.0,23028
2025-04-28 15:14:00+05:30,4425.0,4425.0,4418.7998046875,4420.60009765625,14170
2025-04-28 15:15:00+05:30,4427.2001953125,4430.0,4424.0,4424.7001953125,22550
2025-04-28 15:16:00+05:30,4428.5,4430.0,4425.39990234375,4427.10009765625,13637
2025-04-28 15:17:00+05:30,4428.89990234375,4430.0,4427.10009765625,4430.0,12891
2025-04-28 15:18:00+05:30,4433.0,4435.0,4428.89990234375,4428.89990234375,34188
2025-04-28 15:19:00+05:30,4435.2001953125,4436.0,4433.2001953125,4433.60009765625,20881
2025-04-28 15:20:00+05:30,4430.7001953125,4436.89990234375,4430.7001953125,4436.0,33827
2025-04-28 15:21:00+05:30,4432.0,4432.39990234375,4430.0,4431.5,7051
2025-04-28 15:22:00+05:30,4429.0,4432.0,4429.0,4431.2001953125,7347
2025-04-28 15:23:00+05:30,4428.0,4431.0,4428.0,4430.2998046875,7010
2025-04-28 15:24:00+05:30,4427.5,4431.0,4427.2998046875,4429.5,14343
2025-04-28 15:25:00+05:30,4429.89990234375,4430.0,4427.60009765625,4427.60009765625,7902
2025-04-28 15:26:00+05:30,4429.7001953125,4429.89990234375,4428.0,4429.89990234375,6000
2025-04-28 15:27:00+05:30,4430.0,4430.0,4428.0,4429.0,10933
2025-04-28 15:28:00+05:30,4430.0,4430.5,4427.0,4430.39990234375,9503
2025-04-28 15:29:00+05:30,4426.10009765625,4430.0,4425.0,4427.10009765625,13003
2025-04-29 09:15:00+05:30,4482.7998046875,4486.2998046875,4456.39990234375,4456.39990234375,0
2025-04-29 09:16:00+05:30,4481.2998046875,4485.39990234375,4467.5,4483.7998046875,40789
2025-04-29 09:17:00+05:30,4482.0,4483.0,4472.60009765625,4481.89990234375,26683
2025-04-29 09:18:00+05:30,4499.0,4499.0,4481.10009765625,4482.39990234375,50193
2025-04-29 09:19:00+05:30,4510.0,4510.0,4498.2001953125,4499.5,70422
2025-04-29 09:20:00+05:30,4499.0,4510.0,4491.10009765625,4508.5,41473
2025-04-29 09:21:00+05:30,4511.60009765625,4512.89990234375,4495.2001953125,4499.89990234375,36119
2025-04-29 09:22:00+05:30,4497.39990234375,4511.0,4496.0,4510.10009765625,29943
2025-04-29 09:23:00+05:30,4506.0,4506.0,4490.0,4494.7998046875,32287
2025-04-29 09:24:00+05:30,4518.0,4518.0,4505.60009765625,4507.7998046875,44931
2025-04-29 09:25:00+05:30,4519.5,4520.0,4516.7998046875,4517.0,25723
2025-04-29 09:26:00+05:30,4521.89990234375,4522.7001953125,4510.0,4518.7998046875,40076
2025-04-29 09:27:00+05:30,4518.0,4522.0,4515.60009765625,4519.89990234375,17680
2025-04-29 09:28:00+05:30,4530.0,4530.0,4518.7998046875,4518.7998046875,46527
2025-04-29 09:29:00+05:30,4521.60009765625,4530.0,4517.2998046875,4529.0,32154
2025-04-29 09:30:00+05:30,4503.60009765625,4525.60009765625,4503.60009765625,4523.39990234375,38604
2025-04-29 09:31:00+05:30,4511.7998046875,4514.0,4505.0,4505.0,19970
2025-04-29 09:32:00+05:30,4527.5,4529.89990234375,4510.0,4513.7998046875,38065
2025-04-29 09:33:00+05:30,4538.2001953125,4539.89990234375,4526.10009765625,4529.0,53488
2025-04-29 09:34:00+05:30,4540.0,4543.2998046875,4535.7001953125,4539.89990234375,43956
2025-04-29 09:35:00+05:30,4539.7001953125,4546.2998046875,4538.0,4542.0,42507
2025-04-29 09:36:00+05:30,4532.2001953125,4538.10009765625,4530.5,4537.60009765625,19507
2025-04-29 09:37:00+05:30,4531.0,4535.0,4529.10009765625,4532.0,17401
2025-04-29 09:38:00+05:30,4527.0,4530.39990234375,4527.0,4530.39990234375,11291
2025-04-29 09:39:00+05:30,4522.2001953125,4534.0,4522.0,4527.0,20393
2025-04-29 09:40:00+05:30,4518.0,4524.7001953125,4517.0,4522.0,20647
2025-04-29 09:41:00+05:30,4518.89990234375,4518.89990234375,4511.0,4516.7998046875,21986
2025-04-29 09:42:00+05:30,4521.89990234375,4530.7998046875,4516.7001953125,4518.0,24615
2025-04-29 09:43:00+05:30,4495.7001953125,4524.39990234375,4494.89990234375,4520.39990234375,53947
2025-04-29 09:44:00+05:30,4497.60009765625,4500.7998046875,4494.0,4497.10009765625,30031
2025-04-29 09:45:00+05:30,4505.0,4510.0,4498.0,4499.0,26462
2025-04-29 09:46:00+05:30,4500.0,4508.0,4498.2001953125,4506.10009765625,22632
2025-04-29 09:47:00+05:30,4491.0,4501.89990234375,4485.10009765625,4501.39990234375,30231
2025-04-29 09:48:00+05:30,4487.10009765625,4492.0,4482.0,4492.0,16824
2025-04-29 09:49:00+05:30,4494.2001953125,4495.0,4488.10009765625,4489.2998046875,11774
2025-04-29 09:50:00+05:30,4475.0,4496.60009765625,4475.0,4495.0,27865
2025-04-29 09:51:00+05:30,4481.2001953125,4482.0,4470.39990234375,4475.0,29848
2025-04-29 09:52:00+05:30,4494.0,4495.0,4481.5,4481.5,15848
2025-04-29 09:53:00+05:30,4508.60009765625,4509.89990234375,4490.39990234375,4494.0,34590
2025-04-29 09:54:00+05:30,4508.10009765625,4513.60009765625,4505.0,4507.89990234375,26549
2025-04-29 09:55:00+05:30,4507.10009765625,4509.7998046875,4501.0,4509.7998046875,9297
2025-04-29 09:56:00+05:30,4518.5,4519.0,4507.0,4507.0,24244
2025-04-29 09:57:00+05:30,4519.60009765625,4521.7998046875,4516.10009765625,4519.7998046875,18113
2025-04-29 09:58:00+05:30,4516.0,4519.89990234375,4513.0,4519.5,11325
2025-04-29 09:59:00+05:30,4514.2998046875,4518.89990234375,4512.0,4516.0,7316
2025-04-29 10:00:00+05:30,4511.7001953125,4518.60009765625,4511.0,4514.89990234375,7399
2025-04-29 10:01:00+05:30,4510.2998046875,4512.7998046875,4506.5,4512.7998046875,8137
2025-04-29 10:02:00+05:30,4513.7001953125,4514.60009765625,4509.2998046875,4512.0,4474
2025-04-29 10:03:00+05:30,4519.0,4519.5,4514.0,4514.0,6230
2025-04-29 10:04:00+05:30,4518.89990234375,4522.0,4515.5,4520.0,11011
2025-04-29 10:05:00+05:30,4511.2001953125,4518.89990234375,4511.2001953125,4518.89990234375,5569
2025-04-29 10:06:00+05:30,4507.0,4511.89990234375,4503.7001953125,4511.89990234375,9383
2025-04-29 10:07:00+05:30,4512.60009765625,4514.7001953125,4506.0,4506.0,6531
2025-04-29 10:08:00+05:30,4511.39990234375,4516.0,4510.2998046875,4511.10009765625,5569
2025-04-29 10:09:00+05:30,4516.2998046875,4517.39990234375,4510.0,4512.7998046875,8974
2025-04-29 10:10:00+05:30,4517.5,4519.0,4510.5,4517.7001953125,6567
2025-04-29 10:11:00+05:30,4518.0,4521.7998046875,4516.2001953125,4517.0,14754
2025-04-29 10:12:00+05:30,4512.7998046875,4520.0,4512.7001953125,4519.5,3979
2025-04-29 10:13:00+05:30,4511.0,4515.0,4511.0,4513.2998046875,3747
2025-04-29 10:14:00+05:30,4516.5,4518.0,4511.2001953125,4512.0,4480
2025-04-29 10:15:00+05:30,4528.2998046875,4529.0,4516.5,4516.60009765625,35228
2025-04-29 10:16:00+05:30,4525.2998046875,4531.89990234375,4525.2001953125,4527.5,20117
2025-04-29 10:17:00+05:30,4520.0,4527.0,4520.0,4525.2001953125,8433
2025-04-29 10:18:00+05:30,4531.0,4534.7998046875,4518.60009765625,4522.10009765625,15683
2025-04-29 10:19:00+05:30,4525.2998046875,4533.0,4525.2998046875,4530.60009765625,9508
2025-04-29 10:20:00+05:30,4522.2001953125,4528.0,4520.10009765625,4526.7001953125,7511
2025-04-29 10:21:00+05:30,4526.89990234375,4528.89990234375,4522.39990234375,4524.0,5697
2025-04-29 10:22:00+05:30,4529.2998046875,4530.0,4524.7998046875,4526.89990234375,7539
2025-04-29 10:23:00+05:30,4527.10009765625,4530.89990234375,4527.10009765625,4527.2001953125,8331
2025-04-29 10:24:00+05:30,4532.2001953125,4532.5,4525.10009765625,4525.10009765625,11223
2025-04-29 10:25:00+05:30,4529.39990234375,4533.0,4529.0,4533.0,6531
2025-04-29 10:26:00+05:30,4520.0,4531.2998046875,4520.0,4529.5,6980
2025-04-29 10:27:00+05:30,4522.39990234375,4525.7998046875,4522.0,4522.0,4476
2025-04-29 10:28:00+05:30,4521.0,4525.0,4520.10009765625,4523.2001953125,9438
2025-04-29 10:29:00+05:30,4521.39990234375,4523.60009765625,4520.0,4521.7001953125,8548
2025-04-29 10:30:00+05:30,4520.0,4522.10009765625,4519.60009765625,4521.10009765625,39298
2025-04-29 10:31:00+05:30,4527.2001953125,4527.5,4520.0,4520.39990234375,10340
2025-04-29 10:32:00+05:30,4531.0,4535.7998046875,4528.2998046875,4528.2998046875,29135
2025-04-29 10:33:00+05:30,4529.2998046875,4533.7001953125,4528.0,4529.39990234375,3014
2025-04-29 10:34:00+05:30,4527.7998046875,4529.7998046875,4526.0,4529.7998046875,2669
2025-04-29 10:35:00+05:30,4530.0,4533.0,4526.5,4527.7998046875,9357
2025-04-29 10:36:00+05:30,4536.2001953125,4538.0,4529.0,4529.89990234375,18088
2025-04-29 10:37:00+05:30,4531.0,4538.0,4531.0,4536.5,5606
2025-04-29 10:38:00+05:30,4534.2998046875,4534.89990234375,4527.39990234375,4530.2001953125,5120
2025-04-29 10:39:00+05:30,4541.89990234375,4542.0,4534.0,4534.7998046875,25683
2025-04-29 10:40:00+05:30,4533.0,4542.0,4533.0,4540.0,7552
2025-04-29 10:41:00+05:30,4536.60009765625,4537.0,4531.2998046875,4533.0,4590
2025-04-29 10:42:00+05:30,4527.2001953125,4537.0,4525.0,4536.2001953125,7226
2025-04-29 10:43:00+05:30,4528.7001953125,4531.10009765625,4525.10009765625,4527.7998046875,7637
2025-04-29 10:44:00+05:30,4521.10009765625,4528.5,4520.0,4526.2001953125,17570
2025-04-29 10:45:00+05:30,4523.39990234375,4524.7998046875,4520.0,4520.0,6522
2025-04-29 10:46:00+05:30,4525.0,4525.0,4520.10009765625,4522.89990234375,6831
2025-04-29 10:47:00+05:30,4528.0,4529.5,4522.0,4525.0,5858
2025-04-29 10:48:00+05:30,4528.2001953125,4529.89990234375,4525.7998046875,4528.0,3565
2025-04-29 10:49:00+05:30,4530.0,4532.0,4528.10009765625,4529.89990234375,5113
2025-04-29 10:50:00+05:30,4528.0,4532.0,4528.0,4530.0,2106
2025-04-29 10:51:00+05:30,4532.0,4533.0,4528.0,4530.0,5543
2025-04-29 10:52:00+05:30,4530.0,4533.5,4530.0,4533.0,1897
2025-04-29 10:53:00+05:30,4528.7998046875,4530.0,4528.0,4529.89990234375,1621
2025-04-29 10:54:00+05:30,4525.89990234375,4529.39990234375,4525.0,4528.7998046875,3115
2025-04-29 10:55:00+05:30,4528.0,4529.0,4525.0,4526.2001953125,3851
2025-04-29 10:56:00+05:30,4527.2001953125,4531.0,4527.2001953125,4528.0,4198
2025-04-29 10:57:00+05:30,4529.39990234375,4529.39990234375,4527.2001953125,4528.7998046875,1495
2025-04-29 10:58:00+05:30,4530.0,4530.5,4527.7998046875,4529.0,3395
2025-04-29 10:59:00+05:30,4530.0,4530.5,4528.7998046875,4529.5,1626
2025-04-29 11:00:00+05:30,4533.0,4533.0,4529.0,4529.7001953125,6309
2025-04-29 11:01:00+05:30,4531.0,4533.0,4526.60009765625,4532.10009765625,4515
2025-04-29 11:02:00+05:30,4535.0,4539.89990234375,4531.0,4531.0,16044
2025-04-29 11:03:00+05:30,4537.0,4537.0,4533.0,4536.0,4055
2025-04-29 11:04:00+05:30,4537.0,4538.39990234375,4535.39990234375,4535.39990234375,3540
2025-04-29 11:05:00+05:30,4538.0,4538.2998046875,4535.0,4537.0,4311
2025-04-29 11:06:00+05:30,4534.39990234375,4538.0,4534.10009765625,4537.0,3610
2025-04-29 11:07:00+05:30,4532.39990234375,4535.0,4532.0,4534.39990234375,3745
2025-04-29 11:08:00+05:30,4536.0,4536.89990234375,4532.0,4533.0,3969
2025-04-29 11:09:00+05:30,4539.0,4539.0,4535.7001953125,4535.7001953125,6609
2025-04-29 11:10:00+05:30,4536.5,4543.0,4536.2998046875,4537.5,16271
2025-04-29 11:11:00+05:30,4528.0,4537.7998046875,4527.0,4537.2998046875,8189
2025-04-29 11:12:00+05:30,4531.2998046875,4531.2998046875,4522.0,4527.0,17241
2025-04-29 11:13:00+05:30,4530.7001953125,4534.0,4529.0,4532.0,2377
2025-04-29 11:14:00+05:30,4532.2998046875,4533.89990234375,4530.7001953125,4530.7001953125,2551
2025-04-29 11:15:00+05:30,4534.0,4537.0,4532.60009765625,4533.89990234375,4631
2025-04-29 11:16:00+05:30,4535.7001953125,4536.89990234375,4533.2998046875,4535.10009765625,1912
2025-04-29 11:17:00+05:30,4537.0,4537.0,4533.0,4534.39990234375,3203
2025-04-29 11:18:00+05:30,4537.89990234375,4540.0,4536.0,4537.0,6658
2025-04-29 11:19:00+05:30,4537.7998046875,4538.0,4534.7998046875,4538.0,2512
2025-04-29 11:20:00+05:30,4539.89990234375,4539.89990234375,4536.5,4537.89990234375,5372
2025-04-29 11:21:00+05:30,4538.2998046875,4539.89990234375,4536.0,4539.89990234375,3062
2025-04-29 11:22:00+05:30,4544.60009765625,4545.0,4538.89990234375,4539.39990234375,24497
2025-04-29 11:23:00+05:30,4550.0,4552.10009765625,4539.60009765625,4544.2998046875,72532
2025-04-29 11:24:00+05:30,4554.0,4554.39990234375,4550.0,4551.0,15808
2025-04-29 11:25:00+05:30,4566.0,4566.89990234375,4553.2001953125,4553.2001953125,53268
2025-04-29 11:26:00+05:30,4563.0,4567.2001953125,4561.7001953125,4565.0,20239
2025-04-29 11:27:00+05:30,4567.5,4569.0,4562.0,4563.2998046875,12817
2025-04-29 11:28:00+05:30,4570.7001953125,4570.7001953125,4567.5,4567.5,23019
2025-04-29 11:29:00+05:30,4575.0,4575.0,4570.0,4570.10009765625,18301
2025-04-29 11:30:00+05:30,4571.0,4575.0,4570.0,4575.0,24425
2025-04-29 11:31:00+05:30,4567.89990234375,4571.0,4564.2001953125,4570.0,17779
2025-04-29 11:32:00+05:30,4568.0,4569.7001953125,4564.0,4567.5,9227
2025-04-29 11:33:00+05:30,4573.60009765625,4573.60009765625,4565.0,4567.0,12779
2025-04-29 11:34:00+05:30,4571.2998046875,4574.7998046875,4570.0,4574.0,8135
2025-04-29 11:35:00+05:30,4572.0,4572.39990234375,4569.7001953125,4570.60009765625,11682
2025-04-29 11:36:00+05:30,4571.0,4572.0,4569.39990234375,4571.39990234375,7194
2025-04-29 11:37:00+05:30,4571.89990234375,4572.0,4570.0,4571.0,5873
2025-04-29 11:38:00+05:30,4580.2998046875,4582.0,4570.39990234375,4572.0,34542
2025-04-29 11:39:00+05:30,4584.10009765625,4585.0,4580.0,4580.0,20847
2025-04-29 11:40:00+05:30,4573.2001953125,4585.2998046875,4573.2001953125,4583.0,19759
2025-04-29 11:41:00+05:30,4574.0,4575.7998046875,4570.2001953125,4575.7998046875,12041
2025-04-29 11:42:00+05:30,4584.60009765625,4586.2998046875,4574.10009765625,4575.0,10136
2025-04-29 11:43:00+05:30,4589.2001953125,4589.60009765625,4583.2001953125,4586.0,14084
2025-04-29 11:44:00+05:30,4589.39990234375,4589.60009765625,4586.89990234375,4589.0,16389
2025-04-29 11:45:00+05:30,4583.7001953125,4589.2998046875,4583.0,4588.89990234375,9561
2025-04-29 11:46:00+05:30,4580.0,4584.0,4577.2001953125,4582.0,12229
2025-04-29 11:47:00+05:30,4578.2001953125,4581.2998046875,4575.7001953125,4579.7998046875,7349
2025-04-29 11:48:00+05:30,4588.2998046875,4589.2998046875,4577.10009765625,4578.0,12882
2025-04-29 11:49:00+05:30,4586.89990234375,4589.0,4584.0,4587.89990234375,5909
2025-04-29 11:50:00+05:30,4586.39990234375,4587.89990234375,4584.89990234375,4587.0,4236
2025-04-29 11:51:00+05:30,4584.5,4587.7998046875,4581.10009765625,4584.39990234375,11984
2025-04-29 11:52:00+05:30,4589.89990234375,4590.0,4583.0,4585.60009765625,23090
2025-04-29 11:53:00+05:30,4587.89990234375,4590.0,4586.10009765625,4589.7998046875,13689
2025-04-29 11:54:00+05:30,4585.0,4588.0,4583.2998046875,4588.0,6379
2025-04-29 11:55:00+05:30,4582.2001953125,4587.0,4580.2998046875,4585.7001953125,9189
2025-04-29 11:56:00+05:30,4584.0,4585.0,4581.0,4582.7001953125,6421
2025-04-29 11:57:00+05:30,4582.0,4584.5,4580.5,4583.10009765625,11260
2025-04-29 11:58:00+05:30,4588.60009765625,4589.0,4578.7001953125,4583.39990234375,15982
2025-04-29 11:59:00+05:30,4584.2998046875,4588.89990234375,4584.2998046875,4588.89990234375,9184
2025-04-29 12:00:00+05:30,4579.39990234375,4585.0,4578.0,4584.2998046875,7902
2025-04-29 12:01:00+05:30,4572.0,4582.60009765625,4572.0,4579.5,17404
2025-04-29 12:02:00+05:30,4579.0,4579.0,4572.0,4573.0,9176
2025-04-29 12:03:00+05:30,4587.0,4588.0,4577.10009765625,4579.0,11947
2025-04-29 12:04:00+05:30,4591.89990234375,4593.0,4587.2001953125,4587.2998046875,25926
2025-04-29 12:05:00+05:30,4589.60009765625,4592.0,4588.0,4591.89990234375,10475
2025-04-29 12:06:00+05:30,4593.7998046875,4594.0,4589.39990234375,4589.60009765625,19545
2025-04-29 12:07:00+05:30,4592.0,4595.2001953125,4591.5,4593.89990234375,21584
2025-04-29 12:08:00+05:30,4594.60009765625,4594.7998046875,4592.0,4592.0,7484
2025-04-29 12:09:00+05:30,4598.39990234375,4598.39990234375,4593.10009765625,4594.7998046875,23482
2025-04-29 12:10:00+05:30,4600.0,4603.0,4597.39990234375,4598.7998046875,61729
2025-04-29 12:11:00+05:30,4602.0,4606.60009765625,4600.0,4600.0,22174
2025-04-29 12:12:00+05:30,4607.5,4608.0,4602.0,4602.2001953125,12410
2025-04-29 12:13:00+05:30,4610.2998046875,4614.89990234375,4606.89990234375,4607.2001953125,33481
2025-04-29 12:14:00+05:30,4611.0,4613.5,4607.0,4611.2998046875,22052
2025-04-29 12:15:00+05:30,4606.39990234375,4611.7998046875,4602.2998046875,4611.0,19396
2025-04-29 12:16:00+05:30,4614.89990234375,4615.0,4606.0,4608.10009765625,12445
2025-04-29 12:17:00+05:30,4620.2001953125,4622.0,4614.89990234375,4615.0,42171
2025-04-29 12:18:00+05:30,4622.0,4624.0,4619.0,4620.2998046875,25607
2025-04-29 12:19:00+05:30,4622.0,4624.0,4619.0,4622.5,14479
2025-04-29 12:20:00+05:30,4629.0,4629.0,4622.0,4623.89990234375,29114
2025-04-29 12:21:00+05:30,4620.0,4630.0,4620.0,4628.89990234375,30893
2025-04-29 12:22:00+05:30,4613.60009765625,4620.0,4606.10009765625,4620.0,19688
2025-04-29 12:23:00+05:30,4604.39990234375,4613.10009765625,4602.10009765625,4613.10009765625,31549
2025-04-29 12:24:00+05:30,4603.89990234375,4608.7001953125,4601.0,4606.0,18701
2025-04-29 12:25:00+05:30,4601.2998046875,4606.2998046875,4600.39990234375,4605.2001953125,20268
2025-04-29 12:26:00+05:30,4608.5,4610.0,4600.2001953125,4600.89990234375,8620
2025-04-29 12:27:00+05:30,4609.10009765625,4610.89990234375,4603.10009765625,4610.89990234375,9427
2025-04-29 12:28:00+05:30,4606.89990234375,4613.39990234375,4606.2001953125,4609.10009765625,7766
2025-04-29 12:29:00+05:30,4608.89990234375,4611.0,4605.0,4606.89990234375,8437
2025-04-29 12:30:00+05:30,4619.0,4619.0,4608.60009765625,4608.60009765625,10138
2025-04-29 12:31:00+05:30,4618.0,4619.0,4615.0,4619.0,7097
2025-04-29 12:32:00+05:30,4620.60009765625,4622.89990234375,4617.0,4617.0,13279
2025-04-29 12:33:00+05:30,4622.39990234375,4622.39990234375,4620.0,4621.0,7379
2025-04-29 12:34:00+05:30,4630.0,4630.89990234375,4621.60009765625,4621.60009765625,27422
2025-04-29 12:35:00+05:30,4622.0,4632.0,4622.0,4632.0,15118
2025-04-29 12:36:00+05:30,4623.0,4625.10009765625,4621.0,4621.60009765625,8167
2025-04-29 12:37:00+05:30,4629.0,4630.0,4623.0,4623.0,13732
2025-04-29 12:38:00+05:30,4632.89990234375,4632.89990234375,4628.7998046875,4628.89990234375,12618
2025-04-29 12:39:00+05:30,4635.7998046875,4637.7001953125,4632.2001953125,4633.0,29792
2025-04-29 12:40:00+05:30,4636.0,4636.89990234375,4632.0,4635.89990234375,10715
2025-04-29 12:41:00+05:30,4636.0,4636.89990234375,4634.0,4636.0,8514
2025-04-29 12:42:00+05:30,4642.10009765625,4642.5,4631.0,4636.89990234375,39686
2025-04-29 12:43:00+05:30,4635.2998046875,4645.0,4635.2998046875,4643.0,24342
2025-04-29 12:44:00+05:30,4630.0,4639.0,4628.60009765625,4635.2998046875,12674
2025-04-29 12:45:00+05:30,4638.0,4638.39990234375,4627.5,4630.0,11170
2025-04-29 12:46:00+05:30,4646.60009765625,4646.60009765625,4636.89990234375,4639.7998046875,22945
2025-04-29 12:47:00+05:30,4640.0,4649.7998046875,4640.0,4645.89990234375,27021
2025-04-29 12:48:00+05:30,4642.39990234375,4644.7001953125,4636.7998046875,4640.0,17045
2025-04-29 12:49:00+05:30,4647.2001953125,4647.7998046875,4641.10009765625,4641.89990234375,15694
2025-04-29 12:50:00+05:30,4646.7998046875,4648.0,4645.0,4648.0,11052
2025-04-29 12:51:00+05:30,4648.2998046875,4649.60009765625,4646.2001953125,4647.7998046875,14811
2025-04-29 12:52:00+05:30,4647.0,4649.39990234375,4645.0,4648.10009765625,12014
2025-04-29 12:53:00+05:30,4642.0,4647.39990234375,4642.0,4645.2998046875,8026
2025-04-29 12:54:00+05:30,4647.5,4653.7001953125,4642.10009765625,4642.60009765625,49246
2025-04-29 12:55:00+05:30,4649.10009765625,4650.89990234375,4646.2001953125,4646.2001953125,15670
2025-04-29 12:56:00+05:30,4645.0,4648.89990234375,4639.0,4648.89990234375,27608
2025-04-29 12:57:00+05:30,4646.5,4649.7998046875,4645.0,4646.10009765625,19502
2025-04-29 12:58:00+05:30,4642.10009765625,4646.60009765625,4640.39990234375,4646.39990234375,14794
2025-04-29 12:59:00+05:30,4649.5,4649.7998046875,4640.2998046875,4642.10009765625,15994
2025-04-29 13:00:00+05:30,4651.7998046875,4652.60009765625,4648.5,4649.89990234375,19364
2025-04-29 13:01:00+05:30,4657.0,4657.7001953125,4650.2001953125,4651.0,26237
2025-04-29 13:02:00+05:30,4659.0,4660.0,4657.0,4658.0,17305
2025-04-29 13:03:00+05:30,4658.0,4659.0,4655.7998046875,4658.0,11514
2025-04-29 13:04:00+05:30,4654.7998046875,4660.0,4653.0,4657.5,18293
2025-04-29 13:05:00+05:30,4646.0,4654.5,4645.0,4654.5,19632
2025-04-29 13:06:00+05:30,4635.0,4646.5,4635.0,4645.0,20786
2025-04-29 13:07:00+05:30,4632.10009765625,4634.89990234375,4625.0,4634.89990234375,27492
2025-04-29 13:08:00+05:30,4630.0,4634.10009765625,4628.0,4631.89990234375,9992
2025-04-29 13:09:00+05:30,4639.5,4639.5,4629.7001953125,4631.0,6251
2025-04-29 13:10:00+05:30,4632.60009765625,4639.39990234375,4630.7998046875,4639.39990234375,13405
2025-04-29 13:11:00+05:30,4627.5,4635.0,4626.0,4633.0,15383
2025-04-29 13:12:00+05:30,4621.2998046875,4628.39990234375,4616.2001953125,4627.0,28836
2025-04-29 13:13:00+05:30,4617.0,4624.60009765625,4616.60009765625,4622.10009765625,12385
2025-04-29 13:14:00+05:30,4622.7001953125,4624.0,4616.2001953125,4616.5,9454
2025-04-29 13:15:00+05:30,4623.0,4629.2001953125,4620.60009765625,4622.7001953125,10022
2025-04-29 13:16:00+05:30,4623.5,4625.7998046875,4621.2998046875,4621.2998046875,5441
2025-04-29 13:17:00+05:30,4619.60009765625,4624.0,4612.0,4623.2998046875,14044
2025-04-29 13:18:00+05:30,4619.5,4620.0,4616.0,4618.89990234375,4373
2025-04-29 13:19:00+05:30,4614.2998046875,4619.0,4613.0,4619.0,6720
2025-04-29 13:20:00+05:30,4615.39990234375,4617.0,4612.0,4615.7001953125,10470
2025-04-29 13:21:00+05:30,4614.0,4615.89990234375,4613.2998046875,4615.0,5781
2025-04-29 13:22:00+05:30,4617.0,4617.7998046875,4610.0,4614.5,17705
2025-04-29 13:23:00+05:30,4625.0,4625.0,4616.39990234375,4618.0,14442
2025-04-29 13:24:00+05:30,4620.2001953125,4625.89990234375,4620.0,4625.0,9317
2025-04-29 13:25:00+05:30,4620.7998046875,4622.0,4620.10009765625,4621.60009765625,2693
2025-04-29 13:26:00+05:30,4620.2001953125,4624.0,4619.0,4621.39990234375,6097
2025-04-29 13:27:00+05:30,4618.2998046875,4622.60009765625,4617.89990234375,4618.5,2491
2025-04-29 13:28:00+05:30,4619.60009765625,4620.0,4616.5,4619.10009765625,3973
2025-04-29 13:29:00+05:30,4622.2001953125,4623.7001953125,4619.2001953125,4620.0,4059
2025-04-29 13:30:00+05:30,4622.60009765625,4624.7001953125,4619.0,4622.2001953125,7563
2025-04-29 13:31:00+05:30,4627.0,4627.0,4622.2998046875,4622.60009765625,6048
2025-04-29 13:32:00+05:30,4630.5,4632.7998046875,4626.10009765625,4626.10009765625,13248
2025-04-29 13:33:00+05:30,4634.0,4634.0,4630.5,4630.5,9538
2025-04-29 13:34:00+05:30,4630.0,4635.2001953125,4629.0,4633.0,11935
2025-04-29 13:35:00+05:30,4620.0,4627.2001953125,4620.0,4627.0,7754
2025-04-29 13:36:00+05:30,4620.7001953125,4623.0,4616.10009765625,4620.10009765625,9046
2025-04-29 13:37:00+05:30,4622.39990234375,4628.89990234375,4621.0,4622.7001953125,7214
2025-04-29 13:38:00+05:30,4623.0,4624.0,4621.89990234375,4623.2001953125,1952
2025-04-29 13:39:00+05:30,4625.10009765625,4626.0,4623.0,4623.10009765625,3251
2025-04-29 13:40:00+05:30,4626.2001953125,4628.0,4620.5,4628.0,5323
2025-04-29 13:41:00+05:30,4625.7001953125,4626.60009765625,4622.0,4624.5,5193
2025-04-29 13:42:00+05:30,4622.10009765625,4625.2001953125,4622.0,4624.7001953125,2758
2025-04-29 13:43:00+05:30,4619.2001953125,4623.89990234375,4617.5,4622.10009765625,7730
2025-04-29 13:44:00+05:30,4612.5,4619.0,4610.60009765625,4618.5,8446
2025-04-29 13:45:00+05:30,4614.39990234375,4615.0,4611.0,4611.5,7689
2025-04-29 13:46:00+05:30,4615.10009765625,4615.10009765625,4612.60009765625,4613.0,4440
2025-04-29 13:47:00+05:30,4618.89990234375,4619.0,4615.0,4615.0,2940
2025-04-29 13:48:00+05:30,4615.89990234375,4620.0,4615.2998046875,4620.0,3534
2025-04-29 13:49:00+05:30,4617.0,4620.10009765625,4615.0,4615.2998046875,4347
2025-04-29 13:50:00+05:30,4618.0,4618.7998046875,4615.60009765625,4616.7001953125,1868
2025-04-29 13:51:00+05:30,4624.2001953125,4626.60009765625,4617.60009765625,4618.0,11573
2025-04-29 13:52:00+05:30,4617.7998046875,4624.2998046875,4617.7998046875,4624.2998046875,5084
2025-04-29 13:53:00+05:30,4616.0,4620.89990234375,4615.89990234375,4618.5,4402
2025-04-29 13:54:00+05:30,4617.89990234375,4618.60009765625,4616.0,4616.0,3074
2025-04-29 13:55:00+05:30,4615.0,4618.5,4615.0,4617.10009765625,4060
2025-04-29 13:56:00+05:30,4612.7001953125,4618.0,4612.60009765625,4616.0,10449
2025-04-29 13:57:00+05:30,4616.5,4618.0,4612.0,4612.7001953125,4354
2025-04-29 13:58:00+05:30,4614.89990234375,4615.7998046875,4604.89990234375,4615.7998046875,16385
2025-04-29 13:59:00+05:30,4611.5,4615.89990234375,4608.60009765625,4615.89990234375,5507
2025-04-29 14:00:00+05:30,4609.5,4610.39990234375,4608.0,4610.10009765625,5024
2025-04-29 14:01:00+05:30,4606.2001953125,4610.0,4606.0,4610.0,5803
2025-04-29 14:02:00+05:30,4604.0,4606.5,4603.39990234375,4606.2001953125,8994
2025-04-29 14:03:00+05:30,4600.10009765625,4607.0,4600.10009765625,4604.5,12525
2025-04-29 14:04:00+05:30,4607.2998046875,4610.0,4600.0,4600.0,15490
2025-04-29 14:05:00+05:30,4606.5,4609.5,4603.7998046875,4609.5,5578
2025-04-29 14:06:00+05:30,4608.7001953125,4608.7001953125,4603.0,4605.7998046875,3737
2025-04-29 14:07:00+05:30,4612.7998046875,4615.0,4608.7001953125,4608.7001953125,7842
2025-04-29 14:08:00+05:30,4611.2001953125,4613.7998046875,4608.89990234375,4611.2998046875,4376
2025-04-29 14:09:00+05:30,4605.2998046875,4612.39990234375,4604.10009765625,4612.10009765625,5608
2025-04-29 14:10:00+05:30,4608.0,4608.0,4605.2998046875,4605.2998046875,2524
2025-04-29 14:11:00+05:30,4609.7998046875,4610.89990234375,4607.7001953125,4608.0,3339
2025-04-29 14:12:00+05:30,4608.2001953125,4609.7998046875,4608.0,4609.2001953125,2614
2025-04-29 14:13:00+05:30,4611.2001953125,4612.5,4608.2001953125,4609.0,3318
2025-04-29 14:14:00+05:30,4609.0,4611.5,4608.39990234375,4610.0,2559
2025-04-29 14:15:00+05:30,4608.39990234375,4610.39990234375,4606.10009765625,4609.2998046875,4112
2025-04-29 14:16:00+05:30,4611.5,4612.0,4608.0,4608.89990234375,3174
2025-04-29 14:17:00+05:30,4613.89990234375,4614.2001953125,4611.2998046875,4611.7001953125,6227
2025-04-29 14:18:00+05:30,4612.5,4614.0,4610.0,4612.10009765625,3797
2025-04-29 14:19:00+05:30,4608.0,4611.89990234375,4608.0,4611.7998046875,3263
2025-04-29 14:20:00+05:30,4606.5,4609.39990234375,4606.5,4608.0,3572
2025-04-29 14:21:00+05:30,4606.60009765625,4607.0,4606.0,4606.60009765625,2168
2025-04-29 14:22:00+05:30,4605.0,4606.60009765625,4605.0,4606.60009765625,11961
2025-04-29 14:23:00+05:30,4605.10009765625,4607.0,4605.0,4605.0,2534
2025-04-29 14:24:00+05:30,4603.89990234375,4605.2998046875,4602.39990234375,4605.10009765625,11128
2025-04-29 14:25:00+05:30,4595.89990234375,4603.0,4595.0,4603.0,32436
2025-04-29 14:26:00+05:30,4598.10009765625,4600.0,4596.0,4596.7998046875,7966
2025-04-29 14:27:00+05:30,4595.89990234375,4600.0,4594.2001953125,4598.10009765625,9558
2025-04-29 14:28:00+05:30,4586.2998046875,4595.0,4586.0,4595.0,19792
2025-04-29 14:29:00+05:30,4592.89990234375,4592.89990234375,4587.2001953125,4589.0,12140
2025-04-29 14:30:00+05:30,4594.89990234375,4596.0,4591.5,4592.2001953125,5081
2025-04-29 14:31:00+05:30,4594.39990234375,4594.89990234375,4593.5,4594.5,4444
2025-04-29 14:32:00+05:30,4597.2998046875,4599.2998046875,4591.7001953125,4594.2998046875,13253
2025-04-29 14:33:00+05:30,4592.7998046875,4597.2998046875,4592.7998046875,4597.2998046875,4882
2025-04-29 14:34:00+05:30,4591.89990234375,4592.60009765625,4588.0,4591.0,8809
2025-04-29 14:35:00+05:30,4591.89990234375,4594.89990234375,4590.5,4591.89990234375,4669
2025-04-29 14:36:00+05:30,4596.0,4596.0,4591.0,4592.0,5213
2025-04-29 14:37:00+05:30,4597.0,4597.0,4594.5,4595.10009765625,4554
2025-04-29 14:38:00+05:30,4609.0,4609.0,4597.0,4597.0,17619
2025-04-29 14:39:00+05:30,4605.10009765625,4609.2998046875,4605.0,4609.0,8656
2025-04-29 14:40:00+05:30,4608.0,4608.10009765625,4605.0,4606.7998046875,3932
2025-04-29 14:41:00+05:30,4604.2998046875,4608.89990234375,4600.7998046875,4606.0,8676
2025-04-29 14:42:00+05:30,4602.0,4606.7998046875,4601.0,4602.39990234375,3614
2025-04-29 14:43:00+05:30,4603.89990234375,4605.0,4602.10009765625,4602.2001953125,2412
2025-04-29 14:44:00+05:30,4604.60009765625,4605.7998046875,4603.0,4604.89990234375,3077
2025-04-29 14:45:00+05:30,4600.60009765625,4606.0,4600.0,4604.60009765625,7481
2025-04-29 14:46:00+05:30,4599.0,4602.89990234375,4597.7998046875,4600.10009765625,4160
2025-04-29 14:47:00+05:30,4600.0,4601.0,4598.0,4599.0,3834
2025-04-29 14:48:00+05:30,4599.0,4600.0,4599.0,4599.2998046875,3808
2025-04-29 14:49:00+05:30,4599.0,4600.0,4596.5,4599.7998046875,5105
2025-04-29 14:50:00+05:30,4604.0,4605.0,4597.2998046875,4599.0,7202
2025-04-29 14:51:00+05:30,4605.5,4607.0,4603.0,4604.5,8863
2025-04-29 14:52:00+05:30,4607.5,4611.0,4603.0,4605.7998046875,10694
2025-04-29 14:53:00+05:30,4608.7998046875,4613.7998046875,4606.60009765625,4608.10009765625,10455
2025-04-29 14:54:00+05:30,4608.2998046875,4609.7998046875,4607.0,4609.5,3431
2025-04-29 14:55:00+05:30,4607.0,4609.0,4605.0,4608.5,6333
2025-04-29 14:56:00+05:30,4609.89990234375,4609.89990234375,4606.7001953125,4608.0,6320
2025-04-29 14:57:00+05:30,4606.2998046875,4610.0,4606.0,4609.2998046875,5364
2025-04-29 14:58:00+05:30,4605.2998046875,4608.0,4605.2998046875,4605.7998046875,2649
2025-04-29 14:59:00+05:30,4606.39990234375,4608.60009765625,4605.0,4605.0,3556
2025-04-29 15:00:00+05:30,4608.0,4609.0,4603.2998046875,4606.0,8754
2025-04-29 15:01:00+05:30,4608.89990234375,4609.0,4606.2001953125,4608.7001953125,6811
2025-04-29 15:02:00+05:30,4608.89990234375,4610.0,4607.39990234375,4607.39990234375,18297
2025-04-29 15:03:00+05:30,4600.10009765625,4609.7001953125,4600.10009765625,4609.0,10429
2025-04-29 15:04:00+05:30,4601.5,4604.0,4599.39990234375,4599.39990234375,14243
2025-04-29 15:05:00+05:30,4601.7001953125,4604.0,4600.2001953125,4601.5,8132
2025-04-29 15:06:00+05:30,4600.0,4603.0,4600.0,4602.2001953125,8357
2025-04-29 15:07:00+05:30,4600.5,4601.5,4600.0,4600.0,6381
2025-04-29 15:08:00+05:30,4600.7998046875,4601.0,4599.2001953125,4600.60009765625,7889
2025-04-29 15:09:00+05:30,4605.5,4605.5,4599.7001953125,4601.0,11785
2025-04-29 15:10:00+05:30,4604.7998046875,4608.0,4603.7001953125,4606.89990234375,6983
2025-04-29 15:11:00+05:30,4607.2001953125,4608.0,4604.5,4604.7998046875,6849
2025-04-29 15:12:00+05:30,4609.89990234375,4609.89990234375,4607.0,4608.0,10630
2025-04-29 15:13:00+05:30,4611.60009765625,4613.10009765625,4609.89990234375,4609.89990234375,14934
2025-04-29 15:14:00+05:30,4608.0,4611.7998046875,4608.0,4611.7001953125,16938
2025-04-29 15:15:00+05:30,4609.0,4609.7998046875,4605.60009765625,4607.7998046875,19153
2025-04-29 15:16:00+05:30,4603.5,4608.60009765625,4602.60009765625,4608.60009765625,12883
2025-04-29 15:17:00+05:30,4608.89990234375,4608.89990234375,4602.0,4603.5,15139
2025-04-29 15:18:00+05:30,4609.0,4610.0,4606.10009765625,4608.39990234375,19588
2025-04-29 15:19:00+05:30,4610.0,4611.0,4608.39990234375,4608.39990234375,16045
2025-04-29 15:20:00+05:30,4615.0,4616.2001953125,4609.89990234375,4609.89990234375,33724
2025-04-29 15:21:00+05:30,4616.60009765625,4617.60009765625,4613.7001953125,4615.0,6665
2025-04-29 15:22:00+05:30,4616.5,4618.0,4614.7001953125,4617.2001953125,10096
2025-04-29 15:23:00+05:30,4616.39990234375,4617.0,4614.10009765625,4616.39990234375,6120
2025-04-29 15:24:00+05:30,4619.7998046875,4619.7998046875,4616.0,4616.39990234375,14263
2025-04-29 15:25:00+05:30,4616.5,4619.7998046875,4615.0,4619.7998046875,9849
2025-04-29 15:26:00+05:30,4614.0,4616.60009765625,4613.0,4616.5,7918
2025-04-29 15:27:00+05:30,4611.0,4616.0,4611.0,4614.0,17445
2025-04-29 15:28:00+05:30,4611.0,4615.0,4610.0,4612.5,15401
2025-04-29 15:29:00+05:30,4610.0,4618.0,4610.0,4612.89990234375,19238
2025-04-30 09:15:00+05:30,4597.10009765625,4629.39990234375,4594.7001953125,4627.7001953125,0
2025-04-30 09:16:00+05:30,4619.5,4619.5,4598.0,4598.0,14564
2025-04-30 09:17:00+05:30,4567.2998046875,4595.39990234375,4547.7001953125,4595.39990234375,130139
2025-04-30 09:18:00+05:30,4544.2001953125,4567.5,4540.10009765625,4563.2001953125,37678
2025-04-30 09:19:00+05:30,4567.0,4567.0,4544.10009765625,4545.2001953125,23893
2025-04-30 09:20:00+05:30,4559.60009765625,4572.7001953125,4553.0,4570.0,34386
2025-04-30 09:21:00+05:30,4555.2998046875,4558.5,4545.2001953125,4557.10009765625,26891
2025-04-30 09:22:00+05:30,4570.0,4571.2998046875,4555.60009765625,4557.0,18574
2025-04-30 09:23:00+05:30,4558.60009765625,4572.39990234375,4558.39990234375,4568.0,18966
2025-04-30 09:24:00+05:30,4544.0,4560.89990234375,4542.7001953125,4560.0,23748
2025-04-30 09:25:00+05:30,4510.0,4542.7998046875,4510.0,4542.7998046875,51715
2025-04-30 09:26:00+05:30,4503.2001953125,4508.7001953125,4493.7001953125,4508.2001953125,43691
2025-04-30 09:27:00+05:30,4515.39990234375,4519.60009765625,4499.60009765625,4502.7001953125,22445
2025-04-30 09:28:00+05:30,4513.39990234375,4517.0,4507.0,4512.60009765625,16427
2025-04-30 09:29:00+05:30,4516.7998046875,4520.0,4505.10009765625,4511.7001953125,22982
2025-04-30 09:30:00+05:30,4508.5,4517.7998046875,4495.0,4517.7998046875,26196
2025-04-30 09:31:00+05:30,4517.10009765625,4517.7998046875,4507.10009765625,4508.0,13339
2025-04-30 09:32:00+05:30,4516.7001953125,4520.0,4512.0,4516.5,13338
2025-04-30 09:33:00+05:30,4534.0,4534.0,4515.60009765625,4515.60009765625,22837
2025-04-30 09:34:00+05:30,4526.0,4534.0,4521.5,4531.2001953125,19033
2025-04-30 09:35:00+05:30,4511.60009765625,4525.5,4506.7001953125,4523.0,18081
2025-04-30 09:36:00+05:30,4513.2998046875,4515.0,4506.2001953125,4515.0,9287
2025-04-30 09:37:00+05:30,4521.7001953125,4524.89990234375,4511.10009765625,4512.2001953125,11063
2025-04-30 09:38:00+05:30,4527.60009765625,4527.60009765625,4520.2001953125,4521.7001953125,7080
2025-04-30 09:39:00+05:30,4526.89990234375,4527.60009765625,4523.0,4525.0,7150
2025-04-30 09:40:00+05:30,4513.0,4525.60009765625,4511.7998046875,4525.10009765625,11217
2025-04-30 09:41:00+05:30,4509.89990234375,4513.0,4506.7998046875,4513.0,9900
2025-04-30 09:42:00+05:30,4489.2998046875,4509.89990234375,4489.2998046875,4508.10009765625,35011
2025-04-30 09:43:00+05:30,4477.5,4490.2998046875,4467.60009765625,4490.2998046875,43937
2025-04-30 09:44:00+05:30,4494.0,4494.60009765625,4475.2001953125,4476.7998046875,17679
2025-04-30 09:45:00+05:30,4490.0,4498.0,4482.0,4494.60009765625,12173
2025-04-30 09:46:00+05:30,4484.0,4490.39990234375,4481.0,4490.0,7493
2025-04-30 09:47:00+05:30,4481.0,4486.2001953125,4474.5,4483.0,13659
2025-04-30 09:48:00+05:30,4488.39990234375,4493.0,4480.0,4482.39990234375,10024
2025-04-30 09:49:00+05:30,4504.7001953125,4505.0,4488.5,4490.0,11666
2025-04-30 09:50:00+05:30,4511.0,4512.60009765625,4505.0,4506.7998046875,12561
2025-04-30 09:51:00+05:30,4512.2001953125,4515.0,4506.60009765625,4510.5,9060
2025-04-30 09:52:00+05:30,4525.0,4525.0,4512.7001953125,4512.7001953125,15205
2025-04-30 09:53:00+05:30,4525.10009765625,4533.7001953125,4525.10009765625,4525.39990234375,22722
2025-04-30 09:54:00+05:30,4523.89990234375,4528.7998046875,4520.2001953125,4526.60009765625,12112
2025-04-30 09:55:00+05:30,4515.0,4525.39990234375,4511.60009765625,4524.7998046875,8749
2025-04-30 09:56:00+05:30,4515.0,4516.89990234375,4510.10009765625,4514.7998046875,8720
2025-04-30 09:57:00+05:30,4514.89990234375,4518.0,4510.2001953125,4514.0,5162
2025-04-30 09:58:00+05:30,4505.0,4515.7998046875,4503.10009765625,4515.7998046875,7144
2025-04-30 09:59:00+05:30,4501.89990234375,4507.2998046875,4500.0,4504.39990234375,6670
2025-04-30 10:00:00+05:30,4495.2001953125,4505.0,4493.2001953125,4502.0,11972
2025-04-30 10:01:00+05:30,4491.7001953125,4497.7001953125,4491.7001953125,4495.2001953125,6903
2025-04-30 10:02:00+05:30,4492.7001953125,4493.0,4485.0,4492.2998046875,7886
2025-04-30 10:03:00+05:30,4496.0,4497.89990234375,4492.0,4492.0,2956
2025-04-30 10:04:00+05:30,4490.2998046875,4497.2998046875,4488.60009765625,4497.0,4585
2025-04-30 10:05:00+05:30,4493.2001953125,4493.2001953125,4487.0,4490.0,4798
2025-04-30 10:06:00+05:30,4493.89990234375,4494.7001953125,4489.2001953125,4493.10009765625,3526
2025-04-30 10:07:00+05:30,4492.60009765625,4498.89990234375,4492.0,4493.2998046875,7042
2025-04-30 10:08:00+05:30,4486.2001953125,4495.2001953125,4482.7998046875,4492.0,7748
2025-04-30 10:09:00+05:30,4499.7998046875,4500.0,4487.39990234375,4488.0,4401
2025-04-30 10:10:00+05:30,4497.60009765625,4500.0,4495.39990234375,4498.0,4168
2025-04-30 10:11:00+05:30,4491.0,4499.7998046875,4490.2001953125,4499.7998046875,4439
2025-04-30 10:12:00+05:30,4494.0,4498.0,4490.10009765625,4490.7998046875,2325
2025-04-30 10:13:00+05:30,4497.0,4497.0,4492.5,4494.39990234375,2104
2025-04-30 10:14:00+05:30,4496.7001953125,4499.0,4495.0,4495.7998046875,2424
2025-04-30 10:15:00+05:30,4495.0,4496.89990234375,4492.10009765625,4495.10009765625,2959
2025-04-30 10:16:00+05:30,4501.2001953125,4502.10009765625,4497.7998046875,4497.7998046875,6601
2025-04-30 10:17:00+05:30,4505.5,4509.89990234375,4500.2001953125,4501.7001953125,7789
2025-04-30 10:18:00+05:30,4507.5,4510.0,4505.0,4505.89990234375,5378
2025-04-30 10:19:00+05:30,4503.7001953125,4506.89990234375,4501.60009765625,4505.2998046875,4104
2025-04-30 10:20:00+05:30,4504.0,4505.0,4500.0,4505.0,2766
2025-04-30 10:21:00+05:30,4495.7998046875,4502.5,4495.0,4501.5,6685
2025-04-30 10:22:00+05:30,4494.0,4496.5,4492.0,4495.0,4279
2025-04-30 10:23:00+05:30,4502.5,4504.0,4492.5,4495.60009765625,3909
2025-04-30 10:24:00+05:30,4505.0,4508.0,4502.0,4502.2998046875,3509
2025-04-30 10:25:00+05:30,4506.5,4507.0,4502.2001953125,4504.7001953125,4760
2025-04-30 10:26:00+05:30,4503.7001953125,4505.89990234375,4502.10009765625,4505.0,2414
2025-04-30 10:27:00+05:30,4498.0,4503.7998046875,4495.0,4503.0,2528
2025-04-30 10:28:00+05:30,4500.0,4503.7998046875,4496.2001953125,4496.2001953125,4349
2025-04-30 10:29:00+05:30,4500.2001953125,4503.7998046875,4497.10009765625,4500.5,4021
2025-04-30 10:30:00+05:30,4489.2001953125,4501.89990234375,4488.0,4501.5,7105
2025-04-30 10:31:00+05:30,4483.0,4489.5,4481.2998046875,4489.0,8098
2025-04-30 10:32:00+05:30,4489.60009765625,4489.60009765625,4480.0,4482.10009765625,5294
2025-04-30 10:33:00+05:30,4488.0,4491.89990234375,4486.5,4489.39990234375,3955
2025-04-30 10:34:00+05:30,4486.0,4492.0,4486.0,4487.5,3760
2025-04-30 10:35:00+05:30,4483.7001953125,4487.60009765625,4480.39990234375,4486.7998046875,6130
2025-04-30 10:36:00+05:30,4481.60009765625,4483.7001953125,4480.0,4483.7001953125,3632
2025-04-30 10:37:00+05:30,4490.0,4490.0,4482.10009765625,4483.7001953125,4859
2025-04-30 10:38:00+05:30,4490.0,4492.0,4487.10009765625,4489.89990234375,2513
2025-04-30 10:39:00+05:30,4491.2998046875,4492.2998046875,4488.7001953125,4491.2998046875,2016
2025-04-30 10:40:00+05:30,4493.2001953125,4495.0,4485.60009765625,4490.7001953125,20400
2025-04-30 10:41:00+05:30,4494.10009765625,4497.2998046875,4492.7001953125,4492.7001953125,2789
2025-04-30 10:42:00+05:30,4501.0,4503.7001953125,4494.10009765625,4494.10009765625,7076
2025-04-30 10:43:00+05:30,4503.5,4505.0,4498.5,4501.2001953125,5834
2025-04-30 10:44:00+05:30,4504.5,4505.60009765625,4502.2001953125,4505.39990234375,5128
2025-04-30 10:45:00+05:30,4502.39990234375,4505.0,4500.5,4503.7001953125,1535
2025-04-30 10:46:00+05:30,4504.0,4505.39990234375,4501.0,4502.0,6081
2025-04-30 10:47:00+05:30,4509.0,4509.0,4505.0,4505.0,4884
2025-04-30 10:48:00+05:30,4509.0,4509.0,4505.0,4509.0,3926
2025-04-30 10:49:00+05:30,4508.39990234375,4509.0,4506.2998046875,4509.0,6999
2025-04-30 10:50:00+05:30,4503.89990234375,4508.89990234375,4502.0,4508.89990234375,4685
2025-04-30 10:51:00+05:30,4505.0,4505.0,4501.2001953125,4501.2001953125,3106
2025-04-30 10:52:00+05:30,4507.0,4507.0,4502.5,4505.0,2374
2025-04-30 10:53:00+05:30,4508.5,4509.5,4504.39990234375,4506.7001953125,3329
2025-04-30 10:54:00+05:30,4509.0,4509.89990234375,4508.2998046875,4509.5,808
2025-04-30 10:55:00+05:30,4504.2998046875,4509.0,4504.2998046875,4508.5,6864
2025-04-30 10:56:00+05:30,4509.60009765625,4510.0,4504.89990234375,4504.89990234375,2353
2025-04-30 10:57:00+05:30,4510.0,4510.0,4508.5,4510.0,3743
2025-04-30 10:58:00+05:30,4509.0,4510.0,4505.89990234375,4510.0,2722
2025-04-30 10:59:00+05:30,4512.2998046875,4512.2998046875,4505.10009765625,4509.0,5370
2025-04-30 11:00:00+05:30,4519.0,4519.0,4512.5,4512.5,4676
2025-04-30 11:01:00+05:30,4518.0,4519.7998046875,4516.2998046875,4518.2001953125,3704
2025-04-30 11:02:00+05:30,4522.60009765625,4524.0,4518.0,4519.5,6225
2025-04-30 11:03:00+05:30,4523.89990234375,4526.0,4519.2998046875,4522.5,9594
2025-04-30 11:04:00+05:30,4519.0,4525.0,4519.0,4523.89990234375,3413
2025-04-30 11:05:00+05:30,4511.0,4520.0,4510.0,4520.0,4806
2025-04-30 11:06:00+05:30,4513.60009765625,4515.10009765625,4510.5,4512.39990234375,3644
2025-04-30 11:07:00+05:30,4518.0,4518.0,4511.10009765625,4514.5,2693
2025-04-30 11:08:00+05:30,4511.0,4517.10009765625,4509.0,4516.2998046875,2833
2025-04-30 11:09:00+05:30,4507.60009765625,4512.0,4507.60009765625,4510.0,2535
2025-04-30 11:10:00+05:30,4503.0,4507.10009765625,4502.0,4507.10009765625,3897
2025-04-30 11:11:00+05:30,4505.5,4505.5,4502.0,4503.0,2130
2025-04-30 11:12:00+05:30,4505.60009765625,4507.39990234375,4503.0,4505.5,1785
2025-04-30 11:13:00+05:30,4508.60009765625,4510.0,4504.10009765625,4504.10009765625,1531
2025-04-30 11:14:00+05:30,4505.5,4510.0,4504.89990234375,4509.89990234375,2243
2025-04-30 11:15:00+05:30,4507.7998046875,4507.7998046875,4504.0,4504.89990234375,1356
2025-04-30 11:16:00+05:30,4510.2998046875,4510.2998046875,4506.60009765625,4507.7998046875,1757
2025-04-30 11:17:00+05:30,4513.89990234375,4515.0,4511.10009765625,4511.10009765625,1928
2025-04-30 11:18:00+05:30,4519.0,4519.7998046875,4512.5,4512.5,4390
2025-04-30 11:19:00+05:30,4517.60009765625,4520.0,4515.0,4518.7998046875,5354
2025-04-30 11:20:00+05:30,4510.5,4516.89990234375,4508.7998046875,4516.89990234375,2772
2025-04-30 11:21:00+05:30,4508.10009765625,4511.5,4508.0,4510.0,2159
2025-04-30 11:22:00+05:30,4510.0,4512.0,4508.5,4508.7998046875,1774
2025-04-30 11:23:00+05:30,4507.2001953125,4510.0,4507.2001953125,4510.0,1006
2025-04-30 11:24:00+05:30,4504.0,4509.2998046875,4503.2998046875,4507.0,5871
2025-04-30 11:25:00+05:30,4505.60009765625,4508.0,4504.10009765625,4505.2001953125,1076
2025-04-30 11:26:00+05:30,4506.89990234375,4509.0,4505.39990234375,4508.0,892
2025-04-30 11:27:00+05:30,4505.89990234375,4505.89990234375,4501.0,4504.10009765625,3044
2025-04-30 11:28:00+05:30,4504.10009765625,4505.89990234375,4502.2001953125,4505.89990234375,920
2025-04-30 11:29:00+05:30,4501.7998046875,4505.0,4501.60009765625,4504.10009765625,2211
2025-04-30 11:30:00+05:30,4499.89990234375,4505.0,4495.2998046875,4501.0,10643
2025-04-30 11:31:00+05:30,4501.2998046875,4502.2998046875,4497.60009765625,4497.60009765625,2159
2025-04-30 11:32:00+05:30,4502.0,4503.7001953125,4501.0,4503.7001953125,950
2025-04-30 11:33:00+05:30,4503.39990234375,4505.0,4501.7001953125,4501.7001953125,630
2025-04-30 11:34:00+05:30,4501.2998046875,4504.89990234375,4500.0,4503.39990234375,1432
2025-04-30 11:35:00+05:30,4501.5,4503.10009765625,4500.0,4501.39990234375,1398
2025-04-30 11:36:00+05:30,4504.5,4504.5,4501.2998046875,4503.0,1578
2025-04-30 11:37:00+05:30,4504.7998046875,4504.89990234375,4502.7001953125,4504.0,852
2025-04-30 11:38:00+05:30,4504.0,4504.0,4502.2001953125,4504.0,563
2025-04-30 11:39:00+05:30,4507.39990234375,4508.5,4503.89990234375,4504.10009765625,2819
2025-04-30 11:40:00+05:30,4505.7998046875,4508.0,4503.89990234375,4508.0,707
2025-04-30 11:41:00+05:30,4502.0,4506.7998046875,4502.0,4505.7001953125,1708
2025-04-30 11:42:00+05:30,4511.5,4512.0,4501.0,4502.7998046875,3867
2025-04-30 11:43:00+05:30,4514.89990234375,4517.0,4511.0,4511.89990234375,4253
2025-04-30 11:44:00+05:30,4517.39990234375,4518.0,4514.5,4516.89990234375,3213
2025-04-30 11:45:00+05:30,4512.39990234375,4517.0,4511.5,4516.7998046875,2395
2025-04-30 11:46:00+05:30,4507.7001953125,4513.7001953125,4506.5,4512.5,4321
2025-04-30 11:47:00+05:30,4506.0,4508.7998046875,4505.2998046875,4507.7001953125,1912
2025-04-30 11:48:00+05:30,4505.89990234375,4507.7001953125,4504.0,4506.0,1227
2025-04-30 11:49:00+05:30,4507.89990234375,4507.89990234375,4505.39990234375,4507.7001953125,492
2025-04-30 11:50:00+05:30,4506.0,4507.89990234375,4506.0,4507.89990234375,767
2025-04-30 11:51:00+05:30,4510.0,4510.0,4506.7001953125,4506.89990234375,1666
2025-04-30 11:52:00+05:30,4507.60009765625,4509.89990234375,4506.89990234375,4509.89990234375,1258
2025-04-30 11:53:00+05:30,4504.0,4508.39990234375,4504.0,4506.0,2097
2025-04-30 11:54:00+05:30,4504.7001953125,4505.0,4504.0,4504.2998046875,824
2025-04-30 11:55:00+05:30,4507.0,4507.0,4504.2998046875,4504.2998046875,1138
2025-04-30 11:56:00+05:30,4508.5,4509.5,4505.39990234375,4507.10009765625,1849
2025-04-30 11:57:00+05:30,4506.89990234375,4508.89990234375,4505.0,4508.5,1350
2025-04-30 11:58:00+05:30,4507.60009765625,4507.7001953125,4505.0,4505.10009765625,1328
2025-04-30 11:59:00+05:30,4507.60009765625,4507.60009765625,4507.0,4507.60009765625,486
2025-04-30 12:00:00+05:30,4507.60009765625,4507.60009765625,4505.0,4507.0,983
2025-04-30 12:01:00+05:30,4508.7998046875,4513.5,4506.7998046875,4506.7998046875,4158
2025-04-30 12:02:00+05:30,4512.10009765625,4514.39990234375,4508.7998046875,4509.39990234375,2402
2025-04-30 12:03:00+05:30,4513.10009765625,4514.0,4511.2998046875,4511.5,780
2025-04-30 12:04:00+05:30,4511.5,4514.0,4511.2001953125,4513.10009765625,1014
2025-04-30 12:05:00+05:30,4509.39990234375,4511.89990234375,4509.39990234375,4511.89990234375,656
2025-04-30 12:06:00+05:30,4509.7998046875,4509.89990234375,4508.0,4509.2001953125,959
2025-04-30 12:07:00+05:30,4506.2001953125,4509.7998046875,4506.0,4509.7001953125,2842
2025-04-30 12:08:00+05:30,4510.2998046875,4510.2998046875,4506.39990234375,4506.39990234375,1287
2025-04-30 12:09:00+05:30,4510.2001953125,4512.0,4509.7001953125,4511.0,1086
2025-04-30 12:10:00+05:30,4511.0,4511.10009765625,4508.10009765625,4510.2001953125,1232
2025-04-30 12:11:00+05:30,4510.0,4511.0,4509.10009765625,4511.0,783
2025-04-30 12:12:00+05:30,4508.60009765625,4511.0,4506.0,4511.0,1820
2025-04-30 12:13:00+05:30,4509.60009765625,4509.89990234375,4506.7998046875,4508.10009765625,705
2025-04-30 12:14:00+05:30,4508.10009765625,4509.89990234375,4508.0,4509.0,487
2025-04-30 12:15:00+05:30,4506.7001953125,4509.0,4506.2001953125,4508.0,1017
2025-04-30 12:16:00+05:30,4507.2001953125,4509.5,4506.60009765625,4506.60009765625,845
2025-04-30 12:17:00+05:30,4508.7998046875,4509.0,4506.89990234375,4507.10009765625,1712
2025-04-30 12:18:00+05:30,4505.2998046875,4507.7998046875,4505.2998046875,4506.0,947
2025-04-30 12:19:00+05:30,4508.7001953125,4508.7001953125,4505.2998046875,4505.2998046875,4043
2025-04-30 12:20:00+05:30,4505.60009765625,4507.0,4505.60009765625,4507.0,484
2025-04-30 12:21:00+05:30,4507.60009765625,4509.0,4505.10009765625,4505.60009765625,2448
2025-04-30 12:22:00+05:30,4506.10009765625,4507.89990234375,4505.60009765625,4507.60009765625,1111
2025-04-30 12:23:00+05:30,4511.0,4511.0,4506.2001953125,4507.0,2941
2025-04-30 12:24:00+05:30,4508.7998046875,4511.0,4508.7001953125,4510.2998046875,632
2025-04-30 12:25:00+05:30,4506.0,4510.0,4506.0,4509.2998046875,679
2025-04-30 12:26:00+05:30,4511.7998046875,4511.7998046875,4506.2001953125,4507.60009765625,1120
2025-04-30 12:27:00+05:30,4512.2001953125,4513.5,4511.7998046875,4511.7998046875,1339
2025-04-30 12:28:00+05:30,4515.2998046875,4516.0,4512.2001953125,4512.2001953125,2831
2025-04-30 12:29:00+05:30,4511.7998046875,4516.0,4511.0,4515.2998046875,1495
2025-04-30 12:30:00+05:30,4509.0,4511.7998046875,4509.0,4511.7998046875,991
2025-04-30 12:31:00+05:30,4511.7998046875,4511.7998046875,4510.0,4510.7998046875,1165
2025-04-30 12:32:00+05:30,4514.5,4514.5,4511.60009765625,4512.7998046875,732
2025-04-30 12:33:00+05:30,4519.0,4519.7998046875,4514.0,4514.5,6187
2025-04-30 12:34:00+05:30,4524.0,4524.5,4518.0,4518.7998046875,6682
2025-04-30 12:35:00+05:30,4521.89990234375,4525.0,4520.10009765625,4524.0,3320
2025-04-30 12:36:00+05:30,4521.60009765625,4522.0,4521.0,4521.89990234375,1544
2025-04-30 12:37:00+05:30,4520.10009765625,4521.7998046875,4518.0,4521.60009765625,2318
2025-04-30 12:38:00+05:30,4518.0,4521.0,4516.2001953125,4521.0,1757
2025-04-30 12:39:00+05:30,4519.0,4520.0,4517.2998046875,4517.2998046875,1679
2025-04-30 12:40:00+05:30,4518.10009765625,4521.7998046875,4518.0,4520.0,2353
2025-04-30 12:41:00+05:30,4517.39990234375,4518.10009765625,4516.7001953125,4518.0,1111
2025-04-30 12:42:00+05:30,4522.7998046875,4523.0,4518.0,4518.0,3584
2025-04-30 12:43:00+05:30,4522.0,4523.89990234375,4520.10009765625,4522.7998046875,1773
2025-04-30 12:44:00+05:30,4521.89990234375,4522.0,4517.5,4522.0,5002
2025-04-30 12:45:00+05:30,4521.89990234375,4522.0,4521.7001953125,4522.0,866
2025-04-30 12:46:00+05:30,4528.2998046875,4528.2998046875,4521.7001953125,4522.0,10464
2025-04-30 12:47:00+05:30,4527.60009765625,4529.2001953125,4525.0,4528.2998046875,2682
2025-04-30 12:48:00+05:30,4525.0,4527.60009765625,4523.60009765625,4527.2998046875,3180
2025-04-30 12:49:00+05:30,4527.0,4527.0,4525.0,4526.0,1400
2025-04-30 12:50:00+05:30,4533.10009765625,4535.10009765625,4526.7001953125,4527.0,11659
2025-04-30 12:51:00+05:30,4532.10009765625,4536.7001953125,4531.7001953125,4535.2001953125,6183
2025-04-30 12:52:00+05:30,4531.0,4535.0,4531.0,4532.2001953125,4762
2025-04-30 12:53:00+05:30,4530.0,4532.89990234375,4529.5,4532.89990234375,2628
2025-04-30 12:54:00+05:30,4526.7998046875,4530.0,4526.7998046875,4530.0,2025
2025-04-30 12:55:00+05:30,4529.0,4530.0,4525.0,4526.2998046875,2787
2025-04-30 12:56:00+05:30,4527.7001953125,4530.10009765625,4527.2998046875,4529.5,1657
2025-04-30 12:57:00+05:30,4524.2001953125,4529.0,4524.2001953125,4527.0,1743
2025-04-30 12:58:00+05:30,4524.7001953125,4524.89990234375,4521.0,4524.2998046875,3175
2025-04-30 12:59:00+05:30,4524.60009765625,4526.5,4522.60009765625,4524.7001953125,2228
2025-04-30 13:00:00+05:30,4520.10009765625,4525.89990234375,4520.10009765625,4524.60009765625,1975
2025-04-30 13:01:00+05:30,4520.2001953125,4521.89990234375,4518.2998046875,4520.0,2323
2025-04-30 13:02:00+05:30,4520.39990234375,4522.0,4518.2998046875,4520.2001953125,2152
2025-04-30 13:03:00+05:30,4524.2998046875,4525.60009765625,4521.2001953125,4521.2001953125,2289
2025-04-30 13:04:00+05:30,4524.10009765625,4524.7998046875,4522.0,4524.2001953125,2141
2025-04-30 13:05:00+05:30,4522.0,4525.0,4522.0,4524.89990234375,1123
2025-04-30 13:06:00+05:30,4518.5,4524.10009765625,4517.0,4524.10009765625,2492
2025-04-30 13:07:00+05:30,4519.2001953125,4521.0,4516.2001953125,4518.7998046875,3845
2025-04-30 13:08:00+05:30,4519.7001953125,4521.0,4518.0,4520.5,1244
2025-04-30 13:09:00+05:30,4519.2998046875,4520.5,4518.0,4519.7001953125,1171
2025-04-30 13:10:00+05:30,4519.7998046875,4520.0,4519.10009765625,4519.5,878
2025-04-30 13:11:00+05:30,4518.0,4519.5,4518.0,4518.89990234375,2374
2025-04-30 13:12:00+05:30,4519.89990234375,4520.0,4518.60009765625,4518.7998046875,1215
2025-04-30 13:13:00+05:30,4521.0,4522.2001953125,4519.0,4519.0,2056
2025-04-30 13:14:00+05:30,4524.5,4524.5,4521.2998046875,4523.2998046875,587
2025-04-30 13:15:00+05:30,4528.0,4528.7001953125,4523.10009765625,4524.7998046875,2768
2025-04-30 13:16:00+05:30,4529.7998046875,4531.2998046875,4527.5,4528.0,3170
2025-04-30 13:17:00+05:30,4527.2998046875,4530.2001953125,4526.5,4529.7998046875,2118
2025-04-30 13:18:00+05:30,4521.5,4528.10009765625,4521.0,4528.10009765625,3634
2025-04-30 13:19:00+05:30,4521.7998046875,4523.60009765625,4521.5,4521.5,2858
2025-04-30 13:20:00+05:30,4522.0,4524.7001953125,4521.7998046875,4521.7998046875,1695
2025-04-30 13:21:00+05:30,4512.7998046875,4524.7001953125,4512.7998046875,4524.7001953125,7211
2025-04-30 13:22:00+05:30,4509.89990234375,4514.7998046875,4505.10009765625,4514.7998046875,7689
2025-04-30 13:23:00+05:30,4500.5,4511.7998046875,4500.5,4509.2001953125,8365
2025-04-30 13:24:00+05:30,4497.7001953125,4506.2001953125,4496.0,4500.60009765625,14156
2025-04-30 13:25:00+05:30,4501.60009765625,4501.60009765625,4495.0,4495.10009765625,8310
2025-04-30 13:26:00+05:30,4500.89990234375,4502.5,4499.7001953125,4501.5,5825
2025-04-30 13:27:00+05:30,4503.39990234375,4506.89990234375,4500.0,4501.10009765625,4565
2025-04-30 13:28:00+05:30,4497.60009765625,4503.39990234375,4496.10009765625,4503.39990234375,4054
2025-04-30 13:29:00+05:30,4496.60009765625,4499.7001953125,4496.0,4499.7001953125,4311
2025-04-30 13:30:00+05:30,4500.2001953125,4503.0,4496.10009765625,4496.2998046875,4648
2025-04-30 13:31:00+05:30,4501.39990234375,4503.89990234375,4500.0,4500.2001953125,3048
2025-04-30 13:32:00+05:30,4508.0,4508.39990234375,4501.39990234375,4501.39990234375,3428
2025-04-30 13:33:00+05:30,4501.60009765625,4507.7001953125,4501.39990234375,4507.7001953125,4375
2025-04-30 13:34:00+05:30,4503.7001953125,4504.0,4500.0,4502.5,6285
2025-04-30 13:35:00+05:30,4503.5,4504.0,4500.10009765625,4504.0,3310
2025-04-30 13:36:00+05:30,4513.0,4513.89990234375,4505.0,4505.0,8352
2025-04-30 13:37:00+05:30,4513.0,4514.0,4510.10009765625,4511.2001953125,3283
2025-04-30 13:38:00+05:30,4510.60009765625,4514.0,4510.0,4514.0,2643
2025-04-30 13:39:00+05:30,4516.2001953125,4516.39990234375,4510.10009765625,4510.7998046875,4290
2025-04-30 13:40:00+05:30,4516.39990234375,4516.60009765625,4513.5,4516.2001953125,5293
2025-04-30 13:41:00+05:30,4512.60009765625,4516.89990234375,4512.2001953125,4516.0,6731
2025-04-30 13:42:00+05:30,4513.39990234375,4514.89990234375,4508.10009765625,4512.10009765625,4362
2025-04-30 13:43:00+05:30,4506.7001953125,4514.89990234375,4505.0,4514.89990234375,2528
2025-04-30 13:44:00+05:30,4509.60009765625,4510.0,4505.0,4505.0,2748
2025-04-30 13:45:00+05:30,4510.60009765625,4512.0,4508.7001953125,4509.5,2255
2025-04-30 13:46:00+05:30,4512.7001953125,4514.89990234375,4509.2998046875,4511.89990234375,5733
2025-04-30 13:47:00+05:30,4510.60009765625,4512.7001953125,4509.2998046875,4512.5,3289
2025-04-30 13:48:00+05:30,4507.39990234375,4511.0,4507.39990234375,4510.5,3126
2025-04-30 13:49:00+05:30,4506.0,4508.89990234375,4505.10009765625,4506.7998046875,3081
2025-04-30 13:50:00+05:30,4506.60009765625,4508.5,4505.2998046875,4506.10009765625,2422
2025-04-30 13:51:00+05:30,4505.2001953125,4507.0,4505.0,4507.0,2171
2025-04-30 13:52:00+05:30,4505.39990234375,4505.89990234375,4505.0,4505.10009765625,1889
2025-04-30 13:53:00+05:30,4501.0,4505.0,4500.89990234375,4505.0,3503
2025-04-30 13:54:00+05:30,4502.89990234375,4504.5,4500.0,4500.0,3805
2025-04-30 13:55:00+05:30,4501.0,4501.89990234375,4500.0,4501.0,2767
2025-04-30 13:56:00+05:30,4501.10009765625,4501.2001953125,4500.0,4501.0,2599
2025-04-30 13:57:00+05:30,4501.5,4502.89990234375,4501.10009765625,4501.10009765625,2792
2025-04-30 13:58:00+05:30,4500.0,4503.0,4500.0,4503.0,4385
2025-04-30 13:59:00+05:30,4499.39990234375,4503.0,4499.39990234375,4500.39990234375,4857
2025-04-30 14:00:00+05:30,4493.7001953125,4500.2001953125,4491.10009765625,4499.0,6227
2025-04-30 14:01:00+05:30,4492.89990234375,4495.5,4491.10009765625,4493.2001953125,6927
2025-04-30 14:02:00+05:30,4494.7001953125,4495.0,4491.89990234375,4492.7998046875,3511
2025-04-30 14:03:00+05:30,4492.39990234375,4495.0,4491.0,4495.0,4781
2025-04-30 14:04:00+05:30,4490.2001953125,4493.7001953125,4490.0,4493.7001953125,4871
2025-04-30 14:05:00+05:30,4496.5,4497.0,4490.2001953125,4490.2001953125,6839
2025-04-30 14:06:00+05:30,4496.39990234375,4497.0,4493.7001953125,4495.60009765625,2811
2025-04-30 14:07:00+05:30,4495.89990234375,4497.0,4494.10009765625,4497.0,3095
2025-04-30 14:08:00+05:30,4491.5,4495.89990234375,4491.2998046875,4495.7001953125,5865
2025-04-30 14:09:00+05:30,4488.2998046875,4492.0,4488.0,4492.0,14737
2025-04-30 14:10:00+05:30,4489.39990234375,4489.89990234375,4488.2998046875,4488.2998046875,3563
2025-04-30 14:11:00+05:30,4488.0,4489.10009765625,4486.60009765625,4488.39990234375,5878
2025-04-30 14:12:00+05:30,4485.5,4488.0,4485.0,4488.0,4767
2025-04-30 14:13:00+05:30,4486.2998046875,4486.89990234375,4485.0,4486.7998046875,3580
2025-04-30 14:14:00+05:30,4489.7998046875,4491.7001953125,4486.60009765625,4486.60009765625,5090
2025-04-30 14:15:00+05:30,4484.89990234375,4490.2998046875,4483.89990234375,4489.7998046875,4998
2025-04-30 14:16:00+05:30,4485.10009765625,4489.10009765625,4484.0,4484.0,5617
2025-04-30 14:17:00+05:30,4486.10009765625,4487.39990234375,4485.0,4485.39990234375,2194
2025-04-30 14:18:00+05:30,4485.39990234375,4486.89990234375,4485.0,4486.89990234375,2158
2025-04-30 14:19:00+05:30,4485.0,4489.2001953125,4485.0,4486.2001953125,3316
2025-04-30 14:20:00+05:30,4482.0,4488.0,4481.89990234375,4486.5,6133
2025-04-30 14:21:00+05:30,4484.60009765625,4484.60009765625,4482.0,4482.10009765625,7484
2025-04-30 14:22:00+05:30,4489.0,4489.7998046875,4484.0,4484.60009765625,2215
2025-04-30 14:23:00+05:30,4485.5,4489.7998046875,4485.39990234375,4489.7998046875,3910
2025-04-30 14:24:00+05:30,4483.2998046875,4486.89990234375,4482.2998046875,4485.5,4374
2025-04-30 14:25:00+05:30,4488.2001953125,4488.2001953125,4482.7998046875,4485.0,3066
2025-04-30 14:26:00+05:30,4485.2001953125,4488.60009765625,4485.0,4488.60009765625,3908
2025-04-30 14:27:00+05:30,4485.2001953125,4487.39990234375,4485.0,4485.5,3005
2025-04-30 14:28:00+05:30,4481.5,4485.0,4481.5,4485.0,6084
2025-04-30 14:29:00+05:30,4482.10009765625,4483.2001953125,4481.0,4481.5,6045
2025-04-30 14:30:00+05:30,4485.0,4486.60009765625,4481.7998046875,4482.2001953125,3779
2025-04-30 14:31:00+05:30,4482.60009765625,4486.60009765625,4482.2001953125,4486.60009765625,3117
2025-04-30 14:32:00+05:30,4482.10009765625,4484.0,4482.0,4482.2001953125,3172
2025-04-30 14:33:00+05:30,4483.0,4485.39990234375,4482.0,4482.10009765625,3379
2025-04-30 14:34:00+05:30,4483.39990234375,4485.39990234375,4482.0,4483.0,5868
2025-04-30 14:35:00+05:30,4486.0,4487.0,4482.0,4483.0,4462
2025-04-30 14:36:00+05:30,4488.39990234375,4492.2998046875,4485.89990234375,4486.0,12627
2025-04-30 14:37:00+05:30,4486.10009765625,4491.0,4485.2998046875,4488.7998046875,3742
2025-04-30 14:38:00+05:30,4487.5,4490.0,4485.7001953125,4485.89990234375,2255
2025-04-30 14:39:00+05:30,4490.10009765625,4491.0,4487.2001953125,4487.5,3286
2025-04-30 14:40:00+05:30,4490.60009765625,4495.2001953125,4490.10009765625,4491.0,8716
2025-04-30 14:41:00+05:30,4485.5,4492.0,4485.5,4492.0,3153
2025-04-30 14:42:00+05:30,4485.0,4487.7998046875,4485.0,4485.60009765625,4314
2025-04-30 14:43:00+05:30,4485.5,4490.10009765625,4485.0,4486.60009765625,2569
2025-04-30 14:44:00+05:30,4485.0,4487.60009765625,4485.0,4487.39990234375,2978
2025-04-30 14:45:00+05:30,4489.39990234375,4489.89990234375,4485.0,4485.0,1741
2025-04-30 14:46:00+05:30,4491.10009765625,4497.5,4490.7001953125,4494.0,13841
2025-04-30 14:47:00+05:30,4496.89990234375,4496.89990234375,4491.10009765625,4491.10009765625,4246
2025-04-30 14:48:00+05:30,4496.0,4499.7998046875,4496.0,4496.89990234375,8078
2025-04-30 14:49:00+05:30,4495.39990234375,4497.89990234375,4494.0,4497.89990234375,4277
2025-04-30 14:50:00+05:30,4492.2001953125,4497.0,4491.89990234375,4497.0,4462
2025-04-30 14:51:00+05:30,4493.7001953125,4495.5,4492.10009765625,4492.10009765625,4080
2025-04-30 14:52:00+05:30,4494.39990234375,4494.39990234375,4491.7998046875,4494.10009765625,3961
2025-04-30 14:53:00+05:30,4497.2001953125,4497.7998046875,4494.2001953125,4494.5,6159
2025-04-30 14:54:00+05:30,4496.0,4498.2998046875,4494.2001953125,4497.2001953125,3853
2025-04-30 14:55:00+05:30,4490.2001953125,4496.0,4490.2001953125,4496.0,7346
2025-04-30 14:56:00+05:30,4488.2001953125,4492.2001953125,4488.10009765625,4490.0,7650
2025-04-30 14:57:00+05:30,4489.7998046875,4489.7998046875,4486.89990234375,4488.2001953125,8245
2025-04-30 14:58:00+05:30,4487.2998046875,4494.39990234375,4486.5,4489.7998046875,9110
2025-04-30 14:59:00+05:30,4488.0,4488.0,4485.60009765625,4486.2001953125,8804
2025-04-30 15:00:00+05:30,4497.89990234375,4498.0,4487.89990234375,4488.0,10759
2025-04-30 15:01:00+05:30,4491.10009765625,4498.0,4491.10009765625,4497.89990234375,8822
2025-04-30 15:02:00+05:30,4494.39990234375,4495.0,4491.10009765625,4491.10009765625,7269
2025-04-30 15:03:00+05:30,4493.0,4496.89990234375,4493.0,4494.7998046875,13631
2025-04-30 15:04:00+05:30,4492.60009765625,4494.60009765625,4491.2001953125,4493.0,6524
2025-04-30 15:05:00+05:30,4494.2001953125,4494.2998046875,4491.2001953125,4492.39990234375,5586
2025-04-30 15:06:00+05:30,4494.0,4494.2998046875,4492.7001953125,4493.7001953125,8974
2025-04-30 15:07:00+05:30,4493.0,4496.0,4493.0,4494.0,9915
2025-04-30 15:08:00+05:30,4493.7001953125,4493.7998046875,4492.39990234375,4493.0,6553
2025-04-30 15:09:00+05:30,4493.89990234375,4493.89990234375,4493.2001953125,4493.7998046875,8732
2025-04-30 15:10:00+05:30,4493.39990234375,4495.0,4493.0,4494.60009765625,11034
2025-04-30 15:11:00+05:30,4494.0,4494.2998046875,4492.7998046875,4492.7998046875,6903
2025-04-30 15:12:00+05:30,4494.10009765625,4495.0,4494.0,4494.0,11042
2025-04-30 15:13:00+05:30,4492.10009765625,4494.60009765625,4491.7001953125,4494.10009765625,8883
2025-04-30 15:14:00+05:30,4489.10009765625,4493.10009765625,4488.0,4492.10009765625,12739
2025-04-30 15:15:00+05:30,4489.7998046875,4491.0,4488.2001953125,4489.2998046875,13989
2025-04-30 15:16:00+05:30,4487.7998046875,4490.7998046875,4485.10009765625,4489.7998046875,20773
2025-04-30 15:17:00+05:30,4487.2998046875,4489.5,4487.0,4489.2998046875,9959
2025-04-30 15:18:00+05:30,4487.2001953125,4488.60009765625,4486.39990234375,4488.0,15530
2025-04-30 15:19:00+05:30,4485.7001953125,4487.5,4485.5,4487.10009765625,15030
2025-04-30 15:20:00+05:30,4485.0,4486.5,4483.10009765625,4485.7001953125,25926
2025-04-30 15:21:00+05:30,4485.10009765625,4485.2001953125,4485.0,4485.0,11294
2025-04-30 15:22:00+05:30,4485.0,4485.10009765625,4485.0,4485.10009765625,10629
2025-04-30 15:23:00+05:30,4485.7998046875,4485.7998046875,4485.0,4485.0,14923
2025-04-30 15:24:00+05:30,4485.60009765625,4485.7998046875,4485.0,4485.5,21444
2025-04-30 15:25:00+05:30,4485.0,4487.0,4484.7998046875,4485.60009765625,17584
2025-04-30 15:26:00+05:30,4478.39990234375,4485.0,4478.0,4485.0,23936
2025-04-30 15:27:00+05:30,4480.0,4481.5,4477.0,4478.39990234375,15083
2025-04-30 15:28:00+05:30,4480.0,4485.0,4480.0,4480.0,10322
2025-04-30 15:29:00+05:30,4481.0,4483.0,4475.0,4480.2998046875,17710
