Datetime,Close,High,Low,Open,Volume
2025-04-08 09:15:00+05:30,311.3999938964844,312.6000061035156,307.1499938964844,307.1499938964844,0
2025-04-08 09:16:00+05:30,306.70001220703125,309.70001220703125,305.54998779296875,309.70001220703125,18812
2025-04-08 09:17:00+05:30,307.95001220703125,307.95001220703125,307.1499938964844,307.79998779296875,8144
2025-04-08 09:18:00+05:30,306.54998779296875,308.0,306.54998779296875,308.0,9038
2025-04-08 09:19:00+05:30,306.0,307.3500061035156,306.0,306.5,10408
2025-04-08 09:20:00+05:30,306.0,306.04998779296875,305.8500061035156,306.04998779296875,3780
2025-04-08 09:21:00+05:30,305.95001220703125,306.6000061035156,305.3500061035156,305.75,3006
2025-04-08 09:22:00+05:30,306.25,306.25,305.6000061035156,305.6000061035156,4087
2025-04-08 09:23:00+05:30,305.3500061035156,306.1499938964844,305.3500061035156,306.0,2503
2025-04-08 09:24:00+05:30,305.0,305.3999938964844,305.0,305.3999938964844,2048
2025-04-08 09:25:00+05:30,306.0,306.0,304.79998779296875,305.04998779296875,4774
2025-04-08 09:26:00+05:30,306.45001220703125,306.45001220703125,305.95001220703125,306.3999938964844,1749
2025-04-08 09:27:00+05:30,306.8500061035156,307.0,306.3999938964844,306.45001220703125,2762
2025-04-08 09:28:00+05:30,306.3999938964844,307.5,306.3999938964844,306.8500061035156,2426
2025-04-08 09:29:00+05:30,306.5,306.95001220703125,306.5,306.70001220703125,2795
2025-04-08 09:30:00+05:30,305.1499938964844,307.1000061035156,305.1499938964844,306.6499938964844,4652
2025-04-08 09:31:00+05:30,305.3999938964844,306.0,305.29998779296875,305.8999938964844,1507
2025-04-08 09:32:00+05:30,305.6499938964844,305.6499938964844,305.0,305.1499938964844,515
2025-04-08 09:33:00+05:30,304.6000061035156,305.6000061035156,304.6000061035156,305.6000061035156,1285
2025-04-08 09:34:00+05:30,304.1499938964844,304.6000061035156,304.1499938964844,304.3999938964844,2948
2025-04-08 09:35:00+05:30,303.70001220703125,304.1499938964844,303.1499938964844,304.1499938964844,7343
2025-04-08 09:36:00+05:30,303.0,303.95001220703125,303.0,303.95001220703125,2907
2025-04-08 09:37:00+05:30,302.8500061035156,303.1499938964844,302.45001220703125,302.45001220703125,2276
2025-04-08 09:38:00+05:30,302.75,303.20001220703125,302.75,303.0,1777
2025-04-08 09:39:00+05:30,303.3500061035156,303.6000061035156,302.6499938964844,302.6499938964844,3663
2025-04-08 09:40:00+05:30,302.95001220703125,303.29998779296875,302.8999938964844,303.29998779296875,3595
2025-04-08 09:41:00+05:30,302.8999938964844,303.29998779296875,302.79998779296875,303.20001220703125,1343
2025-04-08 09:42:00+05:30,302.6499938964844,303.29998779296875,302.6000061035156,302.8999938964844,4067
2025-04-08 09:43:00+05:30,302.70001220703125,302.8500061035156,302.3999938964844,302.8500061035156,1271
2025-04-08 09:44:00+05:30,302.1000061035156,302.70001220703125,302.1000061035156,302.70001220703125,4008
2025-04-08 09:45:00+05:30,304.1000061035156,304.70001220703125,303.6000061035156,304.70001220703125,561651
2025-04-08 09:46:00+05:30,303.45001220703125,304.20001220703125,303.45001220703125,304.20001220703125,3220
2025-04-08 09:47:00+05:30,304.75,304.75,303.29998779296875,303.29998779296875,65789
2025-04-08 09:48:00+05:30,304.8500061035156,305.45001220703125,304.54998779296875,304.79998779296875,3992
2025-04-08 09:49:00+05:30,304.45001220703125,305.0,303.6000061035156,305.0,6735
2025-04-08 09:50:00+05:30,303.95001220703125,304.0,303.6000061035156,304.0,869
2025-04-08 09:51:00+05:30,304.0,304.0,303.3999938964844,303.95001220703125,655
2025-04-08 09:52:00+05:30,303.5,303.95001220703125,303.5,303.8500061035156,1287
2025-04-08 09:53:00+05:30,303.75,303.79998779296875,303.5,303.70001220703125,927
2025-04-08 09:54:00+05:30,303.6000061035156,303.6000061035156,303.3500061035156,303.5,913
2025-04-08 09:55:00+05:30,303.25,303.45001220703125,303.25,303.45001220703125,277
2025-04-08 09:56:00+05:30,303.54998779296875,303.6000061035156,303.20001220703125,303.20001220703125,2676
2025-04-08 09:57:00+05:30,303.6499938964844,303.6499938964844,303.25,303.54998779296875,865
2025-04-08 09:58:00+05:30,304.0,304.3500061035156,303.8500061035156,303.8500061035156,1315
2025-04-08 09:59:00+05:30,304.29998779296875,304.29998779296875,304.1000061035156,304.29998779296875,622
2025-04-08 10:00:00+05:30,303.6499938964844,304.3999938964844,303.6499938964844,304.3999938964844,3185
2025-04-08 10:01:00+05:30,303.5,303.5,303.29998779296875,303.29998779296875,822
2025-04-08 10:02:00+05:30,303.25,303.79998779296875,303.0,303.79998779296875,1273
2025-04-08 10:03:00+05:30,303.20001220703125,303.3999938964844,303.04998779296875,303.04998779296875,665
2025-04-08 10:04:00+05:30,303.20001220703125,303.20001220703125,303.04998779296875,303.04998779296875,327
2025-04-08 10:05:00+05:30,303.5,303.70001220703125,303.45001220703125,303.5,1941
2025-04-08 10:06:00+05:30,303.0,303.45001220703125,303.0,303.45001220703125,923
2025-04-08 10:07:00+05:30,303.29998779296875,303.29998779296875,303.0,303.0,373
2025-04-08 10:08:00+05:30,303.45001220703125,303.45001220703125,303.0,303.29998779296875,3531
2025-04-08 10:09:00+05:30,303.29998779296875,303.29998779296875,303.04998779296875,303.1499938964844,615
2025-04-08 10:10:00+05:30,304.04998779296875,304.20001220703125,303.1499938964844,303.25,35016
2025-04-08 10:11:00+05:30,303.8999938964844,303.8999938964844,303.54998779296875,303.54998779296875,6912
2025-04-08 10:12:00+05:30,303.29998779296875,303.95001220703125,303.29998779296875,303.6499938964844,62584
2025-04-08 10:13:00+05:30,303.79998779296875,303.79998779296875,303.45001220703125,303.45001220703125,799
2025-04-08 10:14:00+05:30,303.45001220703125,303.79998779296875,303.45001220703125,303.79998779296875,1706
2025-04-08 10:15:00+05:30,303.6000061035156,303.6499938964844,303.1499938964844,303.1499938964844,735
2025-04-08 10:16:00+05:30,303.20001220703125,303.54998779296875,303.20001220703125,303.45001220703125,156
2025-04-08 10:17:00+05:30,303.1000061035156,303.20001220703125,303.04998779296875,303.20001220703125,56
2025-04-08 10:18:00+05:30,303.0,303.25,303.0,303.04998779296875,17251
2025-04-08 10:19:00+05:30,303.5,303.5,303.20001220703125,303.20001220703125,7677
2025-04-08 10:20:00+05:30,303.79998779296875,303.79998779296875,303.1499938964844,303.3999938964844,853
2025-04-08 10:21:00+05:30,303.8500061035156,303.8500061035156,303.5,303.6499938964844,418
2025-04-08 10:22:00+05:30,303.8999938964844,304.1000061035156,303.6499938964844,303.6499938964844,1907
2025-04-08 10:23:00+05:30,303.8999938964844,304.04998779296875,303.70001220703125,303.95001220703125,1026
2025-04-08 10:24:00+05:30,304.3500061035156,304.3500061035156,304.1499938964844,304.1499938964844,81
2025-04-08 10:25:00+05:30,303.8500061035156,304.3500061035156,303.8500061035156,304.3500061035156,684
2025-04-08 10:26:00+05:30,304.25,304.25,304.0,304.0,49
2025-04-08 10:27:00+05:30,304.0,304.75,304.0,304.0,522025
2025-04-08 10:28:00+05:30,304.1499938964844,304.29998779296875,304.0,304.25,46438
2025-04-08 10:29:00+05:30,304.8500061035156,305.0,304.29998779296875,304.3999938964844,4150
2025-04-08 10:30:00+05:30,305.25,305.29998779296875,304.54998779296875,304.54998779296875,2523
2025-04-08 10:31:00+05:30,305.3999938964844,305.3999938964844,304.8999938964844,304.8999938964844,1968
2025-04-08 10:32:00+05:30,305.6499938964844,305.6499938964844,305.5,305.5,2324
2025-04-08 10:33:00+05:30,306.0,306.5,305.6000061035156,305.70001220703125,3250
2025-04-08 10:34:00+05:30,304.6000061035156,306.0,304.3999938964844,306.0,1359
2025-04-08 10:35:00+05:30,304.0,304.6499938964844,304.0,304.5,6720
2025-04-08 10:36:00+05:30,304.45001220703125,304.45001220703125,303.75,303.8500061035156,3288
2025-04-08 10:37:00+05:30,304.04998779296875,304.45001220703125,304.04998779296875,304.45001220703125,745
2025-04-08 10:38:00+05:30,303.8999938964844,304.0,303.75,303.8999938964844,2469
2025-04-08 10:39:00+05:30,304.29998779296875,304.45001220703125,303.6499938964844,303.6499938964844,5076
2025-04-08 10:40:00+05:30,304.70001220703125,304.70001220703125,304.29998779296875,304.29998779296875,518
2025-04-08 10:41:00+05:30,304.6499938964844,304.8999938964844,304.6499938964844,304.79998779296875,1258
2025-04-08 10:42:00+05:30,304.29998779296875,304.70001220703125,304.29998779296875,304.54998779296875,4584
2025-04-08 10:43:00+05:30,304.29998779296875,304.29998779296875,304.1499938964844,304.1499938964844,4733
2025-04-08 10:44:00+05:30,304.3500061035156,304.3500061035156,304.20001220703125,304.20001220703125,1780
2025-04-08 10:45:00+05:30,304.3500061035156,304.8999938964844,304.3500061035156,304.8999938964844,1164
2025-04-08 10:46:00+05:30,304.04998779296875,304.3500061035156,304.04998779296875,304.3500061035156,759
2025-04-08 10:47:00+05:30,304.25,304.25,304.04998779296875,304.25,693
2025-04-08 10:48:00+05:30,304.25,304.3500061035156,304.1000061035156,304.3500061035156,394
2025-04-08 10:49:00+05:30,304.1000061035156,304.29998779296875,304.0,304.29998779296875,2395
2025-04-08 10:50:00+05:30,304.1499938964844,304.20001220703125,304.1000061035156,304.1000061035156,202
2025-04-08 10:51:00+05:30,304.6000061035156,304.6000061035156,304.1499938964844,304.1499938964844,1134
2025-04-08 10:52:00+05:30,304.3999938964844,304.45001220703125,304.3500061035156,304.3500061035156,484
2025-04-08 10:53:00+05:30,303.70001220703125,303.70001220703125,303.54998779296875,303.54998779296875,6567
2025-04-08 10:54:00+05:30,304.3999938964844,304.75,304.1000061035156,304.1000061035156,939
2025-04-08 10:55:00+05:30,304.79998779296875,305.20001220703125,304.6000061035156,304.6000061035156,1337
2025-04-08 10:56:00+05:30,304.70001220703125,304.95001220703125,304.70001220703125,304.70001220703125,403
2025-04-08 10:57:00+05:30,304.6000061035156,304.70001220703125,304.54998779296875,304.70001220703125,10638
2025-04-08 10:58:00+05:30,305.20001220703125,305.20001220703125,304.6000061035156,304.79998779296875,2084
2025-04-08 10:59:00+05:30,305.1499938964844,305.20001220703125,305.04998779296875,305.04998779296875,422
2025-04-08 11:00:00+05:30,305.45001220703125,305.45001220703125,305.04998779296875,305.1499938964844,391
2025-04-08 11:01:00+05:30,305.3500061035156,305.54998779296875,305.3500061035156,305.5,1130
2025-04-08 11:02:00+05:30,305.8999938964844,305.8999938964844,305.70001220703125,305.70001220703125,1899
2025-04-08 11:03:00+05:30,305.6000061035156,306.3999938964844,305.6000061035156,306.25,2842
2025-04-08 11:04:00+05:30,305.70001220703125,306.0,305.5,305.8500061035156,1366
2025-04-08 11:05:00+05:30,305.70001220703125,305.79998779296875,305.5,305.75,3644
2025-04-08 11:06:00+05:30,306.3500061035156,306.3500061035156,305.79998779296875,305.79998779296875,1545
2025-04-08 11:07:00+05:30,306.1499938964844,306.29998779296875,306.1499938964844,306.29998779296875,2461
2025-04-08 11:08:00+05:30,307.25,307.25,306.1499938964844,306.1499938964844,6845
2025-04-08 11:09:00+05:30,307.8500061035156,307.8500061035156,307.20001220703125,307.20001220703125,2811
2025-04-08 11:10:00+05:30,307.20001220703125,307.70001220703125,307.20001220703125,307.70001220703125,144
2025-04-08 11:11:00+05:30,306.8500061035156,306.8999938964844,306.79998779296875,306.8999938964844,924
2025-04-08 11:12:00+05:30,307.0,307.1000061035156,306.8500061035156,306.8500061035156,1925
2025-04-08 11:13:00+05:30,307.1000061035156,307.3500061035156,306.95001220703125,307.20001220703125,479
2025-04-08 11:14:00+05:30,306.6000061035156,307.04998779296875,306.6000061035156,307.04998779296875,2012
2025-04-08 11:15:00+05:30,306.5,306.5,306.20001220703125,306.20001220703125,14391
2025-04-08 11:16:00+05:30,306.75,306.8500061035156,306.3999938964844,306.5,483
2025-04-08 11:17:00+05:30,306.79998779296875,306.8500061035156,306.6499938964844,306.8500061035156,3845
2025-04-08 11:18:00+05:30,306.79998779296875,306.79998779296875,306.79998779296875,306.79998779296875,578
2025-04-08 11:19:00+05:30,306.75,306.79998779296875,306.6000061035156,306.79998779296875,1045
2025-04-08 11:20:00+05:30,307.0,307.0,306.5,306.75,1916
2025-04-08 11:21:00+05:30,307.20001220703125,307.25,306.8500061035156,307.1499938964844,1775
2025-04-08 11:22:00+05:30,307.3500061035156,307.3500061035156,307.0,307.20001220703125,2527
2025-04-08 11:23:00+05:30,307.20001220703125,307.29998779296875,306.8999938964844,307.04998779296875,1647
2025-04-08 11:24:00+05:30,307.1499938964844,307.29998779296875,306.95001220703125,307.29998779296875,865
2025-04-08 11:25:00+05:30,307.1000061035156,307.1499938964844,306.8999938964844,307.1499938964844,471
2025-04-08 11:26:00+05:30,307.1000061035156,307.1000061035156,306.8999938964844,306.95001220703125,236
2025-04-08 11:27:00+05:30,306.45001220703125,306.8999938964844,306.45001220703125,306.75,1335
2025-04-08 11:28:00+05:30,306.79998779296875,307.0,306.45001220703125,306.5,835
2025-04-08 11:29:00+05:30,306.79998779296875,306.95001220703125,306.79998779296875,306.95001220703125,576
2025-04-08 11:30:00+05:30,306.54998779296875,306.95001220703125,306.29998779296875,306.95001220703125,936
2025-04-08 11:31:00+05:30,306.6000061035156,306.6000061035156,306.29998779296875,306.29998779296875,2242
2025-04-08 11:32:00+05:30,306.3500061035156,306.6000061035156,306.3500061035156,306.54998779296875,281
2025-04-08 11:33:00+05:30,306.3999938964844,306.75,306.3999938964844,306.45001220703125,734
2025-04-08 11:34:00+05:30,306.70001220703125,306.70001220703125,306.45001220703125,306.5,761
2025-04-08 11:35:00+05:30,307.0,307.0,306.6499938964844,306.70001220703125,1109
2025-04-08 11:36:00+05:30,306.8500061035156,306.95001220703125,306.8500061035156,306.8999938964844,25
2025-04-08 11:37:00+05:30,306.8999938964844,306.8999938964844,306.8500061035156,306.8999938964844,854
2025-04-08 11:38:00+05:30,306.8500061035156,307.0,306.70001220703125,306.95001220703125,409
2025-04-08 11:39:00+05:30,306.5,307.0,306.5,307.0,3002
2025-04-08 11:40:00+05:30,306.3999938964844,306.3999938964844,306.3500061035156,306.3999938964844,0
2025-04-08 11:41:00+05:30,306.25,306.25,306.0,306.0,682
2025-04-08 11:42:00+05:30,305.8999938964844,306.20001220703125,305.8999938964844,306.20001220703125,3149
2025-04-08 11:43:00+05:30,305.6499938964844,306.1000061035156,305.5,306.1000061035156,1299
2025-04-08 11:44:00+05:30,305.70001220703125,305.70001220703125,305.5,305.5,73
2025-04-08 11:45:00+05:30,305.04998779296875,305.70001220703125,305.04998779296875,305.70001220703125,29180
2025-04-08 11:46:00+05:30,305.1000061035156,305.25,305.1000061035156,305.20001220703125,1721
2025-04-08 11:47:00+05:30,305.79998779296875,305.79998779296875,305.25,305.25,2451
2025-04-08 11:48:00+05:30,305.75,305.79998779296875,305.1499938964844,305.79998779296875,1117
2025-04-08 11:49:00+05:30,305.3999938964844,305.75,305.29998779296875,305.75,613
2025-04-08 11:50:00+05:30,305.3999938964844,305.3999938964844,305.25,305.3999938964844,78
2025-04-08 12:06:00+05:30,306.1499938964844,306.1499938964844,306.1499938964844,306.1499938964844,8301
2025-04-08 12:07:00+05:30,305.6000061035156,305.6000061035156,305.6000061035156,305.6000061035156,486
2025-04-08 12:08:00+05:30,305.8500061035156,305.8500061035156,305.6000061035156,305.6000061035156,334
2025-04-08 12:09:00+05:30,305.8500061035156,305.8999938964844,305.8500061035156,305.8500061035156,547
2025-04-08 12:10:00+05:30,306.1499938964844,306.45001220703125,305.95001220703125,305.95001220703125,1552
2025-04-08 12:11:00+05:30,306.29998779296875,306.45001220703125,306.29998779296875,306.3500061035156,86
2025-04-08 12:12:00+05:30,306.45001220703125,306.45001220703125,306.29998779296875,306.29998779296875,497
2025-04-08 12:13:00+05:30,306.54998779296875,306.54998779296875,306.45001220703125,306.5,458
2025-04-08 12:14:00+05:30,306.6499938964844,306.95001220703125,306.3999938964844,306.6000061035156,41074
2025-04-08 12:15:00+05:30,305.8500061035156,306.8500061035156,305.8500061035156,306.8500061035156,4892
2025-04-08 12:16:00+05:30,306.1000061035156,306.1000061035156,306.0,306.0,913
2025-04-08 12:17:00+05:30,306.1000061035156,306.1000061035156,306.1000061035156,306.1000061035156,1749
2025-04-08 12:18:00+05:30,306.1499938964844,306.20001220703125,306.1000061035156,306.20001220703125,3578
2025-04-08 12:19:00+05:30,305.8500061035156,306.1499938964844,305.8500061035156,306.1000061035156,1126
2025-04-08 12:20:00+05:30,305.95001220703125,305.95001220703125,305.75,305.8999938964844,1386
2025-04-08 12:21:00+05:30,306.29998779296875,306.3500061035156,306.04998779296875,306.04998779296875,4568
2025-04-08 12:22:00+05:30,306.45001220703125,306.54998779296875,306.29998779296875,306.54998779296875,1171
2025-04-08 12:23:00+05:30,306.20001220703125,306.45001220703125,306.20001220703125,306.29998779296875,339
2025-04-08 12:24:00+05:30,306.25,306.25,306.0,306.20001220703125,737
2025-04-08 12:25:00+05:30,306.45001220703125,306.45001220703125,306.20001220703125,306.20001220703125,154
2025-04-08 12:26:00+05:30,306.70001220703125,306.8500061035156,306.5,306.6000061035156,1326
2025-04-08 12:27:00+05:30,306.70001220703125,306.70001220703125,306.45001220703125,306.45001220703125,84
2025-04-08 12:28:00+05:30,306.6499938964844,306.75,306.6499938964844,306.70001220703125,932
2025-04-08 12:29:00+05:30,306.3500061035156,306.75,306.29998779296875,306.75,6204
2025-04-08 12:30:00+05:30,306.1000061035156,306.29998779296875,306.1000061035156,306.29998779296875,2626
2025-04-08 12:31:00+05:30,306.1499938964844,306.1499938964844,306.04998779296875,306.1499938964844,2679
2025-04-08 12:32:00+05:30,306.45001220703125,306.5,306.20001220703125,306.20001220703125,1162
2025-04-08 12:33:00+05:30,306.8500061035156,306.8500061035156,306.6000061035156,306.6000061035156,7415
2025-04-08 12:34:00+05:30,306.8999938964844,306.95001220703125,306.45001220703125,306.8500061035156,5955
2025-04-08 12:35:00+05:30,307.5,307.5,307.04998779296875,307.04998779296875,3680
2025-04-08 12:36:00+05:30,307.1000061035156,307.8500061035156,307.1000061035156,307.6000061035156,10972
2025-04-08 12:37:00+05:30,307.20001220703125,307.29998779296875,307.04998779296875,307.29998779296875,650
2025-04-08 12:38:00+05:30,306.6499938964844,307.20001220703125,306.54998779296875,307.20001220703125,4707
2025-04-08 12:39:00+05:30,306.3999938964844,306.6499938964844,306.3999938964844,306.6499938964844,627
2025-04-08 12:40:00+05:30,306.29998779296875,306.5,306.29998779296875,306.5,1809
2025-04-08 12:41:00+05:30,306.3999938964844,306.3999938964844,305.8999938964844,306.1499938964844,4251
2025-04-08 12:42:00+05:30,306.3999938964844,306.5,306.3999938964844,306.5,31
2025-04-08 12:43:00+05:30,306.54998779296875,306.79998779296875,306.3999938964844,306.5,581
2025-04-08 12:44:00+05:30,306.8999938964844,306.8999938964844,306.54998779296875,306.54998779296875,299
2025-04-08 12:45:00+05:30,306.8500061035156,307.04998779296875,306.8500061035156,307.04998779296875,568
2025-04-08 12:46:00+05:30,306.6000061035156,306.95001220703125,306.5,306.95001220703125,3309
2025-04-08 12:47:00+05:30,306.75,306.75,306.6000061035156,306.6000061035156,3003
2025-04-08 12:48:00+05:30,306.8500061035156,306.8500061035156,306.3999938964844,306.75,3851
2025-04-08 12:49:00+05:30,306.75,306.95001220703125,306.75,306.8500061035156,214
2025-04-08 12:50:00+05:30,307.20001220703125,307.20001220703125,306.79998779296875,306.79998779296875,884
2025-04-08 12:51:00+05:30,307.20001220703125,307.25,307.1000061035156,307.25,99
2025-04-08 12:52:00+05:30,307.04998779296875,307.20001220703125,307.0,307.20001220703125,2234
2025-04-08 12:53:00+05:30,306.1000061035156,307.1000061035156,306.1000061035156,307.04998779296875,26890
2025-04-08 12:54:00+05:30,306.75,306.79998779296875,306.3999938964844,306.3999938964844,1000
2025-04-08 12:55:00+05:30,306.6499938964844,306.79998779296875,306.6000061035156,306.79998779296875,1622
2025-04-08 12:56:00+05:30,306.95001220703125,306.95001220703125,306.6499938964844,306.6499938964844,383
2025-04-08 12:57:00+05:30,307.29998779296875,307.29998779296875,307.04998779296875,307.04998779296875,374
2025-04-08 12:58:00+05:30,307.3999938964844,307.3999938964844,307.04998779296875,307.04998779296875,442
2025-04-08 12:59:00+05:30,308.45001220703125,308.45001220703125,307.3999938964844,307.3999938964844,7380
2025-04-08 13:00:00+05:30,308.0,308.3999938964844,308.0,308.3500061035156,1298
2025-04-08 13:01:00+05:30,307.6499938964844,308.1499938964844,307.6499938964844,308.1499938964844,2615
2025-04-08 13:02:00+05:30,307.54998779296875,307.75,307.1000061035156,307.75,39132
2025-04-08 13:03:00+05:30,307.95001220703125,307.95001220703125,307.6499938964844,307.79998779296875,1296
2025-04-08 13:04:00+05:30,308.3999938964844,308.54998779296875,308.0,308.0,2709
2025-04-08 13:05:00+05:30,308.6000061035156,308.8500061035156,308.3999938964844,308.6000061035156,3670
2025-04-08 13:06:00+05:30,308.6000061035156,308.70001220703125,308.3999938964844,308.6000061035156,3457
2025-04-08 13:07:00+05:30,308.79998779296875,308.95001220703125,308.45001220703125,308.6000061035156,4405
2025-04-08 13:08:00+05:30,308.6000061035156,308.95001220703125,308.3500061035156,308.79998779296875,3677
2025-04-08 13:09:00+05:30,308.6499938964844,308.6499938964844,308.45001220703125,308.6000061035156,2039
2025-04-08 13:10:00+05:30,309.1499938964844,309.20001220703125,308.8500061035156,308.8500061035156,1293
2025-04-08 13:11:00+05:30,308.70001220703125,309.20001220703125,308.70001220703125,309.1499938964844,1965
2025-04-08 13:12:00+05:30,308.70001220703125,309.0,308.70001220703125,308.8500061035156,2656
2025-04-08 13:13:00+05:30,308.8500061035156,309.1000061035156,308.79998779296875,308.79998779296875,1356
2025-04-08 13:14:00+05:30,308.8500061035156,308.8500061035156,308.8500061035156,308.8500061035156,615
2025-04-08 13:15:00+05:30,308.54998779296875,308.79998779296875,308.29998779296875,308.6000061035156,2272
2025-04-08 13:16:00+05:30,308.25,308.54998779296875,308.25,308.54998779296875,327
2025-04-08 13:17:00+05:30,308.0,308.29998779296875,308.0,308.29998779296875,961
2025-04-08 13:18:00+05:30,307.54998779296875,307.6000061035156,307.45001220703125,307.45001220703125,2400
2025-04-08 13:19:00+05:30,307.45001220703125,307.6000061035156,307.45001220703125,307.6000061035156,193
2025-04-08 13:20:00+05:30,307.95001220703125,307.95001220703125,307.6000061035156,307.6000061035156,834
2025-04-08 13:21:00+05:30,307.6499938964844,307.79998779296875,307.54998779296875,307.79998779296875,1121
2025-04-08 13:22:00+05:30,308.0,308.04998779296875,307.5,307.6499938964844,1045
2025-04-08 13:23:00+05:30,307.70001220703125,307.95001220703125,307.70001220703125,307.70001220703125,2242
2025-04-08 13:24:00+05:30,308.20001220703125,308.20001220703125,307.6499938964844,307.6499938964844,1268
2025-04-08 13:25:00+05:30,308.54998779296875,308.54998779296875,308.3500061035156,308.3500061035156,1722
2025-04-08 13:26:00+05:30,308.20001220703125,308.54998779296875,308.20001220703125,308.3999938964844,3257
2025-04-08 13:27:00+05:30,307.70001220703125,308.25,307.70001220703125,308.25,1447
2025-04-08 13:28:00+05:30,307.3500061035156,307.70001220703125,307.3500061035156,307.70001220703125,1191
2025-04-08 13:29:00+05:30,307.6000061035156,307.6000061035156,307.29998779296875,307.29998779296875,313
2025-04-08 13:30:00+05:30,307.29998779296875,307.54998779296875,307.29998779296875,307.54998779296875,1642
2025-04-08 13:31:00+05:30,306.95001220703125,307.1499938964844,306.95001220703125,307.1499938964844,2005
2025-04-08 13:32:00+05:30,306.8999938964844,307.20001220703125,306.8500061035156,307.0,681
2025-04-08 13:33:00+05:30,307.0,307.0,306.75,306.8500061035156,333
2025-04-08 13:34:00+05:30,306.95001220703125,307.20001220703125,306.95001220703125,307.04998779296875,1365
2025-04-08 13:35:00+05:30,306.45001220703125,307.04998779296875,306.45001220703125,307.04998779296875,3358
2025-04-08 13:36:00+05:30,306.29998779296875,306.54998779296875,306.20001220703125,306.3999938964844,2655
2025-04-08 13:37:00+05:30,305.79998779296875,306.25,305.79998779296875,306.20001220703125,4961
2025-04-08 13:38:00+05:30,305.75,306.1000061035156,305.75,305.79998779296875,3581
2025-04-08 13:39:00+05:30,305.1499938964844,305.8500061035156,305.0,305.8500061035156,4319
2025-04-08 13:40:00+05:30,304.8500061035156,304.8999938964844,304.3999938964844,304.8999938964844,2079
2025-04-08 13:41:00+05:30,305.3999938964844,305.5,304.8500061035156,304.8500061035156,2985
2025-04-08 13:42:00+05:30,305.25,305.25,304.79998779296875,305.1499938964844,2410
2025-04-08 13:43:00+05:30,305.1000061035156,305.25,304.8500061035156,305.25,138
2025-04-08 13:44:00+05:30,304.95001220703125,305.1000061035156,304.95001220703125,305.1000061035156,194
2025-04-08 13:45:00+05:30,304.5,304.95001220703125,304.5,304.95001220703125,901
2025-04-08 13:46:00+05:30,304.3500061035156,304.3999938964844,304.3500061035156,304.3999938964844,1944
2025-04-08 13:47:00+05:30,304.75,304.75,304.3999938964844,304.3999938964844,1436
2025-04-08 13:48:00+05:30,304.5,304.6499938964844,304.3500061035156,304.6499938964844,1928
2025-04-08 13:49:00+05:30,304.04998779296875,304.45001220703125,304.04998779296875,304.25,1742
2025-04-08 13:50:00+05:30,303.5,303.6000061035156,303.3500061035156,303.45001220703125,9052
2025-04-08 13:51:00+05:30,303.0,303.6000061035156,302.8999938964844,303.6000061035156,4284
2025-04-08 13:52:00+05:30,303.1000061035156,303.1000061035156,302.95001220703125,303.04998779296875,3784
2025-04-08 13:53:00+05:30,303.25,303.3500061035156,303.04998779296875,303.25,5503
2025-04-08 13:54:00+05:30,303.29998779296875,303.3999938964844,303.29998779296875,303.3999938964844,1145
2025-04-08 13:55:00+05:30,303.3999938964844,303.3999938964844,303.1499938964844,303.1499938964844,3549
2025-04-08 13:56:00+05:30,303.6000061035156,303.6499938964844,303.45001220703125,303.45001220703125,1678
2025-04-08 13:57:00+05:30,303.5,303.54998779296875,303.3500061035156,303.3999938964844,363
2025-04-08 13:58:00+05:30,303.79998779296875,303.79998779296875,303.70001220703125,303.70001220703125,596
2025-04-08 13:59:00+05:30,303.8500061035156,303.8500061035156,303.54998779296875,303.79998779296875,2341
2025-04-08 14:00:00+05:30,304.1000061035156,304.20001220703125,303.95001220703125,304.1000061035156,2546
2025-04-08 14:01:00+05:30,304.3500061035156,304.3500061035156,304.1000061035156,304.20001220703125,1362
2025-04-08 14:02:00+05:30,304.3999938964844,304.3999938964844,304.3999938964844,304.3999938964844,1210
2025-04-08 14:03:00+05:30,303.8999938964844,304.6499938964844,303.79998779296875,304.6499938964844,2150
2025-04-08 14:04:00+05:30,304.0,304.0,303.70001220703125,303.8999938964844,1712
2025-04-08 14:05:00+05:30,303.54998779296875,303.79998779296875,303.54998779296875,303.75,403
2025-04-08 14:06:00+05:30,303.95001220703125,304.0,303.75,303.75,1097
2025-04-08 14:07:00+05:30,304.1000061035156,304.3500061035156,304.1000061035156,304.20001220703125,731
2025-04-08 14:08:00+05:30,304.29998779296875,304.3500061035156,304.20001220703125,304.3500061035156,1382
2025-04-08 14:09:00+05:30,304.5,304.54998779296875,304.3999938964844,304.45001220703125,2658
2025-04-08 14:10:00+05:30,304.5,304.6499938964844,304.3500061035156,304.5,823
2025-04-08 14:11:00+05:30,304.6000061035156,304.6000061035156,304.45001220703125,304.5,974
2025-04-08 14:12:00+05:30,304.04998779296875,304.3999938964844,304.04998779296875,304.3999938964844,1749
2025-04-08 14:13:00+05:30,304.5,304.5,304.3500061035156,304.3500061035156,467
2025-04-08 14:14:00+05:30,304.5,304.6000061035156,304.45001220703125,304.6000061035156,2163
2025-04-08 14:15:00+05:30,304.54998779296875,304.54998779296875,304.29998779296875,304.54998779296875,0
2025-04-08 14:16:00+05:30,304.54998779296875,304.54998779296875,304.3500061035156,304.5,432
2025-04-08 14:17:00+05:30,304.3500061035156,304.54998779296875,304.1499938964844,304.54998779296875,457
2025-04-08 14:18:00+05:30,304.45001220703125,304.5,304.25,304.5,675
2025-04-08 14:19:00+05:30,304.29998779296875,304.54998779296875,304.29998779296875,304.54998779296875,1305
2025-04-08 14:20:00+05:30,304.6000061035156,304.6000061035156,304.25,304.45001220703125,1764
2025-04-08 14:21:00+05:30,304.8500061035156,304.8500061035156,304.3999938964844,304.6499938964844,1117
2025-04-08 14:22:00+05:30,304.8999938964844,304.8999938964844,304.70001220703125,304.70001220703125,1207
2025-04-08 14:23:00+05:30,304.6499938964844,304.8999938964844,304.6499938964844,304.8999938964844,728
2025-04-08 14:24:00+05:30,304.6499938964844,304.70001220703125,304.6499938964844,304.70001220703125,2001
2025-04-08 14:25:00+05:30,304.6499938964844,304.6499938964844,304.54998779296875,304.54998779296875,930
2025-04-08 14:26:00+05:30,304.54998779296875,304.70001220703125,304.54998779296875,304.70001220703125,1135
2025-04-08 14:27:00+05:30,304.29998779296875,304.70001220703125,304.29998779296875,304.70001220703125,667
2025-04-08 14:28:00+05:30,304.45001220703125,304.70001220703125,304.29998779296875,304.29998779296875,921
2025-04-08 14:29:00+05:30,304.79998779296875,304.79998779296875,304.5,304.70001220703125,1083
2025-04-08 14:30:00+05:30,304.3999938964844,304.79998779296875,304.3999938964844,304.79998779296875,358
2025-04-08 14:31:00+05:30,303.95001220703125,304.5,303.95001220703125,304.45001220703125,2637
2025-04-08 14:32:00+05:30,304.1499938964844,304.1499938964844,303.95001220703125,304.04998779296875,983
2025-04-08 14:33:00+05:30,304.20001220703125,304.20001220703125,304.0,304.20001220703125,1425
2025-04-08 14:34:00+05:30,304.45001220703125,304.45001220703125,303.8500061035156,304.20001220703125,2357
2025-04-08 14:35:00+05:30,304.3500061035156,304.45001220703125,304.3500061035156,304.45001220703125,74
2025-04-08 14:36:00+05:30,304.1499938964844,304.3999938964844,304.1499938964844,304.3999938964844,349
2025-04-08 14:37:00+05:30,304.29998779296875,304.3500061035156,303.95001220703125,303.95001220703125,2472
2025-04-08 14:38:00+05:30,304.20001220703125,304.45001220703125,304.1499938964844,304.45001220703125,710
2025-04-08 14:39:00+05:30,304.20001220703125,304.25,304.20001220703125,304.20001220703125,904
2025-04-08 14:40:00+05:30,304.25,304.25,303.79998779296875,304.20001220703125,1927
2025-04-08 14:41:00+05:30,303.79998779296875,304.25,303.79998779296875,304.1499938964844,1082
2025-04-08 14:42:00+05:30,303.70001220703125,303.75,303.6000061035156,303.70001220703125,653
2025-04-08 14:43:00+05:30,304.0,304.0,303.70001220703125,303.70001220703125,1462
2025-04-08 14:44:00+05:30,304.0,304.0,303.8500061035156,304.0,74
2025-04-08 14:45:00+05:30,303.8500061035156,304.1000061035156,303.8500061035156,304.1000061035156,3115
2025-04-08 14:46:00+05:30,303.79998779296875,303.95001220703125,303.79998779296875,303.8500061035156,1100
2025-04-08 14:47:00+05:30,304.0,304.0,303.79998779296875,303.79998779296875,255
2025-04-08 14:48:00+05:30,303.79998779296875,304.0,303.70001220703125,304.0,1808
2025-04-08 14:49:00+05:30,303.8500061035156,303.8500061035156,303.79998779296875,303.79998779296875,391
2025-04-08 14:50:00+05:30,303.8500061035156,304.0,303.8500061035156,303.8500061035156,1503
2025-04-08 14:51:00+05:30,304.04998779296875,304.04998779296875,303.8500061035156,303.8500061035156,269
2025-04-08 14:52:00+05:30,304.25,304.3999938964844,304.0,304.04998779296875,1198
2025-04-08 14:53:00+05:30,304.3500061035156,304.70001220703125,304.3500061035156,304.3999938964844,2169
2025-04-08 14:54:00+05:30,304.0,304.3999938964844,304.0,304.3500061035156,4294
2025-04-08 14:55:00+05:30,305.25,305.54998779296875,304.04998779296875,304.04998779296875,1012180
2025-04-08 14:56:00+05:30,306.04998779296875,306.6000061035156,305.29998779296875,305.29998779296875,6552
2025-04-08 14:57:00+05:30,306.1499938964844,306.1499938964844,305.95001220703125,305.95001220703125,2791
2025-04-08 14:58:00+05:30,306.6000061035156,306.6000061035156,306.1499938964844,306.1499938964844,1275
2025-04-08 14:59:00+05:30,306.54998779296875,306.8500061035156,306.54998779296875,306.54998779296875,3943
2025-04-08 15:00:00+05:30,306.70001220703125,307.0,306.29998779296875,307.0,7410
2025-04-08 15:01:00+05:30,305.54998779296875,306.79998779296875,305.54998779296875,306.6499938964844,3758
2025-04-08 15:02:00+05:30,305.79998779296875,305.79998779296875,305.6499938964844,305.6499938964844,1554
2025-04-08 15:03:00+05:30,305.3999938964844,305.79998779296875,305.25,305.79998779296875,4439
2025-04-08 15:04:00+05:30,306.04998779296875,306.25,306.0,306.1499938964844,2242
2025-04-08 15:05:00+05:30,306.04998779296875,306.1000061035156,305.6499938964844,306.1000061035156,1964
2025-04-08 15:06:00+05:30,306.04998779296875,306.6499938964844,306.04998779296875,306.04998779296875,1142
2025-04-08 15:07:00+05:30,306.1499938964844,306.1499938964844,305.8999938964844,305.8999938964844,312
2025-04-08 15:08:00+05:30,306.1499938964844,306.1499938964844,306.04998779296875,306.1499938964844,380
2025-04-08 15:09:00+05:30,305.45001220703125,306.1499938964844,305.0,306.1499938964844,26969
2025-04-08 15:10:00+05:30,305.6000061035156,305.8500061035156,305.3500061035156,305.45001220703125,10957
2025-04-08 15:11:00+05:30,305.29998779296875,305.6000061035156,305.29998779296875,305.6000061035156,3817
2025-04-08 15:12:00+05:30,305.6499938964844,305.8999938964844,305.45001220703125,305.54998779296875,3792
2025-04-08 15:13:00+05:30,305.54998779296875,305.6499938964844,305.5,305.54998779296875,2035
2025-04-08 15:14:00+05:30,305.0,305.6499938964844,305.0,305.54998779296875,4676
2025-04-08 15:15:00+05:30,305.25,305.3999938964844,305.0,305.3500061035156,10133
2025-04-08 15:16:00+05:30,305.20001220703125,305.29998779296875,305.04998779296875,305.04998779296875,5906
2025-04-08 15:17:00+05:30,305.20001220703125,305.5,305.1000061035156,305.20001220703125,18656
2025-04-08 15:18:00+05:30,305.0,305.29998779296875,305.0,305.29998779296875,5656
2025-04-08 15:19:00+05:30,304.95001220703125,305.04998779296875,304.79998779296875,305.04998779296875,4763
2025-04-08 15:20:00+05:30,305.1000061035156,305.1000061035156,304.8999938964844,304.95001220703125,6773
2025-04-08 15:21:00+05:30,305.1000061035156,305.1000061035156,305.0,305.1000061035156,1620
2025-04-08 15:22:00+05:30,305.20001220703125,305.20001220703125,305.1499938964844,305.1499938964844,2604
2025-04-08 15:23:00+05:30,305.3500061035156,305.3500061035156,305.1499938964844,305.1499938964844,2430
2025-04-08 15:24:00+05:30,305.6499938964844,305.6499938964844,305.1499938964844,305.3500061035156,9313
2025-04-08 15:25:00+05:30,305.45001220703125,305.8999938964844,305.45001220703125,305.70001220703125,9800
2025-04-08 15:26:00+05:30,305.6000061035156,305.75,305.45001220703125,305.45001220703125,7494
2025-04-08 15:27:00+05:30,306.79998779296875,306.95001220703125,305.6000061035156,305.6000061035156,7903
2025-04-08 15:28:00+05:30,306.3999938964844,306.75,306.0,306.75,3749
2025-04-08 15:29:00+05:30,306.0,307.3999938964844,306.0,307.3500061035156,2577
2025-04-09 09:15:00+05:30,306.0,306.0,303.8999938964844,303.8999938964844,0
2025-04-09 09:16:00+05:30,307.0,307.79998779296875,305.5,305.79998779296875,12644
2025-04-09 09:17:00+05:30,303.8500061035156,306.6499938964844,303.70001220703125,306.6499938964844,4742
2025-04-09 09:18:00+05:30,303.29998779296875,303.95001220703125,302.8500061035156,303.6000061035156,5601
2025-04-09 09:19:00+05:30,302.8999938964844,303.95001220703125,302.8999938964844,303.45001220703125,4374
2025-04-09 09:20:00+05:30,302.70001220703125,303.54998779296875,302.29998779296875,303.54998779296875,2853
2025-04-09 09:21:00+05:30,302.6000061035156,303.8500061035156,302.6000061035156,302.75,5605
2025-04-09 09:22:00+05:30,302.54998779296875,302.6000061035156,302.04998779296875,302.3500061035156,6337
2025-04-09 09:23:00+05:30,302.25,302.6000061035156,302.25,302.54998779296875,6736
2025-04-09 09:24:00+05:30,302.3999938964844,302.3999938964844,302.04998779296875,302.20001220703125,2263
2025-04-09 09:25:00+05:30,301.3500061035156,302.1499938964844,301.1499938964844,302.1499938964844,12407
2025-04-09 09:26:00+05:30,301.1499938964844,301.79998779296875,300.79998779296875,301.6000061035156,8668
2025-04-09 09:27:00+05:30,300.8999938964844,301.5,300.8999938964844,301.5,603
2025-04-09 09:28:00+05:30,301.54998779296875,301.6499938964844,301.29998779296875,301.3999938964844,2110
2025-04-09 09:29:00+05:30,301.1499938964844,301.45001220703125,301.1499938964844,301.45001220703125,2702
2025-04-09 09:30:00+05:30,300.1000061035156,301.0,300.04998779296875,301.0,9658
2025-04-09 09:31:00+05:30,300.20001220703125,300.70001220703125,300.0,300.1499938964844,5025
2025-04-09 09:32:00+05:30,301.45001220703125,301.45001220703125,300.1000061035156,300.1000061035156,2995
2025-04-09 09:33:00+05:30,301.04998779296875,301.54998779296875,300.79998779296875,301.54998779296875,2169
2025-04-09 09:34:00+05:30,301.29998779296875,301.29998779296875,300.75,301.1499938964844,228
2025-04-09 09:35:00+05:30,301.3500061035156,301.3500061035156,301.1000061035156,301.1499938964844,1996
2025-04-09 09:36:00+05:30,301.3999938964844,301.54998779296875,301.3500061035156,301.54998779296875,87
2025-04-09 09:37:00+05:30,300.6000061035156,301.6000061035156,300.6000061035156,301.6000061035156,3111
2025-04-09 09:38:00+05:30,300.45001220703125,300.6499938964844,300.45001220703125,300.6000061035156,1389
2025-04-09 09:39:00+05:30,300.29998779296875,300.6000061035156,300.25,300.25,1846
2025-04-09 09:40:00+05:30,300.3999938964844,300.5,300.1499938964844,300.5,493
2025-04-09 09:41:00+05:30,300.3500061035156,300.6000061035156,300.29998779296875,300.6000061035156,391
2025-04-09 09:42:00+05:30,300.75,300.75,300.20001220703125,300.5,1966
2025-04-09 09:43:00+05:30,300.95001220703125,300.95001220703125,300.45001220703125,300.45001220703125,1336
2025-04-09 09:44:00+05:30,301.20001220703125,301.29998779296875,300.95001220703125,300.95001220703125,1626
2025-04-09 09:45:00+05:30,300.70001220703125,301.25,300.5,301.0,955
2025-04-09 09:46:00+05:30,300.04998779296875,300.70001220703125,300.04998779296875,300.70001220703125,176
2025-04-09 09:47:00+05:30,300.20001220703125,300.3500061035156,300.1499938964844,300.1499938964844,1423
2025-04-09 09:48:00+05:30,301.3999938964844,301.3999938964844,300.1499938964844,300.29998779296875,6086
2025-04-09 09:49:00+05:30,302.6000061035156,302.6000061035156,301.6499938964844,301.6499938964844,4142
2025-04-09 09:50:00+05:30,302.1499938964844,302.45001220703125,302.1499938964844,302.1499938964844,1544
2025-04-09 09:51:00+05:30,302.29998779296875,302.45001220703125,302.1499938964844,302.1499938964844,603
2025-04-09 09:52:00+05:30,302.1499938964844,302.29998779296875,302.1499938964844,302.29998779296875,208
2025-04-09 09:53:00+05:30,302.5,302.6000061035156,302.25,302.29998779296875,1632
2025-04-09 09:54:00+05:30,302.20001220703125,302.6000061035156,302.0,302.6000061035156,1236
2025-04-09 09:55:00+05:30,301.45001220703125,302.0,301.3999938964844,302.0,818
2025-04-09 09:56:00+05:30,301.45001220703125,301.5,301.20001220703125,301.5,2369
2025-04-09 09:57:00+05:30,301.0,301.20001220703125,301.0,301.20001220703125,2269
2025-04-09 09:58:00+05:30,300.8999938964844,300.8999938964844,300.6000061035156,300.75,170
2025-04-09 09:59:00+05:30,300.8999938964844,301.1000061035156,300.6499938964844,301.1000061035156,638
2025-04-09 10:00:00+05:30,300.8999938964844,300.95001220703125,300.75,300.75,94
2025-04-09 10:01:00+05:30,300.6499938964844,300.6499938964844,300.3999938964844,300.6499938964844,2245
2025-04-09 10:02:00+05:30,300.79998779296875,301.0,300.6499938964844,300.79998779296875,275
2025-04-09 10:03:00+05:30,300.6000061035156,300.95001220703125,300.6000061035156,300.8999938964844,474
2025-04-09 10:04:00+05:30,301.0,301.25,300.8500061035156,300.8500061035156,975
2025-04-09 10:05:00+05:30,301.04998779296875,301.1499938964844,301.04998779296875,301.1499938964844,4289
2025-04-09 10:06:00+05:30,301.1499938964844,301.25,301.04998779296875,301.04998779296875,400
2025-04-09 10:07:00+05:30,300.8500061035156,301.1499938964844,300.3999938964844,301.1499938964844,2594
2025-04-09 10:08:00+05:30,301.1000061035156,301.1000061035156,300.75,300.8500061035156,388
2025-04-09 10:09:00+05:30,300.75,301.25,300.5,301.25,1017
2025-04-09 10:10:00+05:30,300.8500061035156,300.8500061035156,300.3500061035156,300.8500061035156,687
2025-04-09 10:11:00+05:30,300.75,300.79998779296875,300.29998779296875,300.79998779296875,779
2025-04-09 10:12:00+05:30,300.75,300.75,300.5,300.6499938964844,71
2025-04-09 10:13:00+05:30,300.25,300.75,300.25,300.75,1849
2025-04-09 10:14:00+05:30,300.5,300.6499938964844,300.3500061035156,300.5,1638
2025-04-09 10:15:00+05:30,300.5,300.70001220703125,300.3999938964844,300.5,770
2025-04-09 10:16:00+05:30,300.54998779296875,300.70001220703125,300.3500061035156,300.6000061035156,1239
2025-04-09 10:17:00+05:30,300.6499938964844,300.6499938964844,300.5,300.54998779296875,1369
2025-04-09 10:18:00+05:30,300.75,300.8999938964844,300.6499938964844,300.8500061035156,1167
2025-04-09 10:19:00+05:30,300.8500061035156,300.8999938964844,300.79998779296875,300.8999938964844,1785
2025-04-09 10:20:00+05:30,300.8500061035156,300.8500061035156,300.70001220703125,300.8500061035156,169
2025-04-09 10:21:00+05:30,300.8500061035156,300.8999938964844,300.70001220703125,300.8999938964844,108
2025-04-09 10:22:00+05:30,300.8999938964844,300.8999938964844,300.8999938964844,300.8999938964844,52
2025-04-09 10:23:00+05:30,300.95001220703125,300.95001220703125,300.75,300.8999938964844,336
2025-04-09 10:24:00+05:30,300.8500061035156,300.8500061035156,300.70001220703125,300.79998779296875,1101
2025-04-09 10:25:00+05:30,300.79998779296875,300.95001220703125,300.79998779296875,300.8500061035156,396
2025-04-09 10:26:00+05:30,301.0,301.0,300.8999938964844,300.8999938964844,135
2025-04-09 10:27:00+05:30,301.8999938964844,301.8999938964844,300.95001220703125,300.95001220703125,3901
2025-04-09 10:28:00+05:30,301.8500061035156,301.8999938964844,301.6499938964844,301.8999938964844,1797
2025-04-09 10:29:00+05:30,301.6499938964844,301.75,301.6499938964844,301.75,251
2025-04-09 10:30:00+05:30,301.5,301.6499938964844,301.5,301.6499938964844,180
2025-04-09 10:31:00+05:30,301.1499938964844,301.45001220703125,301.1499938964844,301.3999938964844,112
2025-04-09 10:32:00+05:30,301.54998779296875,301.54998779296875,301.1499938964844,301.1499938964844,2026
2025-04-09 10:33:00+05:30,301.54998779296875,301.54998779296875,301.25,301.54998779296875,1206
2025-04-09 10:34:00+05:30,301.29998779296875,301.6499938964844,301.1000061035156,301.6000061035156,324
2025-04-09 10:35:00+05:30,301.25,301.45001220703125,301.1499938964844,301.29998779296875,252
2025-04-09 10:36:00+05:30,301.1000061035156,301.29998779296875,301.1000061035156,301.25,48
2025-04-09 10:37:00+05:30,301.1000061035156,301.29998779296875,301.0,301.29998779296875,89
2025-04-09 10:55:00+05:30,301.29998779296875,301.29998779296875,301.25,301.25,14119
2025-04-09 10:56:00+05:30,301.45001220703125,301.6000061035156,301.25,301.29998779296875,1152
2025-04-09 10:57:00+05:30,301.5,301.5,301.29998779296875,301.45001220703125,403
2025-04-09 10:58:00+05:30,301.3999938964844,301.5,301.29998779296875,301.5,241
2025-04-09 10:59:00+05:30,301.5,301.5,301.3999938964844,301.3999938964844,1026
2025-04-09 11:00:00+05:30,301.70001220703125,301.79998779296875,301.5,301.5,436
2025-04-09 11:01:00+05:30,301.70001220703125,301.70001220703125,301.54998779296875,301.54998779296875,286
2025-04-09 11:02:00+05:30,301.79998779296875,301.79998779296875,301.54998779296875,301.75,82
2025-04-09 11:03:00+05:30,301.45001220703125,301.6000061035156,301.3500061035156,301.54998779296875,121
2025-04-09 11:04:00+05:30,301.5,301.5,301.29998779296875,301.45001220703125,234
2025-04-09 11:05:00+05:30,301.20001220703125,301.45001220703125,301.20001220703125,301.45001220703125,26
2025-04-09 11:06:00+05:30,301.0,301.25,301.0,301.25,600
2025-04-09 11:07:00+05:30,301.0,301.0,300.79998779296875,300.79998779296875,19
2025-04-09 11:08:00+05:30,300.8500061035156,301.0,300.75,300.8500061035156,266
2025-04-09 11:09:00+05:30,301.0,301.0,300.95001220703125,300.95001220703125,56
2025-04-09 11:10:00+05:30,301.0,301.0,301.0,301.0,269
2025-04-09 11:11:00+05:30,300.95001220703125,301.0,300.8999938964844,301.0,98
2025-04-09 11:12:00+05:30,300.79998779296875,300.8500061035156,300.6000061035156,300.6000061035156,211
2025-04-09 11:13:00+05:30,300.79998779296875,300.79998779296875,300.6000061035156,300.79998779296875,146
2025-04-09 11:14:00+05:30,301.0,301.0,300.54998779296875,300.79998779296875,563
2025-04-09 11:15:00+05:30,301.0,301.0,300.75,301.0,661
2025-04-09 11:16:00+05:30,300.95001220703125,301.0,300.6499938964844,301.0,747
2025-04-09 11:17:00+05:30,300.8500061035156,300.95001220703125,300.75,300.95001220703125,379
2025-04-09 11:18:00+05:30,301.0,301.20001220703125,301.0,301.0,1199
2025-04-09 11:19:00+05:30,300.8999938964844,301.1000061035156,300.8500061035156,301.1000061035156,170
2025-04-09 11:20:00+05:30,300.79998779296875,300.8500061035156,300.5,300.70001220703125,550
2025-04-09 11:21:00+05:30,300.79998779296875,300.79998779296875,300.79998779296875,300.79998779296875,43
2025-04-09 11:22:00+05:30,300.79998779296875,300.79998779296875,300.79998779296875,300.79998779296875,11
2025-04-09 11:23:00+05:30,301.04998779296875,301.04998779296875,300.95001220703125,300.95001220703125,346
2025-04-09 11:24:00+05:30,301.1000061035156,301.1000061035156,300.95001220703125,301.04998779296875,312
2025-04-09 11:25:00+05:30,300.8500061035156,301.1000061035156,300.79998779296875,301.1000061035156,377
2025-04-09 11:26:00+05:30,300.8500061035156,301.04998779296875,300.79998779296875,300.79998779296875,203
2025-04-09 11:27:00+05:30,300.79998779296875,300.8500061035156,300.6000061035156,300.8500061035156,30
2025-04-09 11:28:00+05:30,301.0,301.0,300.79998779296875,300.95001220703125,376
2025-04-09 11:29:00+05:30,301.1000061035156,301.20001220703125,300.8999938964844,301.20001220703125,701
2025-04-09 11:30:00+05:30,301.1000061035156,301.1000061035156,301.1000061035156,301.1000061035156,38
2025-04-09 11:31:00+05:30,301.1000061035156,301.1000061035156,301.0,301.0,562
2025-04-09 11:32:00+05:30,301.3500061035156,301.3500061035156,301.1000061035156,301.1000061035156,254
2025-04-09 11:33:00+05:30,301.3500061035156,301.3999938964844,301.3500061035156,301.3500061035156,27
2025-04-09 11:34:00+05:30,301.6000061035156,301.6000061035156,301.3500061035156,301.3500061035156,602
2025-04-09 11:35:00+05:30,301.6000061035156,301.6000061035156,301.54998779296875,301.6000061035156,243
2025-04-09 11:36:00+05:30,301.6000061035156,301.6000061035156,301.5,301.6000061035156,197
2025-04-09 11:37:00+05:30,301.6000061035156,301.6000061035156,301.5,301.6000061035156,171
2025-04-09 11:38:00+05:30,301.79998779296875,301.79998779296875,301.5,301.6000061035156,624
2025-04-09 11:39:00+05:30,301.5,301.79998779296875,301.5,301.79998779296875,621
2025-04-09 11:40:00+05:30,302.1499938964844,302.5,301.8500061035156,301.8500061035156,6249
2025-04-09 11:41:00+05:30,302.3999938964844,302.3999938964844,302.1499938964844,302.1499938964844,0
2025-04-09 11:42:00+05:30,303.29998779296875,303.29998779296875,302.6499938964844,302.6499938964844,7772
2025-04-09 11:43:00+05:30,303.54998779296875,303.75,303.5,303.5,350
2025-04-09 11:44:00+05:30,303.5,303.6499938964844,303.45001220703125,303.54998779296875,125
2025-04-09 11:45:00+05:30,303.45001220703125,303.8500061035156,303.45001220703125,303.75,304
2025-04-09 11:46:00+05:30,303.8500061035156,303.8500061035156,303.29998779296875,303.29998779296875,192
2025-04-09 11:47:00+05:30,304.1499938964844,304.1499938964844,303.8500061035156,303.8500061035156,400
2025-04-09 11:48:00+05:30,304.29998779296875,304.29998779296875,304.04998779296875,304.1499938964844,128
2025-04-09 11:49:00+05:30,304.29998779296875,304.6000061035156,304.20001220703125,304.20001220703125,413
2025-04-09 11:50:00+05:30,303.3999938964844,303.6499938964844,303.3999938964844,303.6499938964844,2135
2025-04-09 11:51:00+05:30,303.79998779296875,303.79998779296875,303.3999938964844,303.3999938964844,172
2025-04-09 11:52:00+05:30,303.45001220703125,303.8500061035156,303.45001220703125,303.79998779296875,1382
2025-04-09 11:53:00+05:30,303.8500061035156,303.8500061035156,303.75,303.79998779296875,213
2025-04-09 11:54:00+05:30,304.0,304.0,303.8500061035156,303.8500061035156,626
2025-04-09 11:55:00+05:30,304.0,304.0,304.0,304.0,21
2025-04-09 11:56:00+05:30,303.54998779296875,303.8500061035156,303.54998779296875,303.70001220703125,683
2025-04-09 11:57:00+05:30,303.6000061035156,303.70001220703125,303.6000061035156,303.70001220703125,165
2025-04-09 11:58:00+05:30,303.75,303.75,303.6000061035156,303.75,21
2025-04-09 11:59:00+05:30,303.54998779296875,303.75,303.54998779296875,303.6499938964844,142
2025-04-09 12:00:00+05:30,303.3999938964844,303.70001220703125,303.3999938964844,303.70001220703125,562
2025-04-09 12:01:00+05:30,304.45001220703125,304.70001220703125,303.29998779296875,303.6499938964844,10332
2025-04-09 12:02:00+05:30,304.3500061035156,304.6000061035156,304.3500061035156,304.6000061035156,572
2025-04-09 12:04:00+05:30,304.54998779296875,304.54998779296875,304.3999938964844,304.3999938964844,39
2025-04-09 12:05:00+05:30,304.5,304.6000061035156,304.5,304.6000061035156,257
2025-04-09 12:06:00+05:30,304.3500061035156,304.3999938964844,304.3500061035156,304.3999938964844,0
2025-04-09 12:07:00+05:30,304.25,304.25,304.25,304.25,49
2025-04-09 12:08:00+05:30,304.3999938964844,304.3999938964844,304.3999938964844,304.3999938964844,62
2025-04-09 12:09:00+05:30,304.25,304.25,304.25,304.25,155
2025-04-09 12:10:00+05:30,304.5,304.5,304.29998779296875,304.3500061035156,1184
2025-04-09 12:11:00+05:30,304.5,304.5,304.5,304.5,23
2025-04-09 12:12:00+05:30,304.25,304.5,304.20001220703125,304.5,846
2025-04-09 12:14:00+05:30,304.45001220703125,304.45001220703125,304.25,304.25,135
2025-04-09 12:15:00+05:30,304.45001220703125,304.45001220703125,304.45001220703125,304.45001220703125,229
2025-04-09 12:16:00+05:30,305.0,305.0,304.45001220703125,304.45001220703125,1754
2025-04-09 12:17:00+05:30,305.0,305.0,305.0,305.0,143
2025-04-09 12:18:00+05:30,305.0,305.0,305.0,305.0,1546
2025-04-09 12:19:00+05:30,304.95001220703125,305.0,304.79998779296875,305.0,609
2025-04-09 12:20:00+05:30,304.75,304.75,304.75,304.75,59
2025-04-09 12:21:00+05:30,304.75,304.8500061035156,304.75,304.8500061035156,128
2025-04-09 12:22:00+05:30,306.1499938964844,306.1499938964844,304.75,304.8500061035156,5595
2025-04-09 12:23:00+05:30,305.75,306.29998779296875,305.75,306.29998779296875,1262
2025-04-09 12:24:00+05:30,306.1000061035156,306.25,305.95001220703125,306.04998779296875,3986
2025-04-09 12:25:00+05:30,305.8500061035156,306.0,305.6000061035156,306.0,666
2025-04-09 12:26:00+05:30,306.04998779296875,306.04998779296875,305.8500061035156,305.8500061035156,168
2025-04-09 12:27:00+05:30,306.1000061035156,306.1000061035156,306.04998779296875,306.04998779296875,242
2025-04-09 12:28:00+05:30,306.3500061035156,306.3500061035156,306.0,306.1000061035156,2282
2025-04-09 12:29:00+05:30,306.20001220703125,306.3999938964844,306.1000061035156,306.1499938964844,1629
2025-04-09 12:30:00+05:30,306.8500061035156,306.8999938964844,306.3999938964844,306.45001220703125,2206
2025-04-09 12:31:00+05:30,306.75,306.8999938964844,306.6000061035156,306.8999938964844,249
2025-04-09 12:32:00+05:30,307.5,307.5,306.70001220703125,306.79998779296875,1993
2025-04-09 12:33:00+05:30,307.8500061035156,307.95001220703125,307.5,307.5,4191
2025-04-09 12:34:00+05:30,308.29998779296875,308.6499938964844,307.8500061035156,307.8500061035156,6690
2025-04-09 12:35:00+05:30,308.0,308.54998779296875,308.0,308.29998779296875,807
2025-04-09 12:36:00+05:30,308.0,308.04998779296875,307.5,308.04998779296875,1121
2025-04-09 12:37:00+05:30,308.0,308.1499938964844,308.0,308.0,307
2025-04-09 12:38:00+05:30,307.75,308.25,307.75,308.20001220703125,1489
2025-04-09 12:39:00+05:30,307.79998779296875,307.95001220703125,307.6000061035156,307.75,808
2025-04-09 12:40:00+05:30,307.54998779296875,307.79998779296875,307.54998779296875,307.79998779296875,354
2025-04-09 12:41:00+05:30,307.54998779296875,307.79998779296875,307.5,307.5,122
2025-04-09 12:42:00+05:30,307.54998779296875,307.75,307.54998779296875,307.54998779296875,8
2025-04-09 12:43:00+05:30,307.8500061035156,307.8500061035156,307.54998779296875,307.75,1004
2025-04-09 12:44:00+05:30,308.0,308.0,307.6499938964844,307.6499938964844,483
2025-04-09 12:45:00+05:30,308.1499938964844,308.1499938964844,308.0,308.0,400
2025-04-09 12:46:00+05:30,308.3999938964844,308.3999938964844,308.0,308.0,653
2025-04-09 12:47:00+05:30,309.0,309.0,308.45001220703125,308.45001220703125,1365
2025-04-09 12:48:00+05:30,309.1499938964844,309.20001220703125,308.8999938964844,309.1000061035156,1969
2025-04-09 12:49:00+05:30,309.1499938964844,309.45001220703125,309.1499938964844,309.45001220703125,2424
2025-04-09 12:50:00+05:30,308.5,309.25,308.5,309.20001220703125,3386
2025-04-09 12:51:00+05:30,308.5,308.70001220703125,308.29998779296875,308.70001220703125,1191
2025-04-09 12:52:00+05:30,308.5,308.70001220703125,308.3999938964844,308.3999938964844,99
2025-04-09 12:53:00+05:30,308.8500061035156,308.8999938964844,308.70001220703125,308.70001220703125,751
2025-04-09 12:54:00+05:30,308.54998779296875,308.8999938964844,308.54998779296875,308.8999938964844,801
2025-04-09 12:55:00+05:30,308.75,308.8500061035156,308.75,308.75,256
2025-04-09 12:56:00+05:30,308.3999938964844,308.8500061035156,308.1000061035156,308.8500061035156,497
2025-04-09 12:57:00+05:30,308.8999938964844,308.8999938964844,308.20001220703125,308.20001220703125,1405
2025-04-09 12:58:00+05:30,308.6499938964844,308.6499938964844,308.6499938964844,308.6499938964844,90
2025-04-09 12:59:00+05:30,309.20001220703125,309.29998779296875,308.6499938964844,308.6499938964844,844
2025-04-09 13:00:00+05:30,309.25,309.29998779296875,309.20001220703125,309.25,523
2025-04-09 13:01:00+05:30,309.1499938964844,309.3999938964844,309.0,309.25,2706
2025-04-09 13:02:00+05:30,305.75,309.1000061035156,305.5,309.0,27513
2025-04-09 13:03:00+05:30,307.20001220703125,307.25,305.75,305.75,3825
2025-04-09 13:04:00+05:30,306.70001220703125,307.20001220703125,306.3999938964844,307.1499938964844,1897
2025-04-09 13:05:00+05:30,306.25,306.70001220703125,306.25,306.70001220703125,678
2025-04-09 13:06:00+05:30,306.79998779296875,306.8500061035156,306.1499938964844,306.1499938964844,244
2025-04-09 13:07:00+05:30,306.70001220703125,306.79998779296875,306.54998779296875,306.79998779296875,221
2025-04-09 13:08:00+05:30,306.5,306.75,306.5,306.70001220703125,164
2025-04-09 13:09:00+05:30,307.0,307.0,306.75,306.75,445
2025-04-09 13:10:00+05:30,307.0,307.0,307.0,307.0,61
2025-04-09 13:11:00+05:30,307.0,307.0,306.75,307.0,321
2025-04-09 13:12:00+05:30,306.8500061035156,306.95001220703125,306.8500061035156,306.95001220703125,197
2025-04-09 13:13:00+05:30,306.70001220703125,306.8500061035156,306.70001220703125,306.8500061035156,239
2025-04-09 13:14:00+05:30,306.8500061035156,306.8500061035156,306.6000061035156,306.6000061035156,315
2025-04-09 13:15:00+05:30,307.0,307.04998779296875,306.79998779296875,306.79998779296875,739
2025-04-09 13:16:00+05:30,306.8500061035156,307.0,306.8500061035156,306.95001220703125,71
2025-04-09 13:17:00+05:30,306.8500061035156,306.8500061035156,306.8500061035156,306.8500061035156,209
2025-04-09 13:18:00+05:30,306.8500061035156,306.8500061035156,306.8500061035156,306.8500061035156,50
2025-04-09 13:19:00+05:30,306.6499938964844,306.8999938964844,306.6499938964844,306.8999938964844,153
2025-04-09 13:20:00+05:30,306.70001220703125,306.70001220703125,306.5,306.6499938964844,283
2025-04-09 13:21:00+05:30,306.6000061035156,306.70001220703125,306.3500061035156,306.70001220703125,70
2025-04-09 13:22:00+05:30,306.3500061035156,306.6499938964844,306.3500061035156,306.6000061035156,351
2025-04-09 13:23:00+05:30,306.5,306.5,306.25,306.25,373
2025-04-09 13:24:00+05:30,306.8500061035156,306.8500061035156,306.25,306.29998779296875,294
2025-04-09 13:25:00+05:30,306.8999938964844,306.8999938964844,306.5,306.79998779296875,404
2025-04-09 13:26:00+05:30,306.8500061035156,307.1499938964844,306.8500061035156,306.8500061035156,1680
2025-04-09 13:27:00+05:30,306.79998779296875,307.0,306.79998779296875,307.0,77
2025-04-09 13:28:00+05:30,306.95001220703125,307.04998779296875,306.95001220703125,307.0,1979
2025-04-09 13:29:00+05:30,307.0,307.25,307.0,307.0,1382
2025-04-09 13:30:00+05:30,307.20001220703125,307.20001220703125,307.0,307.0,59
2025-04-09 13:31:00+05:30,307.0,307.1499938964844,307.0,307.1499938964844,158
2025-04-09 13:32:00+05:30,307.20001220703125,307.20001220703125,307.1499938964844,307.1499938964844,476
2025-04-09 13:33:00+05:30,307.0,307.20001220703125,306.95001220703125,307.20001220703125,127
2025-04-09 13:34:00+05:30,306.8500061035156,307.0,306.70001220703125,307.0,252
2025-04-09 13:35:00+05:30,306.75,306.79998779296875,306.5,306.6000061035156,188
2025-04-09 13:36:00+05:30,306.75,306.75,306.5,306.75,42
2025-04-09 13:37:00+05:30,306.75,306.75,306.75,306.75,54
2025-04-09 13:38:00+05:30,306.8999938964844,306.8999938964844,306.3500061035156,306.75,2821
2025-04-09 13:39:00+05:30,306.8500061035156,307.0,306.8500061035156,306.8500061035156,166
2025-04-09 13:40:00+05:30,306.8500061035156,306.95001220703125,306.8500061035156,306.95001220703125,167
2025-04-09 13:41:00+05:30,306.8500061035156,306.8500061035156,306.8500061035156,306.8500061035156,12
2025-04-09 13:42:00+05:30,306.8500061035156,306.8500061035156,306.8500061035156,306.8500061035156,386
2025-04-09 13:43:00+05:30,306.8500061035156,306.95001220703125,306.8500061035156,306.95001220703125,30
2025-04-09 13:44:00+05:30,306.70001220703125,307.04998779296875,306.70001220703125,306.8500061035156,485
2025-04-09 13:45:00+05:30,307.1499938964844,307.1499938964844,307.1000061035156,307.1000061035156,172
2025-04-09 13:46:00+05:30,307.0,307.25,306.95001220703125,306.95001220703125,464
2025-04-09 13:47:00+05:30,307.04998779296875,307.1499938964844,306.8999938964844,307.0,928
2025-04-09 13:48:00+05:30,305.79998779296875,307.04998779296875,305.79998779296875,307.0,6780
2025-04-09 13:49:00+05:30,306.0,306.0,306.0,306.0,41
2025-04-09 13:50:00+05:30,305.70001220703125,305.79998779296875,305.70001220703125,305.79998779296875,263
2025-04-09 13:51:00+05:30,305.75,305.75,305.70001220703125,305.70001220703125,184
2025-04-09 13:52:00+05:30,305.6000061035156,305.6000061035156,305.3999938964844,305.45001220703125,118
2025-04-09 13:53:00+05:30,305.6000061035156,305.6000061035156,305.3999938964844,305.3999938964844,21
2025-04-09 13:54:00+05:30,305.75,305.79998779296875,305.54998779296875,305.79998779296875,58
2025-04-09 13:55:00+05:30,305.79998779296875,305.79998779296875,305.75,305.79998779296875,10
2025-04-09 13:56:00+05:30,305.79998779296875,305.79998779296875,305.79998779296875,305.79998779296875,54
2025-04-09 13:57:00+05:30,305.5,305.79998779296875,305.45001220703125,305.79998779296875,1215
2025-04-09 13:58:00+05:30,305.79998779296875,305.79998779296875,305.6499938964844,305.6499938964844,144
2025-04-09 13:59:00+05:30,306.0,306.0,305.79998779296875,305.79998779296875,336
2025-04-09 14:00:00+05:30,306.0,306.0,305.8500061035156,306.0,128
2025-04-09 14:01:00+05:30,306.1000061035156,306.1000061035156,306.04998779296875,306.04998779296875,234
2025-04-09 14:02:00+05:30,306.1499938964844,306.25,306.0,306.20001220703125,740
2025-04-09 14:03:00+05:30,306.04998779296875,306.1499938964844,305.8500061035156,306.1499938964844,387
2025-04-09 14:04:00+05:30,305.8500061035156,306.04998779296875,305.70001220703125,306.04998779296875,60
2025-04-09 14:05:00+05:30,306.20001220703125,306.20001220703125,305.54998779296875,305.6000061035156,214
2025-04-09 14:07:00+05:30,306.0,306.20001220703125,306.0,306.20001220703125,507
2025-04-09 14:08:00+05:30,305.95001220703125,306.0,305.8500061035156,306.0,134
2025-04-09 14:09:00+05:30,305.8500061035156,305.95001220703125,305.6499938964844,305.95001220703125,86
2025-04-09 14:10:00+05:30,305.8999938964844,305.8999938964844,305.6499938964844,305.8500061035156,134
2025-04-09 14:11:00+05:30,305.95001220703125,305.95001220703125,305.95001220703125,305.95001220703125,201
2025-04-09 14:12:00+05:30,305.25,305.95001220703125,305.25,305.95001220703125,656
2025-04-09 14:13:00+05:30,305.1000061035156,305.5,305.1000061035156,305.29998779296875,2748
2025-04-09 14:14:00+05:30,305.6000061035156,305.6499938964844,305.1499938964844,305.29998779296875,737
2025-04-09 14:15:00+05:30,305.3500061035156,305.45001220703125,305.1499938964844,305.20001220703125,413
2025-04-09 14:16:00+05:30,305.3500061035156,305.3500061035156,305.3500061035156,305.3500061035156,18
2025-04-09 14:17:00+05:30,305.3500061035156,305.3500061035156,305.29998779296875,305.29998779296875,35
2025-04-09 14:18:00+05:30,305.3500061035156,305.3500061035156,305.1499938964844,305.3500061035156,25
2025-04-09 14:19:00+05:30,305.20001220703125,305.3999938964844,305.20001220703125,305.3999938964844,216
2025-04-09 14:20:00+05:30,305.3500061035156,305.3999938964844,305.1000061035156,305.3999938964844,69
2025-04-09 14:21:00+05:30,305.29998779296875,305.29998779296875,305.1499938964844,305.29998779296875,574
2025-04-09 14:22:00+05:30,305.75,305.75,305.3500061035156,305.6000061035156,51
2025-04-09 14:23:00+05:30,305.79998779296875,305.79998779296875,305.79998779296875,305.79998779296875,279
2025-04-09 14:24:00+05:30,305.8500061035156,305.8500061035156,305.8500061035156,305.8500061035156,31
2025-04-09 14:25:00+05:30,305.79998779296875,305.8500061035156,305.5,305.8500061035156,158
2025-04-09 14:26:00+05:30,305.79998779296875,305.79998779296875,305.79998779296875,305.79998779296875,5
2025-04-09 14:27:00+05:30,305.79998779296875,305.79998779296875,305.79998779296875,305.79998779296875,1367
2025-04-09 14:28:00+05:30,305.79998779296875,305.79998779296875,305.54998779296875,305.54998779296875,0
2025-04-09 14:29:00+05:30,305.8500061035156,305.8500061035156,305.6000061035156,305.6000061035156,43
2025-04-09 14:30:00+05:30,305.6000061035156,305.8500061035156,305.6000061035156,305.8500061035156,231
2025-04-09 14:31:00+05:30,305.8500061035156,305.8500061035156,305.79998779296875,305.79998779296875,16
2025-04-09 14:32:00+05:30,305.70001220703125,305.8500061035156,305.70001220703125,305.79998779296875,504
2025-04-09 14:33:00+05:30,305.8500061035156,305.8500061035156,305.6499938964844,305.8500061035156,199
2025-04-09 14:34:00+05:30,305.6000061035156,305.8500061035156,305.6000061035156,305.8500061035156,150
2025-04-09 14:35:00+05:30,305.6000061035156,305.79998779296875,305.6000061035156,305.6000061035156,104
2025-04-09 14:36:00+05:30,305.6499938964844,305.6499938964844,305.1000061035156,305.1000061035156,2237
2025-04-09 14:37:00+05:30,305.3999938964844,305.3999938964844,305.1000061035156,305.3500061035156,141
2025-04-09 14:38:00+05:30,305.79998779296875,305.79998779296875,305.04998779296875,305.3999938964844,1644
2025-04-09 14:39:00+05:30,306.1499938964844,306.29998779296875,305.54998779296875,305.79998779296875,2662
2025-04-09 14:40:00+05:30,306.0,306.1000061035156,305.79998779296875,306.1000061035156,265
2025-04-09 14:41:00+05:30,305.8500061035156,306.0,305.8500061035156,306.0,390
2025-04-09 14:42:00+05:30,305.8500061035156,305.8500061035156,305.5,305.8500061035156,461
2025-04-09 14:43:00+05:30,306.0,306.0,305.8500061035156,305.8500061035156,2986
2025-04-09 14:44:00+05:30,306.25,306.25,305.8999938964844,306.0,99
2025-04-09 14:45:00+05:30,306.0,306.3500061035156,305.95001220703125,306.25,765
2025-04-09 14:46:00+05:30,306.25,306.29998779296875,305.95001220703125,306.0,1290
2025-04-09 14:47:00+05:30,305.95001220703125,306.25,305.95001220703125,306.0,499
2025-04-09 14:48:00+05:30,306.1499938964844,306.29998779296875,306.0,306.0,4797
2025-04-09 14:49:00+05:30,305.8999938964844,306.25,305.8999938964844,306.20001220703125,3236
2025-04-09 14:50:00+05:30,307.20001220703125,307.20001220703125,306.0,306.6000061035156,26408
2025-04-09 14:51:00+05:30,308.04998779296875,308.6000061035156,307.5,307.5,2000
2025-04-09 14:52:00+05:30,308.8500061035156,308.8500061035156,308.25,308.25,2328
2025-04-09 14:53:00+05:30,308.95001220703125,309.0,308.8500061035156,308.8999938964844,713
2025-04-09 14:54:00+05:30,308.5,309.45001220703125,308.5,309.20001220703125,6191
2025-04-09 14:55:00+05:30,308.8500061035156,308.8500061035156,308.5,308.5,702
2025-04-09 14:56:00+05:30,309.3500061035156,309.6000061035156,308.75,308.75,1071
2025-04-09 14:57:00+05:30,309.79998779296875,309.79998779296875,309.54998779296875,309.70001220703125,650
2025-04-09 14:58:00+05:30,310.70001220703125,310.70001220703125,309.75,309.8500061035156,10037
2025-04-09 14:59:00+05:30,311.8500061035156,311.8500061035156,310.5,310.5,7719
2025-04-09 15:00:00+05:30,312.1499938964844,313.0,311.70001220703125,311.70001220703125,18044
2025-04-09 15:01:00+05:30,313.1499938964844,313.5,312.0,312.0,12397
2025-04-09 15:02:00+05:30,313.04998779296875,313.54998779296875,312.8500061035156,313.3999938964844,7284
2025-04-09 15:03:00+05:30,313.3999938964844,313.8500061035156,313.1499938964844,313.1499938964844,18359
2025-04-09 15:04:00+05:30,313.45001220703125,313.6499938964844,313.0,313.3999938964844,10502
2025-04-09 15:05:00+05:30,314.0,314.0,313.25,313.5,17088
2025-04-09 15:06:00+05:30,313.04998779296875,314.20001220703125,313.04998779296875,314.0,7952
2025-04-09 15:07:00+05:30,313.04998779296875,313.25,312.8999938964844,312.95001220703125,10929
2025-04-09 15:08:00+05:30,312.6499938964844,313.3500061035156,312.6499938964844,313.29998779296875,7690
2025-04-09 15:09:00+05:30,312.79998779296875,312.79998779296875,312.5,312.6499938964844,3993
2025-04-09 15:10:00+05:30,313.04998779296875,313.20001220703125,312.75,312.75,8439
2025-04-09 15:11:00+05:30,313.75,313.75,313.04998779296875,313.1499938964844,15100
2025-04-09 15:12:00+05:30,313.6499938964844,313.6499938964844,313.29998779296875,313.3500061035156,2579
2025-04-09 15:13:00+05:30,313.8500061035156,313.8500061035156,313.29998779296875,313.6499938964844,7854
2025-04-09 15:14:00+05:30,313.1499938964844,314.1000061035156,313.1499938964844,314.1000061035156,7273
2025-04-09 15:15:00+05:30,312.54998779296875,313.1000061035156,312.29998779296875,313.0,5846
2025-04-09 15:16:00+05:30,312.0,312.70001220703125,312.0,312.45001220703125,3661
2025-04-09 15:17:00+05:30,311.3500061035156,311.95001220703125,311.1499938964844,311.95001220703125,6063
2025-04-09 15:18:00+05:30,311.25,312.0,311.1000061035156,311.8500061035156,20117
2025-04-09 15:19:00+05:30,311.20001220703125,311.3999938964844,311.0,311.20001220703125,4433
2025-04-09 15:20:00+05:30,312.20001220703125,312.3999938964844,311.25,311.25,12409
2025-04-09 15:21:00+05:30,311.75,312.20001220703125,311.70001220703125,312.1000061035156,4205
2025-04-09 15:22:00+05:30,311.6499938964844,311.8999938964844,311.6499938964844,311.8500061035156,1620
2025-04-09 15:23:00+05:30,311.29998779296875,311.70001220703125,311.29998779296875,311.6499938964844,2859
2025-04-09 15:24:00+05:30,311.79998779296875,311.8999938964844,311.45001220703125,311.45001220703125,3560
2025-04-09 15:25:00+05:30,311.8500061035156,311.8999938964844,311.79998779296875,311.8999938964844,4717
2025-04-09 15:26:00+05:30,311.70001220703125,312.0,311.54998779296875,311.8500061035156,7439
2025-04-09 15:27:00+05:30,311.6499938964844,311.70001220703125,311.6000061035156,311.70001220703125,1416
2025-04-09 15:28:00+05:30,311.79998779296875,311.79998779296875,311.6000061035156,311.6000061035156,3545
2025-04-09 15:29:00+05:30,311.8999938964844,312.0,311.79998779296875,311.79998779296875,3144
2025-04-11 09:15:00+05:30,315.6000061035156,319.75,315.6000061035156,319.75,0
2025-04-11 09:16:00+05:30,316.5,316.5,315.5,315.5,14838
2025-04-11 09:17:00+05:30,315.8999938964844,316.04998779296875,315.25,316.04998779296875,7861
2025-04-11 09:18:00+05:30,315.0,315.6499938964844,314.6000061035156,315.6499938964844,10308
2025-04-11 09:19:00+05:30,313.20001220703125,315.25,313.20001220703125,315.25,8018
2025-04-11 09:20:00+05:30,311.1000061035156,313.5,310.95001220703125,313.5,15089
2025-04-11 09:21:00+05:30,310.70001220703125,310.8999938964844,310.20001220703125,310.8999938964844,7382
2025-04-11 09:22:00+05:30,311.5,311.54998779296875,310.45001220703125,310.79998779296875,7878
2025-04-11 09:23:00+05:30,310.8999938964844,312.1000061035156,310.8999938964844,311.20001220703125,4172
2025-04-11 09:24:00+05:30,311.1000061035156,311.29998779296875,310.6000061035156,311.1499938964844,11194
2025-04-11 09:25:00+05:30,312.54998779296875,312.54998779296875,311.3999938964844,311.3999938964844,2576
2025-04-11 09:26:00+05:30,311.8500061035156,312.6499938964844,311.8500061035156,312.29998779296875,12474
2025-04-11 09:27:00+05:30,311.8500061035156,312.20001220703125,311.1000061035156,311.54998779296875,8343
2025-04-11 09:28:00+05:30,312.70001220703125,312.79998779296875,311.70001220703125,311.75,11817
2025-04-11 09:29:00+05:30,312.3500061035156,313.0,312.3500061035156,312.70001220703125,5579
2025-04-11 09:30:00+05:30,312.6000061035156,313.04998779296875,312.6000061035156,313.04998779296875,4108
2025-04-11 09:31:00+05:30,312.6499938964844,313.1000061035156,312.6499938964844,312.8500061035156,5051
2025-04-11 09:32:00+05:30,313.29998779296875,313.6000061035156,312.54998779296875,312.54998779296875,3679
2025-04-11 09:33:00+05:30,313.95001220703125,314.0,313.79998779296875,313.79998779296875,2755
2025-04-11 09:34:00+05:30,314.1000061035156,314.1000061035156,313.6499938964844,313.95001220703125,7332
2025-04-11 09:35:00+05:30,314.20001220703125,314.3999938964844,313.79998779296875,314.1000061035156,2666
2025-04-11 09:36:00+05:30,314.25,314.70001220703125,314.1000061035156,314.6499938964844,3871
2025-04-11 09:37:00+05:30,313.6000061035156,313.95001220703125,313.1000061035156,313.95001220703125,3560
2025-04-11 09:38:00+05:30,313.45001220703125,313.6000061035156,313.29998779296875,313.6000061035156,2070
2025-04-11 09:39:00+05:30,313.0,313.29998779296875,312.6000061035156,313.29998779296875,7566
2025-04-11 09:40:00+05:30,313.1499938964844,313.1499938964844,312.75,313.0,1263
2025-04-11 09:41:00+05:30,313.1000061035156,313.25,313.04998779296875,313.20001220703125,4792
2025-04-11 09:42:00+05:30,313.3500061035156,313.79998779296875,313.04998779296875,313.79998779296875,6524
2025-04-11 09:43:00+05:30,312.8500061035156,314.79998779296875,312.8500061035156,313.3999938964844,7705
2025-04-11 09:44:00+05:30,312.70001220703125,313.20001220703125,312.70001220703125,313.1000061035156,3576
2025-04-11 09:45:00+05:30,312.1000061035156,312.79998779296875,312.0,312.79998779296875,1807
2025-04-11 09:46:00+05:30,312.54998779296875,312.6000061035156,312.20001220703125,312.54998779296875,3334
2025-04-11 09:47:00+05:30,312.3999938964844,312.79998779296875,312.1499938964844,312.70001220703125,2679
2025-04-11 09:48:00+05:30,313.1499938964844,313.8500061035156,312.3999938964844,312.3999938964844,1328
2025-04-11 09:49:00+05:30,313.04998779296875,313.3999938964844,312.75,313.1499938964844,1580
2025-04-11 09:50:00+05:30,313.3500061035156,313.3500061035156,312.95001220703125,312.95001220703125,2270
2025-04-11 09:51:00+05:30,313.75,313.75,313.04998779296875,313.04998779296875,2814
2025-04-11 09:52:00+05:30,313.1000061035156,313.45001220703125,313.0,313.45001220703125,2555
2025-04-11 09:53:00+05:30,313.20001220703125,313.20001220703125,313.0,313.1000061035156,5289
2025-04-11 09:54:00+05:30,313.3999938964844,313.3999938964844,313.1000061035156,313.1499938964844,1281
2025-04-11 09:55:00+05:30,313.3999938964844,313.5,313.1499938964844,313.5,4394
2025-04-11 09:56:00+05:30,313.1000061035156,313.29998779296875,312.75,313.29998779296875,8696
2025-04-11 09:57:00+05:30,313.3500061035156,313.45001220703125,313.1000061035156,313.1000061035156,1301
2025-04-11 09:58:00+05:30,313.3500061035156,313.3500061035156,313.1499938964844,313.1499938964844,3288
2025-04-11 09:59:00+05:30,313.3999938964844,313.75,313.3999938964844,313.45001220703125,926
2025-04-11 10:00:00+05:30,314.1000061035156,314.1000061035156,313.6000061035156,313.6000061035156,7351
2025-04-11 10:01:00+05:30,314.6499938964844,314.70001220703125,314.0,314.1000061035156,5799
2025-04-11 10:02:00+05:30,315.1000061035156,315.29998779296875,314.8500061035156,314.8999938964844,3996
2025-04-11 10:03:00+05:30,315.04998779296875,315.29998779296875,315.0,315.20001220703125,794
2025-04-11 10:04:00+05:30,315.0,315.04998779296875,315.0,315.0,1143
2025-04-11 10:05:00+05:30,314.8999938964844,315.1499938964844,314.8999938964844,315.04998779296875,1686
2025-04-11 10:06:00+05:30,315.3999938964844,315.3999938964844,314.79998779296875,314.79998779296875,3071
2025-04-11 10:07:00+05:30,315.5,315.8999938964844,315.45001220703125,315.8999938964844,3399
2025-04-11 10:08:00+05:30,315.20001220703125,315.5,314.8999938964844,315.5,17880
2025-04-11 10:09:00+05:30,315.1000061035156,315.54998779296875,315.1000061035156,315.5,468
2025-04-11 10:10:00+05:30,315.3999938964844,315.6000061035156,315.3999938964844,315.3999938964844,980
2025-04-11 10:11:00+05:30,315.45001220703125,315.45001220703125,315.1000061035156,315.3999938964844,2667
2025-04-11 10:12:00+05:30,315.54998779296875,315.54998779296875,315.45001220703125,315.5,1577
2025-04-11 10:13:00+05:30,315.3500061035156,315.5,314.79998779296875,314.79998779296875,7264
2025-04-11 10:14:00+05:30,315.5,315.5,315.0,315.29998779296875,3010
2025-04-11 10:15:00+05:30,315.54998779296875,315.54998779296875,315.1499938964844,315.25,1593
2025-04-11 10:16:00+05:30,315.45001220703125,315.54998779296875,315.3500061035156,315.5,870
2025-04-11 10:17:00+05:30,315.29998779296875,315.5,315.0,315.5,3969
2025-04-11 10:18:00+05:30,314.79998779296875,315.25,314.75,315.25,1327
2025-04-11 10:19:00+05:30,314.79998779296875,315.0,314.75,314.79998779296875,1465
2025-04-11 10:20:00+05:30,314.70001220703125,314.95001220703125,314.70001220703125,314.8999938964844,949
2025-04-11 10:21:00+05:30,314.75,314.8500061035156,314.70001220703125,314.70001220703125,1023
2025-04-11 10:22:00+05:30,315.0,315.0,314.6499938964844,314.79998779296875,960
2025-04-11 10:23:00+05:30,314.8500061035156,315.0,314.70001220703125,314.70001220703125,2315
2025-04-11 10:24:00+05:30,314.3999938964844,315.0,314.3999938964844,315.0,1114
2025-04-11 10:25:00+05:30,314.6499938964844,314.70001220703125,314.3500061035156,314.3500061035156,1657
2025-04-11 10:26:00+05:30,314.75,314.8500061035156,314.54998779296875,314.54998779296875,1496
2025-04-11 10:27:00+05:30,314.8500061035156,314.8999938964844,314.3999938964844,314.8999938964844,1077
2025-04-11 10:28:00+05:30,314.5,314.6000061035156,313.79998779296875,314.25,4274
2025-04-11 10:29:00+05:30,314.6000061035156,315.0,314.3999938964844,314.8500061035156,2331
2025-04-11 10:30:00+05:30,314.54998779296875,314.75,314.20001220703125,314.75,2034
2025-04-11 10:31:00+05:30,314.8999938964844,314.8999938964844,314.3999938964844,314.54998779296875,675
2025-04-11 10:32:00+05:30,315.0,315.0,314.8999938964844,314.8999938964844,197
2025-04-11 10:33:00+05:30,315.0,315.0,314.95001220703125,315.0,441
2025-04-11 10:34:00+05:30,314.54998779296875,315.0,314.54998779296875,315.0,231
2025-04-11 10:35:00+05:30,314.20001220703125,314.54998779296875,314.20001220703125,314.54998779296875,1575
2025-04-11 10:36:00+05:30,313.95001220703125,314.54998779296875,313.95001220703125,314.3999938964844,532
2025-04-11 10:37:00+05:30,313.45001220703125,314.04998779296875,313.25,313.95001220703125,6166
2025-04-11 10:38:00+05:30,313.79998779296875,314.0,313.75,313.79998779296875,821
2025-04-11 10:39:00+05:30,313.70001220703125,313.79998779296875,313.6499938964844,313.79998779296875,1148
2025-04-11 10:40:00+05:30,313.79998779296875,314.0,313.3999938964844,313.70001220703125,4900
2025-04-11 10:41:00+05:30,314.29998779296875,314.29998779296875,314.04998779296875,314.1000061035156,2535
2025-04-11 10:42:00+05:30,314.25,314.3500061035156,314.1499938964844,314.25,1178
2025-04-11 10:43:00+05:30,314.1000061035156,314.25,313.8999938964844,314.25,129
2025-04-11 10:44:00+05:30,314.0,314.1000061035156,313.8500061035156,314.1000061035156,485
2025-04-11 10:45:00+05:30,314.0,314.0,313.75,314.0,278
2025-04-11 10:46:00+05:30,313.95001220703125,314.0,313.75,314.0,123
2025-04-11 10:47:00+05:30,313.54998779296875,313.95001220703125,313.5,313.95001220703125,158
2025-04-11 10:48:00+05:30,314.0,314.0,313.45001220703125,313.45001220703125,1685
2025-04-11 10:49:00+05:30,314.1000061035156,314.29998779296875,314.0,314.0,3284
2025-04-11 10:50:00+05:30,314.0,314.1000061035156,313.75,314.1000061035156,99
2025-04-11 10:51:00+05:30,314.0,314.0,313.79998779296875,314.0,93
2025-04-11 10:52:00+05:30,313.79998779296875,313.8999938964844,313.79998779296875,313.8999938964844,130
2025-04-11 10:53:00+05:30,313.8500061035156,313.95001220703125,313.6499938964844,313.79998779296875,371
2025-04-11 10:54:00+05:30,313.75,314.0,313.54998779296875,314.0,81
2025-04-11 10:55:00+05:30,313.8500061035156,314.1000061035156,313.79998779296875,313.8500061035156,334
2025-04-11 10:56:00+05:30,314.0,314.1000061035156,313.8500061035156,314.04998779296875,178
2025-04-11 10:57:00+05:30,314.04998779296875,314.1000061035156,314.04998779296875,314.1000061035156,334
2025-04-11 10:58:00+05:30,313.95001220703125,314.04998779296875,313.95001220703125,314.04998779296875,170
2025-04-11 10:59:00+05:30,314.0,314.0,313.95001220703125,313.95001220703125,115
2025-04-11 11:00:00+05:30,313.8500061035156,314.0,313.79998779296875,314.0,167
2025-04-11 11:01:00+05:30,314.25,314.25,313.8999938964844,313.95001220703125,256
2025-04-11 11:02:00+05:30,314.1499938964844,314.20001220703125,314.04998779296875,314.20001220703125,326
2025-04-11 11:03:00+05:30,314.20001220703125,314.25,314.1499938964844,314.25,29
2025-04-11 11:04:00+05:30,314.29998779296875,314.29998779296875,314.04998779296875,314.20001220703125,171
2025-04-11 11:05:00+05:30,314.6000061035156,314.8500061035156,314.29998779296875,314.29998779296875,418
2025-04-11 11:06:00+05:30,314.8500061035156,314.8500061035156,314.70001220703125,314.70001220703125,717
2025-04-11 11:07:00+05:30,314.75,314.8999938964844,314.75,314.8999938964844,151
2025-04-11 11:08:00+05:30,314.8500061035156,314.8500061035156,314.8500061035156,314.8500061035156,36
2025-04-11 11:09:00+05:30,314.8500061035156,314.8500061035156,314.6000061035156,314.8500061035156,342
2025-04-11 11:10:00+05:30,314.45001220703125,315.0,314.45001220703125,314.79998779296875,550
2025-04-11 11:11:00+05:30,314.8500061035156,314.8999938964844,314.75,314.8999938964844,5375
2025-04-11 11:12:00+05:30,314.8999938964844,314.8999938964844,314.6000061035156,314.8500061035156,1893
2025-04-11 11:13:00+05:30,315.0,315.0,315.0,315.0,836
2025-04-11 11:14:00+05:30,314.8500061035156,315.0,314.8500061035156,315.0,234
2025-04-11 11:15:00+05:30,314.79998779296875,314.8500061035156,314.75,314.75,351
2025-04-11 11:16:00+05:30,314.75,315.0,314.70001220703125,314.75,1038
2025-04-11 11:17:00+05:30,314.25,314.79998779296875,314.25,314.79998779296875,1
2025-04-11 11:18:00+05:30,314.1499938964844,314.29998779296875,314.1499938964844,314.29998779296875,76
2025-04-11 11:19:00+05:30,314.20001220703125,314.20001220703125,314.0,314.0,311
2025-04-11 11:20:00+05:30,314.29998779296875,314.29998779296875,314.04998779296875,314.20001220703125,310
2025-04-11 11:21:00+05:30,314.5,314.5,314.29998779296875,314.29998779296875,75
2025-04-11 11:22:00+05:30,314.5,314.54998779296875,314.3500061035156,314.54998779296875,350
2025-04-11 11:23:00+05:30,314.75,314.8500061035156,314.54998779296875,314.54998779296875,873
2025-04-11 11:24:00+05:30,314.79998779296875,314.79998779296875,314.70001220703125,314.75,570
2025-04-11 11:25:00+05:30,314.95001220703125,315.0,314.70001220703125,315.0,1034
2025-04-11 11:26:00+05:30,315.1000061035156,315.1000061035156,314.8500061035156,314.8999938964844,4203
2025-04-11 11:27:00+05:30,314.8500061035156,315.1000061035156,314.79998779296875,315.1000061035156,2765
2025-04-11 11:28:00+05:30,315.0,315.0,314.8500061035156,314.8500061035156,1780
2025-04-11 11:29:00+05:30,315.1000061035156,315.1000061035156,315.0,315.0,1075
2025-04-11 11:30:00+05:30,315.1499938964844,315.1499938964844,315.1000061035156,315.1000061035156,1530
2025-04-11 11:31:00+05:30,315.1499938964844,315.1499938964844,315.04998779296875,315.1499938964844,1508
2025-04-11 11:32:00+05:30,315.1000061035156,315.1499938964844,315.04998779296875,315.1499938964844,1172
2025-04-11 11:33:00+05:30,315.1000061035156,315.1000061035156,314.95001220703125,315.1000061035156,1170
2025-04-11 11:34:00+05:30,315.25,315.25,315.1000061035156,315.1000061035156,2352
2025-04-11 11:35:00+05:30,315.79998779296875,315.79998779296875,315.25,315.25,6644
2025-04-11 11:36:00+05:30,315.5,315.70001220703125,315.25,315.54998779296875,4101
2025-04-11 11:37:00+05:30,315.5,315.5,315.5,315.5,1500
2025-04-11 11:38:00+05:30,315.6000061035156,315.6000061035156,315.54998779296875,315.54998779296875,215
2025-04-11 11:39:00+05:30,315.29998779296875,315.3999938964844,315.04998779296875,315.3999938964844,1953
2025-04-11 11:40:00+05:30,315.5,315.5,315.20001220703125,315.29998779296875,1841
2025-04-11 11:41:00+05:30,315.45001220703125,315.45001220703125,315.45001220703125,315.45001220703125,1380
2025-04-11 11:42:00+05:30,315.5,315.5,315.45001220703125,315.5,1426
2025-04-11 11:43:00+05:30,315.5,315.6000061035156,315.3500061035156,315.5,960
2025-04-11 11:44:00+05:30,315.5,315.5,315.45001220703125,315.5,1073
2025-04-11 11:45:00+05:30,315.5,315.54998779296875,315.25,315.5,1200
2025-04-11 11:46:00+05:30,315.5,315.5,315.25,315.5,593
2025-04-11 11:47:00+05:30,315.54998779296875,315.54998779296875,315.5,315.5,122
2025-04-11 11:48:00+05:30,315.6000061035156,315.6000061035156,315.54998779296875,315.54998779296875,339
2025-04-11 11:49:00+05:30,315.6499938964844,315.70001220703125,315.54998779296875,315.54998779296875,2134
2025-04-11 11:50:00+05:30,315.54998779296875,315.54998779296875,315.45001220703125,315.45001220703125,375
2025-04-11 11:51:00+05:30,315.25,315.54998779296875,315.1000061035156,315.5,1426
2025-04-11 11:52:00+05:30,315.3999938964844,315.54998779296875,315.25,315.25,2063
2025-04-11 11:53:00+05:30,315.54998779296875,315.75,315.5,315.5,1155
2025-04-11 11:54:00+05:30,315.75,315.75,315.5,315.6000061035156,1305
2025-04-11 11:55:00+05:30,315.54998779296875,315.54998779296875,315.5,315.5,345
2025-04-11 11:56:00+05:30,315.75,315.75,315.6000061035156,315.6000061035156,990
2025-04-11 11:57:00+05:30,315.6499938964844,315.75,315.6000061035156,315.6000061035156,1036
2025-04-11 11:58:00+05:30,315.75,315.75,315.75,315.75,97
2025-04-11 11:59:00+05:30,315.54998779296875,315.6000061035156,315.5,315.6000061035156,117
2025-04-11 12:00:00+05:30,315.5,315.5,315.5,315.5,221
2025-04-11 12:01:00+05:30,315.5,315.5,315.5,315.5,182
2025-04-11 12:02:00+05:30,315.5,315.54998779296875,315.5,315.54998779296875,469
2025-04-11 12:03:00+05:30,315.25,315.54998779296875,315.25,315.5,5001
2025-04-11 12:04:00+05:30,315.54998779296875,315.75,315.25,315.25,6794
2025-04-11 12:05:00+05:30,315.6000061035156,315.6000061035156,315.54998779296875,315.54998779296875,596
2025-04-11 12:06:00+05:30,315.45001220703125,315.6000061035156,315.45001220703125,315.6000061035156,1722
2025-04-11 12:07:00+05:30,315.5,315.54998779296875,315.45001220703125,315.45001220703125,602
2025-04-11 12:08:00+05:30,315.54998779296875,315.54998779296875,315.45001220703125,315.45001220703125,1111
2025-04-11 12:09:00+05:30,315.5,315.54998779296875,315.5,315.5,1445
2025-04-11 12:10:00+05:30,315.54998779296875,315.54998779296875,315.5,315.5,1187
2025-04-11 12:11:00+05:30,315.54998779296875,315.6000061035156,315.5,315.54998779296875,185
2025-04-11 12:12:00+05:30,315.5,315.5,315.20001220703125,315.20001220703125,1781
2025-04-11 12:13:00+05:30,315.6000061035156,315.6000061035156,315.5,315.5,261
2025-04-11 12:14:00+05:30,315.6000061035156,315.6499938964844,315.6000061035156,315.6000061035156,195
2025-04-11 12:15:00+05:30,315.3999938964844,315.6499938964844,315.3999938964844,315.6499938964844,2378
2025-04-11 12:16:00+05:30,315.45001220703125,315.5,315.45001220703125,315.5,1045
2025-04-11 12:17:00+05:30,315.54998779296875,315.70001220703125,315.45001220703125,315.6499938964844,350
2025-04-11 12:18:00+05:30,315.70001220703125,315.70001220703125,315.54998779296875,315.70001220703125,154
2025-04-11 12:19:00+05:30,315.6000061035156,315.6000061035156,315.3999938964844,315.5,902
2025-04-11 12:20:00+05:30,315.6499938964844,315.6499938964844,315.54998779296875,315.54998779296875,280
2025-04-11 12:21:00+05:30,315.5,315.6499938964844,315.5,315.54998779296875,180
2025-04-11 12:22:00+05:30,315.1499938964844,315.5,315.1499938964844,315.5,351
2025-04-11 12:23:00+05:30,315.1000061035156,315.1499938964844,314.95001220703125,315.1499938964844,353
2025-04-11 12:24:00+05:30,315.5,315.5,315.1000061035156,315.1000061035156,711
2025-04-11 12:25:00+05:30,315.5,315.54998779296875,315.45001220703125,315.45001220703125,410
2025-04-11 12:26:00+05:30,315.5,315.5,315.3999938964844,315.5,116
2025-04-11 12:27:00+05:30,315.6499938964844,315.6499938964844,315.5,315.5,599
2025-04-11 12:28:00+05:30,315.3999938964844,315.5,315.3999938964844,315.5,221
2025-04-11 12:29:00+05:30,315.29998779296875,315.5,315.29998779296875,315.5,458
2025-04-11 12:30:00+05:30,315.20001220703125,315.29998779296875,315.04998779296875,315.29998779296875,130
2025-04-11 12:31:00+05:30,315.1499938964844,315.3500061035156,315.1499938964844,315.20001220703125,651
2025-04-11 12:32:00+05:30,315.5,315.5,315.20001220703125,315.20001220703125,162
2025-04-11 12:33:00+05:30,315.20001220703125,315.5,315.20001220703125,315.5,29
2025-04-11 12:34:00+05:30,314.1499938964844,315.20001220703125,314.04998779296875,315.20001220703125,1632
2025-04-11 12:35:00+05:30,314.0,314.6000061035156,313.95001220703125,314.1000061035156,3777
2025-04-11 12:36:00+05:30,314.0,314.04998779296875,314.0,314.0,113
2025-04-11 12:37:00+05:30,313.8999938964844,314.1499938964844,313.8999938964844,313.8999938964844,713
2025-04-11 12:38:00+05:30,314.20001220703125,314.20001220703125,313.8999938964844,313.8999938964844,4435
2025-04-11 12:39:00+05:30,314.1499938964844,314.25,314.1000061035156,314.20001220703125,221
2025-04-11 12:40:00+05:30,314.29998779296875,314.29998779296875,314.25,314.25,84
2025-04-11 12:41:00+05:30,314.3999938964844,314.3999938964844,314.3999938964844,314.3999938964844,70
2025-04-11 12:42:00+05:30,314.20001220703125,314.20001220703125,314.20001220703125,314.20001220703125,83
2025-04-11 12:43:00+05:30,314.29998779296875,314.5,314.20001220703125,314.5,1907
2025-04-11 12:44:00+05:30,314.3500061035156,314.95001220703125,314.3500061035156,314.5,2004
2025-04-11 12:45:00+05:30,314.5,314.5,314.20001220703125,314.5,808
2025-04-11 12:46:00+05:30,314.54998779296875,314.54998779296875,314.5,314.54998779296875,59
2025-04-11 12:47:00+05:30,314.5,314.54998779296875,314.20001220703125,314.5,3885
2025-04-11 12:48:00+05:30,314.5,314.54998779296875,314.29998779296875,314.5,696
2025-04-11 12:49:00+05:30,314.54998779296875,314.75,314.5,314.5,259
2025-04-11 12:50:00+05:30,314.6499938964844,314.6499938964844,314.5,314.5,797
2025-04-11 12:51:00+05:30,314.54998779296875,314.6499938964844,314.5,314.6499938964844,17
2025-04-11 12:52:00+05:30,314.5,314.54998779296875,314.45001220703125,314.54998779296875,1123
2025-04-11 12:53:00+05:30,314.6499938964844,314.6499938964844,314.3500061035156,314.3500061035156,305
2025-04-11 12:54:00+05:30,314.8999938964844,315.0,314.70001220703125,314.70001220703125,1536
2025-04-11 12:55:00+05:30,315.0,315.1499938964844,315.0,315.0,284
2025-04-11 12:56:00+05:30,315.0,315.0,314.8500061035156,315.0,907
2025-04-11 12:57:00+05:30,314.70001220703125,315.0,314.70001220703125,315.0,325
2025-04-11 12:58:00+05:30,315.0,315.0,314.75,314.75,1368
2025-04-11 12:59:00+05:30,314.8999938964844,315.04998779296875,314.8500061035156,314.8500061035156,1489
2025-04-11 13:00:00+05:30,314.5,315.04998779296875,314.45001220703125,314.75,3556
2025-04-11 13:01:00+05:30,314.6000061035156,314.8999938964844,314.5,314.5,5817
2025-04-11 13:02:00+05:30,314.8999938964844,314.95001220703125,314.75,314.75,1773
2025-04-11 13:03:00+05:30,315.0,315.0,314.8500061035156,314.95001220703125,1469
2025-04-11 13:04:00+05:30,315.20001220703125,315.25,314.8500061035156,315.0,1087
2025-04-11 13:05:00+05:30,315.1000061035156,315.1000061035156,315.04998779296875,315.1000061035156,31
2025-04-11 13:06:00+05:30,315.0,315.20001220703125,314.95001220703125,315.1499938964844,871
2025-04-11 13:07:00+05:30,315.3999938964844,315.3999938964844,315.0,315.0,390
2025-04-11 13:08:00+05:30,315.25,315.3999938964844,315.1499938964844,315.3500061035156,99
2025-04-11 13:09:00+05:30,315.25,315.25,315.0,315.20001220703125,299
2025-04-11 13:10:00+05:30,315.20001220703125,315.20001220703125,315.0,315.20001220703125,218
2025-04-11 13:11:00+05:30,315.20001220703125,315.20001220703125,315.1499938964844,315.20001220703125,25
2025-04-11 13:12:00+05:30,314.8500061035156,315.0,314.8500061035156,315.0,547
2025-04-11 13:13:00+05:30,315.25,315.25,315.0,315.0,710
2025-04-11 13:14:00+05:30,315.04998779296875,315.20001220703125,315.04998779296875,315.20001220703125,28
2025-04-11 13:15:00+05:30,315.0,315.1499938964844,314.8999938964844,314.8999938964844,424
2025-04-11 13:16:00+05:30,315.04998779296875,315.04998779296875,315.0,315.0,225
2025-04-11 13:17:00+05:30,315.0,315.1000061035156,315.0,315.04998779296875,152
2025-04-11 13:18:00+05:30,315.0,315.0,314.75,314.95001220703125,574
2025-04-11 13:19:00+05:30,314.79998779296875,315.0,314.79998779296875,315.0,2058
2025-04-11 13:20:00+05:30,315.0,315.0,314.95001220703125,314.95001220703125,964
2025-04-11 13:21:00+05:30,315.0,315.20001220703125,315.0,315.1000061035156,240
2025-04-11 13:22:00+05:30,315.0,315.04998779296875,315.0,315.0,1989
2025-04-11 13:23:00+05:30,315.0,315.0,314.79998779296875,314.79998779296875,490
2025-04-11 13:24:00+05:30,314.8999938964844,314.95001220703125,314.6499938964844,314.95001220703125,1445
2025-04-11 13:25:00+05:30,314.6000061035156,314.8500061035156,314.29998779296875,314.79998779296875,3926
2025-04-11 13:26:00+05:30,314.95001220703125,315.0,314.45001220703125,314.45001220703125,1693
2025-04-11 13:27:00+05:30,315.0,315.0,314.8500061035156,315.0,1685
2025-04-11 13:28:00+05:30,314.70001220703125,315.0,314.70001220703125,314.79998779296875,1962
2025-04-11 13:29:00+05:30,314.79998779296875,315.0,314.70001220703125,315.0,1959
2025-04-11 13:30:00+05:30,314.70001220703125,314.95001220703125,314.54998779296875,314.79998779296875,2018
2025-04-11 13:31:00+05:30,314.5,314.8999938964844,314.5,314.70001220703125,1481
2025-04-11 13:32:00+05:30,314.6499938964844,314.95001220703125,314.54998779296875,314.75,2325
2025-04-11 13:33:00+05:30,314.45001220703125,314.6499938964844,314.45001220703125,314.6499938964844,1828
2025-04-11 13:34:00+05:30,314.45001220703125,314.6499938964844,314.3999938964844,314.6499938964844,1739
2025-04-11 13:35:00+05:30,314.54998779296875,314.70001220703125,314.3500061035156,314.5,1716
2025-04-11 13:36:00+05:30,314.8999938964844,315.0,314.70001220703125,314.70001220703125,2110
2025-04-11 13:37:00+05:30,314.75,315.0,314.6499938964844,314.6499938964844,1394
2025-04-11 13:38:00+05:30,314.8999938964844,315.0,314.5,314.6499938964844,2065
2025-04-11 13:39:00+05:30,314.8500061035156,315.0,314.75,314.95001220703125,2253
2025-04-11 13:40:00+05:30,314.8500061035156,314.8500061035156,314.70001220703125,314.75,1533
2025-04-11 13:41:00+05:30,314.79998779296875,314.95001220703125,314.75,314.75,2384
2025-04-11 13:42:00+05:30,315.0,315.0,314.6000061035156,314.79998779296875,1659
2025-04-11 13:43:00+05:30,314.8500061035156,315.0,314.6000061035156,315.0,2402
2025-04-11 13:44:00+05:30,314.8999938964844,315.0,314.8500061035156,314.8999938964844,1843
2025-04-11 13:45:00+05:30,314.75,315.0,314.75,314.79998779296875,1901
2025-04-11 13:46:00+05:30,314.75,315.0,314.70001220703125,314.75,1725
2025-04-11 13:47:00+05:30,314.95001220703125,315.0,314.79998779296875,315.0,1674
2025-04-11 13:48:00+05:30,315.0,315.20001220703125,314.8999938964844,315.0,3509
2025-04-11 13:49:00+05:30,314.8999938964844,315.0,314.79998779296875,314.8500061035156,1973
2025-04-11 13:50:00+05:30,314.79998779296875,315.0,314.70001220703125,315.0,1973
2025-04-11 13:51:00+05:30,314.8999938964844,315.0,314.70001220703125,315.0,1687
2025-04-11 13:52:00+05:30,314.8999938964844,315.0,314.75,314.8500061035156,1726
2025-04-11 13:53:00+05:30,314.6499938964844,315.0,314.6499938964844,315.0,3204
2025-04-11 13:54:00+05:30,314.29998779296875,314.6000061035156,314.0,314.6000061035156,3704
2025-04-11 13:55:00+05:30,314.54998779296875,314.54998779296875,314.20001220703125,314.29998779296875,1714
2025-04-11 13:56:00+05:30,314.3999938964844,314.6499938964844,314.3500061035156,314.3999938964844,1912
2025-04-11 13:57:00+05:30,314.54998779296875,314.75,314.54998779296875,314.6499938964844,1864
2025-04-11 13:58:00+05:30,315.04998779296875,315.04998779296875,314.6000061035156,314.6000061035156,1978
2025-04-11 13:59:00+05:30,315.25,315.25,314.8500061035156,315.04998779296875,1628
2025-04-11 14:00:00+05:30,314.8500061035156,315.1499938964844,314.8500061035156,315.1499938964844,2937
2025-04-11 14:01:00+05:30,314.8500061035156,314.8500061035156,314.6499938964844,314.70001220703125,1783
2025-04-11 14:02:00+05:30,314.79998779296875,315.04998779296875,314.79998779296875,314.8500061035156,3731
2025-04-11 14:03:00+05:30,314.8500061035156,314.8999938964844,314.70001220703125,314.8999938964844,2202
2025-04-11 14:04:00+05:30,314.75,315.04998779296875,314.75,314.75,2325
2025-04-11 14:05:00+05:30,314.95001220703125,314.95001220703125,314.6499938964844,314.8999938964844,2384
2025-04-11 14:06:00+05:30,314.79998779296875,315.0,314.54998779296875,315.0,2481
2025-04-11 14:07:00+05:30,314.8500061035156,315.04998779296875,314.8500061035156,314.8500061035156,1756
2025-04-11 14:08:00+05:30,315.04998779296875,315.04998779296875,314.8500061035156,315.04998779296875,1794
2025-04-11 14:09:00+05:30,314.70001220703125,314.8999938964844,314.3500061035156,314.3500061035156,8455
2025-04-11 14:10:00+05:30,314.6499938964844,314.70001220703125,314.6000061035156,314.70001220703125,2900
2025-04-11 14:11:00+05:30,314.8500061035156,314.95001220703125,314.6499938964844,314.6499938964844,2448
2025-04-11 14:12:00+05:30,315.04998779296875,315.1499938964844,314.8500061035156,315.0,2779
2025-04-11 14:13:00+05:30,315.04998779296875,315.04998779296875,314.79998779296875,315.0,1853
2025-04-11 14:14:00+05:30,315.04998779296875,315.1000061035156,315.04998779296875,315.04998779296875,2968
2025-04-11 14:15:00+05:30,315.04998779296875,315.1499938964844,315.0,315.1000061035156,1200
2025-04-11 14:16:00+05:30,315.04998779296875,315.04998779296875,314.75,315.04998779296875,3612
2025-04-11 14:17:00+05:30,315.25,315.25,315.0,315.0,9724
2025-04-11 14:18:00+05:30,315.54998779296875,315.8500061035156,315.29998779296875,315.29998779296875,1875
2025-04-11 14:19:00+05:30,315.3999938964844,315.6499938964844,315.3999938964844,315.54998779296875,7206
2025-04-11 14:20:00+05:30,315.5,315.5,315.29998779296875,315.29998779296875,4255
2025-04-11 14:21:00+05:30,315.5,315.5,315.45001220703125,315.5,1077
2025-04-11 14:22:00+05:30,315.5,315.5,315.1000061035156,315.5,2789
2025-04-11 14:23:00+05:30,315.5,315.5,315.45001220703125,315.45001220703125,1824
2025-04-11 14:24:00+05:30,315.5,315.6000061035156,315.5,315.5,329
2025-04-11 14:25:00+05:30,315.5,315.54998779296875,315.3999938964844,315.5,638
2025-04-11 14:26:00+05:30,315.54998779296875,315.54998779296875,315.29998779296875,315.5,3685
2025-04-11 14:27:00+05:30,315.54998779296875,315.54998779296875,315.5,315.54998779296875,1234
2025-04-11 14:28:00+05:30,315.3999938964844,315.54998779296875,315.29998779296875,315.5,1842
2025-04-11 14:29:00+05:30,315.5,315.5,315.25,315.25,4651
2025-04-11 14:30:00+05:30,315.54998779296875,315.54998779296875,315.5,315.5,1489
2025-04-11 14:31:00+05:30,315.8500061035156,315.8500061035156,315.54998779296875,315.54998779296875,1186
2025-04-11 14:32:00+05:30,315.95001220703125,315.95001220703125,315.79998779296875,315.8500061035156,1060
2025-04-11 14:33:00+05:30,315.8500061035156,316.04998779296875,315.75,316.04998779296875,2871
2025-04-11 14:34:00+05:30,315.5,315.79998779296875,315.45001220703125,315.6499938964844,1194
2025-04-11 14:35:00+05:30,315.6499938964844,315.75,315.29998779296875,315.29998779296875,2619
2025-04-11 14:36:00+05:30,315.6000061035156,315.6499938964844,315.6000061035156,315.6499938964844,835
2025-04-11 14:37:00+05:30,315.6000061035156,315.6000061035156,315.25,315.6000061035156,3338
2025-04-11 14:38:00+05:30,315.25,315.6000061035156,315.25,315.6000061035156,1996
2025-04-11 14:39:00+05:30,315.3999938964844,315.3999938964844,315.29998779296875,315.3999938964844,2912
2025-04-11 14:40:00+05:30,315.8500061035156,315.8500061035156,315.25,315.3999938964844,7969
2025-04-11 14:41:00+05:30,315.8999938964844,315.95001220703125,315.8999938964844,315.8999938964844,583
2025-04-11 14:42:00+05:30,316.04998779296875,316.04998779296875,315.8999938964844,315.8999938964844,1976
2025-04-11 14:43:00+05:30,315.79998779296875,316.29998779296875,315.79998779296875,316.1499938964844,5879
2025-04-11 14:44:00+05:30,316.04998779296875,316.04998779296875,315.79998779296875,315.79998779296875,4001
2025-04-11 14:45:00+05:30,315.8500061035156,315.8999938964844,315.6499938964844,315.8999938964844,371
2025-04-11 14:46:00+05:30,315.3999938964844,315.79998779296875,315.3999938964844,315.6499938964844,3303
2025-04-11 14:47:00+05:30,315.79998779296875,315.8500061035156,315.6499938964844,315.8500061035156,212
2025-04-11 14:48:00+05:30,316.3999938964844,316.3999938964844,315.70001220703125,315.70001220703125,2161
2025-04-11 14:49:00+05:30,316.3999938964844,316.5,316.3500061035156,316.3500061035156,3473
2025-04-11 14:50:00+05:30,316.1499938964844,316.3999938964844,316.0,316.3999938964844,2808
2025-04-11 14:51:00+05:30,315.8500061035156,316.1000061035156,315.6000061035156,316.04998779296875,3724
2025-04-11 14:52:00+05:30,315.54998779296875,315.6499938964844,315.54998779296875,315.54998779296875,2847
2025-04-11 14:53:00+05:30,315.70001220703125,315.8500061035156,315.5,315.5,6431
2025-04-11 14:54:00+05:30,315.70001220703125,315.8500061035156,315.5,315.8500061035156,741
2025-04-11 14:55:00+05:30,315.54998779296875,315.6499938964844,315.1000061035156,315.5,5912
2025-04-11 14:56:00+05:30,315.6000061035156,315.6000061035156,315.5,315.5,1475
2025-04-11 14:57:00+05:30,315.45001220703125,315.5,315.20001220703125,315.5,3793
2025-04-11 14:58:00+05:30,315.5,315.54998779296875,315.3999938964844,315.3999938964844,3368
2025-04-11 14:59:00+05:30,315.6000061035156,315.6000061035156,315.5,315.5,2183
2025-04-11 15:00:00+05:30,315.3500061035156,315.6000061035156,315.3500061035156,315.5,12646
2025-04-11 15:01:00+05:30,315.5,315.5,314.8999938964844,315.3500061035156,9011
2025-04-11 15:02:00+05:30,315.5,315.6000061035156,315.04998779296875,315.04998779296875,8740
2025-04-11 15:03:00+05:30,315.3999938964844,315.75,315.25,315.75,3028
2025-04-11 15:04:00+05:30,315.75,315.75,315.45001220703125,315.45001220703125,3420
2025-04-11 15:05:00+05:30,315.6000061035156,315.79998779296875,315.6000061035156,315.79998779296875,2748
2025-04-11 15:06:00+05:30,315.6499938964844,315.79998779296875,315.6000061035156,315.6499938964844,7039
2025-04-11 15:07:00+05:30,315.6499938964844,315.79998779296875,315.6499938964844,315.79998779296875,4735
2025-04-11 15:08:00+05:30,315.3999938964844,315.8500061035156,315.3999938964844,315.8500061035156,4837
2025-04-11 15:09:00+05:30,315.5,315.54998779296875,315.29998779296875,315.3999938964844,6737
2025-04-11 15:10:00+05:30,315.5,315.6499938964844,315.5,315.5,1133
2025-04-11 15:11:00+05:30,315.6000061035156,315.6499938964844,315.5,315.54998779296875,5072
2025-04-11 15:12:00+05:30,315.5,315.6499938964844,315.5,315.6499938964844,3906
2025-04-11 15:13:00+05:30,315.54998779296875,315.54998779296875,315.5,315.54998779296875,1976
2025-04-11 15:14:00+05:30,315.54998779296875,315.54998779296875,315.45001220703125,315.54998779296875,5895
2025-04-11 15:15:00+05:30,315.54998779296875,315.6000061035156,315.3999938964844,315.5,10562
2025-04-11 15:16:00+05:30,315.70001220703125,315.79998779296875,315.6000061035156,315.6000061035156,4501
2025-04-11 15:17:00+05:30,315.70001220703125,315.70001220703125,315.6000061035156,315.6000061035156,2613
2025-04-11 15:18:00+05:30,315.5,315.6499938964844,315.5,315.6499938964844,8019
2025-04-11 15:19:00+05:30,315.54998779296875,315.6000061035156,315.3999938964844,315.3999938964844,7854
2025-04-11 15:20:00+05:30,315.54998779296875,315.6000061035156,315.54998779296875,315.6000061035156,4895
2025-04-11 15:21:00+05:30,315.6000061035156,315.6000061035156,315.54998779296875,315.54998779296875,5766
2025-04-11 15:22:00+05:30,315.6000061035156,315.6000061035156,315.54998779296875,315.6000061035156,5345
2025-04-11 15:23:00+05:30,315.54998779296875,315.6000061035156,315.54998779296875,315.6000061035156,5337
2025-04-11 15:24:00+05:30,315.54998779296875,315.6000061035156,315.29998779296875,315.6000061035156,10700
2025-04-11 15:25:00+05:30,316.04998779296875,316.04998779296875,315.25,315.3500061035156,10323
2025-04-11 15:26:00+05:30,316.04998779296875,316.29998779296875,315.8500061035156,316.29998779296875,4261
2025-04-11 15:27:00+05:30,316.5,316.5,316.0,316.0,4398
2025-04-11 15:28:00+05:30,316.54998779296875,317.0,316.3999938964844,316.5,5916
2025-04-11 15:29:00+05:30,315.8999938964844,316.54998779296875,315.8999938964844,316.54998779296875,1343
2025-04-16 09:15:00+05:30,334.45001220703125,334.8500061035156,331.75,334.8500061035156,0
2025-04-16 09:16:00+05:30,333.54998779296875,334.5,332.8999938964844,334.5,10053
2025-04-16 09:17:00+05:30,335.5,335.5,333.25,333.6000061035156,13889
2025-04-16 09:18:00+05:30,333.8999938964844,334.6499938964844,333.8999938964844,334.6499938964844,4034
2025-04-16 09:19:00+05:30,336.75,336.75,334.1000061035156,334.1000061035156,10861
2025-04-16 09:20:00+05:30,336.6000061035156,337.3500061035156,336.0,337.3500061035156,8343
2025-04-16 09:21:00+05:30,336.95001220703125,337.1499938964844,336.45001220703125,336.79998779296875,4566
2025-04-16 09:22:00+05:30,337.75,337.75,336.70001220703125,336.75,8661
2025-04-16 09:23:00+05:30,337.8999938964844,337.8999938964844,337.29998779296875,337.29998779296875,6297
2025-04-16 09:24:00+05:30,336.8999938964844,337.95001220703125,336.8999938964844,337.95001220703125,3865
2025-04-16 09:25:00+05:30,336.6499938964844,337.0,336.6499938964844,336.6499938964844,2657
2025-04-16 09:26:00+05:30,336.95001220703125,336.95001220703125,336.0,336.6000061035156,8170
2025-04-16 09:27:00+05:30,337.45001220703125,337.5,337.1499938964844,337.3999938964844,1014
2025-04-16 09:28:00+05:30,337.20001220703125,337.45001220703125,336.95001220703125,337.45001220703125,786
2025-04-16 09:29:00+05:30,336.70001220703125,337.3500061035156,336.70001220703125,337.3500061035156,1018
2025-04-16 09:30:00+05:30,337.0,337.45001220703125,336.70001220703125,336.70001220703125,1493
2025-04-16 09:31:00+05:30,337.20001220703125,337.25,336.70001220703125,337.0,1553
2025-04-16 09:32:00+05:30,336.70001220703125,337.25,336.70001220703125,337.25,3081
2025-04-16 09:33:00+05:30,336.5,336.95001220703125,336.5,336.79998779296875,2328
2025-04-16 09:34:00+05:30,336.79998779296875,337.0,336.6499938964844,337.0,1268
2025-04-16 09:35:00+05:30,337.0,337.0,336.8500061035156,336.95001220703125,1461
2025-04-16 09:36:00+05:30,336.8500061035156,336.8500061035156,336.75,336.79998779296875,1062
2025-04-16 09:37:00+05:30,336.95001220703125,336.95001220703125,336.79998779296875,336.8999938964844,242
2025-04-16 09:38:00+05:30,337.04998779296875,337.1000061035156,336.6000061035156,336.6000061035156,6670
2025-04-16 09:39:00+05:30,337.1000061035156,337.1000061035156,336.75,337.0,2945
2025-04-16 09:40:00+05:30,336.79998779296875,337.1000061035156,336.79998779296875,337.1000061035156,181
2025-04-16 09:41:00+05:30,337.1000061035156,337.25,336.5,336.8500061035156,2947
2025-04-16 09:42:00+05:30,336.70001220703125,337.20001220703125,336.5,337.20001220703125,422
2025-04-16 09:43:00+05:30,336.75,336.95001220703125,336.54998779296875,336.54998779296875,1791
2025-04-16 09:44:00+05:30,336.3999938964844,336.70001220703125,336.3999938964844,336.70001220703125,487
2025-04-16 09:45:00+05:30,336.25,336.3999938964844,336.0,336.3999938964844,2045
2025-04-16 09:46:00+05:30,335.75,335.8500061035156,335.5,335.79998779296875,1126
2025-04-16 09:47:00+05:30,335.6499938964844,335.70001220703125,335.29998779296875,335.29998779296875,1155
2025-04-16 09:48:00+05:30,336.25,336.29998779296875,335.6499938964844,335.6499938964844,840
2025-04-16 09:49:00+05:30,336.04998779296875,336.20001220703125,335.75,336.0,1229
2025-04-16 09:50:00+05:30,335.54998779296875,335.79998779296875,335.5,335.6000061035156,1585
2025-04-16 09:51:00+05:30,336.1499938964844,336.1499938964844,335.8500061035156,335.8500061035156,399
2025-04-16 09:52:00+05:30,336.0,336.1000061035156,335.79998779296875,335.79998779296875,34
2025-04-16 09:53:00+05:30,335.79998779296875,336.0,335.79998779296875,336.0,450
2025-04-16 09:54:00+05:30,336.0,336.0,335.79998779296875,335.8500061035156,138
2025-04-16 09:55:00+05:30,335.79998779296875,335.8500061035156,335.3500061035156,335.3500061035156,483
2025-04-16 09:56:00+05:30,335.75,335.75,335.45001220703125,335.75,272
2025-04-16 09:57:00+05:30,336.04998779296875,336.45001220703125,335.75,335.75,2404
2025-04-16 09:58:00+05:30,336.0,336.25,336.0,336.25,440
2025-04-16 09:59:00+05:30,335.3500061035156,336.0,335.3500061035156,336.0,528
2025-04-16 10:00:00+05:30,335.45001220703125,335.5,335.20001220703125,335.5,628
2025-04-16 10:01:00+05:30,335.1499938964844,335.45001220703125,335.04998779296875,335.45001220703125,214
2025-04-16 10:02:00+05:30,335.1499938964844,335.1499938964844,335.0,335.0,789
2025-04-16 10:03:00+05:30,335.1499938964844,335.1499938964844,335.04998779296875,335.1499938964844,172
2025-04-16 10:04:00+05:30,335.3500061035156,335.3500061035156,335.29998779296875,335.29998779296875,82
2025-04-16 10:05:00+05:30,335.1499938964844,335.3500061035156,335.1499938964844,335.1499938964844,161
2025-04-16 10:06:00+05:30,335.1499938964844,335.3500061035156,335.0,335.0,1259
2025-04-16 10:07:00+05:30,335.3500061035156,335.45001220703125,335.3500061035156,335.3500061035156,88
2025-04-16 10:08:00+05:30,335.75,336.0,335.1499938964844,335.3500061035156,868
2025-04-16 10:09:00+05:30,335.79998779296875,335.8500061035156,335.6000061035156,335.6000061035156,276
2025-04-16 10:10:00+05:30,335.8500061035156,335.95001220703125,335.8500061035156,335.8500061035156,359
2025-04-16 10:11:00+05:30,335.5,335.5,335.45001220703125,335.45001220703125,310
2025-04-16 10:12:00+05:30,335.8999938964844,335.8999938964844,335.5,335.5,1161
2025-04-16 10:13:00+05:30,335.8500061035156,335.95001220703125,335.79998779296875,335.95001220703125,235
2025-04-16 10:14:00+05:30,336.0,336.0,335.8999938964844,335.8999938964844,263
2025-04-16 10:15:00+05:30,335.75,336.0,335.5,336.0,207
2025-04-16 10:16:00+05:30,335.8500061035156,335.8500061035156,335.20001220703125,335.79998779296875,3408
2025-04-16 10:17:00+05:30,335.20001220703125,335.70001220703125,335.1000061035156,335.70001220703125,4653
2025-04-16 10:18:00+05:30,335.6499938964844,335.70001220703125,335.0,335.0,2093
2025-04-16 10:19:00+05:30,335.1499938964844,335.6499938964844,334.54998779296875,335.6499938964844,2298
2025-04-16 10:20:00+05:30,334.45001220703125,335.1000061035156,334.3999938964844,335.1000061035156,3843
2025-04-16 10:21:00+05:30,333.6000061035156,334.45001220703125,333.6000061035156,334.45001220703125,988
2025-04-16 10:22:00+05:30,334.0,334.1499938964844,333.8500061035156,333.8999938964844,164
2025-04-16 10:23:00+05:30,333.8500061035156,334.0,333.75,333.75,26
2025-04-16 10:24:00+05:30,333.75,333.8500061035156,333.3500061035156,333.8500061035156,1698
2025-04-16 10:25:00+05:30,333.6000061035156,333.79998779296875,333.6000061035156,333.70001220703125,192
2025-04-16 10:26:00+05:30,333.6499938964844,333.75,333.45001220703125,333.54998779296875,301
2025-04-16 10:27:00+05:30,334.3500061035156,334.6499938964844,333.70001220703125,333.70001220703125,1715
2025-04-16 10:28:00+05:30,334.6499938964844,334.6499938964844,334.3500061035156,334.3500061035156,328
2025-04-16 10:29:00+05:30,334.6000061035156,334.75,334.6000061035156,334.6000061035156,644
2025-04-16 10:30:00+05:30,334.70001220703125,334.79998779296875,334.6000061035156,334.6000061035156,648
2025-04-16 10:31:00+05:30,334.1000061035156,334.79998779296875,334.1000061035156,334.70001220703125,1070
2025-04-16 10:32:00+05:30,334.70001220703125,334.70001220703125,334.45001220703125,334.45001220703125,278
2025-04-16 10:33:00+05:30,334.70001220703125,334.95001220703125,334.5,334.5,670
2025-04-16 10:34:00+05:30,334.6499938964844,334.6499938964844,334.25,334.5,156
2025-04-16 10:35:00+05:30,334.6499938964844,334.6499938964844,334.6499938964844,334.6499938964844,0
2025-04-16 10:36:00+05:30,334.29998779296875,334.6499938964844,334.29998779296875,334.6000061035156,549
2025-04-16 10:37:00+05:30,334.8999938964844,334.8999938964844,334.25,334.45001220703125,1235
2025-04-16 10:38:00+05:30,334.8500061035156,335.0,334.79998779296875,335.0,118
2025-04-16 10:39:00+05:30,334.8500061035156,334.8500061035156,334.70001220703125,334.8500061035156,66
2025-04-16 10:40:00+05:30,335.0,335.0,334.6000061035156,334.8500061035156,283
2025-04-16 10:41:00+05:30,335.3999938964844,335.3999938964844,335.0,335.0,581
2025-04-16 10:42:00+05:30,335.45001220703125,335.45001220703125,335.04998779296875,335.29998779296875,545
2025-04-16 10:43:00+05:30,335.54998779296875,335.70001220703125,335.45001220703125,335.45001220703125,275
2025-04-16 10:44:00+05:30,335.54998779296875,335.79998779296875,335.5,335.75,265
2025-04-16 10:45:00+05:30,335.1499938964844,335.54998779296875,335.1499938964844,335.29998779296875,92
2025-04-16 10:46:00+05:30,335.45001220703125,335.45001220703125,335.04998779296875,335.29998779296875,425
2025-04-16 10:47:00+05:30,335.3500061035156,335.3999938964844,335.1499938964844,335.3999938964844,91
2025-04-16 10:48:00+05:30,335.3999938964844,335.45001220703125,335.3500061035156,335.3500061035156,43
2025-04-16 10:49:00+05:30,335.45001220703125,335.45001220703125,335.20001220703125,335.20001220703125,138
2025-04-16 10:50:00+05:30,335.6499938964844,335.6499938964844,335.6000061035156,335.6000061035156,273
2025-04-16 10:51:00+05:30,335.6499938964844,335.75,335.3999938964844,335.6499938964844,713
2025-04-16 10:52:00+05:30,335.6499938964844,335.6499938964844,335.45001220703125,335.6499938964844,493
2025-04-16 10:53:00+05:30,335.5,335.6499938964844,335.45001220703125,335.6499938964844,0
2025-04-16 10:54:00+05:30,335.54998779296875,335.6499938964844,335.29998779296875,335.45001220703125,355
2025-04-16 10:55:00+05:30,335.6499938964844,335.6499938964844,335.3500061035156,335.54998779296875,112
2025-04-16 10:56:00+05:30,335.45001220703125,335.6499938964844,335.45001220703125,335.6499938964844,31
2025-04-16 10:57:00+05:30,335.6499938964844,335.6499938964844,335.54998779296875,335.54998779296875,104
2025-04-16 10:58:00+05:30,335.45001220703125,335.6499938964844,335.3500061035156,335.54998779296875,388
2025-04-16 10:59:00+05:30,335.29998779296875,335.45001220703125,335.20001220703125,335.45001220703125,98
2025-04-16 11:00:00+05:30,335.20001220703125,335.45001220703125,335.1499938964844,335.3999938964844,97
2025-04-16 11:01:00+05:30,334.75,334.8500061035156,334.5,334.6000061035156,671
2025-04-16 11:02:00+05:30,335.04998779296875,335.04998779296875,334.79998779296875,334.79998779296875,237
2025-04-16 11:03:00+05:30,335.29998779296875,335.29998779296875,334.79998779296875,335.0,285
2025-04-16 11:04:00+05:30,335.1000061035156,335.29998779296875,335.0,335.29998779296875,30
2025-04-16 11:05:00+05:30,335.20001220703125,335.20001220703125,335.04998779296875,335.20001220703125,113
2025-04-16 11:06:00+05:30,335.04998779296875,335.29998779296875,334.95001220703125,335.0,1429
2025-04-16 11:07:00+05:30,335.54998779296875,335.54998779296875,335.0,335.25,283
2025-04-16 11:08:00+05:30,335.6499938964844,335.70001220703125,335.54998779296875,335.54998779296875,64
2025-04-16 11:09:00+05:30,335.95001220703125,335.95001220703125,335.6000061035156,335.6000061035156,260
2025-04-16 11:10:00+05:30,335.8999938964844,335.8999938964844,335.8999938964844,335.8999938964844,46
2025-04-16 11:11:00+05:30,335.6000061035156,335.8999938964844,335.6000061035156,335.8999938964844,294
2025-04-16 11:12:00+05:30,335.70001220703125,335.70001220703125,335.6000061035156,335.6000061035156,64
2025-04-16 11:13:00+05:30,335.8999938964844,335.8999938964844,335.6000061035156,335.6000061035156,311
2025-04-16 11:14:00+05:30,335.8999938964844,336.04998779296875,335.8500061035156,335.8999938964844,4361
2025-04-16 11:15:00+05:30,335.8500061035156,336.04998779296875,335.8500061035156,336.04998779296875,172
2025-04-16 11:16:00+05:30,335.8500061035156,336.0,335.8500061035156,335.8500061035156,431
2025-04-16 11:17:00+05:30,336.0,336.0,335.8500061035156,335.8500061035156,63
2025-04-16 11:18:00+05:30,336.20001220703125,336.3500061035156,336.0,336.0,1514
2025-04-16 11:19:00+05:30,336.29998779296875,336.3500061035156,336.04998779296875,336.20001220703125,5017
2025-04-16 11:20:00+05:30,336.75,336.75,336.3500061035156,336.3500061035156,1883
2025-04-16 11:21:00+05:30,336.70001220703125,336.70001220703125,336.70001220703125,336.70001220703125,0
2025-04-16 11:22:00+05:30,336.29998779296875,336.45001220703125,336.1499938964844,336.45001220703125,474
2025-04-16 11:23:00+05:30,336.3999938964844,336.5,336.25,336.29998779296875,568
2025-04-16 11:24:00+05:30,335.79998779296875,336.45001220703125,335.79998779296875,336.3999938964844,295
2025-04-16 11:25:00+05:30,336.0,336.25,336.0,336.1000061035156,79
2025-04-16 11:26:00+05:30,336.25,336.25,336.1000061035156,336.1000061035156,56
2025-04-16 11:27:00+05:30,336.20001220703125,336.20001220703125,336.0,336.1499938964844,217
2025-04-16 11:28:00+05:30,336.1499938964844,336.25,335.95001220703125,335.95001220703125,370
2025-04-16 11:29:00+05:30,335.8500061035156,336.0,335.70001220703125,336.0,584
2025-04-16 11:30:00+05:30,335.70001220703125,335.75,335.5,335.5,315
2025-04-16 11:31:00+05:30,335.25,335.75,335.25,335.54998779296875,588
2025-04-16 11:32:00+05:30,335.5,335.5,335.0,335.0,653
2025-04-16 11:33:00+05:30,335.75,335.75,335.29998779296875,335.29998779296875,351
2025-04-16 11:35:00+05:30,335.70001220703125,335.70001220703125,335.70001220703125,335.70001220703125,8
2025-04-16 11:36:00+05:30,335.75,335.75,335.70001220703125,335.70001220703125,311
2025-04-16 11:37:00+05:30,335.6499938964844,335.75,335.6499938964844,335.75,844
2025-04-16 11:38:00+05:30,335.70001220703125,335.70001220703125,335.70001220703125,335.70001220703125,56
2025-04-16 11:39:00+05:30,335.3999938964844,335.70001220703125,335.3999938964844,335.6499938964844,78
2025-04-16 11:40:00+05:30,335.6499938964844,335.6499938964844,335.25,335.5,246
2025-04-16 11:41:00+05:30,335.8500061035156,335.8500061035156,335.6499938964844,335.6499938964844,599
2025-04-16 11:42:00+05:30,335.8500061035156,336.0,335.8500061035156,335.8500061035156,111
2025-04-16 11:44:00+05:30,336.0,336.0,335.79998779296875,335.8999938964844,484
2025-04-16 11:45:00+05:30,336.0,336.0,335.70001220703125,335.70001220703125,397
2025-04-16 11:46:00+05:30,336.1000061035156,336.1000061035156,336.0,336.0,641
2025-04-16 11:47:00+05:30,336.3500061035156,336.3999938964844,336.25,336.25,253
2025-04-16 11:48:00+05:30,336.3999938964844,336.3999938964844,336.1499938964844,336.3500061035156,566
2025-04-16 11:49:00+05:30,336.29998779296875,336.3999938964844,336.0,336.3999938964844,262
2025-04-16 11:50:00+05:30,335.8999938964844,336.1499938964844,335.54998779296875,336.1000061035156,1514
2025-04-16 11:51:00+05:30,336.20001220703125,336.20001220703125,335.79998779296875,335.79998779296875,652
2025-04-16 11:52:00+05:30,336.20001220703125,336.25,335.95001220703125,336.1499938964844,323
2025-04-16 11:53:00+05:30,336.04998779296875,336.25,336.04998779296875,336.25,30
2025-04-16 11:54:00+05:30,336.20001220703125,336.25,335.8999938964844,336.1499938964844,302
2025-04-16 11:55:00+05:30,336.25,336.25,336.20001220703125,336.20001220703125,25
2025-04-16 11:56:00+05:30,336.25,336.29998779296875,335.8999938964844,336.25,414
2025-04-16 11:57:00+05:30,336.04998779296875,336.25,336.04998779296875,336.25,15
2025-04-16 11:58:00+05:30,335.95001220703125,336.1499938964844,335.75,336.1499938964844,887
2025-04-16 11:59:00+05:30,336.1499938964844,336.20001220703125,336.04998779296875,336.04998779296875,44
2025-04-16 12:00:00+05:30,336.3999938964844,336.3999938964844,336.1499938964844,336.1499938964844,128
2025-04-16 12:01:00+05:30,336.3999938964844,336.3999938964844,336.3500061035156,336.3500061035156,15
2025-04-16 12:02:00+05:30,336.29998779296875,336.70001220703125,336.25,336.70001220703125,1998
2025-04-16 12:03:00+05:30,336.3999938964844,336.54998779296875,336.25,336.54998779296875,330
2025-04-16 12:04:00+05:30,336.25,336.3999938964844,336.04998779296875,336.3999938964844,378
2025-04-16 12:05:00+05:30,336.04998779296875,336.25,336.0,336.25,105
2025-04-16 12:06:00+05:30,335.8500061035156,336.04998779296875,335.79998779296875,336.04998779296875,322
2025-04-16 12:07:00+05:30,336.20001220703125,336.20001220703125,336.0,336.0,192
2025-04-16 12:08:00+05:30,336.20001220703125,336.20001220703125,336.0,336.20001220703125,271
2025-04-16 12:09:00+05:30,336.29998779296875,336.3500061035156,336.20001220703125,336.20001220703125,589
2025-04-16 12:10:00+05:30,336.29998779296875,336.29998779296875,336.29998779296875,336.29998779296875,141
2025-04-16 12:11:00+05:30,336.75,336.75,336.29998779296875,336.29998779296875,737
2025-04-16 12:12:00+05:30,336.45001220703125,336.8500061035156,336.45001220703125,336.8500061035156,242
2025-04-16 12:13:00+05:30,336.6499938964844,336.70001220703125,336.6499938964844,336.70001220703125,9
2025-04-16 12:14:00+05:30,336.70001220703125,336.70001220703125,336.6499938964844,336.6499938964844,75
2025-04-16 12:15:00+05:30,336.70001220703125,336.70001220703125,336.70001220703125,336.70001220703125,38
2025-04-16 12:16:00+05:30,336.70001220703125,336.70001220703125,336.6499938964844,336.70001220703125,286
2025-04-16 12:17:00+05:30,336.8999938964844,336.8999938964844,336.5,336.5,1610
2025-04-16 12:18:00+05:30,336.75,336.75,336.75,336.75,202
2025-04-16 12:19:00+05:30,336.8500061035156,336.95001220703125,336.6000061035156,336.70001220703125,379
2025-04-16 12:20:00+05:30,336.70001220703125,336.79998779296875,336.5,336.6499938964844,252
2025-04-16 12:21:00+05:30,336.8500061035156,336.8500061035156,336.45001220703125,336.45001220703125,62
2025-04-16 12:22:00+05:30,336.70001220703125,336.70001220703125,336.70001220703125,336.70001220703125,136
2025-04-16 12:23:00+05:30,336.70001220703125,336.8999938964844,336.70001220703125,336.8999938964844,152
2025-04-16 12:24:00+05:30,336.70001220703125,336.8500061035156,336.70001220703125,336.8500061035156,9
2025-04-16 12:25:00+05:30,336.70001220703125,336.70001220703125,336.70001220703125,336.70001220703125,27
2025-04-16 12:26:00+05:30,336.8500061035156,336.8500061035156,336.70001220703125,336.8500061035156,38
2025-04-16 12:27:00+05:30,336.8500061035156,336.8500061035156,336.70001220703125,336.8500061035156,37
2025-04-16 12:28:00+05:30,336.79998779296875,336.79998779296875,336.70001220703125,336.70001220703125,35
2025-04-16 12:29:00+05:30,336.70001220703125,336.75,336.5,336.70001220703125,252
2025-04-16 12:31:00+05:30,336.6499938964844,336.6499938964844,336.5,336.5,34
2025-04-16 12:32:00+05:30,336.70001220703125,336.70001220703125,336.5,336.5,3559
2025-04-16 12:33:00+05:30,336.3500061035156,336.6000061035156,336.3500061035156,336.5,170
2025-04-16 12:34:00+05:30,336.1499938964844,336.45001220703125,336.1499938964844,336.29998779296875,125
2025-04-16 12:35:00+05:30,336.25,336.3999938964844,336.0,336.3999938964844,390
2025-04-16 12:36:00+05:30,336.6000061035156,336.6000061035156,335.8999938964844,335.95001220703125,3238
2025-04-16 12:37:00+05:30,336.8500061035156,336.8500061035156,336.70001220703125,336.70001220703125,144
2025-04-16 12:38:00+05:30,336.6499938964844,336.8500061035156,336.6000061035156,336.8500061035156,371
2025-04-16 12:39:00+05:30,336.6000061035156,336.6000061035156,336.3999938964844,336.3999938964844,28
2025-04-16 12:40:00+05:30,336.3500061035156,336.6000061035156,336.20001220703125,336.6000061035156,308
2025-04-16 12:41:00+05:30,336.3500061035156,336.6499938964844,336.1499938964844,336.1499938964844,145
2025-04-16 12:42:00+05:30,336.6000061035156,336.6000061035156,336.3500061035156,336.3500061035156,25
2025-04-16 12:43:00+05:30,336.70001220703125,336.70001220703125,336.6499938964844,336.6499938964844,84
2025-04-16 12:44:00+05:30,336.70001220703125,336.70001220703125,336.6499938964844,336.70001220703125,242
2025-04-16 12:45:00+05:30,336.70001220703125,336.70001220703125,336.5,336.6499938964844,363
2025-04-16 12:46:00+05:30,336.45001220703125,336.6499938964844,336.3999938964844,336.3999938964844,346
2025-04-16 12:47:00+05:30,336.29998779296875,336.3500061035156,336.04998779296875,336.3500061035156,291
2025-04-16 12:48:00+05:30,336.3999938964844,336.3999938964844,336.1499938964844,336.3500061035156,76
2025-04-16 12:49:00+05:30,336.45001220703125,336.45001220703125,336.3999938964844,336.3999938964844,237
2025-04-16 12:50:00+05:30,336.45001220703125,336.45001220703125,336.45001220703125,336.45001220703125,75
2025-04-16 12:51:00+05:30,336.45001220703125,336.45001220703125,336.45001220703125,336.45001220703125,0
2025-04-16 12:52:00+05:30,336.3500061035156,336.3500061035156,336.20001220703125,336.25,171
2025-04-16 12:53:00+05:30,336.5,336.5,336.1499938964844,336.45001220703125,642
2025-04-16 12:54:00+05:30,336.5,336.5,336.5,336.5,1
2025-04-16 12:55:00+05:30,336.5,336.5,336.29998779296875,336.29998779296875,10
2025-04-16 12:56:00+05:30,336.75,336.75,336.5,336.5,239
2025-04-16 12:57:00+05:30,336.70001220703125,336.75,336.5,336.5,197
2025-04-16 12:58:00+05:30,336.70001220703125,336.70001220703125,336.70001220703125,336.70001220703125,26
2025-04-16 12:59:00+05:30,336.6499938964844,336.70001220703125,336.54998779296875,336.70001220703125,46
2025-04-16 13:00:00+05:30,336.70001220703125,336.70001220703125,336.5,336.5,39
2025-04-16 13:01:00+05:30,336.70001220703125,336.70001220703125,336.70001220703125,336.70001220703125,11
2025-04-16 13:02:00+05:30,336.70001220703125,336.70001220703125,336.70001220703125,336.70001220703125,48
2025-04-16 13:03:00+05:30,336.70001220703125,336.75,336.6000061035156,336.75,108
2025-04-16 13:04:00+05:30,336.75,336.75,336.54998779296875,336.70001220703125,11
2025-04-16 13:05:00+05:30,336.6000061035156,336.70001220703125,336.5,336.70001220703125,276
2025-04-16 13:06:00+05:30,336.54998779296875,336.54998779296875,336.29998779296875,336.5,198
2025-04-16 13:07:00+05:30,336.6000061035156,336.6499938964844,336.3999938964844,336.54998779296875,141
2025-04-16 13:08:00+05:30,336.70001220703125,336.79998779296875,336.5,336.6000061035156,151
2025-04-16 13:09:00+05:30,336.3999938964844,336.8500061035156,336.3999938964844,336.6000061035156,144
2025-04-16 13:10:00+05:30,336.3999938964844,336.6000061035156,336.3999938964844,336.6000061035156,453
2025-04-16 13:11:00+05:30,336.3999938964844,336.3999938964844,336.3999938964844,336.3999938964844,78
2025-04-16 13:12:00+05:30,336.3999938964844,336.3999938964844,336.3500061035156,336.3500061035156,77
2025-04-16 13:13:00+05:30,336.75,336.75,336.3999938964844,336.3999938964844,238
2025-04-16 13:14:00+05:30,336.45001220703125,336.45001220703125,336.45001220703125,336.45001220703125,0
2025-04-16 13:15:00+05:30,336.3999938964844,336.6499938964844,336.3999938964844,336.6499938964844,106
2025-04-16 13:16:00+05:30,336.54998779296875,336.6499938964844,336.3999938964844,336.6499938964844,78
2025-04-16 13:17:00+05:30,336.5,336.54998779296875,336.5,336.54998779296875,189
2025-04-16 13:18:00+05:30,336.04998779296875,336.5,336.04998779296875,336.5,1167
2025-04-16 13:19:00+05:30,336.1499938964844,336.25,336.1499938964844,336.25,40
2025-04-16 13:20:00+05:30,336.25,336.5,336.1000061035156,336.1000061035156,330
2025-04-16 13:21:00+05:30,336.5,336.5,336.45001220703125,336.45001220703125,90
2025-04-16 13:22:00+05:30,336.20001220703125,336.5,336.20001220703125,336.5,294
2025-04-16 13:23:00+05:30,336.1000061035156,336.1499938964844,336.0,336.1499938964844,1542
2025-04-16 13:24:00+05:30,335.5,336.1000061035156,335.5,336.04998779296875,237
2025-04-16 13:25:00+05:30,335.6499938964844,335.70001220703125,335.5,335.70001220703125,36
2025-04-16 13:26:00+05:30,335.6499938964844,335.6499938964844,335.5,335.5,96
2025-04-16 13:27:00+05:30,335.79998779296875,335.95001220703125,335.6000061035156,335.70001220703125,494
2025-04-16 13:28:00+05:30,335.3500061035156,335.45001220703125,335.25,335.45001220703125,1224
2025-04-16 13:29:00+05:30,335.79998779296875,335.8500061035156,335.5,335.5,679
2025-04-16 13:30:00+05:30,335.70001220703125,335.70001220703125,335.3999938964844,335.6000061035156,284
2025-04-16 13:31:00+05:30,335.45001220703125,335.70001220703125,335.45001220703125,335.70001220703125,20
2025-04-16 13:32:00+05:30,335.6499938964844,335.6499938964844,335.3500061035156,335.3999938964844,247
2025-04-16 13:33:00+05:30,335.6499938964844,335.75,335.6000061035156,335.6000061035156,114
2025-04-16 13:34:00+05:30,335.3999938964844,335.5,335.1000061035156,335.5,46
2025-04-16 13:35:00+05:30,335.29998779296875,335.45001220703125,335.25,335.3999938964844,48
2025-04-16 13:36:00+05:30,335.3999938964844,335.3999938964844,335.25,335.25,386
2025-04-16 13:38:00+05:30,335.5,335.5,335.3500061035156,335.3500061035156,229
2025-04-16 13:39:00+05:30,335.5,335.6499938964844,335.3500061035156,335.6499938964844,86
2025-04-16 13:40:00+05:30,335.5,335.5,335.5,335.5,32
2025-04-16 13:41:00+05:30,335.5,335.5,335.5,335.5,19
2025-04-16 13:42:00+05:30,335.29998779296875,335.45001220703125,335.29998779296875,335.45001220703125,76
2025-04-16 13:43:00+05:30,335.45001220703125,335.5,335.45001220703125,335.5,69
2025-04-16 13:44:00+05:30,335.45001220703125,335.45001220703125,335.45001220703125,335.45001220703125,17
2025-04-16 13:45:00+05:30,335.45001220703125,335.45001220703125,335.45001220703125,335.45001220703125,11
2025-04-16 13:46:00+05:30,336.0,336.0,335.5,335.5,1576
2025-04-16 13:47:00+05:30,335.8500061035156,335.8999938964844,335.6000061035156,335.75,881
2025-04-16 13:48:00+05:30,335.75,335.8500061035156,335.6499938964844,335.8500061035156,296
2025-04-16 13:49:00+05:30,335.79998779296875,335.8999938964844,335.6499938964844,335.8999938964844,266
2025-04-16 13:50:00+05:30,336.3999938964844,336.3999938964844,335.8500061035156,335.8500061035156,1799
2025-04-16 13:51:00+05:30,335.8500061035156,336.20001220703125,335.6499938964844,336.0,4303
2025-04-16 13:52:00+05:30,334.79998779296875,335.8999938964844,334.54998779296875,335.8500061035156,1680
2025-04-16 13:53:00+05:30,335.0,335.5,334.79998779296875,334.79998779296875,1132
2025-04-16 13:54:00+05:30,335.0,335.20001220703125,334.79998779296875,335.20001220703125,138
2025-04-16 13:55:00+05:30,335.54998779296875,335.54998779296875,334.8500061035156,335.0,4940
2025-04-16 13:56:00+05:30,334.79998779296875,335.3500061035156,334.79998779296875,335.3500061035156,322
2025-04-16 13:57:00+05:30,335.04998779296875,335.1499938964844,334.6499938964844,334.8999938964844,1389
2025-04-16 13:58:00+05:30,335.0,335.1499938964844,334.8500061035156,335.1499938964844,411
2025-04-16 13:59:00+05:30,334.8500061035156,335.0,334.75,334.8500061035156,355
2025-04-16 14:00:00+05:30,335.0,335.0,334.6499938964844,335.0,1794
2025-04-16 14:01:00+05:30,335.0,335.0,335.0,335.0,348
2025-04-16 14:02:00+05:30,335.0,335.1000061035156,335.0,335.1000061035156,369
2025-04-16 14:03:00+05:30,334.8999938964844,335.3500061035156,334.8999938964844,335.3500061035156,4168
2025-04-16 14:04:00+05:30,335.0,335.25,334.8500061035156,334.8500061035156,426
2025-04-16 14:05:00+05:30,335.04998779296875,335.29998779296875,335.04998779296875,335.1000061035156,365
2025-04-16 14:06:00+05:30,335.04998779296875,335.3999938964844,335.04998779296875,335.1000061035156,482
2025-04-16 14:07:00+05:30,335.0,335.1000061035156,335.0,335.0,399
2025-04-16 14:08:00+05:30,335.1000061035156,335.29998779296875,335.0,335.1000061035156,350
2025-04-16 14:09:00+05:30,335.3500061035156,335.3500061035156,335.0,335.04998779296875,929
2025-04-16 14:10:00+05:30,335.1499938964844,335.1499938964844,335.04998779296875,335.04998779296875,323
2025-04-16 14:11:00+05:30,335.1499938964844,335.25,335.1499938964844,335.20001220703125,337
2025-04-16 14:12:00+05:30,335.20001220703125,335.25,335.1000061035156,335.25,376
2025-04-16 14:13:00+05:30,335.20001220703125,335.3999938964844,335.20001220703125,335.20001220703125,432
2025-04-16 14:14:00+05:30,335.25,335.25,335.20001220703125,335.25,372
2025-04-16 14:15:00+05:30,335.0,335.3500061035156,335.0,335.3500061035156,1708
2025-04-16 14:16:00+05:30,335.0,335.0,334.79998779296875,335.0,654
2025-04-16 14:17:00+05:30,335.04998779296875,335.1499938964844,335.0,335.0,660
2025-04-16 14:18:00+05:30,335.25,335.25,335.0,335.0,490
2025-04-16 14:19:00+05:30,334.54998779296875,335.0,334.54998779296875,335.0,853
2025-04-16 14:20:00+05:30,334.54998779296875,334.79998779296875,334.5,334.54998779296875,295
2025-04-16 14:21:00+05:30,334.6000061035156,334.79998779296875,334.5,334.75,197
2025-04-16 14:22:00+05:30,335.1499938964844,335.3500061035156,334.3500061035156,334.3999938964844,4424
2025-04-16 14:23:00+05:30,335.0,335.04998779296875,335.0,335.04998779296875,621
2025-04-16 14:24:00+05:30,335.0,335.1000061035156,335.0,335.0,595
2025-04-16 14:25:00+05:30,335.0,335.1000061035156,335.0,335.0,1105
2025-04-16 14:26:00+05:30,335.0,335.0,335.0,335.0,515
2025-04-16 14:27:00+05:30,334.6000061035156,335.1000061035156,334.6000061035156,335.0,3261
2025-04-16 14:28:00+05:30,335.0,335.04998779296875,334.5,334.79998779296875,2200
2025-04-16 14:29:00+05:30,335.1499938964844,335.20001220703125,334.75,335.0,818
2025-04-16 14:30:00+05:30,335.0,335.45001220703125,335.0,335.29998779296875,951
2025-04-16 14:31:00+05:30,335.0,335.04998779296875,335.0,335.0,505
2025-04-16 14:32:00+05:30,335.0,335.0,335.0,335.0,579
2025-04-16 14:33:00+05:30,335.0,335.1499938964844,334.75,335.0,2608
2025-04-16 14:34:00+05:30,334.6000061035156,334.79998779296875,334.54998779296875,334.79998779296875,439
2025-04-16 14:35:00+05:30,335.0,335.1000061035156,335.0,335.1000061035156,2326
2025-04-16 14:36:00+05:30,335.0,335.0,335.0,335.0,655
2025-04-16 14:37:00+05:30,334.79998779296875,335.0,334.79998779296875,335.0,2226
2025-04-16 14:38:00+05:30,335.0,335.3500061035156,334.6000061035156,334.8500061035156,1388
2025-04-16 14:39:00+05:30,335.04998779296875,335.1000061035156,335.0,335.0,536
2025-04-16 14:40:00+05:30,335.0,335.04998779296875,335.0,335.0,722
2025-04-16 14:41:00+05:30,335.0,335.20001220703125,335.0,335.0,2307
2025-04-16 14:42:00+05:30,335.0,335.0,335.0,335.0,544
2025-04-16 14:43:00+05:30,334.75,335.1000061035156,334.6499938964844,335.0,2517
2025-04-16 14:44:00+05:30,334.8500061035156,334.8500061035156,334.6000061035156,334.75,191
2025-04-16 14:45:00+05:30,335.0,335.20001220703125,334.6499938964844,334.70001220703125,1109
2025-04-16 14:46:00+05:30,335.04998779296875,335.1000061035156,335.0,335.0,367
2025-04-16 14:47:00+05:30,335.45001220703125,335.5,335.04998779296875,335.1000061035156,1496
2025-04-16 14:48:00+05:30,335.5,335.6000061035156,335.25,335.6000061035156,718
2025-04-16 14:49:00+05:30,335.45001220703125,335.5,335.45001220703125,335.5,364
2025-04-16 14:50:00+05:30,335.45001220703125,335.54998779296875,335.1499938964844,335.54998779296875,2205
2025-04-16 14:51:00+05:30,335.5,335.75,335.3500061035156,335.3500061035156,631
2025-04-16 14:52:00+05:30,335.29998779296875,335.75,335.29998779296875,335.3999938964844,480
2025-04-16 14:53:00+05:30,335.3999938964844,335.6000061035156,335.3500061035156,335.5,375
2025-04-16 14:54:00+05:30,335.29998779296875,335.6000061035156,335.29998779296875,335.3999938964844,424
2025-04-16 14:55:00+05:30,335.25,335.95001220703125,335.04998779296875,335.54998779296875,7410
2025-04-16 14:56:00+05:30,335.29998779296875,335.6000061035156,335.0,335.3500061035156,3066
2025-04-16 14:57:00+05:30,335.3999938964844,335.3999938964844,335.04998779296875,335.29998779296875,1848
2025-04-16 14:58:00+05:30,335.20001220703125,335.20001220703125,334.8999938964844,335.0,5029
2025-04-16 14:59:00+05:30,335.1000061035156,335.25,335.0,335.20001220703125,595
2025-04-16 15:00:00+05:30,335.20001220703125,335.3500061035156,335.1000061035156,335.20001220703125,1366
2025-04-16 15:01:00+05:30,335.25,335.25,335.0,335.20001220703125,664
2025-04-16 15:02:00+05:30,334.8500061035156,335.0,334.8500061035156,335.0,2149
2025-04-16 15:03:00+05:30,335.0,335.25,334.8999938964844,334.8999938964844,1275
2025-04-16 15:04:00+05:30,335.20001220703125,335.20001220703125,335.0,335.1499938964844,516
2025-04-16 15:05:00+05:30,335.0,335.25,335.0,335.20001220703125,2197
2025-04-16 15:06:00+05:30,335.1499938964844,335.25,335.0,335.25,515
2025-04-16 15:07:00+05:30,335.1499938964844,335.3500061035156,335.0,335.25,5188
2025-04-16 15:08:00+05:30,335.1000061035156,335.25,335.0,335.25,2679
2025-04-16 15:09:00+05:30,335.20001220703125,335.25,335.04998779296875,335.1000061035156,689
2025-04-16 15:10:00+05:30,335.1499938964844,335.20001220703125,335.1000061035156,335.1000061035156,999
2025-04-16 15:11:00+05:30,335.0,335.1499938964844,335.0,335.1499938964844,853
2025-04-16 15:12:00+05:30,335.0,335.1000061035156,335.0,335.04998779296875,3283
2025-04-16 15:13:00+05:30,335.1000061035156,335.1499938964844,335.04998779296875,335.04998779296875,1996
2025-04-16 15:14:00+05:30,335.1499938964844,335.1499938964844,335.0,335.04998779296875,974
2025-04-16 15:15:00+05:30,335.04998779296875,335.1499938964844,335.0,335.1499938964844,855
2025-04-16 15:16:00+05:30,334.79998779296875,335.1000061035156,334.79998779296875,335.1000061035156,12169
2025-04-16 15:17:00+05:30,334.8500061035156,334.95001220703125,334.8500061035156,334.8999938964844,2790
2025-04-16 15:18:00+05:30,334.75,334.8500061035156,334.70001220703125,334.8500061035156,3617
2025-04-16 15:19:00+05:30,335.1499938964844,335.45001220703125,334.75,334.75,2476
2025-04-16 15:20:00+05:30,335.20001220703125,335.3999938964844,335.04998779296875,335.3500061035156,1486
2025-04-16 15:21:00+05:30,335.54998779296875,335.54998779296875,335.29998779296875,335.3999938964844,1550
2025-04-16 15:22:00+05:30,335.25,335.45001220703125,335.0,335.45001220703125,1309
2025-04-16 15:23:00+05:30,335.1000061035156,335.25,335.1000061035156,335.25,1239
2025-04-16 15:24:00+05:30,335.04998779296875,335.3500061035156,335.04998779296875,335.1499938964844,1204
2025-04-16 15:25:00+05:30,335.3500061035156,335.5,335.3500061035156,335.3500061035156,657
2025-04-16 15:26:00+05:30,335.5,335.54998779296875,335.29998779296875,335.3500061035156,1062
2025-04-16 15:27:00+05:30,335.3500061035156,335.95001220703125,335.29998779296875,335.54998779296875,3882
2025-04-16 15:28:00+05:30,335.1499938964844,335.3999938964844,335.0,335.1000061035156,755
2025-04-16 15:29:00+05:30,335.04998779296875,335.3999938964844,335.0,335.3999938964844,9026
2025-04-17 09:15:00+05:30,295.45001220703125,299.70001220703125,292.0,292.0,154506
2025-04-17 09:16:00+05:30,296.54998779296875,297.79998779296875,293.25,295.25,228983
2025-04-17 09:17:00+05:30,299.1499938964844,299.3999938964844,296.8999938964844,297.29998779296875,163725
2025-04-17 09:18:00+05:30,297.95001220703125,299.6499938964844,297.8999938964844,299.25,270456
2025-04-17 09:19:00+05:30,299.3500061035156,299.75,297.75,298.04998779296875,103743
2025-04-17 09:20:00+05:30,302.70001220703125,303.70001220703125,298.45001220703125,299.5,628621
2025-04-17 09:21:00+05:30,302.3500061035156,304.0,300.20001220703125,302.6000061035156,419303
2025-04-17 09:22:00+05:30,304.79998779296875,304.79998779296875,302.54998779296875,302.6000061035156,152277
2025-04-17 09:23:00+05:30,303.75,304.75,302.6499938964844,304.6000061035156,158275
2025-04-17 09:24:00+05:30,304.95001220703125,305.8999938964844,303.70001220703125,303.79998779296875,195629
2025-04-17 09:25:00+05:30,306.70001220703125,307.5,305.0,305.0,194992
2025-04-17 09:26:00+05:30,306.95001220703125,307.8999938964844,305.95001220703125,306.5,420510
2025-04-17 09:27:00+05:30,305.54998779296875,306.70001220703125,304.6000061035156,306.70001220703125,228108
2025-04-17 09:28:00+05:30,305.6000061035156,306.5,305.5,305.75,57663
2025-04-17 09:29:00+05:30,302.1499938964844,305.54998779296875,301.70001220703125,305.5,295843
2025-04-17 09:30:00+05:30,302.8999938964844,303.45001220703125,301.6499938964844,301.8999938964844,89290
2025-04-17 09:31:00+05:30,303.29998779296875,303.29998779296875,302.6000061035156,302.8500061035156,48669
2025-04-17 09:32:00+05:30,303.6000061035156,303.8999938964844,302.79998779296875,303.29998779296875,58489
2025-04-17 09:33:00+05:30,303.8999938964844,304.25,303.29998779296875,303.6000061035156,49669
2025-04-17 09:34:00+05:30,303.6000061035156,304.04998779296875,303.5,304.04998779296875,31659
2025-04-17 09:35:00+05:30,302.45001220703125,303.6499938964844,302.45001220703125,303.6499938964844,69452
2025-04-17 09:36:00+05:30,303.04998779296875,303.1499938964844,302.3999938964844,302.3999938964844,37862
2025-04-17 09:37:00+05:30,304.0,304.0,303.0,303.0,43164
2025-04-17 09:38:00+05:30,303.75,304.29998779296875,303.1000061035156,304.20001220703125,88570
2025-04-17 09:39:00+05:30,303.54998779296875,304.1000061035156,303.3500061035156,303.70001220703125,45386
2025-04-17 09:40:00+05:30,303.8500061035156,304.1000061035156,303.6000061035156,303.79998779296875,20194
2025-04-17 09:41:00+05:30,303.5,303.8500061035156,303.0,303.8500061035156,29964
2025-04-17 09:42:00+05:30,304.79998779296875,304.79998779296875,303.25,303.25,40739
2025-04-17 09:43:00+05:30,306.45001220703125,306.5,304.79998779296875,305.1499938964844,136828
2025-04-17 09:44:00+05:30,305.6000061035156,306.45001220703125,305.54998779296875,306.45001220703125,73448
2025-04-17 09:45:00+05:30,303.5,305.6499938964844,303.3999938964844,305.6499938964844,98692
2025-04-17 09:46:00+05:30,302.6499938964844,304.0,302.20001220703125,303.5,108361
2025-04-17 09:47:00+05:30,303.6000061035156,303.6000061035156,302.5,302.8999938964844,24683
2025-04-17 09:48:00+05:30,303.70001220703125,304.29998779296875,303.3999938964844,303.6000061035156,85780
2025-04-17 09:49:00+05:30,304.0,304.25,303.54998779296875,303.6000061035156,12381
2025-04-17 09:50:00+05:30,305.20001220703125,305.29998779296875,304.0,304.0,39610
2025-04-17 09:51:00+05:30,305.0,305.5,304.8500061035156,305.04998779296875,65248
2025-04-17 09:52:00+05:30,305.04998779296875,305.1499938964844,304.79998779296875,305.0,28109
2025-04-17 09:53:00+05:30,305.3500061035156,305.5,304.79998779296875,305.1499938964844,20795
2025-04-17 09:54:00+05:30,305.45001220703125,305.5,305.20001220703125,305.29998779296875,21810
2025-04-17 09:55:00+05:30,305.04998779296875,305.29998779296875,305.0,305.29998779296875,18807
2025-04-17 09:56:00+05:30,305.3500061035156,305.45001220703125,305.1000061035156,305.1000061035156,48035
2025-04-17 09:57:00+05:30,305.6000061035156,305.6499938964844,305.29998779296875,305.3500061035156,14126
2025-04-17 09:58:00+05:30,306.45001220703125,306.45001220703125,305.54998779296875,305.79998779296875,66755
2025-04-17 09:59:00+05:30,307.45001220703125,307.8500061035156,306.1000061035156,306.6499938964844,95286
2025-04-17 10:00:00+05:30,306.8999938964844,307.79998779296875,306.75,307.54998779296875,72954
2025-04-17 10:01:00+05:30,307.04998779296875,307.3999938964844,306.5,306.70001220703125,40209
2025-04-17 10:02:00+05:30,307.04998779296875,307.45001220703125,306.1499938964844,307.04998779296875,48204
2025-04-17 10:03:00+05:30,307.29998779296875,307.54998779296875,307.1499938964844,307.3999938964844,327119
2025-04-17 10:04:00+05:30,307.0,307.79998779296875,306.79998779296875,307.29998779296875,39333
2025-04-17 10:05:00+05:30,307.20001220703125,307.29998779296875,306.8500061035156,306.8500061035156,14778
2025-04-17 10:06:00+05:30,307.0,307.1000061035156,306.79998779296875,307.1000061035156,21971
2025-04-17 10:07:00+05:30,307.20001220703125,307.3500061035156,306.95001220703125,307.0,28319
2025-04-17 10:08:00+05:30,307.25,307.6000061035156,307.04998779296875,307.6000061035156,27408
2025-04-17 10:09:00+05:30,307.3999938964844,307.6000061035156,307.1499938964844,307.3500061035156,15810
2025-04-17 10:10:00+05:30,307.1000061035156,307.3999938964844,306.79998779296875,307.3999938964844,36997
2025-04-17 10:11:00+05:30,307.54998779296875,307.54998779296875,306.75,307.04998779296875,78188
2025-04-17 10:12:00+05:30,307.8500061035156,308.25,307.54998779296875,307.75,57845
2025-04-17 10:13:00+05:30,307.95001220703125,308.5,307.54998779296875,308.0,62606
2025-04-17 10:14:00+05:30,307.8999938964844,308.0,307.6499938964844,307.95001220703125,65897
2025-04-17 10:15:00+05:30,307.8500061035156,308.0,307.75,307.95001220703125,28915
2025-04-17 10:16:00+05:30,309.29998779296875,309.29998779296875,307.54998779296875,307.95001220703125,85459
2025-04-17 10:17:00+05:30,310.1499938964844,310.29998779296875,309.1499938964844,309.3500061035156,114402
2025-04-17 10:18:00+05:30,310.25,310.5,310.0,310.1499938964844,93473
2025-04-17 10:19:00+05:30,309.6499938964844,310.3500061035156,309.54998779296875,310.0,52992
2025-04-17 10:20:00+05:30,309.54998779296875,310.04998779296875,309.5,309.6499938964844,44928
2025-04-17 10:21:00+05:30,310.0,310.0,309.6000061035156,309.6499938964844,18450
2025-04-17 10:22:00+05:30,310.29998779296875,310.5,309.75,309.75,25630
2025-04-17 10:23:00+05:30,310.1499938964844,310.5,309.95001220703125,310.29998779296875,61261
2025-04-17 10:24:00+05:30,310.20001220703125,310.45001220703125,310.04998779296875,310.04998779296875,13513
2025-04-17 10:25:00+05:30,309.45001220703125,310.25,309.20001220703125,310.25,52182
2025-04-17 10:26:00+05:30,309.8999938964844,310.0,309.45001220703125,309.70001220703125,15480
2025-04-17 10:27:00+05:30,310.20001220703125,310.25,309.79998779296875,309.79998779296875,22760
2025-04-17 10:28:00+05:30,310.29998779296875,310.3500061035156,310.1000061035156,310.1000061035156,22200
2025-04-17 10:29:00+05:30,310.6499938964844,310.8999938964844,310.29998779296875,310.29998779296875,39779
2025-04-17 10:30:00+05:30,311.04998779296875,311.04998779296875,310.5,310.6000061035156,30037
2025-04-17 10:31:00+05:30,310.45001220703125,311.1000061035156,310.3999938964844,310.95001220703125,34164
2025-04-17 10:32:00+05:30,311.75,311.75,310.70001220703125,310.70001220703125,65171
2025-04-17 10:33:00+05:30,311.79998779296875,312.1000061035156,311.6499938964844,311.8999938964844,55267
2025-04-17 10:34:00+05:30,311.6499938964844,311.8500061035156,311.29998779296875,311.8500061035156,23959
2025-04-17 10:35:00+05:30,311.8500061035156,311.95001220703125,311.54998779296875,311.6499938964844,13166
2025-04-17 10:36:00+05:30,312.04998779296875,312.04998779296875,311.8500061035156,311.8500061035156,25096
2025-04-17 10:37:00+05:30,312.0,312.1000061035156,311.8999938964844,312.1000061035156,20292
2025-04-17 10:38:00+05:30,311.79998779296875,311.8999938964844,311.54998779296875,311.8500061035156,28730
2025-04-17 10:39:00+05:30,311.5,311.8500061035156,311.5,311.79998779296875,12132
2025-04-17 10:40:00+05:30,311.6499938964844,311.8500061035156,311.45001220703125,311.6499938964844,21201
2025-04-17 10:41:00+05:30,311.6499938964844,311.70001220703125,311.5,311.70001220703125,10636
2025-04-17 10:42:00+05:30,311.25,311.75,311.25,311.75,20043
2025-04-17 10:43:00+05:30,310.79998779296875,311.25,310.79998779296875,311.25,42576
2025-04-17 10:44:00+05:30,311.3500061035156,311.5,310.79998779296875,310.95001220703125,24368
2025-04-17 10:45:00+05:30,312.1499938964844,312.1499938964844,311.0,311.25,21396
2025-04-17 10:46:00+05:30,312.0,312.5,311.8500061035156,312.0,29747
2025-04-17 10:47:00+05:30,311.75,312.04998779296875,311.6499938964844,312.04998779296875,7582
2025-04-17 10:48:00+05:30,312.1000061035156,312.29998779296875,311.6499938964844,311.75,15110
2025-04-17 10:49:00+05:30,312.0,312.45001220703125,312.0,312.25,17671
2025-04-17 10:50:00+05:30,311.79998779296875,312.0,311.6000061035156,312.0,12231
2025-04-17 10:51:00+05:30,311.79998779296875,311.79998779296875,311.54998779296875,311.79998779296875,9460
2025-04-17 10:52:00+05:30,311.5,311.6499938964844,311.3500061035156,311.54998779296875,12740
2025-04-17 10:53:00+05:30,311.1000061035156,311.3500061035156,310.79998779296875,311.20001220703125,17023
2025-04-17 10:54:00+05:30,311.8999938964844,311.8999938964844,311.1000061035156,311.1000061035156,15113
2025-04-17 10:55:00+05:30,311.8999938964844,312.04998779296875,311.54998779296875,312.0,25144
2025-04-17 10:56:00+05:30,311.8999938964844,312.0,311.54998779296875,311.95001220703125,15421
2025-04-17 10:57:00+05:30,312.20001220703125,312.20001220703125,311.8999938964844,311.8999938964844,11569
2025-04-17 10:58:00+05:30,312.0,312.20001220703125,312.0,312.1000061035156,6320
2025-04-17 10:59:00+05:30,311.79998779296875,312.0,311.79998779296875,312.0,3656
2025-04-17 11:00:00+05:30,311.8500061035156,311.8500061035156,311.75,311.79998779296875,4764
2025-04-17 11:01:00+05:30,311.29998779296875,311.8500061035156,311.29998779296875,311.8500061035156,8500
2025-04-17 11:02:00+05:30,311.45001220703125,311.45001220703125,311.29998779296875,311.3999938964844,6992
2025-04-17 11:03:00+05:30,311.04998779296875,311.45001220703125,310.8999938964844,311.45001220703125,25133
2025-04-17 11:04:00+05:30,311.20001220703125,311.20001220703125,310.79998779296875,311.1499938964844,10831
2025-04-17 11:05:00+05:30,311.79998779296875,311.79998779296875,311.45001220703125,311.5,11963
2025-04-17 11:06:00+05:30,311.3500061035156,311.70001220703125,311.3500061035156,311.70001220703125,7473
2025-04-17 11:07:00+05:30,311.8500061035156,311.8500061035156,311.45001220703125,311.45001220703125,10479
2025-04-17 11:08:00+05:30,311.95001220703125,311.95001220703125,311.79998779296875,311.95001220703125,7037
2025-04-17 11:09:00+05:30,312.0,312.0,311.8999938964844,311.95001220703125,12426
2025-04-17 11:10:00+05:30,311.8500061035156,312.0,311.75,312.0,12954
2025-04-17 11:11:00+05:30,311.54998779296875,311.8500061035156,311.5,311.8500061035156,6761
2025-04-17 11:12:00+05:30,311.3500061035156,311.70001220703125,311.3500061035156,311.54998779296875,14146
2025-04-17 11:13:00+05:30,310.29998779296875,311.3999938964844,310.29998779296875,311.1499938964844,24489
2025-04-17 11:14:00+05:30,309.29998779296875,310.29998779296875,309.04998779296875,310.29998779296875,72458
2025-04-17 11:15:00+05:30,310.29998779296875,310.54998779296875,309.29998779296875,309.70001220703125,24256
2025-04-17 11:16:00+05:30,310.29998779296875,310.45001220703125,310.04998779296875,310.25,8364
2025-04-17 11:17:00+05:30,310.1499938964844,310.45001220703125,310.0,310.3999938964844,10545
2025-04-17 11:18:00+05:30,310.04998779296875,310.25,310.0,310.25,7494
2025-04-17 11:19:00+05:30,310.04998779296875,310.1000061035156,310.0,310.04998779296875,4147
2025-04-17 11:20:00+05:30,309.95001220703125,310.20001220703125,309.8999938964844,309.8999938964844,15510
2025-04-17 11:21:00+05:30,309.8999938964844,309.95001220703125,309.75,309.95001220703125,4924
2025-04-17 11:22:00+05:30,310.0,310.0,309.6000061035156,309.8999938964844,16434
2025-04-17 11:23:00+05:30,310.0,310.0,309.75,309.8500061035156,7572
2025-04-17 11:24:00+05:30,309.75,310.0,309.75,309.79998779296875,10771
2025-04-17 11:25:00+05:30,309.6000061035156,310.0,309.6000061035156,310.0,7953
2025-04-17 11:26:00+05:30,309.6499938964844,310.0,309.6499938964844,309.75,4640
2025-04-17 11:27:00+05:30,310.1000061035156,310.1499938964844,309.8999938964844,309.8999938964844,12616
2025-04-17 11:28:00+05:30,310.5,310.6499938964844,310.1499938964844,310.1499938964844,8443
2025-04-17 11:29:00+05:30,310.25,310.54998779296875,310.20001220703125,310.54998779296875,18701
2025-04-17 11:30:00+05:30,310.5,310.54998779296875,310.04998779296875,310.04998779296875,9711
2025-04-17 11:31:00+05:30,311.0,311.0,310.29998779296875,310.54998779296875,12055
2025-04-17 11:32:00+05:30,311.04998779296875,311.25,311.0,311.0,23829
2025-04-17 11:33:00+05:30,311.5,311.70001220703125,311.20001220703125,311.25,18347
2025-04-17 11:34:00+05:30,311.45001220703125,311.75,311.45001220703125,311.70001220703125,21510
2025-04-17 11:35:00+05:30,311.75,311.79998779296875,311.5,311.5,6050
2025-04-17 11:36:00+05:30,311.79998779296875,311.79998779296875,311.6000061035156,311.70001220703125,8815
2025-04-17 11:37:00+05:30,311.6000061035156,311.70001220703125,311.6000061035156,311.6499938964844,6199
2025-04-17 11:38:00+05:30,311.04998779296875,311.5,311.04998779296875,311.5,12257
2025-04-17 11:39:00+05:30,311.1000061035156,311.1499938964844,310.79998779296875,311.04998779296875,12098
2025-04-17 11:40:00+05:30,311.3999938964844,311.3999938964844,310.8500061035156,311.1000061035156,10392
2025-04-17 11:41:00+05:30,311.25,311.6000061035156,311.1499938964844,311.3999938964844,6555
2025-04-17 11:42:00+05:30,311.3999938964844,311.3999938964844,311.04998779296875,311.25,5678
2025-04-17 11:43:00+05:30,311.3999938964844,311.3999938964844,311.25,311.3999938964844,13087
2025-04-17 11:44:00+05:30,311.70001220703125,311.75,311.5,311.54998779296875,6952
2025-04-17 11:45:00+05:30,311.54998779296875,311.75,311.54998779296875,311.70001220703125,12496
2025-04-17 11:46:00+05:30,311.5,311.75,311.25,311.6499938964844,11200
2025-04-17 11:47:00+05:30,312.25,312.45001220703125,311.3999938964844,311.54998779296875,54185
2025-04-17 11:48:00+05:30,312.25,312.29998779296875,312.0,312.1000061035156,21494
2025-04-17 11:49:00+05:30,312.20001220703125,312.25,312.1000061035156,312.1000061035156,2078
2025-04-17 11:50:00+05:30,311.8500061035156,312.20001220703125,311.75,312.1000061035156,17548
2025-04-17 11:51:00+05:30,311.70001220703125,312.0,311.5,312.0,11337
2025-04-17 11:52:00+05:30,311.70001220703125,311.70001220703125,311.54998779296875,311.70001220703125,6263
2025-04-17 11:53:00+05:30,312.1499938964844,312.20001220703125,311.54998779296875,311.75,6307
2025-04-17 11:54:00+05:30,312.25,312.25,312.0,312.0,12352
2025-04-17 11:55:00+05:30,312.1499938964844,312.3999938964844,311.8500061035156,312.25,21711
2025-04-17 11:56:00+05:30,312.1000061035156,312.20001220703125,312.0,312.1499938964844,2640
2025-04-17 11:57:00+05:30,312.1000061035156,312.20001220703125,312.0,312.0,5975
2025-04-17 11:58:00+05:30,312.1499938964844,312.25,312.0,312.1000061035156,3632
2025-04-17 11:59:00+05:30,312.1499938964844,312.25,312.0,312.1499938964844,7561
2025-04-17 12:00:00+05:30,312.0,312.1499938964844,312.0,312.0,4363
2025-04-17 12:01:00+05:30,312.0,312.04998779296875,311.8999938964844,312.0,4089
2025-04-17 12:02:00+05:30,312.04998779296875,312.04998779296875,311.8500061035156,311.8500061035156,7874
2025-04-17 12:03:00+05:30,311.79998779296875,311.95001220703125,311.75,311.95001220703125,4334
2025-04-17 12:04:00+05:30,311.70001220703125,311.79998779296875,311.5,311.70001220703125,4495
2025-04-17 12:05:00+05:30,311.3999938964844,311.70001220703125,311.3999938964844,311.54998779296875,2974
2025-04-17 12:06:00+05:30,311.6000061035156,311.6000061035156,311.29998779296875,311.3500061035156,8079
2025-04-17 12:07:00+05:30,311.6499938964844,311.70001220703125,311.45001220703125,311.6000061035156,2336
2025-04-17 12:08:00+05:30,311.79998779296875,311.79998779296875,311.29998779296875,311.6499938964844,13992
2025-04-17 12:09:00+05:30,311.54998779296875,311.8500061035156,311.54998779296875,311.79998779296875,5143
2025-04-17 12:10:00+05:30,311.5,311.54998779296875,311.45001220703125,311.54998779296875,2557
2025-04-17 12:11:00+05:30,311.5,311.5,311.3500061035156,311.5,3785
2025-04-17 12:12:00+05:30,311.29998779296875,311.5,311.29998779296875,311.5,2135
2025-04-17 12:13:00+05:30,311.20001220703125,311.45001220703125,311.20001220703125,311.45001220703125,12005
2025-04-17 12:14:00+05:30,310.6499938964844,311.3999938964844,310.6499938964844,311.20001220703125,43653
2025-04-17 12:15:00+05:30,310.54998779296875,310.70001220703125,310.5,310.6000061035156,10254
2025-04-17 12:16:00+05:30,310.5,310.6499938964844,310.3999938964844,310.6499938964844,15905
2025-04-17 12:17:00+05:30,311.25,311.25,310.70001220703125,310.70001220703125,34626
2025-04-17 12:18:00+05:30,311.1499938964844,311.3500061035156,310.8500061035156,311.25,19287
2025-04-17 12:19:00+05:30,311.1000061035156,311.1499938964844,310.8999938964844,311.1499938964844,1468
2025-04-17 12:20:00+05:30,311.04998779296875,311.04998779296875,310.79998779296875,311.0,12824
2025-04-17 12:21:00+05:30,311.0,311.1000061035156,310.8999938964844,311.1000061035156,2340
2025-04-17 12:22:00+05:30,311.1499938964844,311.1499938964844,311.0,311.0,5271
2025-04-17 12:23:00+05:30,311.3999938964844,311.3999938964844,311.25,311.29998779296875,5239
2025-04-17 12:24:00+05:30,311.25,311.3999938964844,311.25,311.3999938964844,4177
2025-04-17 12:25:00+05:30,311.3999938964844,311.3999938964844,311.25,311.3999938964844,2729
2025-04-17 12:26:00+05:30,311.29998779296875,311.3999938964844,311.20001220703125,311.3999938964844,4644
2025-04-17 12:27:00+05:30,311.3999938964844,311.45001220703125,311.20001220703125,311.29998779296875,6628
2025-04-17 12:28:00+05:30,311.79998779296875,311.8999938964844,311.45001220703125,311.5,14736
2025-04-17 12:29:00+05:30,311.8500061035156,311.8500061035156,311.75,311.79998779296875,3257
2025-04-17 12:30:00+05:30,311.5,311.8500061035156,311.5,311.75,9925
2025-04-17 12:31:00+05:30,310.8999938964844,311.3999938964844,310.8999938964844,311.3999938964844,4471
2025-04-17 12:32:00+05:30,311.79998779296875,312.0,310.79998779296875,310.8999938964844,20356
2025-04-17 12:33:00+05:30,312.0,312.1000061035156,311.79998779296875,311.79998779296875,24108
2025-04-17 12:34:00+05:30,311.8999938964844,312.0,311.75,312.0,4444
2025-04-17 12:35:00+05:30,311.8999938964844,312.0,311.6000061035156,311.8999938964844,9317
2025-04-17 12:36:00+05:30,311.79998779296875,311.8999938964844,311.6000061035156,311.8999938964844,2658
2025-04-17 12:37:00+05:30,311.6499938964844,311.8500061035156,311.5,311.8500061035156,3663
2025-04-17 12:38:00+05:30,311.54998779296875,311.6499938964844,311.3500061035156,311.6499938964844,5877
2025-04-17 12:39:00+05:30,311.8500061035156,311.8500061035156,311.3999938964844,311.54998779296875,6660
2025-04-17 12:40:00+05:30,311.8999938964844,311.8999938964844,311.70001220703125,311.8500061035156,2366
2025-04-17 12:41:00+05:30,311.8500061035156,311.8999938964844,311.79998779296875,311.8999938964844,3033
2025-04-17 12:42:00+05:30,311.8500061035156,311.8999938964844,311.79998779296875,311.79998779296875,2199
2025-04-17 12:43:00+05:30,311.8999938964844,311.95001220703125,311.8500061035156,311.8500061035156,4454
2025-04-17 12:44:00+05:30,311.79998779296875,311.95001220703125,311.6000061035156,311.8999938964844,13942
2025-04-17 12:45:00+05:30,312.20001220703125,312.20001220703125,311.8500061035156,311.8999938964844,10202
2025-04-17 12:46:00+05:30,313.70001220703125,313.70001220703125,312.54998779296875,312.54998779296875,102841
2025-04-17 12:47:00+05:30,313.3999938964844,313.79998779296875,313.20001220703125,313.79998779296875,27465
2025-04-17 12:48:00+05:30,314.0,314.20001220703125,313.6000061035156,313.6499938964844,38883
2025-04-17 12:49:00+05:30,314.25,314.3999938964844,314.0,314.0,36850
2025-04-17 12:50:00+05:30,314.25,314.3999938964844,314.04998779296875,314.20001220703125,15942
2025-04-17 12:51:00+05:30,314.0,314.3500061035156,314.0,314.25,22319
2025-04-17 12:52:00+05:30,315.8500061035156,315.8999938964844,314.25,314.25,146505
2025-04-17 12:53:00+05:30,316.75,317.3999938964844,315.6499938964844,315.6499938964844,91041
2025-04-17 12:54:00+05:30,316.54998779296875,316.8999938964844,316.29998779296875,316.5,41300
2025-04-17 12:55:00+05:30,315.75,316.5,315.54998779296875,316.5,35275
2025-04-17 12:56:00+05:30,315.25,316.0,314.8500061035156,316.0,82787
2025-04-17 12:57:00+05:30,315.20001220703125,315.3999938964844,315.0,315.20001220703125,19916
2025-04-17 12:58:00+05:30,314.79998779296875,315.3500061035156,314.79998779296875,315.1000061035156,41460
2025-04-17 12:59:00+05:30,316.0,316.1000061035156,314.79998779296875,314.79998779296875,23527
2025-04-17 13:00:00+05:30,315.3500061035156,316.0,315.29998779296875,316.0,10246
2025-04-17 13:01:00+05:30,315.29998779296875,315.3500061035156,315.1499938964844,315.29998779296875,4618
2025-04-17 13:02:00+05:30,314.79998779296875,315.3999938964844,314.79998779296875,315.3500061035156,19890
2025-04-17 13:03:00+05:30,315.0,315.04998779296875,314.8500061035156,315.0,11970
2025-04-17 13:04:00+05:30,314.3500061035156,315.20001220703125,314.3500061035156,315.0,22740
2025-04-17 13:05:00+05:30,314.6000061035156,314.75,314.29998779296875,314.3999938964844,10426
2025-04-17 13:06:00+05:30,314.95001220703125,315.0,314.54998779296875,314.54998779296875,15936
2025-04-17 13:07:00+05:30,314.95001220703125,315.0,314.70001220703125,314.79998779296875,11476
2025-04-17 13:08:00+05:30,315.0,315.1499938964844,314.95001220703125,315.0,5240
2025-04-17 13:09:00+05:30,315.0,315.3500061035156,315.0,315.0,7450
2025-04-17 13:10:00+05:30,314.95001220703125,315.29998779296875,314.95001220703125,315.1499938964844,6971
2025-04-17 13:11:00+05:30,314.8500061035156,315.0,314.79998779296875,314.79998779296875,4939
2025-04-17 13:12:00+05:30,315.1000061035156,315.1000061035156,314.6000061035156,314.8500061035156,30291
2025-04-17 13:13:00+05:30,315.1000061035156,315.20001220703125,315.0,315.04998779296875,2318
2025-04-17 13:14:00+05:30,315.1000061035156,315.20001220703125,315.1000061035156,315.1000061035156,9692
2025-04-17 13:15:00+05:30,315.1000061035156,315.1499938964844,315.04998779296875,315.1000061035156,7416
2025-04-17 13:16:00+05:30,315.0,315.20001220703125,314.95001220703125,315.20001220703125,18242
2025-04-17 13:17:00+05:30,315.0,315.20001220703125,314.79998779296875,315.04998779296875,11725
2025-04-17 13:18:00+05:30,315.0,315.1499938964844,315.0,315.1000061035156,3318
2025-04-17 13:19:00+05:30,315.1499938964844,315.25,315.04998779296875,315.04998779296875,6969
2025-04-17 13:20:00+05:30,315.25,315.25,315.04998779296875,315.04998779296875,3638
2025-04-17 13:21:00+05:30,315.20001220703125,315.25,315.20001220703125,315.20001220703125,3305
2025-04-17 13:22:00+05:30,315.1000061035156,315.25,315.1000061035156,315.20001220703125,5982
2025-04-17 13:23:00+05:30,315.04998779296875,315.25,315.04998779296875,315.04998779296875,6492
2025-04-17 13:24:00+05:30,315.1000061035156,315.20001220703125,315.04998779296875,315.04998779296875,1413
2025-04-17 13:25:00+05:30,314.70001220703125,315.04998779296875,314.70001220703125,314.95001220703125,19913
2025-04-17 13:26:00+05:30,314.8500061035156,315.0,314.75,314.8500061035156,5162
2025-04-17 13:27:00+05:30,314.8500061035156,314.8500061035156,314.6499938964844,314.8500061035156,12024
2025-04-17 13:28:00+05:30,314.95001220703125,315.04998779296875,314.70001220703125,314.95001220703125,15956
2025-04-17 13:29:00+05:30,315.0,315.1000061035156,314.95001220703125,314.95001220703125,4986
2025-04-17 13:30:00+05:30,315.04998779296875,315.20001220703125,315.0,315.04998779296875,3401
2025-04-17 13:31:00+05:30,315.04998779296875,315.20001220703125,315.04998779296875,315.04998779296875,1820
2025-04-17 13:32:00+05:30,315.04998779296875,315.20001220703125,315.04998779296875,315.1000061035156,2001
2025-04-17 13:33:00+05:30,314.8999938964844,315.04998779296875,314.75,315.04998779296875,16627
2025-04-17 13:34:00+05:30,314.79998779296875,315.0,314.79998779296875,314.95001220703125,4370
2025-04-17 13:35:00+05:30,314.79998779296875,315.0,314.75,314.75,8004
2025-04-17 13:36:00+05:30,314.95001220703125,315.1000061035156,314.79998779296875,314.79998779296875,5864
2025-04-17 13:37:00+05:30,315.1000061035156,315.1499938964844,314.95001220703125,315.1000061035156,3664
2025-04-17 13:38:00+05:30,314.95001220703125,315.1499938964844,314.95001220703125,315.04998779296875,4000
2025-04-17 13:39:00+05:30,315.0,315.20001220703125,314.95001220703125,315.1000061035156,7341
2025-04-17 13:40:00+05:30,315.1499938964844,315.1499938964844,314.8999938964844,315.1499938964844,3832
2025-04-17 13:41:00+05:30,314.95001220703125,315.1499938964844,314.95001220703125,315.0,4238
2025-04-17 13:42:00+05:30,315.0,315.0,314.8500061035156,314.95001220703125,4691
2025-04-17 13:43:00+05:30,314.95001220703125,315.1499938964844,314.95001220703125,315.1499938964844,3001
2025-04-17 13:44:00+05:30,315.3500061035156,315.3500061035156,314.95001220703125,315.0,25756
2025-04-17 13:45:00+05:30,315.25,315.29998779296875,315.1000061035156,315.1000061035156,5022
2025-04-17 13:46:00+05:30,315.1499938964844,315.1499938964844,315.0,315.1499938964844,10785
2025-04-17 13:47:00+05:30,315.04998779296875,315.29998779296875,315.0,315.20001220703125,7208
2025-04-17 13:48:00+05:30,315.0,315.20001220703125,315.0,315.0,2694
2025-04-17 13:49:00+05:30,315.1000061035156,315.1000061035156,314.8999938964844,314.8999938964844,18990
2025-04-17 13:50:00+05:30,315.1499938964844,315.25,315.04998779296875,315.25,3183
2025-04-17 13:51:00+05:30,315.0,315.1499938964844,314.8999938964844,315.0,4984
2025-04-17 13:52:00+05:30,315.0,315.04998779296875,314.8999938964844,315.0,2894
2025-04-17 13:53:00+05:30,315.0,315.1000061035156,315.0,315.0,2468
2025-04-17 13:54:00+05:30,314.95001220703125,315.1000061035156,314.95001220703125,315.0,7082
2025-04-17 13:55:00+05:30,315.0,315.1000061035156,315.0,315.0,3898
2025-04-17 13:56:00+05:30,315.04998779296875,315.1499938964844,315.04998779296875,315.04998779296875,4636
2025-04-17 13:57:00+05:30,315.0,315.1000061035156,314.95001220703125,315.04998779296875,6200
2025-04-17 13:58:00+05:30,315.0,315.04998779296875,314.8500061035156,315.0,5473
2025-04-17 13:59:00+05:30,315.04998779296875,315.1499938964844,314.8500061035156,314.8500061035156,7918
2025-04-17 14:00:00+05:30,315.1499938964844,315.20001220703125,315.1000061035156,315.1499938964844,5731
2025-04-17 14:01:00+05:30,315.3500061035156,315.5,315.1499938964844,315.25,13450
2025-04-17 14:02:00+05:30,315.79998779296875,315.79998779296875,315.3500061035156,315.5,12667
2025-04-17 14:03:00+05:30,315.45001220703125,315.8500061035156,315.3999938964844,315.54998779296875,6247
2025-04-17 14:04:00+05:30,315.3999938964844,315.45001220703125,315.3999938964844,315.45001220703125,3299
2025-04-17 14:05:00+05:30,315.0,315.45001220703125,315.0,315.3999938964844,16852
2025-04-17 14:06:00+05:30,314.8999938964844,315.25,314.8999938964844,315.0,10278
2025-04-17 14:07:00+05:30,314.8500061035156,314.95001220703125,314.75,314.95001220703125,10764
2025-04-17 14:08:00+05:30,315.0,315.0,314.75,314.75,10951
2025-04-17 14:09:00+05:30,314.95001220703125,315.0,314.75,314.8999938964844,8219
2025-04-17 14:10:00+05:30,314.75,314.95001220703125,314.70001220703125,314.95001220703125,8933
2025-04-17 14:11:00+05:30,314.79998779296875,314.95001220703125,314.75,314.75,10487
2025-04-17 14:12:00+05:30,314.8500061035156,314.95001220703125,314.8500061035156,314.95001220703125,1454
2025-04-17 14:13:00+05:30,313.6000061035156,314.79998779296875,313.6000061035156,314.79998779296875,79494
2025-04-17 14:14:00+05:30,313.3999938964844,314.0,313.25,314.0,20590
2025-04-17 14:15:00+05:30,312.79998779296875,313.45001220703125,312.75,313.20001220703125,30816
2025-04-17 14:16:00+05:30,313.25,313.45001220703125,313.0,313.0,12744
2025-04-17 14:17:00+05:30,313.70001220703125,313.70001220703125,313.1000061035156,313.1000061035156,12674
2025-04-17 14:18:00+05:30,313.1000061035156,314.20001220703125,313.1000061035156,313.8500061035156,26973
2025-04-17 14:19:00+05:30,311.1000061035156,313.29998779296875,310.75,313.1000061035156,71117
2025-04-17 14:20:00+05:30,310.8999938964844,311.04998779296875,310.0,311.04998779296875,85017
2025-04-17 14:21:00+05:30,311.3999938964844,311.75,310.75,310.79998779296875,38517
2025-04-17 14:22:00+05:30,312.1499938964844,312.3500061035156,311.0,311.3999938964844,29879
2025-04-17 14:23:00+05:30,312.25,312.3500061035156,312.0,312.1000061035156,13033
2025-04-17 14:24:00+05:30,312.6499938964844,312.70001220703125,312.1000061035156,312.1000061035156,11200
2025-04-17 14:25:00+05:30,312.3500061035156,312.6000061035156,312.1000061035156,312.6000061035156,14067
2025-04-17 14:26:00+05:30,313.0,313.3999938964844,312.3500061035156,312.3999938964844,30065
2025-04-17 14:27:00+05:30,313.75,313.8999938964844,313.0,313.0,36639
2025-04-17 14:28:00+05:30,313.79998779296875,314.0,313.6499938964844,313.70001220703125,34396
2025-04-17 14:29:00+05:30,313.8500061035156,313.95001220703125,313.6000061035156,313.79998779296875,19938
2025-04-17 14:30:00+05:30,314.20001220703125,314.29998779296875,313.8500061035156,313.8500061035156,15785
2025-04-17 14:31:00+05:30,313.8500061035156,314.20001220703125,313.6000061035156,314.20001220703125,10802
2025-04-17 14:32:00+05:30,313.6000061035156,313.8500061035156,313.3999938964844,313.8500061035156,7370
2025-04-17 14:33:00+05:30,313.54998779296875,313.8500061035156,313.54998779296875,313.6000061035156,2655
2025-04-17 14:34:00+05:30,313.6000061035156,313.79998779296875,313.54998779296875,313.6499938964844,1520
2025-04-17 14:35:00+05:30,313.6499938964844,314.0,313.5,313.5,31539
2025-04-17 14:36:00+05:30,314.0,314.0,313.6000061035156,313.79998779296875,9993
2025-04-17 14:37:00+05:30,314.0,314.1000061035156,313.70001220703125,314.04998779296875,7438
2025-04-17 14:38:00+05:30,313.54998779296875,314.0,313.54998779296875,313.8999938964844,5629
2025-04-17 14:39:00+05:30,313.6499938964844,313.75,313.54998779296875,313.54998779296875,2673
2025-04-17 14:40:00+05:30,313.70001220703125,313.70001220703125,313.6000061035156,313.70001220703125,7220
2025-04-17 14:41:00+05:30,314.1000061035156,314.1000061035156,313.29998779296875,313.6000061035156,20390
2025-04-17 14:42:00+05:30,313.75,314.1000061035156,313.45001220703125,314.1000061035156,30722
2025-04-17 14:43:00+05:30,313.75,313.95001220703125,313.5,313.79998779296875,6616
2025-04-17 14:44:00+05:30,314.0,314.1000061035156,313.75,313.8500061035156,10126
2025-04-17 14:45:00+05:30,314.70001220703125,314.70001220703125,314.29998779296875,314.29998779296875,15742
2025-04-17 14:46:00+05:30,314.79998779296875,315.0,314.6000061035156,314.6499938964844,31228
2025-04-17 14:47:00+05:30,315.0,315.0,314.6499938964844,314.79998779296875,8773
2025-04-17 14:48:00+05:30,314.8500061035156,315.1000061035156,314.79998779296875,315.0,13391
2025-04-17 14:49:00+05:30,315.3999938964844,315.3999938964844,314.79998779296875,314.8500061035156,20943
2025-04-17 14:50:00+05:30,315.0,315.6000061035156,315.0,315.25,26068
2025-04-17 14:51:00+05:30,315.0,315.25,315.0,315.0,8947
2025-04-17 14:52:00+05:30,314.8999938964844,315.04998779296875,314.79998779296875,315.0,6152
2025-04-17 14:53:00+05:30,314.8999938964844,315.0,314.8500061035156,314.8999938964844,8551
2025-04-17 14:54:00+05:30,314.8999938964844,315.0,314.79998779296875,314.95001220703125,2032
2025-04-17 14:55:00+05:30,315.25,315.25,314.79998779296875,314.95001220703125,9745
2025-04-17 14:56:00+05:30,315.04998779296875,315.3500061035156,315.0,315.1499938964844,5776
2025-04-17 14:57:00+05:30,315.3500061035156,315.5,315.1000061035156,315.1499938964844,15805
2025-04-17 14:58:00+05:30,315.0,315.54998779296875,315.0,315.3999938964844,34103
2025-04-17 14:59:00+05:30,315.20001220703125,315.25,315.0,315.0,5501
2025-04-17 15:00:00+05:30,315.25,315.3500061035156,315.1000061035156,315.1000061035156,8751
2025-04-17 15:01:00+05:30,315.1499938964844,315.20001220703125,314.70001220703125,315.20001220703125,34681
2025-04-17 15:02:00+05:30,314.95001220703125,315.04998779296875,314.8500061035156,315.0,10993
2025-04-17 15:03:00+05:30,314.54998779296875,314.8500061035156,314.45001220703125,314.8500061035156,15148
2025-04-17 15:04:00+05:30,314.45001220703125,314.79998779296875,314.45001220703125,314.5,8403
2025-04-17 15:05:00+05:30,314.75,315.25,314.3500061035156,314.3500061035156,41976
2025-04-17 15:06:00+05:30,314.75,315.1499938964844,314.6499938964844,314.8500061035156,29084
2025-04-17 15:07:00+05:30,314.95001220703125,315.0,314.70001220703125,314.70001220703125,9850
2025-04-17 15:08:00+05:30,314.8999938964844,315.0,314.79998779296875,314.95001220703125,11569
2025-04-17 15:09:00+05:30,314.1499938964844,315.0,313.5,315.0,38141
2025-04-17 15:10:00+05:30,313.8999938964844,314.1000061035156,313.3500061035156,314.0,33394
2025-04-17 15:11:00+05:30,314.1000061035156,314.3500061035156,313.95001220703125,314.1000061035156,11316
2025-04-17 15:12:00+05:30,314.20001220703125,314.3999938964844,313.6499938964844,314.1000061035156,52153
2025-04-17 15:13:00+05:30,314.3500061035156,314.45001220703125,314.04998779296875,314.1000061035156,5339
2025-04-17 15:14:00+05:30,314.3999938964844,314.5,314.20001220703125,314.3500061035156,15617
2025-04-17 15:15:00+05:30,314.29998779296875,314.6000061035156,314.1499938964844,314.3999938964844,23622
2025-04-17 15:16:00+05:30,314.75,315.0,314.20001220703125,314.25,76805
2025-04-17 15:17:00+05:30,314.3500061035156,314.79998779296875,314.29998779296875,314.3999938964844,20776
2025-04-17 15:18:00+05:30,314.8500061035156,315.1499938964844,314.29998779296875,314.45001220703125,85810
2025-04-17 15:19:00+05:30,315.04998779296875,315.20001220703125,314.75,314.8500061035156,41797
2025-04-17 15:20:00+05:30,315.04998779296875,315.45001220703125,314.8500061035156,315.04998779296875,63069
2025-04-17 15:21:00+05:30,315.0,315.5,314.8500061035156,315.0,15916
2025-04-17 15:22:00+05:30,315.3999938964844,315.70001220703125,314.95001220703125,315.1000061035156,7326
2025-04-17 15:23:00+05:30,315.04998779296875,315.45001220703125,314.6499938964844,315.3999938964844,59032
2025-04-17 15:24:00+05:30,314.8999938964844,315.54998779296875,314.70001220703125,315.04998779296875,54352
2025-04-17 15:25:00+05:30,314.8500061035156,315.0,314.20001220703125,314.79998779296875,16803
2025-04-17 15:26:00+05:30,314.79998779296875,315.1499938964844,314.6499938964844,314.8999938964844,14292
2025-04-17 15:27:00+05:30,314.95001220703125,314.95001220703125,314.6499938964844,314.75,10117
2025-04-17 15:28:00+05:30,315.0,315.0,314.8999938964844,314.95001220703125,14688
2025-04-17 15:29:00+05:30,315.0,315.3999938964844,314.6000061035156,315.0,24882
2025-04-21 09:15:00+05:30,319.0,320.3999938964844,318.8999938964844,319.70001220703125,0
2025-04-21 09:16:00+05:30,318.8999938964844,319.1499938964844,318.29998779296875,318.29998779296875,30427
2025-04-21 09:17:00+05:30,317.8500061035156,319.75,317.3999938964844,319.75,31530
2025-04-21 09:18:00+05:30,317.25,317.75,317.0,317.6499938964844,28757
2025-04-21 09:19:00+05:30,314.5,316.54998779296875,314.5,316.54998779296875,38858
2025-04-21 09:20:00+05:30,313.1499938964844,314.25,312.5,314.25,28292
2025-04-21 09:21:00+05:30,315.29998779296875,315.29998779296875,313.29998779296875,313.6499938964844,16111
2025-04-21 09:22:00+05:30,314.70001220703125,315.29998779296875,314.3500061035156,315.29998779296875,22407
2025-04-21 09:23:00+05:30,315.75,315.75,314.75,315.3999938964844,13338
2025-04-21 09:24:00+05:30,315.3999938964844,316.0,315.3999938964844,316.0,17850
2025-04-21 09:25:00+05:30,315.0,316.1499938964844,315.0,315.6499938964844,16383
2025-04-21 09:26:00+05:30,315.3500061035156,315.3500061035156,314.20001220703125,314.79998779296875,12014
2025-04-21 09:27:00+05:30,315.1000061035156,315.8999938964844,315.1000061035156,315.3999938964844,9943
2025-04-21 09:28:00+05:30,315.8999938964844,315.8999938964844,315.0,315.0,4240
2025-04-21 09:29:00+05:30,315.5,315.6499938964844,315.29998779296875,315.29998779296875,6021
2025-04-21 09:30:00+05:30,315.8999938964844,315.8999938964844,315.29998779296875,315.6000061035156,7706
2025-04-21 09:31:00+05:30,315.6000061035156,316.0,315.45001220703125,315.95001220703125,9170
2025-04-21 09:32:00+05:30,315.8999938964844,315.8999938964844,315.6000061035156,315.8500061035156,1969
2025-04-21 09:33:00+05:30,315.75,316.0,315.75,316.0,6288
2025-04-21 09:34:00+05:30,316.0,316.0,315.5,315.95001220703125,4777
2025-04-21 09:35:00+05:30,315.8500061035156,316.0,315.6499938964844,315.95001220703125,12254
2025-04-21 09:36:00+05:30,315.54998779296875,316.0,315.29998779296875,315.95001220703125,2864
2025-04-21 09:37:00+05:30,316.0,316.0,315.5,315.5,5987
2025-04-21 09:38:00+05:30,316.6499938964844,317.04998779296875,316.29998779296875,316.29998779296875,5410
2025-04-21 09:39:00+05:30,316.8999938964844,317.0,316.5,316.6499938964844,4303
2025-04-21 09:40:00+05:30,316.79998779296875,316.95001220703125,316.20001220703125,316.95001220703125,7383
2025-04-21 09:41:00+05:30,316.5,316.70001220703125,316.45001220703125,316.6000061035156,4748
2025-04-21 09:42:00+05:30,316.5,316.5,316.29998779296875,316.5,2353
2025-04-21 09:43:00+05:30,315.6499938964844,316.54998779296875,315.6499938964844,316.54998779296875,6833
2025-04-21 09:44:00+05:30,315.6499938964844,315.8500061035156,315.3999938964844,315.3999938964844,5707
2025-04-21 09:45:00+05:30,315.29998779296875,315.6499938964844,315.1499938964844,315.5,11743
2025-04-21 09:46:00+05:30,314.79998779296875,315.29998779296875,314.70001220703125,315.1499938964844,4020
2025-04-21 09:47:00+05:30,315.29998779296875,315.6499938964844,314.8999938964844,315.0,4633
2025-04-21 09:48:00+05:30,316.0,316.0,315.45001220703125,315.6000061035156,4742
2025-04-21 09:49:00+05:30,316.45001220703125,316.45001220703125,315.5,315.8999938964844,4395
2025-04-21 09:50:00+05:30,316.3999938964844,316.6499938964844,316.04998779296875,316.5,5702
2025-04-21 09:51:00+05:30,316.1000061035156,316.6499938964844,316.1000061035156,316.20001220703125,4976
2025-04-21 09:52:00+05:30,316.04998779296875,316.1499938964844,315.6499938964844,316.04998779296875,5063
2025-04-21 09:53:00+05:30,315.95001220703125,316.25,315.8999938964844,316.0,1842
2025-04-21 09:54:00+05:30,316.0,316.0,315.70001220703125,315.75,906
2025-04-21 09:55:00+05:30,315.79998779296875,316.04998779296875,315.79998779296875,315.8500061035156,7171
2025-04-21 09:56:00+05:30,316.0,316.0,315.6499938964844,315.6499938964844,1631
2025-04-21 09:57:00+05:30,315.8999938964844,316.0,315.6499938964844,315.6499938964844,4194
2025-04-21 09:58:00+05:30,316.1000061035156,316.25,315.8500061035156,315.95001220703125,6557
2025-04-21 09:59:00+05:30,316.0,316.20001220703125,315.8999938964844,315.8999938964844,858
2025-04-21 10:00:00+05:30,315.8999938964844,316.1499938964844,315.8999938964844,316.0,3447
2025-04-21 10:01:00+05:30,316.45001220703125,316.45001220703125,315.95001220703125,316.0,2552
2025-04-21 10:02:00+05:30,316.45001220703125,316.45001220703125,316.20001220703125,316.45001220703125,734
2025-04-21 10:03:00+05:30,316.75,316.79998779296875,316.29998779296875,316.45001220703125,5018
2025-04-21 10:04:00+05:30,316.70001220703125,316.8500061035156,316.45001220703125,316.75,3624
2025-04-21 10:05:00+05:30,316.45001220703125,316.70001220703125,316.29998779296875,316.45001220703125,1029
2025-04-21 10:06:00+05:30,316.3999938964844,316.6499938964844,315.54998779296875,316.6499938964844,32624
2025-04-21 10:07:00+05:30,316.04998779296875,316.3999938964844,316.04998779296875,316.3999938964844,1262
2025-04-21 10:08:00+05:30,316.20001220703125,316.3500061035156,316.0,316.0,1624
2025-04-21 10:09:00+05:30,316.3999938964844,316.45001220703125,316.25,316.29998779296875,1338
2025-04-21 10:10:00+05:30,315.6000061035156,316.3999938964844,315.6000061035156,316.25,6855
2025-04-21 10:11:00+05:30,316.1499938964844,316.20001220703125,315.79998779296875,315.79998779296875,1007
2025-04-21 10:12:00+05:30,315.8500061035156,316.20001220703125,315.70001220703125,316.20001220703125,4036
2025-04-21 10:13:00+05:30,316.20001220703125,316.20001220703125,315.79998779296875,316.1000061035156,2311
2025-04-21 10:14:00+05:30,316.0,316.25,315.8500061035156,316.25,5557
2025-04-21 10:15:00+05:30,315.95001220703125,315.95001220703125,315.75,315.95001220703125,727
2025-04-21 10:16:00+05:30,316.04998779296875,316.1000061035156,315.75,315.75,3478
2025-04-21 10:17:00+05:30,316.04998779296875,316.04998779296875,315.75,316.04998779296875,2373
2025-04-21 10:18:00+05:30,315.8999938964844,316.20001220703125,315.70001220703125,315.79998779296875,1913
2025-04-21 10:19:00+05:30,316.20001220703125,316.20001220703125,316.04998779296875,316.1000061035156,586
2025-04-21 10:20:00+05:30,316.20001220703125,316.20001220703125,315.95001220703125,315.95001220703125,369
2025-04-21 10:21:00+05:30,316.29998779296875,316.29998779296875,316.0,316.20001220703125,943
2025-04-21 10:22:00+05:30,316.0,316.20001220703125,315.8500061035156,316.1000061035156,1726
2025-04-21 10:23:00+05:30,317.20001220703125,317.20001220703125,315.8999938964844,316.0,14708
2025-04-21 10:24:00+05:30,316.8500061035156,317.20001220703125,316.70001220703125,317.20001220703125,3601
2025-04-21 10:25:00+05:30,316.6499938964844,317.0,316.6499938964844,317.0,2066
2025-04-21 10:26:00+05:30,316.75,316.75,316.5,316.6499938964844,720
2025-04-21 10:27:00+05:30,316.79998779296875,317.0,316.70001220703125,316.70001220703125,3123
2025-04-21 10:28:00+05:30,317.0,317.0,316.70001220703125,316.75,6725
2025-04-21 10:29:00+05:30,317.3999938964844,317.3999938964844,316.8999938964844,317.0,7825
2025-04-21 10:30:00+05:30,317.5,317.5,317.20001220703125,317.3999938964844,3828
2025-04-21 10:31:00+05:30,317.1499938964844,317.45001220703125,317.0,317.1499938964844,6052
2025-04-21 10:32:00+05:30,317.1499938964844,317.29998779296875,316.8500061035156,317.1499938964844,2288
2025-04-21 10:33:00+05:30,317.29998779296875,317.29998779296875,316.8999938964844,316.8999938964844,1040
2025-04-21 10:34:00+05:30,317.1499938964844,317.1499938964844,316.95001220703125,317.1000061035156,1561
2025-04-21 10:35:00+05:30,317.04998779296875,317.1499938964844,316.95001220703125,316.95001220703125,7133
2025-04-21 10:36:00+05:30,316.75,316.95001220703125,316.6000061035156,316.95001220703125,742
2025-04-21 10:37:00+05:30,316.54998779296875,317.0,316.54998779296875,317.0,1436
2025-04-21 10:38:00+05:30,316.8999938964844,316.95001220703125,316.8500061035156,316.8500061035156,186
2025-04-21 10:39:00+05:30,316.75,317.0,316.70001220703125,316.95001220703125,918
2025-04-21 10:40:00+05:30,316.25,316.8500061035156,316.25,316.8500061035156,4023
2025-04-21 10:41:00+05:30,316.1000061035156,316.5,316.1000061035156,316.29998779296875,2658
2025-04-21 10:42:00+05:30,315.70001220703125,316.1499938964844,315.54998779296875,316.1499938964844,11708
2025-04-21 10:43:00+05:30,315.25,315.79998779296875,315.1499938964844,315.79998779296875,4128
2025-04-21 10:44:00+05:30,315.1000061035156,315.45001220703125,314.79998779296875,315.25,8989
2025-04-21 10:45:00+05:30,315.5,315.5,315.0,315.1499938964844,5185
2025-04-21 10:46:00+05:30,315.29998779296875,315.5,315.29998779296875,315.29998779296875,1344
2025-04-21 10:47:00+05:30,315.3999938964844,315.5,315.29998779296875,315.5,2476
2025-04-21 10:48:00+05:30,315.6000061035156,315.8500061035156,315.6000061035156,315.6000061035156,871
2025-04-21 10:49:00+05:30,315.75,316.3999938964844,315.6499938964844,315.75,10771
2025-04-21 10:50:00+05:30,316.20001220703125,316.6499938964844,315.79998779296875,315.79998779296875,5859
2025-04-21 10:51:00+05:30,316.29998779296875,316.45001220703125,316.1499938964844,316.3999938964844,568
2025-04-21 10:52:00+05:30,316.20001220703125,316.25,316.0,316.25,3061
2025-04-21 10:53:00+05:30,316.1000061035156,316.25,316.0,316.0,772
2025-04-21 10:54:00+05:30,316.20001220703125,316.3500061035156,316.04998779296875,316.20001220703125,607
2025-04-21 10:55:00+05:30,316.29998779296875,316.3999938964844,316.1000061035156,316.20001220703125,1764
2025-04-21 10:56:00+05:30,316.04998779296875,316.20001220703125,316.04998779296875,316.1000061035156,2811
2025-04-21 10:57:00+05:30,315.6499938964844,316.04998779296875,315.6000061035156,316.04998779296875,4038
2025-04-21 10:58:00+05:30,315.3500061035156,315.79998779296875,315.3500061035156,315.6000061035156,7604
2025-04-21 10:59:00+05:30,315.70001220703125,315.8999938964844,315.45001220703125,315.45001220703125,1566
2025-04-21 11:00:00+05:30,315.75,316.0,315.6499938964844,315.8500061035156,7221
2025-04-21 11:01:00+05:30,315.95001220703125,316.25,315.75,315.75,1103
2025-04-21 11:02:00+05:30,316.1000061035156,316.3500061035156,315.95001220703125,315.95001220703125,750
2025-04-21 11:03:00+05:30,316.0,316.3500061035156,316.0,316.1000061035156,597
2025-04-21 11:04:00+05:30,315.8999938964844,316.29998779296875,315.8500061035156,316.0,6064
2025-04-21 11:05:00+05:30,316.29998779296875,316.29998779296875,315.8999938964844,316.20001220703125,676
2025-04-21 11:06:00+05:30,315.79998779296875,316.1000061035156,315.79998779296875,316.1000061035156,1370
2025-04-21 11:07:00+05:30,315.8500061035156,316.0,315.6000061035156,316.0,3460
2025-04-21 11:08:00+05:30,315.8500061035156,315.8999938964844,315.79998779296875,315.8500061035156,769
2025-04-21 11:09:00+05:30,315.75,316.20001220703125,315.70001220703125,315.8999938964844,2050
2025-04-21 11:10:00+05:30,316.0,316.0,315.6499938964844,315.6499938964844,8105
2025-04-21 11:11:00+05:30,315.70001220703125,315.75,315.70001220703125,315.75,54
2025-04-21 11:12:00+05:30,315.70001220703125,316.0,315.70001220703125,315.75,1192
2025-04-21 11:13:00+05:30,315.3999938964844,315.6499938964844,315.3500061035156,315.6000061035156,5338
2025-04-21 11:14:00+05:30,316.0,316.0,315.3999938964844,315.3999938964844,9906
2025-04-21 11:15:00+05:30,315.8500061035156,315.8500061035156,315.70001220703125,315.70001220703125,0
2025-04-21 11:16:00+05:30,315.8500061035156,316.0,315.75,315.8500061035156,1940
2025-04-21 11:17:00+05:30,315.54998779296875,315.79998779296875,315.54998779296875,315.79998779296875,1195
2025-04-21 11:18:00+05:30,315.75,315.75,315.45001220703125,315.54998779296875,448
2025-04-21 11:19:00+05:30,315.79998779296875,315.79998779296875,315.54998779296875,315.75,441
2025-04-21 11:20:00+05:30,315.79998779296875,315.79998779296875,315.6000061035156,315.6000061035156,650
2025-04-21 11:21:00+05:30,315.95001220703125,315.95001220703125,315.6499938964844,315.6499938964844,592
2025-04-21 11:22:00+05:30,315.6499938964844,315.95001220703125,315.6499938964844,315.8500061035156,3492
2025-04-21 11:23:00+05:30,315.70001220703125,315.70001220703125,315.6499938964844,315.6499938964844,361
2025-04-21 11:24:00+05:30,315.79998779296875,315.8999938964844,315.70001220703125,315.70001220703125,874
2025-04-21 11:25:00+05:30,315.75,315.79998779296875,315.6499938964844,315.75,1337
2025-04-21 11:26:00+05:30,315.75,315.8999938964844,315.6000061035156,315.6000061035156,1885
2025-04-21 11:27:00+05:30,315.6000061035156,315.8999938964844,315.54998779296875,315.6000061035156,2823
2025-04-21 11:28:00+05:30,315.70001220703125,315.8999938964844,315.6000061035156,315.6000061035156,481
2025-04-21 11:29:00+05:30,315.75,315.8500061035156,315.6499938964844,315.70001220703125,805
2025-04-21 11:30:00+05:30,315.75,315.75,315.70001220703125,315.70001220703125,856
2025-04-21 11:31:00+05:30,316.0,316.0,315.75,315.79998779296875,3896
2025-04-21 11:32:00+05:30,316.0,316.0,315.8999938964844,315.95001220703125,770
2025-04-21 11:33:00+05:30,315.8999938964844,316.0,315.8500061035156,315.8999938964844,279
2025-04-21 11:34:00+05:30,315.70001220703125,315.8999938964844,315.70001220703125,315.8999938964844,1640
2025-04-21 11:35:00+05:30,315.70001220703125,315.79998779296875,315.70001220703125,315.70001220703125,2552
2025-04-21 11:36:00+05:30,315.75,315.8999938964844,315.6000061035156,315.6000061035156,413
2025-04-21 11:37:00+05:30,315.70001220703125,315.8500061035156,315.70001220703125,315.75,364
2025-04-21 11:38:00+05:30,315.70001220703125,315.8500061035156,315.70001220703125,315.70001220703125,1342
2025-04-21 11:39:00+05:30,315.70001220703125,315.8500061035156,315.70001220703125,315.70001220703125,578
2025-04-21 11:40:00+05:30,315.70001220703125,315.8500061035156,315.70001220703125,315.70001220703125,314
2025-04-21 11:41:00+05:30,315.70001220703125,315.8500061035156,315.70001220703125,315.70001220703125,1461
2025-04-21 11:42:00+05:30,315.75,315.8500061035156,315.70001220703125,315.70001220703125,529
2025-04-21 11:43:00+05:30,315.70001220703125,315.75,315.6000061035156,315.75,2530
2025-04-21 11:44:00+05:30,315.70001220703125,315.75,315.70001220703125,315.70001220703125,387
2025-04-21 11:45:00+05:30,315.70001220703125,315.75,315.70001220703125,315.75,262
2025-04-21 11:46:00+05:30,315.70001220703125,315.8500061035156,315.70001220703125,315.70001220703125,213
2025-04-21 11:47:00+05:30,315.6000061035156,315.8500061035156,315.54998779296875,315.8500061035156,2643
2025-04-21 11:48:00+05:30,315.79998779296875,315.79998779296875,315.6000061035156,315.79998779296875,419
2025-04-21 11:49:00+05:30,315.75,315.95001220703125,315.6000061035156,315.6000061035156,760
2025-04-21 11:50:00+05:30,315.8999938964844,315.8999938964844,315.6499938964844,315.75,707
2025-04-21 11:51:00+05:30,315.75,316.0,315.75,315.8999938964844,986
2025-04-21 11:52:00+05:30,315.8999938964844,315.8999938964844,315.75,315.75,233
2025-04-21 11:53:00+05:30,315.79998779296875,315.8500061035156,315.75,315.79998779296875,490
2025-04-21 11:54:00+05:30,315.8999938964844,316.1000061035156,315.79998779296875,315.79998779296875,2961
2025-04-21 11:55:00+05:30,315.8999938964844,316.1000061035156,315.8999938964844,315.8999938964844,1014
2025-04-21 11:56:00+05:30,315.8999938964844,316.1000061035156,315.8999938964844,316.1000061035156,311
2025-04-21 11:57:00+05:30,316.20001220703125,316.20001220703125,315.8999938964844,315.8999938964844,1461
2025-04-21 11:58:00+05:30,316.3999938964844,316.3999938964844,316.1000061035156,316.20001220703125,7401
2025-04-21 11:59:00+05:30,316.29998779296875,316.6000061035156,316.29998779296875,316.29998779296875,4387
2025-04-21 12:00:00+05:30,316.29998779296875,316.54998779296875,316.25,316.54998779296875,5215
2025-04-21 12:01:00+05:30,316.5,316.5,316.20001220703125,316.3999938964844,0
2025-04-21 12:02:00+05:30,316.3999938964844,316.3999938964844,316.29998779296875,316.3999938964844,95
2025-04-21 12:03:00+05:30,316.45001220703125,316.45001220703125,316.3999938964844,316.3999938964844,366
2025-04-21 12:04:00+05:30,316.79998779296875,316.79998779296875,316.5,316.5,4683
2025-04-21 12:05:00+05:30,316.8500061035156,316.8999938964844,316.79998779296875,316.79998779296875,1472
2025-04-21 12:06:00+05:30,316.8999938964844,316.95001220703125,316.8500061035156,316.8500061035156,1434
2025-04-21 12:07:00+05:30,316.79998779296875,316.8500061035156,316.70001220703125,316.70001220703125,3487
2025-04-21 12:08:00+05:30,317.29998779296875,317.29998779296875,316.79998779296875,316.79998779296875,9620
2025-04-21 12:09:00+05:30,317.8999938964844,317.8999938964844,317.25,317.25,9988
2025-04-21 12:10:00+05:30,318.25,318.3999938964844,318.04998779296875,318.04998779296875,8582
2025-04-21 12:11:00+05:30,318.29998779296875,318.3999938964844,318.25,318.25,1525
2025-04-21 12:12:00+05:30,318.8500061035156,319.0,318.54998779296875,318.54998779296875,19477
2025-04-21 12:13:00+05:30,319.5,319.6000061035156,319.1000061035156,319.1000061035156,16928
2025-04-21 12:14:00+05:30,318.79998779296875,319.3999938964844,318.79998779296875,319.3999938964844,6186
2025-04-21 12:15:00+05:30,318.79998779296875,318.8500061035156,318.54998779296875,318.70001220703125,4631
2025-04-21 12:16:00+05:30,319.1499938964844,319.3500061035156,318.70001220703125,318.8500061035156,4357
2025-04-21 12:17:00+05:30,319.45001220703125,319.6499938964844,319.3999938964844,319.45001220703125,5753
2025-04-21 12:18:00+05:30,319.75,319.75,319.3999938964844,319.6499938964844,6432
2025-04-21 12:19:00+05:30,321.5,321.5,320.1000061035156,320.3500061035156,36047
2025-04-21 12:20:00+05:30,322.1499938964844,322.1499938964844,321.1000061035156,321.5,29802
2025-04-21 12:21:00+05:30,320.75,322.1000061035156,320.75,322.0,16763
2025-04-21 12:22:00+05:30,320.8500061035156,321.29998779296875,320.3999938964844,320.5,7255
2025-04-21 12:23:00+05:30,321.79998779296875,322.0,321.5,321.75,40292
2025-04-21 12:24:00+05:30,321.20001220703125,321.5,321.0,321.5,4402
2025-04-21 12:25:00+05:30,320.95001220703125,321.04998779296875,320.6499938964844,321.04998779296875,3902
2025-04-21 12:26:00+05:30,320.70001220703125,321.1499938964844,320.70001220703125,321.1000061035156,2672
2025-04-21 12:27:00+05:30,321.20001220703125,321.20001220703125,320.29998779296875,320.29998779296875,7342
2025-04-21 12:28:00+05:30,320.8500061035156,321.1499938964844,320.79998779296875,321.1000061035156,2689
2025-04-21 12:29:00+05:30,320.6000061035156,321.0,320.6000061035156,321.0,5608
2025-04-21 12:30:00+05:30,320.8500061035156,320.8500061035156,320.6000061035156,320.6000061035156,1071
2025-04-21 12:31:00+05:30,321.0,321.1000061035156,320.79998779296875,320.8500061035156,2907
2025-04-21 12:32:00+05:30,320.70001220703125,321.0,320.6000061035156,321.0,2703
2025-04-21 12:33:00+05:30,320.6000061035156,320.70001220703125,320.45001220703125,320.70001220703125,4441
2025-04-21 12:34:00+05:30,320.79998779296875,320.79998779296875,320.70001220703125,320.70001220703125,1029
2025-04-21 12:35:00+05:30,321.0,321.0,320.45001220703125,320.45001220703125,3264
2025-04-21 12:36:00+05:30,320.79998779296875,320.95001220703125,320.79998779296875,320.79998779296875,730
2025-04-21 12:37:00+05:30,320.8500061035156,320.8999938964844,320.6000061035156,320.79998779296875,4805
2025-04-21 12:38:00+05:30,321.45001220703125,321.45001220703125,320.70001220703125,320.8500061035156,18133
2025-04-21 12:39:00+05:30,321.3500061035156,321.5,321.1499938964844,321.5,1329
2025-04-21 12:40:00+05:30,321.25,321.3999938964844,321.04998779296875,321.3500061035156,4476
2025-04-21 12:41:00+05:30,321.45001220703125,321.45001220703125,321.0,321.0,2557
2025-04-21 12:42:00+05:30,321.3999938964844,321.5,321.29998779296875,321.5,1168
2025-04-21 12:43:00+05:30,321.1499938964844,321.3500061035156,321.04998779296875,321.04998779296875,290
2025-04-21 12:44:00+05:30,320.6000061035156,321.1499938964844,320.6000061035156,321.1000061035156,2057
2025-04-21 12:45:00+05:30,320.5,320.5,320.1499938964844,320.5,6595
2025-04-21 12:46:00+05:30,320.6499938964844,320.70001220703125,320.45001220703125,320.6499938964844,906
2025-04-21 12:47:00+05:30,320.70001220703125,320.70001220703125,320.45001220703125,320.45001220703125,1031
2025-04-21 12:48:00+05:30,320.70001220703125,320.70001220703125,320.3999938964844,320.45001220703125,672
2025-04-21 12:49:00+05:30,320.45001220703125,320.70001220703125,320.45001220703125,320.70001220703125,164
2025-04-21 12:50:00+05:30,320.5,320.5,320.25,320.3999938964844,13221
2025-04-21 12:51:00+05:30,320.6000061035156,320.6000061035156,320.25,320.25,1974
2025-04-21 12:52:00+05:30,320.45001220703125,320.54998779296875,320.25,320.25,1321
2025-04-21 12:53:00+05:30,320.6499938964844,320.70001220703125,320.29998779296875,320.70001220703125,2847
2025-04-21 12:54:00+05:30,320.6000061035156,320.8500061035156,320.45001220703125,320.6499938964844,2178
2025-04-21 12:55:00+05:30,320.8999938964844,320.95001220703125,320.54998779296875,320.54998779296875,1093
2025-04-21 12:56:00+05:30,321.45001220703125,321.6000061035156,320.95001220703125,320.95001220703125,21596
2025-04-21 12:57:00+05:30,321.54998779296875,321.70001220703125,321.29998779296875,321.5,9153
2025-04-21 12:58:00+05:30,321.3999938964844,321.6499938964844,321.3999938964844,321.5,4302
2025-04-21 12:59:00+05:30,321.5,321.54998779296875,321.25,321.5,1524
2025-04-21 13:00:00+05:30,321.3999938964844,321.70001220703125,321.3999938964844,321.5,1738
2025-04-21 13:01:00+05:30,321.45001220703125,321.75,321.45001220703125,321.6000061035156,926
2025-04-21 13:02:00+05:30,321.75,321.75,321.54998779296875,321.75,1052
2025-04-21 13:03:00+05:30,321.20001220703125,321.75,321.20001220703125,321.75,9267
2025-04-21 13:04:00+05:30,321.5,321.5,321.20001220703125,321.3999938964844,3102
2025-04-21 13:05:00+05:30,322.1499938964844,322.3500061035156,321.5,321.5,24555
2025-04-21 13:06:00+05:30,321.79998779296875,322.1499938964844,321.6000061035156,322.0,4643
2025-04-21 13:07:00+05:30,322.1499938964844,322.1499938964844,321.5,321.54998779296875,2228
2025-04-21 13:08:00+05:30,322.1499938964844,322.20001220703125,321.8999938964844,321.8999938964844,2428
2025-04-21 13:09:00+05:30,321.8500061035156,322.20001220703125,321.8500061035156,322.0,3420
2025-04-21 13:10:00+05:30,322.20001220703125,322.20001220703125,322.0,322.04998779296875,556
2025-04-21 13:11:00+05:30,322.25,322.3999938964844,322.20001220703125,322.20001220703125,2007
2025-04-21 13:12:00+05:30,322.1499938964844,322.3999938964844,322.0,322.0,3177
2025-04-21 13:13:00+05:30,322.29998779296875,322.45001220703125,322.0,322.1499938964844,2250
2025-04-21 13:14:00+05:30,321.6499938964844,322.45001220703125,321.6499938964844,322.29998779296875,12356
2025-04-21 13:15:00+05:30,321.5,321.95001220703125,321.5,321.95001220703125,1012
2025-04-21 13:16:00+05:30,321.79998779296875,321.79998779296875,321.5,321.75,716
2025-04-21 13:17:00+05:30,321.3999938964844,321.75,321.29998779296875,321.75,2528
2025-04-21 13:18:00+05:30,321.1000061035156,321.3999938964844,320.8500061035156,321.3999938964844,11544
2025-04-21 13:19:00+05:30,321.1499938964844,321.1499938964844,321.0,321.0,322
2025-04-21 13:20:00+05:30,321.0,321.3999938964844,321.0,321.3999938964844,2524
2025-04-21 13:21:00+05:30,320.3500061035156,321.1000061035156,320.3500061035156,321.0,9249
2025-04-21 13:22:00+05:30,320.54998779296875,320.70001220703125,320.20001220703125,320.70001220703125,928
2025-04-21 13:23:00+05:30,320.45001220703125,320.54998779296875,320.1499938964844,320.54998779296875,3076
2025-04-21 13:24:00+05:30,320.29998779296875,320.5,320.25,320.5,870
2025-04-21 13:25:00+05:30,320.20001220703125,320.25,320.1499938964844,320.25,1179
2025-04-21 13:26:00+05:30,320.5,320.5,320.20001220703125,320.3500061035156,1587
2025-04-21 13:27:00+05:30,320.25,320.5,320.25,320.5,600
2025-04-21 13:28:00+05:30,320.6499938964844,320.70001220703125,320.3500061035156,320.3500061035156,2619
2025-04-21 13:29:00+05:30,320.70001220703125,320.70001220703125,320.6000061035156,320.6499938964844,626
2025-04-21 13:30:00+05:30,320.70001220703125,320.79998779296875,320.3999938964844,320.70001220703125,1426
2025-04-21 13:31:00+05:30,320.79998779296875,320.8500061035156,320.70001220703125,320.79998779296875,3100
2025-04-21 13:32:00+05:30,320.75,320.79998779296875,320.75,320.75,148
2025-04-21 13:33:00+05:30,320.6499938964844,320.75,320.6000061035156,320.75,610
2025-04-21 13:34:00+05:30,320.54998779296875,320.6499938964844,320.3999938964844,320.6499938964844,320
2025-04-21 13:35:00+05:30,320.6000061035156,320.6000061035156,320.5,320.6000061035156,201
2025-04-21 13:36:00+05:30,320.6000061035156,320.6000061035156,320.6000061035156,320.6000061035156,1419
2025-04-21 13:37:00+05:30,320.3500061035156,320.6499938964844,320.3500061035156,320.54998779296875,10809
2025-04-21 13:38:00+05:30,320.20001220703125,320.5,320.1499938964844,320.5,641
2025-04-21 13:39:00+05:30,320.20001220703125,320.29998779296875,319.95001220703125,320.29998779296875,4250
2025-04-21 13:40:00+05:30,320.0,320.25,319.95001220703125,319.95001220703125,633
2025-04-21 13:41:00+05:30,319.45001220703125,320.0,319.3999938964844,319.95001220703125,4471
2025-04-21 13:42:00+05:30,319.29998779296875,319.3500061035156,319.25,319.29998779296875,930
2025-04-21 13:43:00+05:30,319.3500061035156,319.45001220703125,319.29998779296875,319.3999938964844,1003
2025-04-21 13:44:00+05:30,319.29998779296875,319.54998779296875,319.29998779296875,319.29998779296875,1998
2025-04-21 13:45:00+05:30,319.3500061035156,319.54998779296875,319.29998779296875,319.54998779296875,298
2025-04-21 13:46:00+05:30,319.3500061035156,319.5,319.29998779296875,319.5,3309
2025-04-21 13:47:00+05:30,319.3500061035156,319.3500061035156,319.20001220703125,319.25,572
2025-04-21 13:48:00+05:30,319.3500061035156,319.3500061035156,318.8999938964844,319.3500061035156,15818
2025-04-21 13:49:00+05:30,319.0,319.3500061035156,319.0,319.3500061035156,391
2025-04-21 13:50:00+05:30,319.29998779296875,319.5,319.29998779296875,319.3500061035156,3584
2025-04-21 13:51:00+05:30,319.6499938964844,319.6499938964844,319.54998779296875,319.54998779296875,1741
2025-04-21 13:52:00+05:30,319.8500061035156,319.95001220703125,319.3500061035156,319.3500061035156,2573
2025-04-21 13:53:00+05:30,319.79998779296875,319.8500061035156,319.79998779296875,319.8500061035156,369
2025-04-21 13:54:00+05:30,319.54998779296875,319.6499938964844,319.3999938964844,319.6499938964844,1710
2025-04-21 13:55:00+05:30,319.6499938964844,319.6499938964844,319.3999938964844,319.54998779296875,503
2025-04-21 13:56:00+05:30,319.6000061035156,319.6499938964844,319.3500061035156,319.6499938964844,322
2025-04-21 13:57:00+05:30,319.20001220703125,319.3500061035156,319.20001220703125,319.20001220703125,4332
2025-04-21 13:58:00+05:30,319.5,319.5,319.1499938964844,319.3500061035156,1913
2025-04-21 13:59:00+05:30,319.3500061035156,319.5,319.3500061035156,319.5,53
2025-04-21 14:00:00+05:30,319.25,319.6000061035156,319.20001220703125,319.54998779296875,1607
2025-04-21 14:01:00+05:30,319.70001220703125,319.70001220703125,319.29998779296875,319.5,480
2025-04-21 14:02:00+05:30,319.5,319.70001220703125,319.5,319.70001220703125,841
2025-04-21 14:03:00+05:30,319.79998779296875,319.8500061035156,319.5,319.79998779296875,134
2025-04-21 14:04:00+05:30,319.79998779296875,319.8500061035156,319.54998779296875,319.54998779296875,629
2025-04-21 14:05:00+05:30,319.8999938964844,319.8999938964844,319.6000061035156,319.6000061035156,2077
2025-04-21 14:06:00+05:30,320.0,320.0,319.95001220703125,319.95001220703125,1629
2025-04-21 14:07:00+05:30,319.8999938964844,320.0,319.8500061035156,320.0,356
2025-04-21 14:08:00+05:30,320.1000061035156,320.1000061035156,320.0,320.04998779296875,879
2025-04-21 14:09:00+05:30,319.70001220703125,319.79998779296875,319.5,319.79998779296875,1693
2025-04-21 14:10:00+05:30,319.70001220703125,319.8999938964844,319.70001220703125,319.8999938964844,0
2025-04-21 14:11:00+05:30,319.8500061035156,319.95001220703125,319.70001220703125,319.70001220703125,1390
2025-04-21 14:12:00+05:30,319.79998779296875,319.8500061035156,319.75,319.8500061035156,328
2025-04-21 14:13:00+05:30,319.6499938964844,319.75,319.54998779296875,319.6499938964844,703
2025-04-21 14:14:00+05:30,319.79998779296875,319.79998779296875,319.54998779296875,319.70001220703125,211
2025-04-21 14:15:00+05:30,319.54998779296875,319.8500061035156,319.54998779296875,319.6000061035156,662
2025-04-21 14:16:00+05:30,319.8999938964844,319.8999938964844,319.6000061035156,319.79998779296875,300
2025-04-21 14:17:00+05:30,320.3500061035156,320.45001220703125,319.70001220703125,319.70001220703125,6153
2025-04-21 14:18:00+05:30,320.20001220703125,320.20001220703125,319.79998779296875,320.1499938964844,2723
2025-04-21 14:19:00+05:30,319.95001220703125,320.20001220703125,319.95001220703125,320.20001220703125,428
2025-04-21 14:20:00+05:30,320.1499938964844,320.20001220703125,319.95001220703125,319.95001220703125,78
2025-04-21 14:21:00+05:30,320.0,320.3999938964844,320.0,320.3999938964844,2619
2025-04-21 14:22:00+05:30,320.20001220703125,320.29998779296875,320.20001220703125,320.25,139
2025-04-21 14:23:00+05:30,320.5,320.5,320.29998779296875,320.29998779296875,2037
2025-04-21 14:24:00+05:30,320.3999938964844,320.5,320.3500061035156,320.5,413
2025-04-21 14:25:00+05:30,320.1000061035156,320.3999938964844,320.0,320.0,797
2025-04-21 14:26:00+05:30,320.5,320.5,320.1000061035156,320.1000061035156,651
2025-04-21 14:27:00+05:30,320.3999938964844,320.3999938964844,320.1000061035156,320.3999938964844,93
2025-04-21 14:28:00+05:30,320.04998779296875,320.3999938964844,320.04998779296875,320.3999938964844,2587
2025-04-21 14:29:00+05:30,320.04998779296875,320.04998779296875,319.8999938964844,319.8999938964844,3015
2025-04-21 14:30:00+05:30,320.1000061035156,320.5,320.1000061035156,320.20001220703125,3798
2025-04-21 14:31:00+05:30,320.1000061035156,320.3500061035156,320.1000061035156,320.3500061035156,592
2025-04-21 14:32:00+05:30,319.6499938964844,319.95001220703125,319.6499938964844,319.95001220703125,9018
2025-04-21 14:33:00+05:30,320.0,320.04998779296875,319.8500061035156,319.8500061035156,791
2025-04-21 14:34:00+05:30,319.8500061035156,320.25,319.8500061035156,320.25,1128
2025-04-21 14:35:00+05:30,319.8999938964844,320.04998779296875,319.8500061035156,319.8500061035156,294
2025-04-21 14:36:00+05:30,319.79998779296875,320.04998779296875,319.79998779296875,320.04998779296875,321
2025-04-21 14:37:00+05:30,319.8999938964844,320.0,319.6499938964844,320.0,534
2025-04-21 14:38:00+05:30,319.75,320.0,319.70001220703125,319.70001220703125,1771
2025-04-21 14:39:00+05:30,319.6499938964844,319.70001220703125,319.3999938964844,319.70001220703125,3555
2025-04-21 14:40:00+05:30,319.6499938964844,319.6499938964844,319.5,319.6499938964844,1651
2025-04-21 14:41:00+05:30,319.3999938964844,319.70001220703125,319.3500061035156,319.3999938964844,9442
2025-04-21 14:42:00+05:30,319.1000061035156,319.6000061035156,319.1000061035156,319.1499938964844,1446
2025-04-21 14:43:00+05:30,319.20001220703125,319.3999938964844,319.04998779296875,319.1499938964844,6252
2025-04-21 14:44:00+05:30,319.6000061035156,319.6000061035156,319.20001220703125,319.3999938964844,547
2025-04-21 14:45:00+05:30,319.79998779296875,319.79998779296875,319.3999938964844,319.6000061035156,2953
2025-04-21 14:46:00+05:30,319.70001220703125,319.70001220703125,319.3999938964844,319.3999938964844,263
2025-04-21 14:47:00+05:30,319.8999938964844,319.8999938964844,319.5,319.6499938964844,2265
2025-04-21 14:48:00+05:30,320.0,320.0,319.8999938964844,319.8999938964844,1852
2025-04-21 14:49:00+05:30,320.29998779296875,320.3999938964844,320.1000061035156,320.1000061035156,8925
2025-04-21 14:50:00+05:30,320.25,320.5,320.25,320.25,524
2025-04-21 14:51:00+05:30,320.04998779296875,320.5,320.0,320.5,4559
2025-04-21 14:52:00+05:30,320.25,320.25,320.0,320.04998779296875,1219
2025-04-21 14:53:00+05:30,320.29998779296875,320.29998779296875,320.04998779296875,320.25,378
2025-04-21 14:54:00+05:30,320.1000061035156,320.20001220703125,320.0,320.0,317
2025-04-21 14:55:00+05:30,320.25,320.45001220703125,320.04998779296875,320.04998779296875,4101
2025-04-21 14:56:00+05:30,321.5,321.79998779296875,320.3500061035156,320.3999938964844,14387
2025-04-21 14:57:00+05:30,320.6499938964844,321.6499938964844,320.6499938964844,321.45001220703125,5959
2025-04-21 14:58:00+05:30,320.54998779296875,320.95001220703125,320.45001220703125,320.95001220703125,1088
2025-04-21 14:59:00+05:30,320.29998779296875,320.54998779296875,320.20001220703125,320.54998779296875,1429
2025-04-21 15:00:00+05:30,320.75,320.75,320.25,320.25,3449
2025-04-21 15:01:00+05:30,321.0,321.1000061035156,320.6499938964844,320.6499938964844,1927
2025-04-21 15:02:00+05:30,320.45001220703125,321.3500061035156,320.45001220703125,321.04998779296875,4048
2025-04-21 15:03:00+05:30,320.75,320.95001220703125,320.5,320.79998779296875,2578
2025-04-21 15:04:00+05:30,320.3999938964844,320.75,320.29998779296875,320.75,767
2025-04-21 15:05:00+05:30,320.54998779296875,320.6499938964844,320.45001220703125,320.45001220703125,1387
2025-04-21 15:06:00+05:30,320.6499938964844,320.6499938964844,320.3999938964844,320.3999938964844,1677
2025-04-21 15:07:00+05:30,320.70001220703125,320.70001220703125,320.5,320.70001220703125,3073
2025-04-21 15:08:00+05:30,320.6000061035156,320.8500061035156,320.6000061035156,320.6499938964844,4784
2025-04-21 15:09:00+05:30,320.6000061035156,320.79998779296875,320.25,320.75,3394
2025-04-21 15:10:00+05:30,320.6000061035156,320.75,320.3500061035156,320.75,4477
2025-04-21 15:11:00+05:30,320.70001220703125,320.70001220703125,320.54998779296875,320.54998779296875,2097
2025-04-21 15:12:00+05:30,320.95001220703125,321.0,320.54998779296875,320.70001220703125,4774
2025-04-21 15:13:00+05:30,320.6499938964844,320.95001220703125,320.5,320.95001220703125,4375
2025-04-21 15:14:00+05:30,320.6499938964844,320.95001220703125,320.6499938964844,320.79998779296875,8292
2025-04-21 15:15:00+05:30,320.79998779296875,320.8999938964844,320.6499938964844,320.6499938964844,6296
2025-04-21 15:16:00+05:30,320.6000061035156,320.70001220703125,320.25,320.70001220703125,6214
2025-04-21 15:17:00+05:30,320.3999938964844,320.70001220703125,320.3500061035156,320.5,2369
2025-04-21 15:18:00+05:30,320.29998779296875,320.54998779296875,320.0,320.54998779296875,9806
2025-04-21 15:19:00+05:30,320.6499938964844,320.6499938964844,320.25,320.25,5392
2025-04-21 15:20:00+05:30,321.1000061035156,322.1000061035156,321.1000061035156,321.1000061035156,35550
2025-04-21 15:21:00+05:30,321.75,322.0,321.45001220703125,321.45001220703125,6891
2025-04-21 15:22:00+05:30,321.5,321.79998779296875,321.20001220703125,321.79998779296875,6841
2025-04-21 15:23:00+05:30,320.95001220703125,321.6499938964844,320.75,321.25,7304
2025-04-21 15:24:00+05:30,320.95001220703125,321.29998779296875,320.8999938964844,320.95001220703125,11371
2025-04-21 15:25:00+05:30,321.29998779296875,321.3999938964844,320.6000061035156,321.3999938964844,1608
2025-04-21 15:26:00+05:30,321.20001220703125,321.3500061035156,320.70001220703125,321.29998779296875,6096
2025-04-21 15:27:00+05:30,321.0,321.20001220703125,320.8999938964844,321.20001220703125,6723
2025-04-21 15:28:00+05:30,320.95001220703125,321.1000061035156,320.0,321.1000061035156,4739
2025-04-21 15:29:00+05:30,321.0,322.0,319.5,320.95001220703125,7446
2025-04-22 09:15:00+05:30,324.3999938964844,324.3999938964844,322.8500061035156,323.8500061035156,0
2025-04-22 09:16:00+05:30,322.8500061035156,324.3999938964844,322.54998779296875,324.3999938964844,15280
2025-04-22 09:17:00+05:30,322.20001220703125,323.1499938964844,322.20001220703125,322.54998779296875,13671
2025-04-22 09:18:00+05:30,323.0,323.0,321.25,322.29998779296875,14458
2025-04-22 09:19:00+05:30,321.75,322.79998779296875,321.75,322.79998779296875,12976
2025-04-22 09:20:00+05:30,324.6000061035156,324.6000061035156,322.29998779296875,322.29998779296875,15085
2025-04-22 09:21:00+05:30,324.95001220703125,325.0,324.5,325.0,26429
2025-04-22 09:22:00+05:30,325.25,325.79998779296875,324.70001220703125,324.70001220703125,9695
2025-04-22 09:23:00+05:30,326.04998779296875,326.20001220703125,325.29998779296875,325.29998779296875,9485
2025-04-22 09:24:00+05:30,325.8999938964844,325.8999938964844,325.1000061035156,325.1499938964844,11980
2025-04-22 09:25:00+05:30,325.6000061035156,326.04998779296875,325.6000061035156,325.8500061035156,16198
2025-04-22 09:26:00+05:30,323.6000061035156,325.79998779296875,323.6000061035156,325.79998779296875,19058
2025-04-22 09:27:00+05:30,324.0,324.0,323.6000061035156,323.6000061035156,3807
2025-04-22 09:28:00+05:30,324.3999938964844,324.5,324.0,324.1499938964844,4103
2025-04-22 09:29:00+05:30,325.3999938964844,325.5,325.1499938964844,325.20001220703125,9075
2025-04-22 09:30:00+05:30,325.1499938964844,326.0,325.1499938964844,325.3999938964844,11035
2025-04-22 09:31:00+05:30,325.3500061035156,325.5,325.0,325.0,3056
2025-04-22 09:32:00+05:30,325.8500061035156,326.3500061035156,325.3999938964844,325.6499938964844,5483
2025-04-22 09:33:00+05:30,326.70001220703125,326.70001220703125,326.0,326.0,3603
2025-04-22 09:34:00+05:30,326.20001220703125,326.5,326.04998779296875,326.3999938964844,3158
2025-04-22 09:35:00+05:30,326.20001220703125,326.5,326.20001220703125,326.5,6599
2025-04-22 09:36:00+05:30,326.70001220703125,326.70001220703125,326.20001220703125,326.20001220703125,3610
2025-04-22 09:37:00+05:30,326.45001220703125,326.70001220703125,326.29998779296875,326.6499938964844,4262
2025-04-22 09:38:00+05:30,326.0,326.45001220703125,325.8500061035156,326.45001220703125,4427
2025-04-22 09:39:00+05:30,326.3999938964844,326.3999938964844,325.8500061035156,325.8500061035156,1490
2025-04-22 09:40:00+05:30,325.54998779296875,326.3999938964844,325.54998779296875,326.3999938964844,3685
2025-04-22 09:41:00+05:30,325.54998779296875,325.8999938964844,325.54998779296875,325.8999938964844,4870
2025-04-22 09:42:00+05:30,325.70001220703125,325.8999938964844,325.6499938964844,325.6499938964844,1144
2025-04-22 09:43:00+05:30,325.6000061035156,325.8500061035156,325.6000061035156,325.70001220703125,1390
2025-04-22 09:44:00+05:30,325.8999938964844,325.8999938964844,325.6000061035156,325.8999938964844,2797
2025-04-22 09:45:00+05:30,326.1499938964844,326.20001220703125,325.75,326.0,2353
2025-04-22 09:46:00+05:30,326.0,326.1499938964844,325.8500061035156,326.1499938964844,1923
2025-04-22 09:47:00+05:30,326.54998779296875,326.54998779296875,326.1000061035156,326.1000061035156,5270
2025-04-22 09:48:00+05:30,326.29998779296875,326.54998779296875,326.25,326.54998779296875,779
2025-04-22 09:49:00+05:30,326.29998779296875,326.3500061035156,326.1000061035156,326.3500061035156,4155
2025-04-22 09:50:00+05:30,326.25,326.6000061035156,326.25,326.29998779296875,3288
2025-04-22 09:51:00+05:30,326.3999938964844,326.3999938964844,326.25,326.29998779296875,1307
2025-04-22 09:52:00+05:30,326.1499938964844,326.75,326.1499938964844,326.25,4168
2025-04-22 09:53:00+05:30,325.29998779296875,325.75,325.29998779296875,325.75,8494
2025-04-22 09:54:00+05:30,325.25,325.5,325.25,325.3999938964844,7328
2025-04-22 09:55:00+05:30,324.45001220703125,325.3500061035156,324.45001220703125,325.3500061035156,3135
2025-04-22 09:56:00+05:30,324.1000061035156,324.3999938964844,324.1000061035156,324.3999938964844,3802
2025-04-22 09:57:00+05:30,324.75,324.75,324.1000061035156,324.1000061035156,3454
2025-04-22 09:58:00+05:30,324.54998779296875,324.75,324.25,324.75,2214
2025-04-22 09:59:00+05:30,324.75,324.75,324.70001220703125,324.70001220703125,1836
2025-04-22 10:00:00+05:30,324.5,324.8500061035156,324.5,324.8500061035156,1346
2025-04-22 10:01:00+05:30,324.8500061035156,324.8500061035156,324.5,324.54998779296875,2565
2025-04-22 10:02:00+05:30,324.95001220703125,325.0,324.54998779296875,324.54998779296875,582
2025-04-22 10:03:00+05:30,325.0,325.0,324.70001220703125,325.0,2263
2025-04-22 10:04:00+05:30,324.6000061035156,324.8999938964844,324.6000061035156,324.8500061035156,879
2025-04-22 10:05:00+05:30,325.1499938964844,325.3999938964844,324.8500061035156,324.8999938964844,1430
2025-04-22 10:06:00+05:30,325.54998779296875,325.54998779296875,325.1499938964844,325.1499938964844,1095
2025-04-22 10:07:00+05:30,325.29998779296875,325.6499938964844,325.25,325.6499938964844,564
2025-04-22 10:08:00+05:30,325.6000061035156,325.6000061035156,325.5,325.6000061035156,708
2025-04-22 10:09:00+05:30,325.3999938964844,325.75,325.3500061035156,325.3500061035156,55
2025-04-22 10:10:00+05:30,325.0,325.70001220703125,324.95001220703125,325.70001220703125,2088
2025-04-22 10:11:00+05:30,324.8500061035156,324.95001220703125,324.8500061035156,324.8500061035156,1252
2025-04-22 10:12:00+05:30,324.3999938964844,324.70001220703125,324.3999938964844,324.54998779296875,2379
2025-04-22 10:13:00+05:30,324.1000061035156,324.6000061035156,324.1000061035156,324.45001220703125,1051
2025-04-22 10:14:00+05:30,324.0,324.3500061035156,323.75,324.3500061035156,3511
2025-04-22 10:15:00+05:30,324.25,324.25,324.0,324.1499938964844,123
2025-04-22 10:16:00+05:30,324.29998779296875,324.3999938964844,324.29998779296875,324.29998779296875,1514
2025-04-22 10:17:00+05:30,324.6000061035156,324.6000061035156,324.29998779296875,324.3999938964844,1905
2025-04-22 10:18:00+05:30,324.5,324.5,324.5,324.5,105
2025-04-22 10:19:00+05:30,324.5,324.5,324.1499938964844,324.5,1995
2025-04-22 10:20:00+05:30,324.45001220703125,324.5,324.25,324.5,332
2025-04-22 10:21:00+05:30,324.70001220703125,324.8999938964844,324.29998779296875,324.5,2336
2025-04-22 10:22:00+05:30,325.25,325.25,324.70001220703125,325.0,1704
2025-04-22 10:23:00+05:30,325.1499938964844,325.25,325.1499938964844,325.25,395
2025-04-22 10:24:00+05:30,325.29998779296875,325.5,325.20001220703125,325.20001220703125,1644
2025-04-22 10:25:00+05:30,325.1499938964844,325.5,325.1499938964844,325.5,3124
2025-04-22 10:26:00+05:30,325.29998779296875,325.5,325.20001220703125,325.20001220703125,559
2025-04-22 10:27:00+05:30,325.1499938964844,325.5,325.1499938964844,325.25,1648
2025-04-22 10:28:00+05:30,325.25,325.25,325.1499938964844,325.20001220703125,353
2025-04-22 10:29:00+05:30,325.1000061035156,325.3999938964844,325.0,325.0,873
2025-04-22 10:30:00+05:30,325.0,325.20001220703125,325.0,325.1499938964844,301
2025-04-22 10:31:00+05:30,325.1000061035156,325.25,325.0,325.1000061035156,678
2025-04-22 10:32:00+05:30,325.25,325.3999938964844,325.1000061035156,325.1000061035156,784
2025-04-22 10:33:00+05:30,325.1499938964844,325.5,325.1499938964844,325.25,724
2025-04-22 10:34:00+05:30,325.54998779296875,325.54998779296875,325.25,325.45001220703125,672
2025-04-22 10:35:00+05:30,325.29998779296875,325.5,325.29998779296875,325.5,863
2025-04-22 10:36:00+05:30,325.6499938964844,325.6499938964844,325.29998779296875,325.29998779296875,211
2025-04-22 10:37:00+05:30,325.6499938964844,325.70001220703125,325.5,325.70001220703125,297
2025-04-22 10:38:00+05:30,325.45001220703125,325.75,325.45001220703125,325.70001220703125,472
2025-04-22 10:39:00+05:30,325.45001220703125,325.70001220703125,325.45001220703125,325.70001220703125,269
2025-04-22 10:40:00+05:30,325.70001220703125,325.70001220703125,325.45001220703125,325.45001220703125,336
2025-04-22 10:41:00+05:30,325.45001220703125,325.6000061035156,325.45001220703125,325.54998779296875,71
2025-04-22 10:42:00+05:30,325.29998779296875,325.70001220703125,325.25,325.70001220703125,2360
2025-04-22 10:43:00+05:30,325.3500061035156,325.3500061035156,325.0,325.29998779296875,1993
2025-04-22 10:44:00+05:30,325.5,325.5,325.0,325.0,1232
2025-04-22 10:45:00+05:30,325.29998779296875,325.29998779296875,325.25,325.25,1719
2025-04-22 10:46:00+05:30,325.0,325.29998779296875,325.0,325.29998779296875,457
2025-04-22 10:47:00+05:30,325.29998779296875,325.29998779296875,325.04998779296875,325.04998779296875,413
2025-04-22 10:48:00+05:30,325.5,325.5,325.29998779296875,325.29998779296875,160
2025-04-22 10:49:00+05:30,325.3999938964844,325.5,325.29998779296875,325.5,509
2025-04-22 10:50:00+05:30,325.3999938964844,325.5,325.25,325.45001220703125,2067
2025-04-22 10:51:00+05:30,325.25,325.6499938964844,325.25,325.6499938964844,127
2025-04-22 10:52:00+05:30,325.20001220703125,325.5,325.1000061035156,325.45001220703125,389
2025-04-22 10:53:00+05:30,325.3999938964844,325.3999938964844,325.1000061035156,325.3999938964844,199
2025-04-22 10:54:00+05:30,325.3500061035156,325.5,325.20001220703125,325.3500061035156,447
2025-04-22 10:55:00+05:30,325.3999938964844,325.3999938964844,325.3999938964844,325.3999938964844,553
2025-04-22 10:56:00+05:30,325.25,325.25,325.0,325.1499938964844,379
2025-04-22 10:57:00+05:30,324.79998779296875,325.25,324.79998779296875,325.25,1443
2025-04-22 10:58:00+05:30,324.95001220703125,324.95001220703125,324.95001220703125,324.95001220703125,330
2025-04-22 10:59:00+05:30,324.79998779296875,324.8500061035156,324.5,324.79998779296875,1476
2025-04-22 11:00:00+05:30,324.95001220703125,324.95001220703125,324.79998779296875,324.79998779296875,241
2025-04-22 11:01:00+05:30,324.95001220703125,324.95001220703125,324.95001220703125,324.95001220703125,217
2025-04-22 11:02:00+05:30,324.95001220703125,324.95001220703125,324.79998779296875,324.79998779296875,487
2025-04-22 11:03:00+05:30,324.79998779296875,324.95001220703125,324.79998779296875,324.95001220703125,83
2025-04-22 11:04:00+05:30,324.5,324.54998779296875,324.45001220703125,324.54998779296875,4114
2025-04-22 11:05:00+05:30,324.75,324.75,324.5,324.5,303
2025-04-22 11:06:00+05:30,324.79998779296875,324.79998779296875,324.5,324.75,1591
2025-04-22 11:07:00+05:30,324.5,324.79998779296875,324.5,324.54998779296875,68
2025-04-22 11:08:00+05:30,324.5,324.79998779296875,324.5,324.75,1700
2025-04-22 11:09:00+05:30,324.70001220703125,324.70001220703125,324.45001220703125,324.45001220703125,0
2025-04-22 11:10:00+05:30,324.45001220703125,324.70001220703125,324.45001220703125,324.45001220703125,402
2025-04-22 11:11:00+05:30,324.45001220703125,324.45001220703125,324.45001220703125,324.45001220703125,263
2025-04-22 11:12:00+05:30,324.29998779296875,324.5,324.29998779296875,324.29998779296875,473
2025-04-22 11:13:00+05:30,324.6000061035156,324.6000061035156,324.29998779296875,324.29998779296875,358
2025-04-22 11:14:00+05:30,324.6000061035156,324.70001220703125,324.29998779296875,324.6000061035156,274
2025-04-22 11:15:00+05:30,324.70001220703125,324.70001220703125,324.6499938964844,324.6499938964844,467
2025-04-22 11:16:00+05:30,324.75,324.75,324.3500061035156,324.6000061035156,830
2025-04-22 11:17:00+05:30,324.45001220703125,324.75,324.45001220703125,324.70001220703125,221
2025-04-22 11:18:00+05:30,324.54998779296875,324.54998779296875,324.3999938964844,324.3999938964844,239
2025-04-22 11:19:00+05:30,324.6499938964844,324.6499938964844,324.6499938964844,324.6499938964844,54
2025-04-22 11:20:00+05:30,324.29998779296875,324.6499938964844,324.29998779296875,324.6499938964844,599
2025-04-22 11:21:00+05:30,324.45001220703125,324.6499938964844,324.3500061035156,324.3500061035156,0
2025-04-22 11:22:00+05:30,324.3999938964844,324.70001220703125,324.3999938964844,324.6499938964844,1125
2025-04-22 11:23:00+05:30,324.6499938964844,324.6499938964844,324.3500061035156,324.3999938964844,872
2025-04-22 11:24:00+05:30,324.6000061035156,324.6499938964844,324.3500061035156,324.6499938964844,871
2025-04-22 11:25:00+05:30,324.1000061035156,324.6000061035156,324.1000061035156,324.6000061035156,3013
2025-04-22 11:26:00+05:30,325.3500061035156,325.3999938964844,324.1000061035156,324.1000061035156,20746
2025-04-22 11:27:00+05:30,325.6000061035156,325.6000061035156,325.1000061035156,325.1000061035156,902
2025-04-22 11:28:00+05:30,324.6000061035156,325.5,324.6000061035156,325.45001220703125,16225
2025-04-22 11:29:00+05:30,325.04998779296875,325.04998779296875,324.6499938964844,324.8999938964844,1285
2025-04-22 11:30:00+05:30,325.0,325.0,324.6499938964844,324.79998779296875,1166
2025-04-22 11:31:00+05:30,324.8500061035156,325.04998779296875,324.8500061035156,325.04998779296875,25
2025-04-22 11:32:00+05:30,324.75,325.04998779296875,324.75,324.8500061035156,739
2025-04-22 11:33:00+05:30,324.75,325.0,324.70001220703125,324.75,278
2025-04-22 11:34:00+05:30,325.1000061035156,325.1000061035156,324.6499938964844,324.6499938964844,913
2025-04-22 11:35:00+05:30,325.0,325.0,324.6499938964844,324.75,1272
2025-04-22 11:36:00+05:30,325.3500061035156,325.3500061035156,324.75,324.95001220703125,215
2025-04-22 11:37:00+05:30,325.1499938964844,325.3999938964844,325.04998779296875,325.3500061035156,882
2025-04-22 11:38:00+05:30,325.1000061035156,325.3500061035156,325.1000061035156,325.1000061035156,2017
2025-04-22 11:39:00+05:30,325.5,325.5,325.04998779296875,325.25,1265
2025-04-22 11:40:00+05:30,325.3500061035156,325.70001220703125,325.20001220703125,325.20001220703125,454
2025-04-22 11:41:00+05:30,326.5,326.5,325.3500061035156,325.3500061035156,9593
2025-04-22 11:42:00+05:30,326.45001220703125,326.8999938964844,326.20001220703125,326.6499938964844,8568
2025-04-22 11:43:00+05:30,326.20001220703125,326.45001220703125,326.1499938964844,326.1499938964844,1453
2025-04-22 11:44:00+05:30,326.20001220703125,326.45001220703125,326.20001220703125,326.45001220703125,513
2025-04-22 11:45:00+05:30,325.5,325.6499938964844,325.3999938964844,325.6499938964844,22372
2025-04-22 11:46:00+05:30,325.75,325.8999938964844,325.75,325.75,904
2025-04-22 11:47:00+05:30,325.75,325.8999938964844,325.75,325.8999938964844,680
2025-04-22 11:48:00+05:30,325.54998779296875,325.8500061035156,325.54998779296875,325.8500061035156,664
2025-04-22 11:49:00+05:30,325.8999938964844,325.8999938964844,325.8500061035156,325.8500061035156,476
2025-04-22 11:50:00+05:30,326.0,326.0,325.8999938964844,325.8999938964844,60
2025-04-22 11:51:00+05:30,325.75,326.0,325.75,326.0,791
2025-04-22 11:52:00+05:30,325.75,325.75,325.5,325.6000061035156,180
2025-04-22 11:53:00+05:30,325.29998779296875,325.75,325.29998779296875,325.75,415
2025-04-22 11:54:00+05:30,325.3999938964844,325.79998779296875,325.3999938964844,325.45001220703125,450
2025-04-22 11:55:00+05:30,325.54998779296875,325.79998779296875,325.54998779296875,325.70001220703125,177
2025-04-22 11:56:00+05:30,325.45001220703125,325.45001220703125,325.1499938964844,325.3999938964844,164
2025-04-22 11:57:00+05:30,325.45001220703125,325.45001220703125,325.1499938964844,325.45001220703125,68
2025-04-22 11:58:00+05:30,325.20001220703125,325.45001220703125,325.20001220703125,325.20001220703125,670
2025-04-22 11:59:00+05:30,325.3500061035156,325.45001220703125,325.25,325.45001220703125,152
2025-04-22 12:00:00+05:30,325.29998779296875,325.54998779296875,325.29998779296875,325.29998779296875,2936
2025-04-22 12:01:00+05:30,325.6000061035156,325.6000061035156,325.29998779296875,325.29998779296875,0
2025-04-22 12:02:00+05:30,325.45001220703125,325.5,325.45001220703125,325.45001220703125,1186
2025-04-22 12:03:00+05:30,325.6000061035156,325.6000061035156,325.3500061035156,325.54998779296875,225
2025-04-22 12:04:00+05:30,325.6000061035156,325.6000061035156,325.3500061035156,325.6000061035156,126
2025-04-22 12:05:00+05:30,325.5,325.70001220703125,325.5,325.6000061035156,209
2025-04-22 12:06:00+05:30,325.8500061035156,325.8999938964844,325.54998779296875,325.79998779296875,256
2025-04-22 12:07:00+05:30,325.79998779296875,325.79998779296875,325.6499938964844,325.79998779296875,309
2025-04-22 12:08:00+05:30,325.6499938964844,325.79998779296875,325.6499938964844,325.79998779296875,0
2025-04-22 12:09:00+05:30,325.54998779296875,325.8500061035156,325.54998779296875,325.8500061035156,1777
2025-04-22 12:10:00+05:30,325.5,325.8500061035156,325.5,325.8500061035156,563
2025-04-22 12:11:00+05:30,325.79998779296875,325.79998779296875,325.75,325.79998779296875,215
2025-04-22 12:12:00+05:30,325.45001220703125,325.79998779296875,325.45001220703125,325.79998779296875,501
2025-04-22 12:13:00+05:30,325.29998779296875,325.5,325.29998779296875,325.5,897
2025-04-22 12:14:00+05:30,325.6499938964844,325.6499938964844,325.5,325.5,27
2025-04-22 12:15:00+05:30,325.3500061035156,325.3500061035156,325.29998779296875,325.29998779296875,0
2025-04-22 12:16:00+05:30,325.6000061035156,325.6499938964844,325.29998779296875,325.29998779296875,426
2025-04-22 12:17:00+05:30,325.6000061035156,325.6000061035156,325.54998779296875,325.6000061035156,114
2025-04-22 12:18:00+05:30,325.5,325.5,325.25,325.25,1299
2025-04-22 12:19:00+05:30,325.45001220703125,325.45001220703125,325.45001220703125,325.45001220703125,0
2025-04-22 12:20:00+05:30,325.20001220703125,325.45001220703125,325.20001220703125,325.3999938964844,259
2025-04-22 12:21:00+05:30,325.0,325.20001220703125,325.0,325.1000061035156,321
2025-04-22 12:22:00+05:30,324.6499938964844,325.1499938964844,324.6499938964844,325.1499938964844,1802
2025-04-22 12:23:00+05:30,324.95001220703125,324.95001220703125,324.6499938964844,324.6499938964844,103
2025-04-22 12:24:00+05:30,325.1499938964844,325.1499938964844,324.95001220703125,324.95001220703125,1012
2025-04-22 12:25:00+05:30,325.04998779296875,325.1499938964844,324.8500061035156,325.1499938964844,227
2025-04-22 12:26:00+05:30,324.75,325.04998779296875,324.75,324.8500061035156,61
2025-04-22 12:27:00+05:30,324.6000061035156,324.95001220703125,324.6000061035156,324.95001220703125,468
2025-04-22 12:28:00+05:30,324.95001220703125,324.95001220703125,324.79998779296875,324.79998779296875,3
2025-04-22 12:29:00+05:30,324.8500061035156,324.8500061035156,324.6000061035156,324.6000061035156,214
2025-04-22 12:30:00+05:30,324.8500061035156,324.8999938964844,324.6000061035156,324.6499938964844,396
2025-04-22 12:31:00+05:30,324.6000061035156,324.8500061035156,324.6000061035156,324.6000061035156,682
2025-04-22 12:32:00+05:30,324.8500061035156,324.8500061035156,324.8500061035156,324.8500061035156,55
2025-04-22 12:33:00+05:30,324.3999938964844,324.6000061035156,324.3999938964844,324.6000061035156,2583
2025-04-22 12:34:00+05:30,324.5,324.5,324.29998779296875,324.29998779296875,466
2025-04-22 12:35:00+05:30,324.5,324.5,324.29998779296875,324.29998779296875,2651
2025-04-22 12:36:00+05:30,324.70001220703125,324.70001220703125,324.29998779296875,324.3999938964844,3232
2025-04-22 12:37:00+05:30,324.6499938964844,324.70001220703125,324.6499938964844,324.70001220703125,69
2025-04-22 12:38:00+05:30,324.25,324.6499938964844,324.1000061035156,324.6499938964844,1932
2025-04-22 12:39:00+05:30,324.6000061035156,324.6000061035156,324.04998779296875,324.3999938964844,3321
2025-04-22 12:40:00+05:30,324.70001220703125,324.70001220703125,324.6000061035156,324.6000061035156,228
2025-04-22 12:41:00+05:30,324.8500061035156,324.8500061035156,324.8500061035156,324.8500061035156,720
2025-04-22 12:42:00+05:30,324.3999938964844,324.79998779296875,324.3999938964844,324.79998779296875,192
2025-04-22 12:43:00+05:30,324.45001220703125,324.6000061035156,324.45001220703125,324.6000061035156,0
2025-04-22 12:44:00+05:30,324.79998779296875,324.79998779296875,324.70001220703125,324.70001220703125,38
2025-04-22 12:45:00+05:30,324.8999938964844,324.8999938964844,324.45001220703125,324.5,977
2025-04-22 12:46:00+05:30,324.75,324.95001220703125,324.75,324.95001220703125,29
2025-04-22 12:47:00+05:30,324.75,324.8500061035156,324.75,324.8500061035156,194
2025-04-22 12:48:00+05:30,324.8500061035156,324.8500061035156,324.75,324.75,197
2025-04-22 12:49:00+05:30,324.70001220703125,324.79998779296875,324.70001220703125,324.70001220703125,0
2025-04-22 12:50:00+05:30,324.5,324.79998779296875,324.5,324.79998779296875,2481
2025-04-22 12:52:00+05:30,324.5,324.5,324.5,324.5,982
2025-04-22 12:53:00+05:30,324.5,324.5,324.5,324.5,16
2025-04-22 12:54:00+05:30,324.70001220703125,324.70001220703125,324.5,324.5,348
2025-04-22 12:55:00+05:30,324.45001220703125,324.5,324.45001220703125,324.45001220703125,524
2025-04-22 12:56:00+05:30,324.5,324.5,324.45001220703125,324.5,126
2025-04-22 12:57:00+05:30,324.29998779296875,324.45001220703125,324.29998779296875,324.45001220703125,701
2025-04-22 12:58:00+05:30,324.3999938964844,324.70001220703125,324.1499938964844,324.1499938964844,2708
2025-04-22 12:59:00+05:30,324.3500061035156,324.6499938964844,324.3500061035156,324.6499938964844,216
2025-04-22 13:00:00+05:30,324.70001220703125,324.70001220703125,324.3999938964844,324.3999938964844,55
2025-04-22 13:01:00+05:30,324.70001220703125,324.70001220703125,324.3999938964844,324.3999938964844,438
2025-04-22 13:02:00+05:30,324.70001220703125,324.70001220703125,324.45001220703125,324.45001220703125,0
2025-04-22 13:03:00+05:30,324.70001220703125,324.70001220703125,324.54998779296875,324.54998779296875,160
2025-04-22 13:04:00+05:30,324.45001220703125,324.70001220703125,324.45001220703125,324.70001220703125,1273
2025-04-22 13:05:00+05:30,324.5,324.54998779296875,324.3999938964844,324.3999938964844,703
2025-04-22 13:06:00+05:30,324.5,324.5,324.5,324.5,107
2025-04-22 13:07:00+05:30,324.3999938964844,324.5,324.1499938964844,324.5,585
2025-04-22 13:08:00+05:30,324.25,324.29998779296875,324.25,324.29998779296875,177
2025-04-22 13:09:00+05:30,324.5,324.54998779296875,324.29998779296875,324.29998779296875,502
2025-04-22 13:10:00+05:30,324.54998779296875,324.54998779296875,324.1499938964844,324.1499938964844,531
2025-04-22 13:11:00+05:30,324.6499938964844,324.6499938964844,324.25,324.25,330
2025-04-22 13:13:00+05:30,324.79998779296875,324.79998779296875,324.75,324.75,522
2025-04-22 13:14:00+05:30,324.6000061035156,324.6000061035156,324.54998779296875,324.54998779296875,160
2025-04-22 13:15:00+05:30,324.75,324.75,324.45001220703125,324.45001220703125,115
2025-04-22 13:16:00+05:30,324.45001220703125,324.79998779296875,324.45001220703125,324.6000061035156,388
2025-04-22 13:17:00+05:30,324.3999938964844,324.3999938964844,324.3999938964844,324.3999938964844,0
2025-04-22 13:18:00+05:30,324.6000061035156,324.6499938964844,324.3500061035156,324.6499938964844,110
2025-04-22 13:19:00+05:30,324.70001220703125,324.70001220703125,324.6000061035156,324.6000061035156,182
2025-04-22 13:20:00+05:30,324.75,324.75,324.75,324.75,15
2025-04-22 13:21:00+05:30,324.5,324.75,324.5,324.5,322
2025-04-22 13:22:00+05:30,324.3500061035156,324.70001220703125,324.3500061035156,324.3999938964844,317
2025-04-22 13:23:00+05:30,324.6499938964844,324.6499938964844,324.6499938964844,324.6499938964844,8
2025-04-22 13:24:00+05:30,324.70001220703125,324.70001220703125,324.70001220703125,324.70001220703125,29
2025-04-22 13:25:00+05:30,324.70001220703125,324.70001220703125,324.70001220703125,324.70001220703125,20
2025-04-22 13:26:00+05:30,324.8999938964844,324.95001220703125,324.8999938964844,324.95001220703125,10150
2025-04-22 13:27:00+05:30,324.6499938964844,325.0,324.6499938964844,324.6499938964844,176
2025-04-22 13:28:00+05:30,324.6499938964844,324.6499938964844,324.6499938964844,324.6499938964844,343
2025-04-22 13:30:00+05:30,324.8999938964844,324.8999938964844,324.8999938964844,324.8999938964844,0
2025-04-22 13:31:00+05:30,324.6499938964844,324.8999938964844,324.6499938964844,324.8999938964844,319
2025-04-22 13:32:00+05:30,325.0,325.0,324.6499938964844,324.6499938964844,288
2025-04-22 13:33:00+05:30,325.0,325.0,325.0,325.0,122
2025-04-22 13:34:00+05:30,324.8999938964844,324.8999938964844,324.79998779296875,324.79998779296875,8
2025-04-22 13:35:00+05:30,324.8500061035156,325.0,324.70001220703125,324.70001220703125,119
2025-04-22 13:36:00+05:30,324.75,324.95001220703125,324.75,324.79998779296875,106
2025-04-22 13:37:00+05:30,324.75,324.75,324.75,324.75,49
2025-04-22 13:38:00+05:30,324.79998779296875,324.79998779296875,324.75,324.75,570
2025-04-22 13:39:00+05:30,324.8999938964844,324.8999938964844,324.8500061035156,324.8500061035156,387
2025-04-22 13:40:00+05:30,324.8999938964844,324.8999938964844,324.8999938964844,324.8999938964844,204
2025-04-22 13:41:00+05:30,324.79998779296875,324.79998779296875,324.79998779296875,324.79998779296875,0
2025-04-22 13:42:00+05:30,324.79998779296875,324.8999938964844,324.79998779296875,324.8999938964844,124
2025-04-22 13:43:00+05:30,324.8999938964844,324.8999938964844,324.79998779296875,324.79998779296875,180
2025-04-22 13:44:00+05:30,324.8999938964844,324.8999938964844,324.79998779296875,324.8999938964844,34
2025-04-22 13:45:00+05:30,324.6499938964844,325.0,324.6499938964844,324.79998779296875,963
2025-04-22 13:46:00+05:30,324.75,324.75,324.6499938964844,324.75,69
2025-04-22 13:47:00+05:30,324.75,324.75,324.75,324.75,172
2025-04-22 13:48:00+05:30,324.6499938964844,324.75,324.6499938964844,324.75,259
2025-04-22 13:49:00+05:30,324.6499938964844,324.70001220703125,324.6499938964844,324.70001220703125,15
2025-04-22 13:50:00+05:30,324.70001220703125,324.70001220703125,324.6499938964844,324.6499938964844,295
2025-04-22 13:51:00+05:30,324.70001220703125,324.70001220703125,324.6000061035156,324.70001220703125,706
2025-04-22 13:52:00+05:30,324.3500061035156,324.6499938964844,324.3500061035156,324.6499938964844,348
2025-04-22 13:53:00+05:30,324.1499938964844,324.3999938964844,324.1499938964844,324.3500061035156,10998
2025-04-22 13:54:00+05:30,324.1000061035156,324.3500061035156,324.1000061035156,324.29998779296875,1403
2025-04-22 13:55:00+05:30,324.54998779296875,324.54998779296875,324.3500061035156,324.3500061035156,296
2025-04-22 13:56:00+05:30,324.45001220703125,324.5,324.25,324.5,144
2025-04-22 13:57:00+05:30,324.3999938964844,324.45001220703125,324.29998779296875,324.3999938964844,1135
2025-04-22 13:58:00+05:30,324.45001220703125,324.45001220703125,324.45001220703125,324.45001220703125,2476
2025-04-22 13:59:00+05:30,324.45001220703125,324.45001220703125,324.3500061035156,324.45001220703125,206
2025-04-22 14:00:00+05:30,324.25,324.45001220703125,324.25,324.3999938964844,519
2025-04-22 14:01:00+05:30,324.45001220703125,324.45001220703125,324.45001220703125,324.45001220703125,0
2025-04-22 14:02:00+05:30,324.45001220703125,324.45001220703125,324.45001220703125,324.45001220703125,292
2025-04-22 14:03:00+05:30,324.45001220703125,324.45001220703125,324.3999938964844,324.45001220703125,782
2025-04-22 14:04:00+05:30,324.70001220703125,324.70001220703125,324.6000061035156,324.6000061035156,23
2025-04-22 14:05:00+05:30,324.6499938964844,324.70001220703125,324.6499938964844,324.70001220703125,46
2025-04-22 14:06:00+05:30,324.45001220703125,324.5,324.45001220703125,324.5,230
2025-04-22 14:07:00+05:30,324.3999938964844,324.3999938964844,324.3999938964844,324.3999938964844,771
2025-04-22 14:08:00+05:30,324.29998779296875,324.6499938964844,324.29998779296875,324.6499938964844,431
2025-04-22 14:09:00+05:30,324.29998779296875,324.29998779296875,324.29998779296875,324.29998779296875,0
2025-04-22 14:10:00+05:30,324.3999938964844,324.6499938964844,324.29998779296875,324.29998779296875,359
2025-04-22 14:11:00+05:30,324.25,324.6499938964844,324.25,324.6499938964844,228
2025-04-22 14:12:00+05:30,324.1499938964844,324.20001220703125,324.04998779296875,324.20001220703125,1542
2025-04-22 14:13:00+05:30,324.20001220703125,324.45001220703125,324.20001220703125,324.25,293
2025-04-22 14:14:00+05:30,324.45001220703125,324.5,324.20001220703125,324.5,208
2025-04-22 14:15:00+05:30,324.45001220703125,324.45001220703125,324.45001220703125,324.45001220703125,1158
2025-04-22 14:16:00+05:30,324.1499938964844,324.45001220703125,324.1499938964844,324.45001220703125,367
2025-04-22 14:17:00+05:30,324.5,324.5,324.45001220703125,324.45001220703125,222
2025-04-22 14:18:00+05:30,324.45001220703125,324.45001220703125,324.25,324.25,221
2025-04-22 14:19:00+05:30,324.25,324.25,324.25,324.25,39
2025-04-22 14:20:00+05:30,324.5,324.5,324.25,324.25,424
2025-04-22 14:21:00+05:30,324.20001220703125,324.5,324.1499938964844,324.5,776
2025-04-22 14:22:00+05:30,324.5,324.5,324.1499938964844,324.5,164
2025-04-22 14:23:00+05:30,324.20001220703125,324.5,324.1499938964844,324.1499938964844,276
2025-04-22 14:24:00+05:30,324.1499938964844,324.3999938964844,324.1499938964844,324.20001220703125,308
2025-04-22 14:25:00+05:30,324.45001220703125,324.5,324.3500061035156,324.45001220703125,206
2025-04-22 14:26:00+05:30,324.3999938964844,324.45001220703125,324.3999938964844,324.45001220703125,345
2025-04-22 14:27:00+05:30,324.25,324.3999938964844,324.25,324.3999938964844,248
2025-04-22 14:28:00+05:30,324.3999938964844,324.3999938964844,324.3999938964844,324.3999938964844,170
2025-04-22 14:29:00+05:30,324.3999938964844,324.3999938964844,324.3999938964844,324.3999938964844,3008
2025-04-22 14:30:00+05:30,324.3999938964844,324.3999938964844,324.3999938964844,324.3999938964844,11
2025-04-22 14:31:00+05:30,324.29998779296875,324.3999938964844,324.29998779296875,324.3999938964844,861
2025-04-22 14:32:00+05:30,324.3999938964844,324.3999938964844,324.29998779296875,324.29998779296875,214
2025-04-22 14:33:00+05:30,324.25,324.3999938964844,324.25,324.3999938964844,154
2025-04-22 14:34:00+05:30,324.20001220703125,324.25,324.20001220703125,324.25,435
2025-04-22 14:35:00+05:30,324.3999938964844,324.3999938964844,324.20001220703125,324.20001220703125,961
2025-04-22 14:36:00+05:30,324.29998779296875,324.29998779296875,324.1499938964844,324.20001220703125,1816
2025-04-22 14:37:00+05:30,324.1499938964844,324.3999938964844,324.1499938964844,324.1499938964844,389
2025-04-22 14:38:00+05:30,324.1499938964844,324.1499938964844,324.1499938964844,324.1499938964844,98
2025-04-22 14:39:00+05:30,324.1499938964844,324.1499938964844,324.1499938964844,324.1499938964844,293
2025-04-22 14:40:00+05:30,324.1499938964844,324.3999938964844,324.1499938964844,324.1499938964844,633
2025-04-22 14:41:00+05:30,324.20001220703125,324.3999938964844,324.1499938964844,324.20001220703125,291
2025-04-22 14:42:00+05:30,324.3999938964844,324.3999938964844,324.20001220703125,324.20001220703125,366
2025-04-22 14:43:00+05:30,324.20001220703125,324.20001220703125,324.1499938964844,324.20001220703125,1014
2025-04-22 14:44:00+05:30,324.25,324.3999938964844,324.20001220703125,324.20001220703125,343
2025-04-22 14:45:00+05:30,324.25,324.3999938964844,324.25,324.3999938964844,201
2025-04-22 14:46:00+05:30,324.25,324.3999938964844,324.25,324.25,572
2025-04-22 14:47:00+05:30,324.1000061035156,324.20001220703125,324.1000061035156,324.1000061035156,4084
2025-04-22 14:48:00+05:30,323.5,324.1499938964844,323.5,324.1499938964844,11777
2025-04-22 14:49:00+05:30,323.29998779296875,323.54998779296875,323.29998779296875,323.54998779296875,936
2025-04-22 14:50:00+05:30,322.75,323.20001220703125,322.5,323.20001220703125,8711
2025-04-22 14:51:00+05:30,322.8500061035156,322.8500061035156,322.45001220703125,322.5,427
2025-04-22 14:52:00+05:30,322.45001220703125,322.79998779296875,322.45001220703125,322.79998779296875,744
2025-04-22 14:53:00+05:30,322.6000061035156,322.8999938964844,322.45001220703125,322.5,2324
2025-04-22 14:54:00+05:30,322.45001220703125,322.45001220703125,322.25,322.45001220703125,1213
2025-04-22 14:55:00+05:30,322.8999938964844,323.1499938964844,322.5,322.5,6671
2025-04-22 14:56:00+05:30,322.8999938964844,323.0,322.6499938964844,322.95001220703125,2825
2025-04-22 14:57:00+05:30,322.8999938964844,322.8999938964844,322.70001220703125,322.70001220703125,450
2025-04-22 14:58:00+05:30,323.1499938964844,323.1499938964844,322.8999938964844,322.8999938964844,476
2025-04-22 14:59:00+05:30,323.54998779296875,323.54998779296875,323.29998779296875,323.29998779296875,824
2025-04-22 15:00:00+05:30,323.5,323.5,323.3500061035156,323.3999938964844,1422
2025-04-22 15:01:00+05:30,323.5,323.5,323.25,323.25,888
2025-04-22 15:02:00+05:30,322.8500061035156,323.20001220703125,322.75,323.1000061035156,2888
2025-04-22 15:03:00+05:30,322.79998779296875,322.8500061035156,322.6000061035156,322.79998779296875,1224
2025-04-22 15:04:00+05:30,322.54998779296875,322.8500061035156,322.54998779296875,322.79998779296875,750
2025-04-22 15:05:00+05:30,321.8999938964844,322.79998779296875,321.8999938964844,322.70001220703125,28087
2025-04-22 15:06:00+05:30,321.79998779296875,321.8999938964844,321.6000061035156,321.79998779296875,2019
2025-04-22 15:07:00+05:30,321.45001220703125,321.79998779296875,321.04998779296875,321.79998779296875,4405
2025-04-22 15:08:00+05:30,321.20001220703125,321.6499938964844,321.20001220703125,321.3999938964844,2660
2025-04-22 15:09:00+05:30,321.45001220703125,321.45001220703125,321.25,321.3999938964844,1364
2025-04-22 15:10:00+05:30,321.5,321.6000061035156,321.3500061035156,321.54998779296875,6593
2025-04-22 15:11:00+05:30,321.54998779296875,321.75,321.3500061035156,321.6000061035156,5560
2025-04-22 15:12:00+05:30,321.3999938964844,321.6000061035156,321.20001220703125,321.6000061035156,1012
2025-04-22 15:13:00+05:30,321.0,321.45001220703125,321.0,321.04998779296875,7553
2025-04-22 15:14:00+05:30,321.0,321.04998779296875,320.8500061035156,321.0,2205
2025-04-22 15:15:00+05:30,320.8500061035156,321.0,320.8500061035156,321.0,3891
2025-04-22 15:16:00+05:30,320.70001220703125,321.0,320.45001220703125,321.0,2446
2025-04-22 15:17:00+05:30,320.5,320.6000061035156,320.29998779296875,320.54998779296875,3927
2025-04-22 15:18:00+05:30,320.3500061035156,320.45001220703125,320.04998779296875,320.29998779296875,11486
2025-04-22 15:19:00+05:30,320.54998779296875,320.54998779296875,320.3500061035156,320.3500061035156,2138
2025-04-22 15:20:00+05:30,320.3500061035156,320.5,320.29998779296875,320.5,5007
2025-04-22 15:21:00+05:30,320.45001220703125,320.54998779296875,320.3500061035156,320.45001220703125,2588
2025-04-22 15:22:00+05:30,320.8999938964844,320.8999938964844,320.5,320.5,2259
2025-04-22 15:23:00+05:30,320.95001220703125,320.95001220703125,320.8500061035156,320.8999938964844,1527
2025-04-22 15:24:00+05:30,320.5,320.95001220703125,320.5,320.8999938964844,3977
2025-04-22 15:25:00+05:30,320.8500061035156,320.8500061035156,320.54998779296875,320.8500061035156,1671
2025-04-22 15:26:00+05:30,320.8500061035156,320.95001220703125,320.79998779296875,320.8500061035156,2473
2025-04-22 15:27:00+05:30,320.8500061035156,321.04998779296875,320.79998779296875,320.95001220703125,4581
2025-04-22 15:28:00+05:30,320.5,320.8999938964844,320.1499938964844,320.8999938964844,4972
2025-04-22 15:29:00+05:30,321.20001220703125,321.20001220703125,320.25,320.25,2485
2025-04-24 09:15:00+05:30,327.0,328.6499938964844,327.0,328.04998779296875,0
2025-04-24 09:16:00+05:30,329.45001220703125,329.45001220703125,327.20001220703125,328.25,7407
2025-04-24 09:17:00+05:30,330.3999938964844,330.3999938964844,329.20001220703125,329.20001220703125,9344
2025-04-24 09:18:00+05:30,331.70001220703125,331.79998779296875,330.04998779296875,330.04998779296875,15012
2025-04-24 09:19:00+05:30,332.6499938964844,332.6499938964844,331.75,332.5,12007
2025-04-24 09:20:00+05:30,332.29998779296875,332.5,331.5,332.5,6453
2025-04-24 09:21:00+05:30,334.0,334.0,332.6000061035156,332.70001220703125,27295
2025-04-24 09:22:00+05:30,333.45001220703125,333.54998779296875,333.0,333.5,13432
2025-04-24 09:23:00+05:30,334.1000061035156,334.1000061035156,333.29998779296875,333.75,8263
2025-04-24 09:24:00+05:30,333.04998779296875,334.1499938964844,333.0,333.75,13972
2025-04-24 09:25:00+05:30,333.79998779296875,333.79998779296875,332.6499938964844,332.8500061035156,23206
2025-04-24 09:26:00+05:30,333.5,333.95001220703125,333.0,333.95001220703125,12194
2025-04-24 09:27:00+05:30,333.1000061035156,333.95001220703125,333.1000061035156,333.3999938964844,5511
2025-04-24 09:28:00+05:30,333.6000061035156,333.6000061035156,333.20001220703125,333.5,10885
2025-04-24 09:29:00+05:30,333.25,333.6000061035156,332.5,333.6000061035156,10150
2025-04-24 09:30:00+05:30,333.0,333.54998779296875,333.0,333.0,6274
2025-04-24 09:31:00+05:30,332.70001220703125,333.25,332.70001220703125,333.25,2813
2025-04-24 09:32:00+05:30,331.5,332.70001220703125,331.5,332.70001220703125,4025
2025-04-24 09:33:00+05:30,332.1499938964844,332.1499938964844,332.0,332.0,2637
2025-04-24 09:34:00+05:30,332.70001220703125,332.8999938964844,331.95001220703125,332.29998779296875,4193
2025-04-24 09:35:00+05:30,332.70001220703125,332.8500061035156,332.5,332.79998779296875,3311
2025-04-24 09:36:00+05:30,333.3999938964844,333.75,332.79998779296875,332.79998779296875,5093
2025-04-24 09:37:00+05:30,333.3500061035156,333.6000061035156,333.25,333.25,1878
2025-04-24 09:38:00+05:30,334.20001220703125,334.20001220703125,333.3500061035156,333.6000061035156,9073
2025-04-24 09:39:00+05:30,334.1499938964844,334.20001220703125,333.45001220703125,334.04998779296875,4424
2025-04-24 09:40:00+05:30,334.6499938964844,334.95001220703125,334.45001220703125,334.95001220703125,20340
2025-04-24 09:41:00+05:30,335.20001220703125,335.45001220703125,334.20001220703125,334.79998779296875,30659
2025-04-24 09:42:00+05:30,335.6000061035156,336.25,335.3999938964844,335.3999938964844,14134
2025-04-24 09:43:00+05:30,335.75,335.8500061035156,335.0,335.8500061035156,14029
2025-04-24 09:44:00+05:30,334.8500061035156,335.6000061035156,334.6000061035156,335.1000061035156,11360
2025-04-24 09:45:00+05:30,333.6499938964844,334.8500061035156,333.45001220703125,334.8500061035156,8422
2025-04-24 09:46:00+05:30,332.70001220703125,333.20001220703125,332.54998779296875,333.20001220703125,9519
2025-04-24 09:47:00+05:30,332.6000061035156,332.8999938964844,332.6000061035156,332.75,1787
2025-04-24 09:48:00+05:30,333.25,333.25,333.0,333.1000061035156,7997
2025-04-24 09:49:00+05:30,332.54998779296875,333.20001220703125,332.20001220703125,333.0,4729
2025-04-24 09:50:00+05:30,332.25,332.5,332.20001220703125,332.25,3281
2025-04-24 09:51:00+05:30,332.45001220703125,332.70001220703125,332.25,332.45001220703125,2910
2025-04-24 09:52:00+05:30,332.8500061035156,332.8999938964844,332.70001220703125,332.70001220703125,1330
2025-04-24 09:53:00+05:30,332.79998779296875,332.95001220703125,332.45001220703125,332.54998779296875,3524
2025-04-24 09:54:00+05:30,332.8500061035156,332.8500061035156,332.6499938964844,332.79998779296875,994
2025-04-24 09:55:00+05:30,332.5,332.5,331.79998779296875,331.79998779296875,8319
2025-04-24 09:56:00+05:30,332.1000061035156,332.5,332.1000061035156,332.29998779296875,4970
2025-04-24 09:57:00+05:30,332.3999938964844,332.3999938964844,331.70001220703125,332.0,3969
2025-04-24 09:58:00+05:30,332.5,332.6499938964844,332.20001220703125,332.25,1765
2025-04-24 09:59:00+05:30,332.29998779296875,332.54998779296875,332.0,332.54998779296875,2451
2025-04-24 10:00:00+05:30,332.0,332.1499938964844,332.0,332.1499938964844,4442
2025-04-24 10:01:00+05:30,332.1499938964844,332.45001220703125,332.0,332.0,2172
2025-04-24 10:02:00+05:30,332.0,332.3999938964844,332.0,332.20001220703125,1169
2025-04-24 10:03:00+05:30,332.3500061035156,332.3500061035156,332.1000061035156,332.1000061035156,959
2025-04-24 10:04:00+05:30,332.5,332.5,332.20001220703125,332.20001220703125,407
2025-04-24 10:05:00+05:30,332.95001220703125,332.95001220703125,332.3999938964844,332.5,948
2025-04-24 10:06:00+05:30,333.04998779296875,333.04998779296875,332.70001220703125,332.95001220703125,4164
2025-04-24 10:07:00+05:30,332.54998779296875,333.0,332.54998779296875,333.0,2328
2025-04-24 10:08:00+05:30,332.1499938964844,332.70001220703125,332.1499938964844,332.5,2069
2025-04-24 10:09:00+05:30,332.1000061035156,332.1000061035156,331.79998779296875,331.79998779296875,5201
2025-04-24 10:10:00+05:30,332.3500061035156,332.3999938964844,332.1499938964844,332.1499938964844,402
2025-04-24 10:11:00+05:30,332.3500061035156,332.3500061035156,332.1499938964844,332.1499938964844,345
2025-04-24 10:12:00+05:30,332.5,332.5,332.3999938964844,332.5,1111
2025-04-24 10:13:00+05:30,332.45001220703125,332.5,332.20001220703125,332.5,395
2025-04-24 10:14:00+05:30,332.45001220703125,332.5,332.20001220703125,332.45001220703125,2116
2025-04-24 10:15:00+05:30,332.79998779296875,332.8999938964844,332.45001220703125,332.45001220703125,1805
2025-04-24 10:16:00+05:30,332.8500061035156,333.0,332.6000061035156,332.79998779296875,2165
2025-04-24 10:17:00+05:30,332.79998779296875,332.8500061035156,332.6000061035156,332.79998779296875,2005
2025-04-24 10:18:00+05:30,333.8500061035156,334.0,332.70001220703125,332.70001220703125,11386
2025-04-24 10:19:00+05:30,334.1499938964844,334.1499938964844,333.8500061035156,333.8500061035156,3345
2025-04-24 10:20:00+05:30,334.1000061035156,334.20001220703125,333.75,334.1499938964844,5562
2025-04-24 10:21:00+05:30,333.8500061035156,334.04998779296875,333.54998779296875,334.04998779296875,3121
2025-04-24 10:22:00+05:30,333.75,333.75,333.29998779296875,333.70001220703125,1654
2025-04-24 10:23:00+05:30,333.54998779296875,333.70001220703125,333.54998779296875,333.6499938964844,1430
2025-04-24 10:24:00+05:30,333.8500061035156,334.0,333.54998779296875,333.70001220703125,954
2025-04-24 10:25:00+05:30,334.54998779296875,334.75,334.20001220703125,334.29998779296875,5300
2025-04-24 10:26:00+05:30,334.1499938964844,334.5,333.79998779296875,334.3999938964844,1269
2025-04-24 10:27:00+05:30,334.6000061035156,334.75,333.79998779296875,333.79998779296875,9796
2025-04-24 10:28:00+05:30,335.1499938964844,335.20001220703125,334.6000061035156,334.8500061035156,8208
2025-04-24 10:29:00+05:30,334.8500061035156,335.1499938964844,334.8500061035156,334.8500061035156,2972
2025-04-24 10:30:00+05:30,335.5,335.8500061035156,334.70001220703125,334.70001220703125,14679
2025-04-24 10:31:00+05:30,335.5,335.6000061035156,335.0,335.5,5373
2025-04-24 10:32:00+05:30,335.6000061035156,335.6000061035156,335.5,335.5,1141
2025-04-24 10:33:00+05:30,335.45001220703125,335.8500061035156,335.45001220703125,335.79998779296875,2878
2025-04-24 10:34:00+05:30,335.25,335.5,335.1000061035156,335.1000061035156,1342
2025-04-24 10:35:00+05:30,334.8999938964844,335.3999938964844,334.79998779296875,335.25,2722
2025-04-24 10:36:00+05:30,335.0,335.20001220703125,335.0,335.20001220703125,2560
2025-04-24 10:37:00+05:30,335.0,335.0,334.6499938964844,334.79998779296875,2337
2025-04-24 10:38:00+05:30,335.5,335.5,334.95001220703125,335.20001220703125,2100
2025-04-24 10:39:00+05:30,335.5,335.6499938964844,335.20001220703125,335.6499938964844,527
2025-04-24 10:40:00+05:30,335.3999938964844,335.5,335.1499938964844,335.45001220703125,1942
2025-04-24 10:41:00+05:30,335.3500061035156,335.45001220703125,335.04998779296875,335.45001220703125,6630
2025-04-24 10:42:00+05:30,335.75,335.75,334.8500061035156,335.29998779296875,3527
2025-04-24 10:43:00+05:30,335.29998779296875,335.6499938964844,335.29998779296875,335.3999938964844,9635
2025-04-24 10:44:00+05:30,335.1000061035156,335.25,334.79998779296875,335.25,2911
2025-04-24 10:45:00+05:30,336.29998779296875,336.29998779296875,335.1000061035156,335.1000061035156,16010
2025-04-24 10:46:00+05:30,336.29998779296875,336.70001220703125,336.29998779296875,336.29998779296875,7074
2025-04-24 10:47:00+05:30,336.45001220703125,336.6499938964844,336.3999938964844,336.6499938964844,9463
2025-04-24 10:48:00+05:30,336.3500061035156,336.6000061035156,336.3500061035156,336.3999938964844,3743
2025-04-24 10:49:00+05:30,336.75,336.75,336.04998779296875,336.04998779296875,3580
2025-04-24 10:50:00+05:30,336.79998779296875,336.79998779296875,336.3500061035156,336.75,4630
2025-04-24 10:51:00+05:30,336.8999938964844,336.95001220703125,336.25,336.3999938964844,6641
2025-04-24 10:52:00+05:30,336.8500061035156,337.04998779296875,336.70001220703125,336.70001220703125,18876
2025-04-24 10:53:00+05:30,337.0,337.0,336.8999938964844,336.8999938964844,2114
2025-04-24 10:54:00+05:30,337.3999938964844,337.3999938964844,336.8999938964844,336.8999938964844,5770
2025-04-24 10:55:00+05:30,337.3500061035156,337.3500061035156,337.0,337.20001220703125,4471
2025-04-24 10:56:00+05:30,337.20001220703125,337.3999938964844,337.0,337.3999938964844,4100
2025-04-24 10:57:00+05:30,337.04998779296875,337.3500061035156,337.04998779296875,337.20001220703125,2260
2025-04-24 10:58:00+05:30,337.6499938964844,337.6499938964844,337.0,337.20001220703125,7876
2025-04-24 10:59:00+05:30,338.5,338.5,337.5,337.5,26609
2025-04-24 11:00:00+05:30,339.0,339.25,338.29998779296875,338.29998779296875,25855
2025-04-24 11:01:00+05:30,338.79998779296875,339.25,338.6000061035156,339.20001220703125,10796
2025-04-24 11:02:00+05:30,339.29998779296875,339.3500061035156,339.0,339.0,10560
2025-04-24 11:03:00+05:30,339.6000061035156,339.6000061035156,339.0,339.0,9991
2025-04-24 11:04:00+05:30,340.45001220703125,340.5,339.6000061035156,339.95001220703125,38416
2025-04-24 11:05:00+05:30,342.0,342.29998779296875,340.45001220703125,340.79998779296875,41855
2025-04-24 11:06:00+05:30,343.04998779296875,343.8500061035156,342.04998779296875,342.1000061035156,34607
2025-04-24 11:07:00+05:30,342.8999938964844,343.0,341.70001220703125,342.75,40830
2025-04-24 11:08:00+05:30,344.0,344.6499938964844,342.5,342.95001220703125,29066
2025-04-24 11:09:00+05:30,343.5,344.0,343.0,343.8999938964844,21941
2025-04-24 11:10:00+05:30,343.70001220703125,343.79998779296875,343.0,343.70001220703125,17676
2025-04-24 11:11:00+05:30,343.5,343.70001220703125,343.04998779296875,343.5,7660
2025-04-24 11:12:00+05:30,345.1499938964844,345.5,343.5,343.6499938964844,41533
2025-04-24 11:13:00+05:30,345.5,345.5,344.95001220703125,345.1499938964844,27935
2025-04-24 11:14:00+05:30,345.5,346.5,345.1000061035156,345.5,52905
2025-04-24 11:15:00+05:30,347.70001220703125,347.70001220703125,344.5,345.1499938964844,78496
2025-04-24 11:16:00+05:30,348.6000061035156,349.70001220703125,347.3500061035156,347.70001220703125,104238
2025-04-24 11:17:00+05:30,349.25,349.70001220703125,348.3999938964844,348.95001220703125,68424
2025-04-24 11:18:00+05:30,347.25,349.0,347.25,348.79998779296875,63707
2025-04-24 11:19:00+05:30,345.79998779296875,347.79998779296875,345.45001220703125,347.75,78750
2025-04-24 11:20:00+05:30,344.1499938964844,345.79998779296875,343.54998779296875,345.79998779296875,77520
2025-04-24 11:21:00+05:30,344.3500061035156,344.5,343.8999938964844,344.1000061035156,22182
2025-04-24 11:22:00+05:30,343.04998779296875,344.04998779296875,342.1000061035156,344.04998779296875,70569
2025-04-24 11:23:00+05:30,344.0,344.95001220703125,342.6000061035156,343.1000061035156,57919
2025-04-24 11:24:00+05:30,344.54998779296875,344.54998779296875,343.3999938964844,344.0,20538
2025-04-24 11:25:00+05:30,346.29998779296875,346.75,344.3999938964844,344.6000061035156,62675
2025-04-24 11:26:00+05:30,348.29998779296875,348.5,346.1499938964844,346.54998779296875,91809
2025-04-24 11:27:00+05:30,347.3500061035156,348.25,347.0,348.25,47550
2025-04-24 11:28:00+05:30,345.6000061035156,347.04998779296875,345.6000061035156,347.04998779296875,23718
2025-04-24 11:29:00+05:30,345.0,346.04998779296875,345.0,346.0,19514
2025-04-24 11:30:00+05:30,345.3500061035156,345.45001220703125,344.6499938964844,345.29998779296875,20056
2025-04-24 11:31:00+05:30,344.70001220703125,345.70001220703125,344.70001220703125,345.20001220703125,26127
2025-04-24 11:32:00+05:30,344.6499938964844,344.75,344.1499938964844,344.6000061035156,15897
2025-04-24 11:33:00+05:30,345.3999938964844,345.3999938964844,344.3500061035156,344.54998779296875,12243
2025-04-24 11:34:00+05:30,343.70001220703125,345.75,343.5,345.1000061035156,23951
2025-04-24 11:35:00+05:30,344.54998779296875,344.8500061035156,343.5,343.5,30585
2025-04-24 11:36:00+05:30,343.6000061035156,344.8500061035156,343.25,344.8500061035156,16970
2025-04-24 11:37:00+05:30,347.04998779296875,347.04998779296875,343.25,343.6499938964844,26311
2025-04-24 11:38:00+05:30,346.20001220703125,347.5,346.1000061035156,346.70001220703125,22111
2025-04-24 11:39:00+05:30,345.6499938964844,346.25,345.25,346.1000061035156,25225
2025-04-24 11:40:00+05:30,348.25,348.5,345.45001220703125,345.6499938964844,33017
2025-04-24 11:41:00+05:30,352.8500061035156,353.04998779296875,348.25,348.29998779296875,230158
2025-04-24 11:42:00+05:30,353.8999938964844,353.95001220703125,352.0,352.8500061035156,114320
2025-04-24 11:43:00+05:30,355.3500061035156,355.5,353.70001220703125,353.70001220703125,155902
2025-04-24 11:44:00+05:30,355.3999938964844,356.0,354.70001220703125,355.29998779296875,125184
2025-04-24 11:45:00+05:30,356.3999938964844,357.04998779296875,355.0,355.3500061035156,113579
2025-04-24 11:46:00+05:30,361.3500061035156,361.3500061035156,356.8999938964844,356.8999938964844,338549
2025-04-24 11:47:00+05:30,362.20001220703125,363.75,361.3500061035156,361.6499938964844,300649
2025-04-24 11:48:00+05:30,360.20001220703125,362.45001220703125,359.6000061035156,361.8500061035156,166609
2025-04-24 11:49:00+05:30,359.5,360.79998779296875,359.1499938964844,360.5,86963
2025-04-24 11:50:00+05:30,360.6499938964844,362.25,359.5,359.75,113136
2025-04-24 11:51:00+05:30,359.29998779296875,361.0,359.29998779296875,360.8999938964844,59812
2025-04-24 11:52:00+05:30,362.6000061035156,362.8500061035156,359.3999938964844,359.3999938964844,121155
2025-04-24 11:53:00+05:30,360.0,364.0,359.5,362.6000061035156,201913
2025-04-24 11:54:00+05:30,359.04998779296875,360.25,358.3999938964844,359.75,116705
2025-04-24 11:55:00+05:30,358.29998779296875,359.3999938964844,358.29998779296875,358.95001220703125,64929
2025-04-24 11:56:00+05:30,358.70001220703125,359.95001220703125,357.95001220703125,357.95001220703125,61037
2025-04-24 11:57:00+05:30,358.1499938964844,359.6000061035156,357.95001220703125,358.70001220703125,91989
2025-04-24 11:58:00+05:30,359.8999938964844,360.0,358.1000061035156,358.1499938964844,34686
2025-04-24 11:59:00+05:30,361.6000061035156,362.1499938964844,359.3500061035156,359.8999938964844,83654
2025-04-24 12:00:00+05:30,360.79998779296875,362.0,360.6499938964844,362.0,67951
2025-04-24 12:01:00+05:30,359.3999938964844,360.95001220703125,359.20001220703125,360.95001220703125,48637
2025-04-24 12:02:00+05:30,358.95001220703125,359.5,358.79998779296875,359.04998779296875,31159
2025-04-24 12:03:00+05:30,359.45001220703125,359.5,358.6000061035156,359.0,26217
2025-04-24 12:04:00+05:30,360.54998779296875,360.54998779296875,358.6000061035156,359.29998779296875,34228
2025-04-24 12:05:00+05:30,359.70001220703125,361.0,359.1000061035156,360.75,32084
2025-04-24 12:06:00+05:30,362.75,362.75,359.70001220703125,359.70001220703125,90496
2025-04-24 12:07:00+05:30,362.75,363.0,362.29998779296875,362.95001220703125,72511
2025-04-24 12:08:00+05:30,365.8500061035156,366.29998779296875,362.79998779296875,362.79998779296875,263254
2025-04-24 12:09:00+05:30,364.29998779296875,366.0,364.1000061035156,366.0,113324
2025-04-24 12:10:00+05:30,366.8999938964844,367.54998779296875,363.0,364.3500061035156,235792
2025-04-24 12:11:00+05:30,366.0,367.0,365.3500061035156,367.0,138388
2025-04-24 12:12:00+05:30,367.54998779296875,368.0,365.8999938964844,366.29998779296875,168033
2025-04-24 12:13:00+05:30,367.3500061035156,368.04998779296875,366.8999938964844,367.45001220703125,114475
2025-04-24 12:14:00+05:30,368.20001220703125,368.3999938964844,366.29998779296875,367.3999938964844,149369
2025-04-24 12:15:00+05:30,368.3999938964844,369.0,367.29998779296875,368.45001220703125,185555
2025-04-24 12:16:00+05:30,368.25,369.8500061035156,367.79998779296875,368.45001220703125,333369
2025-04-24 12:17:00+05:30,369.8999938964844,370.0,367.70001220703125,368.25,132169
2025-04-24 12:18:00+05:30,371.79998779296875,371.8500061035156,369.79998779296875,369.79998779296875,201602
2025-04-24 12:19:00+05:30,371.6499938964844,372.8500061035156,371.54998779296875,371.70001220703125,256993
2025-04-24 12:20:00+05:30,373.8500061035156,374.3999938964844,371.04998779296875,371.8999938964844,257875
2025-04-24 12:21:00+05:30,373.3500061035156,374.3999938964844,372.29998779296875,373.70001220703125,198992
2025-04-24 12:22:00+05:30,372.29998779296875,373.5,372.29998779296875,373.29998779296875,99980
2025-04-24 12:23:00+05:30,371.20001220703125,372.75,370.3999938964844,372.75,205617
2025-04-24 12:24:00+05:30,371.20001220703125,372.29998779296875,371.1000061035156,371.45001220703125,80872
2025-04-24 12:25:00+05:30,371.95001220703125,372.3500061035156,371.0,371.0,93106
2025-04-24 12:26:00+05:30,372.1000061035156,372.70001220703125,370.6000061035156,371.1499938964844,151077
2025-04-24 12:27:00+05:30,369.5,372.95001220703125,369.1000061035156,372.29998779296875,234289
2025-04-24 12:28:00+05:30,370.29998779296875,370.8500061035156,369.5,369.5,79044
2025-04-24 12:29:00+05:30,369.5,370.5,369.04998779296875,370.29998779296875,98195
2025-04-24 12:30:00+05:30,369.8999938964844,371.3999938964844,369.45001220703125,369.79998779296875,98482
2025-04-24 12:31:00+05:30,369.95001220703125,370.70001220703125,369.54998779296875,369.6499938964844,49824
2025-04-24 12:32:00+05:30,369.45001220703125,370.5,368.79998779296875,369.70001220703125,114609
2025-04-24 12:33:00+05:30,370.25,370.5,369.3500061035156,369.45001220703125,67722
2025-04-24 12:34:00+05:30,370.54998779296875,370.8999938964844,369.6499938964844,370.20001220703125,66372
2025-04-24 12:35:00+05:30,372.20001220703125,372.8500061035156,370.6000061035156,370.79998779296875,151141
2025-04-24 12:36:00+05:30,372.5,372.75,372.20001220703125,372.5,86705
2025-04-24 12:37:00+05:30,373.29998779296875,373.3500061035156,372.29998779296875,372.70001220703125,200976
2025-04-24 12:38:00+05:30,369.29998779296875,372.45001220703125,369.20001220703125,372.29998779296875,251806
2025-04-24 12:39:00+05:30,370.5,370.5,369.20001220703125,369.3999938964844,97514
2025-04-24 12:40:00+05:30,370.79998779296875,371.25,370.3500061035156,370.3500061035156,65214
2025-04-24 12:41:00+05:30,370.3500061035156,371.0,370.3500061035156,371.0,52613
2025-04-24 12:42:00+05:30,370.45001220703125,370.79998779296875,370.04998779296875,370.79998779296875,60984
2025-04-24 12:43:00+05:30,372.6499938964844,373.0,370.45001220703125,370.45001220703125,175937
2025-04-24 12:44:00+05:30,372.20001220703125,372.70001220703125,371.29998779296875,372.5,124117
2025-04-24 12:45:00+05:30,371.6499938964844,372.5,371.5,372.29998779296875,65802
2025-04-24 12:46:00+05:30,371.45001220703125,372.6000061035156,371.3500061035156,371.75,83796
2025-04-24 12:47:00+05:30,370.79998779296875,371.6499938964844,369.70001220703125,371.45001220703125,178050
2025-04-24 12:48:00+05:30,371.20001220703125,371.5,370.79998779296875,370.79998779296875,53005
2025-04-24 12:49:00+05:30,371.6000061035156,372.20001220703125,370.54998779296875,371.29998779296875,103524
2025-04-24 12:50:00+05:30,371.5,371.95001220703125,371.29998779296875,371.95001220703125,39253
2025-04-24 12:51:00+05:30,371.6499938964844,371.8500061035156,371.0,371.5,57070
2025-04-24 12:52:00+05:30,371.8500061035156,373.25,371.3999938964844,371.6000061035156,181317
2025-04-24 12:53:00+05:30,370.54998779296875,372.54998779296875,370.20001220703125,372.29998779296875,129554
2025-04-24 12:54:00+05:30,369.5,370.70001220703125,369.45001220703125,370.54998779296875,210951
2025-04-24 12:55:00+05:30,370.54998779296875,370.79998779296875,369.1000061035156,369.54998779296875,146470
2025-04-24 12:56:00+05:30,367.79998779296875,370.6499938964844,367.5,370.6499938964844,222387
2025-04-24 12:57:00+05:30,368.6499938964844,369.0,367.5,367.54998779296875,123100
2025-04-24 12:58:00+05:30,370.54998779296875,370.6000061035156,368.1499938964844,368.5,143523
2025-04-24 12:59:00+05:30,370.25,370.6499938964844,369.5,370.45001220703125,89316
2025-04-24 13:00:00+05:30,371.25,371.6499938964844,370.25,370.5,156449
2025-04-24 13:01:00+05:30,371.79998779296875,372.04998779296875,371.0,371.5,159155
2025-04-24 13:02:00+05:30,371.20001220703125,371.8500061035156,370.8500061035156,371.75,69737
2025-04-24 13:03:00+05:30,370.95001220703125,371.20001220703125,370.6499938964844,371.1000061035156,53875
2025-04-24 13:04:00+05:30,370.25,371.3999938964844,370.25,371.20001220703125,44561
2025-04-24 13:05:00+05:30,371.29998779296875,371.45001220703125,370.1000061035156,370.3500061035156,84531
2025-04-24 13:06:00+05:30,371.3500061035156,371.79998779296875,371.0,371.1499938964844,80344
2025-04-24 13:07:00+05:30,370.25,371.5,370.25,371.5,46677
2025-04-24 13:08:00+05:30,369.6000061035156,370.3500061035156,369.1000061035156,370.29998779296875,99041
2025-04-24 13:09:00+05:30,370.0,370.29998779296875,369.6000061035156,369.79998779296875,39384
2025-04-24 13:10:00+05:30,369.5,370.0,369.20001220703125,369.95001220703125,36887
2025-04-24 13:11:00+05:30,369.75,370.8500061035156,369.25,369.5,72577
2025-04-24 13:12:00+05:30,370.25,370.5,369.5,369.5,48900
2025-04-24 13:13:00+05:30,371.04998779296875,371.04998779296875,370.20001220703125,370.20001220703125,68318
2025-04-24 13:14:00+05:30,371.1499938964844,371.3999938964844,370.5,371.25,48317
2025-04-24 13:15:00+05:30,369.79998779296875,371.20001220703125,369.54998779296875,371.20001220703125,59220
2025-04-24 13:16:00+05:30,369.75,370.0,369.5,369.54998779296875,31433
2025-04-24 13:17:00+05:30,367.3999938964844,370.0,367.3999938964844,370.0,173227
2025-04-24 13:18:00+05:30,368.6000061035156,368.79998779296875,367.04998779296875,367.5,109570
2025-04-24 13:19:00+05:30,368.1000061035156,369.29998779296875,368.1000061035156,368.54998779296875,59472
2025-04-24 13:20:00+05:30,368.54998779296875,368.6000061035156,368.0,368.3999938964844,47272
2025-04-24 13:21:00+05:30,364.70001220703125,368.54998779296875,364.25,368.3500061035156,366524
2025-04-24 13:22:00+05:30,364.3500061035156,365.45001220703125,363.3999938964844,364.70001220703125,238113
2025-04-24 13:23:00+05:30,364.6000061035156,365.0,364.29998779296875,364.29998779296875,101275
2025-04-24 13:24:00+05:30,366.3500061035156,366.45001220703125,364.6000061035156,364.6000061035156,131565
2025-04-24 13:25:00+05:30,366.04998779296875,366.6000061035156,365.5,366.29998779296875,64355
2025-04-24 13:26:00+05:30,364.75,365.95001220703125,364.54998779296875,365.95001220703125,78895
2025-04-24 13:27:00+05:30,364.54998779296875,365.1000061035156,363.45001220703125,364.95001220703125,146499
2025-04-24 13:28:00+05:30,365.29998779296875,365.75,364.75,364.79998779296875,72508
2025-04-24 13:29:00+05:30,364.25,365.45001220703125,364.25,365.20001220703125,38422
2025-04-24 13:30:00+05:30,362.70001220703125,364.3500061035156,362.45001220703125,364.3500061035156,159610
2025-04-24 13:31:00+05:30,362.95001220703125,363.3999938964844,362.5,362.75,80653
2025-04-24 13:32:00+05:30,360.75,363.1499938964844,360.5,362.95001220703125,199723
2025-04-24 13:33:00+05:30,361.25,361.8999938964844,360.54998779296875,360.95001220703125,123126
2025-04-24 13:34:00+05:30,362.5,363.25,361.04998779296875,361.25,96277
2025-04-24 13:35:00+05:30,363.54998779296875,363.79998779296875,362.0,362.5,83087
2025-04-24 13:36:00+05:30,363.20001220703125,363.54998779296875,362.54998779296875,363.54998779296875,80302
2025-04-24 13:37:00+05:30,363.0,364.45001220703125,362.70001220703125,363.1499938964844,89289
2025-04-24 13:38:00+05:30,362.8500061035156,363.1000061035156,362.5,362.8999938964844,44557
2025-04-24 13:39:00+05:30,362.0,362.8500061035156,361.79998779296875,362.79998779296875,88237
2025-04-24 13:40:00+05:30,361.79998779296875,362.29998779296875,361.29998779296875,362.29998779296875,49564
2025-04-24 13:41:00+05:30,362.1000061035156,362.25,361.6000061035156,361.8999938964844,31480
2025-04-24 13:42:00+05:30,362.6499938964844,363.0,362.1499938964844,362.29998779296875,102860
2025-04-24 13:43:00+05:30,361.1000061035156,362.8500061035156,359.75,362.6000061035156,261316
2025-04-24 13:44:00+05:30,361.20001220703125,361.5,360.6000061035156,360.95001220703125,48998
2025-04-24 13:45:00+05:30,361.45001220703125,361.79998779296875,361.0,361.0,40703
2025-04-24 13:46:00+05:30,363.5,363.5,361.75,361.79998779296875,127480
2025-04-24 13:47:00+05:30,362.54998779296875,364.0,362.04998779296875,363.5,91710
2025-04-24 13:48:00+05:30,362.0,362.5,361.75,362.5,33345
2025-04-24 13:49:00+05:30,361.6000061035156,362.29998779296875,361.1499938964844,362.0,45896
2025-04-24 13:50:00+05:30,362.1499938964844,362.1499938964844,361.1000061035156,361.6000061035156,42508
2025-04-24 13:51:00+05:30,361.6499938964844,362.20001220703125,361.6000061035156,362.1499938964844,22697
2025-04-24 13:52:00+05:30,362.1499938964844,362.54998779296875,361.70001220703125,361.70001220703125,39070
2025-04-24 13:53:00+05:30,360.1000061035156,362.25,360.0,362.25,140246
2025-04-24 13:54:00+05:30,358.95001220703125,360.1499938964844,358.20001220703125,360.04998779296875,257841
2025-04-24 13:55:00+05:30,358.29998779296875,359.1499938964844,358.0,359.1499938964844,140590
2025-04-24 13:56:00+05:30,357.0,358.5,356.75,358.5,216276
2025-04-24 13:57:00+05:30,358.04998779296875,358.6000061035156,356.45001220703125,356.45001220703125,186493
2025-04-24 13:58:00+05:30,357.54998779296875,358.29998779296875,356.8999938964844,358.29998779296875,117037
2025-04-24 13:59:00+05:30,357.8500061035156,358.0,357.3999938964844,357.6499938964844,59322
2025-04-24 14:00:00+05:30,357.8999938964844,358.6000061035156,357.8999938964844,357.8999938964844,100894
2025-04-24 14:01:00+05:30,356.8999938964844,357.79998779296875,356.5,357.79998779296875,109030
2025-04-24 14:02:00+05:30,356.70001220703125,357.20001220703125,356.6000061035156,356.79998779296875,35253
2025-04-24 14:03:00+05:30,355.8999938964844,357.6000061035156,355.5,356.8999938964844,143537
2025-04-24 14:04:00+05:30,356.1499938964844,356.45001220703125,355.45001220703125,355.54998779296875,76684
2025-04-24 14:05:00+05:30,354.1000061035156,356.1499938964844,354.1000061035156,356.1499938964844,178272
2025-04-24 14:06:00+05:30,353.3500061035156,355.0,353.29998779296875,354.45001220703125,190631
2025-04-24 14:07:00+05:30,355.6499938964844,355.8999938964844,353.20001220703125,353.20001220703125,147607
2025-04-24 14:08:00+05:30,354.8500061035156,355.70001220703125,354.29998779296875,355.6499938964844,62157
2025-04-24 14:09:00+05:30,355.0,355.29998779296875,354.70001220703125,354.79998779296875,41168
2025-04-24 14:10:00+05:30,353.6499938964844,355.1000061035156,353.54998779296875,355.0,63988
2025-04-24 14:11:00+05:30,354.0,354.5,353.5,353.8999938964844,56565
2025-04-24 14:12:00+05:30,354.79998779296875,354.79998779296875,354.0,354.1000061035156,41231
2025-04-24 14:13:00+05:30,353.6499938964844,355.0,353.29998779296875,354.8500061035156,86738
2025-04-24 14:14:00+05:30,353.1499938964844,353.3999938964844,353.0,353.3999938964844,70320
2025-04-24 14:15:00+05:30,351.6499938964844,353.3999938964844,350.8999938964844,353.3999938964844,211332
2025-04-24 14:16:00+05:30,352.29998779296875,352.6499938964844,351.6499938964844,351.75,89658
2025-04-24 14:17:00+05:30,352.1499938964844,352.29998779296875,351.29998779296875,352.29998779296875,85536
2025-04-24 14:18:00+05:30,351.95001220703125,352.25,351.6499938964844,352.1499938964844,39687
2025-04-24 14:19:00+05:30,354.3500061035156,354.75,351.6499938964844,351.95001220703125,198691
2025-04-24 14:20:00+05:30,356.79998779296875,357.75,353.95001220703125,354.8500061035156,267033
2025-04-24 14:21:00+05:30,358.1000061035156,359.25,356.8500061035156,357.1000061035156,354926
2025-04-24 14:22:00+05:30,358.04998779296875,359.0,357.45001220703125,358.20001220703125,174172
2025-04-24 14:23:00+05:30,356.8999938964844,358.3999938964844,356.20001220703125,358.20001220703125,179663
2025-04-24 14:24:00+05:30,355.70001220703125,356.95001220703125,355.29998779296875,356.6499938964844,139349
2025-04-24 14:25:00+05:30,355.79998779296875,356.0,355.3500061035156,355.5,57705
2025-04-24 14:26:00+05:30,358.45001220703125,358.79998779296875,355.5,355.70001220703125,238325
2025-04-24 14:27:00+05:30,359.0,359.0,357.45001220703125,358.3999938964844,126329
2025-04-24 14:28:00+05:30,358.6000061035156,359.3999938964844,357.6000061035156,358.6499938964844,144419
2025-04-24 14:29:00+05:30,362.04998779296875,362.04998779296875,358.45001220703125,359.0,298891
2025-04-24 14:30:00+05:30,361.75,362.5,361.3999938964844,362.04998779296875,254947
2025-04-24 14:31:00+05:30,361.5,361.75,360.6499938964844,361.5,141257
2025-04-24 14:32:00+05:30,359.04998779296875,361.5,359.04998779296875,361.3500061035156,180226
2025-04-24 14:33:00+05:30,358.5,359.45001220703125,358.5,359.0,104904
2025-04-24 14:34:00+05:30,359.1499938964844,359.1499938964844,358.0,358.6000061035156,107188
2025-04-24 14:35:00+05:30,358.75,360.5,358.54998779296875,359.1000061035156,138227
2025-04-24 14:36:00+05:30,357.6000061035156,358.8999938964844,356.3999938964844,358.8999938964844,233051
2025-04-24 14:37:00+05:30,357.0,357.75,356.75,357.5,63432
2025-04-24 14:38:00+05:30,358.3999938964844,358.3999938964844,356.29998779296875,357.0,145988
2025-04-24 14:39:00+05:30,356.75,358.5,356.45001220703125,358.5,53742
2025-04-24 14:40:00+05:30,356.45001220703125,356.6499938964844,355.20001220703125,356.54998779296875,141623
2025-04-24 14:41:00+05:30,356.1000061035156,356.70001220703125,356.0,356.6499938964844,48256
2025-04-24 14:42:00+05:30,356.75,357.3999938964844,356.0,356.20001220703125,124814
2025-04-24 14:43:00+05:30,355.70001220703125,356.79998779296875,355.54998779296875,356.75,45068
2025-04-24 14:44:00+05:30,355.8999938964844,356.20001220703125,355.45001220703125,355.5,42685
2025-04-24 14:45:00+05:30,356.45001220703125,356.54998779296875,355.8500061035156,355.8999938964844,37173
2025-04-24 14:46:00+05:30,357.54998779296875,358.1499938964844,356.20001220703125,356.25,170364
2025-04-24 14:47:00+05:30,356.95001220703125,358.25,356.1000061035156,357.95001220703125,94185
2025-04-24 14:48:00+05:30,356.8500061035156,357.3999938964844,356.54998779296875,356.8999938964844,29326
2025-04-24 14:49:00+05:30,358.0,358.25,356.6000061035156,356.8500061035156,70034
2025-04-24 14:50:00+05:30,357.3999938964844,358.0,357.1499938964844,357.8999938964844,24726
2025-04-24 14:51:00+05:30,357.54998779296875,357.8999938964844,357.20001220703125,357.25,43075
2025-04-24 14:52:00+05:30,357.79998779296875,358.0,357.29998779296875,357.54998779296875,49805
2025-04-24 14:53:00+05:30,353.70001220703125,358.0,353.70001220703125,357.79998779296875,236127
2025-04-24 14:54:00+05:30,355.20001220703125,355.45001220703125,353.5,353.75,146803
2025-04-24 14:55:00+05:30,354.8500061035156,356.1499938964844,354.1000061035156,355.20001220703125,109139
2025-04-24 14:56:00+05:30,355.5,355.75,354.79998779296875,354.95001220703125,30096
2025-04-24 14:57:00+05:30,355.54998779296875,355.8500061035156,355.0,355.45001220703125,30530
2025-04-24 14:58:00+05:30,356.70001220703125,356.70001220703125,355.79998779296875,355.95001220703125,67118
2025-04-24 14:59:00+05:30,356.79998779296875,357.25,356.3500061035156,356.3999938964844,103030
2025-04-24 15:00:00+05:30,357.0,357.0,355.20001220703125,356.79998779296875,112247
2025-04-24 15:01:00+05:30,356.79998779296875,357.0,356.04998779296875,356.8500061035156,35132
2025-04-24 15:02:00+05:30,356.0,356.8999938964844,355.8500061035156,356.8999938964844,64232
2025-04-24 15:03:00+05:30,357.1499938964844,357.1499938964844,355.5,356.04998779296875,98011
2025-04-24 15:04:00+05:30,359.1499938964844,360.0,356.45001220703125,356.8999938964844,288543
2025-04-24 15:05:00+05:30,357.8999938964844,359.54998779296875,357.1000061035156,359.54998779296875,143282
2025-04-24 15:06:00+05:30,357.70001220703125,358.0,357.54998779296875,357.6499938964844,39607
2025-04-24 15:07:00+05:30,357.6499938964844,358.29998779296875,357.54998779296875,357.54998779296875,53192
2025-04-24 15:08:00+05:30,356.5,357.79998779296875,355.1000061035156,357.79998779296875,166300
2025-04-24 15:09:00+05:30,356.1000061035156,356.6499938964844,355.6499938964844,356.1499938964844,58032
2025-04-24 15:10:00+05:30,356.0,356.3999938964844,355.0,356.3999938964844,129658
2025-04-24 15:11:00+05:30,355.45001220703125,356.0,355.1000061035156,356.0,53141
2025-04-24 15:12:00+05:30,356.8999938964844,357.1000061035156,355.1499938964844,355.1499938964844,117106
2025-04-24 15:13:00+05:30,356.75,357.0,356.3999938964844,356.95001220703125,51811
2025-04-24 15:14:00+05:30,356.8999938964844,357.75,356.1000061035156,356.6499938964844,79729
2025-04-24 15:15:00+05:30,356.3500061035156,357.20001220703125,356.1000061035156,356.6499938964844,105283
2025-04-24 15:16:00+05:30,356.70001220703125,356.95001220703125,356.29998779296875,356.3999938964844,51843
2025-04-24 15:17:00+05:30,356.29998779296875,356.8999938964844,356.29998779296875,356.29998779296875,58275
2025-04-24 15:18:00+05:30,356.75,357.45001220703125,356.20001220703125,356.3999938964844,225548
2025-04-24 15:19:00+05:30,355.3500061035156,357.0,355.3500061035156,356.79998779296875,174277
2025-04-24 15:20:00+05:30,354.95001220703125,356.3999938964844,354.6000061035156,355.6000061035156,145154
2025-04-24 15:21:00+05:30,355.79998779296875,355.95001220703125,354.6000061035156,354.8999938964844,13223
2025-04-24 15:22:00+05:30,356.0,356.6000061035156,355.75,355.79998779296875,19885
2025-04-24 15:23:00+05:30,355.95001220703125,356.3500061035156,355.54998779296875,356.0,6404
2025-04-24 15:24:00+05:30,349.95001220703125,355.95001220703125,346.79998779296875,355.95001220703125,451260
2025-04-24 15:25:00+05:30,351.3999938964844,351.75,349.79998779296875,349.95001220703125,33565
2025-04-24 15:26:00+05:30,351.3999938964844,351.8500061035156,351.1000061035156,351.5,20257
2025-04-24 15:27:00+05:30,351.6499938964844,352.0,351.29998779296875,351.8500061035156,20271
2025-04-24 15:28:00+05:30,351.0,351.29998779296875,350.20001220703125,351.29998779296875,31775
2025-04-24 15:29:00+05:30,352.0,352.0,350.8999938964844,351.29998779296875,33622
2025-04-25 09:15:00+05:30,354.20001220703125,360.75,354.20001220703125,357.6000061035156,0
2025-04-25 09:16:00+05:30,352.1000061035156,354.5,349.8500061035156,354.5,144415
2025-04-25 09:17:00+05:30,351.6000061035156,352.25,349.0,352.25,110201
2025-04-25 09:18:00+05:30,349.5,351.20001220703125,349.5,351.20001220703125,48141
2025-04-25 09:19:00+05:30,348.25,350.1000061035156,348.25,350.1000061035156,80702
2025-04-25 09:20:00+05:30,346.25,348.5,346.25,348.29998779296875,74321
2025-04-25 09:21:00+05:30,348.45001220703125,348.75,346.3500061035156,346.6499938964844,53203
2025-04-25 09:22:00+05:30,348.54998779296875,348.75,347.8999938964844,348.5,37377
2025-04-25 09:23:00+05:30,350.1499938964844,350.1499938964844,348.04998779296875,348.3999938964844,56353
2025-04-25 09:24:00+05:30,349.54998779296875,350.0,348.1000061035156,350.0,66299
2025-04-25 09:25:00+05:30,349.29998779296875,350.29998779296875,348.6000061035156,349.6499938964844,74093
2025-04-25 09:26:00+05:30,348.75,349.29998779296875,348.3999938964844,349.1499938964844,49293
2025-04-25 09:27:00+05:30,347.75,348.3999938964844,347.45001220703125,348.3999938964844,41073
2025-04-25 09:28:00+05:30,347.3999938964844,348.20001220703125,347.3999938964844,347.8500061035156,25300
2025-04-25 09:29:00+05:30,347.6000061035156,348.20001220703125,347.45001220703125,347.45001220703125,53941
2025-04-25 09:30:00+05:30,347.3999938964844,347.3999938964844,347.1000061035156,347.3500061035156,19990
2025-04-25 09:31:00+05:30,345.79998779296875,347.6000061035156,345.79998779296875,347.6000061035156,40665
2025-04-25 09:32:00+05:30,346.8999938964844,346.8999938964844,345.1000061035156,345.79998779296875,49319
2025-04-25 09:33:00+05:30,346.3999938964844,347.0,346.0,346.79998779296875,52143
2025-04-25 09:34:00+05:30,344.70001220703125,346.45001220703125,344.5,346.45001220703125,31957
2025-04-25 09:35:00+05:30,344.8500061035156,344.8999938964844,344.25,344.75,32720
2025-04-25 09:36:00+05:30,344.8500061035156,345.04998779296875,344.54998779296875,344.54998779296875,18384
2025-04-25 09:37:00+05:30,343.45001220703125,344.6499938964844,343.3500061035156,344.6499938964844,58359
2025-04-25 09:38:00+05:30,343.25,343.6000061035156,343.0,343.3500061035156,34240
2025-04-25 09:39:00+05:30,342.3999938964844,343.5,342.3999938964844,343.25,30473
2025-04-25 09:40:00+05:30,342.3999938964844,342.3999938964844,342.0,342.29998779296875,33205
2025-04-25 09:41:00+05:30,342.20001220703125,343.25,342.20001220703125,343.0,19548
2025-04-25 09:42:00+05:30,343.75,343.8500061035156,342.1499938964844,342.3500061035156,39659
2025-04-25 09:43:00+05:30,342.79998779296875,344.6000061035156,342.70001220703125,343.8500061035156,22193
2025-04-25 09:44:00+05:30,342.6000061035156,343.0,342.5,342.6000061035156,13866
2025-04-25 09:45:00+05:30,343.8500061035156,343.8500061035156,342.70001220703125,342.75,18108
2025-04-25 09:46:00+05:30,344.8500061035156,345.25,343.8999938964844,344.20001220703125,38164
2025-04-25 09:47:00+05:30,343.8999938964844,345.0,343.6000061035156,344.95001220703125,25474
2025-04-25 09:48:00+05:30,343.6000061035156,343.8500061035156,343.0,343.8500061035156,10831
2025-04-25 09:49:00+05:30,342.70001220703125,343.6000061035156,342.70001220703125,343.6000061035156,20018
2025-04-25 09:50:00+05:30,342.0,343.0,341.3500061035156,343.0,37210
2025-04-25 09:51:00+05:30,342.70001220703125,342.70001220703125,341.5,341.75,26962
2025-04-25 09:52:00+05:30,343.1000061035156,343.6499938964844,342.70001220703125,342.70001220703125,12264
2025-04-25 09:53:00+05:30,342.70001220703125,343.0,342.54998779296875,343.0,11457
2025-04-25 09:54:00+05:30,342.70001220703125,343.20001220703125,342.70001220703125,342.70001220703125,2681
2025-04-25 09:55:00+05:30,341.3999938964844,342.5,341.3999938964844,342.5,17987
2025-04-25 09:56:00+05:30,341.70001220703125,342.04998779296875,341.45001220703125,341.45001220703125,10170
2025-04-25 09:57:00+05:30,341.0,341.3999938964844,339.95001220703125,341.3999938964844,75570
2025-04-25 09:58:00+05:30,340.3999938964844,341.04998779296875,340.29998779296875,340.75,8523
2025-04-25 09:59:00+05:30,341.25,341.29998779296875,340.54998779296875,340.6000061035156,17542
2025-04-25 10:00:00+05:30,339.1000061035156,341.20001220703125,339.1000061035156,341.20001220703125,29180
2025-04-25 10:01:00+05:30,339.04998779296875,339.1000061035156,338.6000061035156,338.8500061035156,95056
2025-04-25 10:02:00+05:30,338.45001220703125,339.25,337.70001220703125,339.25,20124
2025-04-25 10:03:00+05:30,337.29998779296875,338.20001220703125,336.8999938964844,337.70001220703125,87743
2025-04-25 10:04:00+05:30,336.54998779296875,337.8500061035156,336.54998779296875,336.79998779296875,36934
2025-04-25 10:05:00+05:30,336.95001220703125,336.95001220703125,336.1000061035156,336.25,21892
2025-04-25 10:06:00+05:30,338.1000061035156,338.1000061035156,336.6000061035156,336.6000061035156,31979
2025-04-25 10:07:00+05:30,340.70001220703125,340.70001220703125,338.25,338.25,127927
2025-04-25 10:08:00+05:30,339.3500061035156,341.1000061035156,338.79998779296875,340.54998779296875,71078
2025-04-25 10:09:00+05:30,339.25,339.3500061035156,338.3500061035156,339.3500061035156,14943
2025-04-25 10:10:00+05:30,340.8500061035156,340.8500061035156,338.8999938964844,338.8999938964844,11629
2025-04-25 10:11:00+05:30,340.8999938964844,341.3500061035156,340.79998779296875,340.79998779296875,33381
2025-04-25 10:12:00+05:30,339.5,340.29998779296875,339.5,340.04998779296875,22760
2025-04-25 10:13:00+05:30,340.8500061035156,340.8500061035156,339.79998779296875,339.79998779296875,14892
2025-04-25 10:14:00+05:30,340.20001220703125,340.5,340.0,340.5,36082
2025-04-25 10:15:00+05:30,340.79998779296875,341.20001220703125,340.25,340.25,13932
2025-04-25 10:16:00+05:30,340.3500061035156,340.79998779296875,340.0,340.79998779296875,17235
2025-04-25 10:17:00+05:30,340.8500061035156,341.3500061035156,340.8500061035156,340.8500061035156,15413
2025-04-25 10:18:00+05:30,340.25,341.0,340.25,340.54998779296875,8003
2025-04-25 10:19:00+05:30,341.0,341.0,339.54998779296875,339.8500061035156,20195
2025-04-25 10:20:00+05:30,339.0,340.79998779296875,338.3500061035156,340.5,22817
2025-04-25 10:21:00+05:30,338.75,339.45001220703125,338.75,338.79998779296875,16330
2025-04-25 10:22:00+05:30,338.70001220703125,338.95001220703125,338.20001220703125,338.54998779296875,8190
2025-04-25 10:23:00+05:30,339.45001220703125,339.54998779296875,338.5,338.70001220703125,8612
2025-04-25 10:24:00+05:30,338.75,339.1499938964844,338.0,339.1499938964844,18544
2025-04-25 10:25:00+05:30,338.25,338.95001220703125,338.25,338.70001220703125,8065
2025-04-25 10:26:00+05:30,338.25,338.95001220703125,338.25,338.8999938964844,8279
2025-04-25 10:27:00+05:30,337.5,338.20001220703125,337.0,338.20001220703125,23440
2025-04-25 10:28:00+05:30,337.5,337.8999938964844,337.25,337.45001220703125,6958
2025-04-25 10:29:00+05:30,336.45001220703125,337.25,336.45001220703125,337.25,25305
2025-04-25 10:30:00+05:30,337.20001220703125,337.45001220703125,336.8500061035156,336.8500061035156,10212
2025-04-25 10:31:00+05:30,337.70001220703125,337.70001220703125,336.6000061035156,337.29998779296875,21796
2025-04-25 10:32:00+05:30,338.1000061035156,338.20001220703125,337.75,337.75,14358
2025-04-25 10:33:00+05:30,337.6499938964844,338.1000061035156,337.6499938964844,338.1000061035156,3538
2025-04-25 10:34:00+05:30,337.95001220703125,338.0,337.75,337.79998779296875,15482
2025-04-25 10:35:00+05:30,338.04998779296875,338.04998779296875,337.79998779296875,337.79998779296875,37573
2025-04-25 10:36:00+05:30,337.8999938964844,338.1499938964844,337.79998779296875,338.1499938964844,7599
2025-04-25 10:37:00+05:30,338.79998779296875,339.0,337.75,337.79998779296875,9197
2025-04-25 10:38:00+05:30,338.29998779296875,338.8500061035156,337.8999938964844,338.8500061035156,9581
2025-04-25 10:39:00+05:30,337.6000061035156,338.45001220703125,337.5,338.45001220703125,10001
2025-04-25 10:40:00+05:30,337.5,337.75,337.25,337.3500061035156,7467
2025-04-25 10:41:00+05:30,338.25,338.25,337.54998779296875,337.6000061035156,5184
2025-04-25 10:42:00+05:30,338.54998779296875,339.25,338.3500061035156,338.3500061035156,7717
2025-04-25 10:43:00+05:30,338.1000061035156,339.0,338.1000061035156,339.0,13280
2025-04-25 10:44:00+05:30,338.79998779296875,338.79998779296875,337.95001220703125,337.95001220703125,9065
2025-04-25 10:45:00+05:30,338.29998779296875,338.45001220703125,338.1499938964844,338.3500061035156,2234
2025-04-25 10:46:00+05:30,338.0,338.3500061035156,337.8500061035156,338.0,3291
2025-04-25 10:47:00+05:30,338.5,338.5,338.0,338.1000061035156,6517
2025-04-25 10:48:00+05:30,339.20001220703125,339.20001220703125,338.1499938964844,338.25,6429
2025-04-25 10:49:00+05:30,339.6499938964844,339.79998779296875,339.3500061035156,339.3500061035156,11568
2025-04-25 10:50:00+05:30,339.04998779296875,339.54998779296875,338.54998779296875,339.5,7660
2025-04-25 10:51:00+05:30,339.1000061035156,339.29998779296875,338.8500061035156,338.8500061035156,6105
2025-04-25 10:52:00+05:30,339.25,339.25,338.5,338.8500061035156,4800
2025-04-25 10:53:00+05:30,338.8999938964844,339.29998779296875,338.8999938964844,339.29998779296875,1535
2025-04-25 10:54:00+05:30,338.54998779296875,339.1499938964844,338.29998779296875,338.8999938964844,1672
2025-04-25 10:55:00+05:30,338.6499938964844,338.95001220703125,338.25,338.6499938964844,10069
2025-04-25 10:56:00+05:30,338.45001220703125,338.6499938964844,338.29998779296875,338.29998779296875,1561
2025-04-25 10:57:00+05:30,338.1000061035156,338.6000061035156,338.04998779296875,338.6000061035156,4090
2025-04-25 10:58:00+05:30,338.29998779296875,338.3500061035156,338.1000061035156,338.1000061035156,5837
2025-04-25 10:59:00+05:30,338.54998779296875,338.75,338.29998779296875,338.3999938964844,2520
2025-04-25 11:00:00+05:30,338.1000061035156,338.29998779296875,337.8500061035156,338.29998779296875,20036
2025-04-25 11:01:00+05:30,338.0,338.1000061035156,337.95001220703125,338.1000061035156,8918
2025-04-25 11:02:00+05:30,337.54998779296875,337.8500061035156,337.54998779296875,337.54998779296875,8570
2025-04-25 11:03:00+05:30,337.1000061035156,337.3999938964844,336.95001220703125,337.3999938964844,14252
2025-04-25 11:04:00+05:30,337.45001220703125,337.75,337.1000061035156,337.1000061035156,10328
2025-04-25 11:05:00+05:30,337.5,337.70001220703125,337.3500061035156,337.5,3076
2025-04-25 11:06:00+05:30,338.45001220703125,338.6499938964844,337.75,337.75,4528
2025-04-25 11:07:00+05:30,338.5,338.54998779296875,338.25,338.5,3115
2025-04-25 11:08:00+05:30,339.29998779296875,339.29998779296875,338.45001220703125,338.5,6336
2025-04-25 11:09:00+05:30,339.45001220703125,339.45001220703125,339.04998779296875,339.04998779296875,8146
2025-04-25 11:10:00+05:30,339.6000061035156,339.6000061035156,339.20001220703125,339.6000061035156,8308
2025-04-25 11:11:00+05:30,339.6000061035156,339.8999938964844,339.29998779296875,339.6000061035156,5704
2025-04-25 11:12:00+05:30,339.25,339.6000061035156,339.25,339.29998779296875,1949
2025-04-25 11:13:00+05:30,339.75,339.75,339.29998779296875,339.29998779296875,7239
2025-04-25 11:14:00+05:30,339.45001220703125,339.8999938964844,339.45001220703125,339.8500061035156,10363
2025-04-25 11:15:00+05:30,339.25,339.75,339.25,339.6000061035156,3199
2025-04-25 11:16:00+05:30,339.45001220703125,339.5,338.8999938964844,339.5,9514
2025-04-25 11:17:00+05:30,339.3500061035156,339.6499938964844,339.25,339.3999938964844,4145
2025-04-25 11:18:00+05:30,338.3500061035156,339.3999938964844,338.3500061035156,339.3500061035156,3431
2025-04-25 11:19:00+05:30,337.6000061035156,338.70001220703125,337.6000061035156,338.70001220703125,14754
2025-04-25 11:20:00+05:30,337.45001220703125,337.8999938964844,337.1499938964844,337.8500061035156,11041
2025-04-25 11:21:00+05:30,336.8999938964844,337.6000061035156,336.6499938964844,337.6000061035156,10129
2025-04-25 11:22:00+05:30,337.0,337.0,336.6000061035156,336.75,11954
2025-04-25 11:23:00+05:30,336.8500061035156,337.0,336.75,337.0,2537
2025-04-25 11:24:00+05:30,337.54998779296875,337.70001220703125,336.8500061035156,336.8500061035156,9256
2025-04-25 11:25:00+05:30,337.54998779296875,337.8500061035156,337.5,337.5,2712
2025-04-25 11:26:00+05:30,337.3999938964844,337.75,337.25,337.75,4005
2025-04-25 11:27:00+05:30,337.6499938964844,337.75,337.25,337.6000061035156,1449
2025-04-25 11:28:00+05:30,337.54998779296875,337.6499938964844,337.5,337.5,272
2025-04-25 11:29:00+05:30,337.95001220703125,338.1499938964844,337.70001220703125,337.70001220703125,6005
2025-04-25 11:30:00+05:30,338.3999938964844,338.3999938964844,337.95001220703125,337.95001220703125,1279
2025-04-25 11:31:00+05:30,338.20001220703125,338.5,338.04998779296875,338.3999938964844,4172
2025-04-25 11:32:00+05:30,337.6499938964844,338.20001220703125,337.6499938964844,338.20001220703125,1817
2025-04-25 11:33:00+05:30,337.3999938964844,337.6499938964844,337.29998779296875,337.6499938964844,9539
2025-04-25 11:34:00+05:30,337.29998779296875,337.5,337.25,337.5,3465
2025-04-25 11:35:00+05:30,337.25,337.29998779296875,337.04998779296875,337.29998779296875,822
2025-04-25 11:36:00+05:30,337.29998779296875,337.29998779296875,337.04998779296875,337.25,12184
2025-04-25 11:37:00+05:30,337.70001220703125,337.79998779296875,337.45001220703125,337.45001220703125,1118
2025-04-25 11:38:00+05:30,338.20001220703125,338.3500061035156,337.6499938964844,337.79998779296875,1812
2025-04-25 11:39:00+05:30,338.0,338.29998779296875,338.0,338.0,553
2025-04-25 11:40:00+05:30,338.1499938964844,338.29998779296875,338.0,338.20001220703125,2940
2025-04-25 11:41:00+05:30,338.04998779296875,338.29998779296875,338.04998779296875,338.25,1977
2025-04-25 11:42:00+05:30,338.0,338.3500061035156,338.0,338.29998779296875,7434
2025-04-25 11:43:00+05:30,338.0,338.0,337.8500061035156,338.0,772
2025-04-25 11:44:00+05:30,337.54998779296875,337.8999938964844,337.5,337.8999938964844,2902
2025-04-25 11:45:00+05:30,337.6499938964844,337.6499938964844,337.3999938964844,337.3999938964844,587
2025-04-25 11:46:00+05:30,338.0,338.0,337.45001220703125,337.45001220703125,1218
2025-04-25 11:47:00+05:30,337.20001220703125,338.0,337.20001220703125,337.75,2409
2025-04-25 11:48:00+05:30,337.1499938964844,337.25,336.70001220703125,337.1499938964844,6527
2025-04-25 11:49:00+05:30,336.95001220703125,337.1499938964844,336.79998779296875,337.1499938964844,1778
2025-04-25 11:50:00+05:30,336.5,337.0,336.5,336.70001220703125,5272
2025-04-25 11:51:00+05:30,336.75,336.75,336.5,336.5,3367
2025-04-25 11:52:00+05:30,336.8500061035156,337.0,336.79998779296875,337.0,1738
2025-04-25 11:53:00+05:30,336.8500061035156,336.95001220703125,336.70001220703125,336.95001220703125,1313
2025-04-25 11:54:00+05:30,337.6000061035156,337.6000061035156,336.8500061035156,336.8500061035156,12606
2025-04-25 11:55:00+05:30,337.3500061035156,337.54998779296875,337.3500061035156,337.45001220703125,585
2025-04-25 11:56:00+05:30,337.1000061035156,337.8500061035156,337.1000061035156,337.5,1763
2025-04-25 11:57:00+05:30,337.1499938964844,337.1499938964844,336.8999938964844,337.04998779296875,7535
2025-04-25 11:58:00+05:30,337.3500061035156,337.3500061035156,337.0,337.1000061035156,1855
2025-04-25 11:59:00+05:30,337.0,337.29998779296875,337.0,337.29998779296875,1183
2025-04-25 12:00:00+05:30,336.8999938964844,337.20001220703125,336.8999938964844,337.1000061035156,2881
2025-04-25 12:01:00+05:30,337.0,337.3500061035156,336.8999938964844,336.8999938964844,2145
2025-04-25 12:02:00+05:30,337.6499938964844,337.6499938964844,337.0,337.0,1156
2025-04-25 12:03:00+05:30,338.0,338.0,337.3500061035156,337.6000061035156,1863
2025-04-25 12:04:00+05:30,338.04998779296875,338.20001220703125,337.75,338.0,5923
2025-04-25 12:05:00+05:30,338.20001220703125,338.29998779296875,338.1499938964844,338.1499938964844,3411
2025-04-25 12:06:00+05:30,338.3500061035156,338.6499938964844,338.0,338.1000061035156,4043
2025-04-25 12:07:00+05:30,338.6000061035156,338.6499938964844,338.29998779296875,338.5,3629
2025-04-25 12:08:00+05:30,338.20001220703125,338.6000061035156,338.20001220703125,338.3500061035156,1366
2025-04-25 12:09:00+05:30,339.1499938964844,339.1499938964844,338.45001220703125,338.45001220703125,2898
2025-04-25 12:10:00+05:30,339.29998779296875,339.29998779296875,339.0,339.0,5857
2025-04-25 12:11:00+05:30,339.6499938964844,339.8999938964844,339.3999938964844,339.3999938964844,17885
2025-04-25 12:12:00+05:30,340.29998779296875,340.29998779296875,339.8999938964844,339.8999938964844,9686
2025-04-25 12:13:00+05:30,340.79998779296875,340.79998779296875,340.1499938964844,340.29998779296875,8818
2025-04-25 12:14:00+05:30,340.04998779296875,340.79998779296875,339.8500061035156,340.79998779296875,12346
2025-04-25 12:15:00+05:30,340.6499938964844,340.8999938964844,340.29998779296875,340.29998779296875,7332
2025-04-25 12:16:00+05:30,340.04998779296875,340.6000061035156,340.0,340.6000061035156,6914
2025-04-25 12:17:00+05:30,340.70001220703125,340.75,340.25,340.29998779296875,4551
2025-04-25 12:18:00+05:30,341.0,341.0,340.6000061035156,340.70001220703125,22538
2025-04-25 12:19:00+05:30,340.29998779296875,341.3500061035156,340.25,340.95001220703125,9902
2025-04-25 12:20:00+05:30,340.29998779296875,340.45001220703125,339.75,340.29998779296875,7640
2025-04-25 12:21:00+05:30,340.70001220703125,340.95001220703125,340.04998779296875,340.04998779296875,7671
2025-04-25 12:22:00+05:30,340.54998779296875,340.54998779296875,340.29998779296875,340.45001220703125,968
2025-04-25 12:23:00+05:30,340.1000061035156,340.6000061035156,340.1000061035156,340.54998779296875,2126
2025-04-25 12:24:00+05:30,340.5,340.54998779296875,340.1000061035156,340.1000061035156,14748
2025-04-25 12:25:00+05:30,340.1499938964844,340.25,339.8500061035156,340.25,3623
2025-04-25 12:26:00+05:30,340.29998779296875,340.3999938964844,339.8500061035156,339.8999938964844,4169
2025-04-25 12:27:00+05:30,340.20001220703125,340.29998779296875,340.1000061035156,340.1499938964844,3862
2025-04-25 12:28:00+05:30,340.3999938964844,340.6499938964844,340.0,340.04998779296875,7103
2025-04-25 12:29:00+05:30,340.0,340.5,339.8999938964844,340.5,3748
2025-04-25 12:30:00+05:30,340.3500061035156,340.3500061035156,340.1499938964844,340.3500061035156,2155
2025-04-25 12:31:00+05:30,340.54998779296875,340.79998779296875,340.3999938964844,340.3999938964844,9377
2025-04-25 12:32:00+05:30,340.95001220703125,341.0,340.6499938964844,340.6499938964844,9724
2025-04-25 12:33:00+05:30,341.04998779296875,341.20001220703125,340.95001220703125,341.0,4293
2025-04-25 12:34:00+05:30,341.0,341.1499938964844,340.8999938964844,341.04998779296875,2548
2025-04-25 12:35:00+05:30,340.8999938964844,341.1499938964844,340.6499938964844,341.1000061035156,9874
2025-04-25 12:36:00+05:30,343.8999938964844,344.04998779296875,342.75,343.29998779296875,83416
2025-04-25 12:37:00+05:30,345.95001220703125,346.3999938964844,343.75,343.75,95360
2025-04-25 12:38:00+05:30,345.04998779296875,346.8999938964844,345.0,346.25,55868
2025-04-25 12:39:00+05:30,345.20001220703125,345.3999938964844,344.8500061035156,345.0,16764
2025-04-25 12:40:00+05:30,345.0,345.3999938964844,344.8999938964844,345.1499938964844,12032
2025-04-25 12:41:00+05:30,343.8999938964844,345.04998779296875,343.8500061035156,345.0,10115
2025-04-25 12:42:00+05:30,343.95001220703125,344.29998779296875,343.70001220703125,343.8500061035156,12014
2025-04-25 12:43:00+05:30,343.0,343.70001220703125,343.0,343.70001220703125,10761
2025-04-25 12:44:00+05:30,343.6499938964844,343.95001220703125,343.0,343.20001220703125,11198
2025-04-25 12:45:00+05:30,344.3999938964844,344.45001220703125,343.79998779296875,343.79998779296875,17748
2025-04-25 12:46:00+05:30,344.3500061035156,344.70001220703125,344.1000061035156,344.45001220703125,5223
2025-04-25 12:47:00+05:30,344.29998779296875,344.5,344.29998779296875,344.29998779296875,14511
2025-04-25 12:48:00+05:30,344.79998779296875,344.8500061035156,344.6000061035156,344.8500061035156,13851
2025-04-25 12:49:00+05:30,345.3500061035156,345.3500061035156,344.8500061035156,344.8500061035156,9724
2025-04-25 12:50:00+05:30,344.45001220703125,344.70001220703125,344.45001220703125,344.6499938964844,13247
2025-04-25 12:51:00+05:30,345.3999938964844,345.95001220703125,344.29998779296875,344.54998779296875,26022
2025-04-25 12:52:00+05:30,345.20001220703125,345.8500061035156,345.04998779296875,345.54998779296875,10368
2025-04-25 12:53:00+05:30,345.6499938964844,345.6499938964844,345.04998779296875,345.04998779296875,2652
2025-04-25 12:54:00+05:30,345.79998779296875,345.79998779296875,345.25,345.79998779296875,7491
2025-04-25 12:55:00+05:30,344.5,345.75,344.5,345.6000061035156,12749
2025-04-25 12:56:00+05:30,345.25,345.5,344.5,344.5,6881
2025-04-25 12:57:00+05:30,345.79998779296875,345.79998779296875,345.25,345.25,3212
2025-04-25 12:58:00+05:30,345.79998779296875,346.04998779296875,345.5,345.6000061035156,9081
2025-04-25 12:59:00+05:30,345.45001220703125,346.1499938964844,345.45001220703125,346.1499938964844,11969
2025-04-25 13:00:00+05:30,345.1000061035156,345.3999938964844,345.0,345.3999938964844,8523
2025-04-25 13:01:00+05:30,344.75,345.6499938964844,344.75,345.1000061035156,8423
2025-04-25 13:02:00+05:30,344.20001220703125,345.0,344.1499938964844,345.0,8206
2025-04-25 13:03:00+05:30,343.29998779296875,344.1499938964844,343.29998779296875,344.1499938964844,21353
2025-04-25 13:04:00+05:30,344.0,344.0,343.3999938964844,343.6000061035156,15693
2025-04-25 13:05:00+05:30,344.25,344.25,343.79998779296875,343.79998779296875,1583
2025-04-25 13:06:00+05:30,344.79998779296875,345.1499938964844,344.3500061035156,344.3500061035156,10940
2025-04-25 13:07:00+05:30,344.8500061035156,345.0,344.54998779296875,345.0,5075
2025-04-25 13:08:00+05:30,344.1499938964844,344.79998779296875,344.1499938964844,344.79998779296875,1628
2025-04-25 13:09:00+05:30,344.20001220703125,344.6000061035156,344.20001220703125,344.25,1869
2025-04-25 13:10:00+05:30,344.04998779296875,344.29998779296875,343.8500061035156,343.8999938964844,1733
2025-04-25 13:11:00+05:30,344.8500061035156,345.1000061035156,344.3999938964844,344.3999938964844,6340
2025-04-25 13:12:00+05:30,344.0,345.0,344.0,344.6000061035156,5870
2025-04-25 13:13:00+05:30,343.8500061035156,344.0,343.5,344.0,5911
2025-04-25 13:14:00+05:30,343.8999938964844,343.8999938964844,343.5,343.8500061035156,4381
2025-04-25 13:15:00+05:30,343.79998779296875,344.25,343.79998779296875,344.25,6741
2025-04-25 13:16:00+05:30,343.79998779296875,344.1499938964844,343.75,344.0,6047
2025-04-25 13:17:00+05:30,345.1000061035156,345.3500061035156,343.95001220703125,343.95001220703125,13988
2025-04-25 13:18:00+05:30,345.1499938964844,345.1499938964844,344.8500061035156,345.1499938964844,2634
2025-04-25 13:19:00+05:30,344.5,345.20001220703125,344.5,345.1000061035156,4220
2025-04-25 13:20:00+05:30,345.20001220703125,345.20001220703125,344.70001220703125,344.8500061035156,11708
2025-04-25 13:21:00+05:30,344.79998779296875,345.1000061035156,344.70001220703125,345.1000061035156,1286
2025-04-25 13:22:00+05:30,345.3500061035156,345.3500061035156,344.70001220703125,345.0,3689
2025-04-25 13:23:00+05:30,344.79998779296875,345.25,344.79998779296875,344.95001220703125,3051
2025-04-25 13:24:00+05:30,344.79998779296875,345.04998779296875,344.79998779296875,345.04998779296875,4615
2025-04-25 13:25:00+05:30,344.8500061035156,345.0,344.70001220703125,344.70001220703125,4405
2025-04-25 13:26:00+05:30,344.54998779296875,344.95001220703125,344.5,344.75,6473
2025-04-25 13:27:00+05:30,344.3999938964844,344.70001220703125,344.25,344.70001220703125,914
2025-04-25 13:28:00+05:30,343.8500061035156,344.5,343.8500061035156,344.29998779296875,7373
2025-04-25 13:29:00+05:30,343.8999938964844,343.8999938964844,343.5,343.6000061035156,3638
2025-04-25 13:30:00+05:30,344.0,344.0,343.6000061035156,343.70001220703125,4081
2025-04-25 13:31:00+05:30,344.25,344.29998779296875,343.70001220703125,343.70001220703125,6258
2025-04-25 13:32:00+05:30,343.5,344.29998779296875,343.45001220703125,344.29998779296875,3749
2025-04-25 13:33:00+05:30,343.25,343.5,342.70001220703125,343.20001220703125,16595
2025-04-25 13:34:00+05:30,342.70001220703125,343.3999938964844,342.70001220703125,343.25,6102
2025-04-25 13:35:00+05:30,343.1000061035156,343.1000061035156,342.70001220703125,342.70001220703125,4118
2025-04-25 13:36:00+05:30,343.45001220703125,343.8999938964844,342.95001220703125,343.29998779296875,10332
2025-04-25 13:37:00+05:30,343.54998779296875,343.6000061035156,343.3500061035156,343.3500061035156,926
2025-04-25 13:38:00+05:30,343.1000061035156,343.3999938964844,343.0,343.3999938964844,3939
2025-04-25 13:39:00+05:30,341.8500061035156,343.20001220703125,341.8500061035156,343.0,29092
2025-04-25 13:40:00+05:30,341.8500061035156,342.25,341.70001220703125,341.8500061035156,8659
2025-04-25 13:41:00+05:30,342.1499938964844,342.3500061035156,341.79998779296875,341.8500061035156,3705
2025-04-25 13:42:00+05:30,342.1499938964844,342.29998779296875,342.1499938964844,342.1499938964844,7455
2025-04-25 13:43:00+05:30,341.29998779296875,342.1499938964844,340.6499938964844,342.1499938964844,24042
2025-04-25 13:44:00+05:30,341.04998779296875,342.5,340.70001220703125,341.54998779296875,24447
2025-04-25 13:45:00+05:30,341.45001220703125,341.70001220703125,340.8999938964844,341.1499938964844,9840
2025-04-25 13:46:00+05:30,341.3500061035156,341.5,341.29998779296875,341.29998779296875,3907
2025-04-25 13:47:00+05:30,341.29998779296875,341.45001220703125,341.1499938964844,341.3500061035156,4379
2025-04-25 13:48:00+05:30,341.25,341.6000061035156,341.25,341.25,886
2025-04-25 13:49:00+05:30,341.6499938964844,341.6499938964844,341.25,341.3500061035156,5110
2025-04-25 13:50:00+05:30,342.29998779296875,342.29998779296875,342.0,342.0,15660
2025-04-25 13:51:00+05:30,341.95001220703125,342.29998779296875,340.6499938964844,342.29998779296875,71987
2025-04-25 13:52:00+05:30,340.75,342.25,340.5,342.0,22077
2025-04-25 13:53:00+05:30,341.1499938964844,341.1499938964844,340.54998779296875,340.6000061035156,4197
2025-04-25 13:54:00+05:30,341.0,341.25,341.0,341.25,1480
2025-04-25 13:55:00+05:30,340.54998779296875,341.5,340.29998779296875,341.20001220703125,26314
2025-04-25 13:56:00+05:30,340.6499938964844,340.95001220703125,340.3500061035156,340.3999938964844,4722
2025-04-25 13:57:00+05:30,341.20001220703125,341.25,340.8500061035156,340.8500061035156,3824
2025-04-25 13:58:00+05:30,341.5,341.5,340.8999938964844,340.8999938964844,3411
2025-04-25 13:59:00+05:30,341.70001220703125,341.70001220703125,341.3999938964844,341.45001220703125,5803
2025-04-25 14:00:00+05:30,341.6000061035156,341.8999938964844,341.54998779296875,341.75,7952
2025-04-25 14:01:00+05:30,341.29998779296875,341.75,341.04998779296875,341.75,11748
2025-04-25 14:02:00+05:30,341.6000061035156,341.6000061035156,341.1000061035156,341.25,5980
2025-04-25 14:03:00+05:30,341.70001220703125,341.70001220703125,341.29998779296875,341.70001220703125,23437
2025-04-25 14:04:00+05:30,340.8999938964844,341.79998779296875,340.8999938964844,341.6499938964844,6510
2025-04-25 14:05:00+05:30,340.3500061035156,340.8999938964844,340.20001220703125,340.8999938964844,12009
2025-04-25 14:06:00+05:30,340.1000061035156,340.75,340.1000061035156,340.3500061035156,9146
2025-04-25 14:07:00+05:30,339.1499938964844,340.25,339.1499938964844,340.1000061035156,31118
2025-04-25 14:08:00+05:30,339.6000061035156,339.79998779296875,339.20001220703125,339.25,8700
2025-04-25 14:09:00+05:30,338.8500061035156,339.70001220703125,338.8500061035156,339.5,16660
2025-04-25 14:10:00+05:30,339.1000061035156,339.3500061035156,338.8999938964844,338.95001220703125,3963
2025-04-25 14:11:00+05:30,339.29998779296875,339.5,339.29998779296875,339.45001220703125,3566
2025-04-25 14:12:00+05:30,338.95001220703125,339.3999938964844,338.5,339.3500061035156,10352
2025-04-25 14:13:00+05:30,338.95001220703125,339.0,338.5,338.54998779296875,12200
2025-04-25 14:14:00+05:30,339.0,339.25,338.95001220703125,339.04998779296875,2634
2025-04-25 14:15:00+05:30,340.1499938964844,340.1499938964844,339.20001220703125,339.20001220703125,13042
2025-04-25 14:16:00+05:30,340.5,340.5,339.95001220703125,339.95001220703125,11979
2025-04-25 14:17:00+05:30,339.5,340.0,339.29998779296875,340.0,4091
2025-04-25 14:18:00+05:30,339.3999938964844,339.8500061035156,339.25,339.6499938964844,1806
2025-04-25 14:19:00+05:30,339.5,339.6000061035156,339.3500061035156,339.3500061035156,10491
2025-04-25 14:20:00+05:30,339.3500061035156,339.70001220703125,339.3500061035156,339.3999938964844,2562
2025-04-25 14:21:00+05:30,339.6000061035156,339.75,339.3500061035156,339.3500061035156,732
2025-04-25 14:22:00+05:30,339.8500061035156,339.8500061035156,339.5,339.5,1314
2025-04-25 14:23:00+05:30,339.6000061035156,339.79998779296875,339.6000061035156,339.6499938964844,1421
2025-04-25 14:24:00+05:30,339.8999938964844,339.8999938964844,339.6000061035156,339.6000061035156,972
2025-04-25 14:25:00+05:30,339.79998779296875,339.8999938964844,339.6000061035156,339.8500061035156,7938
2025-04-25 14:26:00+05:30,339.54998779296875,339.6499938964844,339.29998779296875,339.6499938964844,3306
2025-04-25 14:27:00+05:30,339.29998779296875,339.6000061035156,339.29998779296875,339.29998779296875,3814
2025-04-25 14:28:00+05:30,339.1000061035156,339.3999938964844,339.1000061035156,339.29998779296875,7381
2025-04-25 14:29:00+05:30,339.20001220703125,339.29998779296875,339.1000061035156,339.1000061035156,6838
2025-04-25 14:30:00+05:30,339.54998779296875,339.70001220703125,339.3999938964844,339.3999938964844,2019
2025-04-25 14:31:00+05:30,339.0,339.45001220703125,339.0,339.3999938964844,5281
2025-04-25 14:32:00+05:30,338.29998779296875,339.1000061035156,338.29998779296875,339.0,10510
2025-04-25 14:33:00+05:30,338.3999938964844,338.54998779296875,338.29998779296875,338.3999938964844,4326
2025-04-25 14:34:00+05:30,338.54998779296875,338.54998779296875,338.3999938964844,338.3999938964844,2495
2025-04-25 14:35:00+05:30,338.5,338.75,338.5,338.6499938964844,1140
2025-04-25 14:36:00+05:30,338.3999938964844,338.75,338.3999938964844,338.75,2981
2025-04-25 14:37:00+05:30,338.25,338.6000061035156,338.25,338.25,4206
2025-04-25 14:38:00+05:30,338.29998779296875,338.5,338.25,338.5,2290
2025-04-25 14:39:00+05:30,339.04998779296875,339.1000061035156,338.6000061035156,338.6499938964844,13509
2025-04-25 14:40:00+05:30,338.79998779296875,339.04998779296875,338.79998779296875,339.04998779296875,3317
2025-04-25 14:41:00+05:30,338.8999938964844,338.95001220703125,338.79998779296875,338.79998779296875,4027
2025-04-25 14:42:00+05:30,339.1000061035156,339.25,338.8500061035156,338.8500061035156,3407
2025-04-25 14:43:00+05:30,338.8999938964844,339.3500061035156,338.8999938964844,339.1499938964844,729
2025-04-25 14:44:00+05:30,339.0,339.04998779296875,338.79998779296875,338.8999938964844,1466
2025-04-25 14:45:00+05:30,338.6000061035156,339.0,338.54998779296875,338.8999938964844,4395
2025-04-25 14:46:00+05:30,338.79998779296875,338.8500061035156,338.6499938964844,338.6499938964844,860
2025-04-25 14:47:00+05:30,338.8999938964844,339.0,338.6499938964844,338.6499938964844,840
2025-04-25 14:48:00+05:30,339.25,339.25,338.8999938964844,338.8999938964844,7268
2025-04-25 14:49:00+05:30,339.3999938964844,339.6000061035156,339.04998779296875,339.1499938964844,2876
2025-04-25 14:50:00+05:30,339.8500061035156,339.8500061035156,339.54998779296875,339.54998779296875,9357
2025-04-25 14:51:00+05:30,339.5,340.1499938964844,339.45001220703125,340.1499938964844,24053
2025-04-25 14:52:00+05:30,339.6499938964844,340.04998779296875,339.3999938964844,339.6499938964844,5578
2025-04-25 14:53:00+05:30,339.6000061035156,339.8999938964844,339.45001220703125,339.8999938964844,5717
2025-04-25 14:54:00+05:30,339.5,339.75,339.45001220703125,339.45001220703125,1198
2025-04-25 14:55:00+05:30,339.5,339.6499938964844,339.29998779296875,339.5,2868
2025-04-25 14:56:00+05:30,339.5,339.6000061035156,339.5,339.5,869
2025-04-25 14:57:00+05:30,339.1000061035156,339.5,339.04998779296875,339.29998779296875,6124
2025-04-25 14:58:00+05:30,339.0,339.1000061035156,338.75,339.04998779296875,4755
2025-04-25 14:59:00+05:30,339.20001220703125,339.25,339.0,339.04998779296875,1489
2025-04-25 15:00:00+05:30,339.5,339.70001220703125,339.3999938964844,339.3999938964844,5912
2025-04-25 15:01:00+05:30,339.25,340.70001220703125,339.20001220703125,339.6000061035156,24589
2025-04-25 15:02:00+05:30,339.54998779296875,339.70001220703125,339.1499938964844,339.3999938964844,3062
2025-04-25 15:03:00+05:30,339.6000061035156,339.75,339.54998779296875,339.75,5565
2025-04-25 15:04:00+05:30,339.70001220703125,339.8500061035156,339.5,339.6000061035156,5328
2025-04-25 15:05:00+05:30,338.8999938964844,340.0,338.8999938964844,339.6499938964844,12377
2025-04-25 15:06:00+05:30,339.04998779296875,339.04998779296875,338.6000061035156,338.6499938964844,8694
2025-04-25 15:07:00+05:30,338.8999938964844,339.04998779296875,338.8500061035156,339.04998779296875,3782
2025-04-25 15:08:00+05:30,338.95001220703125,339.0,338.75,338.8500061035156,1466
2025-04-25 15:09:00+05:30,339.8999938964844,339.8999938964844,338.75,338.8999938964844,26942
2025-04-25 15:10:00+05:30,339.6499938964844,340.6499938964844,339.54998779296875,340.6499938964844,14516
2025-04-25 15:11:00+05:30,338.79998779296875,339.45001220703125,338.75,339.45001220703125,15077
2025-04-25 15:12:00+05:30,338.75,339.1000061035156,338.5,338.75,13624
2025-04-25 15:13:00+05:30,339.0,339.04998779296875,338.8500061035156,338.8500061035156,5106
2025-04-25 15:14:00+05:30,338.8500061035156,339.0,338.79998779296875,338.79998779296875,4752
2025-04-25 15:15:00+05:30,338.95001220703125,339.1499938964844,338.8999938964844,338.8999938964844,6989
2025-04-25 15:16:00+05:30,338.8500061035156,339.04998779296875,338.8500061035156,338.95001220703125,12611
2025-04-25 15:17:00+05:30,338.75,339.0,338.75,338.8500061035156,6866
2025-04-25 15:18:00+05:30,337.95001220703125,338.75,337.70001220703125,338.75,50191
2025-04-25 15:19:00+05:30,337.1499938964844,337.8500061035156,336.75,337.8500061035156,59776
2025-04-25 15:20:00+05:30,338.1499938964844,338.1499938964844,337.1000061035156,337.1000061035156,16198
2025-04-25 15:21:00+05:30,339.3500061035156,339.3500061035156,338.29998779296875,338.29998779296875,14492
2025-04-25 15:22:00+05:30,339.95001220703125,340.04998779296875,339.3999938964844,339.3999938964844,14512
2025-04-25 15:23:00+05:30,339.45001220703125,339.6000061035156,339.3500061035156,339.6000061035156,10956
2025-04-25 15:24:00+05:30,335.0,339.54998779296875,334.54998779296875,339.54998779296875,103554
2025-04-25 15:25:00+05:30,335.79998779296875,337.25,335.45001220703125,335.5,17893
2025-04-25 15:26:00+05:30,336.45001220703125,336.54998779296875,335.29998779296875,335.79998779296875,10319
2025-04-25 15:27:00+05:30,335.45001220703125,336.54998779296875,335.45001220703125,336.20001220703125,11023
2025-04-25 15:28:00+05:30,335.45001220703125,335.54998779296875,335.0,335.54998779296875,9943
2025-04-25 15:29:00+05:30,335.54998779296875,335.54998779296875,335.0,335.45001220703125,19215
2025-04-28 09:15:00+05:30,338.6000061035156,344.70001220703125,338.1000061035156,341.79998779296875,0
2025-04-28 09:16:00+05:30,333.1000061035156,338.6499938964844,332.5,338.6499938964844,71705
2025-04-28 09:17:00+05:30,334.8500061035156,334.8500061035156,332.54998779296875,333.5,48887
2025-04-28 09:18:00+05:30,335.1000061035156,335.54998779296875,334.25,334.75,33586
2025-04-28 09:19:00+05:30,331.70001220703125,334.3500061035156,331.70001220703125,334.3500061035156,30913
2025-04-28 09:20:00+05:30,331.8999938964844,332.3999938964844,331.1000061035156,331.25,42770
2025-04-28 09:21:00+05:30,331.20001220703125,332.25,331.1499938964844,332.0,14251
2025-04-28 09:22:00+05:30,332.70001220703125,332.70001220703125,330.54998779296875,330.54998779296875,31852
2025-04-28 09:23:00+05:30,331.8999938964844,332.8500061035156,331.79998779296875,332.8500061035156,52151
2025-04-28 09:24:00+05:30,329.79998779296875,332.45001220703125,329.79998779296875,331.6499938964844,37625
2025-04-28 09:25:00+05:30,329.45001220703125,330.75,329.1499938964844,330.75,21803
2025-04-28 09:26:00+05:30,329.3999938964844,330.0,328.3999938964844,329.29998779296875,30681
2025-04-28 09:27:00+05:30,329.75,329.79998779296875,328.95001220703125,329.5,39705
2025-04-28 09:28:00+05:30,330.75,330.75,329.3999938964844,329.45001220703125,16155
2025-04-28 09:29:00+05:30,330.1499938964844,330.95001220703125,330.1499938964844,330.95001220703125,6430
2025-04-28 09:30:00+05:30,330.3999938964844,330.70001220703125,330.04998779296875,330.3500061035156,13603
2025-04-28 09:31:00+05:30,331.8500061035156,331.8500061035156,330.6000061035156,330.8500061035156,24812
2025-04-28 09:32:00+05:30,332.79998779296875,332.79998779296875,331.20001220703125,331.20001220703125,20540
2025-04-28 09:33:00+05:30,332.8999938964844,333.0,332.79998779296875,332.8999938964844,9435
2025-04-28 09:34:00+05:30,333.79998779296875,334.3999938964844,333.3999938964844,333.3999938964844,26010
2025-04-28 09:35:00+05:30,333.1000061035156,333.8500061035156,333.1000061035156,333.79998779296875,21238
2025-04-28 09:36:00+05:30,333.3999938964844,333.3999938964844,332.3500061035156,333.04998779296875,8162
2025-04-28 09:37:00+05:30,333.1499938964844,333.45001220703125,333.1000061035156,333.3500061035156,4751
2025-04-28 09:38:00+05:30,332.79998779296875,333.5,332.79998779296875,333.1499938964844,4297
2025-04-28 09:39:00+05:30,332.95001220703125,333.3999938964844,332.45001220703125,333.1499938964844,9784
2025-04-28 09:40:00+05:30,331.8500061035156,332.8500061035156,331.8500061035156,332.8500061035156,11192
2025-04-28 09:41:00+05:30,331.3999938964844,332.0,331.3999938964844,332.0,10617
2025-04-28 09:42:00+05:30,331.5,331.8999938964844,331.04998779296875,331.29998779296875,9650
2025-04-28 09:43:00+05:30,331.75,332.0,331.3999938964844,331.3999938964844,2656
2025-04-28 09:44:00+05:30,331.1499938964844,331.54998779296875,330.8500061035156,331.25,7047
2025-04-28 09:45:00+05:30,331.6499938964844,331.79998779296875,331.25,331.25,6214
2025-04-28 09:46:00+05:30,332.54998779296875,332.54998779296875,331.6499938964844,331.6499938964844,7285
2025-04-28 09:47:00+05:30,332.75,333.0,332.5,332.75,4915
2025-04-28 09:48:00+05:30,333.0,333.20001220703125,332.70001220703125,332.70001220703125,6675
2025-04-28 09:49:00+05:30,333.1499938964844,333.20001220703125,332.3500061035156,332.6000061035156,7748
2025-04-28 09:50:00+05:30,333.6000061035156,334.1000061035156,332.95001220703125,333.1499938964844,27690
2025-04-28 09:51:00+05:30,333.1499938964844,333.6000061035156,333.1499938964844,333.6000061035156,5595
2025-04-28 09:52:00+05:30,332.95001220703125,333.54998779296875,332.8500061035156,333.54998779296875,4260
2025-04-28 09:53:00+05:30,331.8999938964844,332.79998779296875,331.8999938964844,332.79998779296875,5289
2025-04-28 09:54:00+05:30,332.45001220703125,332.6000061035156,331.6000061035156,331.6000061035156,6018
2025-04-28 09:55:00+05:30,332.3500061035156,332.6000061035156,332.0,332.3500061035156,2790
2025-04-28 09:56:00+05:30,331.8500061035156,332.1499938964844,331.79998779296875,332.1499938964844,3335
2025-04-28 09:57:00+05:30,332.5,332.6499938964844,331.54998779296875,331.6000061035156,4116
2025-04-28 09:58:00+05:30,332.79998779296875,332.79998779296875,332.1000061035156,332.29998779296875,2568
2025-04-28 09:59:00+05:30,332.5,333.0,332.29998779296875,332.75,4901
2025-04-28 10:00:00+05:30,332.8500061035156,332.95001220703125,332.70001220703125,332.79998779296875,746
2025-04-28 10:01:00+05:30,332.75,333.0,332.45001220703125,332.8500061035156,1658
2025-04-28 10:02:00+05:30,333.45001220703125,333.45001220703125,332.54998779296875,332.79998779296875,3127
2025-04-28 10:03:00+05:30,335.3500061035156,335.79998779296875,333.5,333.5,44925
2025-04-28 10:04:00+05:30,334.6499938964844,335.5,334.6499938964844,335.29998779296875,9780
2025-04-28 10:05:00+05:30,335.79998779296875,336.04998779296875,334.70001220703125,334.70001220703125,40476
2025-04-28 10:06:00+05:30,336.6499938964844,336.6499938964844,335.79998779296875,336.0,12323
2025-04-28 10:07:00+05:30,336.25,336.70001220703125,336.0,336.70001220703125,14742
2025-04-28 10:08:00+05:30,336.20001220703125,336.70001220703125,336.0,336.1000061035156,22041
2025-04-28 10:09:00+05:30,335.8999938964844,336.54998779296875,335.1000061035156,336.1499938964844,81452
2025-04-28 10:10:00+05:30,336.5,336.5,335.70001220703125,335.95001220703125,4460
2025-04-28 10:11:00+05:30,335.8999938964844,336.0,335.5,336.0,82623
2025-04-28 10:12:00+05:30,335.29998779296875,336.0,335.29998779296875,335.8500061035156,8997
2025-04-28 10:13:00+05:30,336.0,336.0,335.0,335.0,9278
2025-04-28 10:14:00+05:30,335.6499938964844,335.95001220703125,335.6000061035156,335.75,1798
2025-04-28 10:15:00+05:30,335.70001220703125,335.95001220703125,335.6499938964844,335.95001220703125,4405
2025-04-28 10:16:00+05:30,335.20001220703125,335.54998779296875,335.0,335.54998779296875,17060
2025-04-28 10:17:00+05:30,335.04998779296875,335.20001220703125,335.0,335.20001220703125,11853
2025-04-28 10:18:00+05:30,335.0,335.04998779296875,334.95001220703125,335.04998779296875,11672
2025-04-28 10:19:00+05:30,335.04998779296875,335.3500061035156,335.0,335.0,530
2025-04-28 10:20:00+05:30,335.3500061035156,335.5,335.0,335.1499938964844,5800
2025-04-28 10:21:00+05:30,336.54998779296875,336.79998779296875,335.3999938964844,335.3999938964844,16558
2025-04-28 10:22:00+05:30,336.3999938964844,336.70001220703125,336.29998779296875,336.6000061035156,1099
2025-04-28 10:23:00+05:30,336.6499938964844,337.1000061035156,336.5,336.5,10829
2025-04-28 10:24:00+05:30,336.95001220703125,337.25,336.6499938964844,336.6499938964844,4198
2025-04-28 10:25:00+05:30,337.0,337.3500061035156,336.70001220703125,336.8500061035156,6168
2025-04-28 10:26:00+05:30,336.54998779296875,336.8999938964844,336.3999938964844,336.8999938964844,1843
2025-04-28 10:27:00+05:30,336.95001220703125,337.1000061035156,336.54998779296875,336.54998779296875,4714
2025-04-28 10:28:00+05:30,337.0,337.29998779296875,336.75,337.0,12313
2025-04-28 10:29:00+05:30,336.95001220703125,337.1000061035156,336.6000061035156,337.1000061035156,7969
2025-04-28 10:30:00+05:30,336.54998779296875,336.8500061035156,336.54998779296875,336.6499938964844,2563
2025-04-28 10:31:00+05:30,336.6000061035156,336.79998779296875,336.25,336.3999938964844,3884
2025-04-28 10:32:00+05:30,336.95001220703125,337.25,336.70001220703125,337.0,6955
2025-04-28 10:33:00+05:30,336.75,337.0,336.6499938964844,336.6499938964844,1338
2025-04-28 10:34:00+05:30,336.8500061035156,337.25,336.75,336.75,2910
2025-04-28 10:35:00+05:30,336.25,336.75,336.25,336.5,7547
2025-04-28 10:36:00+05:30,336.1499938964844,336.3999938964844,336.04998779296875,336.25,575
2025-04-28 10:37:00+05:30,336.3500061035156,336.3999938964844,336.1499938964844,336.1499938964844,1151
2025-04-28 10:38:00+05:30,336.6499938964844,336.6499938964844,336.29998779296875,336.3500061035156,1675
2025-04-28 10:39:00+05:30,337.0,337.0,336.3500061035156,336.3500061035156,2190
2025-04-28 10:40:00+05:30,336.79998779296875,337.1000061035156,336.6499938964844,337.1000061035156,2942
2025-04-28 10:41:00+05:30,336.8999938964844,336.8999938964844,336.6000061035156,336.6000061035156,939
2025-04-28 10:42:00+05:30,336.75,336.95001220703125,336.70001220703125,336.70001220703125,1939
2025-04-28 10:43:00+05:30,336.75,336.95001220703125,336.75,336.95001220703125,3176
2025-04-28 10:44:00+05:30,336.8999938964844,336.8999938964844,336.70001220703125,336.75,2632
2025-04-28 10:45:00+05:30,336.75,336.8999938964844,336.5,336.8999938964844,2470
2025-04-28 10:46:00+05:30,337.0,337.3500061035156,336.45001220703125,336.45001220703125,6537
2025-04-28 10:47:00+05:30,336.95001220703125,337.20001220703125,336.8500061035156,337.0,935
2025-04-28 10:48:00+05:30,337.70001220703125,338.1000061035156,336.75,336.75,13985
2025-04-28 10:49:00+05:30,339.0,339.0,337.8999938964844,338.0,12225
2025-04-28 10:50:00+05:30,340.45001220703125,340.54998779296875,338.75,339.0,36320
2025-04-28 10:51:00+05:30,341.6499938964844,341.95001220703125,340.0,340.1000061035156,38699
2025-04-28 10:52:00+05:30,340.8500061035156,341.6499938964844,340.8500061035156,341.6499938964844,14923
2025-04-28 10:53:00+05:30,341.6000061035156,342.04998779296875,341.0,341.5,36690
2025-04-28 10:54:00+05:30,344.0,344.0,341.1000061035156,341.3999938964844,46438
2025-04-28 10:55:00+05:30,343.45001220703125,345.45001220703125,343.45001220703125,343.45001220703125,128235
2025-04-28 10:56:00+05:30,340.95001220703125,343.70001220703125,340.79998779296875,343.70001220703125,38986
2025-04-28 10:57:00+05:30,343.8500061035156,344.6499938964844,339.54998779296875,340.95001220703125,64402
2025-04-28 10:58:00+05:30,344.8999938964844,344.95001220703125,343.8999938964844,343.8999938964844,39745
2025-04-28 10:59:00+05:30,345.3999938964844,347.0,344.75,344.75,67873
2025-04-28 11:00:00+05:30,345.3500061035156,346.0,344.6000061035156,345.3999938964844,33359
2025-04-28 11:01:00+05:30,345.3999938964844,345.54998779296875,344.5,345.1000061035156,51854
2025-04-28 11:02:00+05:30,345.25,345.6000061035156,345.0,345.6000061035156,12764
2025-04-28 11:03:00+05:30,345.70001220703125,345.70001220703125,344.6499938964844,345.25,13349
2025-04-28 11:04:00+05:30,344.8999938964844,345.70001220703125,344.8999938964844,345.6499938964844,8399
2025-04-28 11:05:00+05:30,345.3500061035156,345.3500061035156,344.3500061035156,344.8999938964844,24993
2025-04-28 11:06:00+05:30,346.8999938964844,346.8999938964844,345.0,345.3500061035156,25574
2025-04-28 11:07:00+05:30,346.29998779296875,346.8999938964844,345.8999938964844,346.8500061035156,23404
2025-04-28 11:08:00+05:30,345.8999938964844,346.5,345.70001220703125,346.25,12091
2025-04-28 11:09:00+05:30,347.75,348.6499938964844,345.54998779296875,345.79998779296875,64890
2025-04-28 11:10:00+05:30,347.5,349.29998779296875,347.5,347.8500061035156,54433
2025-04-28 11:11:00+05:30,350.3999938964844,350.54998779296875,347.45001220703125,348.0,101702
2025-04-28 11:12:00+05:30,350.29998779296875,350.95001220703125,350.0,350.5,38837
2025-04-28 11:13:00+05:30,350.8999938964844,351.3999938964844,350.20001220703125,350.25,43442
2025-04-28 11:14:00+05:30,351.0,351.5,350.20001220703125,351.1499938964844,45781
2025-04-28 11:15:00+05:30,352.6499938964844,352.8500061035156,350.5,351.04998779296875,49833
2025-04-28 11:16:00+05:30,354.75,354.95001220703125,351.6499938964844,352.8999938964844,79175
2025-04-28 11:17:00+05:30,354.20001220703125,355.3999938964844,354.0,354.95001220703125,98722
2025-04-28 11:18:00+05:30,355.29998779296875,355.29998779296875,354.04998779296875,354.04998779296875,56305
2025-04-28 11:19:00+05:30,355.0,355.29998779296875,354.5,355.29998779296875,51496
2025-04-28 11:20:00+05:30,354.3500061035156,355.45001220703125,353.95001220703125,355.25,43278
2025-04-28 11:21:00+05:30,354.1000061035156,354.8500061035156,354.0,354.3500061035156,29633
2025-04-28 11:22:00+05:30,355.95001220703125,356.25,354.0,354.29998779296875,112799
2025-04-28 11:23:00+05:30,355.95001220703125,356.8500061035156,355.5,356.1000061035156,77877
2025-04-28 11:24:00+05:30,355.20001220703125,356.25,354.8500061035156,356.25,51834
2025-04-28 11:25:00+05:30,355.29998779296875,355.6000061035156,355.0,355.20001220703125,34474
2025-04-28 11:26:00+05:30,355.3999938964844,355.75,354.95001220703125,355.29998779296875,48495
2025-04-28 11:27:00+05:30,352.3500061035156,355.3500061035156,352.3500061035156,355.0,93791
2025-04-28 11:28:00+05:30,352.25,352.95001220703125,352.0,352.3500061035156,83084
2025-04-28 11:29:00+05:30,350.70001220703125,353.3999938964844,350.25,352.25,104961
2025-04-28 11:30:00+05:30,352.5,352.5,350.6000061035156,350.6000061035156,88455
2025-04-28 11:31:00+05:30,350.6499938964844,352.1499938964844,350.25,352.1499938964844,74374
2025-04-28 11:32:00+05:30,352.5,352.5,350.6000061035156,350.6499938964844,50046
2025-04-28 11:33:00+05:30,351.25,352.54998779296875,351.0,352.5,34551
2025-04-28 11:34:00+05:30,351.5,351.6000061035156,350.54998779296875,351.5,30150
2025-04-28 11:35:00+05:30,350.8999938964844,351.20001220703125,350.70001220703125,351.04998779296875,8467
2025-04-28 11:36:00+05:30,350.25,351.3500061035156,350.20001220703125,351.04998779296875,22889
2025-04-28 11:37:00+05:30,352.3999938964844,352.75,350.45001220703125,350.45001220703125,47321
2025-04-28 11:38:00+05:30,351.75,352.3999938964844,350.79998779296875,352.3999938964844,25653
2025-04-28 11:39:00+05:30,352.04998779296875,352.5,351.45001220703125,351.75,15765
2025-04-28 11:40:00+05:30,353.3999938964844,353.3999938964844,351.8500061035156,352.04998779296875,52237
2025-04-28 11:41:00+05:30,353.29998779296875,353.6499938964844,353.0,353.5,22405
2025-04-28 11:42:00+05:30,352.70001220703125,353.5,352.5,353.29998779296875,14411
2025-04-28 11:43:00+05:30,353.8500061035156,353.8500061035156,351.25,352.3999938964844,45740
2025-04-28 11:44:00+05:30,353.6000061035156,354.45001220703125,353.54998779296875,353.8500061035156,29695
2025-04-28 11:45:00+05:30,353.1499938964844,353.8500061035156,353.1499938964844,353.75,10612
2025-04-28 11:46:00+05:30,353.25,353.8500061035156,352.70001220703125,353.3500061035156,21963
2025-04-28 11:47:00+05:30,355.0,355.20001220703125,353.25,353.5,49423
2025-04-28 11:48:00+05:30,354.29998779296875,355.29998779296875,354.0,355.1499938964844,36108
2025-04-28 11:49:00+05:30,354.75,355.20001220703125,354.25,354.6499938964844,52468
2025-04-28 11:50:00+05:30,353.5,354.75,353.04998779296875,354.5,45589
2025-04-28 11:51:00+05:30,352.75,353.79998779296875,352.3999938964844,353.79998779296875,25530
2025-04-28 11:52:00+05:30,352.6499938964844,352.8999938964844,352.5,352.6499938964844,7344
2025-04-28 11:53:00+05:30,351.29998779296875,352.70001220703125,351.1000061035156,352.70001220703125,60099
2025-04-28 11:54:00+05:30,352.0,352.0,351.0,351.20001220703125,22884
2025-04-28 11:55:00+05:30,352.29998779296875,352.95001220703125,351.8500061035156,351.8999938964844,12783
2025-04-28 11:56:00+05:30,351.6000061035156,352.3999938964844,351.6000061035156,352.20001220703125,10024
2025-04-28 11:57:00+05:30,351.45001220703125,352.0,351.45001220703125,351.6000061035156,14333
2025-04-28 11:58:00+05:30,350.29998779296875,351.45001220703125,350.04998779296875,351.45001220703125,60274
2025-04-28 11:59:00+05:30,352.3500061035156,353.0,350.04998779296875,350.1000061035156,53034
2025-04-28 12:00:00+05:30,354.5,354.8999938964844,351.95001220703125,352.1000061035156,78836
2025-04-28 12:01:00+05:30,355.54998779296875,356.70001220703125,354.5,354.5,124526
2025-04-28 12:02:00+05:30,355.25,355.79998779296875,355.0,355.54998779296875,25452
2025-04-28 12:03:00+05:30,356.1000061035156,357.25,355.25,355.45001220703125,132300
2025-04-28 12:04:00+05:30,355.95001220703125,356.6499938964844,355.04998779296875,356.0,62205
2025-04-28 12:05:00+05:30,355.8999938964844,355.8999938964844,355.29998779296875,355.8999938964844,24538
2025-04-28 12:06:00+05:30,355.5,355.8999938964844,355.5,355.8999938964844,14622
2025-04-28 12:07:00+05:30,354.5,355.5,354.45001220703125,355.5,48661
2025-04-28 12:08:00+05:30,354.20001220703125,354.3500061035156,353.8999938964844,354.3500061035156,75483
2025-04-28 12:09:00+05:30,354.8500061035156,354.8999938964844,354.0,354.0,14238
2025-04-28 12:10:00+05:30,354.3999938964844,355.0,354.3999938964844,354.79998779296875,24724
2025-04-28 12:11:00+05:30,354.70001220703125,354.79998779296875,354.29998779296875,354.6000061035156,6244
2025-04-28 12:12:00+05:30,354.5,354.5,354.20001220703125,354.5,6114
2025-04-28 12:13:00+05:30,355.5,355.54998779296875,354.29998779296875,354.5,34149
2025-04-28 12:14:00+05:30,355.1499938964844,355.5,354.79998779296875,355.45001220703125,24724
2025-04-28 12:15:00+05:30,355.20001220703125,355.25,354.6000061035156,355.0,12086
2025-04-28 12:16:00+05:30,355.1499938964844,355.45001220703125,355.0,355.1000061035156,18065
2025-04-28 12:17:00+05:30,355.1499938964844,355.3999938964844,355.04998779296875,355.1000061035156,6981
2025-04-28 12:18:00+05:30,354.3500061035156,355.25,354.3500061035156,355.1000061035156,28394
2025-04-28 12:19:00+05:30,355.0,355.1499938964844,354.29998779296875,354.6000061035156,13385
2025-04-28 12:20:00+05:30,355.0,355.0,354.5,355.0,5490
2025-04-28 12:21:00+05:30,355.1499938964844,355.5,355.0,355.0,13974
2025-04-28 12:22:00+05:30,354.70001220703125,355.20001220703125,354.70001220703125,355.20001220703125,11812
2025-04-28 12:23:00+05:30,356.5,356.6499938964844,354.54998779296875,354.75,115138
2025-04-28 12:24:00+05:30,357.29998779296875,357.70001220703125,356.5,356.5,120108
2025-04-28 12:25:00+05:30,356.6000061035156,357.5,356.6000061035156,357.45001220703125,53645
2025-04-28 12:26:00+05:30,357.3500061035156,357.3999938964844,356.54998779296875,356.75,26631
2025-04-28 12:27:00+05:30,357.70001220703125,358.20001220703125,357.04998779296875,357.04998779296875,91199
2025-04-28 12:28:00+05:30,357.79998779296875,358.0,357.3500061035156,357.5,44832
2025-04-28 12:29:00+05:30,357.04998779296875,357.79998779296875,356.75,357.6499938964844,40745
2025-04-28 12:30:00+05:30,356.70001220703125,357.0,356.6000061035156,356.79998779296875,17704
2025-04-28 12:31:00+05:30,358.20001220703125,358.5,356.70001220703125,356.70001220703125,103787
2025-04-28 12:32:00+05:30,357.8999938964844,358.8500061035156,357.54998779296875,358.3999938964844,71000
2025-04-28 12:33:00+05:30,357.5,358.29998779296875,357.3999938964844,358.1499938964844,27130
2025-04-28 12:34:00+05:30,357.1499938964844,357.75,356.6499938964844,357.70001220703125,70932
2025-04-28 12:35:00+05:30,356.95001220703125,357.3999938964844,356.70001220703125,357.3999938964844,15849
2025-04-28 12:36:00+05:30,357.25,357.29998779296875,356.6499938964844,357.0,31589
2025-04-28 12:37:00+05:30,355.6499938964844,357.1499938964844,355.6499938964844,356.95001220703125,39892
2025-04-28 12:38:00+05:30,356.0,356.3999938964844,355.79998779296875,355.79998779296875,47215
2025-04-28 12:39:00+05:30,356.20001220703125,356.3500061035156,356.0,356.25,6974
2025-04-28 12:40:00+05:30,356.0,356.25,355.79998779296875,356.20001220703125,11446
2025-04-28 12:41:00+05:30,355.3500061035156,355.79998779296875,355.1000061035156,355.6499938964844,69149
2025-04-28 12:42:00+05:30,354.75,355.29998779296875,354.04998779296875,355.1000061035156,43255
2025-04-28 12:43:00+05:30,355.04998779296875,355.3999938964844,354.25,354.95001220703125,36417
2025-04-28 12:44:00+05:30,355.20001220703125,355.3999938964844,354.3999938964844,354.8999938964844,27477
2025-04-28 12:45:00+05:30,356.75,356.95001220703125,355.0,355.0,48006
2025-04-28 12:46:00+05:30,357.75,357.75,356.5,356.75,77828
2025-04-28 12:47:00+05:30,357.5,357.6000061035156,357.04998779296875,357.5,33746
2025-04-28 12:48:00+05:30,358.0,358.1499938964844,357.45001220703125,358.0,36689
2025-04-28 12:49:00+05:30,357.8500061035156,358.0,357.54998779296875,357.95001220703125,27245
2025-04-28 12:50:00+05:30,357.6499938964844,357.95001220703125,357.54998779296875,357.95001220703125,44978
2025-04-28 12:51:00+05:30,358.3500061035156,358.6000061035156,357.8999938964844,357.8999938964844,55410
2025-04-28 12:52:00+05:30,358.6499938964844,358.6499938964844,358.0,358.1000061035156,36833
2025-04-28 12:53:00+05:30,358.70001220703125,359.3500061035156,358.3999938964844,358.6499938964844,66902
2025-04-28 12:54:00+05:30,358.5,359.20001220703125,358.5,359.1000061035156,43283
2025-04-28 12:55:00+05:30,358.20001220703125,358.8999938964844,358.04998779296875,358.70001220703125,38725
2025-04-28 12:56:00+05:30,360.45001220703125,360.6000061035156,358.04998779296875,358.20001220703125,136500
2025-04-28 12:57:00+05:30,360.8999938964844,361.5,360.5,361.0,120954
2025-04-28 12:58:00+05:30,362.0,362.3999938964844,360.8500061035156,361.1000061035156,144603
2025-04-28 12:59:00+05:30,361.1499938964844,362.3500061035156,361.1499938964844,361.75,93306
2025-04-28 13:00:00+05:30,360.54998779296875,361.70001220703125,360.5,361.1499938964844,57442
2025-04-28 13:01:00+05:30,360.6499938964844,361.25,360.1000061035156,360.75,59221
2025-04-28 13:02:00+05:30,361.1000061035156,361.6499938964844,360.6000061035156,360.6499938964844,45168
2025-04-28 13:03:00+05:30,361.0,361.6000061035156,360.8500061035156,361.0,23947
2025-04-28 13:04:00+05:30,361.6000061035156,361.6000061035156,360.8500061035156,360.8500061035156,54822
2025-04-28 13:05:00+05:30,363.25,363.25,361.3500061035156,361.6000061035156,141030
2025-04-28 13:06:00+05:30,363.0,363.8500061035156,362.54998779296875,363.25,148697
2025-04-28 13:07:00+05:30,364.0,364.0,362.54998779296875,363.20001220703125,85099
2025-04-28 13:08:00+05:30,364.70001220703125,365.0,363.5,363.95001220703125,237706
2025-04-28 13:09:00+05:30,364.75,365.0,363.95001220703125,364.6000061035156,171535
2025-04-28 13:10:00+05:30,363.6000061035156,364.8999938964844,363.3999938964844,364.70001220703125,144559
2025-04-28 13:11:00+05:30,362.5,363.79998779296875,362.5,363.5,74467
2025-04-28 13:12:00+05:30,363.1499938964844,363.29998779296875,362.5,362.6000061035156,37458
2025-04-28 13:13:00+05:30,363.3999938964844,363.6000061035156,362.95001220703125,363.0,49665
2025-04-28 13:14:00+05:30,363.1499938964844,363.5,362.70001220703125,363.04998779296875,37820
2025-04-28 13:15:00+05:30,364.45001220703125,364.45001220703125,363.1499938964844,363.1499938964844,59612
2025-04-28 13:16:00+05:30,364.6499938964844,365.0,364.1000061035156,364.3999938964844,130913
2025-04-28 13:17:00+05:30,363.79998779296875,364.8999938964844,363.79998779296875,364.8500061035156,74033
2025-04-28 13:18:00+05:30,362.8999938964844,363.70001220703125,362.8999938964844,363.6000061035156,72237
2025-04-28 13:19:00+05:30,362.04998779296875,362.8999938964844,361.6000061035156,362.75,124247
2025-04-28 13:20:00+05:30,360.8500061035156,362.25,360.54998779296875,362.0,116954
2025-04-28 13:21:00+05:30,361.0,361.29998779296875,360.79998779296875,361.1499938964844,61495
2025-04-28 13:22:00+05:30,360.5,361.3500061035156,360.20001220703125,361.3500061035156,73131
2025-04-28 13:23:00+05:30,361.1499938964844,361.25,360.5,360.5,57526
2025-04-28 13:24:00+05:30,361.8500061035156,362.1000061035156,361.25,361.29998779296875,65587
2025-04-28 13:25:00+05:30,362.3999938964844,362.3999938964844,361.5,361.8500061035156,49261
2025-04-28 13:26:00+05:30,363.29998779296875,363.6499938964844,362.3999938964844,362.3999938964844,84727
2025-04-28 13:27:00+05:30,364.3500061035156,364.5,363.29998779296875,363.3500061035156,93102
2025-04-28 13:28:00+05:30,363.54998779296875,364.5,363.29998779296875,364.5,41452
2025-04-28 13:29:00+05:30,364.29998779296875,364.45001220703125,362.54998779296875,363.45001220703125,88527
2025-04-28 13:30:00+05:30,364.54998779296875,364.79998779296875,364.0,364.29998779296875,89390
2025-04-28 13:31:00+05:30,363.79998779296875,364.6000061035156,363.1499938964844,364.5,67146
2025-04-28 13:32:00+05:30,363.0,364.0,363.0,364.0,41686
2025-04-28 13:33:00+05:30,363.70001220703125,364.29998779296875,362.1000061035156,363.25,84594
2025-04-28 13:34:00+05:30,363.3999938964844,363.75,363.0,363.5,20565
2025-04-28 13:35:00+05:30,362.79998779296875,363.3999938964844,362.54998779296875,363.1499938964844,35046
2025-04-28 13:36:00+05:30,363.1000061035156,363.6000061035156,362.5,362.70001220703125,28650
2025-04-28 13:37:00+05:30,363.5,363.6000061035156,363.1000061035156,363.3999938964844,37987
2025-04-28 13:38:00+05:30,363.75,363.95001220703125,363.3999938964844,363.45001220703125,14271
2025-04-28 13:39:00+05:30,363.1000061035156,363.95001220703125,363.1000061035156,363.70001220703125,22817
2025-04-28 13:40:00+05:30,362.54998779296875,363.3999938964844,362.3500061035156,363.1000061035156,35611
2025-04-28 13:41:00+05:30,362.79998779296875,362.8999938964844,362.3500061035156,362.5,30548
2025-04-28 13:42:00+05:30,361.6499938964844,362.8500061035156,361.6499938964844,362.5,43113
2025-04-28 13:43:00+05:30,362.04998779296875,362.45001220703125,361.6499938964844,361.8999938964844,49134
2025-04-28 13:44:00+05:30,362.6000061035156,362.75,362.0,362.1499938964844,18202
2025-04-28 13:45:00+05:30,362.25,362.70001220703125,362.1000061035156,362.5,18177
2025-04-28 13:46:00+05:30,362.25,362.5,362.0,362.1000061035156,13841
2025-04-28 13:47:00+05:30,362.0,362.45001220703125,362.0,362.25,20456
2025-04-28 13:48:00+05:30,362.79998779296875,362.79998779296875,361.70001220703125,362.0,56918
2025-04-28 13:49:00+05:30,363.04998779296875,363.45001220703125,362.5,362.79998779296875,44855
2025-04-28 13:50:00+05:30,363.1499938964844,363.6499938964844,362.8500061035156,363.04998779296875,52102
2025-04-28 13:51:00+05:30,362.6000061035156,363.20001220703125,362.25,363.1499938964844,31901
2025-04-28 13:52:00+05:30,361.70001220703125,362.70001220703125,361.70001220703125,362.6000061035156,23186
2025-04-28 13:53:00+05:30,360.79998779296875,361.70001220703125,360.5,361.5,101865
2025-04-28 13:54:00+05:30,361.0,361.6000061035156,360.3999938964844,360.5,57956
2025-04-28 13:55:00+05:30,361.1499938964844,361.70001220703125,360.8500061035156,361.0,28726
2025-04-28 13:56:00+05:30,362.29998779296875,362.45001220703125,361.0,361.54998779296875,41381
2025-04-28 13:57:00+05:30,362.5,362.54998779296875,361.8999938964844,362.3999938964844,46229
2025-04-28 13:58:00+05:30,361.20001220703125,362.5,361.0,362.5,38563
2025-04-28 13:59:00+05:30,361.25,361.25,361.0,361.25,16552
2025-04-28 14:00:00+05:30,360.70001220703125,361.5,360.70001220703125,361.25,67470
2025-04-28 14:01:00+05:30,361.1499938964844,361.25,360.29998779296875,360.79998779296875,58424
2025-04-28 14:02:00+05:30,360.95001220703125,361.70001220703125,360.70001220703125,361.29998779296875,30043
2025-04-28 14:03:00+05:30,360.8999938964844,361.25,360.29998779296875,360.8999938964844,197477
2025-04-28 14:04:00+05:30,360.8500061035156,361.1499938964844,360.6000061035156,361.04998779296875,12354
2025-04-28 14:05:00+05:30,360.95001220703125,361.45001220703125,359.75,360.8999938964844,127819
2025-04-28 14:06:00+05:30,361.20001220703125,361.3999938964844,360.8999938964844,361.3999938964844,22811
2025-04-28 14:07:00+05:30,361.3500061035156,362.0,360.95001220703125,361.0,48024
2025-04-28 14:08:00+05:30,361.29998779296875,361.6000061035156,361.29998779296875,361.6000061035156,13722
2025-04-28 14:09:00+05:30,362.20001220703125,362.5,361.1000061035156,361.45001220703125,39218
2025-04-28 14:10:00+05:30,362.6499938964844,362.75,361.8999938964844,361.8999938964844,68453
2025-04-28 14:11:00+05:30,362.0,362.8500061035156,362.0,362.54998779296875,26931
2025-04-28 14:12:00+05:30,361.5,362.45001220703125,361.5,362.20001220703125,24248
2025-04-28 14:13:00+05:30,361.70001220703125,361.8999938964844,361.45001220703125,361.54998779296875,16155
2025-04-28 14:14:00+05:30,361.25,361.70001220703125,361.20001220703125,361.5,10427
2025-04-28 14:15:00+05:30,361.5,361.5,361.04998779296875,361.3500061035156,20038
2025-04-28 14:16:00+05:30,360.95001220703125,361.25,360.54998779296875,361.25,58767
2025-04-28 14:17:00+05:30,360.54998779296875,361.0,360.54998779296875,360.95001220703125,31044
2025-04-28 14:18:00+05:30,360.8999938964844,361.0,360.54998779296875,360.6499938964844,22050
2025-04-28 14:19:00+05:30,360.75,361.0,360.6000061035156,360.8999938964844,14747
2025-04-28 14:20:00+05:30,360.95001220703125,361.1499938964844,360.0,360.6000061035156,79855
2025-04-28 14:21:00+05:30,360.8999938964844,361.3500061035156,360.6000061035156,360.95001220703125,23852
2025-04-28 14:22:00+05:30,360.70001220703125,361.0,360.70001220703125,360.8999938964844,13397
2025-04-28 14:23:00+05:30,360.75,361.0,360.70001220703125,360.95001220703125,12030
2025-04-28 14:24:00+05:30,360.1499938964844,361.0,360.1499938964844,361.0,22730
2025-04-28 14:25:00+05:30,356.54998779296875,360.3500061035156,356.1499938964844,360.1000061035156,440997
2025-04-28 14:26:00+05:30,358.20001220703125,358.54998779296875,356.54998779296875,356.54998779296875,76434
2025-04-28 14:27:00+05:30,358.0,358.1000061035156,357.54998779296875,358.0,64246
2025-04-28 14:28:00+05:30,360.25,360.29998779296875,358.0,358.0,115577
2025-04-28 14:29:00+05:30,360.45001220703125,360.79998779296875,359.95001220703125,359.95001220703125,59743
2025-04-28 14:30:00+05:30,360.79998779296875,360.95001220703125,360.0,360.5,69397
2025-04-28 14:31:00+05:30,360.8999938964844,360.8999938964844,360.3999938964844,360.75,28487
2025-04-28 14:32:00+05:30,361.20001220703125,361.3500061035156,360.1499938964844,360.8999938964844,54862
2025-04-28 14:33:00+05:30,360.54998779296875,361.25,360.29998779296875,361.20001220703125,34563
2025-04-28 14:34:00+05:30,360.3500061035156,360.8500061035156,360.0,360.54998779296875,39789
2025-04-28 14:35:00+05:30,360.5,360.5,360.0,360.25,31952
2025-04-28 14:36:00+05:30,359.79998779296875,360.45001220703125,359.0,360.25,59975
2025-04-28 14:37:00+05:30,359.95001220703125,360.45001220703125,359.8500061035156,359.8999938964844,26207
2025-04-28 14:38:00+05:30,360.04998779296875,360.25,359.8999938964844,359.8999938964844,16000
2025-04-28 14:39:00+05:30,359.79998779296875,360.3500061035156,359.79998779296875,359.79998779296875,41053
2025-04-28 14:40:00+05:30,360.0,360.8999938964844,359.8500061035156,359.8500061035156,56555
2025-04-28 14:41:00+05:30,360.04998779296875,360.45001220703125,360.0,360.20001220703125,27075
2025-04-28 14:42:00+05:30,360.6499938964844,360.8500061035156,360.04998779296875,360.1000061035156,26531
2025-04-28 14:43:00+05:30,361.0,361.5,360.6000061035156,360.70001220703125,116064
2025-04-28 14:44:00+05:30,360.3500061035156,360.95001220703125,360.1000061035156,360.95001220703125,28892
2025-04-28 14:45:00+05:30,360.1499938964844,360.54998779296875,359.8500061035156,360.3500061035156,62527
2025-04-28 14:46:00+05:30,360.3999938964844,360.3999938964844,360.1000061035156,360.1000061035156,16083
2025-04-28 14:47:00+05:30,360.25,360.5,360.1499938964844,360.1499938964844,33963
2025-04-28 14:48:00+05:30,360.54998779296875,360.6000061035156,360.25,360.6000061035156,21601
2025-04-28 14:49:00+05:30,361.20001220703125,361.20001220703125,360.5,360.5,23029
2025-04-28 14:50:00+05:30,361.70001220703125,361.70001220703125,360.8999938964844,361.20001220703125,41674
2025-04-28 14:51:00+05:30,360.75,361.8999938964844,360.54998779296875,361.70001220703125,57352
2025-04-28 14:52:00+05:30,361.25,361.3999938964844,360.8500061035156,361.0,14213
2025-04-28 14:53:00+05:30,361.25,361.25,360.8999938964844,361.04998779296875,12674
2025-04-28 14:54:00+05:30,361.20001220703125,361.25,361.04998779296875,361.25,10393
2025-04-28 14:55:00+05:30,360.6000061035156,361.04998779296875,360.54998779296875,361.04998779296875,43209
2025-04-28 14:56:00+05:30,360.8999938964844,361.20001220703125,360.6000061035156,360.79998779296875,21660
2025-04-28 14:57:00+05:30,360.6499938964844,361.1499938964844,360.6000061035156,361.1499938964844,13246
2025-04-28 14:58:00+05:30,360.79998779296875,360.8500061035156,360.6000061035156,360.6499938964844,7744
2025-04-28 14:59:00+05:30,361.54998779296875,361.75,360.70001220703125,360.70001220703125,46502
2025-04-28 15:00:00+05:30,362.5,362.75,361.3999938964844,361.6499938964844,92022
2025-04-28 15:01:00+05:30,361.0,362.5,360.8999938964844,362.5,57420
2025-04-28 15:02:00+05:30,360.6499938964844,361.3999938964844,360.6499938964844,361.20001220703125,25881
2025-04-28 15:03:00+05:30,360.95001220703125,361.5,360.3999938964844,360.6000061035156,75568
2025-04-28 15:04:00+05:30,361.0,361.29998779296875,360.6499938964844,360.6499938964844,28871
2025-04-28 15:05:00+05:30,360.6499938964844,361.0,360.5,361.0,38399
2025-04-28 15:06:00+05:30,360.8500061035156,361.0,360.5,360.6499938964844,16955
2025-04-28 15:07:00+05:30,361.20001220703125,361.3999938964844,360.5,360.8999938964844,19270
2025-04-28 15:08:00+05:30,361.54998779296875,361.95001220703125,360.8999938964844,361.1499938964844,36720
2025-04-28 15:09:00+05:30,362.29998779296875,362.29998779296875,361.3500061035156,361.5,34060
2025-04-28 15:10:00+05:30,361.3500061035156,362.3500061035156,361.04998779296875,362.3500061035156,54280
2025-04-28 15:11:00+05:30,361.20001220703125,361.3999938964844,360.70001220703125,361.1000061035156,43929
2025-04-28 15:12:00+05:30,361.29998779296875,361.54998779296875,361.0,361.20001220703125,33864
2025-04-28 15:13:00+05:30,360.5,361.29998779296875,360.29998779296875,361.0,51660
2025-04-28 15:14:00+05:30,361.3999938964844,361.5,360.29998779296875,360.54998779296875,54154
2025-04-28 15:15:00+05:30,361.3999938964844,362.0,360.95001220703125,361.3500061035156,64285
2025-04-28 15:16:00+05:30,361.8999938964844,362.3500061035156,361.3500061035156,361.75,88354
2025-04-28 15:17:00+05:30,362.25,362.3500061035156,361.54998779296875,361.54998779296875,67222
2025-04-28 15:18:00+05:30,363.54998779296875,363.54998779296875,361.75,361.8999938964844,159458
2025-04-28 15:19:00+05:30,364.95001220703125,365.5,363.70001220703125,363.75,257063
2025-04-28 15:20:00+05:30,363.54998779296875,365.04998779296875,363.0,364.54998779296875,129272
2025-04-28 15:21:00+05:30,363.0,363.79998779296875,362.1000061035156,363.70001220703125,27036
2025-04-28 15:22:00+05:30,364.5,364.5,363.1499938964844,363.1499938964844,25195
2025-04-28 15:23:00+05:30,363.29998779296875,364.6499938964844,363.29998779296875,364.5,19626
2025-04-28 15:24:00+05:30,363.95001220703125,365.45001220703125,363.1000061035156,363.5,272071
2025-04-28 15:25:00+05:30,363.6000061035156,363.95001220703125,363.1000061035156,363.8999938964844,24438
2025-04-28 15:26:00+05:30,362.79998779296875,363.6499938964844,362.25,363.5,18065
2025-04-28 15:27:00+05:30,362.75,363.1000061035156,362.45001220703125,362.54998779296875,16385
2025-04-28 15:28:00+05:30,362.0,362.95001220703125,362.0,362.75,21680
2025-04-28 15:29:00+05:30,361.79998779296875,362.0,361.79998779296875,362.0,19236
2025-04-29 09:15:00+05:30,368.0,369.3999938964844,367.95001220703125,368.25,0
2025-04-29 09:16:00+05:30,366.95001220703125,368.04998779296875,365.25,367.3500061035156,120812
2025-04-29 09:17:00+05:30,367.45001220703125,367.54998779296875,366.45001220703125,367.29998779296875,52204
2025-04-29 09:18:00+05:30,366.5,367.5,366.29998779296875,367.1000061035156,67260
2025-04-29 09:19:00+05:30,368.45001220703125,368.45001220703125,366.29998779296875,366.70001220703125,68064
2025-04-29 09:20:00+05:30,368.0,368.45001220703125,366.95001220703125,368.45001220703125,57949
2025-04-29 09:21:00+05:30,368.79998779296875,368.8999938964844,368.0,368.0,41743
2025-04-29 09:22:00+05:30,369.0,369.54998779296875,368.5,368.8500061035156,60917
2025-04-29 09:23:00+05:30,369.70001220703125,369.70001220703125,367.75,368.6499938964844,75626
2025-04-29 09:24:00+05:30,370.5,370.75,369.75,369.79998779296875,78084
2025-04-29 09:25:00+05:30,371.0,371.0,370.0,370.6499938964844,86425
2025-04-29 09:26:00+05:30,371.8999938964844,371.95001220703125,370.3999938964844,370.75,87313
2025-04-29 09:27:00+05:30,370.8500061035156,371.95001220703125,370.20001220703125,371.70001220703125,102660
2025-04-29 09:28:00+05:30,370.5,370.70001220703125,370.0,370.70001220703125,61878
2025-04-29 09:29:00+05:30,370.6499938964844,371.45001220703125,370.0,370.25,97463
2025-04-29 09:30:00+05:30,368.79998779296875,371.0,368.79998779296875,370.8500061035156,80308
2025-04-29 09:31:00+05:30,373.75,374.0,369.25,369.79998779296875,185302
2025-04-29 09:32:00+05:30,374.0,374.70001220703125,373.0,373.70001220703125,106436
2025-04-29 09:33:00+05:30,373.29998779296875,374.3999938964844,373.04998779296875,374.25,63938
2025-04-29 09:34:00+05:30,377.20001220703125,377.54998779296875,373.0,373.1000061035156,275948
2025-04-29 09:35:00+05:30,376.0,377.3999938964844,375.3999938964844,377.3999938964844,139812
2025-04-29 09:36:00+05:30,376.25,376.25,375.1000061035156,375.6499938964844,47661
2025-04-29 09:37:00+05:30,376.29998779296875,377.1000061035156,376.0,376.04998779296875,91668
2025-04-29 09:38:00+05:30,375.95001220703125,376.1000061035156,375.25,376.1000061035156,50601
2025-04-29 09:39:00+05:30,375.29998779296875,376.25,375.0,375.95001220703125,108621
2025-04-29 09:40:00+05:30,373.95001220703125,375.29998779296875,373.95001220703125,375.25,126768
2025-04-29 09:41:00+05:30,375.8999938964844,378.70001220703125,373.75,373.75,215639
2025-04-29 09:42:00+05:30,373.8500061035156,376.0,373.54998779296875,375.70001220703125,98744
2025-04-29 09:43:00+05:30,372.0,373.79998779296875,371.6499938964844,373.6000061035156,153227
2025-04-29 09:44:00+05:30,372.3500061035156,372.70001220703125,371.8500061035156,372.0,61276
2025-04-29 09:45:00+05:30,372.04998779296875,372.8999938964844,371.5,372.3500061035156,75364
2025-04-29 09:46:00+05:30,373.04998779296875,373.1000061035156,371.70001220703125,371.95001220703125,51446
2025-04-29 09:47:00+05:30,371.3500061035156,373.04998779296875,370.75,372.8999938964844,79022
2025-04-29 09:48:00+05:30,371.0,371.95001220703125,370.75,371.3999938964844,40687
2025-04-29 09:49:00+05:30,371.5,371.5,370.5,370.6000061035156,30561
2025-04-29 09:50:00+05:30,369.5,371.5,369.5,371.5,75327
2025-04-29 09:51:00+05:30,369.0,369.70001220703125,368.54998779296875,369.70001220703125,59673
2025-04-29 09:52:00+05:30,370.0,370.0,368.75,369.20001220703125,21351
2025-04-29 09:53:00+05:30,370.3999938964844,370.3999938964844,369.70001220703125,369.8999938964844,31037
2025-04-29 09:54:00+05:30,370.54998779296875,371.1499938964844,370.3500061035156,370.3999938964844,39690
2025-04-29 09:55:00+05:30,369.45001220703125,370.79998779296875,369.3500061035156,370.79998779296875,46219
2025-04-29 09:56:00+05:30,370.20001220703125,370.54998779296875,369.0,369.3999938964844,52968
2025-04-29 09:57:00+05:30,370.0,370.5,369.79998779296875,370.45001220703125,18640
2025-04-29 09:58:00+05:30,370.5,370.5,369.95001220703125,370.5,12925
2025-04-29 09:59:00+05:30,370.45001220703125,370.75,369.95001220703125,370.75,23499
2025-04-29 10:00:00+05:30,369.45001220703125,370.45001220703125,369.45001220703125,370.1499938964844,15420
2025-04-29 10:01:00+05:30,369.75,369.75,369.5,369.6000061035156,15664
2025-04-29 10:02:00+05:30,369.25,369.95001220703125,368.5,369.95001220703125,34095
2025-04-29 10:03:00+05:30,368.8999938964844,369.45001220703125,368.75,369.45001220703125,12675
2025-04-29 10:04:00+05:30,368.0,369.0,367.6499938964844,369.0,68904
2025-04-29 10:05:00+05:30,368.6000061035156,368.75,367.8500061035156,367.8500061035156,27491
2025-04-29 10:06:00+05:30,368.3999938964844,368.8999938964844,368.0,368.6000061035156,26036
2025-04-29 10:07:00+05:30,368.8999938964844,368.8999938964844,368.25,368.25,12125
2025-04-29 10:08:00+05:30,369.0,369.20001220703125,368.8500061035156,368.8500061035156,19403
2025-04-29 10:09:00+05:30,369.0,369.25,369.0,369.0,7700
2025-04-29 10:10:00+05:30,368.8500061035156,369.04998779296875,368.70001220703125,369.0,8555
2025-04-29 10:11:00+05:30,368.70001220703125,368.8500061035156,368.25,368.8500061035156,16989
2025-04-29 10:12:00+05:30,368.8999938964844,369.6000061035156,368.8999938964844,369.3999938964844,20542
2025-04-29 10:13:00+05:30,369.8500061035156,369.95001220703125,369.20001220703125,369.45001220703125,11901
2025-04-29 10:14:00+05:30,369.5,369.79998779296875,369.5,369.75,7626
2025-04-29 10:15:00+05:30,370.75,370.75,369.54998779296875,369.75,26346
2025-04-29 10:16:00+05:30,370.3999938964844,370.79998779296875,370.04998779296875,370.79998779296875,23080
2025-04-29 10:17:00+05:30,370.70001220703125,370.70001220703125,370.3500061035156,370.5,7589
2025-04-29 10:18:00+05:30,370.70001220703125,370.70001220703125,370.25,370.70001220703125,11498
2025-04-29 10:19:00+05:30,369.5,370.6499938964844,369.5,370.6499938964844,12165
2025-04-29 10:20:00+05:30,370.1000061035156,370.20001220703125,369.5,369.5,11656
2025-04-29 10:21:00+05:30,370.29998779296875,370.5,369.6000061035156,370.0,9402
2025-04-29 10:22:00+05:30,370.6499938964844,370.8999938964844,370.1499938964844,370.29998779296875,22568
2025-04-29 10:23:00+05:30,370.54998779296875,370.79998779296875,370.5,370.79998779296875,9454
2025-04-29 10:24:00+05:30,370.6499938964844,370.6499938964844,370.3500061035156,370.3500061035156,7391
2025-04-29 10:25:00+05:30,370.20001220703125,370.6499938964844,370.20001220703125,370.6499938964844,18860
2025-04-29 10:26:00+05:30,369.8999938964844,370.45001220703125,369.8999938964844,370.3999938964844,6458
2025-04-29 10:27:00+05:30,370.1499938964844,370.3500061035156,369.6000061035156,369.79998779296875,7784
2025-04-29 10:28:00+05:30,370.8999938964844,371.0,370.04998779296875,370.1499938964844,19591
2025-04-29 10:29:00+05:30,371.75,371.75,370.6000061035156,370.8500061035156,36781
2025-04-29 10:30:00+05:30,370.70001220703125,371.6499938964844,370.6499938964844,371.6499938964844,23520
2025-04-29 10:31:00+05:30,370.3500061035156,370.54998779296875,370.0,370.5,21895
2025-04-29 10:32:00+05:30,371.45001220703125,371.70001220703125,370.3999938964844,370.3999938964844,11491
2025-04-29 10:33:00+05:30,371.3999938964844,371.70001220703125,370.8500061035156,371.70001220703125,10176
2025-04-29 10:34:00+05:30,371.25,371.3999938964844,371.0,371.0,7241
2025-04-29 10:35:00+05:30,371.6000061035156,371.6000061035156,370.8500061035156,371.0,18669
2025-04-29 10:36:00+05:30,371.75,371.8500061035156,371.3500061035156,371.3500061035156,49173
2025-04-29 10:37:00+05:30,371.8500061035156,372.20001220703125,371.5,371.79998779296875,27255
2025-04-29 10:38:00+05:30,372.6000061035156,373.25,371.6499938964844,372.0,45752
2025-04-29 10:39:00+05:30,374.6499938964844,374.70001220703125,371.75,372.5,100822
2025-04-29 10:40:00+05:30,374.29998779296875,374.95001220703125,374.0,374.45001220703125,55355
2025-04-29 10:41:00+05:30,375.20001220703125,375.6000061035156,374.0,374.0,139048
2025-04-29 10:42:00+05:30,375.3999938964844,375.45001220703125,374.75,375.20001220703125,84653
2025-04-29 10:43:00+05:30,374.45001220703125,375.3999938964844,374.1499938964844,375.25,39606
2025-04-29 10:44:00+05:30,374.20001220703125,374.5,374.20001220703125,374.20001220703125,23267
2025-04-29 10:45:00+05:30,374.3999938964844,374.3999938964844,374.0,374.0,66077
2025-04-29 10:46:00+05:30,375.0,375.0,374.1000061035156,374.29998779296875,21094
2025-04-29 10:47:00+05:30,375.3500061035156,375.79998779296875,375.0,375.0,87279
2025-04-29 10:48:00+05:30,375.0,375.6499938964844,375.0,375.5,31330
2025-04-29 10:49:00+05:30,375.25,375.29998779296875,374.6499938964844,375.20001220703125,14608
2025-04-29 10:50:00+05:30,374.54998779296875,375.25,374.54998779296875,375.04998779296875,22174
2025-04-29 10:51:00+05:30,374.45001220703125,374.79998779296875,374.20001220703125,374.75,16783
2025-04-29 10:52:00+05:30,374.3500061035156,374.3500061035156,374.0,374.20001220703125,13471
2025-04-29 10:53:00+05:30,375.04998779296875,375.25,374.29998779296875,374.29998779296875,53466
2025-04-29 10:54:00+05:30,375.3500061035156,375.3500061035156,375.0,375.1000061035156,15005
2025-04-29 10:55:00+05:30,375.0,375.29998779296875,375.0,375.1000061035156,7593
2025-04-29 10:56:00+05:30,374.70001220703125,375.29998779296875,374.5,375.29998779296875,10494
2025-04-29 10:57:00+05:30,375.04998779296875,375.1499938964844,374.1000061035156,374.79998779296875,43692
2025-04-29 10:58:00+05:30,375.0,375.25,374.75,375.25,15163
2025-04-29 10:59:00+05:30,375.0,375.20001220703125,374.79998779296875,374.79998779296875,16178
2025-04-29 11:00:00+05:30,375.0,375.0,375.0,375.0,10215
2025-04-29 11:01:00+05:30,374.0,375.0,374.0,375.0,29843
2025-04-29 11:02:00+05:30,374.1000061035156,374.29998779296875,374.0,374.1499938964844,24702
2025-04-29 11:03:00+05:30,374.20001220703125,374.29998779296875,374.0,374.29998779296875,9195
2025-04-29 11:04:00+05:30,374.0,374.1499938964844,373.8999938964844,373.8999938964844,20630
2025-04-29 11:05:00+05:30,374.29998779296875,374.29998779296875,374.0,374.0,17645
2025-04-29 11:06:00+05:30,374.45001220703125,374.5,374.25,374.3999938964844,2049
2025-04-29 11:07:00+05:30,374.3999938964844,374.5,374.04998779296875,374.45001220703125,6387
2025-04-29 11:08:00+05:30,374.25,374.5,374.25,374.3999938964844,2499
2025-04-29 11:09:00+05:30,375.0,375.25,374.29998779296875,374.29998779296875,32604
2025-04-29 11:10:00+05:30,374.3999938964844,375.04998779296875,374.3500061035156,374.3500061035156,20628
2025-04-29 11:11:00+05:30,374.45001220703125,374.5,374.29998779296875,374.29998779296875,2026
2025-04-29 11:12:00+05:30,374.3999938964844,374.3999938964844,374.1499938964844,374.20001220703125,20010
2025-04-29 11:13:00+05:30,374.20001220703125,374.3500061035156,374.1000061035156,374.1000061035156,4526
2025-04-29 11:14:00+05:30,374.25,374.45001220703125,374.0,374.20001220703125,23311
2025-04-29 11:15:00+05:30,374.29998779296875,374.29998779296875,374.04998779296875,374.04998779296875,8387
2025-04-29 11:16:00+05:30,374.20001220703125,374.3999938964844,374.1000061035156,374.20001220703125,9133
2025-04-29 11:17:00+05:30,374.0,374.20001220703125,374.0,374.20001220703125,7017
2025-04-29 11:18:00+05:30,374.0,374.04998779296875,374.0,374.0,13151
2025-04-29 11:19:00+05:30,374.25,374.29998779296875,374.0,374.20001220703125,5076
2025-04-29 11:20:00+05:30,374.04998779296875,374.20001220703125,374.0,374.20001220703125,1654
2025-04-29 11:21:00+05:30,374.3500061035156,374.3500061035156,374.0,374.0,12992
2025-04-29 11:22:00+05:30,374.79998779296875,374.79998779296875,374.1499938964844,374.1499938964844,10955
2025-04-29 11:23:00+05:30,374.8500061035156,374.8500061035156,374.54998779296875,374.54998779296875,7579
2025-04-29 11:24:00+05:30,374.5,374.79998779296875,374.5,374.79998779296875,11609
2025-04-29 11:25:00+05:30,374.8500061035156,375.25,374.3999938964844,374.6000061035156,31794
2025-04-29 11:26:00+05:30,375.45001220703125,375.79998779296875,375.1000061035156,375.1499938964844,32568
2025-04-29 11:27:00+05:30,375.6000061035156,376.29998779296875,375.45001220703125,375.45001220703125,85556
2025-04-29 11:28:00+05:30,375.3999938964844,375.5,375.0,375.5,16523
2025-04-29 11:29:00+05:30,375.0,375.3500061035156,374.6000061035156,375.3500061035156,13173
2025-04-29 11:30:00+05:30,374.5,375.0,374.5,374.70001220703125,14407
2025-04-29 11:31:00+05:30,374.79998779296875,374.79998779296875,374.5,374.5,10643
2025-04-29 11:32:00+05:30,374.6000061035156,374.79998779296875,374.54998779296875,374.79998779296875,15616
2025-04-29 11:33:00+05:30,374.6000061035156,374.79998779296875,374.5,374.79998779296875,28283
2025-04-29 11:34:00+05:30,374.5,374.79998779296875,374.5,374.79998779296875,4659
2025-04-29 11:35:00+05:30,374.1499938964844,374.70001220703125,374.1499938964844,374.70001220703125,5606
2025-04-29 11:36:00+05:30,374.1000061035156,374.29998779296875,373.75,374.29998779296875,29071
2025-04-29 11:37:00+05:30,374.04998779296875,374.3999938964844,373.8999938964844,374.20001220703125,20770
2025-04-29 11:38:00+05:30,374.20001220703125,374.20001220703125,374.0,374.1000061035156,17841
2025-04-29 11:39:00+05:30,374.0,374.25,374.0,374.04998779296875,8790
2025-04-29 11:40:00+05:30,374.0,374.25,372.5,374.20001220703125,70204
2025-04-29 11:41:00+05:30,374.04998779296875,374.25,374.0,374.1000061035156,16504
2025-04-29 11:42:00+05:30,374.6499938964844,374.70001220703125,374.04998779296875,374.04998779296875,8342
2025-04-29 11:43:00+05:30,374.75,375.0,374.6499938964844,374.70001220703125,13006
2025-04-29 11:44:00+05:30,374.8500061035156,374.8500061035156,374.6000061035156,374.6000061035156,2564
2025-04-29 11:45:00+05:30,374.6499938964844,374.8500061035156,374.6499938964844,374.8500061035156,4502
2025-04-29 11:46:00+05:30,374.95001220703125,374.95001220703125,374.79998779296875,374.79998779296875,12787
2025-04-29 11:47:00+05:30,374.1499938964844,374.95001220703125,374.1000061035156,374.95001220703125,33517
2025-04-29 11:48:00+05:30,374.45001220703125,374.45001220703125,374.0,374.1499938964844,8263
2025-04-29 11:49:00+05:30,374.5,374.5,374.45001220703125,374.5,2060
2025-04-29 11:50:00+05:30,374.3999938964844,374.5,374.1000061035156,374.5,3981
2025-04-29 11:51:00+05:30,374.45001220703125,374.5,374.25,374.3999938964844,2917
2025-04-29 11:52:00+05:30,374.04998779296875,374.3500061035156,373.95001220703125,374.25,11441
2025-04-29 11:53:00+05:30,374.0,374.0,374.0,374.0,5834
2025-04-29 11:54:00+05:30,374.0,374.25,374.0,374.1000061035156,8692
2025-04-29 11:55:00+05:30,374.0,374.25,374.0,374.0,7572
2025-04-29 11:56:00+05:30,374.0,374.20001220703125,374.0,374.0,15267
2025-04-29 11:57:00+05:30,374.04998779296875,374.25,374.0,374.25,19197
2025-04-29 11:58:00+05:30,374.1000061035156,374.45001220703125,374.0,374.04998779296875,12551
2025-04-29 11:59:00+05:30,374.1000061035156,374.25,374.04998779296875,374.1000061035156,20816
2025-04-29 12:00:00+05:30,374.0,374.1000061035156,373.3500061035156,374.1000061035156,58725
2025-04-29 12:01:00+05:30,374.0,374.25,373.8999938964844,374.0,11589
2025-04-29 12:02:00+05:30,374.04998779296875,374.25,374.0,374.25,611
2025-04-29 12:03:00+05:30,374.95001220703125,374.95001220703125,374.04998779296875,374.04998779296875,20255
2025-04-29 12:04:00+05:30,374.45001220703125,374.8500061035156,374.3500061035156,374.79998779296875,6507
2025-04-29 12:05:00+05:30,374.5,375.20001220703125,374.5,375.04998779296875,21727
2025-04-29 12:06:00+05:30,374.54998779296875,374.6499938964844,374.5,374.5,3598
2025-04-29 12:07:00+05:30,374.79998779296875,375.0,374.54998779296875,374.54998779296875,8590
2025-04-29 12:08:00+05:30,374.5,375.0,374.5,374.79998779296875,4010
2025-04-29 12:09:00+05:30,374.1499938964844,374.79998779296875,374.0,374.79998779296875,11530
2025-04-29 12:10:00+05:30,374.1499938964844,374.29998779296875,374.0,374.1499938964844,5498
2025-04-29 12:11:00+05:30,374.1499938964844,374.20001220703125,374.0,374.0,3344
2025-04-29 12:12:00+05:30,374.04998779296875,374.1499938964844,374.04998779296875,374.04998779296875,1897
2025-04-29 12:13:00+05:30,374.1499938964844,374.1499938964844,374.04998779296875,374.04998779296875,4895
2025-04-29 12:14:00+05:30,374.20001220703125,374.29998779296875,374.0,374.0,3780
2025-04-29 12:15:00+05:30,374.0,374.1499938964844,374.0,374.04998779296875,2507
2025-04-29 12:16:00+05:30,374.0,374.1499938964844,374.0,374.1499938964844,6384
2025-04-29 12:17:00+05:30,374.0,374.20001220703125,374.0,374.1000061035156,8303
2025-04-29 12:18:00+05:30,374.1000061035156,374.20001220703125,374.0,374.0,8375
2025-04-29 12:19:00+05:30,374.1000061035156,374.1000061035156,374.0,374.1000061035156,3238
2025-04-29 12:20:00+05:30,374.0,374.25,374.0,374.04998779296875,22526
2025-04-29 12:21:00+05:30,374.04998779296875,374.25,374.04998779296875,374.04998779296875,4028
2025-04-29 12:22:00+05:30,373.8999938964844,374.1499938964844,373.8999938964844,374.04998779296875,5819
2025-04-29 12:23:00+05:30,371.45001220703125,373.8999938964844,371.3999938964844,373.8999938964844,72477
2025-04-29 12:24:00+05:30,371.54998779296875,371.79998779296875,371.29998779296875,371.45001220703125,9423
2025-04-29 12:25:00+05:30,372.29998779296875,372.70001220703125,371.54998779296875,371.54998779296875,20252
2025-04-29 12:26:00+05:30,372.54998779296875,372.70001220703125,372.25,372.25,5738
2025-04-29 12:27:00+05:30,371.75,372.54998779296875,371.6000061035156,372.54998779296875,17108
2025-04-29 12:28:00+05:30,371.5,371.5,371.29998779296875,371.45001220703125,11425
2025-04-29 12:29:00+05:30,372.29998779296875,372.79998779296875,371.5,371.5,15387
2025-04-29 12:30:00+05:30,372.45001220703125,372.5,372.0,372.1499938964844,5430
2025-04-29 12:31:00+05:30,373.3999938964844,373.3999938964844,372.6499938964844,372.6499938964844,10022
2025-04-29 12:32:00+05:30,373.45001220703125,373.70001220703125,373.20001220703125,373.5,10633
2025-04-29 12:33:00+05:30,373.6000061035156,373.6000061035156,373.45001220703125,373.45001220703125,11165
2025-04-29 12:34:00+05:30,373.54998779296875,373.79998779296875,373.45001220703125,373.6000061035156,6050
2025-04-29 12:35:00+05:30,373.54998779296875,373.79998779296875,373.54998779296875,373.70001220703125,4227
2025-04-29 12:36:00+05:30,374.0,374.0,373.54998779296875,373.70001220703125,15130
2025-04-29 12:37:00+05:30,374.5,374.5,374.0,374.1000061035156,12498
2025-04-29 12:38:00+05:30,374.29998779296875,374.5,374.1499938964844,374.5,7822
2025-04-29 12:39:00+05:30,374.45001220703125,374.5,374.29998779296875,374.5,5546
2025-04-29 12:40:00+05:30,374.1000061035156,374.45001220703125,374.1000061035156,374.45001220703125,2979
2025-04-29 12:41:00+05:30,374.20001220703125,374.3500061035156,374.1000061035156,374.3500061035156,2614
2025-04-29 12:42:00+05:30,374.3999938964844,374.45001220703125,374.20001220703125,374.20001220703125,2800
2025-04-29 12:43:00+05:30,374.1499938964844,374.29998779296875,374.0,374.1499938964844,11387
2025-04-29 12:44:00+05:30,374.0,374.1499938964844,374.0,374.0,3769
2025-04-29 12:45:00+05:30,374.0,374.25,374.0,374.1499938964844,5942
2025-04-29 12:46:00+05:30,374.0,374.3500061035156,374.0,374.25,5040
2025-04-29 12:47:00+05:30,374.0,374.25,373.70001220703125,374.25,16174
2025-04-29 12:48:00+05:30,374.20001220703125,374.29998779296875,373.95001220703125,374.20001220703125,4881
2025-04-29 12:49:00+05:30,374.45001220703125,374.45001220703125,374.20001220703125,374.20001220703125,9771
2025-04-29 12:50:00+05:30,374.8500061035156,374.8500061035156,374.3999938964844,374.54998779296875,9432
2025-04-29 12:51:00+05:30,374.8500061035156,374.95001220703125,374.5,374.5,28906
2025-04-29 12:52:00+05:30,375.0,375.1000061035156,374.79998779296875,374.8500061035156,4878
2025-04-29 12:53:00+05:30,375.0,375.20001220703125,374.79998779296875,375.04998779296875,5407
2025-04-29 12:54:00+05:30,374.5,375.0,374.5,375.0,3103
2025-04-29 12:55:00+05:30,374.54998779296875,374.79998779296875,374.5,374.5,3669
2025-04-29 12:56:00+05:30,374.54998779296875,374.8500061035156,374.5,374.5,5898
2025-04-29 12:57:00+05:30,374.5,374.75,374.5,374.54998779296875,3995
2025-04-29 12:58:00+05:30,374.29998779296875,374.54998779296875,374.29998779296875,374.54998779296875,446
2025-04-29 12:59:00+05:30,374.20001220703125,374.45001220703125,374.1000061035156,374.3999938964844,1481
2025-04-29 13:00:00+05:30,374.75,374.8500061035156,374.3999938964844,374.54998779296875,3610
2025-04-29 13:01:00+05:30,374.6499938964844,374.8500061035156,374.54998779296875,374.8500061035156,999
2025-04-29 13:02:00+05:30,374.3500061035156,374.8999938964844,374.3500061035156,374.8999938964844,5058
2025-04-29 13:03:00+05:30,374.54998779296875,374.8500061035156,374.45001220703125,374.6000061035156,2717
2025-04-29 13:04:00+05:30,374.5,374.79998779296875,374.5,374.79998779296875,3562
2025-04-29 13:05:00+05:30,374.54998779296875,374.79998779296875,374.5,374.79998779296875,4990
2025-04-29 13:06:00+05:30,374.20001220703125,374.79998779296875,374.1000061035156,374.79998779296875,8568
2025-04-29 13:07:00+05:30,373.3500061035156,374.0,373.1499938964844,374.0,20631
2025-04-29 13:08:00+05:30,373.6499938964844,373.75,373.3500061035156,373.6000061035156,4633
2025-04-29 13:09:00+05:30,374.29998779296875,374.29998779296875,373.45001220703125,373.6499938964844,8045
2025-04-29 13:10:00+05:30,374.0,374.3999938964844,374.0,374.29998779296875,10965
2025-04-29 13:11:00+05:30,373.79998779296875,374.1000061035156,373.6499938964844,374.1000061035156,6200
2025-04-29 13:12:00+05:30,373.95001220703125,374.20001220703125,373.79998779296875,373.79998779296875,2828
2025-04-29 13:13:00+05:30,374.1499938964844,374.20001220703125,373.8500061035156,374.20001220703125,2576
2025-04-29 13:14:00+05:30,374.0,374.1499938964844,374.0,374.1499938964844,2026
2025-04-29 13:15:00+05:30,373.70001220703125,374.5,373.70001220703125,373.8500061035156,23763
2025-04-29 13:16:00+05:30,373.0,373.54998779296875,373.0,373.54998779296875,13076
2025-04-29 13:17:00+05:30,372.75,372.95001220703125,372.5,372.8999938964844,8302
2025-04-29 13:18:00+05:30,372.95001220703125,372.95001220703125,372.3999938964844,372.75,8671
2025-04-29 13:19:00+05:30,373.04998779296875,373.04998779296875,372.75,372.95001220703125,5151
2025-04-29 13:20:00+05:30,374.45001220703125,374.45001220703125,372.79998779296875,372.79998779296875,17279
2025-04-29 13:21:00+05:30,373.6499938964844,374.1499938964844,373.6499938964844,374.1499938964844,3485
2025-04-29 13:22:00+05:30,374.0,374.04998779296875,373.6000061035156,373.6000061035156,2556
2025-04-29 13:23:00+05:30,374.20001220703125,374.20001220703125,373.6499938964844,373.6499938964844,5194
2025-04-29 13:24:00+05:30,374.0,374.29998779296875,373.8500061035156,374.0,5949
2025-04-29 13:25:00+05:30,374.0,374.0,373.8999938964844,374.0,7914
2025-04-29 13:26:00+05:30,374.20001220703125,374.20001220703125,373.8999938964844,374.20001220703125,1888
2025-04-29 13:27:00+05:30,373.75,374.20001220703125,373.75,374.04998779296875,5172
2025-04-29 13:28:00+05:30,374.0,374.20001220703125,373.79998779296875,374.0,2032
2025-04-29 13:29:00+05:30,374.0,374.1499938964844,373.8500061035156,374.1499938964844,4317
2025-04-29 13:30:00+05:30,374.0,374.1499938964844,374.0,374.0,1490
2025-04-29 13:31:00+05:30,374.0,374.29998779296875,373.95001220703125,374.04998779296875,6674
2025-04-29 13:32:00+05:30,373.95001220703125,374.25,373.95001220703125,374.0,4989
2025-04-29 13:33:00+05:30,374.0,374.0,373.95001220703125,373.95001220703125,2364
2025-04-29 13:34:00+05:30,373.95001220703125,374.29998779296875,373.95001220703125,374.0,2716
2025-04-29 13:35:00+05:30,373.95001220703125,374.25,373.95001220703125,374.25,9211
2025-04-29 13:36:00+05:30,373.79998779296875,373.79998779296875,373.29998779296875,373.6499938964844,12308
2025-04-29 13:37:00+05:30,373.3999938964844,373.70001220703125,373.3500061035156,373.45001220703125,4148
2025-04-29 13:38:00+05:30,373.54998779296875,373.75,373.29998779296875,373.29998779296875,5821
2025-04-29 13:39:00+05:30,373.6000061035156,374.0,373.6000061035156,373.6000061035156,2599
2025-04-29 13:40:00+05:30,373.5,373.79998779296875,373.45001220703125,373.75,8996
2025-04-29 13:41:00+05:30,373.8500061035156,373.8500061035156,373.54998779296875,373.75,1680
2025-04-29 13:42:00+05:30,373.5,373.8500061035156,373.5,373.8500061035156,4608
2025-04-29 13:43:00+05:30,373.8500061035156,374.0,373.54998779296875,373.79998779296875,4473
2025-04-29 13:44:00+05:30,373.8500061035156,373.95001220703125,373.5,373.6000061035156,4041
2025-04-29 13:45:00+05:30,374.0,374.1499938964844,373.6000061035156,374.0,9941
2025-04-29 13:46:00+05:30,373.6499938964844,374.0,373.6000061035156,374.0,4025
2025-04-29 13:47:00+05:30,373.8500061035156,373.95001220703125,373.6000061035156,373.6000061035156,1800
2025-04-29 13:48:00+05:30,373.79998779296875,373.8999938964844,373.6000061035156,373.8999938964844,4291
2025-04-29 13:49:00+05:30,373.6000061035156,373.95001220703125,373.6000061035156,373.70001220703125,14043
2025-04-29 13:50:00+05:30,373.45001220703125,373.8500061035156,373.45001220703125,373.6000061035156,4365
2025-04-29 13:51:00+05:30,373.5,373.8999938964844,373.3999938964844,373.75,5100
2025-04-29 13:52:00+05:30,373.5,373.70001220703125,373.5,373.5,4160
2025-04-29 13:53:00+05:30,373.25,373.54998779296875,373.04998779296875,373.5,8650
2025-04-29 13:54:00+05:30,373.54998779296875,373.54998779296875,373.04998779296875,373.04998779296875,4104
2025-04-29 13:55:00+05:30,373.04998779296875,373.5,373.04998779296875,373.25,4938
2025-04-29 13:56:00+05:30,373.1000061035156,373.25,373.04998779296875,373.04998779296875,3573
2025-04-29 13:57:00+05:30,373.04998779296875,373.3500061035156,373.04998779296875,373.1000061035156,3875
2025-04-29 13:58:00+05:30,373.5,373.5,373.04998779296875,373.1000061035156,4000
2025-04-29 13:59:00+05:30,373.25,373.6499938964844,373.25,373.29998779296875,5519
2025-04-29 14:00:00+05:30,373.20001220703125,373.45001220703125,373.20001220703125,373.29998779296875,9594
2025-04-29 14:01:00+05:30,373.1499938964844,373.3500061035156,373.0,373.20001220703125,10201
2025-04-29 14:02:00+05:30,373.1499938964844,373.3999938964844,373.0,373.1499938964844,4370
2025-04-29 14:03:00+05:30,373.45001220703125,373.45001220703125,373.0,373.20001220703125,12729
2025-04-29 14:04:00+05:30,373.25,373.29998779296875,373.0,373.1000061035156,4261
2025-04-29 14:05:00+05:30,373.3999938964844,373.45001220703125,373.0,373.1499938964844,4531
2025-04-29 14:06:00+05:30,373.1000061035156,373.3999938964844,373.1000061035156,373.20001220703125,4993
2025-04-29 14:07:00+05:30,373.3999938964844,373.5,373.1499938964844,373.1499938964844,3766
2025-04-29 14:08:00+05:30,373.0,373.3999938964844,373.0,373.3999938964844,3976
2025-04-29 14:09:00+05:30,372.95001220703125,373.3500061035156,372.95001220703125,373.29998779296875,5684
2025-04-29 14:10:00+05:30,372.6499938964844,373.20001220703125,372.6499938964844,372.6499938964844,12019
2025-04-29 14:11:00+05:30,372.6000061035156,373.0,372.20001220703125,372.70001220703125,23077
2025-04-29 14:12:00+05:30,372.75,373.0,372.29998779296875,372.6499938964844,6461
2025-04-29 14:13:00+05:30,372.70001220703125,373.0,372.70001220703125,372.75,5367
2025-04-29 14:14:00+05:30,372.6499938964844,372.95001220703125,372.6000061035156,372.6000061035156,3985
2025-04-29 14:15:00+05:30,373.0,373.0,372.6499938964844,372.6499938964844,4308
2025-04-29 14:16:00+05:30,373.0,373.0,372.54998779296875,372.54998779296875,7515
2025-04-29 14:17:00+05:30,372.70001220703125,373.0,372.70001220703125,372.8500061035156,2751
2025-04-29 14:18:00+05:30,372.6000061035156,372.79998779296875,372.6000061035156,372.75,5602
2025-04-29 14:19:00+05:30,372.54998779296875,372.75,372.45001220703125,372.6000061035156,4227
2025-04-29 14:20:00+05:30,372.75,372.75,372.5,372.5,4331
2025-04-29 14:21:00+05:30,372.45001220703125,372.6000061035156,372.1499938964844,372.6000061035156,9802
2025-04-29 14:22:00+05:30,372.0,372.54998779296875,371.8500061035156,372.25,14886
2025-04-29 14:23:00+05:30,372.20001220703125,372.3500061035156,372.04998779296875,372.20001220703125,8640
2025-04-29 14:24:00+05:30,372.25,372.45001220703125,372.04998779296875,372.45001220703125,7530
2025-04-29 14:25:00+05:30,372.6000061035156,372.6000061035156,372.1000061035156,372.20001220703125,10039
2025-04-29 14:26:00+05:30,372.25,372.6000061035156,372.1000061035156,372.3999938964844,6375
2025-04-29 14:27:00+05:30,372.3999938964844,372.6000061035156,372.20001220703125,372.45001220703125,2409
2025-04-29 14:28:00+05:30,372.0,372.3500061035156,372.0,372.1499938964844,5124
2025-04-29 14:29:00+05:30,372.04998779296875,372.3999938964844,372.0,372.0,3975
2025-04-29 14:30:00+05:30,372.5,372.5,372.04998779296875,372.25,3122
2025-04-29 14:31:00+05:30,372.5,372.75,372.3500061035156,372.3500061035156,6454
2025-04-29 14:32:00+05:30,372.3999938964844,372.54998779296875,372.20001220703125,372.3500061035156,5095
2025-04-29 14:33:00+05:30,372.54998779296875,372.6000061035156,372.45001220703125,372.54998779296875,4214
2025-04-29 14:34:00+05:30,371.79998779296875,372.54998779296875,371.79998779296875,372.54998779296875,10339
2025-04-29 14:35:00+05:30,372.1499938964844,372.1499938964844,371.79998779296875,371.95001220703125,11534
2025-04-29 14:36:00+05:30,372.3999938964844,372.75,372.1000061035156,372.29998779296875,10245
2025-04-29 14:37:00+05:30,372.45001220703125,372.70001220703125,372.20001220703125,372.20001220703125,4500
2025-04-29 14:38:00+05:30,371.6000061035156,372.3999938964844,371.3999938964844,372.3999938964844,22332
2025-04-29 14:39:00+05:30,371.6499938964844,371.75,371.3500061035156,371.6499938964844,5913
2025-04-29 14:40:00+05:30,372.6499938964844,372.79998779296875,371.79998779296875,371.79998779296875,11978
2025-04-29 14:41:00+05:30,372.75,373.0,372.6499938964844,373.0,4375
2025-04-29 14:42:00+05:30,373.6000061035156,373.75,373.04998779296875,373.04998779296875,23255
2025-04-29 14:43:00+05:30,373.25,373.6499938964844,373.1000061035156,373.29998779296875,12491
2025-04-29 14:44:00+05:30,373.3500061035156,373.6000061035156,373.29998779296875,373.29998779296875,4506
2025-04-29 14:45:00+05:30,373.29998779296875,373.5,373.25,373.3999938964844,5288
2025-04-29 14:46:00+05:30,373.3999938964844,373.6499938964844,373.25,373.3999938964844,4606
2025-04-29 14:47:00+05:30,373.95001220703125,374.1499938964844,373.6499938964844,373.6499938964844,24697
2025-04-29 14:48:00+05:30,374.0,374.20001220703125,373.8999938964844,374.1499938964844,6803
2025-04-29 14:49:00+05:30,373.3999938964844,374.20001220703125,373.3999938964844,373.95001220703125,15987
2025-04-29 14:50:00+05:30,373.8999938964844,374.0,373.3999938964844,373.3999938964844,4542
2025-04-29 14:51:00+05:30,374.25,374.45001220703125,373.79998779296875,373.79998779296875,11961
2025-04-29 14:52:00+05:30,374.8500061035156,374.8500061035156,374.25,374.29998779296875,16348
2025-04-29 14:53:00+05:30,374.5,374.95001220703125,374.45001220703125,374.95001220703125,41038
2025-04-29 14:54:00+05:30,374.3500061035156,374.5,374.3500061035156,374.5,8786
2025-04-29 14:55:00+05:30,374.20001220703125,374.29998779296875,374.0,374.20001220703125,6257
2025-04-29 14:56:00+05:30,374.75,374.75,374.04998779296875,374.04998779296875,14015
2025-04-29 14:57:00+05:30,374.6499938964844,374.8500061035156,374.5,374.54998779296875,5542
2025-04-29 14:58:00+05:30,374.79998779296875,374.79998779296875,374.54998779296875,374.75,8843
2025-04-29 14:59:00+05:30,374.8500061035156,374.8999938964844,374.75,374.75,9246
2025-04-29 15:00:00+05:30,375.3500061035156,375.54998779296875,375.20001220703125,375.20001220703125,30385
2025-04-29 15:01:00+05:30,375.45001220703125,375.45001220703125,375.3500061035156,375.3999938964844,10758
2025-04-29 15:02:00+05:30,375.1499938964844,375.3999938964844,375.04998779296875,375.3999938964844,9952
2025-04-29 15:03:00+05:30,375.25,375.3999938964844,375.20001220703125,375.3500061035156,16703
2025-04-29 15:04:00+05:30,375.70001220703125,376.20001220703125,375.3999938964844,375.3999938964844,67520
2025-04-29 15:05:00+05:30,376.0,376.04998779296875,375.6499938964844,375.70001220703125,18243
2025-04-29 15:06:00+05:30,376.20001220703125,376.3500061035156,376.0,376.0,36509
2025-04-29 15:07:00+05:30,376.3999938964844,376.5,376.04998779296875,376.04998779296875,19222
2025-04-29 15:08:00+05:30,376.0,376.3500061035156,376.0,376.3500061035156,19758
2025-04-29 15:09:00+05:30,376.0,376.0,375.29998779296875,375.70001220703125,30828
2025-04-29 15:10:00+05:30,375.54998779296875,375.75,375.54998779296875,375.6499938964844,12327
2025-04-29 15:11:00+05:30,374.75,375.6000061035156,374.6499938964844,375.6000061035156,38458
2025-04-29 15:12:00+05:30,375.3500061035156,375.45001220703125,374.70001220703125,374.75,19734
2025-04-29 15:13:00+05:30,375.54998779296875,375.6499938964844,375.5,375.6000061035156,21058
2025-04-29 15:14:00+05:30,375.3999938964844,375.5,375.1499938964844,375.5,9262
2025-04-29 15:15:00+05:30,374.54998779296875,375.3999938964844,374.54998779296875,375.3999938964844,33102
2025-04-29 15:16:00+05:30,375.0,375.0,374.5,374.75,27844
2025-04-29 15:17:00+05:30,375.1000061035156,375.5,374.75,375.0,18943
2025-04-29 15:18:00+05:30,376.75,376.75,375.20001220703125,375.3999938964844,97362
2025-04-29 15:19:00+05:30,377.04998779296875,377.04998779296875,375.70001220703125,376.5,66482
2025-04-29 15:20:00+05:30,376.45001220703125,377.25,376.45001220703125,376.75,33381
2025-04-29 15:21:00+05:30,376.75,377.0,376.45001220703125,377.0,4467
2025-04-29 15:22:00+05:30,377.1000061035156,377.25,376.75,376.79998779296875,14623
2025-04-29 15:23:00+05:30,377.0,377.20001220703125,377.0,377.1499938964844,9169
2025-04-29 15:24:00+05:30,377.0,377.6499938964844,376.79998779296875,376.95001220703125,67032
2025-04-29 15:25:00+05:30,376.8999938964844,377.29998779296875,376.5,377.04998779296875,9022
2025-04-29 15:26:00+05:30,376.8999938964844,377.0,376.6499938964844,376.6499938964844,6240
2025-04-29 15:27:00+05:30,376.95001220703125,377.0,376.95001220703125,377.0,9596
2025-04-29 15:28:00+05:30,376.70001220703125,376.95001220703125,376.6000061035156,376.79998779296875,8954
2025-04-29 15:29:00+05:30,375.8500061035156,376.45001220703125,375.8500061035156,376.45001220703125,13012
2025-04-30 09:15:00+05:30,375.25,378.0,375.25,376.25,0
2025-04-30 09:16:00+05:30,371.8500061035156,376.0,371.20001220703125,375.95001220703125,48951
2025-04-30 09:17:00+05:30,370.75,372.3999938964844,369.5,372.25,69438
2025-04-30 09:18:00+05:30,372.0,372.0,369.8999938964844,370.3999938964844,43043
2025-04-30 09:19:00+05:30,378.20001220703125,378.29998779296875,372.0,372.0,55142
2025-04-30 09:20:00+05:30,376.45001220703125,379.29998779296875,375.1000061035156,379.29998779296875,86843
2025-04-30 09:21:00+05:30,376.45001220703125,376.5,375.1499938964844,376.45001220703125,47237
2025-04-30 09:22:00+05:30,380.79998779296875,381.0,375.1499938964844,376.3999938964844,127782
2025-04-30 09:23:00+05:30,385.0,385.5,380.95001220703125,380.95001220703125,199650
2025-04-30 09:24:00+05:30,383.54998779296875,385.20001220703125,383.54998779296875,385.20001220703125,131346
2025-04-30 09:25:00+05:30,382.25,383.54998779296875,381.3999938964844,383.29998779296875,87010
2025-04-30 09:26:00+05:30,382.3999938964844,383.25,381.25,382.6000061035156,62211
2025-04-30 09:27:00+05:30,384.6000061035156,385.45001220703125,381.8500061035156,382.3999938964844,102205
2025-04-30 09:28:00+05:30,380.6499938964844,385.0,380.0,384.3999938964844,110344
2025-04-30 09:29:00+05:30,383.04998779296875,383.75,380.6499938964844,380.8999938964844,49265
2025-04-30 09:30:00+05:30,381.75,383.3999938964844,381.70001220703125,383.29998779296875,39293
2025-04-30 09:31:00+05:30,382.3500061035156,382.45001220703125,381.8999938964844,382.0,32159
2025-04-30 09:32:00+05:30,381.54998779296875,382.45001220703125,381.54998779296875,382.45001220703125,27383
2025-04-30 09:33:00+05:30,382.29998779296875,383.1000061035156,381.5,381.5,38478
2025-04-30 09:34:00+05:30,382.3500061035156,382.70001220703125,381.54998779296875,382.29998779296875,17036
2025-04-30 09:35:00+05:30,381.6499938964844,382.3999938964844,381.0,382.3999938964844,23543
2025-04-30 09:36:00+05:30,381.6000061035156,381.75,381.25,381.29998779296875,11215
2025-04-30 09:37:00+05:30,382.0,382.0,380.79998779296875,381.6000061035156,16572
2025-04-30 09:38:00+05:30,382.6000061035156,382.70001220703125,381.95001220703125,382.25,20303
2025-04-30 09:39:00+05:30,382.75,382.75,382.3500061035156,382.45001220703125,14236
2025-04-30 09:40:00+05:30,383.45001220703125,383.45001220703125,382.3999938964844,382.75,24499
2025-04-30 09:41:00+05:30,383.3500061035156,383.3500061035156,382.6499938964844,383.20001220703125,16133
2025-04-30 09:42:00+05:30,382.79998779296875,383.04998779296875,382.6000061035156,383.04998779296875,11442
2025-04-30 09:43:00+05:30,381.95001220703125,382.79998779296875,381.54998779296875,382.70001220703125,13843
2025-04-30 09:44:00+05:30,382.3999938964844,382.5,382.1000061035156,382.1000061035156,5047
2025-04-30 09:45:00+05:30,383.1499938964844,383.1499938964844,382.29998779296875,382.29998779296875,14677
2025-04-30 09:46:00+05:30,383.6499938964844,383.75,383.29998779296875,383.3500061035156,17121
2025-04-30 09:47:00+05:30,383.95001220703125,383.95001220703125,383.1000061035156,383.1000061035156,24989
2025-04-30 09:48:00+05:30,384.75,384.95001220703125,383.79998779296875,383.8999938964844,43586
2025-04-30 09:49:00+05:30,385.20001220703125,385.3999938964844,384.54998779296875,384.54998779296875,53905
2025-04-30 09:50:00+05:30,385.3999938964844,385.95001220703125,385.0,385.3999938964844,131021
2025-04-30 09:51:00+05:30,384.25,385.45001220703125,384.20001220703125,385.25,15206
2025-04-30 09:52:00+05:30,384.8500061035156,384.8999938964844,384.25,384.25,15313
2025-04-30 09:53:00+05:30,385.29998779296875,385.3500061035156,384.70001220703125,384.70001220703125,37615
2025-04-30 09:54:00+05:30,384.79998779296875,385.0,384.5,384.75,24194
2025-04-30 09:55:00+05:30,383.3999938964844,384.6499938964844,383.3999938964844,384.6000061035156,26172
2025-04-30 09:56:00+05:30,383.95001220703125,384.1499938964844,383.45001220703125,383.45001220703125,14657
2025-04-30 09:57:00+05:30,383.54998779296875,383.95001220703125,383.54998779296875,383.95001220703125,5229
2025-04-30 09:58:00+05:30,383.0,383.54998779296875,382.75,383.54998779296875,20709
2025-04-30 09:59:00+05:30,383.0,383.29998779296875,382.8500061035156,383.29998779296875,19165
2025-04-30 10:00:00+05:30,382.3999938964844,382.8500061035156,382.29998779296875,382.8500061035156,21612
2025-04-30 10:01:00+05:30,382.95001220703125,382.95001220703125,382.3999938964844,382.3999938964844,6717
2025-04-30 10:02:00+05:30,382.1000061035156,382.8999938964844,382.1000061035156,382.8999938964844,13257
2025-04-30 10:03:00+05:30,382.54998779296875,382.8999938964844,382.1499938964844,382.1499938964844,11499
2025-04-30 10:04:00+05:30,382.1499938964844,382.6499938964844,382.1499938964844,382.6000061035156,5864
2025-04-30 10:05:00+05:30,382.45001220703125,382.45001220703125,381.70001220703125,382.25,30330
2025-04-30 10:06:00+05:30,383.45001220703125,383.70001220703125,382.8500061035156,382.8500061035156,16887
2025-04-30 10:07:00+05:30,383.8999938964844,384.1000061035156,383.25,383.25,10185
2025-04-30 10:08:00+05:30,383.6499938964844,384.04998779296875,383.6499938964844,383.8500061035156,8039
2025-04-30 10:09:00+05:30,384.29998779296875,384.29998779296875,383.75,383.95001220703125,14536
2025-04-30 10:10:00+05:30,385.45001220703125,386.8999938964844,385.1000061035156,385.1000061035156,113453
2025-04-30 10:11:00+05:30,385.1000061035156,385.6000061035156,385.0,385.3999938964844,25442
2025-04-30 10:12:00+05:30,385.5,385.5,385.1499938964844,385.1499938964844,14483
2025-04-30 10:13:00+05:30,385.3500061035156,385.5,385.25,385.25,5943
2025-04-30 10:14:00+05:30,385.8500061035156,385.8500061035156,385.04998779296875,385.3999938964844,23224
2025-04-30 10:15:00+05:30,385.6000061035156,385.8500061035156,385.5,385.75,14508
2025-04-30 10:16:00+05:30,385.8500061035156,385.8999938964844,385.70001220703125,385.79998779296875,13826
2025-04-30 10:17:00+05:30,385.75,385.8999938964844,385.70001220703125,385.8500061035156,14578
2025-04-30 10:18:00+05:30,386.3999938964844,386.6000061035156,386.1499938964844,386.54998779296875,40447
2025-04-30 10:19:00+05:30,387.0,387.0,386.0,386.3500061035156,44211
2025-04-30 10:20:00+05:30,386.1499938964844,387.1499938964844,386.1499938964844,386.8999938964844,34166
2025-04-30 10:21:00+05:30,386.8999938964844,387.29998779296875,386.0,386.3999938964844,64135
2025-04-30 10:22:00+05:30,389.29998779296875,389.70001220703125,386.8999938964844,387.1499938964844,183027
2025-04-30 10:23:00+05:30,390.5,391.29998779296875,389.29998779296875,389.45001220703125,167342
2025-04-30 10:24:00+05:30,392.0,392.3999938964844,390.5,390.70001220703125,110033
2025-04-30 10:25:00+05:30,391.6000061035156,391.95001220703125,391.0,391.95001220703125,73709
2025-04-30 10:26:00+05:30,393.0,393.0,391.3500061035156,391.54998779296875,105422
2025-04-30 10:27:00+05:30,390.6499938964844,392.8500061035156,390.20001220703125,392.8500061035156,117146
2025-04-30 10:28:00+05:30,391.29998779296875,391.70001220703125,390.6499938964844,390.6499938964844,40909
2025-04-30 10:29:00+05:30,390.20001220703125,391.0,389.95001220703125,390.79998779296875,76951
2025-04-30 10:30:00+05:30,390.0,390.04998779296875,389.3500061035156,389.95001220703125,71927
2025-04-30 10:31:00+05:30,391.29998779296875,391.6499938964844,390.0,390.0,98054
2025-04-30 10:32:00+05:30,392.8999938964844,392.8999938964844,391.29998779296875,391.29998779296875,88394
2025-04-30 10:33:00+05:30,394.79998779296875,394.95001220703125,392.70001220703125,392.75,175966
2025-04-30 10:34:00+05:30,393.6499938964844,394.8500061035156,393.25,394.6000061035156,101931
2025-04-30 10:35:00+05:30,392.6499938964844,394.75,392.45001220703125,393.3500061035156,100802
2025-04-30 10:36:00+05:30,392.29998779296875,392.8999938964844,392.1499938964844,392.79998779296875,68870
2025-04-30 10:37:00+05:30,393.0,393.79998779296875,392.3500061035156,392.3500061035156,82485
2025-04-30 10:38:00+05:30,392.3999938964844,393.1499938964844,392.3999938964844,393.04998779296875,51320
2025-04-30 10:39:00+05:30,395.1499938964844,395.8999938964844,392.3500061035156,392.45001220703125,183076
2025-04-30 10:40:00+05:30,395.95001220703125,396.3500061035156,394.8999938964844,394.8999938964844,127178
2025-04-30 10:41:00+05:30,396.20001220703125,396.8999938964844,395.5,395.79998779296875,115563
2025-04-30 10:42:00+05:30,395.5,396.20001220703125,394.6000061035156,396.0,126966
2025-04-30 10:43:00+05:30,395.54998779296875,396.0,395.0,395.54998779296875,72723
2025-04-30 10:44:00+05:30,396.6000061035156,396.8500061035156,395.45001220703125,395.5,84606
2025-04-30 10:45:00+05:30,398.3500061035156,398.3500061035156,395.95001220703125,396.6000061035156,181842
2025-04-30 10:46:00+05:30,397.54998779296875,398.79998779296875,397.3999938964844,398.20001220703125,183010
2025-04-30 10:47:00+05:30,398.95001220703125,398.95001220703125,397.70001220703125,397.70001220703125,117809
2025-04-30 10:48:00+05:30,399.3500061035156,399.3500061035156,398.0,398.70001220703125,127869
2025-04-30 10:49:00+05:30,401.04998779296875,401.04998779296875,398.70001220703125,399.04998779296875,251707
2025-04-30 10:50:00+05:30,400.6499938964844,401.3999938964844,400.0,400.6000061035156,215478
2025-04-30 10:51:00+05:30,400.0,401.29998779296875,399.70001220703125,400.45001220703125,215043
2025-04-30 10:52:00+05:30,400.25,400.6000061035156,399.0,400.04998779296875,129801
2025-04-30 10:53:00+05:30,398.29998779296875,400.6000061035156,397.6499938964844,400.29998779296875,199130
2025-04-30 10:54:00+05:30,397.8500061035156,398.3999938964844,397.45001220703125,398.20001220703125,110191
2025-04-30 10:55:00+05:30,397.0,398.0,396.20001220703125,397.95001220703125,159763
2025-04-30 10:56:00+05:30,397.29998779296875,397.54998779296875,397.0,397.0,64020
2025-04-30 10:57:00+05:30,397.95001220703125,398.3999938964844,396.5,397.5,123545
2025-04-30 10:58:00+05:30,395.8500061035156,398.20001220703125,395.75,397.95001220703125,111795
2025-04-30 10:59:00+05:30,395.75,396.3999938964844,395.54998779296875,395.70001220703125,76497
2025-04-30 11:00:00+05:30,396.29998779296875,396.3500061035156,395.29998779296875,395.6000061035156,99146
2025-04-30 11:01:00+05:30,397.0,397.0,396.0,396.29998779296875,59595
2025-04-30 11:02:00+05:30,395.75,397.0,395.20001220703125,397.0,92582
2025-04-30 11:03:00+05:30,395.6000061035156,396.3999938964844,395.54998779296875,395.75,31145
2025-04-30 11:04:00+05:30,396.75,397.1499938964844,395.6000061035156,396.0,70560
2025-04-30 11:05:00+05:30,396.6000061035156,397.0,396.20001220703125,397.0,29990
2025-04-30 11:06:00+05:30,396.20001220703125,396.54998779296875,396.0,396.5,16198
2025-04-30 11:07:00+05:30,397.25,397.5,395.0,396.20001220703125,153970
2025-04-30 11:08:00+05:30,398.3999938964844,398.3999938964844,397.1499938964844,397.20001220703125,112430
2025-04-30 11:09:00+05:30,399.20001220703125,399.5,398.29998779296875,398.5,173367
2025-04-30 11:10:00+05:30,397.8999938964844,399.04998779296875,397.5,399.0,93014
2025-04-30 11:11:00+05:30,397.04998779296875,398.29998779296875,397.04998779296875,398.0,38629
2025-04-30 11:12:00+05:30,397.3999938964844,397.5,397.04998779296875,397.04998779296875,37935
2025-04-30 11:13:00+05:30,397.20001220703125,397.45001220703125,397.1000061035156,397.20001220703125,19242
2025-04-30 11:14:00+05:30,397.1000061035156,397.3999938964844,397.1000061035156,397.1499938964844,14018
2025-04-30 11:15:00+05:30,397.20001220703125,397.5,397.1499938964844,397.1499938964844,14536
2025-04-30 11:16:00+05:30,400.45001220703125,400.45001220703125,397.20001220703125,397.25,224192
2025-04-30 11:17:00+05:30,400.29998779296875,400.5,399.79998779296875,400.20001220703125,107443
2025-04-30 11:18:00+05:30,401.25,401.45001220703125,399.79998779296875,400.3999938964844,142880
2025-04-30 11:19:00+05:30,400.3999938964844,401.25,400.04998779296875,401.25,67523
2025-04-30 11:20:00+05:30,399.0,400.29998779296875,398.6499938964844,400.29998779296875,115019
2025-04-30 11:21:00+05:30,398.95001220703125,399.1499938964844,398.1000061035156,399.0,56855
2025-04-30 11:22:00+05:30,400.45001220703125,400.95001220703125,398.79998779296875,398.95001220703125,97419
2025-04-30 11:23:00+05:30,400.8500061035156,401.29998779296875,400.20001220703125,400.25,115186
2025-04-30 11:24:00+05:30,401.0,401.5,400.6000061035156,400.6000061035156,93289
2025-04-30 11:25:00+05:30,400.95001220703125,401.20001220703125,400.54998779296875,400.6499938964844,57894
2025-04-30 11:26:00+05:30,401.1499938964844,401.6499938964844,400.54998779296875,401.0,80316
2025-04-30 11:27:00+05:30,402.20001220703125,402.3999938964844,400.8999938964844,401.45001220703125,184505
2025-04-30 11:28:00+05:30,402.1000061035156,402.6000061035156,401.5,402.3999938964844,126812
2025-04-30 11:29:00+05:30,401.6499938964844,402.1000061035156,400.70001220703125,402.1000061035156,129101
2025-04-30 11:30:00+05:30,400.3999938964844,401.8999938964844,400.3999938964844,401.5,83062
2025-04-30 11:31:00+05:30,401.0,401.0,400.0,400.6000061035156,92318
2025-04-30 11:32:00+05:30,400.54998779296875,400.95001220703125,400.0,400.6499938964844,56039
2025-04-30 11:33:00+05:30,400.3500061035156,400.70001220703125,400.29998779296875,400.3999938964844,29733
2025-04-30 11:34:00+05:30,400.75,400.8500061035156,400.29998779296875,400.29998779296875,31822
2025-04-30 11:35:00+05:30,400.45001220703125,400.75,400.25,400.54998779296875,22444
2025-04-30 11:36:00+05:30,401.1499938964844,401.3999938964844,400.0,400.29998779296875,95300
2025-04-30 11:37:00+05:30,401.75,402.25,401.0,401.1499938964844,70543
2025-04-30 11:38:00+05:30,401.25,401.75,401.1000061035156,401.75,32319
2025-04-30 11:39:00+05:30,401.0,401.5,400.5,401.5,50153
2025-04-30 11:40:00+05:30,400.5,401.0,400.3999938964844,401.0,20660
2025-04-30 11:41:00+05:30,400.75,401.0,400.45001220703125,400.45001220703125,31032
2025-04-30 11:42:00+05:30,400.04998779296875,400.95001220703125,399.75,400.54998779296875,93447
2025-04-30 11:43:00+05:30,400.1000061035156,400.3999938964844,399.79998779296875,399.79998779296875,39852
2025-04-30 11:44:00+05:30,400.0,400.25,399.8999938964844,400.25,41854
2025-04-30 11:45:00+05:30,400.0,400.3999938964844,399.95001220703125,399.95001220703125,26387
2025-04-30 11:46:00+05:30,400.20001220703125,400.3999938964844,400.0,400.0,21170
2025-04-30 11:47:00+05:30,400.0,400.1499938964844,400.0,400.0,25934
2025-04-30 11:48:00+05:30,400.6499938964844,400.6499938964844,400.0,400.0,52311
2025-04-30 11:49:00+05:30,400.04998779296875,400.6000061035156,400.04998779296875,400.5,12957
2025-04-30 11:50:00+05:30,400.0,400.25,400.0,400.04998779296875,58980
2025-04-30 11:51:00+05:30,397.75,400.20001220703125,397.75,400.0,121926
2025-04-30 11:52:00+05:30,396.45001220703125,398.3500061035156,396.0,398.3500061035156,219597
2025-04-30 11:53:00+05:30,395.54998779296875,397.04998779296875,395.3500061035156,396.70001220703125,121809
2025-04-30 11:54:00+05:30,395.75,395.79998779296875,394.54998779296875,395.1000061035156,201309
2025-04-30 11:55:00+05:30,394.54998779296875,396.0,394.5,395.8999938964844,107486
2025-04-30 11:56:00+05:30,394.8500061035156,395.1000061035156,394.6000061035156,394.6499938964844,71048
2025-04-30 11:57:00+05:30,395.3500061035156,395.45001220703125,394.5,394.6000061035156,75171
2025-04-30 11:58:00+05:30,396.29998779296875,396.3500061035156,395.25,395.25,64568
2025-04-30 11:59:00+05:30,396.45001220703125,396.6499938964844,395.5,396.3999938964844,95966
2025-04-30 12:00:00+05:30,396.6499938964844,397.3500061035156,396.20001220703125,396.20001220703125,127748
2025-04-30 12:01:00+05:30,396.6000061035156,396.6000061035156,395.70001220703125,396.3500061035156,61057
2025-04-30 12:02:00+05:30,397.25,397.25,396.5,396.70001220703125,26376
2025-04-30 12:03:00+05:30,396.70001220703125,397.29998779296875,396.3999938964844,397.25,41317
2025-04-30 12:04:00+05:30,396.6000061035156,397.8999938964844,396.1499938964844,396.79998779296875,90824
2025-04-30 12:05:00+05:30,397.5,397.5,396.3999938964844,396.3999938964844,25783
2025-04-30 12:06:00+05:30,398.0,398.45001220703125,397.25,397.29998779296875,74222
2025-04-30 12:07:00+05:30,397.20001220703125,398.0,397.1000061035156,398.0,45442
2025-04-30 12:08:00+05:30,397.0,397.45001220703125,397.0,397.1499938964844,20152
2025-04-30 12:09:00+05:30,397.04998779296875,397.25,396.6499938964844,397.25,15283
2025-04-30 12:10:00+05:30,397.3500061035156,397.70001220703125,396.75,397.04998779296875,19641
2025-04-30 12:11:00+05:30,397.3999938964844,397.3999938964844,397.04998779296875,397.1000061035156,12468
2025-04-30 12:12:00+05:30,399.1499938964844,399.45001220703125,396.95001220703125,397.1499938964844,138726
2025-04-30 12:13:00+05:30,400.29998779296875,400.3500061035156,398.6000061035156,399.1499938964844,149172
2025-04-30 12:14:00+05:30,400.95001220703125,401.25,400.0,400.45001220703125,125835
2025-04-30 12:15:00+05:30,400.8500061035156,401.3500061035156,400.45001220703125,401.0,99952
2025-04-30 12:16:00+05:30,400.20001220703125,400.8500061035156,400.0,400.6000061035156,51973
2025-04-30 12:17:00+05:30,398.79998779296875,400.20001220703125,398.54998779296875,400.0,92752
2025-04-30 12:18:00+05:30,398.6000061035156,399.29998779296875,398.5,398.79998779296875,56082
2025-04-30 12:19:00+05:30,398.54998779296875,398.8999938964844,398.29998779296875,398.6000061035156,29130
2025-04-30 12:20:00+05:30,398.3999938964844,398.5,398.20001220703125,398.29998779296875,21781
2025-04-30 12:21:00+05:30,398.8500061035156,398.95001220703125,398.29998779296875,398.5,13409
2025-04-30 12:22:00+05:30,398.75,399.0,398.54998779296875,398.54998779296875,18960
2025-04-30 12:23:00+05:30,398.3500061035156,399.0,398.3500061035156,398.8500061035156,22453
2025-04-30 12:24:00+05:30,399.29998779296875,399.54998779296875,398.45001220703125,398.54998779296875,39977
2025-04-30 12:25:00+05:30,400.3999938964844,400.75,398.75,399.45001220703125,70312
2025-04-30 12:26:00+05:30,401.0,401.29998779296875,400.3999938964844,400.6499938964844,117656
2025-04-30 12:27:00+05:30,400.25,401.04998779296875,400.25,401.04998779296875,34427
2025-04-30 12:28:00+05:30,401.20001220703125,401.45001220703125,400.20001220703125,400.54998779296875,113687
2025-04-30 12:29:00+05:30,400.3999938964844,401.54998779296875,400.25,401.0,50911
2025-04-30 12:30:00+05:30,400.5,400.75,400.04998779296875,400.3999938964844,54150
2025-04-30 12:31:00+05:30,401.20001220703125,401.29998779296875,400.5,400.54998779296875,41022
2025-04-30 12:32:00+05:30,400.95001220703125,401.29998779296875,400.75,401.20001220703125,25806
2025-04-30 12:33:00+05:30,401.0,401.5,400.5,400.75,63387
2025-04-30 12:34:00+05:30,400.6499938964844,401.3999938964844,400.6499938964844,401.29998779296875,30172
2025-04-30 12:35:00+05:30,400.6499938964844,401.0,400.5,400.70001220703125,21356
2025-04-30 12:36:00+05:30,400.8500061035156,401.1000061035156,400.6000061035156,400.8500061035156,28993
2025-04-30 12:37:00+05:30,401.0,401.29998779296875,400.75,400.8500061035156,23043
2025-04-30 12:38:00+05:30,400.8999938964844,401.20001220703125,400.6499938964844,401.0,25516
2025-04-30 12:39:00+05:30,400.5,400.95001220703125,400.5,400.79998779296875,14597
2025-04-30 12:40:00+05:30,400.20001220703125,400.70001220703125,400.0,400.70001220703125,54040
2025-04-30 12:41:00+05:30,400.95001220703125,401.25,400.0,400.0,77080
2025-04-30 12:42:00+05:30,400.5,400.8999938964844,400.5,400.70001220703125,14660
2025-04-30 12:43:00+05:30,400.04998779296875,400.54998779296875,400.0,400.5,22820
2025-04-30 12:44:00+05:30,400.3500061035156,400.3999938964844,400.0,400.0,32753
2025-04-30 12:45:00+05:30,401.1499938964844,401.20001220703125,400.1000061035156,400.1499938964844,50237
2025-04-30 12:46:00+05:30,402.6000061035156,402.8999938964844,400.75,401.0,226799
2025-04-30 12:47:00+05:30,402.0,402.8500061035156,401.79998779296875,402.70001220703125,139604
2025-04-30 12:48:00+05:30,401.45001220703125,402.20001220703125,401.29998779296875,402.20001220703125,55759
2025-04-30 12:49:00+05:30,401.5,401.5,401.29998779296875,401.45001220703125,15659
2025-04-30 12:50:00+05:30,402.0,402.0,401.45001220703125,401.5,34403
2025-04-30 12:51:00+05:30,401.75,402.29998779296875,401.70001220703125,402.0,49676
2025-04-30 12:52:00+05:30,401.8500061035156,401.95001220703125,401.5,401.75,27366
2025-04-30 12:53:00+05:30,401.8500061035156,401.8999938964844,401.6000061035156,401.8500061035156,11060
2025-04-30 12:54:00+05:30,402.1000061035156,402.5,401.8500061035156,401.8999938964844,51354
2025-04-30 12:55:00+05:30,400.0,402.3500061035156,400.0,402.3500061035156,123279
2025-04-30 12:56:00+05:30,400.8500061035156,400.8999938964844,400.0,400.0,41520
2025-04-30 12:57:00+05:30,401.04998779296875,401.29998779296875,400.54998779296875,400.70001220703125,21289
2025-04-30 12:58:00+05:30,400.75,401.0,400.5,401.0,20086
2025-04-30 12:59:00+05:30,401.0,401.0,400.70001220703125,400.75,8032
2025-04-30 13:00:00+05:30,400.95001220703125,401.04998779296875,400.75,400.8999938964844,13841
2025-04-30 13:01:00+05:30,400.1000061035156,400.6000061035156,400.04998779296875,400.6000061035156,46375
2025-04-30 13:02:00+05:30,400.29998779296875,400.3500061035156,400.0,400.04998779296875,33709
2025-04-30 13:03:00+05:30,400.79998779296875,400.95001220703125,400.1000061035156,400.1000061035156,31687
2025-04-30 13:04:00+05:30,400.3500061035156,400.79998779296875,400.3500061035156,400.79998779296875,7531
2025-04-30 13:05:00+05:30,400.1499938964844,400.5,400.0,400.5,27892
2025-04-30 13:06:00+05:30,400.25,400.29998779296875,400.04998779296875,400.04998779296875,13095
2025-04-30 13:07:00+05:30,400.1000061035156,400.25,400.1000061035156,400.25,15910
2025-04-30 13:08:00+05:30,400.04998779296875,400.25,400.04998779296875,400.1000061035156,19610
2025-04-30 13:09:00+05:30,400.20001220703125,400.25,400.1000061035156,400.1499938964844,72609
2025-04-30 13:10:00+05:30,400.54998779296875,400.79998779296875,400.0,400.1499938964844,44646
2025-04-30 13:11:00+05:30,400.79998779296875,401.1000061035156,400.1499938964844,400.75,75142
2025-04-30 13:12:00+05:30,400.8500061035156,401.0,400.6000061035156,400.79998779296875,9873
2025-04-30 13:13:00+05:30,400.29998779296875,401.0,400.1499938964844,400.6499938964844,39625
2025-04-30 13:14:00+05:30,400.70001220703125,400.79998779296875,400.29998779296875,400.6000061035156,12893
2025-04-30 13:15:00+05:30,400.5,400.75,400.25,400.70001220703125,29388
2025-04-30 13:16:00+05:30,400.5,400.79998779296875,400.29998779296875,400.5,8962
2025-04-30 13:17:00+05:30,400.0,400.75,400.0,400.75,147911
2025-04-30 13:18:00+05:30,400.0,400.29998779296875,400.0,400.29998779296875,52583
2025-04-30 13:19:00+05:30,400.0,400.20001220703125,400.0,400.0,16178
2025-04-30 13:20:00+05:30,400.45001220703125,400.45001220703125,400.0,400.20001220703125,17305
2025-04-30 13:21:00+05:30,400.1499938964844,400.5,400.04998779296875,400.5,13067
2025-04-30 13:22:00+05:30,400.3500061035156,400.5,400.1000061035156,400.1499938964844,10252
2025-04-30 13:23:00+05:30,400.1000061035156,400.29998779296875,400.04998779296875,400.1499938964844,14658
2025-04-30 13:24:00+05:30,400.1499938964844,400.25,400.0,400.04998779296875,58200
2025-04-30 13:25:00+05:30,400.1499938964844,400.3500061035156,400.0,400.1000061035156,18766
2025-04-30 13:26:00+05:30,400.1499938964844,400.5,400.1499938964844,400.1499938964844,33079
2025-04-30 13:27:00+05:30,400.79998779296875,401.0,400.29998779296875,400.45001220703125,62858
2025-04-30 13:28:00+05:30,400.8500061035156,401.5,400.6000061035156,400.79998779296875,57912
2025-04-30 13:29:00+05:30,400.6000061035156,400.8999938964844,400.6000061035156,400.8500061035156,17646
2025-04-30 13:30:00+05:30,400.3999938964844,400.8500061035156,400.1499938964844,400.6000061035156,19813
2025-04-30 13:31:00+05:30,400.45001220703125,400.45001220703125,400.1499938964844,400.1499938964844,4868
2025-04-30 13:32:00+05:30,401.0,401.29998779296875,400.5,400.5,47047
2025-04-30 13:33:00+05:30,401.04998779296875,401.5,401.0,401.0,33627
2025-04-30 13:34:00+05:30,401.5,401.75,401.04998779296875,401.29998779296875,33967
2025-04-30 13:35:00+05:30,402.3999938964844,402.3999938964844,401.20001220703125,401.5,83893
2025-04-30 13:36:00+05:30,403.1000061035156,403.1499938964844,402.0,402.3999938964844,163913
2025-04-30 13:37:00+05:30,406.3500061035156,406.3500061035156,403.0,403.25,317871
2025-04-30 13:38:00+05:30,405.1000061035156,406.54998779296875,404.5,406.54998779296875,212890
2025-04-30 13:39:00+05:30,405.79998779296875,406.0,404.5,404.8999938964844,133977
2025-04-30 13:40:00+05:30,403.79998779296875,406.0,403.79998779296875,406.0,134694
2025-04-30 13:41:00+05:30,404.95001220703125,405.29998779296875,403.79998779296875,403.79998779296875,53526
2025-04-30 13:42:00+05:30,404.5,405.29998779296875,404.5,404.8999938964844,50500
2025-04-30 13:43:00+05:30,404.8999938964844,404.8999938964844,404.1000061035156,404.29998779296875,47214
2025-04-30 13:44:00+05:30,406.04998779296875,406.54998779296875,404.70001220703125,404.70001220703125,152780
2025-04-30 13:45:00+05:30,407.5,407.8500061035156,406.1000061035156,406.3500061035156,180698
2025-04-30 13:46:00+05:30,406.6000061035156,407.70001220703125,406.6000061035156,407.54998779296875,111335
2025-04-30 13:47:00+05:30,407.29998779296875,407.5,406.3500061035156,406.79998779296875,110940
2025-04-30 13:48:00+05:30,409.3999938964844,409.5,407.25,407.29998779296875,311591
2025-04-30 13:49:00+05:30,411.1000061035156,411.8999938964844,409.25,409.25,523580
2025-04-30 13:50:00+05:30,409.54998779296875,411.29998779296875,408.25,411.0,252139
2025-04-30 13:51:00+05:30,412.6000061035156,412.6000061035156,409.20001220703125,409.20001220703125,284782
2025-04-30 13:52:00+05:30,412.0,412.75,411.6499938964844,412.3999938964844,289307
2025-04-30 13:53:00+05:30,411.95001220703125,413.79998779296875,411.1000061035156,411.79998779296875,436405
2025-04-30 13:54:00+05:30,412.29998779296875,412.70001220703125,411.6000061035156,412.04998779296875,163019
2025-04-30 13:55:00+05:30,410.3500061035156,412.1000061035156,410.25,412.1000061035156,287301
2025-04-30 13:56:00+05:30,411.0,411.5,410.29998779296875,410.5,118521
2025-04-30 13:57:00+05:30,411.5,411.75,410.20001220703125,411.1000061035156,123268
2025-04-30 13:58:00+05:30,414.04998779296875,414.8999938964844,411.5,411.54998779296875,479753
2025-04-30 13:59:00+05:30,414.25,414.6000061035156,413.04998779296875,414.0,235157
2025-04-30 14:00:00+05:30,413.6000061035156,414.45001220703125,413.29998779296875,414.25,197755
2025-04-30 14:01:00+05:30,414.8500061035156,414.8500061035156,413.29998779296875,413.54998779296875,219344
2025-04-30 14:02:00+05:30,411.29998779296875,415.0,411.29998779296875,414.5,403437
2025-04-30 14:03:00+05:30,412.3500061035156,412.95001220703125,411.5,411.6499938964844,157653
2025-04-30 14:04:00+05:30,412.6499938964844,413.25,412.04998779296875,412.3500061035156,134096
2025-04-30 14:05:00+05:30,412.0,413.6499938964844,412.0,412.8999938964844,160693
2025-04-30 14:06:00+05:30,412.0,412.25,410.75,412.0,260809
2025-04-30 14:07:00+05:30,413.1499938964844,413.5,411.6000061035156,412.20001220703125,179580
2025-04-30 14:08:00+05:30,413.0,413.5,412.45001220703125,413.25,117736
2025-04-30 14:09:00+05:30,412.1000061035156,413.04998779296875,412.1000061035156,413.04998779296875,95261
2025-04-30 14:10:00+05:30,411.04998779296875,412.3500061035156,411.0,412.1000061035156,127446
2025-04-30 14:11:00+05:30,411.75,411.79998779296875,410.70001220703125,411.0,138904
2025-04-30 14:12:00+05:30,412.45001220703125,412.45001220703125,410.70001220703125,411.6000061035156,130090
2025-04-30 14:13:00+05:30,412.0,412.75,411.79998779296875,412.3500061035156,60838
2025-04-30 14:14:00+05:30,414.20001220703125,414.20001220703125,411.70001220703125,412.0,234831
2025-04-30 14:15:00+05:30,414.1000061035156,414.45001220703125,413.6499938964844,413.6499938964844,191911
2025-04-30 14:16:00+05:30,413.1000061035156,414.3999938964844,413.1000061035156,414.29998779296875,121320
2025-04-30 14:17:00+05:30,412.3999938964844,413.3999938964844,412.25,413.29998779296875,93947
2025-04-30 14:18:00+05:30,412.45001220703125,412.6499938964844,411.79998779296875,412.29998779296875,75527
2025-04-30 14:19:00+05:30,411.8500061035156,412.79998779296875,411.6000061035156,412.54998779296875,93496
2025-04-30 14:20:00+05:30,412.0,412.79998779296875,411.79998779296875,411.79998779296875,58378
2025-04-30 14:21:00+05:30,411.3999938964844,412.1000061035156,411.1000061035156,412.0,93602
2025-04-30 14:22:00+05:30,411.1000061035156,411.79998779296875,411.0,411.70001220703125,108638
2025-04-30 14:23:00+05:30,412.79998779296875,412.8999938964844,411.0,411.3999938964844,84936
2025-04-30 14:24:00+05:30,411.45001220703125,412.8500061035156,411.20001220703125,412.79998779296875,59379
2025-04-30 14:25:00+05:30,411.3500061035156,411.79998779296875,411.20001220703125,411.20001220703125,38157
2025-04-30 14:26:00+05:30,413.04998779296875,413.45001220703125,411.3500061035156,411.5,141057
2025-04-30 14:27:00+05:30,412.8500061035156,413.5,412.6000061035156,413.1499938964844,87308
2025-04-30 14:28:00+05:30,412.8500061035156,413.29998779296875,412.5,412.95001220703125,69087
2025-04-30 14:29:00+05:30,412.6000061035156,412.95001220703125,412.54998779296875,412.6000061035156,19330
2025-04-30 14:30:00+05:30,412.79998779296875,412.8999938964844,412.0,412.6000061035156,76440
2025-04-30 14:31:00+05:30,413.0,413.29998779296875,412.6000061035156,412.79998779296875,117392
2025-04-30 14:32:00+05:30,416.95001220703125,417.75,413.04998779296875,413.04998779296875,734380
2025-04-30 14:33:00+05:30,414.75,416.79998779296875,414.0,416.3999938964844,373583
2025-04-30 14:34:00+05:30,415.70001220703125,416.0,414.6000061035156,414.79998779296875,141341
2025-04-30 14:35:00+05:30,416.45001220703125,416.95001220703125,415.5,415.75,241070
2025-04-30 14:36:00+05:30,417.0,417.6000061035156,416.25,416.29998779296875,256084
2025-04-30 14:37:00+05:30,416.95001220703125,417.1499938964844,415.3999938964844,417.0,208926
2025-04-30 14:38:00+05:30,415.5,417.3500061035156,415.3999938964844,416.95001220703125,180335
2025-04-30 14:39:00+05:30,416.6499938964844,416.79998779296875,415.5,415.5,90500
2025-04-30 14:40:00+05:30,415.95001220703125,416.54998779296875,415.6000061035156,416.5,109486
2025-04-30 14:41:00+05:30,416.8999938964844,416.8999938964844,415.6000061035156,416.1000061035156,103659
2025-04-30 14:42:00+05:30,416.5,418.04998779296875,415.8500061035156,416.6000061035156,350515
2025-04-30 14:43:00+05:30,416.79998779296875,417.20001220703125,416.20001220703125,416.75,122460
2025-04-30 14:44:00+05:30,416.1499938964844,416.8500061035156,415.6000061035156,416.79998779296875,143795
2025-04-30 14:45:00+05:30,416.0,416.3999938964844,415.8999938964844,416.0,20481
2025-04-30 14:46:00+05:30,414.5,415.5,414.29998779296875,414.29998779296875,373494
2025-04-30 14:47:00+05:30,410.95001220703125,414.54998779296875,408.6499938964844,414.29998779296875,850655
2025-04-30 14:48:00+05:30,412.3500061035156,412.95001220703125,410.8999938964844,410.8999938964844,317467
2025-04-30 14:49:00+05:30,412.5,413.3999938964844,412.0,412.3500061035156,175527
2025-04-30 14:50:00+05:30,414.0,414.3999938964844,412.3500061035156,412.6499938964844,179180
2025-04-30 14:51:00+05:30,412.5,414.29998779296875,412.20001220703125,414.29998779296875,120234
2025-04-30 14:52:00+05:30,412.20001220703125,412.3999938964844,411.70001220703125,412.20001220703125,155636
2025-04-30 14:53:00+05:30,412.45001220703125,413.0,412.0,412.25,145058
2025-04-30 14:54:00+05:30,413.29998779296875,413.54998779296875,411.8500061035156,412.25,105316
2025-04-30 14:55:00+05:30,412.6000061035156,414.3999938964844,412.29998779296875,413.25,207718
2025-04-30 14:56:00+05:30,412.1499938964844,413.3500061035156,412.1000061035156,412.5,89333
2025-04-30 14:57:00+05:30,413.1499938964844,413.6499938964844,412.1499938964844,412.1499938964844,69930
2025-04-30 14:58:00+05:30,412.75,413.3999938964844,412.5,413.3999938964844,67065
2025-04-30 14:59:00+05:30,413.25,413.79998779296875,412.29998779296875,412.70001220703125,65810
2025-04-30 15:00:00+05:30,414.29998779296875,414.3999938964844,412.5,413.04998779296875,182010
2025-04-30 15:01:00+05:30,413.79998779296875,414.5,413.45001220703125,414.0,137152
2025-04-30 15:02:00+05:30,413.04998779296875,414.25,412.6000061035156,413.8500061035156,136222
2025-04-30 15:03:00+05:30,413.8500061035156,414.0,412.5,413.1000061035156,121107
2025-04-30 15:04:00+05:30,413.25,413.8500061035156,413.0,413.5,57683
2025-04-30 15:05:00+05:30,413.54998779296875,414.0,412.5,413.1000061035156,141872
2025-04-30 15:06:00+05:30,417.0,417.04998779296875,413.70001220703125,413.8500061035156,400837
2025-04-30 15:07:00+05:30,414.3500061035156,416.8500061035156,414.1499938964844,416.8500061035156,242351
2025-04-30 15:08:00+05:30,414.8999938964844,415.8500061035156,414.45001220703125,414.5,129777
2025-04-30 15:09:00+05:30,415.5,416.0,414.79998779296875,414.79998779296875,209666
2025-04-30 15:10:00+05:30,416.3500061035156,416.3500061035156,414.6000061035156,415.3500061035156,184522
2025-04-30 15:11:00+05:30,415.79998779296875,416.5,415.3999938964844,416.1499938964844,159068
2025-04-30 15:12:00+05:30,415.95001220703125,416.79998779296875,415.70001220703125,415.95001220703125,166941
2025-04-30 15:13:00+05:30,415.70001220703125,416.8999938964844,415.70001220703125,415.79998779296875,221363
2025-04-30 15:14:00+05:30,413.70001220703125,415.70001220703125,413.1499938964844,415.5,430405
2025-04-30 15:15:00+05:30,414.0,414.20001220703125,413.0,413.6000061035156,286399
2025-04-30 15:16:00+05:30,416.29998779296875,416.5,414.54998779296875,414.54998779296875,302069
2025-04-30 15:17:00+05:30,415.8500061035156,416.8500061035156,415.20001220703125,415.8500061035156,181055
2025-04-30 15:18:00+05:30,419.1499938964844,422.3500061035156,415.54998779296875,415.6000061035156,1021258
2025-04-30 15:19:00+05:30,420.0,422.25,418.54998779296875,418.54998779296875,607950
2025-04-30 15:20:00+05:30,423.45001220703125,424.95001220703125,420.1000061035156,420.1000061035156,636390
2025-04-30 15:21:00+05:30,426.25,427.3999938964844,422.3999938964844,423.3999938964844,193645
2025-04-30 15:22:00+05:30,431.6000061035156,432.54998779296875,425.95001220703125,425.95001220703125,274072
2025-04-30 15:23:00+05:30,434.3500061035156,434.3500061035156,428.3999938964844,431.45001220703125,169644
2025-04-30 15:24:00+05:30,436.3500061035156,444.95001220703125,434.3500061035156,434.3500061035156,1035825
2025-04-30 15:25:00+05:30,430.0,437.54998779296875,430.0,436.5,160486
2025-04-30 15:26:00+05:30,425.70001220703125,429.5,425.3500061035156,429.3999938964844,120269
2025-04-30 15:27:00+05:30,425.8500061035156,426.8500061035156,425.54998779296875,425.6000061035156,70661
2025-04-30 15:28:00+05:30,425.6000061035156,427.70001220703125,425.54998779296875,425.70001220703125,59026
2025-04-30 15:29:00+05:30,417.0,426.0,415.54998779296875,426.0,119762
