Datetime,Close,High,Low,Open,Volume
2025-04-08 09:15:00+05:30,1183.949951171875,1184.449951171875,1178.0,1178.699951171875,0
2025-04-08 09:16:00+05:30,1184.25,1186.199951171875,1183.25,1183.9000244140625,353679
2025-04-08 09:17:00+05:30,1181.9000244140625,1184.300048828125,1181.449951171875,1184.300048828125,117362
2025-04-08 09:18:00+05:30,1180.449951171875,1182.0,1180.1500244140625,1182.0,112813
2025-04-08 09:19:00+05:30,1183.0,1183.0,1180.25,1180.4000244140625,69021
2025-04-08 09:20:00+05:30,1182.5999755859375,1183.449951171875,1182.300048828125,1183.0,137541
2025-04-08 09:21:00+05:30,1181.6500244140625,1184.5,1180.0,1183.0,71919
2025-04-08 09:22:00+05:30,1180.5999755859375,1181.5999755859375,1180.0,1181.5999755859375,43435
2025-04-08 09:23:00+05:30,1180.5999755859375,1181.550048828125,1179.9000244140625,1180.5999755859375,81042
2025-04-08 09:24:00+05:30,1178.550048828125,1180.550048828125,1178.0,1180.550048828125,58253
2025-04-08 09:25:00+05:30,1178.8499755859375,1179.449951171875,1177.4000244140625,1179.25,63542
2025-04-08 09:26:00+05:30,1179.199951171875,1179.4000244140625,1178.1500244140625,1179.4000244140625,52869
2025-04-08 09:27:00+05:30,1177.1500244140625,1179.25,1176.0999755859375,1179.25,62042
2025-04-08 09:28:00+05:30,1177.199951171875,1177.199951171875,1176.0999755859375,1176.699951171875,57455
2025-04-08 09:29:00+05:30,1178.3499755859375,1178.75,1177.050048828125,1177.0999755859375,126794
2025-04-08 09:30:00+05:30,1177.550048828125,1178.3499755859375,1177.5,1178.3499755859375,96083
2025-04-08 09:31:00+05:30,1177.800048828125,1178.8499755859375,1177.3499755859375,1177.949951171875,64555
2025-04-08 09:32:00+05:30,1178.0999755859375,1178.0999755859375,1177.3499755859375,1177.800048828125,45093
2025-04-08 09:33:00+05:30,1177.1500244140625,1179.4000244140625,1177.1500244140625,1178.25,49853
2025-04-08 09:34:00+05:30,1175.4000244140625,1177.449951171875,1175.0,1177.449951171875,59523
2025-04-08 09:35:00+05:30,1174.25,1175.25,1173.1500244140625,1175.0,67906
2025-04-08 09:36:00+05:30,1174.75,1175.0999755859375,1173.449951171875,1174.300048828125,36608
2025-04-08 09:37:00+05:30,1173.300048828125,1174.5,1173.0,1174.449951171875,169050
2025-04-08 09:38:00+05:30,1172.699951171875,1173.300048828125,1172.1500244140625,1173.1500244140625,55756
2025-04-08 09:39:00+05:30,1172.6500244140625,1173.3499755859375,1171.800048828125,1172.8499755859375,67171
2025-04-08 09:40:00+05:30,1170.9000244140625,1172.6500244140625,1170.050048828125,1172.5999755859375,51277
2025-04-08 09:41:00+05:30,1171.0999755859375,1171.949951171875,1170.699951171875,1170.9000244140625,31368
2025-04-08 09:42:00+05:30,1171.3499755859375,1172.4000244140625,1170.699951171875,1171.0999755859375,41170
2025-04-08 09:43:00+05:30,1170.699951171875,1171.25,1170.199951171875,1171.25,23088
2025-04-08 09:44:00+05:30,1171.699951171875,1172.5999755859375,1170.6500244140625,1170.699951171875,35199
2025-04-08 09:45:00+05:30,1174.4000244140625,1174.949951171875,1171.699951171875,1171.699951171875,62828
2025-04-08 09:46:00+05:30,1173.6500244140625,1174.800048828125,1173.6500244140625,1174.300048828125,39097
2025-04-08 09:47:00+05:30,1172.050048828125,1173.6500244140625,1171.300048828125,1173.4000244140625,51197
2025-04-08 09:48:00+05:30,1171.9000244140625,1172.0999755859375,1171.5999755859375,1172.050048828125,21647
2025-04-08 09:49:00+05:30,1172.1500244140625,1174.199951171875,1171.800048828125,1171.800048828125,36774
2025-04-08 09:50:00+05:30,1171.5999755859375,1172.050048828125,1171.5999755859375,1171.699951171875,17696
2025-04-08 09:51:00+05:30,1171.0999755859375,1171.0999755859375,1170.0999755859375,1171.0,54716
2025-04-08 09:52:00+05:30,1170.9000244140625,1171.1500244140625,1170.9000244140625,1171.0999755859375,17099
2025-04-08 09:53:00+05:30,1169.699951171875,1170.800048828125,1169.699951171875,1170.800048828125,37985
2025-04-08 09:54:00+05:30,1169.0,1169.550048828125,1168.0,1169.5,28379
2025-04-08 09:55:00+05:30,1170.5,1170.6500244140625,1169.0,1169.0999755859375,40135
2025-04-08 09:56:00+05:30,1169.949951171875,1170.5,1168.5,1170.5,46950
2025-04-08 09:57:00+05:30,1168.3499755859375,1169.949951171875,1168.050048828125,1169.949951171875,47369
2025-04-08 09:58:00+05:30,1169.6500244140625,1169.8499755859375,1168.0999755859375,1168.300048828125,26503
2025-04-08 09:59:00+05:30,1169.949951171875,1170.0,1168.75,1169.550048828125,31736
2025-04-08 10:00:00+05:30,1170.25,1170.949951171875,1170.0,1170.9000244140625,32689
2025-04-08 10:01:00+05:30,1169.699951171875,1170.050048828125,1169.050048828125,1170.050048828125,34114
2025-04-08 10:02:00+05:30,1169.8499755859375,1169.9000244140625,1168.9000244140625,1169.800048828125,21734
2025-04-08 10:03:00+05:30,1169.699951171875,1170.300048828125,1169.5,1169.8499755859375,22417
2025-04-08 10:04:00+05:30,1169.8499755859375,1170.449951171875,1169.5999755859375,1169.9000244140625,31444
2025-04-08 10:05:00+05:30,1169.300048828125,1170.0,1169.0,1169.9000244140625,24152
2025-04-08 10:06:00+05:30,1169.4000244140625,1170.0,1169.050048828125,1169.300048828125,24516
2025-04-08 10:07:00+05:30,1169.949951171875,1169.949951171875,1168.1500244140625,1168.8499755859375,32245
2025-04-08 10:08:00+05:30,1169.75,1170.5,1169.4000244140625,1170.0,28298
2025-04-08 10:09:00+05:30,1169.449951171875,1169.800048828125,1168.949951171875,1169.75,22670
2025-04-08 10:10:00+05:30,1169.5,1169.5999755859375,1169.0,1169.300048828125,10551
2025-04-08 10:11:00+05:30,1171.5999755859375,1171.5999755859375,1169.75,1171.0,36288
2025-04-08 10:12:00+05:30,1170.75,1171.5999755859375,1170.0,1171.5999755859375,32930
2025-04-08 10:13:00+05:30,1171.5,1171.8499755859375,1170.0,1170.8499755859375,66176
2025-04-08 10:14:00+05:30,1169.449951171875,1171.75,1169.0999755859375,1170.949951171875,35156
2025-04-08 10:15:00+05:30,1169.75,1170.300048828125,1169.0999755859375,1169.4000244140625,41704
2025-04-08 10:16:00+05:30,1169.25,1170.25,1169.0999755859375,1169.550048828125,29697
2025-04-08 10:17:00+05:30,1168.1500244140625,1169.699951171875,1168.1500244140625,1169.050048828125,30049
2025-04-08 10:18:00+05:30,1169.4000244140625,1169.4000244140625,1168.0,1168.0999755859375,66867
2025-04-08 10:19:00+05:30,1169.75,1169.8499755859375,1169.0999755859375,1169.699951171875,28085
2025-04-08 10:20:00+05:30,1168.800048828125,1169.75,1168.25,1169.75,40455
2025-04-08 10:21:00+05:30,1169.550048828125,1169.75,1168.550048828125,1168.9000244140625,24173
2025-04-08 10:22:00+05:30,1170.699951171875,1170.9000244140625,1169.449951171875,1169.550048828125,18424
2025-04-08 10:23:00+05:30,1170.5,1171.5,1170.199951171875,1170.699951171875,28861
2025-04-08 10:24:00+05:30,1171.199951171875,1171.3499755859375,1170.4000244140625,1170.5,11838
2025-04-08 10:25:00+05:30,1170.5,1171.199951171875,1170.050048828125,1171.199951171875,14382
2025-04-08 10:26:00+05:30,1172.0,1172.0,1170.75,1170.75,22855
2025-04-08 10:27:00+05:30,1172.4000244140625,1172.800048828125,1172.0,1172.0,32944
2025-04-08 10:28:00+05:30,1172.6500244140625,1172.75,1171.6500244140625,1172.0999755859375,22356
2025-04-08 10:29:00+05:30,1172.4000244140625,1172.8499755859375,1172.199951171875,1172.6500244140625,13233
2025-04-08 10:30:00+05:30,1172.75,1172.949951171875,1172.5,1172.699951171875,13940
2025-04-08 10:31:00+05:30,1171.300048828125,1173.0,1171.199951171875,1172.550048828125,48165
2025-04-08 10:32:00+05:30,1170.300048828125,1171.300048828125,1170.300048828125,1171.300048828125,21757
2025-04-08 10:33:00+05:30,1171.0,1171.199951171875,1170.0,1170.0,40045
2025-04-08 10:34:00+05:30,1171.300048828125,1171.5,1170.6500244140625,1171.0,47477
2025-04-08 10:35:00+05:30,1168.800048828125,1171.25,1167.449951171875,1171.25,165281
2025-04-08 10:36:00+05:30,1168.25,1168.9000244140625,1166.0,1168.9000244140625,180827
2025-04-08 10:37:00+05:30,1166.6500244140625,1168.9000244140625,1166.6500244140625,1168.5,85975
2025-04-08 10:38:00+05:30,1166.4000244140625,1167.5,1165.699951171875,1166.5,154135
2025-04-08 10:39:00+05:30,1165.550048828125,1166.6500244140625,1164.0999755859375,1166.6500244140625,125680
2025-04-08 10:40:00+05:30,1164.6500244140625,1165.550048828125,1164.300048828125,1165.550048828125,43017
2025-04-08 10:41:00+05:30,1165.1500244140625,1166.0,1164.4000244140625,1164.4000244140625,46111
2025-04-08 10:42:00+05:30,1165.75,1165.8499755859375,1164.800048828125,1165.1500244140625,117404
2025-04-08 10:43:00+05:30,1165.550048828125,1166.050048828125,1163.550048828125,1165.75,88901
2025-04-08 10:44:00+05:30,1166.0999755859375,1166.9000244140625,1165.25,1165.550048828125,29390
2025-04-08 10:45:00+05:30,1167.199951171875,1167.5,1165.699951171875,1166.0999755859375,28228
2025-04-08 10:46:00+05:30,1166.0,1167.4000244140625,1165.3499755859375,1167.4000244140625,33437
2025-04-08 10:47:00+05:30,1166.300048828125,1166.3499755859375,1165.4000244140625,1166.0,22831
2025-04-08 10:48:00+05:30,1166.75,1167.4000244140625,1165.800048828125,1166.8499755859375,22585
2025-04-08 10:49:00+05:30,1165.3499755859375,1166.75,1165.050048828125,1166.75,23353
2025-04-08 10:50:00+05:30,1166.300048828125,1166.5,1165.1500244140625,1165.5,13972
2025-04-08 10:51:00+05:30,1166.0999755859375,1167.0,1165.800048828125,1166.199951171875,20675
2025-04-08 10:52:00+05:30,1165.5,1166.25,1165.0999755859375,1166.0999755859375,19204
2025-04-08 10:53:00+05:30,1166.75,1166.75,1165.050048828125,1165.4000244140625,30918
2025-04-08 10:54:00+05:30,1170.1500244140625,1170.949951171875,1167.199951171875,1167.199951171875,87220
2025-04-08 10:55:00+05:30,1170.0999755859375,1172.4000244140625,1170.0999755859375,1170.699951171875,50489
2025-04-08 10:56:00+05:30,1169.050048828125,1170.5,1168.800048828125,1170.050048828125,80769
2025-04-08 10:57:00+05:30,1170.0,1170.3499755859375,1169.050048828125,1169.050048828125,101998
2025-04-08 10:58:00+05:30,1170.800048828125,1170.949951171875,1169.050048828125,1170.0,33454
2025-04-08 10:59:00+05:30,1170.4000244140625,1171.8499755859375,1170.4000244140625,1171.3499755859375,28819
2025-04-08 11:00:00+05:30,1170.300048828125,1171.0,1170.0,1170.5999755859375,25462
2025-04-08 11:01:00+05:30,1171.4000244140625,1171.8499755859375,1170.0,1170.300048828125,36388
2025-04-08 11:02:00+05:30,1172.0999755859375,1172.449951171875,1171.4000244140625,1171.4000244140625,34666
2025-04-08 11:03:00+05:30,1173.5999755859375,1174.25,1172.1500244140625,1172.1500244140625,87252
2025-04-08 11:04:00+05:30,1173.75,1173.75,1173.0,1173.199951171875,35951
2025-04-08 11:05:00+05:30,1173.8499755859375,1173.9000244140625,1173.25,1173.75,47922
2025-04-08 11:06:00+05:30,1173.9000244140625,1174.0,1173.050048828125,1173.8499755859375,25218
2025-04-08 11:07:00+05:30,1174.0999755859375,1174.75,1173.699951171875,1173.9000244140625,21924
2025-04-08 11:08:00+05:30,1178.300048828125,1178.300048828125,1173.800048828125,1174.0999755859375,135130
2025-04-08 11:09:00+05:30,1178.8499755859375,1179.8499755859375,1178.199951171875,1178.449951171875,86312
2025-04-08 11:10:00+05:30,1178.9000244140625,1179.9000244140625,1178.4000244140625,1179.050048828125,70857
2025-04-08 11:11:00+05:30,1178.25,1178.6500244140625,1176.199951171875,1178.6500244140625,41139
2025-04-08 11:12:00+05:30,1178.449951171875,1179.300048828125,1178.050048828125,1178.25,64898
2025-04-08 11:13:00+05:30,1178.0,1179.1500244140625,1178.0,1179.0,94980
2025-04-08 11:14:00+05:30,1178.0999755859375,1178.550048828125,1177.199951171875,1177.5999755859375,46735
2025-04-08 11:15:00+05:30,1178.6500244140625,1179.4000244140625,1178.0,1178.0,50213
2025-04-08 11:16:00+05:30,1178.0,1178.5,1177.0,1178.0,9657
2025-04-08 11:17:00+05:30,1175.699951171875,1178.0,1175.0,1178.0,31370
2025-04-08 11:18:00+05:30,1175.3499755859375,1176.4000244140625,1174.8499755859375,1175.699951171875,24218
2025-04-08 11:19:00+05:30,1174.0,1175.699951171875,1173.3499755859375,1175.4000244140625,24689
2025-04-08 11:20:00+05:30,1175.0,1175.0999755859375,1172.1500244140625,1173.550048828125,36312
2025-04-08 11:21:00+05:30,1173.3499755859375,1175.0,1173.050048828125,1175.0,60838
2025-04-08 11:22:00+05:30,1172.1500244140625,1173.3499755859375,1172.0999755859375,1173.3499755859375,37899
2025-04-08 11:23:00+05:30,1173.6500244140625,1173.9000244140625,1172.199951171875,1172.199951171875,11805
2025-04-08 11:24:00+05:30,1173.4000244140625,1173.75,1172.1500244140625,1173.75,13888
2025-04-08 11:25:00+05:30,1172.3499755859375,1173.75,1172.050048828125,1173.3499755859375,21585
2025-04-08 11:26:00+05:30,1172.3499755859375,1172.800048828125,1171.550048828125,1172.1500244140625,20070
2025-04-08 11:27:00+05:30,1170.0999755859375,1171.9000244140625,1170.0,1171.300048828125,66398
2025-04-08 11:28:00+05:30,1170.75,1171.0,1168.6500244140625,1170.0,56940
2025-04-08 11:29:00+05:30,1171.5,1171.550048828125,1170.25,1170.699951171875,49286
2025-04-08 11:30:00+05:30,1170.1500244140625,1171.9000244140625,1170.1500244140625,1171.9000244140625,21032
2025-04-08 11:31:00+05:30,1171.0,1171.75,1170.449951171875,1170.449951171875,54329
2025-04-08 11:32:00+05:30,1169.949951171875,1170.949951171875,1169.0999755859375,1170.550048828125,36138
2025-04-08 11:33:00+05:30,1169.5999755859375,1170.4000244140625,1169.0,1169.6500244140625,33317
2025-04-08 11:34:00+05:30,1169.75,1170.0,1169.3499755859375,1169.6500244140625,12826
2025-04-08 11:35:00+05:30,1170.300048828125,1170.75,1169.050048828125,1169.800048828125,23185
2025-04-08 11:36:00+05:30,1170.9000244140625,1170.9000244140625,1170.0999755859375,1170.300048828125,11522
2025-04-08 11:37:00+05:30,1171.800048828125,1172.800048828125,1170.25,1170.949951171875,14400
2025-04-08 11:38:00+05:30,1173.449951171875,1173.6500244140625,1171.8499755859375,1172.5,17782
2025-04-08 11:39:00+05:30,1172.800048828125,1173.449951171875,1172.0999755859375,1173.25,50521
2025-04-08 11:40:00+05:30,1171.3499755859375,1172.75,1170.75,1172.75,25776
2025-04-08 11:41:00+05:30,1171.800048828125,1172.1500244140625,1170.9000244140625,1170.9000244140625,8724
2025-04-08 11:42:00+05:30,1170.199951171875,1171.6500244140625,1170.0,1171.6500244140625,34782
2025-04-08 11:43:00+05:30,1170.4000244140625,1170.5999755859375,1169.6500244140625,1170.5,29263
2025-04-08 11:44:00+05:30,1170.0,1171.0999755859375,1170.0,1170.5999755859375,25893
2025-04-08 11:45:00+05:30,1170.800048828125,1170.800048828125,1170.0,1170.0,23219
2025-04-08 11:46:00+05:30,1172.050048828125,1172.050048828125,1170.5999755859375,1171.0999755859375,23964
2025-04-08 11:47:00+05:30,1174.199951171875,1174.199951171875,1171.75,1172.199951171875,14531
2025-04-08 11:48:00+05:30,1172.75,1174.199951171875,1172.5,1174.199951171875,12987
2025-04-08 11:49:00+05:30,1172.75,1172.949951171875,1172.0999755859375,1172.699951171875,8542
2025-04-08 11:50:00+05:30,1172.9000244140625,1173.949951171875,1172.699951171875,1172.949951171875,15955
2025-04-08 12:06:00+05:30,1177.050048828125,1177.550048828125,1176.6500244140625,1177.5,495057
2025-04-08 12:07:00+05:30,1178.4000244140625,1178.5,1176.550048828125,1176.550048828125,61566
2025-04-08 12:08:00+05:30,1178.699951171875,1179.800048828125,1177.8499755859375,1178.25,56898
2025-04-08 12:09:00+05:30,1178.75,1179.0999755859375,1178.25,1178.699951171875,19474
2025-04-08 12:10:00+05:30,1181.4000244140625,1182.300048828125,1178.75,1178.75,123427
2025-04-08 12:11:00+05:30,1181.4000244140625,1183.0,1181.4000244140625,1181.4000244140625,79814
2025-04-08 12:12:00+05:30,1182.25,1182.449951171875,1181.25,1181.449951171875,32598
2025-04-08 12:13:00+05:30,1183.0999755859375,1183.3499755859375,1181.75,1182.25,45873
2025-04-08 12:14:00+05:30,1184.0,1184.0,1182.25,1182.9000244140625,83691
2025-04-08 12:15:00+05:30,1182.0,1185.0,1181.75,1184.699951171875,58554
2025-04-08 12:16:00+05:30,1180.5999755859375,1182.0,1180.25,1181.800048828125,26118
2025-04-08 12:17:00+05:30,1182.0,1182.3499755859375,1180.800048828125,1180.800048828125,13310
2025-04-08 12:18:00+05:30,1181.5,1182.25,1180.800048828125,1181.949951171875,7625
2025-04-08 12:19:00+05:30,1181.800048828125,1182.0,1180.800048828125,1180.800048828125,79798
2025-04-08 12:20:00+05:30,1185.550048828125,1185.550048828125,1182.0,1182.300048828125,161513
2025-04-08 12:21:00+05:30,1185.0,1185.5999755859375,1185.0,1185.5999755859375,66704
2025-04-08 12:22:00+05:30,1184.449951171875,1185.449951171875,1184.449951171875,1185.0,69612
2025-04-08 12:23:00+05:30,1185.0999755859375,1185.199951171875,1184.300048828125,1184.4000244140625,66223
2025-04-08 12:24:00+05:30,1186.300048828125,1186.699951171875,1185.0,1185.050048828125,53110
2025-04-08 12:25:00+05:30,1190.5,1190.5,1186.550048828125,1186.5999755859375,315678
2025-04-08 12:26:00+05:30,1187.550048828125,1190.949951171875,1187.550048828125,1190.0,61566
2025-04-08 12:27:00+05:30,1189.5999755859375,1189.949951171875,1187.9000244140625,1187.949951171875,20856
2025-04-08 12:28:00+05:30,1190.550048828125,1190.6500244140625,1188.5,1189.4000244140625,35722
2025-04-08 12:29:00+05:30,1191.449951171875,1191.449951171875,1190.0,1190.75,38716
2025-04-08 12:30:00+05:30,1189.9000244140625,1191.5999755859375,1189.1500244140625,1191.5999755859375,38165
2025-04-08 12:31:00+05:30,1193.0,1193.550048828125,1190.1500244140625,1190.1500244140625,60716
2025-04-08 12:32:00+05:30,1195.449951171875,1195.449951171875,1192.9000244140625,1192.9000244140625,97235
2025-04-08 12:33:00+05:30,1194.949951171875,1196.550048828125,1194.9000244140625,1195.8499755859375,76963
2025-04-08 12:34:00+05:30,1194.25,1195.9000244140625,1194.199951171875,1194.699951171875,32506
2025-04-08 12:35:00+05:30,1193.0,1194.699951171875,1192.0,1194.25,36782
2025-04-08 12:36:00+05:30,1194.3499755859375,1194.5999755859375,1193.1500244140625,1193.449951171875,41047
2025-04-08 12:37:00+05:30,1194.5999755859375,1195.5,1194.25,1194.3499755859375,38991
2025-04-08 12:38:00+05:30,1192.800048828125,1194.6500244140625,1192.449951171875,1194.6500244140625,18882
2025-04-08 12:39:00+05:30,1191.300048828125,1192.949951171875,1191.300048828125,1192.949951171875,28290
2025-04-08 12:40:00+05:30,1190.0,1191.9000244140625,1190.0,1191.300048828125,43751
2025-04-08 12:41:00+05:30,1192.25,1192.25,1189.25,1190.0,63931
2025-04-08 12:42:00+05:30,1191.5,1192.300048828125,1190.75,1192.25,51428
2025-04-08 12:43:00+05:30,1193.300048828125,1193.5,1191.300048828125,1191.300048828125,31883
2025-04-08 12:44:00+05:30,1193.449951171875,1194.0,1192.75,1193.199951171875,16551
2025-04-08 12:45:00+05:30,1193.199951171875,1194.25,1192.8499755859375,1194.0,21513
2025-04-08 12:46:00+05:30,1191.699951171875,1193.0999755859375,1191.050048828125,1193.0,28347
2025-04-08 12:47:00+05:30,1192.3499755859375,1193.0,1191.0,1191.5,17895
2025-04-08 12:48:00+05:30,1192.050048828125,1193.300048828125,1191.5999755859375,1192.550048828125,13451
2025-04-08 12:49:00+05:30,1191.6500244140625,1193.0,1191.25,1192.300048828125,11440
2025-04-08 12:50:00+05:30,1193.199951171875,1193.199951171875,1191.300048828125,1191.300048828125,20636
2025-04-08 12:51:00+05:30,1192.3499755859375,1193.550048828125,1192.3499755859375,1192.8499755859375,24024
2025-04-08 12:52:00+05:30,1193.050048828125,1193.699951171875,1192.3499755859375,1192.699951171875,14203
2025-04-08 12:53:00+05:30,1193.4000244140625,1193.449951171875,1192.5999755859375,1193.4000244140625,31396
2025-04-08 12:54:00+05:30,1193.050048828125,1193.800048828125,1192.949951171875,1192.949951171875,20969
2025-04-08 12:55:00+05:30,1191.5,1193.550048828125,1191.3499755859375,1193.300048828125,17569
2025-04-08 12:56:00+05:30,1192.4000244140625,1193.050048828125,1191.25,1191.6500244140625,14527
2025-04-08 12:57:00+05:30,1191.75,1192.449951171875,1191.5,1192.1500244140625,8737
2025-04-08 12:58:00+05:30,1191.8499755859375,1192.0,1191.5,1191.75,9333
2025-04-08 12:59:00+05:30,1193.75,1194.0,1191.550048828125,1191.9000244140625,22658
2025-04-08 13:00:00+05:30,1191.0,1193.699951171875,1191.0,1193.5999755859375,19711
2025-04-08 13:01:00+05:30,1190.300048828125,1191.25,1188.75,1191.0,32732
2025-04-08 13:02:00+05:30,1190.0,1190.699951171875,1189.75,1190.5,9246
2025-04-08 13:03:00+05:30,1190.550048828125,1190.550048828125,1189.5,1190.050048828125,15203
2025-04-08 13:04:00+05:30,1189.75,1190.6500244140625,1189.6500244140625,1190.199951171875,10105
2025-04-08 13:05:00+05:30,1189.5,1190.75,1189.050048828125,1189.5999755859375,19110
2025-04-08 13:06:00+05:30,1188.300048828125,1189.4000244140625,1188.0,1189.300048828125,17768
2025-04-08 13:07:00+05:30,1187.449951171875,1188.25,1187.0,1188.0,26910
2025-04-08 13:08:00+05:30,1186.75,1187.9000244140625,1186.75,1187.449951171875,14547
2025-04-08 13:09:00+05:30,1186.800048828125,1187.0,1186.0,1186.0,22975
2025-04-08 13:10:00+05:30,1189.699951171875,1189.699951171875,1186.699951171875,1187.0,21655
2025-04-08 13:11:00+05:30,1189.3499755859375,1191.199951171875,1189.0,1189.949951171875,41057
2025-04-08 13:12:00+05:30,1189.300048828125,1190.550048828125,1189.0999755859375,1189.4000244140625,17672
2025-04-08 13:13:00+05:30,1189.1500244140625,1189.800048828125,1188.3499755859375,1189.300048828125,24640
2025-04-08 13:14:00+05:30,1189.5999755859375,1189.800048828125,1188.800048828125,1189.0,22923
2025-04-08 13:15:00+05:30,1189.1500244140625,1189.699951171875,1188.0,1189.5999755859375,21612
2025-04-08 13:16:00+05:30,1189.0,1189.8499755859375,1188.5999755859375,1189.0999755859375,24858
2025-04-08 13:17:00+05:30,1188.3499755859375,1189.4000244140625,1188.0999755859375,1188.949951171875,30357
2025-04-08 13:18:00+05:30,1188.300048828125,1188.300048828125,1187.5,1188.1500244140625,16315
2025-04-08 13:19:00+05:30,1187.3499755859375,1188.300048828125,1186.300048828125,1188.300048828125,27326
2025-04-08 13:20:00+05:30,1187.25,1189.0,1187.050048828125,1187.6500244140625,21195
2025-04-08 13:21:00+05:30,1186.3499755859375,1187.3499755859375,1185.0999755859375,1187.050048828125,31998
2025-04-08 13:22:00+05:30,1188.0,1188.449951171875,1186.0,1186.300048828125,17301
2025-04-08 13:23:00+05:30,1187.050048828125,1188.75,1187.0,1188.0,18502
2025-04-08 13:24:00+05:30,1188.0999755859375,1188.5999755859375,1186.25,1186.800048828125,17462
2025-04-08 13:25:00+05:30,1188.9000244140625,1189.5,1188.0,1188.0,27820
2025-04-08 13:26:00+05:30,1189.3499755859375,1190.0,1188.25,1188.9000244140625,50119
2025-04-08 13:27:00+05:30,1188.300048828125,1189.3499755859375,1188.0,1189.3499755859375,16230
2025-04-08 13:28:00+05:30,1189.5999755859375,1190.4000244140625,1189.050048828125,1189.050048828125,30206
2025-04-08 13:29:00+05:30,1190.1500244140625,1190.5,1189.449951171875,1189.5,23761
2025-04-08 13:30:00+05:30,1191.050048828125,1191.0999755859375,1190.1500244140625,1190.1500244140625,27573
2025-04-08 13:31:00+05:30,1190.050048828125,1191.5,1189.300048828125,1191.5,18766
2025-04-08 13:32:00+05:30,1189.449951171875,1190.050048828125,1188.5999755859375,1190.050048828125,16741
2025-04-08 13:33:00+05:30,1189.3499755859375,1189.75,1188.699951171875,1189.449951171875,18166
2025-04-08 13:34:00+05:30,1187.8499755859375,1189.9000244140625,1187.5999755859375,1188.800048828125,10688
2025-04-08 13:35:00+05:30,1186.6500244140625,1188.699951171875,1186.300048828125,1187.5999755859375,24648
2025-04-08 13:36:00+05:30,1187.3499755859375,1187.5999755859375,1186.3499755859375,1187.199951171875,13258
2025-04-08 13:37:00+05:30,1184.3499755859375,1187.4000244140625,1183.300048828125,1187.4000244140625,63692
2025-04-08 13:38:00+05:30,1184.199951171875,1186.9000244140625,1183.800048828125,1183.8499755859375,44951
2025-04-08 13:39:00+05:30,1181.800048828125,1184.1500244140625,1180.3499755859375,1184.050048828125,78416
2025-04-08 13:40:00+05:30,1182.449951171875,1183.0999755859375,1179.75,1181.550048828125,75711
2025-04-08 13:41:00+05:30,1184.75,1185.4000244140625,1182.0,1182.5,40564
2025-04-08 13:42:00+05:30,1183.949951171875,1184.5,1182.3499755859375,1184.050048828125,23150
2025-04-08 13:43:00+05:30,1182.550048828125,1184.449951171875,1182.050048828125,1183.800048828125,22025
2025-04-08 13:44:00+05:30,1182.25,1183.5,1182.0,1182.800048828125,23364
2025-04-08 13:45:00+05:30,1182.25,1183.6500244140625,1181.0,1182.300048828125,22274
2025-04-08 13:46:00+05:30,1181.5,1182.300048828125,1180.949951171875,1182.300048828125,22855
2025-04-08 13:47:00+05:30,1184.0999755859375,1184.0999755859375,1181.699951171875,1181.699951171875,24501
2025-04-08 13:48:00+05:30,1182.050048828125,1183.5999755859375,1181.5,1183.4000244140625,45471
2025-04-08 13:49:00+05:30,1180.300048828125,1182.699951171875,1179.449951171875,1182.0,62093
2025-04-08 13:50:00+05:30,1180.949951171875,1181.25,1179.699951171875,1180.199951171875,57459
2025-04-08 13:51:00+05:30,1178.300048828125,1180.949951171875,1177.8499755859375,1180.9000244140625,86500
2025-04-08 13:52:00+05:30,1177.199951171875,1179.0,1176.5,1178.050048828125,98967
2025-04-08 13:53:00+05:30,1176.25,1177.5999755859375,1174.3499755859375,1177.5999755859375,136821
2025-04-08 13:54:00+05:30,1176.0999755859375,1177.550048828125,1176.0,1176.050048828125,44770
2025-04-08 13:55:00+05:30,1180.0,1180.0,1175.5,1176.300048828125,372837
2025-04-08 13:56:00+05:30,1178.3499755859375,1182.0,1178.3499755859375,1179.699951171875,44320
2025-04-08 13:57:00+05:30,1179.300048828125,1180.0,1178.0,1178.25,30326
2025-04-08 13:58:00+05:30,1179.949951171875,1180.25,1178.949951171875,1179.550048828125,25781
2025-04-08 13:59:00+05:30,1180.25,1180.25,1178.4000244140625,1180.0,37281
2025-04-08 14:00:00+05:30,1181.4000244140625,1181.699951171875,1180.0999755859375,1180.0999755859375,41496
2025-04-08 14:01:00+05:30,1184.0,1185.1500244140625,1181.050048828125,1181.4000244140625,45033
2025-04-08 14:02:00+05:30,1184.3499755859375,1184.9000244140625,1184.0,1184.5,28182
2025-04-08 14:03:00+05:30,1182.800048828125,1184.550048828125,1182.050048828125,1184.5,22281
2025-04-08 14:04:00+05:30,1181.449951171875,1182.800048828125,1181.449951171875,1182.75,24395
2025-04-08 14:05:00+05:30,1181.25,1182.0999755859375,1179.25,1181.6500244140625,52603
2025-04-08 14:06:00+05:30,1180.8499755859375,1181.8499755859375,1180.3499755859375,1180.9000244140625,18066
2025-04-08 14:07:00+05:30,1181.0,1181.800048828125,1180.050048828125,1181.050048828125,30060
2025-04-08 14:08:00+05:30,1182.199951171875,1182.199951171875,1180.699951171875,1181.0,34749
2025-04-08 14:09:00+05:30,1182.75,1184.050048828125,1182.3499755859375,1182.9000244140625,32794
2025-04-08 14:10:00+05:30,1183.300048828125,1183.9000244140625,1182.5,1183.4000244140625,19873
2025-04-08 14:11:00+05:30,1184.1500244140625,1184.9000244140625,1182.550048828125,1182.9000244140625,30477
2025-04-08 14:12:00+05:30,1183.75,1184.5,1183.0999755859375,1183.949951171875,20485
2025-04-08 14:13:00+05:30,1185.699951171875,1186.050048828125,1183.449951171875,1183.75,28608
2025-04-08 14:14:00+05:30,1185.9000244140625,1186.949951171875,1185.5,1185.6500244140625,44435
2025-04-08 14:15:00+05:30,1186.9000244140625,1187.25,1186.050048828125,1186.199951171875,36477
2025-04-08 14:16:00+05:30,1186.1500244140625,1187.699951171875,1186.0,1186.9000244140625,18768
2025-04-08 14:17:00+05:30,1186.6500244140625,1187.199951171875,1186.050048828125,1186.3499755859375,22195
2025-04-08 14:18:00+05:30,1187.9000244140625,1188.0,1186.199951171875,1186.6500244140625,16999
2025-04-08 14:19:00+05:30,1187.800048828125,1189.3499755859375,1187.800048828125,1188.3499755859375,44723
2025-04-08 14:20:00+05:30,1188.0,1188.5,1187.0999755859375,1187.75,19952
2025-04-08 14:21:00+05:30,1189.0,1189.0,1187.949951171875,1187.949951171875,18996
2025-04-08 14:22:00+05:30,1189.0999755859375,1190.0,1188.949951171875,1189.0,32630
2025-04-08 14:23:00+05:30,1189.4000244140625,1189.9000244140625,1188.449951171875,1189.5,28776
2025-04-08 14:24:00+05:30,1190.3499755859375,1190.9000244140625,1189.300048828125,1189.6500244140625,29552
2025-04-08 14:25:00+05:30,1190.0,1190.699951171875,1189.0999755859375,1190.6500244140625,31235
2025-04-08 14:26:00+05:30,1188.550048828125,1190.199951171875,1188.449951171875,1190.0,19377
2025-04-08 14:27:00+05:30,1186.949951171875,1188.8499755859375,1186.949951171875,1188.550048828125,15751
2025-04-08 14:28:00+05:30,1190.449951171875,1190.449951171875,1187.199951171875,1187.199951171875,31107
2025-04-08 14:29:00+05:30,1190.449951171875,1191.050048828125,1189.6500244140625,1190.4000244140625,33344
2025-04-08 14:30:00+05:30,1189.9000244140625,1190.550048828125,1189.5999755859375,1190.550048828125,29690
2025-04-08 14:31:00+05:30,1188.199951171875,1189.9000244140625,1187.449951171875,1189.9000244140625,19529
2025-04-08 14:32:00+05:30,1187.5,1188.8499755859375,1187.4000244140625,1188.800048828125,17623
2025-04-08 14:33:00+05:30,1184.800048828125,1187.800048828125,1184.5,1187.5,34612
2025-04-08 14:34:00+05:30,1185.9000244140625,1185.949951171875,1184.0,1184.800048828125,21238
2025-04-08 14:35:00+05:30,1185.0999755859375,1186.6500244140625,1184.3499755859375,1185.8499755859375,21948
2025-04-08 14:36:00+05:30,1184.0999755859375,1185.6500244140625,1184.0,1185.050048828125,29666
2025-04-08 14:37:00+05:30,1185.5,1185.5999755859375,1183.300048828125,1184.0999755859375,26799
2025-04-08 14:38:00+05:30,1184.6500244140625,1186.3499755859375,1184.4000244140625,1185.449951171875,26150
2025-04-08 14:39:00+05:30,1184.1500244140625,1185.9000244140625,1183.6500244140625,1184.9000244140625,27609
2025-04-08 14:40:00+05:30,1185.25,1185.6500244140625,1184.300048828125,1184.300048828125,20108
2025-04-08 14:41:00+05:30,1184.25,1185.6500244140625,1184.25,1185.300048828125,18739
2025-04-08 14:42:00+05:30,1184.4000244140625,1185.199951171875,1184.0,1184.050048828125,30305
2025-04-08 14:43:00+05:30,1186.0,1186.0,1184.4000244140625,1184.449951171875,20808
2025-04-08 14:44:00+05:30,1185.3499755859375,1185.949951171875,1184.550048828125,1185.6500244140625,18401
2025-04-08 14:45:00+05:30,1185.25,1186.0,1184.949951171875,1185.0,20778
2025-04-08 14:46:00+05:30,1187.0,1187.300048828125,1185.25,1185.25,38121
2025-04-08 14:47:00+05:30,1186.699951171875,1187.0,1186.0,1187.0,27995
2025-04-08 14:48:00+05:30,1184.9000244140625,1186.9000244140625,1183.0,1186.9000244140625,55817
2025-04-08 14:49:00+05:30,1183.75,1185.0,1183.0,1184.9000244140625,35360
2025-04-08 14:50:00+05:30,1183.449951171875,1184.5999755859375,1182.8499755859375,1184.0,41102
2025-04-08 14:51:00+05:30,1183.699951171875,1184.550048828125,1183.050048828125,1183.050048828125,38202
2025-04-08 14:52:00+05:30,1184.8499755859375,1184.8499755859375,1183.300048828125,1183.5999755859375,25133
2025-04-08 14:53:00+05:30,1185.699951171875,1187.0,1184.8499755859375,1184.9000244140625,32402
2025-04-08 14:54:00+05:30,1186.300048828125,1186.4000244140625,1185.050048828125,1185.699951171875,24049
2025-04-08 14:55:00+05:30,1184.6500244140625,1186.300048828125,1183.949951171875,1186.300048828125,28570
2025-04-08 14:56:00+05:30,1185.1500244140625,1185.8499755859375,1184.5999755859375,1184.5999755859375,26490
2025-04-08 14:57:00+05:30,1185.1500244140625,1186.0,1185.0,1185.1500244140625,34554
2025-04-08 14:58:00+05:30,1185.4000244140625,1185.949951171875,1184.699951171875,1185.1500244140625,25263
2025-04-08 14:59:00+05:30,1186.0,1186.9000244140625,1185.4000244140625,1185.4000244140625,46274
2025-04-08 15:00:00+05:30,1184.0999755859375,1185.949951171875,1182.949951171875,1185.800048828125,237980
2025-04-08 15:01:00+05:30,1182.4000244140625,1185.949951171875,1182.25,1184.5,111825
2025-04-08 15:02:00+05:30,1182.25,1183.0,1182.0,1182.449951171875,143340
2025-04-08 15:03:00+05:30,1182.8499755859375,1182.8499755859375,1182.0999755859375,1182.4000244140625,135597
2025-04-08 15:04:00+05:30,1182.199951171875,1182.8499755859375,1182.0,1182.75,138423
2025-04-08 15:05:00+05:30,1182.8499755859375,1183.0999755859375,1182.1500244140625,1182.199951171875,126011
2025-04-08 15:06:00+05:30,1183.0,1183.3499755859375,1181.550048828125,1182.8499755859375,221873
2025-04-08 15:07:00+05:30,1183.6500244140625,1183.949951171875,1182.199951171875,1183.0,171039
2025-04-08 15:08:00+05:30,1183.699951171875,1184.0999755859375,1183.0,1183.699951171875,116931
2025-04-08 15:09:00+05:30,1182.550048828125,1183.699951171875,1182.550048828125,1183.699951171875,103022
2025-04-08 15:10:00+05:30,1182.8499755859375,1182.8499755859375,1181.6500244140625,1182.5,216578
2025-04-08 15:11:00+05:30,1183.5999755859375,1183.5999755859375,1182.800048828125,1182.800048828125,123185
2025-04-08 15:12:00+05:30,1183.5,1183.6500244140625,1182.5999755859375,1183.5999755859375,167160
2025-04-08 15:13:00+05:30,1183.300048828125,1183.6500244140625,1183.1500244140625,1183.6500244140625,100680
2025-04-08 15:14:00+05:30,1182.8499755859375,1183.300048828125,1182.800048828125,1183.300048828125,122415
2025-04-08 15:15:00+05:30,1181.8499755859375,1182.8499755859375,1181.550048828125,1182.8499755859375,133348
2025-04-08 15:16:00+05:30,1181.75,1181.8499755859375,1181.75,1181.8499755859375,112141
2025-04-08 15:17:00+05:30,1181.449951171875,1182.550048828125,1181.25,1181.800048828125,161297
2025-04-08 15:18:00+05:30,1180.25,1181.449951171875,1180.0999755859375,1181.449951171875,104751
2025-04-08 15:19:00+05:30,1180.5,1180.5,1179.5,1180.25,177519
2025-04-08 15:20:00+05:30,1181.25,1181.25,1180.050048828125,1180.449951171875,136733
2025-04-08 15:21:00+05:30,1181.949951171875,1182.0,1181.199951171875,1181.25,143983
2025-04-08 15:22:00+05:30,1182.550048828125,1182.6500244140625,1181.9000244140625,1181.949951171875,112286
2025-04-08 15:23:00+05:30,1181.8499755859375,1182.4000244140625,1181.0,1182.4000244140625,173103
2025-04-08 15:24:00+05:30,1181.8499755859375,1181.8499755859375,1181.800048828125,1181.8499755859375,82329
2025-04-08 15:25:00+05:30,1181.550048828125,1181.8499755859375,1181.449951171875,1181.8499755859375,93958
2025-04-08 15:26:00+05:30,1180.8499755859375,1181.5,1180.5999755859375,1181.5,117084
2025-04-08 15:27:00+05:30,1181.4000244140625,1181.699951171875,1180.9000244140625,1180.949951171875,85583
2025-04-08 15:28:00+05:30,1181.300048828125,1181.4000244140625,1180.9000244140625,1181.050048828125,87065
2025-04-08 15:29:00+05:30,1181.199951171875,1181.300048828125,1180.5,1181.300048828125,69838
2025-04-09 09:15:00+05:30,1178.0999755859375,1178.9000244140625,1169.949951171875,1173.4000244140625,0
2025-04-09 09:16:00+05:30,1177.9000244140625,1179.5999755859375,1176.449951171875,1178.199951171875,125016
2025-04-09 09:17:00+05:30,1179.3499755859375,1179.800048828125,1177.050048828125,1177.3499755859375,55824
2025-04-09 09:18:00+05:30,1179.9000244140625,1180.75,1178.550048828125,1179.75,74806
2025-04-09 09:19:00+05:30,1177.1500244140625,1179.9000244140625,1176.9000244140625,1179.6500244140625,64079
2025-04-09 09:20:00+05:30,1179.0999755859375,1179.0999755859375,1177.0,1177.199951171875,51910
2025-04-09 09:21:00+05:30,1177.9000244140625,1179.800048828125,1177.4000244140625,1179.300048828125,75191
2025-04-09 09:22:00+05:30,1177.25,1178.800048828125,1177.050048828125,1178.0,56250
2025-04-09 09:23:00+05:30,1177.199951171875,1177.3499755859375,1175.9000244140625,1177.0,47490
2025-04-09 09:24:00+05:30,1177.5999755859375,1178.0,1176.75,1177.199951171875,25181
2025-04-09 09:25:00+05:30,1176.9000244140625,1177.800048828125,1176.300048828125,1177.449951171875,35105
2025-04-09 09:26:00+05:30,1175.9000244140625,1176.8499755859375,1175.449951171875,1176.550048828125,39424
2025-04-09 09:27:00+05:30,1173.5999755859375,1176.3499755859375,1173.550048828125,1176.0999755859375,42793
2025-04-09 09:28:00+05:30,1175.449951171875,1175.449951171875,1173.1500244140625,1173.5999755859375,35480
2025-04-09 09:29:00+05:30,1175.800048828125,1176.550048828125,1175.0,1175.449951171875,40587
2025-04-09 09:30:00+05:30,1174.300048828125,1175.75,1173.949951171875,1175.75,34705
2025-04-09 09:31:00+05:30,1175.5999755859375,1176.5,1174.25,1174.300048828125,36245
2025-04-09 09:32:00+05:30,1176.9000244140625,1177.75,1175.5999755859375,1175.5999755859375,44432
2025-04-09 09:33:00+05:30,1177.0,1177.550048828125,1176.050048828125,1176.800048828125,37741
2025-04-09 09:34:00+05:30,1177.300048828125,1178.0,1177.25,1177.25,26787
2025-04-09 09:35:00+05:30,1177.0,1177.3499755859375,1176.0,1177.300048828125,35639
2025-04-09 09:36:00+05:30,1176.8499755859375,1177.300048828125,1176.449951171875,1177.0999755859375,27715
2025-04-09 09:37:00+05:30,1175.949951171875,1176.9000244140625,1175.550048828125,1176.800048828125,32521
2025-04-09 09:38:00+05:30,1176.550048828125,1176.800048828125,1176.0,1176.0999755859375,31618
2025-04-09 09:39:00+05:30,1177.1500244140625,1177.699951171875,1176.550048828125,1176.6500244140625,19796
2025-04-09 09:40:00+05:30,1178.5,1178.8499755859375,1177.0,1177.1500244140625,27808
2025-04-09 09:41:00+05:30,1180.3499755859375,1180.3499755859375,1178.5,1178.9000244140625,36677
2025-04-09 09:42:00+05:30,1183.0,1183.0,1180.3499755859375,1180.3499755859375,72428
2025-04-09 09:43:00+05:30,1183.0,1183.949951171875,1182.300048828125,1183.050048828125,56405
2025-04-09 09:44:00+05:30,1184.800048828125,1185.0,1183.1500244140625,1183.25,88301
2025-04-09 09:45:00+05:30,1183.449951171875,1184.9000244140625,1183.0,1184.800048828125,41507
2025-04-09 09:46:00+05:30,1182.3499755859375,1183.800048828125,1182.199951171875,1183.5,36427
2025-04-09 09:47:00+05:30,1182.25,1183.050048828125,1181.8499755859375,1182.449951171875,24147
2025-04-09 09:48:00+05:30,1181.199951171875,1182.449951171875,1181.199951171875,1181.949951171875,21256
2025-04-09 09:49:00+05:30,1179.5999755859375,1181.3499755859375,1179.25,1181.199951171875,31937
2025-04-09 09:50:00+05:30,1180.3499755859375,1180.3499755859375,1179.25,1179.6500244140625,36106
2025-04-09 09:51:00+05:30,1179.699951171875,1180.1500244140625,1179.25,1180.050048828125,27070
2025-04-09 09:52:00+05:30,1180.800048828125,1180.9000244140625,1179.550048828125,1179.949951171875,31099
2025-04-09 09:53:00+05:30,1181.6500244140625,1181.9000244140625,1180.550048828125,1181.0999755859375,39254
2025-04-09 09:54:00+05:30,1180.550048828125,1182.300048828125,1180.550048828125,1181.9000244140625,16387
2025-04-09 09:55:00+05:30,1180.25,1180.6500244140625,1180.0,1180.300048828125,49114
2025-04-09 09:56:00+05:30,1178.050048828125,1180.25,1178.050048828125,1180.199951171875,46508
2025-04-09 09:57:00+05:30,1178.5999755859375,1178.949951171875,1177.75,1178.0,34708
2025-04-09 09:58:00+05:30,1178.050048828125,1178.75,1178.050048828125,1178.6500244140625,17819
2025-04-09 09:59:00+05:30,1178.300048828125,1178.4000244140625,1177.449951171875,1177.9000244140625,12988
2025-04-09 10:00:00+05:30,1179.0999755859375,1179.699951171875,1178.3499755859375,1178.4000244140625,18389
2025-04-09 10:01:00+05:30,1179.3499755859375,1180.0,1178.5,1179.0,50965
2025-04-09 10:02:00+05:30,1180.1500244140625,1180.550048828125,1179.3499755859375,1179.3499755859375,20815
2025-04-09 10:03:00+05:30,1180.75,1180.75,1180.0999755859375,1180.1500244140625,12012
2025-04-09 10:04:00+05:30,1182.0,1182.0,1181.0,1181.0,18942
2025-04-09 10:05:00+05:30,1181.449951171875,1182.050048828125,1180.449951171875,1182.0,24016
2025-04-09 10:06:00+05:30,1182.6500244140625,1183.0999755859375,1181.5,1181.5,25648
2025-04-09 10:07:00+05:30,1180.8499755859375,1182.5,1180.8499755859375,1182.300048828125,26541
2025-04-09 10:08:00+05:30,1181.6500244140625,1181.75,1180.75,1180.8499755859375,13170
2025-04-09 10:09:00+05:30,1180.1500244140625,1181.800048828125,1180.0,1181.550048828125,24417
2025-04-09 10:10:00+05:30,1179.449951171875,1180.199951171875,1179.0,1180.1500244140625,21265
2025-04-09 10:11:00+05:30,1180.1500244140625,1180.550048828125,1179.4000244140625,1179.4000244140625,26883
2025-04-09 10:12:00+05:30,1179.199951171875,1180.9000244140625,1179.199951171875,1180.199951171875,26292
2025-04-09 10:13:00+05:30,1180.0,1180.0999755859375,1179.3499755859375,1179.3499755859375,19036
2025-04-09 10:14:00+05:30,1181.3499755859375,1181.6500244140625,1179.949951171875,1179.949951171875,18067
2025-04-09 10:15:00+05:30,1182.5999755859375,1182.5999755859375,1181.1500244140625,1181.25,20418
2025-04-09 10:16:00+05:30,1183.5,1183.9000244140625,1182.699951171875,1182.699951171875,23500
2025-04-09 10:17:00+05:30,1184.699951171875,1184.800048828125,1183.5,1183.800048828125,33212
2025-04-09 10:18:00+05:30,1184.699951171875,1185.800048828125,1184.5,1184.5999755859375,32733
2025-04-09 10:19:00+05:30,1186.550048828125,1187.5,1184.699951171875,1184.8499755859375,36749
2025-04-09 10:20:00+05:30,1185.0999755859375,1186.699951171875,1185.0,1186.699951171875,29158
2025-04-09 10:21:00+05:30,1184.300048828125,1185.0999755859375,1184.1500244140625,1185.0999755859375,16395
2025-04-09 10:22:00+05:30,1185.800048828125,1185.800048828125,1184.5,1184.550048828125,15736
2025-04-09 10:23:00+05:30,1186.199951171875,1186.199951171875,1185.5999755859375,1185.800048828125,13271
2025-04-09 10:24:00+05:30,1185.9000244140625,1186.4000244140625,1185.5,1186.0999755859375,12040
2025-04-09 10:25:00+05:30,1185.5,1186.0,1185.1500244140625,1186.0,11104
2025-04-09 10:26:00+05:30,1184.9000244140625,1185.949951171875,1184.550048828125,1185.449951171875,17882
2025-04-09 10:27:00+05:30,1185.25,1185.699951171875,1184.75,1184.800048828125,8877
2025-04-09 10:28:00+05:30,1185.5,1186.1500244140625,1185.300048828125,1185.3499755859375,21971
2025-04-09 10:29:00+05:30,1184.800048828125,1185.449951171875,1184.300048828125,1185.3499755859375,12982
2025-04-09 10:30:00+05:30,1184.4000244140625,1185.1500244140625,1184.4000244140625,1184.75,32123
2025-04-09 10:31:00+05:30,1183.8499755859375,1184.8499755859375,1183.5999755859375,1184.199951171875,21421
2025-04-09 10:32:00+05:30,1184.699951171875,1184.800048828125,1184.0,1184.0,16436
2025-04-09 10:33:00+05:30,1184.75,1184.8499755859375,1184.6500244140625,1184.6500244140625,10575
2025-04-09 10:34:00+05:30,1184.5999755859375,1184.75,1184.4000244140625,1184.75,17613
2025-04-09 10:35:00+05:30,1184.4000244140625,1184.9000244140625,1184.4000244140625,1184.5999755859375,22416
2025-04-09 10:36:00+05:30,1185.449951171875,1185.699951171875,1184.0999755859375,1184.199951171875,28120
2025-04-09 10:37:00+05:30,1185.550048828125,1185.9000244140625,1185.449951171875,1185.449951171875,4044
2025-04-09 10:55:00+05:30,1185.1500244140625,1185.1500244140625,1185.0,1185.050048828125,246240
2025-04-09 10:56:00+05:30,1183.75,1185.1500244140625,1183.75,1185.1500244140625,57151
2025-04-09 10:57:00+05:30,1185.0,1185.1500244140625,1183.75,1183.9000244140625,74074
2025-04-09 10:58:00+05:30,1185.050048828125,1185.1500244140625,1185.0,1185.050048828125,25865
2025-04-09 10:59:00+05:30,1184.550048828125,1184.949951171875,1184.5,1184.800048828125,11547
2025-04-09 11:00:00+05:30,1184.0999755859375,1184.5,1183.75,1184.5,7129
2025-04-09 11:01:00+05:30,1184.550048828125,1184.800048828125,1184.0,1184.0999755859375,30441
2025-04-09 11:02:00+05:30,1185.199951171875,1185.199951171875,1184.5,1184.550048828125,8614
2025-04-09 11:03:00+05:30,1185.0999755859375,1185.449951171875,1185.0,1185.1500244140625,9724
2025-04-09 11:04:00+05:30,1183.75,1185.0999755859375,1183.550048828125,1185.0999755859375,58586
2025-04-09 11:05:00+05:30,1183.5999755859375,1184.0,1183.5999755859375,1183.800048828125,12985
2025-04-09 11:06:00+05:30,1183.8499755859375,1184.050048828125,1182.699951171875,1183.6500244140625,55218
2025-04-09 11:07:00+05:30,1184.1500244140625,1184.199951171875,1182.949951171875,1183.8499755859375,58496
2025-04-09 11:08:00+05:30,1184.5999755859375,1185.25,1184.0999755859375,1184.199951171875,24743
2025-04-09 11:09:00+05:30,1185.199951171875,1185.199951171875,1184.4000244140625,1184.5999755859375,10218
2025-04-09 11:10:00+05:30,1185.25,1185.5999755859375,1185.1500244140625,1185.199951171875,6716
2025-04-09 11:11:00+05:30,1185.5,1185.949951171875,1185.4000244140625,1185.4000244140625,13370
2025-04-09 11:12:00+05:30,1186.1500244140625,1186.5,1185.5999755859375,1185.5999755859375,21296
2025-04-09 11:13:00+05:30,1186.5,1186.5,1186.050048828125,1186.199951171875,8948
2025-04-09 11:14:00+05:30,1187.5999755859375,1187.8499755859375,1186.5,1186.5,27389
2025-04-09 11:15:00+05:30,1187.6500244140625,1187.699951171875,1186.6500244140625,1187.5,15227
2025-04-09 11:16:00+05:30,1188.199951171875,1188.5999755859375,1187.6500244140625,1187.699951171875,17208
2025-04-09 11:17:00+05:30,1187.5999755859375,1188.4000244140625,1187.5,1188.199951171875,11326
2025-04-09 11:18:00+05:30,1187.8499755859375,1188.0,1187.550048828125,1187.5999755859375,6363
2025-04-09 11:19:00+05:30,1188.5999755859375,1188.699951171875,1187.9000244140625,1187.949951171875,11604
2025-04-09 11:20:00+05:30,1189.0999755859375,1189.0999755859375,1188.199951171875,1188.5999755859375,22079
2025-04-09 11:21:00+05:30,1189.0,1189.199951171875,1188.699951171875,1189.1500244140625,9774
2025-04-09 11:22:00+05:30,1189.0999755859375,1189.5,1188.949951171875,1188.949951171875,16113
2025-04-09 11:23:00+05:30,1188.0999755859375,1189.0999755859375,1188.0,1189.0999755859375,12338
2025-04-09 11:24:00+05:30,1187.4000244140625,1188.1500244140625,1187.0999755859375,1188.1500244140625,10499
2025-04-09 11:25:00+05:30,1186.4000244140625,1187.4000244140625,1186.300048828125,1187.4000244140625,16358
2025-04-09 11:26:00+05:30,1186.0,1186.4000244140625,1186.0,1186.4000244140625,6267
2025-04-09 11:27:00+05:30,1186.0,1186.0999755859375,1185.699951171875,1186.0,18492
2025-04-09 11:28:00+05:30,1186.1500244140625,1186.199951171875,1185.699951171875,1186.0999755859375,10163
2025-04-09 11:29:00+05:30,1186.6500244140625,1186.6500244140625,1186.0999755859375,1186.1500244140625,7413
2025-04-09 11:30:00+05:30,1186.050048828125,1186.9000244140625,1186.050048828125,1186.9000244140625,11318
2025-04-09 11:31:00+05:30,1187.5,1187.8499755859375,1186.0999755859375,1187.1500244140625,36860
2025-04-09 11:32:00+05:30,1187.0,1187.449951171875,1187.0,1187.449951171875,6493
2025-04-09 11:33:00+05:30,1186.25,1187.1500244140625,1186.0,1187.1500244140625,11962
2025-04-09 11:34:00+05:30,1185.550048828125,1186.5,1185.550048828125,1186.25,7168
2025-04-09 11:35:00+05:30,1185.25,1186.25,1185.25,1185.6500244140625,11534
2025-04-09 11:36:00+05:30,1185.050048828125,1185.199951171875,1185.0,1185.199951171875,55720
2025-04-09 11:37:00+05:30,1185.050048828125,1185.050048828125,1184.5,1185.050048828125,18136
2025-04-09 11:38:00+05:30,1185.0999755859375,1185.449951171875,1184.949951171875,1184.949951171875,8119
2025-04-09 11:39:00+05:30,1185.6500244140625,1186.0,1185.1500244140625,1185.25,7895
2025-04-09 11:40:00+05:30,1185.0,1185.550048828125,1185.0,1185.5,30533
2025-04-09 11:41:00+05:30,1185.1500244140625,1185.550048828125,1185.0,1185.0999755859375,33164
2025-04-09 11:42:00+05:30,1184.300048828125,1185.0999755859375,1184.199951171875,1185.0999755859375,19130
2025-04-09 11:43:00+05:30,1184.9000244140625,1184.9000244140625,1184.050048828125,1184.25,12572
2025-04-09 11:44:00+05:30,1186.0,1186.300048828125,1184.6500244140625,1184.6500244140625,15779
2025-04-09 11:45:00+05:30,1184.699951171875,1185.8499755859375,1184.199951171875,1185.800048828125,54306
2025-04-09 11:46:00+05:30,1184.5999755859375,1184.8499755859375,1184.5,1184.699951171875,10160
2025-04-09 11:47:00+05:30,1184.550048828125,1184.5999755859375,1184.5,1184.550048828125,17116
2025-04-09 11:48:00+05:30,1185.0999755859375,1185.1500244140625,1184.6500244140625,1184.75,6785
2025-04-09 11:49:00+05:30,1185.25,1185.300048828125,1185.0,1185.0,8954
2025-04-09 11:50:00+05:30,1185.300048828125,1185.699951171875,1185.199951171875,1185.199951171875,5370
2025-04-09 11:51:00+05:30,1185.300048828125,1185.550048828125,1185.0,1185.550048828125,9054
2025-04-09 11:52:00+05:30,1185.949951171875,1186.0999755859375,1185.300048828125,1185.300048828125,8533
2025-04-09 11:53:00+05:30,1185.699951171875,1186.699951171875,1185.550048828125,1186.0,8610
2025-04-09 11:54:00+05:30,1185.699951171875,1186.4000244140625,1185.5,1185.699951171875,6462
2025-04-09 11:55:00+05:30,1186.300048828125,1186.699951171875,1185.550048828125,1185.699951171875,9651
2025-04-09 11:56:00+05:30,1186.0999755859375,1186.5999755859375,1185.75,1186.3499755859375,5320
2025-04-09 11:57:00+05:30,1185.5999755859375,1186.1500244140625,1185.550048828125,1186.1500244140625,6496
2025-04-09 11:58:00+05:30,1185.75,1185.949951171875,1185.5,1185.5999755859375,7093
2025-04-09 11:59:00+05:30,1185.199951171875,1186.300048828125,1185.199951171875,1185.75,9169
2025-04-09 12:00:00+05:30,1185.3499755859375,1185.5999755859375,1185.0,1185.1500244140625,7727
2025-04-09 12:01:00+05:30,1185.050048828125,1185.3499755859375,1185.0,1185.3499755859375,10451
2025-04-09 12:02:00+05:30,1185.199951171875,1185.199951171875,1185.0,1185.0999755859375,17283
2025-04-09 12:03:00+05:30,1185.0,1185.199951171875,1185.0,1185.1500244140625,7918
2025-04-09 12:04:00+05:30,1185.050048828125,1185.0999755859375,1185.0,1185.050048828125,7358
2025-04-09 12:05:00+05:30,1185.0999755859375,1185.199951171875,1185.0,1185.050048828125,10640
2025-04-09 12:06:00+05:30,1185.0,1185.0999755859375,1185.0,1185.0,26914
2025-04-09 12:07:00+05:30,1185.050048828125,1185.0999755859375,1185.0,1185.0999755859375,6373
2025-04-09 12:08:00+05:30,1185.0,1185.300048828125,1185.0,1185.050048828125,8097
2025-04-09 12:09:00+05:30,1185.0,1185.199951171875,1185.0,1185.050048828125,8175
2025-04-09 12:10:00+05:30,1185.25,1185.25,1185.0,1185.050048828125,7575
2025-04-09 12:11:00+05:30,1185.050048828125,1185.699951171875,1185.0,1185.25,18906
2025-04-09 12:12:00+05:30,1184.3499755859375,1185.050048828125,1184.0999755859375,1185.050048828125,13262
2025-04-09 12:13:00+05:30,1184.699951171875,1184.699951171875,1184.0999755859375,1184.3499755859375,9087
2025-04-09 12:14:00+05:30,1184.4000244140625,1184.949951171875,1184.3499755859375,1184.6500244140625,5394
2025-04-09 12:15:00+05:30,1184.5999755859375,1184.8499755859375,1184.25,1184.449951171875,6177
2025-04-09 12:16:00+05:30,1185.5,1185.550048828125,1184.199951171875,1184.699951171875,7876
2025-04-09 12:17:00+05:30,1186.699951171875,1186.699951171875,1185.3499755859375,1185.5,9777
2025-04-09 12:18:00+05:30,1185.8499755859375,1186.5,1185.550048828125,1186.0999755859375,6278
2025-04-09 12:19:00+05:30,1186.1500244140625,1186.1500244140625,1185.449951171875,1185.449951171875,8743
2025-04-09 12:20:00+05:30,1186.0,1186.25,1186.0,1186.1500244140625,6539
2025-04-09 12:21:00+05:30,1185.3499755859375,1186.4000244140625,1185.0999755859375,1186.4000244140625,25131
2025-04-09 12:22:00+05:30,1185.75,1185.8499755859375,1185.0,1185.550048828125,15791
2025-04-09 12:23:00+05:30,1185.0999755859375,1185.75,1185.0,1185.75,9849
2025-04-09 12:24:00+05:30,1184.699951171875,1185.1500244140625,1184.25,1185.0,11547
2025-04-09 12:25:00+05:30,1184.5999755859375,1184.699951171875,1184.1500244140625,1184.5,13127
2025-04-09 12:26:00+05:30,1184.300048828125,1185.0,1184.0999755859375,1184.5,10409
2025-04-09 12:27:00+05:30,1184.1500244140625,1184.9000244140625,1184.1500244140625,1184.3499755859375,12637
2025-04-09 12:28:00+05:30,1184.949951171875,1185.050048828125,1184.1500244140625,1184.5,28199
2025-04-09 12:29:00+05:30,1185.0,1185.5,1184.5999755859375,1184.800048828125,14627
2025-04-09 12:30:00+05:30,1184.949951171875,1185.0,1184.449951171875,1184.8499755859375,22048
2025-04-09 12:31:00+05:30,1185.449951171875,1185.5999755859375,1184.9000244140625,1184.9000244140625,10838
2025-04-09 12:32:00+05:30,1185.050048828125,1185.449951171875,1185.0,1185.449951171875,10268
2025-04-09 12:33:00+05:30,1185.8499755859375,1185.8499755859375,1184.949951171875,1185.050048828125,13215
2025-04-09 12:34:00+05:30,1185.5999755859375,1186.300048828125,1185.25,1185.949951171875,21898
2025-04-09 12:35:00+05:30,1185.75,1186.199951171875,1185.0999755859375,1185.699951171875,10928
2025-04-09 12:36:00+05:30,1185.8499755859375,1186.449951171875,1185.5,1185.550048828125,22030
2025-04-09 12:37:00+05:30,1185.550048828125,1186.5,1185.5,1186.0,13178
2025-04-09 12:38:00+05:30,1185.25,1185.6500244140625,1185.1500244140625,1185.3499755859375,8675
2025-04-09 12:39:00+05:30,1185.300048828125,1185.699951171875,1185.050048828125,1185.3499755859375,12613
2025-04-09 12:40:00+05:30,1185.199951171875,1185.449951171875,1185.0,1185.4000244140625,6043
2025-04-09 12:41:00+05:30,1185.25,1185.5,1185.0,1185.199951171875,26659
2025-04-09 12:42:00+05:30,1185.1500244140625,1185.300048828125,1185.0,1185.0,8059
2025-04-09 12:43:00+05:30,1185.199951171875,1185.3499755859375,1185.0,1185.199951171875,10346
2025-04-09 12:44:00+05:30,1184.300048828125,1185.25,1184.300048828125,1185.199951171875,25049
2025-04-09 12:45:00+05:30,1184.800048828125,1184.9000244140625,1184.449951171875,1184.9000244140625,14155
2025-04-09 12:46:00+05:30,1184.6500244140625,1184.800048828125,1184.449951171875,1184.800048828125,14269
2025-04-09 12:47:00+05:30,1184.75,1185.0,1184.449951171875,1184.5999755859375,15859
2025-04-09 12:48:00+05:30,1184.5,1185.4000244140625,1184.5,1184.8499755859375,28538
2025-04-09 12:49:00+05:30,1185.199951171875,1185.3499755859375,1184.550048828125,1184.800048828125,7685
2025-04-09 12:50:00+05:30,1184.550048828125,1185.199951171875,1184.449951171875,1185.199951171875,12864
2025-04-09 12:51:00+05:30,1184.199951171875,1184.550048828125,1184.0999755859375,1184.550048828125,12689
2025-04-09 12:52:00+05:30,1184.9000244140625,1184.9000244140625,1184.199951171875,1184.199951171875,24965
2025-04-09 12:53:00+05:30,1184.949951171875,1185.0,1184.449951171875,1184.949951171875,15479
2025-04-09 12:54:00+05:30,1185.0999755859375,1185.300048828125,1184.5,1184.949951171875,34824
2025-04-09 12:55:00+05:30,1185.4000244140625,1185.4000244140625,1185.0,1185.0999755859375,11079
2025-04-09 12:56:00+05:30,1185.4000244140625,1185.5,1185.3499755859375,1185.3499755859375,7190
2025-04-09 12:57:00+05:30,1185.800048828125,1186.0,1185.5,1185.5,7204
2025-04-09 12:58:00+05:30,1186.0999755859375,1186.0999755859375,1185.8499755859375,1185.9000244140625,7032
2025-04-09 12:59:00+05:30,1185.5999755859375,1186.25,1185.5999755859375,1186.0999755859375,14875
2025-04-09 13:00:00+05:30,1185.0,1185.6500244140625,1184.949951171875,1185.550048828125,22664
2025-04-09 13:01:00+05:30,1185.300048828125,1185.300048828125,1184.550048828125,1184.75,17678
2025-04-09 13:02:00+05:30,1185.3499755859375,1185.8499755859375,1184.9000244140625,1185.3499755859375,6790
2025-04-09 13:03:00+05:30,1185.0,1185.3499755859375,1184.800048828125,1185.3499755859375,5379
2025-04-09 13:04:00+05:30,1185.1500244140625,1185.3499755859375,1184.800048828125,1185.0,9949
2025-04-09 13:05:00+05:30,1184.550048828125,1185.449951171875,1184.550048828125,1185.449951171875,14915
2025-04-09 13:06:00+05:30,1185.5999755859375,1185.5999755859375,1184.949951171875,1185.1500244140625,6597
2025-04-09 13:07:00+05:30,1184.5,1185.4000244140625,1184.25,1185.4000244140625,19819
2025-04-09 13:08:00+05:30,1185.0,1185.0,1183.050048828125,1184.5,41143
2025-04-09 13:09:00+05:30,1185.300048828125,1185.449951171875,1184.300048828125,1185.0,25616
2025-04-09 13:10:00+05:30,1184.949951171875,1185.3499755859375,1184.550048828125,1185.3499755859375,21140
2025-04-09 13:11:00+05:30,1184.6500244140625,1185.0,1184.1500244140625,1184.949951171875,29899
2025-04-09 13:12:00+05:30,1185.0,1185.0,1184.449951171875,1184.6500244140625,10928
2025-04-09 13:13:00+05:30,1185.050048828125,1185.3499755859375,1184.800048828125,1185.0,41961
2025-04-09 13:14:00+05:30,1185.050048828125,1185.5,1185.050048828125,1185.3499755859375,8840
2025-04-09 13:15:00+05:30,1184.949951171875,1185.050048828125,1184.5,1185.050048828125,30154
2025-04-09 13:16:00+05:30,1184.949951171875,1185.0,1184.8499755859375,1185.0,5795
2025-04-09 13:17:00+05:30,1184.949951171875,1185.0,1184.550048828125,1184.9000244140625,10691
2025-04-09 13:18:00+05:30,1184.5,1185.0,1184.5,1184.949951171875,12141
2025-04-09 13:19:00+05:30,1184.5,1184.949951171875,1184.5,1184.5,8538
2025-04-09 13:20:00+05:30,1184.0999755859375,1184.5,1183.6500244140625,1184.5,19674
2025-04-09 13:21:00+05:30,1184.5999755859375,1184.9000244140625,1184.0999755859375,1184.0999755859375,8284
2025-04-09 13:22:00+05:30,1184.1500244140625,1184.5999755859375,1184.1500244140625,1184.5,44572
2025-04-09 13:23:00+05:30,1184.199951171875,1184.6500244140625,1184.050048828125,1184.1500244140625,94356
2025-04-09 13:24:00+05:30,1184.800048828125,1184.800048828125,1183.9000244140625,1184.199951171875,18112
2025-04-09 13:25:00+05:30,1184.9000244140625,1185.25,1184.4000244140625,1184.800048828125,8801
2025-04-09 13:26:00+05:30,1184.3499755859375,1185.050048828125,1184.0999755859375,1184.9000244140625,22878
2025-04-09 13:27:00+05:30,1185.050048828125,1185.9000244140625,1184.0999755859375,1184.5,133675
2025-04-09 13:28:00+05:30,1184.1500244140625,1185.199951171875,1184.0999755859375,1185.050048828125,32137
2025-04-09 13:29:00+05:30,1184.3499755859375,1184.5,1183.550048828125,1184.0999755859375,22468
2025-04-09 13:30:00+05:30,1184.5,1184.5,1183.9000244140625,1184.4000244140625,6870
2025-04-09 13:31:00+05:30,1184.5,1184.5,1184.0,1184.1500244140625,25254
2025-04-09 13:32:00+05:30,1185.0999755859375,1185.300048828125,1184.3499755859375,1184.4000244140625,59040
2025-04-09 13:33:00+05:30,1184.800048828125,1185.300048828125,1184.5,1185.1500244140625,7475
2025-04-09 13:34:00+05:30,1183.25,1184.6500244140625,1183.199951171875,1184.5,17385
2025-04-09 13:35:00+05:30,1181.449951171875,1183.1500244140625,1181.4000244140625,1183.1500244140625,54364
2025-04-09 13:36:00+05:30,1182.0,1182.0,1181.449951171875,1181.75,35690
2025-04-09 13:37:00+05:30,1181.949951171875,1182.0,1181.6500244140625,1182.0,35663
2025-04-09 13:38:00+05:30,1181.949951171875,1182.0,1181.5,1181.949951171875,18822
2025-04-09 13:39:00+05:30,1182.949951171875,1182.949951171875,1181.699951171875,1181.949951171875,45054
2025-04-09 13:40:00+05:30,1183.0,1183.550048828125,1182.9000244140625,1183.4000244140625,26687
2025-04-09 13:41:00+05:30,1182.949951171875,1183.0,1182.8499755859375,1183.0,44531
2025-04-09 13:42:00+05:30,1183.0,1183.0,1182.800048828125,1182.949951171875,21873
2025-04-09 13:43:00+05:30,1182.9000244140625,1183.0,1182.800048828125,1183.0,15440
2025-04-09 13:44:00+05:30,1183.0,1183.0,1182.75,1183.0,30508
2025-04-09 13:45:00+05:30,1183.75,1183.75,1182.9000244140625,1183.0,12203
2025-04-09 13:46:00+05:30,1183.9000244140625,1183.9000244140625,1183.25,1183.800048828125,13757
2025-04-09 13:47:00+05:30,1183.6500244140625,1184.199951171875,1183.5999755859375,1183.9000244140625,13509
2025-04-09 13:48:00+05:30,1183.699951171875,1184.199951171875,1183.5999755859375,1183.5999755859375,14134
2025-04-09 13:49:00+05:30,1182.699951171875,1184.0,1182.699951171875,1183.699951171875,16276
2025-04-09 13:50:00+05:30,1183.550048828125,1183.9000244140625,1183.0,1183.0999755859375,19178
2025-04-09 13:51:00+05:30,1184.0,1184.0,1183.4000244140625,1183.5999755859375,16856
2025-04-09 13:52:00+05:30,1183.699951171875,1184.1500244140625,1183.5,1184.050048828125,24275
2025-04-09 13:53:00+05:30,1183.5,1183.5999755859375,1183.4000244140625,1183.550048828125,9811
2025-04-09 13:54:00+05:30,1183.6500244140625,1184.4000244140625,1183.4000244140625,1183.449951171875,14866
2025-04-09 13:55:00+05:30,1183.800048828125,1183.949951171875,1183.3499755859375,1183.699951171875,11059
2025-04-09 13:56:00+05:30,1183.699951171875,1183.800048828125,1183.050048828125,1183.699951171875,13130
2025-04-09 13:57:00+05:30,1183.5999755859375,1183.949951171875,1183.449951171875,1183.699951171875,12487
2025-04-09 13:58:00+05:30,1183.25,1184.0,1183.199951171875,1183.5999755859375,11529
2025-04-09 13:59:00+05:30,1183.300048828125,1183.300048828125,1183.1500244140625,1183.25,7206
2025-04-09 14:00:00+05:30,1183.75,1184.0,1183.300048828125,1183.300048828125,13917
2025-04-09 14:01:00+05:30,1184.5,1184.5,1183.25,1183.6500244140625,18382
2025-04-09 14:02:00+05:30,1184.0,1184.5,1184.0,1184.5,14247
2025-04-09 14:03:00+05:30,1184.199951171875,1184.199951171875,1183.800048828125,1184.0,15175
2025-04-09 14:04:00+05:30,1184.550048828125,1184.5999755859375,1184.1500244140625,1184.3499755859375,18035
2025-04-09 14:05:00+05:30,1185.0,1185.0,1184.4000244140625,1184.550048828125,22914
2025-04-09 14:06:00+05:30,1184.949951171875,1185.0999755859375,1184.8499755859375,1185.0,19973
2025-04-09 14:07:00+05:30,1184.9000244140625,1185.25,1184.300048828125,1185.0,20682
2025-04-09 14:08:00+05:30,1184.6500244140625,1184.75,1184.5999755859375,1184.75,15225
2025-04-09 14:09:00+05:30,1184.550048828125,1184.8499755859375,1184.449951171875,1184.5999755859375,14965
2025-04-09 14:10:00+05:30,1184.550048828125,1185.0,1184.5,1184.6500244140625,14166
2025-04-09 14:11:00+05:30,1185.25,1185.25,1184.550048828125,1184.699951171875,11213
2025-04-09 14:12:00+05:30,1185.1500244140625,1185.4000244140625,1184.800048828125,1185.25,16721
2025-04-09 14:13:00+05:30,1184.5999755859375,1185.25,1184.550048828125,1185.1500244140625,14902
2025-04-09 14:14:00+05:30,1185.050048828125,1185.050048828125,1184.550048828125,1184.5999755859375,25014
2025-04-09 14:15:00+05:30,1184.949951171875,1185.25,1184.550048828125,1185.050048828125,35302
2025-04-09 14:16:00+05:30,1184.5,1185.199951171875,1184.5,1184.949951171875,39305
2025-04-09 14:17:00+05:30,1184.550048828125,1184.800048828125,1184.449951171875,1184.5,12124
2025-04-09 14:18:00+05:30,1185.0999755859375,1185.1500244140625,1184.449951171875,1184.550048828125,19698
2025-04-09 14:19:00+05:30,1184.699951171875,1185.4000244140625,1184.6500244140625,1185.1500244140625,14848
2025-04-09 14:20:00+05:30,1184.800048828125,1185.050048828125,1184.4000244140625,1184.550048828125,21286
2025-04-09 14:21:00+05:30,1184.75,1185.0,1184.25,1184.8499755859375,19880
2025-04-09 14:22:00+05:30,1184.5999755859375,1184.949951171875,1184.5999755859375,1184.6500244140625,11643
2025-04-09 14:23:00+05:30,1184.300048828125,1185.0,1184.199951171875,1184.550048828125,16280
2025-04-09 14:24:00+05:30,1184.449951171875,1184.6500244140625,1184.3499755859375,1184.449951171875,11401
2025-04-09 14:25:00+05:30,1184.800048828125,1184.8499755859375,1184.199951171875,1184.449951171875,11791
2025-04-09 14:26:00+05:30,1184.699951171875,1184.9000244140625,1184.1500244140625,1184.6500244140625,17354
2025-04-09 14:27:00+05:30,1184.6500244140625,1184.9000244140625,1184.5999755859375,1184.6500244140625,17391
2025-04-09 14:28:00+05:30,1184.449951171875,1184.75,1184.300048828125,1184.5999755859375,23035
2025-04-09 14:29:00+05:30,1184.1500244140625,1184.9000244140625,1184.1500244140625,1184.5999755859375,10682
2025-04-09 14:30:00+05:30,1184.5,1184.5999755859375,1184.0,1184.050048828125,24613
2025-04-09 14:31:00+05:30,1184.550048828125,1184.6500244140625,1184.199951171875,1184.5,21776
2025-04-09 14:32:00+05:30,1184.9000244140625,1184.949951171875,1184.300048828125,1184.6500244140625,18726
2025-04-09 14:33:00+05:30,1184.3499755859375,1184.9000244140625,1184.0,1184.9000244140625,30264
2025-04-09 14:34:00+05:30,1183.75,1184.25,1183.1500244140625,1184.25,35904
2025-04-09 14:35:00+05:30,1183.949951171875,1184.0999755859375,1183.550048828125,1183.75,35980
2025-04-09 14:36:00+05:30,1184.5,1184.75,1183.75,1184.0,22606
2025-04-09 14:37:00+05:30,1184.800048828125,1184.9000244140625,1184.300048828125,1184.5,20417
2025-04-09 14:38:00+05:30,1184.6500244140625,1185.0,1184.550048828125,1184.800048828125,14150
2025-04-09 14:39:00+05:30,1185.0,1185.0,1184.3499755859375,1184.5,22669
2025-04-09 14:40:00+05:30,1185.3499755859375,1185.5999755859375,1184.9000244140625,1185.0,21038
2025-04-09 14:41:00+05:30,1185.75,1186.050048828125,1185.3499755859375,1185.3499755859375,13497
2025-04-09 14:42:00+05:30,1185.6500244140625,1186.0,1185.449951171875,1185.699951171875,16978
2025-04-09 14:43:00+05:30,1186.4000244140625,1186.5999755859375,1185.449951171875,1185.699951171875,16722
2025-04-09 14:44:00+05:30,1186.9000244140625,1186.9000244140625,1186.0,1186.4000244140625,15444
2025-04-09 14:45:00+05:30,1186.75,1187.0999755859375,1186.550048828125,1186.6500244140625,15847
2025-04-09 14:46:00+05:30,1185.800048828125,1186.75,1185.75,1186.75,14972
2025-04-09 14:47:00+05:30,1185.949951171875,1186.0999755859375,1185.5999755859375,1185.75,17850
2025-04-09 14:48:00+05:30,1186.199951171875,1186.4000244140625,1185.6500244140625,1185.949951171875,30049
2025-04-09 14:49:00+05:30,1186.0999755859375,1186.75,1185.699951171875,1186.199951171875,38360
2025-04-09 14:50:00+05:30,1186.4000244140625,1186.5999755859375,1185.949951171875,1186.050048828125,28372
2025-04-09 14:51:00+05:30,1185.25,1186.449951171875,1185.199951171875,1186.050048828125,34430
2025-04-09 14:52:00+05:30,1185.550048828125,1186.199951171875,1185.25,1185.25,22086
2025-04-09 14:53:00+05:30,1185.800048828125,1185.9000244140625,1185.0999755859375,1185.550048828125,18945
2025-04-09 14:54:00+05:30,1186.050048828125,1186.449951171875,1185.75,1185.800048828125,20350
2025-04-09 14:55:00+05:30,1186.050048828125,1186.25,1185.449951171875,1186.050048828125,27241
2025-04-09 14:56:00+05:30,1185.0,1186.6500244140625,1184.699951171875,1186.6500244140625,81200
2025-04-09 14:57:00+05:30,1184.75,1185.0999755859375,1184.5,1185.050048828125,28541
2025-04-09 14:58:00+05:30,1184.050048828125,1185.050048828125,1184.050048828125,1184.75,24841
2025-04-09 14:59:00+05:30,1184.0999755859375,1184.800048828125,1183.949951171875,1184.050048828125,39044
2025-04-09 15:00:00+05:30,1185.1500244140625,1185.25,1184.050048828125,1184.050048828125,113436
2025-04-09 15:01:00+05:30,1184.949951171875,1185.0999755859375,1184.449951171875,1184.9000244140625,74268
2025-04-09 15:02:00+05:30,1184.199951171875,1185.0,1184.1500244140625,1184.949951171875,46116
2025-04-09 15:03:00+05:30,1183.75,1184.199951171875,1183.6500244140625,1184.199951171875,52053
2025-04-09 15:04:00+05:30,1184.4000244140625,1184.5,1183.0999755859375,1183.0999755859375,78243
2025-04-09 15:05:00+05:30,1184.1500244140625,1184.800048828125,1184.050048828125,1184.4000244140625,56655
2025-04-09 15:06:00+05:30,1184.199951171875,1184.25,1183.550048828125,1184.0999755859375,69358
2025-04-09 15:07:00+05:30,1183.8499755859375,1184.300048828125,1183.449951171875,1184.199951171875,79705
2025-04-09 15:08:00+05:30,1185.050048828125,1185.25,1183.949951171875,1183.949951171875,74954
2025-04-09 15:09:00+05:30,1185.199951171875,1185.199951171875,1185.0,1185.050048828125,45636
2025-04-09 15:10:00+05:30,1185.9000244140625,1185.9000244140625,1185.1500244140625,1185.1500244140625,88464
2025-04-09 15:11:00+05:30,1186.300048828125,1186.3499755859375,1185.8499755859375,1185.9000244140625,71375
2025-04-09 15:12:00+05:30,1186.300048828125,1186.5999755859375,1185.9000244140625,1186.300048828125,112690
2025-04-09 15:13:00+05:30,1186.5,1186.6500244140625,1185.9000244140625,1186.300048828125,98046
2025-04-09 15:14:00+05:30,1186.550048828125,1186.550048828125,1186.5,1186.550048828125,74610
2025-04-09 15:15:00+05:30,1185.949951171875,1186.550048828125,1185.75,1186.550048828125,128933
2025-04-09 15:16:00+05:30,1186.1500244140625,1186.1500244140625,1185.949951171875,1185.949951171875,45876
2025-04-09 15:17:00+05:30,1185.8499755859375,1186.25,1185.75,1186.199951171875,58146
2025-04-09 15:18:00+05:30,1185.8499755859375,1185.8499755859375,1185.75,1185.8499755859375,91381
2025-04-09 15:19:00+05:30,1185.800048828125,1185.8499755859375,1185.800048828125,1185.8499755859375,58902
2025-04-09 15:20:00+05:30,1185.300048828125,1185.8499755859375,1185.300048828125,1185.8499755859375,87090
2025-04-09 15:21:00+05:30,1184.75,1185.300048828125,1184.6500244140625,1185.300048828125,80542
2025-04-09 15:22:00+05:30,1185.550048828125,1185.5999755859375,1184.8499755859375,1184.8499755859375,51731
2025-04-09 15:23:00+05:30,1185.5,1185.550048828125,1185.3499755859375,1185.449951171875,55763
2025-04-09 15:24:00+05:30,1185.75,1185.9000244140625,1185.449951171875,1185.449951171875,46483
2025-04-09 15:25:00+05:30,1185.699951171875,1185.75,1185.699951171875,1185.699951171875,62812
2025-04-09 15:26:00+05:30,1185.699951171875,1185.75,1185.699951171875,1185.75,59487
2025-04-09 15:27:00+05:30,1185.949951171875,1185.949951171875,1185.8499755859375,1185.8499755859375,41188
2025-04-09 15:28:00+05:30,1186.4000244140625,1186.4000244140625,1185.449951171875,1185.949951171875,84099
2025-04-09 15:29:00+05:30,1187.550048828125,1187.800048828125,1186.0,1186.4000244140625,32080
2025-04-11 09:15:00+05:30,1202.300048828125,1203.9000244140625,1198.9000244140625,1198.9000244140625,0
2025-04-11 09:16:00+05:30,1203.3499755859375,1206.5999755859375,1202.0999755859375,1202.4000244140625,196436
2025-04-11 09:17:00+05:30,1204.3499755859375,1205.5,1203.800048828125,1203.800048828125,143951
2025-04-11 09:18:00+05:30,1207.0,1207.0,1203.4000244140625,1204.699951171875,192545
2025-04-11 09:19:00+05:30,1205.75,1207.0,1204.9000244140625,1207.0,101655
2025-04-11 09:20:00+05:30,1207.8499755859375,1208.25,1205.699951171875,1205.75,82015
2025-04-11 09:21:00+05:30,1208.949951171875,1209.0,1207.050048828125,1207.550048828125,72148
2025-04-11 09:22:00+05:30,1210.800048828125,1211.1500244140625,1208.949951171875,1208.949951171875,87408
2025-04-11 09:23:00+05:30,1209.199951171875,1210.8499755859375,1209.050048828125,1210.550048828125,43068
2025-04-11 09:24:00+05:30,1210.3499755859375,1210.3499755859375,1209.0,1209.5,46538
2025-04-11 09:25:00+05:30,1212.699951171875,1213.800048828125,1210.3499755859375,1210.3499755859375,68194
2025-04-11 09:26:00+05:30,1210.800048828125,1212.75,1210.550048828125,1212.449951171875,52178
2025-04-11 09:27:00+05:30,1212.0,1213.3499755859375,1210.5999755859375,1210.800048828125,71905
2025-04-11 09:28:00+05:30,1210.0999755859375,1212.050048828125,1210.050048828125,1211.6500244140625,52279
2025-04-11 09:29:00+05:30,1209.8499755859375,1210.699951171875,1209.199951171875,1210.050048828125,75281
2025-04-11 09:30:00+05:30,1212.1500244140625,1212.5,1209.75,1209.75,24104
2025-04-11 09:31:00+05:30,1212.300048828125,1213.699951171875,1212.0,1212.199951171875,56325
2025-04-11 09:32:00+05:30,1212.949951171875,1213.3499755859375,1212.0,1212.449951171875,20616
2025-04-11 09:33:00+05:30,1212.199951171875,1212.949951171875,1211.699951171875,1212.949951171875,51679
2025-04-11 09:34:00+05:30,1212.949951171875,1213.0,1211.5,1212.199951171875,95023
2025-04-11 09:35:00+05:30,1212.25,1213.5,1212.25,1213.3499755859375,36979
2025-04-11 09:36:00+05:30,1215.0,1215.6500244140625,1212.25,1212.25,103659
2025-04-11 09:37:00+05:30,1215.75,1216.699951171875,1215.0,1215.0,85692
2025-04-11 09:38:00+05:30,1217.050048828125,1217.4000244140625,1215.300048828125,1215.300048828125,62020
2025-04-11 09:39:00+05:30,1216.0999755859375,1217.300048828125,1216.050048828125,1216.9000244140625,31652
2025-04-11 09:40:00+05:30,1216.0,1216.0999755859375,1215.5,1216.0999755859375,28443
2025-04-11 09:41:00+05:30,1215.5999755859375,1216.75,1215.5999755859375,1216.0999755859375,23969
2025-04-11 09:42:00+05:30,1215.25,1216.0999755859375,1215.0,1215.5999755859375,36238
2025-04-11 09:43:00+05:30,1215.699951171875,1216.1500244140625,1215.050048828125,1215.5999755859375,33396
2025-04-11 09:44:00+05:30,1215.4000244140625,1215.75,1215.0999755859375,1215.699951171875,23642
2025-04-11 09:45:00+05:30,1214.449951171875,1215.449951171875,1214.449951171875,1215.449951171875,22929
2025-04-11 09:46:00+05:30,1214.5,1215.199951171875,1214.0,1214.4000244140625,42521
2025-04-11 09:47:00+05:30,1214.0,1214.5,1213.300048828125,1214.0999755859375,34960
2025-04-11 09:48:00+05:30,1214.0,1214.5,1213.800048828125,1213.9000244140625,29583
2025-04-11 09:49:00+05:30,1215.5,1216.199951171875,1214.0,1214.0,34378
2025-04-11 09:50:00+05:30,1214.449951171875,1215.5,1214.199951171875,1215.25,19004
2025-04-11 09:51:00+05:30,1214.699951171875,1215.3499755859375,1214.050048828125,1214.449951171875,26526
2025-04-11 09:52:00+05:30,1215.25,1215.4000244140625,1214.0999755859375,1214.550048828125,20786
2025-04-11 09:53:00+05:30,1214.9000244140625,1215.4000244140625,1214.6500244140625,1215.25,22365
2025-04-11 09:54:00+05:30,1214.9000244140625,1215.5999755859375,1214.5,1214.949951171875,15018
2025-04-11 09:55:00+05:30,1215.5,1216.5,1214.9000244140625,1215.0,42383
2025-04-11 09:56:00+05:30,1216.0,1216.5,1215.199951171875,1215.699951171875,33758
2025-04-11 09:57:00+05:30,1216.0999755859375,1216.0999755859375,1215.5999755859375,1216.0,24391
2025-04-11 09:58:00+05:30,1214.8499755859375,1216.5,1214.3499755859375,1216.0999755859375,26407
2025-04-11 09:59:00+05:30,1214.9000244140625,1215.800048828125,1214.800048828125,1215.050048828125,16952
2025-04-11 10:00:00+05:30,1215.0,1215.25,1214.75,1214.800048828125,21791
2025-04-11 10:01:00+05:30,1216.949951171875,1217.0,1215.0,1215.0,29714
2025-04-11 10:02:00+05:30,1216.949951171875,1217.25,1216.6500244140625,1216.75,22716
2025-04-11 10:03:00+05:30,1215.550048828125,1217.0,1215.25,1216.949951171875,25050
2025-04-11 10:04:00+05:30,1214.5999755859375,1215.550048828125,1214.5,1215.5,16444
2025-04-11 10:05:00+05:30,1215.300048828125,1215.699951171875,1214.300048828125,1214.5999755859375,26100
2025-04-11 10:06:00+05:30,1214.0999755859375,1215.5,1214.0,1215.5,23265
2025-04-11 10:07:00+05:30,1213.699951171875,1214.25,1213.550048828125,1214.0999755859375,26598
2025-04-11 10:08:00+05:30,1214.050048828125,1214.0999755859375,1213.550048828125,1213.699951171875,17915
2025-04-11 10:09:00+05:30,1212.1500244140625,1214.0,1212.1500244140625,1214.0,31989
2025-04-11 10:10:00+05:30,1211.5,1212.550048828125,1211.5,1212.199951171875,21693
2025-04-11 10:11:00+05:30,1212.199951171875,1213.050048828125,1211.449951171875,1211.449951171875,20453
2025-04-11 10:12:00+05:30,1213.4000244140625,1213.8499755859375,1212.3499755859375,1212.6500244140625,18314
2025-04-11 10:13:00+05:30,1212.800048828125,1213.199951171875,1212.550048828125,1213.199951171875,12943
2025-04-11 10:14:00+05:30,1212.800048828125,1212.9000244140625,1212.5999755859375,1212.5999755859375,14216
2025-04-11 10:15:00+05:30,1213.0,1213.449951171875,1212.699951171875,1212.699951171875,13417
2025-04-11 10:16:00+05:30,1212.75,1213.199951171875,1212.0999755859375,1213.199951171875,53350
2025-04-11 10:17:00+05:30,1213.4000244140625,1213.4000244140625,1212.5,1212.8499755859375,18683
2025-04-11 10:18:00+05:30,1211.949951171875,1213.4000244140625,1211.9000244140625,1213.4000244140625,26947
2025-04-11 10:19:00+05:30,1211.5,1211.9000244140625,1211.1500244140625,1211.800048828125,14271
2025-04-11 10:20:00+05:30,1210.949951171875,1212.0,1210.3499755859375,1211.5999755859375,34051
2025-04-11 10:21:00+05:30,1210.949951171875,1211.25,1210.5999755859375,1210.949951171875,29157
2025-04-11 10:22:00+05:30,1210.9000244140625,1211.5,1210.75,1211.3499755859375,15040
2025-04-11 10:23:00+05:30,1210.699951171875,1211.199951171875,1210.5999755859375,1210.949951171875,10522
2025-04-11 10:24:00+05:30,1210.1500244140625,1210.699951171875,1210.0,1210.699951171875,25766
2025-04-11 10:25:00+05:30,1211.0,1211.0,1210.25,1210.25,20283
2025-04-11 10:26:00+05:30,1212.0,1212.0,1211.4000244140625,1211.4000244140625,18470
2025-04-11 10:27:00+05:30,1211.0999755859375,1212.050048828125,1211.0999755859375,1212.050048828125,13765
2025-04-11 10:28:00+05:30,1211.199951171875,1211.199951171875,1210.9000244140625,1211.0999755859375,17965
2025-04-11 10:29:00+05:30,1210.5,1211.0999755859375,1210.3499755859375,1211.0999755859375,14751
2025-04-11 10:30:00+05:30,1211.4000244140625,1211.5,1210.4000244140625,1210.449951171875,20849
2025-04-11 10:31:00+05:30,1211.949951171875,1211.949951171875,1210.800048828125,1211.4000244140625,16533
2025-04-11 10:32:00+05:30,1211.5999755859375,1212.0,1211.3499755859375,1211.949951171875,13407
2025-04-11 10:33:00+05:30,1211.4000244140625,1211.5999755859375,1211.050048828125,1211.550048828125,16441
2025-04-11 10:34:00+05:30,1209.75,1211.3499755859375,1209.75,1211.300048828125,16239
2025-04-11 10:35:00+05:30,1208.3499755859375,1209.8499755859375,1208.1500244140625,1209.8499755859375,25138
2025-04-11 10:36:00+05:30,1206.550048828125,1208.550048828125,1206.050048828125,1208.3499755859375,44509
2025-04-11 10:37:00+05:30,1206.199951171875,1206.550048828125,1205.0,1206.550048828125,43726
2025-04-11 10:38:00+05:30,1207.25,1207.6500244140625,1205.5999755859375,1206.3499755859375,54317
2025-04-11 10:39:00+05:30,1206.5,1207.4000244140625,1206.199951171875,1206.949951171875,17877
2025-04-11 10:40:00+05:30,1207.25,1207.449951171875,1206.449951171875,1206.449951171875,74078
2025-04-11 10:41:00+05:30,1207.9000244140625,1207.9000244140625,1207.0,1207.199951171875,13532
2025-04-11 10:42:00+05:30,1210.199951171875,1210.3499755859375,1207.5999755859375,1207.5999755859375,47931
2025-04-11 10:43:00+05:30,1210.550048828125,1210.949951171875,1210.050048828125,1210.199951171875,29801
2025-04-11 10:44:00+05:30,1211.300048828125,1211.550048828125,1210.5,1210.9000244140625,14940
2025-04-11 10:45:00+05:30,1210.300048828125,1211.25,1210.300048828125,1211.25,9130
2025-04-11 10:46:00+05:30,1210.050048828125,1210.3499755859375,1209.800048828125,1210.3499755859375,71122
2025-04-11 10:47:00+05:30,1210.050048828125,1210.050048828125,1210.0,1210.0,16186
2025-04-11 10:48:00+05:30,1210.75,1210.949951171875,1210.0,1210.050048828125,35138
2025-04-11 10:49:00+05:30,1210.75,1211.449951171875,1210.5999755859375,1210.800048828125,14452
2025-04-11 10:50:00+05:30,1211.949951171875,1211.949951171875,1210.550048828125,1210.75,21477
2025-04-11 10:51:00+05:30,1211.199951171875,1211.5999755859375,1211.0,1211.5999755859375,8901
2025-04-11 10:52:00+05:30,1210.5999755859375,1211.199951171875,1210.5999755859375,1211.199951171875,15489
2025-04-11 10:53:00+05:30,1210.3499755859375,1210.5999755859375,1210.0,1210.5,16982
2025-04-11 10:54:00+05:30,1210.449951171875,1210.8499755859375,1210.25,1210.25,20948
2025-04-11 10:55:00+05:30,1211.0,1211.4000244140625,1210.449951171875,1210.449951171875,39449
2025-04-11 10:56:00+05:30,1212.199951171875,1212.4000244140625,1210.4000244140625,1210.550048828125,29352
2025-04-11 10:57:00+05:30,1212.4000244140625,1212.449951171875,1212.0,1212.25,14388
2025-04-11 10:58:00+05:30,1212.199951171875,1212.5,1211.6500244140625,1212.3499755859375,15325
2025-04-11 10:59:00+05:30,1212.3499755859375,1212.5,1212.199951171875,1212.199951171875,4984
2025-04-11 11:00:00+05:30,1213.800048828125,1213.800048828125,1212.3499755859375,1212.3499755859375,20006
2025-04-11 11:01:00+05:30,1213.199951171875,1214.0,1213.0,1213.550048828125,10741
2025-04-11 11:02:00+05:30,1212.5999755859375,1213.199951171875,1212.3499755859375,1213.0999755859375,6559
2025-04-11 11:03:00+05:30,1213.0,1213.0,1212.1500244140625,1212.550048828125,16320
2025-04-11 11:04:00+05:30,1213.25,1213.5999755859375,1212.9000244140625,1212.9000244140625,10714
2025-04-11 11:05:00+05:30,1213.699951171875,1214.050048828125,1213.199951171875,1213.199951171875,40164
2025-04-11 11:06:00+05:30,1213.949951171875,1214.0,1213.699951171875,1213.9000244140625,6489
2025-04-11 11:07:00+05:30,1213.5999755859375,1213.9000244140625,1213.550048828125,1213.9000244140625,8208
2025-04-11 11:08:00+05:30,1213.1500244140625,1213.75,1213.0999755859375,1213.75,9769
2025-04-11 11:09:00+05:30,1213.25,1213.25,1213.1500244140625,1213.199951171875,8735
2025-04-11 11:10:00+05:30,1212.800048828125,1213.6500244140625,1212.800048828125,1213.6500244140625,13834
2025-04-11 11:11:00+05:30,1212.6500244140625,1213.0,1212.25,1212.4000244140625,16602
2025-04-11 11:12:00+05:30,1214.199951171875,1214.199951171875,1212.300048828125,1212.6500244140625,24830
2025-04-11 11:13:00+05:30,1214.1500244140625,1214.6500244140625,1213.699951171875,1214.4000244140625,11491
2025-04-11 11:14:00+05:30,1213.6500244140625,1214.1500244140625,1213.5,1214.0,6661
2025-04-11 11:15:00+05:30,1213.9000244140625,1214.0,1213.25,1213.5999755859375,17701
2025-04-11 11:16:00+05:30,1212.949951171875,1214.0,1212.699951171875,1213.9000244140625,30560
2025-04-11 11:17:00+05:30,1212.25,1212.9000244140625,1212.199951171875,1212.75,11164
2025-04-11 11:18:00+05:30,1211.6500244140625,1212.25,1211.6500244140625,1212.199951171875,29941
2025-04-11 11:19:00+05:30,1212.0,1212.3499755859375,1211.5,1211.5,37749
2025-04-11 11:20:00+05:30,1212.699951171875,1213.3499755859375,1212.0,1212.050048828125,28814
2025-04-11 11:21:00+05:30,1214.1500244140625,1214.199951171875,1213.0,1213.0999755859375,45343
2025-04-11 11:22:00+05:30,1214.050048828125,1214.199951171875,1214.0,1214.1500244140625,7034
2025-04-11 11:23:00+05:30,1214.8499755859375,1214.8499755859375,1214.0,1214.050048828125,17344
2025-04-11 11:24:00+05:30,1214.300048828125,1214.8499755859375,1214.300048828125,1214.8499755859375,11892
2025-04-11 11:25:00+05:30,1214.5,1215.25,1214.5,1214.6500244140625,34042
2025-04-11 11:26:00+05:30,1214.449951171875,1214.5999755859375,1214.4000244140625,1214.5,10756
2025-04-11 11:27:00+05:30,1213.9000244140625,1214.449951171875,1213.9000244140625,1214.4000244140625,56392
2025-04-11 11:28:00+05:30,1214.5,1214.5,1214.0,1214.0,21215
2025-04-11 11:29:00+05:30,1214.949951171875,1215.300048828125,1214.449951171875,1214.5,11176
2025-04-11 11:30:00+05:30,1215.3499755859375,1215.4000244140625,1215.0,1215.0,10034
2025-04-11 11:31:00+05:30,1215.699951171875,1215.9000244140625,1215.4000244140625,1215.4000244140625,14609
2025-04-11 11:32:00+05:30,1216.0,1216.25,1215.5,1215.550048828125,24367
2025-04-11 11:33:00+05:30,1215.949951171875,1216.199951171875,1215.699951171875,1216.0,20539
2025-04-11 11:34:00+05:30,1215.6500244140625,1215.949951171875,1215.5,1215.949951171875,9368
2025-04-11 11:35:00+05:30,1216.949951171875,1216.949951171875,1215.4000244140625,1215.4000244140625,33707
2025-04-11 11:36:00+05:30,1217.5,1217.5,1216.6500244140625,1217.0999755859375,47654
2025-04-11 11:37:00+05:30,1217.199951171875,1217.5,1217.0,1217.4000244140625,16633
2025-04-11 11:38:00+05:30,1217.0999755859375,1217.199951171875,1217.0,1217.199951171875,7416
2025-04-11 11:39:00+05:30,1217.0999755859375,1217.0999755859375,1217.0,1217.0,16473
2025-04-11 11:40:00+05:30,1217.0999755859375,1217.199951171875,1217.0,1217.0999755859375,15999
2025-04-11 11:41:00+05:30,1217.0,1217.050048828125,1217.0,1217.0,81659
2025-04-11 11:42:00+05:30,1217.050048828125,1217.0999755859375,1216.800048828125,1217.0,24018
2025-04-11 11:43:00+05:30,1217.050048828125,1217.050048828125,1217.0,1217.0,8803
2025-04-11 11:44:00+05:30,1216.9000244140625,1217.050048828125,1216.5,1217.0,29288
2025-04-11 11:45:00+05:30,1217.199951171875,1217.199951171875,1216.949951171875,1216.949951171875,22054
2025-04-11 11:46:00+05:30,1217.0999755859375,1217.199951171875,1217.0,1217.0999755859375,12323
2025-04-11 11:47:00+05:30,1218.5,1218.5,1217.050048828125,1217.050048828125,46951
2025-04-11 11:48:00+05:30,1218.449951171875,1218.800048828125,1218.25,1218.4000244140625,13063
2025-04-11 11:49:00+05:30,1218.0,1218.5,1218.0,1218.449951171875,10051
2025-04-11 11:50:00+05:30,1218.0999755859375,1218.199951171875,1217.800048828125,1217.949951171875,12768
2025-04-11 11:51:00+05:30,1217.800048828125,1218.0999755859375,1217.6500244140625,1218.0,11747
2025-04-11 11:52:00+05:30,1217.25,1217.800048828125,1217.199951171875,1217.75,4963
2025-04-11 11:53:00+05:30,1217.050048828125,1217.25,1217.0,1217.25,22648
2025-04-11 11:54:00+05:30,1216.199951171875,1217.050048828125,1216.1500244140625,1217.050048828125,35052
2025-04-11 11:55:00+05:30,1218.0,1218.3499755859375,1216.199951171875,1216.199951171875,28656
2025-04-11 11:56:00+05:30,1218.199951171875,1218.300048828125,1217.5999755859375,1218.0,11975
2025-04-11 11:57:00+05:30,1218.1500244140625,1218.199951171875,1217.75,1218.199951171875,12079
2025-04-11 11:58:00+05:30,1218.5,1218.5,1218.1500244140625,1218.1500244140625,13059
2025-04-11 11:59:00+05:30,1218.4000244140625,1218.5,1218.199951171875,1218.5,25467
2025-04-11 12:00:00+05:30,1219.0,1219.5,1218.75,1218.75,52333
2025-04-11 12:01:00+05:30,1219.4000244140625,1219.449951171875,1218.800048828125,1219.0,15746
2025-04-11 12:02:00+05:30,1219.449951171875,1219.75,1218.9000244140625,1219.199951171875,59990
2025-04-11 12:03:00+05:30,1219.5,1220.0,1219.050048828125,1219.5,38927
2025-04-11 12:04:00+05:30,1219.300048828125,1219.5999755859375,1219.050048828125,1219.5,14242
2025-04-11 12:05:00+05:30,1219.199951171875,1219.3499755859375,1218.949951171875,1219.300048828125,14586
2025-04-11 12:06:00+05:30,1218.75,1219.25,1218.4000244140625,1219.25,17192
2025-04-11 12:07:00+05:30,1218.300048828125,1218.800048828125,1218.300048828125,1218.800048828125,8418
2025-04-11 12:08:00+05:30,1218.4000244140625,1218.5,1218.3499755859375,1218.5,8699
2025-04-11 12:09:00+05:30,1218.5,1218.9000244140625,1218.5,1218.550048828125,35056
2025-04-11 12:10:00+05:30,1219.800048828125,1219.800048828125,1218.5,1218.5,18600
2025-04-11 12:11:00+05:30,1219.949951171875,1219.949951171875,1219.699951171875,1219.800048828125,58437
2025-04-11 12:12:00+05:30,1221.25,1221.75,1220.050048828125,1220.199951171875,30001
2025-04-11 12:13:00+05:30,1221.0,1221.5999755859375,1220.800048828125,1221.25,21163
2025-04-11 12:14:00+05:30,1221.4000244140625,1221.449951171875,1220.5999755859375,1221.050048828125,17649
2025-04-11 12:15:00+05:30,1220.9000244140625,1221.449951171875,1220.8499755859375,1221.449951171875,24822
2025-04-11 12:16:00+05:30,1221.449951171875,1222.0,1220.949951171875,1220.949951171875,45959
2025-04-11 12:17:00+05:30,1222.5999755859375,1222.5999755859375,1221.0,1221.449951171875,35758
2025-04-11 12:18:00+05:30,1221.800048828125,1222.5999755859375,1221.699951171875,1222.5999755859375,10130
2025-04-11 12:19:00+05:30,1221.0999755859375,1221.800048828125,1221.0999755859375,1221.800048828125,15230
2025-04-11 12:20:00+05:30,1220.300048828125,1221.1500244140625,1220.0,1221.1500244140625,18747
2025-04-11 12:21:00+05:30,1219.199951171875,1220.300048828125,1219.199951171875,1220.300048828125,21367
2025-04-11 12:22:00+05:30,1219.3499755859375,1219.5,1218.8499755859375,1219.4000244140625,17090
2025-04-11 12:23:00+05:30,1220.5999755859375,1220.6500244140625,1219.0999755859375,1219.3499755859375,14557
2025-04-11 12:24:00+05:30,1220.6500244140625,1220.949951171875,1220.449951171875,1220.6500244140625,8281
2025-04-11 12:25:00+05:30,1220.9000244140625,1221.0,1220.550048828125,1220.699951171875,15259
2025-04-11 12:26:00+05:30,1221.1500244140625,1221.199951171875,1220.949951171875,1220.949951171875,9317
2025-04-11 12:27:00+05:30,1221.199951171875,1221.199951171875,1221.050048828125,1221.050048828125,5603
2025-04-11 12:28:00+05:30,1220.300048828125,1221.25,1220.300048828125,1221.199951171875,17499
2025-04-11 12:29:00+05:30,1220.550048828125,1220.699951171875,1220.449951171875,1220.550048828125,8884
2025-04-11 12:30:00+05:30,1219.3499755859375,1220.5999755859375,1219.3499755859375,1220.5999755859375,16433
2025-04-11 12:31:00+05:30,1220.3499755859375,1220.75,1219.5,1219.699951171875,41339
2025-04-11 12:32:00+05:30,1221.300048828125,1221.6500244140625,1220.300048828125,1220.3499755859375,49800
2025-04-11 12:33:00+05:30,1221.1500244140625,1221.5,1221.0,1221.300048828125,10070
2025-04-11 12:34:00+05:30,1220.4000244140625,1221.3499755859375,1220.4000244140625,1221.25,13172
2025-04-11 12:35:00+05:30,1220.300048828125,1220.550048828125,1219.9000244140625,1220.550048828125,14133
2025-04-11 12:36:00+05:30,1220.75,1221.25,1220.4000244140625,1220.4000244140625,19812
2025-04-11 12:37:00+05:30,1220.5999755859375,1221.0,1220.3499755859375,1220.75,11425
2025-04-11 12:38:00+05:30,1220.5999755859375,1220.800048828125,1219.9000244140625,1220.75,26264
2025-04-11 12:39:00+05:30,1220.050048828125,1220.800048828125,1220.050048828125,1220.5999755859375,12862
2025-04-11 12:40:00+05:30,1220.8499755859375,1221.0,1219.8499755859375,1220.300048828125,18698
2025-04-11 12:41:00+05:30,1220.8499755859375,1221.0,1220.699951171875,1220.8499755859375,9374
2025-04-11 12:42:00+05:30,1220.6500244140625,1220.9000244140625,1220.5999755859375,1220.9000244140625,10031
2025-04-11 12:43:00+05:30,1220.0,1220.6500244140625,1220.0,1220.6500244140625,34837
2025-04-11 12:44:00+05:30,1220.0,1221.0,1219.9000244140625,1220.1500244140625,55748
2025-04-11 12:45:00+05:30,1220.0,1220.800048828125,1219.9000244140625,1219.9000244140625,69376
2025-04-11 12:46:00+05:30,1219.9000244140625,1220.0,1219.75,1220.0,11676
2025-04-11 12:47:00+05:30,1219.8499755859375,1219.9000244140625,1219.8499755859375,1219.9000244140625,8875
2025-04-11 12:48:00+05:30,1219.800048828125,1219.9000244140625,1219.5,1219.9000244140625,12351
2025-04-11 12:49:00+05:30,1219.699951171875,1219.75,1219.550048828125,1219.550048828125,9573
2025-04-11 12:50:00+05:30,1219.25,1219.75,1219.25,1219.75,16298
2025-04-11 12:51:00+05:30,1219.3499755859375,1219.3499755859375,1218.800048828125,1219.199951171875,17598
2025-04-11 12:52:00+05:30,1218.949951171875,1219.800048828125,1218.949951171875,1219.3499755859375,8599
2025-04-11 12:53:00+05:30,1218.9000244140625,1218.9000244140625,1218.5999755859375,1218.9000244140625,10658
2025-04-11 12:54:00+05:30,1218.9000244140625,1218.9000244140625,1218.800048828125,1218.9000244140625,10609
2025-04-11 12:55:00+05:30,1219.699951171875,1219.699951171875,1218.9000244140625,1218.9000244140625,12682
2025-04-11 12:56:00+05:30,1219.949951171875,1220.0,1219.6500244140625,1219.699951171875,12759
2025-04-11 12:57:00+05:30,1219.25,1220.0,1219.25,1220.0,18556
2025-04-11 12:58:00+05:30,1219.050048828125,1219.449951171875,1219.050048828125,1219.25,11358
2025-04-11 12:59:00+05:30,1218.6500244140625,1219.050048828125,1218.5999755859375,1219.0,11829
2025-04-11 13:00:00+05:30,1219.3499755859375,1219.3499755859375,1218.5999755859375,1218.6500244140625,19208
2025-04-11 13:01:00+05:30,1219.8499755859375,1220.0,1219.1500244140625,1219.3499755859375,67364
2025-04-11 13:02:00+05:30,1221.0,1221.0,1219.800048828125,1219.9000244140625,32703
2025-04-11 13:03:00+05:30,1220.9000244140625,1221.0999755859375,1220.800048828125,1221.0,13404
2025-04-11 13:04:00+05:30,1220.449951171875,1220.9000244140625,1220.300048828125,1220.9000244140625,8435
2025-04-11 13:05:00+05:30,1220.5,1220.5,1220.4000244140625,1220.449951171875,8081
2025-04-11 13:06:00+05:30,1220.449951171875,1220.5,1220.4000244140625,1220.4000244140625,8949
2025-04-11 13:07:00+05:30,1220.75,1220.75,1220.4000244140625,1220.449951171875,11080
2025-04-11 13:08:00+05:30,1220.949951171875,1221.0,1220.75,1220.75,8930
2025-04-11 13:09:00+05:30,1220.5999755859375,1220.949951171875,1220.5999755859375,1220.949951171875,10706
2025-04-11 13:10:00+05:30,1220.25,1220.75,1220.1500244140625,1220.75,15450
2025-04-11 13:11:00+05:30,1221.050048828125,1221.050048828125,1220.300048828125,1220.300048828125,15277
2025-04-11 13:12:00+05:30,1221.0,1221.050048828125,1220.8499755859375,1221.050048828125,11811
2025-04-11 13:13:00+05:30,1220.5999755859375,1221.0,1220.5,1221.0,7528
2025-04-11 13:14:00+05:30,1219.949951171875,1220.5999755859375,1219.699951171875,1220.5999755859375,14606
2025-04-11 13:15:00+05:30,1219.800048828125,1219.949951171875,1219.6500244140625,1219.949951171875,12195
2025-04-11 13:16:00+05:30,1219.5,1219.8499755859375,1219.5,1219.8499755859375,9789
2025-04-11 13:17:00+05:30,1219.5,1219.5999755859375,1219.4000244140625,1219.5999755859375,10208
2025-04-11 13:18:00+05:30,1219.1500244140625,1219.5,1219.0999755859375,1219.5,13393
2025-04-11 13:19:00+05:30,1218.800048828125,1219.1500244140625,1218.75,1219.1500244140625,9024
2025-04-11 13:20:00+05:30,1218.8499755859375,1218.9000244140625,1218.6500244140625,1218.9000244140625,18647
2025-04-11 13:21:00+05:30,1218.9000244140625,1218.9000244140625,1218.6500244140625,1218.8499755859375,11943
2025-04-11 13:22:00+05:30,1218.949951171875,1219.0,1218.9000244140625,1218.9000244140625,12503
2025-04-11 13:23:00+05:30,1219.199951171875,1219.449951171875,1219.0,1219.0,12730
2025-04-11 13:24:00+05:30,1219.449951171875,1219.449951171875,1219.1500244140625,1219.25,7265
2025-04-11 13:25:00+05:30,1220.050048828125,1221.0,1219.9000244140625,1219.949951171875,22815
2025-04-11 13:26:00+05:30,1219.050048828125,1220.050048828125,1219.050048828125,1219.8499755859375,14687
2025-04-11 13:27:00+05:30,1217.9000244140625,1219.050048828125,1217.699951171875,1219.050048828125,24622
2025-04-11 13:28:00+05:30,1217.699951171875,1217.9000244140625,1217.550048828125,1217.9000244140625,15057
2025-04-11 13:29:00+05:30,1217.9000244140625,1217.949951171875,1217.550048828125,1217.699951171875,14549
2025-04-11 13:30:00+05:30,1216.75,1217.949951171875,1216.5,1217.949951171875,23014
2025-04-11 13:31:00+05:30,1216.5999755859375,1217.449951171875,1216.550048828125,1216.75,19220
2025-04-11 13:32:00+05:30,1216.9000244140625,1217.449951171875,1216.5999755859375,1216.699951171875,11339
2025-04-11 13:33:00+05:30,1216.6500244140625,1217.0,1216.449951171875,1216.949951171875,11236
2025-04-11 13:34:00+05:30,1216.9000244140625,1217.0,1216.199951171875,1216.6500244140625,21433
2025-04-11 13:35:00+05:30,1217.449951171875,1217.449951171875,1216.9000244140625,1217.0,7186
2025-04-11 13:36:00+05:30,1218.199951171875,1218.25,1217.449951171875,1217.449951171875,12229
2025-04-11 13:37:00+05:30,1217.800048828125,1218.199951171875,1217.550048828125,1218.199951171875,13001
2025-04-11 13:38:00+05:30,1218.449951171875,1218.699951171875,1217.5999755859375,1217.800048828125,16740
2025-04-11 13:39:00+05:30,1218.949951171875,1219.050048828125,1218.199951171875,1218.199951171875,13232
2025-04-11 13:40:00+05:30,1218.949951171875,1219.300048828125,1218.3499755859375,1219.300048828125,16947
2025-04-11 13:41:00+05:30,1219.449951171875,1219.949951171875,1219.0999755859375,1219.3499755859375,21554
2025-04-11 13:42:00+05:30,1220.300048828125,1220.300048828125,1218.699951171875,1219.4000244140625,32949
2025-04-11 13:43:00+05:30,1220.449951171875,1221.1500244140625,1220.0999755859375,1220.300048828125,30531
2025-04-11 13:44:00+05:30,1220.449951171875,1220.550048828125,1220.300048828125,1220.449951171875,10040
2025-04-11 13:45:00+05:30,1220.0999755859375,1220.449951171875,1220.0,1220.449951171875,16708
2025-04-11 13:46:00+05:30,1220.050048828125,1220.0999755859375,1220.0,1220.0999755859375,36534
2025-04-11 13:47:00+05:30,1220.199951171875,1220.449951171875,1220.0,1220.0,15997
2025-04-11 13:48:00+05:30,1220.199951171875,1220.300048828125,1220.0,1220.300048828125,13916
2025-04-11 13:49:00+05:30,1219.8499755859375,1220.0999755859375,1219.6500244140625,1220.0999755859375,17904
2025-04-11 13:50:00+05:30,1218.5999755859375,1219.9000244140625,1218.5,1219.9000244140625,18216
2025-04-11 13:51:00+05:30,1219.0,1219.0,1217.949951171875,1218.550048828125,24319
2025-04-11 13:52:00+05:30,1218.75,1219.050048828125,1218.699951171875,1219.0,11797
2025-04-11 13:53:00+05:30,1218.0,1218.75,1218.0,1218.75,26389
2025-04-11 13:54:00+05:30,1217.3499755859375,1218.050048828125,1217.300048828125,1218.050048828125,12400
2025-04-11 13:55:00+05:30,1217.6500244140625,1218.0,1217.199951171875,1217.3499755859375,19985
2025-04-11 13:56:00+05:30,1217.6500244140625,1217.699951171875,1217.25,1217.5,8343
2025-04-11 13:57:00+05:30,1218.300048828125,1218.4000244140625,1217.449951171875,1217.699951171875,9010
2025-04-11 13:58:00+05:30,1218.1500244140625,1218.3499755859375,1218.0,1218.300048828125,10250
2025-04-11 13:59:00+05:30,1218.0,1218.1500244140625,1217.6500244140625,1218.1500244140625,12919
2025-04-11 14:00:00+05:30,1216.9000244140625,1218.0,1216.9000244140625,1218.0,17151
2025-04-11 14:01:00+05:30,1216.6500244140625,1217.199951171875,1216.300048828125,1216.949951171875,13261
2025-04-11 14:02:00+05:30,1216.3499755859375,1216.6500244140625,1216.050048828125,1216.6500244140625,29377
2025-04-11 14:03:00+05:30,1215.25,1216.4000244140625,1215.0,1216.4000244140625,36115
2025-04-11 14:04:00+05:30,1215.25,1215.8499755859375,1215.25,1215.6500244140625,12872
2025-04-11 14:05:00+05:30,1215.0999755859375,1215.3499755859375,1215.050048828125,1215.300048828125,17500
2025-04-11 14:06:00+05:30,1213.5999755859375,1215.0999755859375,1213.5999755859375,1215.0999755859375,48036
2025-04-11 14:07:00+05:30,1214.800048828125,1214.9000244140625,1213.9000244140625,1213.9000244140625,36682
2025-04-11 14:08:00+05:30,1215.9000244140625,1216.25,1214.4000244140625,1214.8499755859375,24493
2025-04-11 14:09:00+05:30,1215.5,1216.0,1215.1500244140625,1215.75,19647
2025-04-11 14:10:00+05:30,1214.3499755859375,1215.550048828125,1214.25,1215.5,19554
2025-04-11 14:11:00+05:30,1214.449951171875,1214.8499755859375,1213.3499755859375,1214.300048828125,35657
2025-04-11 14:12:00+05:30,1213.800048828125,1214.25,1213.75,1214.199951171875,9297
2025-04-11 14:13:00+05:30,1212.9000244140625,1213.9000244140625,1212.699951171875,1213.800048828125,20394
2025-04-11 14:14:00+05:30,1213.75,1213.75,1213.050048828125,1213.050048828125,15072
2025-04-11 14:15:00+05:30,1214.0999755859375,1214.25,1213.4000244140625,1213.9000244140625,19409
2025-04-11 14:16:00+05:30,1214.199951171875,1214.800048828125,1214.0999755859375,1214.25,16660
2025-04-11 14:17:00+05:30,1214.0,1214.199951171875,1213.9000244140625,1214.199951171875,12604
2025-04-11 14:18:00+05:30,1214.8499755859375,1214.9000244140625,1214.0,1214.0,14303
2025-04-11 14:19:00+05:30,1214.550048828125,1214.8499755859375,1214.050048828125,1214.800048828125,14960
2025-04-11 14:20:00+05:30,1214.199951171875,1214.550048828125,1214.0,1214.550048828125,10348
2025-04-11 14:21:00+05:30,1213.9000244140625,1214.199951171875,1213.550048828125,1214.199951171875,13366
2025-04-11 14:22:00+05:30,1214.75,1214.9000244140625,1213.9000244140625,1213.9000244140625,15444
2025-04-11 14:23:00+05:30,1214.300048828125,1214.300048828125,1214.0999755859375,1214.300048828125,12551
2025-04-11 14:24:00+05:30,1214.800048828125,1214.9000244140625,1214.1500244140625,1214.25,12790
2025-04-11 14:25:00+05:30,1214.699951171875,1214.800048828125,1214.4000244140625,1214.75,14813
2025-04-11 14:26:00+05:30,1216.0,1216.449951171875,1214.5999755859375,1214.9000244140625,20113
2025-04-11 14:27:00+05:30,1215.6500244140625,1216.0,1215.449951171875,1216.0,8998
2025-04-11 14:28:00+05:30,1214.699951171875,1215.800048828125,1214.699951171875,1215.75,13331
2025-04-11 14:29:00+05:30,1214.3499755859375,1214.9000244140625,1213.4000244140625,1214.9000244140625,24256
2025-04-11 14:30:00+05:30,1215.8499755859375,1215.9000244140625,1214.4000244140625,1214.4000244140625,9251
2025-04-11 14:31:00+05:30,1216.25,1216.800048828125,1215.8499755859375,1215.949951171875,35407
2025-04-11 14:32:00+05:30,1216.6500244140625,1216.699951171875,1216.199951171875,1216.4000244140625,12399
2025-04-11 14:33:00+05:30,1216.5,1216.699951171875,1216.0,1216.699951171875,18385
2025-04-11 14:34:00+05:30,1216.5,1216.5,1216.3499755859375,1216.5,8542
2025-04-11 14:35:00+05:30,1215.8499755859375,1216.449951171875,1215.5999755859375,1216.449951171875,16121
2025-04-11 14:36:00+05:30,1216.4000244140625,1216.5,1215.449951171875,1215.8499755859375,14233
2025-04-11 14:37:00+05:30,1216.5,1216.699951171875,1216.0,1216.5,13598
2025-04-11 14:38:00+05:30,1216.699951171875,1216.9000244140625,1216.5,1216.6500244140625,12835
2025-04-11 14:39:00+05:30,1216.550048828125,1216.699951171875,1216.300048828125,1216.699951171875,10791
2025-04-11 14:40:00+05:30,1216.550048828125,1216.550048828125,1216.0999755859375,1216.550048828125,13365
2025-04-11 14:41:00+05:30,1216.550048828125,1216.6500244140625,1215.0999755859375,1216.5,27304
2025-04-11 14:42:00+05:30,1216.75,1216.949951171875,1216.550048828125,1216.5999755859375,16373
2025-04-11 14:43:00+05:30,1216.300048828125,1216.800048828125,1216.050048828125,1216.800048828125,11260
2025-04-11 14:44:00+05:30,1217.0999755859375,1217.199951171875,1216.050048828125,1216.449951171875,17790
2025-04-11 14:45:00+05:30,1218.0,1218.0,1217.1500244140625,1217.449951171875,20715
2025-04-11 14:46:00+05:30,1217.699951171875,1218.0,1217.5999755859375,1218.0,14785
2025-04-11 14:47:00+05:30,1217.300048828125,1217.800048828125,1217.0999755859375,1217.699951171875,17976
2025-04-11 14:48:00+05:30,1217.5,1217.5,1217.300048828125,1217.300048828125,14907
2025-04-11 14:49:00+05:30,1217.949951171875,1217.949951171875,1217.5,1217.5,21809
2025-04-11 14:50:00+05:30,1217.699951171875,1217.9000244140625,1217.5,1217.9000244140625,17415
2025-04-11 14:51:00+05:30,1217.25,1217.800048828125,1216.6500244140625,1217.75,32848
2025-04-11 14:52:00+05:30,1218.0,1218.0,1217.199951171875,1217.25,19732
2025-04-11 14:53:00+05:30,1217.8499755859375,1218.0,1217.699951171875,1218.0,12930
2025-04-11 14:54:00+05:30,1218.0,1218.0,1217.5,1217.8499755859375,23354
2025-04-11 14:55:00+05:30,1217.800048828125,1217.9000244140625,1217.550048828125,1217.550048828125,14933
2025-04-11 14:56:00+05:30,1217.300048828125,1217.8499755859375,1217.300048828125,1217.8499755859375,14703
2025-04-11 14:57:00+05:30,1217.75,1217.75,1216.949951171875,1217.050048828125,26551
2025-04-11 14:58:00+05:30,1218.199951171875,1218.6500244140625,1217.5999755859375,1217.9000244140625,29391
2025-04-11 14:59:00+05:30,1218.25,1218.300048828125,1217.8499755859375,1218.199951171875,12130
2025-04-11 15:00:00+05:30,1219.449951171875,1219.449951171875,1218.050048828125,1218.050048828125,82789
2025-04-11 15:01:00+05:30,1219.699951171875,1220.800048828125,1219.449951171875,1219.550048828125,96479
2025-04-11 15:02:00+05:30,1218.300048828125,1220.0999755859375,1218.1500244140625,1219.699951171875,49867
2025-04-11 15:03:00+05:30,1218.449951171875,1218.699951171875,1218.300048828125,1218.3499755859375,76936
2025-04-11 15:04:00+05:30,1217.3499755859375,1218.449951171875,1217.300048828125,1218.4000244140625,42863
2025-04-11 15:05:00+05:30,1218.949951171875,1218.949951171875,1217.25,1217.3499755859375,73916
2025-04-11 15:06:00+05:30,1218.6500244140625,1218.6500244140625,1218.5,1218.6500244140625,38544
2025-04-11 15:07:00+05:30,1218.300048828125,1219.699951171875,1218.199951171875,1218.6500244140625,71164
2025-04-11 15:08:00+05:30,1218.1500244140625,1218.300048828125,1218.1500244140625,1218.25,32979
2025-04-11 15:09:00+05:30,1218.4000244140625,1218.949951171875,1218.1500244140625,1218.199951171875,101665
2025-04-11 15:10:00+05:30,1218.199951171875,1218.949951171875,1217.75,1218.4000244140625,62061
2025-04-11 15:11:00+05:30,1218.25,1218.5,1218.0999755859375,1218.199951171875,67228
2025-04-11 15:12:00+05:30,1218.1500244140625,1218.3499755859375,1218.050048828125,1218.300048828125,47863
2025-04-11 15:13:00+05:30,1218.4000244140625,1218.4000244140625,1218.0999755859375,1218.1500244140625,75275
2025-04-11 15:14:00+05:30,1218.5,1218.5,1218.3499755859375,1218.4000244140625,49297
2025-04-11 15:15:00+05:30,1218.75,1219.5,1218.5,1218.5,84139
2025-04-11 15:16:00+05:30,1219.0999755859375,1219.449951171875,1218.699951171875,1218.75,70804
2025-04-11 15:17:00+05:30,1219.0999755859375,1219.449951171875,1218.8499755859375,1219.050048828125,147037
2025-04-11 15:18:00+05:30,1218.800048828125,1219.0999755859375,1218.75,1219.0,71366
2025-04-11 15:19:00+05:30,1218.800048828125,1218.9000244140625,1218.75,1218.800048828125,47748
2025-04-11 15:20:00+05:30,1218.949951171875,1218.949951171875,1218.800048828125,1218.800048828125,64177
2025-04-11 15:21:00+05:30,1218.949951171875,1218.949951171875,1218.9000244140625,1218.9000244140625,40604
2025-04-11 15:22:00+05:30,1219.050048828125,1219.050048828125,1218.9000244140625,1218.949951171875,57886
2025-04-11 15:23:00+05:30,1220.0,1220.0,1219.0,1219.0,93801
2025-04-11 15:24:00+05:30,1219.5999755859375,1220.300048828125,1219.550048828125,1219.949951171875,72149
2025-04-11 15:25:00+05:30,1219.550048828125,1219.5999755859375,1219.4000244140625,1219.5,42361
2025-04-11 15:26:00+05:30,1219.699951171875,1219.699951171875,1219.550048828125,1219.550048828125,47877
2025-04-11 15:27:00+05:30,1219.6500244140625,1219.699951171875,1219.5,1219.6500244140625,46979
2025-04-11 15:28:00+05:30,1219.9000244140625,1220.0,1219.5,1219.5,38495
2025-04-11 15:29:00+05:30,1220.0,1221.199951171875,1218.550048828125,1220.4000244140625,33026
2025-04-16 09:15:00+05:30,1233.5,1237.0,1233.0999755859375,1235.0999755859375,0
2025-04-16 09:16:00+05:30,1234.5,1234.5,1232.5,1233.699951171875,47594
2025-04-16 09:17:00+05:30,1233.5999755859375,1235.300048828125,1233.5,1234.5,50023
2025-04-16 09:18:00+05:30,1232.5,1233.5999755859375,1232.0,1233.5999755859375,48329
2025-04-16 09:19:00+05:30,1234.0999755859375,1234.300048828125,1232.800048828125,1232.800048828125,26336
2025-04-16 09:20:00+05:30,1234.699951171875,1234.800048828125,1234.0,1234.0999755859375,15746
2025-04-16 09:21:00+05:30,1234.5,1234.5,1233.5999755859375,1234.0,33268
2025-04-16 09:22:00+05:30,1235.300048828125,1235.800048828125,1234.199951171875,1234.199951171875,35441
2025-04-16 09:23:00+05:30,1234.300048828125,1235.4000244140625,1234.300048828125,1235.0999755859375,47384
2025-04-16 09:24:00+05:30,1234.5,1234.800048828125,1233.699951171875,1234.199951171875,40136
2025-04-16 09:25:00+05:30,1233.5999755859375,1234.699951171875,1233.0,1234.5999755859375,55146
2025-04-16 09:26:00+05:30,1232.5,1234.199951171875,1232.4000244140625,1234.199951171875,35429
2025-04-16 09:27:00+05:30,1233.4000244140625,1233.5,1232.5,1232.699951171875,10199
2025-04-16 09:28:00+05:30,1234.800048828125,1235.0,1233.300048828125,1233.800048828125,52294
2025-04-16 09:29:00+05:30,1234.4000244140625,1235.0,1234.199951171875,1234.9000244140625,45407
2025-04-16 09:30:00+05:30,1234.300048828125,1234.5,1233.300048828125,1234.5,28810
2025-04-16 09:31:00+05:30,1234.300048828125,1234.5999755859375,1233.5999755859375,1234.0999755859375,42310
2025-04-16 09:32:00+05:30,1233.5,1234.300048828125,1232.5999755859375,1234.199951171875,58004
2025-04-16 09:33:00+05:30,1232.4000244140625,1233.699951171875,1232.0,1233.699951171875,27646
2025-04-16 09:34:00+05:30,1231.199951171875,1232.4000244140625,1231.199951171875,1232.4000244140625,38636
2025-04-16 09:35:00+05:30,1230.9000244140625,1231.0999755859375,1230.0999755859375,1231.0,26036
2025-04-16 09:36:00+05:30,1230.699951171875,1230.9000244140625,1230.199951171875,1230.800048828125,18827
2025-04-16 09:37:00+05:30,1231.5,1231.5,1230.5999755859375,1230.699951171875,16101
2025-04-16 09:38:00+05:30,1232.5999755859375,1232.699951171875,1231.5,1231.9000244140625,15208
2025-04-16 09:39:00+05:30,1232.800048828125,1233.300048828125,1232.5,1232.5,16050
2025-04-16 09:40:00+05:30,1231.5999755859375,1232.5999755859375,1231.4000244140625,1232.5999755859375,20996
2025-04-16 09:41:00+05:30,1231.699951171875,1231.800048828125,1231.0999755859375,1231.5999755859375,11986
2025-04-16 09:42:00+05:30,1231.5999755859375,1232.0,1231.0,1231.800048828125,22301
2025-04-16 09:43:00+05:30,1232.300048828125,1232.300048828125,1231.4000244140625,1231.5,8043
2025-04-16 09:44:00+05:30,1232.4000244140625,1232.5999755859375,1232.0999755859375,1232.0999755859375,7118
2025-04-16 09:45:00+05:30,1232.5999755859375,1233.0,1232.4000244140625,1232.5999755859375,22120
2025-04-16 09:46:00+05:30,1232.300048828125,1232.800048828125,1232.300048828125,1232.4000244140625,10462
2025-04-16 09:47:00+05:30,1232.0,1232.5999755859375,1232.0,1232.5999755859375,10404
2025-04-16 09:48:00+05:30,1231.4000244140625,1232.0999755859375,1231.4000244140625,1232.0,15002
2025-04-16 09:49:00+05:30,1231.0999755859375,1231.199951171875,1231.0,1231.199951171875,10744
2025-04-16 09:50:00+05:30,1231.699951171875,1231.800048828125,1231.0999755859375,1231.0999755859375,12965
2025-04-16 09:51:00+05:30,1231.5999755859375,1231.800048828125,1231.300048828125,1231.5999755859375,10207
2025-04-16 09:52:00+05:30,1232.0,1232.0,1231.5,1231.5,6277
2025-04-16 09:53:00+05:30,1232.300048828125,1232.5,1232.199951171875,1232.5,10102
2025-04-16 09:54:00+05:30,1232.4000244140625,1232.9000244140625,1232.0999755859375,1232.4000244140625,19453
2025-04-16 09:55:00+05:30,1231.699951171875,1232.4000244140625,1231.699951171875,1232.4000244140625,9703
2025-04-16 09:56:00+05:30,1231.800048828125,1231.800048828125,1231.699951171875,1231.699951171875,5247
2025-04-16 09:57:00+05:30,1232.800048828125,1232.800048828125,1231.800048828125,1231.800048828125,6249
2025-04-16 09:58:00+05:30,1232.699951171875,1233.0,1232.699951171875,1232.800048828125,12032
2025-04-16 09:59:00+05:30,1231.800048828125,1232.4000244140625,1231.5999755859375,1232.4000244140625,21708
2025-04-16 10:00:00+05:30,1231.699951171875,1231.800048828125,1231.4000244140625,1231.800048828125,7177
2025-04-16 10:01:00+05:30,1232.0999755859375,1232.0999755859375,1231.0,1231.800048828125,18164
2025-04-16 10:02:00+05:30,1232.5999755859375,1232.699951171875,1232.0999755859375,1232.300048828125,17731
2025-04-16 10:03:00+05:30,1232.699951171875,1233.0,1232.699951171875,1232.800048828125,11390
2025-04-16 10:04:00+05:30,1232.5999755859375,1232.699951171875,1232.5999755859375,1232.699951171875,5817
2025-04-16 10:05:00+05:30,1232.4000244140625,1232.800048828125,1232.4000244140625,1232.5999755859375,8272
2025-04-16 10:06:00+05:30,1232.0,1232.300048828125,1231.9000244140625,1232.0,9180
2025-04-16 10:07:00+05:30,1232.5999755859375,1232.5999755859375,1231.5999755859375,1231.9000244140625,67740
2025-04-16 10:08:00+05:30,1232.5999755859375,1232.800048828125,1232.5,1232.5,30861
2025-04-16 10:09:00+05:30,1232.699951171875,1232.699951171875,1232.5,1232.5,13381
2025-04-16 10:10:00+05:30,1232.5999755859375,1232.9000244140625,1232.5999755859375,1232.5999755859375,8870
2025-04-16 10:11:00+05:30,1233.699951171875,1233.800048828125,1232.5,1232.5,14781
2025-04-16 10:12:00+05:30,1234.199951171875,1235.4000244140625,1234.0999755859375,1234.4000244140625,43259
2025-04-16 10:13:00+05:30,1234.5,1234.9000244140625,1234.199951171875,1234.199951171875,10217
2025-04-16 10:14:00+05:30,1233.699951171875,1234.800048828125,1233.699951171875,1234.4000244140625,8053
2025-04-16 10:15:00+05:30,1234.5,1234.5,1233.699951171875,1234.0,13063
2025-04-16 10:16:00+05:30,1233.800048828125,1233.9000244140625,1233.800048828125,1233.9000244140625,7601
2025-04-16 10:17:00+05:30,1233.0,1233.9000244140625,1233.0,1233.9000244140625,32761
2025-04-16 10:18:00+05:30,1233.0999755859375,1233.300048828125,1233.0,1233.0,7498
2025-04-16 10:19:00+05:30,1233.0,1233.199951171875,1233.0,1233.0999755859375,39948
2025-04-16 10:20:00+05:30,1233.0999755859375,1233.199951171875,1233.0,1233.0,10328
2025-04-16 10:21:00+05:30,1233.199951171875,1233.300048828125,1233.0,1233.0,36508
2025-04-16 10:22:00+05:30,1233.199951171875,1233.300048828125,1233.0,1233.199951171875,40648
2025-04-16 10:23:00+05:30,1233.0999755859375,1233.0999755859375,1233.0,1233.0,41693
2025-04-16 10:24:00+05:30,1233.0,1233.0999755859375,1233.0,1233.0999755859375,17371
2025-04-16 10:25:00+05:30,1233.0999755859375,1233.0999755859375,1233.0,1233.0,12204
2025-04-16 10:26:00+05:30,1233.0999755859375,1233.0999755859375,1233.0,1233.0999755859375,9675
2025-04-16 10:27:00+05:30,1233.199951171875,1233.4000244140625,1233.0,1233.0,20115
2025-04-16 10:28:00+05:30,1234.300048828125,1234.300048828125,1233.5,1233.5999755859375,13247
2025-04-16 10:29:00+05:30,1233.699951171875,1234.300048828125,1233.5999755859375,1234.300048828125,10076
2025-04-16 10:30:00+05:30,1233.9000244140625,1234.0999755859375,1233.800048828125,1234.0999755859375,8675
2025-04-16 10:31:00+05:30,1233.699951171875,1233.800048828125,1233.5999755859375,1233.800048828125,8148
2025-04-16 10:32:00+05:30,1234.5,1235.0,1233.5999755859375,1233.9000244140625,65052
2025-04-16 10:33:00+05:30,1233.9000244140625,1234.699951171875,1233.9000244140625,1234.5,10126
2025-04-16 10:34:00+05:30,1234.0,1234.300048828125,1233.5,1234.0,43907
2025-04-16 10:35:00+05:30,1234.199951171875,1234.199951171875,1233.5,1233.5,20338
2025-04-16 10:36:00+05:30,1233.699951171875,1234.0999755859375,1233.699951171875,1234.0999755859375,8174
2025-04-16 10:37:00+05:30,1233.0,1234.0,1233.0,1233.699951171875,47624
2025-04-16 10:38:00+05:30,1232.5,1233.300048828125,1232.5,1233.300048828125,22905
2025-04-16 10:39:00+05:30,1232.5999755859375,1232.800048828125,1232.5,1232.800048828125,14173
2025-04-16 10:40:00+05:30,1231.300048828125,1232.800048828125,1231.300048828125,1232.5999755859375,46017
2025-04-16 10:41:00+05:30,1232.0,1232.0,1231.4000244140625,1231.800048828125,9653
2025-04-16 10:42:00+05:30,1232.300048828125,1232.5,1231.699951171875,1231.699951171875,18904
2025-04-16 10:43:00+05:30,1231.5,1232.4000244140625,1231.5,1232.4000244140625,10372
2025-04-16 10:44:00+05:30,1231.699951171875,1232.0,1231.5,1231.5,7898
2025-04-16 10:45:00+05:30,1231.0999755859375,1231.699951171875,1231.0,1231.5999755859375,24677
2025-04-16 10:46:00+05:30,1231.5,1231.800048828125,1231.0,1231.199951171875,81556
2025-04-16 10:47:00+05:30,1231.300048828125,1231.800048828125,1231.0999755859375,1231.5,15233
2025-04-16 10:48:00+05:30,1231.300048828125,1231.5999755859375,1231.199951171875,1231.300048828125,8202
2025-04-16 10:49:00+05:30,1231.300048828125,1231.300048828125,1231.0999755859375,1231.300048828125,19658
2025-04-16 10:50:00+05:30,1230.4000244140625,1231.199951171875,1230.0999755859375,1231.199951171875,29747
2025-04-16 10:51:00+05:30,1230.0999755859375,1230.5999755859375,1230.0999755859375,1230.4000244140625,30484
2025-04-16 10:52:00+05:30,1230.0,1230.4000244140625,1230.0,1230.0,19946
2025-04-16 10:53:00+05:30,1229.199951171875,1230.199951171875,1229.0,1230.0999755859375,61685
2025-04-16 10:54:00+05:30,1229.699951171875,1230.0999755859375,1229.199951171875,1229.199951171875,18057
2025-04-16 10:55:00+05:30,1230.0999755859375,1230.0999755859375,1229.5999755859375,1230.0,15134
2025-04-16 10:56:00+05:30,1231.5,1231.699951171875,1230.0,1230.0999755859375,78120
2025-04-16 10:57:00+05:30,1231.0999755859375,1231.5,1231.0999755859375,1231.5,8933
2025-04-16 10:58:00+05:30,1230.199951171875,1231.5,1230.199951171875,1231.0999755859375,13932
2025-04-16 10:59:00+05:30,1230.800048828125,1230.800048828125,1230.0999755859375,1230.199951171875,19908
2025-04-16 11:00:00+05:30,1230.199951171875,1231.0,1230.0999755859375,1230.800048828125,31145
2025-04-16 11:01:00+05:30,1230.699951171875,1230.699951171875,1230.5,1230.5,11940
2025-04-16 11:02:00+05:30,1230.300048828125,1230.699951171875,1230.300048828125,1230.5,22578
2025-04-16 11:03:00+05:30,1229.800048828125,1230.199951171875,1229.5,1230.199951171875,22237
2025-04-16 11:04:00+05:30,1230.199951171875,1230.199951171875,1229.699951171875,1230.0,8690
2025-04-16 11:05:00+05:30,1230.4000244140625,1230.5999755859375,1230.0999755859375,1230.199951171875,2208
2025-04-16 11:06:00+05:30,1230.300048828125,1230.4000244140625,1230.300048828125,1230.4000244140625,4514
2025-04-16 11:07:00+05:30,1231.0,1231.0,1230.5999755859375,1230.5999755859375,9032
2025-04-16 11:08:00+05:30,1231.5,1231.5,1231.0999755859375,1231.0999755859375,10571
2025-04-16 11:09:00+05:30,1232.300048828125,1233.0,1231.699951171875,1232.300048828125,26645
2025-04-16 11:10:00+05:30,1232.699951171875,1233.0,1232.199951171875,1232.300048828125,11982
2025-04-16 11:11:00+05:30,1232.5999755859375,1233.0,1232.199951171875,1232.699951171875,16115
2025-04-16 11:12:00+05:30,1232.5,1232.5999755859375,1232.199951171875,1232.5999755859375,5872
2025-04-16 11:13:00+05:30,1232.300048828125,1233.0,1232.300048828125,1232.5,12491
2025-04-16 11:14:00+05:30,1233.699951171875,1233.699951171875,1232.4000244140625,1232.4000244140625,30152
2025-04-16 11:15:00+05:30,1233.699951171875,1233.9000244140625,1233.0,1233.5999755859375,33015
2025-04-16 11:16:00+05:30,1234.0,1234.5999755859375,1233.5999755859375,1233.9000244140625,34349
2025-04-16 11:17:00+05:30,1234.0,1234.199951171875,1233.4000244140625,1234.199951171875,16409
2025-04-16 11:18:00+05:30,1234.199951171875,1234.199951171875,1234.0,1234.0,5088
2025-04-16 11:19:00+05:30,1234.4000244140625,1234.5999755859375,1234.199951171875,1234.199951171875,18342
2025-04-16 11:20:00+05:30,1234.199951171875,1234.4000244140625,1234.199951171875,1234.4000244140625,14407
2025-04-16 11:21:00+05:30,1234.0999755859375,1234.199951171875,1234.0,1234.199951171875,4691
2025-04-16 11:22:00+05:30,1234.0999755859375,1234.0999755859375,1234.0,1234.0,9030
2025-04-16 11:23:00+05:30,1234.0999755859375,1234.4000244140625,1234.0,1234.0999755859375,15848
2025-04-16 11:24:00+05:30,1234.5999755859375,1234.5999755859375,1234.0999755859375,1234.4000244140625,13001
2025-04-16 11:25:00+05:30,1234.4000244140625,1234.5999755859375,1234.300048828125,1234.5,4257
2025-04-16 11:26:00+05:30,1234.300048828125,1234.4000244140625,1234.0,1234.4000244140625,5113
2025-04-16 11:27:00+05:30,1234.9000244140625,1234.9000244140625,1234.199951171875,1234.199951171875,10973
2025-04-16 11:28:00+05:30,1234.800048828125,1235.0,1234.699951171875,1234.699951171875,8992
2025-04-16 11:29:00+05:30,1234.0999755859375,1234.9000244140625,1234.0999755859375,1234.9000244140625,11429
2025-04-16 11:30:00+05:30,1234.0999755859375,1234.0999755859375,1234.0,1234.0999755859375,3313
2025-04-16 11:31:00+05:30,1234.0999755859375,1234.0999755859375,1234.0,1234.0,3823
2025-04-16 11:32:00+05:30,1234.5,1234.5,1234.0,1234.0999755859375,14599
2025-04-16 11:33:00+05:30,1234.4000244140625,1234.5,1234.199951171875,1234.199951171875,3850
2025-04-16 11:34:00+05:30,1233.5,1234.199951171875,1233.5,1234.199951171875,9087
2025-04-16 11:35:00+05:30,1233.5,1233.699951171875,1233.300048828125,1233.699951171875,10713
2025-04-16 11:36:00+05:30,1233.300048828125,1233.5,1233.300048828125,1233.4000244140625,6298
2025-04-16 11:37:00+05:30,1233.199951171875,1233.4000244140625,1233.0999755859375,1233.4000244140625,6762
2025-04-16 11:38:00+05:30,1232.800048828125,1233.199951171875,1232.5999755859375,1233.199951171875,6109
2025-04-16 11:39:00+05:30,1232.5999755859375,1232.800048828125,1232.5999755859375,1232.5999755859375,3016
2025-04-16 11:40:00+05:30,1232.4000244140625,1232.5999755859375,1232.0999755859375,1232.5999755859375,14874
2025-04-16 11:41:00+05:30,1232.800048828125,1232.9000244140625,1232.4000244140625,1232.4000244140625,5609
2025-04-16 11:42:00+05:30,1233.300048828125,1233.300048828125,1232.5999755859375,1232.800048828125,9065
2025-04-16 11:43:00+05:30,1233.5999755859375,1233.800048828125,1233.199951171875,1233.4000244140625,5748
2025-04-16 11:44:00+05:30,1233.9000244140625,1234.0,1233.800048828125,1234.0,4324
2025-04-16 11:45:00+05:30,1233.9000244140625,1233.9000244140625,1233.800048828125,1233.9000244140625,4167
2025-04-16 11:46:00+05:30,1234.0999755859375,1234.0999755859375,1233.800048828125,1233.800048828125,11344
2025-04-16 11:47:00+05:30,1234.4000244140625,1234.5,1234.199951171875,1234.5,8625
2025-04-16 11:48:00+05:30,1234.699951171875,1234.800048828125,1234.5,1234.5999755859375,6090
2025-04-16 11:49:00+05:30,1234.4000244140625,1234.5999755859375,1234.0,1234.5999755859375,9974
2025-04-16 11:50:00+05:30,1234.0,1234.4000244140625,1233.699951171875,1234.4000244140625,4009
2025-04-16 11:51:00+05:30,1234.0,1234.0,1234.0,1234.0,1810
2025-04-16 11:52:00+05:30,1234.0999755859375,1234.300048828125,1233.800048828125,1233.800048828125,11423
2025-04-16 11:53:00+05:30,1234.300048828125,1234.300048828125,1234.0999755859375,1234.0999755859375,1304
2025-04-16 11:54:00+05:30,1234.199951171875,1234.199951171875,1234.0999755859375,1234.199951171875,5045
2025-04-16 11:55:00+05:30,1234.4000244140625,1234.4000244140625,1234.0999755859375,1234.199951171875,12668
2025-04-16 11:56:00+05:30,1234.4000244140625,1234.800048828125,1234.4000244140625,1234.5999755859375,22651
2025-04-16 11:57:00+05:30,1234.199951171875,1234.4000244140625,1234.0999755859375,1234.4000244140625,2673
2025-04-16 11:58:00+05:30,1234.300048828125,1234.300048828125,1234.0999755859375,1234.199951171875,6145
2025-04-16 11:59:00+05:30,1233.699951171875,1234.300048828125,1233.5999755859375,1234.300048828125,15396
2025-04-16 12:00:00+05:30,1233.800048828125,1233.800048828125,1233.199951171875,1233.699951171875,15563
2025-04-16 12:01:00+05:30,1234.0,1234.199951171875,1233.5999755859375,1233.800048828125,10539
2025-04-16 12:02:00+05:30,1233.800048828125,1234.0999755859375,1233.5999755859375,1234.0,2831
2025-04-16 12:03:00+05:30,1234.5,1234.5,1233.800048828125,1233.800048828125,12096
2025-04-16 12:04:00+05:30,1235.4000244140625,1235.4000244140625,1234.4000244140625,1234.5999755859375,21639
2025-04-16 12:05:00+05:30,1235.300048828125,1235.5,1235.0999755859375,1235.4000244140625,7106
2025-04-16 12:06:00+05:30,1235.0999755859375,1235.300048828125,1235.0999755859375,1235.300048828125,8601
2025-04-16 12:07:00+05:30,1235.0999755859375,1235.199951171875,1235.0,1235.0999755859375,6585
2025-04-16 12:08:00+05:30,1235.699951171875,1235.9000244140625,1235.0999755859375,1235.0999755859375,23345
2025-04-16 12:09:00+05:30,1235.4000244140625,1235.9000244140625,1235.4000244140625,1235.699951171875,12299
2025-04-16 12:10:00+05:30,1235.800048828125,1235.9000244140625,1235.5,1235.5,6165
2025-04-16 12:11:00+05:30,1235.9000244140625,1236.0999755859375,1235.0999755859375,1235.800048828125,37895
2025-04-16 12:12:00+05:30,1235.5,1236.0,1235.5,1236.0,9962
2025-04-16 12:13:00+05:30,1235.4000244140625,1236.0,1235.4000244140625,1235.800048828125,5891
2025-04-16 12:14:00+05:30,1235.5,1235.699951171875,1235.5,1235.699951171875,3970
2025-04-16 12:15:00+05:30,1235.300048828125,1235.5999755859375,1235.300048828125,1235.5999755859375,5714
2025-04-16 12:16:00+05:30,1236.0,1236.0,1235.5,1235.5,19386
2025-04-16 12:17:00+05:30,1235.9000244140625,1236.0999755859375,1235.5,1236.0999755859375,3468
2025-04-16 12:18:00+05:30,1236.5999755859375,1236.5999755859375,1235.5999755859375,1235.9000244140625,28725
2025-04-16 12:19:00+05:30,1236.199951171875,1236.5999755859375,1236.0999755859375,1236.5999755859375,48334
2025-04-16 12:20:00+05:30,1235.4000244140625,1236.199951171875,1235.300048828125,1236.199951171875,25871
2025-04-16 12:21:00+05:30,1235.4000244140625,1235.5999755859375,1235.0,1235.5999755859375,6271
2025-04-16 12:22:00+05:30,1235.300048828125,1235.4000244140625,1235.300048828125,1235.300048828125,4100
2025-04-16 12:23:00+05:30,1236.0,1236.199951171875,1235.199951171875,1235.199951171875,26392
2025-04-16 12:24:00+05:30,1237.0999755859375,1237.5,1236.199951171875,1236.199951171875,19374
2025-04-16 12:25:00+05:30,1237.0,1237.0999755859375,1236.9000244140625,1237.0999755859375,13250
2025-04-16 12:26:00+05:30,1236.5999755859375,1237.0999755859375,1236.5999755859375,1237.0999755859375,24527
2025-04-16 12:27:00+05:30,1237.4000244140625,1237.5,1236.5999755859375,1236.699951171875,15609
2025-04-16 12:28:00+05:30,1236.5999755859375,1237.4000244140625,1236.5999755859375,1237.4000244140625,21107
2025-04-16 12:29:00+05:30,1236.199951171875,1236.5999755859375,1235.800048828125,1236.5999755859375,7808
2025-04-16 12:30:00+05:30,1235.800048828125,1236.300048828125,1235.800048828125,1236.300048828125,6034
2025-04-16 12:31:00+05:30,1235.800048828125,1236.0,1235.5999755859375,1236.0,4076
2025-04-16 12:32:00+05:30,1234.9000244140625,1235.800048828125,1234.800048828125,1235.800048828125,17774
2025-04-16 12:33:00+05:30,1234.5,1234.9000244140625,1234.4000244140625,1234.9000244140625,8251
2025-04-16 12:34:00+05:30,1234.9000244140625,1235.0,1234.199951171875,1234.5,5979
2025-04-16 12:35:00+05:30,1235.9000244140625,1236.0,1234.9000244140625,1234.9000244140625,7930
2025-04-16 12:36:00+05:30,1235.5999755859375,1236.0,1235.4000244140625,1235.9000244140625,8057
2025-04-16 12:37:00+05:30,1235.699951171875,1236.0,1235.5,1236.0,10867
2025-04-16 12:38:00+05:30,1235.4000244140625,1236.0,1235.0,1236.0,16914
2025-04-16 12:39:00+05:30,1235.800048828125,1236.0,1235.199951171875,1235.5,8348
2025-04-16 12:40:00+05:30,1235.9000244140625,1235.9000244140625,1235.5,1235.699951171875,8653
2025-04-16 12:41:00+05:30,1236.4000244140625,1236.699951171875,1235.699951171875,1235.9000244140625,26878
2025-04-16 12:42:00+05:30,1236.699951171875,1236.9000244140625,1236.0,1236.0,9401
2025-04-16 12:43:00+05:30,1236.4000244140625,1236.800048828125,1236.0999755859375,1236.800048828125,7827
2025-04-16 12:44:00+05:30,1236.5,1236.9000244140625,1236.0999755859375,1236.5,3749
2025-04-16 12:45:00+05:30,1236.800048828125,1236.9000244140625,1236.5,1236.9000244140625,6023
2025-04-16 12:46:00+05:30,1236.5,1236.5999755859375,1236.199951171875,1236.199951171875,8687
2025-04-16 12:47:00+05:30,1236.4000244140625,1236.5,1236.4000244140625,1236.4000244140625,7868
2025-04-16 12:48:00+05:30,1236.0,1236.5,1235.699951171875,1236.5,9225
2025-04-16 12:49:00+05:30,1236.199951171875,1236.199951171875,1235.9000244140625,1236.0999755859375,3837
2025-04-16 12:50:00+05:30,1236.199951171875,1236.199951171875,1236.0999755859375,1236.199951171875,4904
2025-04-16 12:51:00+05:30,1236.0999755859375,1236.199951171875,1236.0999755859375,1236.199951171875,4329
2025-04-16 12:52:00+05:30,1235.9000244140625,1236.199951171875,1235.9000244140625,1236.199951171875,9306
2025-04-16 12:53:00+05:30,1235.4000244140625,1235.800048828125,1235.199951171875,1235.699951171875,47715
2025-04-16 12:54:00+05:30,1235.199951171875,1235.4000244140625,1235.199951171875,1235.4000244140625,8865
2025-04-16 12:55:00+05:30,1235.4000244140625,1235.4000244140625,1235.300048828125,1235.4000244140625,5141
2025-04-16 12:56:00+05:30,1235.699951171875,1236.0999755859375,1235.4000244140625,1235.4000244140625,89163
2025-04-16 12:57:00+05:30,1235.5999755859375,1235.699951171875,1235.5,1235.5999755859375,8555
2025-04-16 12:58:00+05:30,1235.0999755859375,1235.5999755859375,1235.0999755859375,1235.5999755859375,14062
2025-04-16 12:59:00+05:30,1235.5999755859375,1235.5999755859375,1235.300048828125,1235.300048828125,17662
2025-04-16 13:00:00+05:30,1235.5999755859375,1235.5999755859375,1235.5999755859375,1235.5999755859375,8922
2025-04-16 13:01:00+05:30,1235.5,1235.5999755859375,1235.4000244140625,1235.4000244140625,11018
2025-04-16 13:02:00+05:30,1235.5999755859375,1235.5999755859375,1235.5,1235.5999755859375,4420
2025-04-16 13:03:00+05:30,1235.699951171875,1235.699951171875,1235.5,1235.5999755859375,7003
2025-04-16 13:04:00+05:30,1235.699951171875,1235.699951171875,1235.5999755859375,1235.699951171875,9618
2025-04-16 13:05:00+05:30,1235.699951171875,1235.699951171875,1235.5999755859375,1235.699951171875,8640
2025-04-16 13:06:00+05:30,1235.699951171875,1235.699951171875,1235.5999755859375,1235.699951171875,5578
2025-04-16 13:07:00+05:30,1235.199951171875,1235.699951171875,1235.0,1235.699951171875,29827
2025-04-16 13:08:00+05:30,1235.4000244140625,1235.4000244140625,1235.0,1235.0,12223
2025-04-16 13:09:00+05:30,1235.300048828125,1235.4000244140625,1235.199951171875,1235.4000244140625,4954
2025-04-16 13:10:00+05:30,1235.300048828125,1235.4000244140625,1235.300048828125,1235.4000244140625,8913
2025-04-16 13:11:00+05:30,1235.199951171875,1235.300048828125,1235.0999755859375,1235.300048828125,14974
2025-04-16 13:12:00+05:30,1235.199951171875,1235.199951171875,1235.0999755859375,1235.199951171875,4590
2025-04-16 13:13:00+05:30,1236.199951171875,1236.300048828125,1235.199951171875,1235.199951171875,34491
2025-04-16 13:14:00+05:30,1236.800048828125,1237.0999755859375,1236.0,1236.199951171875,56779
2025-04-16 13:15:00+05:30,1236.4000244140625,1236.800048828125,1236.199951171875,1236.800048828125,5772
2025-04-16 13:16:00+05:30,1235.5999755859375,1236.4000244140625,1235.199951171875,1236.4000244140625,8369
2025-04-16 13:17:00+05:30,1234.800048828125,1235.5999755859375,1234.800048828125,1235.5999755859375,19454
2025-04-16 13:18:00+05:30,1234.9000244140625,1235.0999755859375,1234.5,1235.0999755859375,14319
2025-04-16 13:19:00+05:30,1234.5,1234.9000244140625,1234.4000244140625,1234.800048828125,13777
2025-04-16 13:20:00+05:30,1234.300048828125,1234.5,1234.0,1234.5,22751
2025-04-16 13:21:00+05:30,1233.9000244140625,1234.300048828125,1233.5999755859375,1234.199951171875,24931
2025-04-16 13:22:00+05:30,1233.800048828125,1234.0,1233.800048828125,1233.9000244140625,22374
2025-04-16 13:23:00+05:30,1233.5999755859375,1234.0,1233.4000244140625,1233.9000244140625,15901
2025-04-16 13:24:00+05:30,1233.5999755859375,1233.699951171875,1233.4000244140625,1233.5999755859375,14731
2025-04-16 13:25:00+05:30,1233.5,1233.699951171875,1233.4000244140625,1233.5999755859375,12828
2025-04-16 13:26:00+05:30,1233.199951171875,1233.5999755859375,1233.0999755859375,1233.5999755859375,10201
2025-04-16 13:27:00+05:30,1232.800048828125,1233.199951171875,1232.800048828125,1233.199951171875,17131
2025-04-16 13:28:00+05:30,1232.300048828125,1233.0,1232.199951171875,1232.9000244140625,8397
2025-04-16 13:29:00+05:30,1232.0999755859375,1232.4000244140625,1232.0999755859375,1232.199951171875,12592
2025-04-16 13:30:00+05:30,1232.0999755859375,1232.199951171875,1232.0,1232.199951171875,10139
2025-04-16 13:31:00+05:30,1232.0,1232.0999755859375,1232.0,1232.0,9205
2025-04-16 13:32:00+05:30,1231.300048828125,1231.800048828125,1231.0999755859375,1231.800048828125,22431
2025-04-16 13:33:00+05:30,1231.0999755859375,1231.300048828125,1230.5,1231.300048828125,22680
2025-04-16 13:34:00+05:30,1230.9000244140625,1231.199951171875,1230.9000244140625,1231.199951171875,6183
2025-04-16 13:35:00+05:30,1231.0999755859375,1231.5999755859375,1230.800048828125,1230.800048828125,10429
2025-04-16 13:36:00+05:30,1231.800048828125,1232.0,1231.0,1231.0999755859375,13068
2025-04-16 13:37:00+05:30,1231.5999755859375,1231.9000244140625,1231.5,1231.699951171875,14570
2025-04-16 13:38:00+05:30,1231.5999755859375,1231.5999755859375,1231.5,1231.5,7790
2025-04-16 13:39:00+05:30,1231.300048828125,1231.5999755859375,1231.300048828125,1231.5999755859375,17775
2025-04-16 13:40:00+05:30,1231.5999755859375,1231.699951171875,1231.300048828125,1231.4000244140625,9556
2025-04-16 13:41:00+05:30,1231.4000244140625,1231.5,1231.300048828125,1231.5,6483
2025-04-16 13:42:00+05:30,1231.0999755859375,1231.4000244140625,1231.0999755859375,1231.4000244140625,7478
2025-04-16 13:43:00+05:30,1231.0999755859375,1231.199951171875,1231.0,1231.0999755859375,8317
2025-04-16 13:44:00+05:30,1231.0999755859375,1231.199951171875,1231.0,1231.0999755859375,14465
2025-04-16 13:45:00+05:30,1231.199951171875,1231.199951171875,1231.0,1231.199951171875,8350
2025-04-16 13:46:00+05:30,1231.199951171875,1231.300048828125,1231.0999755859375,1231.199951171875,9362
2025-04-16 13:47:00+05:30,1231.0999755859375,1231.4000244140625,1230.9000244140625,1231.199951171875,18398
2025-04-16 13:48:00+05:30,1230.800048828125,1231.300048828125,1230.699951171875,1231.300048828125,9939
2025-04-16 13:49:00+05:30,1230.9000244140625,1230.9000244140625,1230.5,1230.5999755859375,17575
2025-04-16 13:50:00+05:30,1230.9000244140625,1231.5,1230.800048828125,1230.9000244140625,13681
2025-04-16 13:51:00+05:30,1231.5999755859375,1231.699951171875,1230.5999755859375,1231.0,39815
2025-04-16 13:52:00+05:30,1232.0,1232.0999755859375,1231.4000244140625,1231.699951171875,12173
2025-04-16 13:53:00+05:30,1231.5999755859375,1232.0999755859375,1231.5999755859375,1232.0999755859375,9912
2025-04-16 13:54:00+05:30,1231.5,1231.9000244140625,1231.5,1231.800048828125,8118
2025-04-16 13:55:00+05:30,1232.5,1232.5,1231.5,1231.5,17594
2025-04-16 13:56:00+05:30,1232.9000244140625,1233.800048828125,1232.5,1232.5,15385
2025-04-16 13:57:00+05:30,1235.300048828125,1235.300048828125,1233.0,1233.199951171875,25946
2025-04-16 13:58:00+05:30,1236.699951171875,1237.0,1235.199951171875,1235.199951171875,36482
2025-04-16 13:59:00+05:30,1236.0,1237.5999755859375,1236.0,1236.5999755859375,36355
2025-04-16 14:00:00+05:30,1237.699951171875,1238.0,1236.0,1236.0,42872
2025-04-16 14:01:00+05:30,1237.699951171875,1238.0,1237.4000244140625,1238.0,19958
2025-04-16 14:02:00+05:30,1237.5999755859375,1238.5999755859375,1237.300048828125,1237.699951171875,29813
2025-04-16 14:03:00+05:30,1236.9000244140625,1237.5,1236.5,1237.300048828125,12788
2025-04-16 14:04:00+05:30,1237.199951171875,1237.199951171875,1236.0,1236.9000244140625,15024
2025-04-16 14:05:00+05:30,1237.0,1237.5,1236.5999755859375,1236.9000244140625,10970
2025-04-16 14:06:00+05:30,1236.0,1237.0,1235.9000244140625,1237.0,23166
2025-04-16 14:07:00+05:30,1236.199951171875,1236.300048828125,1235.9000244140625,1236.199951171875,8958
2025-04-16 14:08:00+05:30,1236.5999755859375,1237.4000244140625,1236.0,1236.199951171875,23852
2025-04-16 14:09:00+05:30,1236.800048828125,1237.4000244140625,1236.5999755859375,1237.300048828125,9808
2025-04-16 14:10:00+05:30,1236.9000244140625,1237.0,1236.5,1236.5999755859375,7332
2025-04-16 14:11:00+05:30,1237.5,1237.5,1236.9000244140625,1237.0,13867
2025-04-16 14:12:00+05:30,1238.5,1238.5,1237.4000244140625,1237.4000244140625,20952
2025-04-16 14:13:00+05:30,1237.9000244140625,1238.4000244140625,1237.800048828125,1238.4000244140625,7129
2025-04-16 14:14:00+05:30,1237.5,1237.9000244140625,1237.300048828125,1237.9000244140625,9422
2025-04-16 14:15:00+05:30,1237.4000244140625,1237.699951171875,1237.300048828125,1237.5999755859375,12505
2025-04-16 14:16:00+05:30,1237.0,1237.5,1237.0,1237.5,11025
2025-04-16 14:17:00+05:30,1237.0,1237.0999755859375,1236.9000244140625,1237.0999755859375,7135
2025-04-16 14:18:00+05:30,1237.5999755859375,1237.5999755859375,1237.0,1237.0,9984
2025-04-16 14:19:00+05:30,1237.699951171875,1237.9000244140625,1237.300048828125,1237.5999755859375,7829
2025-04-16 14:20:00+05:30,1237.5,1237.699951171875,1237.5,1237.699951171875,4652
2025-04-16 14:21:00+05:30,1237.5,1237.5999755859375,1237.4000244140625,1237.4000244140625,18769
2025-04-16 14:22:00+05:30,1237.800048828125,1237.800048828125,1237.5,1237.5999755859375,12855
2025-04-16 14:23:00+05:30,1237.9000244140625,1238.4000244140625,1237.9000244140625,1238.4000244140625,16107
2025-04-16 14:24:00+05:30,1237.9000244140625,1237.9000244140625,1237.300048828125,1237.9000244140625,27347
2025-04-16 14:25:00+05:30,1239.0999755859375,1239.0999755859375,1237.699951171875,1238.0999755859375,23637
2025-04-16 14:26:00+05:30,1239.5999755859375,1239.5999755859375,1239.0,1239.0999755859375,26364
2025-04-16 14:27:00+05:30,1240.199951171875,1240.9000244140625,1239.5,1239.5999755859375,40207
2025-04-16 14:28:00+05:30,1239.5999755859375,1240.5999755859375,1239.199951171875,1240.5999755859375,20308
2025-04-16 14:29:00+05:30,1239.0,1239.5999755859375,1238.9000244140625,1239.300048828125,12835
2025-04-16 14:30:00+05:30,1239.0999755859375,1239.199951171875,1238.699951171875,1238.9000244140625,9895
2025-04-16 14:31:00+05:30,1238.800048828125,1239.0999755859375,1238.5999755859375,1239.0999755859375,9176
2025-04-16 14:32:00+05:30,1238.5999755859375,1238.800048828125,1238.5999755859375,1238.800048828125,8755
2025-04-16 14:33:00+05:30,1238.5999755859375,1238.699951171875,1238.0,1238.699951171875,19653
2025-04-16 14:34:00+05:30,1238.199951171875,1238.9000244140625,1238.0999755859375,1238.9000244140625,5963
2025-04-16 14:35:00+05:30,1237.5999755859375,1237.800048828125,1237.5999755859375,1237.699951171875,15206
2025-04-16 14:36:00+05:30,1237.5,1237.9000244140625,1237.5,1237.800048828125,6303
2025-04-16 14:37:00+05:30,1237.9000244140625,1237.9000244140625,1237.5999755859375,1237.699951171875,21948
2025-04-16 14:38:00+05:30,1237.5999755859375,1238.0,1237.5999755859375,1238.0,7471
2025-04-16 14:39:00+05:30,1237.800048828125,1237.800048828125,1237.5999755859375,1237.5999755859375,5424
2025-04-16 14:40:00+05:30,1237.800048828125,1237.9000244140625,1237.800048828125,1237.800048828125,5148
2025-04-16 14:41:00+05:30,1237.800048828125,1237.800048828125,1237.699951171875,1237.800048828125,9553
2025-04-16 14:42:00+05:30,1238.5,1238.5999755859375,1237.9000244140625,1237.9000244140625,12517
2025-04-16 14:43:00+05:30,1237.9000244140625,1238.800048828125,1237.699951171875,1238.5999755859375,7886
2025-04-16 14:44:00+05:30,1237.5,1238.199951171875,1237.5,1237.9000244140625,17537
2025-04-16 14:45:00+05:30,1237.4000244140625,1237.5999755859375,1237.300048828125,1237.5,13044
2025-04-16 14:46:00+05:30,1237.0,1237.4000244140625,1236.9000244140625,1237.4000244140625,7868
2025-04-16 14:47:00+05:30,1237.199951171875,1237.199951171875,1236.800048828125,1236.9000244140625,29196
2025-04-16 14:48:00+05:30,1237.5,1237.800048828125,1237.300048828125,1237.4000244140625,14445
2025-04-16 14:49:00+05:30,1237.5999755859375,1238.0,1237.300048828125,1237.5,10308
2025-04-16 14:50:00+05:30,1238.199951171875,1238.199951171875,1237.4000244140625,1237.4000244140625,16962
2025-04-16 14:51:00+05:30,1237.9000244140625,1238.4000244140625,1237.699951171875,1238.300048828125,18827
2025-04-16 14:52:00+05:30,1238.4000244140625,1238.800048828125,1237.800048828125,1237.9000244140625,17556
2025-04-16 14:53:00+05:30,1238.9000244140625,1238.9000244140625,1237.9000244140625,1238.300048828125,26169
2025-04-16 14:54:00+05:30,1238.5999755859375,1239.0,1238.300048828125,1238.800048828125,17846
2025-04-16 14:55:00+05:30,1238.4000244140625,1238.699951171875,1238.300048828125,1238.699951171875,11840
2025-04-16 14:56:00+05:30,1238.5,1239.0,1238.4000244140625,1238.4000244140625,17756
2025-04-16 14:57:00+05:30,1238.9000244140625,1239.0,1238.5,1238.5999755859375,14636
2025-04-16 14:58:00+05:30,1240.0,1240.5,1238.9000244140625,1238.9000244140625,58610
2025-04-16 14:59:00+05:30,1240.300048828125,1240.5,1240.0,1240.0,29932
2025-04-16 15:00:00+05:30,1240.5999755859375,1240.699951171875,1240.0,1240.300048828125,90997
2025-04-16 15:01:00+05:30,1240.699951171875,1240.699951171875,1240.4000244140625,1240.5999755859375,92098
2025-04-16 15:02:00+05:30,1240.5,1240.699951171875,1240.5,1240.5999755859375,39043
2025-04-16 15:03:00+05:30,1240.5999755859375,1240.5999755859375,1240.5,1240.5,75068
2025-04-16 15:04:00+05:30,1240.5,1240.5999755859375,1240.5,1240.5,58707
2025-04-16 15:05:00+05:30,1240.5999755859375,1240.5999755859375,1240.5,1240.5999755859375,50392
2025-04-16 15:06:00+05:30,1240.5,1240.5999755859375,1240.5,1240.5999755859375,94941
2025-04-16 15:07:00+05:30,1240.5,1240.5999755859375,1240.5,1240.5,101672
2025-04-16 15:08:00+05:30,1240.5999755859375,1240.5999755859375,1240.5,1240.5,45919
2025-04-16 15:09:00+05:30,1240.5,1240.5999755859375,1240.5,1240.5999755859375,67384
2025-04-16 15:10:00+05:30,1240.5999755859375,1240.5999755859375,1239.300048828125,1240.5999755859375,205752
2025-04-16 15:11:00+05:30,1239.4000244140625,1240.5999755859375,1239.199951171875,1240.5999755859375,77645
2025-04-16 15:12:00+05:30,1239.800048828125,1239.800048828125,1239.300048828125,1239.300048828125,47228
2025-04-16 15:13:00+05:30,1239.5,1239.800048828125,1239.4000244140625,1239.800048828125,60572
2025-04-16 15:14:00+05:30,1237.0999755859375,1239.5,1236.9000244140625,1239.4000244140625,222453
2025-04-16 15:15:00+05:30,1238.0,1238.4000244140625,1237.199951171875,1237.5,58338
2025-04-16 15:16:00+05:30,1237.800048828125,1238.199951171875,1237.5,1238.0,60744
2025-04-16 15:17:00+05:30,1237.9000244140625,1238.0,1237.5999755859375,1237.800048828125,58964
2025-04-16 15:18:00+05:30,1237.9000244140625,1238.0999755859375,1237.699951171875,1237.9000244140625,62937
2025-04-16 15:19:00+05:30,1238.4000244140625,1238.4000244140625,1238.0,1238.199951171875,67627
2025-04-16 15:20:00+05:30,1238.800048828125,1238.9000244140625,1238.300048828125,1238.4000244140625,71507
2025-04-16 15:21:00+05:30,1239.4000244140625,1239.4000244140625,1238.800048828125,1238.800048828125,52967
2025-04-16 15:22:00+05:30,1239.4000244140625,1239.5,1239.0999755859375,1239.4000244140625,54628
2025-04-16 15:23:00+05:30,1238.800048828125,1239.5,1238.800048828125,1239.4000244140625,73290
2025-04-16 15:24:00+05:30,1238.9000244140625,1239.0999755859375,1238.800048828125,1239.0,54778
2025-04-16 15:25:00+05:30,1238.5999755859375,1238.800048828125,1238.199951171875,1238.699951171875,56917
2025-04-16 15:26:00+05:30,1238.5,1238.9000244140625,1238.300048828125,1238.699951171875,63444
2025-04-16 15:27:00+05:30,1237.9000244140625,1238.800048828125,1237.9000244140625,1238.4000244140625,67919
2025-04-16 15:28:00+05:30,1237.699951171875,1238.300048828125,1236.199951171875,1237.800048828125,59086
2025-04-16 15:29:00+05:30,1237.800048828125,1238.0,1237.0,1237.9000244140625,13751
2025-04-17 09:15:00+05:30,1233.0,1240.199951171875,1233.0,1239.699951171875,0
2025-04-17 09:16:00+05:30,1232.4000244140625,1233.300048828125,1232.0999755859375,1232.5999755859375,104526
2025-04-17 09:17:00+05:30,1233.0,1233.4000244140625,1231.5999755859375,1232.4000244140625,63711
2025-04-17 09:18:00+05:30,1233.0,1235.0999755859375,1232.800048828125,1233.0,61371
2025-04-17 09:19:00+05:30,1232.9000244140625,1234.199951171875,1232.300048828125,1233.0,65898
2025-04-17 09:20:00+05:30,1232.5,1233.0999755859375,1232.0999755859375,1232.800048828125,35628
2025-04-17 09:21:00+05:30,1230.300048828125,1232.5999755859375,1230.300048828125,1232.5999755859375,77083
2025-04-17 09:22:00+05:30,1229.300048828125,1230.5,1229.199951171875,1230.5,89843
2025-04-17 09:23:00+05:30,1228.9000244140625,1229.5,1228.4000244140625,1229.5,57751
2025-04-17 09:24:00+05:30,1229.800048828125,1230.0,1228.800048828125,1228.9000244140625,28114
2025-04-17 09:25:00+05:30,1230.300048828125,1230.4000244140625,1229.5999755859375,1229.699951171875,28142
2025-04-17 09:26:00+05:30,1229.199951171875,1230.300048828125,1229.199951171875,1230.0999755859375,41204
2025-04-17 09:27:00+05:30,1229.5,1229.5,1229.199951171875,1229.199951171875,50254
2025-04-17 09:28:00+05:30,1228.0999755859375,1230.0,1228.0999755859375,1229.699951171875,32772
2025-04-17 09:29:00+05:30,1228.0,1229.0999755859375,1227.5999755859375,1227.800048828125,53012
2025-04-17 09:30:00+05:30,1229.300048828125,1229.4000244140625,1228.199951171875,1228.4000244140625,32150
2025-04-17 09:31:00+05:30,1229.699951171875,1229.800048828125,1228.9000244140625,1229.300048828125,33483
2025-04-17 09:32:00+05:30,1229.800048828125,1230.300048828125,1229.5999755859375,1229.699951171875,30934
2025-04-17 09:33:00+05:30,1229.800048828125,1230.0999755859375,1228.5999755859375,1229.5999755859375,34175
2025-04-17 09:34:00+05:30,1229.699951171875,1229.9000244140625,1228.9000244140625,1229.9000244140625,41482
2025-04-17 09:35:00+05:30,1230.0,1230.300048828125,1229.300048828125,1229.4000244140625,16165
2025-04-17 09:36:00+05:30,1229.800048828125,1230.4000244140625,1229.699951171875,1230.199951171875,25670
2025-04-17 09:37:00+05:30,1230.800048828125,1231.4000244140625,1229.5999755859375,1229.5999755859375,26092
2025-04-17 09:38:00+05:30,1230.5,1231.5,1230.199951171875,1230.800048828125,18291
2025-04-17 09:39:00+05:30,1230.699951171875,1230.800048828125,1230.300048828125,1230.300048828125,15732
2025-04-17 09:40:00+05:30,1231.199951171875,1231.199951171875,1230.199951171875,1230.5,18110
2025-04-17 09:41:00+05:30,1231.300048828125,1231.699951171875,1231.199951171875,1231.5999755859375,19940
2025-04-17 09:42:00+05:30,1231.5999755859375,1231.5999755859375,1231.0999755859375,1231.300048828125,15843
2025-04-17 09:43:00+05:30,1232.5999755859375,1232.699951171875,1231.9000244140625,1231.9000244140625,18244
2025-04-17 09:44:00+05:30,1232.0,1233.0,1231.4000244140625,1232.699951171875,19057
2025-04-17 09:45:00+05:30,1232.5,1232.9000244140625,1231.4000244140625,1232.0,11188
2025-04-17 09:46:00+05:30,1231.800048828125,1233.0,1231.699951171875,1232.800048828125,47170
2025-04-17 09:47:00+05:30,1232.9000244140625,1232.9000244140625,1231.800048828125,1231.800048828125,9744
2025-04-17 09:48:00+05:30,1232.0,1232.9000244140625,1231.5999755859375,1232.9000244140625,22758
2025-04-17 09:49:00+05:30,1232.0,1232.0999755859375,1231.9000244140625,1232.0,6488
2025-04-17 09:50:00+05:30,1232.5,1232.699951171875,1232.0999755859375,1232.0999755859375,13417
2025-04-17 09:51:00+05:30,1232.699951171875,1232.800048828125,1232.5,1232.5,5179
2025-04-17 09:52:00+05:30,1232.5,1232.5999755859375,1232.4000244140625,1232.5999755859375,9844
2025-04-17 09:53:00+05:30,1232.800048828125,1233.0,1232.5,1233.0,12579
2025-04-17 09:54:00+05:30,1231.5,1232.800048828125,1231.5,1232.800048828125,11203
2025-04-17 09:55:00+05:30,1231.199951171875,1231.5,1230.4000244140625,1231.0999755859375,16345
2025-04-17 09:56:00+05:30,1231.9000244140625,1232.0999755859375,1231.4000244140625,1231.5,9235
2025-04-17 09:57:00+05:30,1230.5999755859375,1231.800048828125,1230.4000244140625,1231.800048828125,11566
2025-04-17 09:58:00+05:30,1230.5999755859375,1231.300048828125,1230.5999755859375,1230.5999755859375,8399
2025-04-17 09:59:00+05:30,1231.4000244140625,1231.4000244140625,1230.4000244140625,1230.5999755859375,8064
2025-04-17 10:00:00+05:30,1231.0,1231.4000244140625,1230.800048828125,1231.4000244140625,6062
2025-04-17 10:01:00+05:30,1231.0999755859375,1231.0999755859375,1230.5,1230.800048828125,8538
2025-04-17 10:02:00+05:30,1231.0999755859375,1231.300048828125,1231.0,1231.0999755859375,5266
2025-04-17 10:03:00+05:30,1231.0999755859375,1231.9000244140625,1231.0,1231.0999755859375,13198
2025-04-17 10:04:00+05:30,1231.0999755859375,1231.300048828125,1230.4000244140625,1231.300048828125,14966
2025-04-17 10:05:00+05:30,1231.199951171875,1231.300048828125,1230.9000244140625,1230.9000244140625,4275
2025-04-17 10:06:00+05:30,1230.699951171875,1231.300048828125,1230.300048828125,1231.300048828125,12155
2025-04-17 10:07:00+05:30,1230.800048828125,1230.800048828125,1230.4000244140625,1230.699951171875,11121
2025-04-17 10:08:00+05:30,1230.0,1230.699951171875,1230.0,1230.699951171875,19806
2025-04-17 10:09:00+05:30,1228.800048828125,1230.0999755859375,1228.800048828125,1230.0999755859375,47919
2025-04-17 10:10:00+05:30,1229.0,1229.0,1228.0999755859375,1229.0,40689
2025-04-17 10:11:00+05:30,1228.5999755859375,1229.0,1228.4000244140625,1229.0,20035
2025-04-17 10:12:00+05:30,1228.9000244140625,1229.4000244140625,1228.300048828125,1228.300048828125,15027
2025-04-17 10:13:00+05:30,1229.5999755859375,1229.800048828125,1229.0,1229.0,14621
2025-04-17 10:14:00+05:30,1230.0,1230.199951171875,1229.4000244140625,1229.5999755859375,22700
2025-04-17 10:15:00+05:30,1229.800048828125,1230.4000244140625,1229.5999755859375,1229.800048828125,12177
2025-04-17 10:16:00+05:30,1229.800048828125,1230.0,1229.5999755859375,1229.699951171875,12788
2025-04-17 10:17:00+05:30,1230.0999755859375,1230.9000244140625,1229.5999755859375,1229.9000244140625,16221
2025-04-17 10:18:00+05:30,1230.5,1230.800048828125,1230.0,1230.0999755859375,16687
2025-04-17 10:19:00+05:30,1230.4000244140625,1230.800048828125,1230.4000244140625,1230.5999755859375,16470
2025-04-17 10:20:00+05:30,1229.699951171875,1230.5,1229.199951171875,1230.199951171875,25811
2025-04-17 10:21:00+05:30,1229.5999755859375,1230.699951171875,1229.4000244140625,1229.800048828125,26947
2025-04-17 10:22:00+05:30,1230.0999755859375,1230.5,1229.4000244140625,1229.800048828125,11030
2025-04-17 10:23:00+05:30,1231.0,1231.0,1230.0999755859375,1230.199951171875,17922
2025-04-17 10:24:00+05:30,1231.0999755859375,1231.0999755859375,1230.199951171875,1230.5999755859375,11295
2025-04-17 10:25:00+05:30,1231.5999755859375,1231.9000244140625,1231.4000244140625,1231.4000244140625,5251
2025-04-17 10:26:00+05:30,1231.800048828125,1232.4000244140625,1231.5,1231.5999755859375,29080
2025-04-17 10:27:00+05:30,1231.5999755859375,1232.0,1231.5999755859375,1231.699951171875,9780
2025-04-17 10:28:00+05:30,1231.5999755859375,1231.5999755859375,1231.199951171875,1231.5999755859375,5557
2025-04-17 10:29:00+05:30,1232.4000244140625,1232.4000244140625,1231.300048828125,1231.5999755859375,20309
2025-04-17 10:30:00+05:30,1232.199951171875,1232.800048828125,1232.199951171875,1232.4000244140625,27640
2025-04-17 10:31:00+05:30,1233.0,1233.0,1232.199951171875,1232.5,18219
2025-04-17 10:32:00+05:30,1233.4000244140625,1233.699951171875,1233.0,1233.0,27313
2025-04-17 10:33:00+05:30,1234.199951171875,1234.4000244140625,1233.4000244140625,1233.4000244140625,22285
2025-04-17 10:34:00+05:30,1234.0,1234.300048828125,1233.699951171875,1234.199951171875,6582
2025-04-17 10:35:00+05:30,1233.0,1234.0,1232.800048828125,1233.699951171875,11051
2025-04-17 10:36:00+05:30,1233.0,1233.0,1232.699951171875,1232.9000244140625,3719
2025-04-17 10:37:00+05:30,1232.9000244140625,1233.0,1232.699951171875,1233.0,7037
2025-04-17 10:38:00+05:30,1233.199951171875,1233.199951171875,1232.699951171875,1232.9000244140625,17372
2025-04-17 10:39:00+05:30,1233.800048828125,1233.800048828125,1233.199951171875,1233.199951171875,6908
2025-04-17 10:40:00+05:30,1234.0,1234.0,1233.199951171875,1233.5999755859375,10917
2025-04-17 10:41:00+05:30,1234.199951171875,1234.4000244140625,1233.800048828125,1233.800048828125,21811
2025-04-17 10:42:00+05:30,1234.0,1234.199951171875,1233.5999755859375,1234.199951171875,13897
2025-04-17 10:43:00+05:30,1234.9000244140625,1234.9000244140625,1233.9000244140625,1234.0999755859375,19320
2025-04-17 10:44:00+05:30,1235.0,1235.699951171875,1234.699951171875,1234.800048828125,34303
2025-04-17 10:45:00+05:30,1235.4000244140625,1235.9000244140625,1235.0,1235.0,27450
2025-04-17 10:46:00+05:30,1235.699951171875,1235.9000244140625,1235.4000244140625,1235.5,11409
2025-04-17 10:47:00+05:30,1235.4000244140625,1235.699951171875,1235.199951171875,1235.699951171875,9460
2025-04-17 10:48:00+05:30,1236.5,1236.5,1235.199951171875,1235.5,41279
2025-04-17 10:49:00+05:30,1237.0999755859375,1237.5999755859375,1236.0999755859375,1236.5,52174
2025-04-17 10:50:00+05:30,1237.4000244140625,1237.4000244140625,1236.5999755859375,1237.0999755859375,17162
2025-04-17 10:51:00+05:30,1237.0999755859375,1237.4000244140625,1236.9000244140625,1237.4000244140625,12456
2025-04-17 10:52:00+05:30,1237.5999755859375,1237.5999755859375,1237.0,1237.0999755859375,44697
2025-04-17 10:53:00+05:30,1238.0999755859375,1238.199951171875,1237.5,1237.5,32959
2025-04-17 10:54:00+05:30,1238.0999755859375,1238.199951171875,1238.0,1238.0999755859375,32541
2025-04-17 10:55:00+05:30,1238.0,1238.0999755859375,1238.0,1238.0,57682
2025-04-17 10:56:00+05:30,1238.199951171875,1238.199951171875,1238.0,1238.0999755859375,24497
2025-04-17 10:57:00+05:30,1238.0999755859375,1238.199951171875,1238.0,1238.199951171875,16391
2025-04-17 10:58:00+05:30,1238.0,1238.0999755859375,1238.0,1238.0999755859375,30628
2025-04-17 10:59:00+05:30,1237.0,1238.0999755859375,1237.0,1238.0999755859375,23830
2025-04-17 11:00:00+05:30,1237.699951171875,1238.0,1237.0,1237.0999755859375,30431
2025-04-17 11:01:00+05:30,1238.0,1238.0999755859375,1237.300048828125,1237.800048828125,82503
2025-04-17 11:02:00+05:30,1238.0,1238.199951171875,1238.0,1238.199951171875,84162
2025-04-17 11:03:00+05:30,1237.0,1238.199951171875,1237.0,1238.199951171875,52796
2025-04-17 11:04:00+05:30,1237.9000244140625,1237.9000244140625,1237.0,1237.0,29910
2025-04-17 11:05:00+05:30,1238.0999755859375,1238.4000244140625,1238.0,1238.0999755859375,37412
2025-04-17 11:06:00+05:30,1238.199951171875,1238.300048828125,1238.0,1238.0,9308
2025-04-17 11:07:00+05:30,1238.800048828125,1238.9000244140625,1238.199951171875,1238.300048828125,27038
2025-04-17 11:08:00+05:30,1239.9000244140625,1240.0,1238.800048828125,1238.800048828125,23180
2025-04-17 11:09:00+05:30,1240.699951171875,1241.0,1239.9000244140625,1239.9000244140625,30556
2025-04-17 11:10:00+05:30,1241.0,1241.4000244140625,1240.699951171875,1240.800048828125,18163
2025-04-17 11:11:00+05:30,1240.699951171875,1242.0,1240.199951171875,1241.0,80519
2025-04-17 11:12:00+05:30,1240.5999755859375,1240.800048828125,1240.0,1240.800048828125,8332
2025-04-17 11:13:00+05:30,1241.0999755859375,1241.5,1240.199951171875,1240.699951171875,31054
2025-04-17 11:14:00+05:30,1242.0999755859375,1242.4000244140625,1241.0,1241.0999755859375,53791
2025-04-17 11:15:00+05:30,1244.699951171875,1244.9000244140625,1242.199951171875,1242.300048828125,53191
2025-04-17 11:16:00+05:30,1245.699951171875,1246.5999755859375,1244.5,1244.5999755859375,50766
2025-04-17 11:17:00+05:30,1246.300048828125,1246.300048828125,1245.0,1245.699951171875,23884
2025-04-17 11:18:00+05:30,1245.800048828125,1246.300048828125,1245.5,1246.199951171875,15058
2025-04-17 11:19:00+05:30,1246.300048828125,1247.0,1245.4000244140625,1246.0,39521
2025-04-17 11:20:00+05:30,1245.5999755859375,1246.5,1245.5,1246.199951171875,16730
2025-04-17 11:21:00+05:30,1245.0999755859375,1245.5,1245.0,1245.5,9196
2025-04-17 11:22:00+05:30,1244.5999755859375,1245.4000244140625,1244.5999755859375,1245.199951171875,7909
2025-04-17 11:23:00+05:30,1244.4000244140625,1244.5999755859375,1244.0999755859375,1244.199951171875,11956
2025-04-17 11:24:00+05:30,1244.0999755859375,1244.5,1244.0,1244.4000244140625,10073
2025-04-17 11:25:00+05:30,1244.0,1244.4000244140625,1244.0,1244.0999755859375,15155
2025-04-17 11:26:00+05:30,1245.0,1245.0,1244.0,1244.199951171875,14615
2025-04-17 11:27:00+05:30,1246.0,1246.0,1244.5,1244.9000244140625,14944
2025-04-17 11:28:00+05:30,1246.9000244140625,1247.0,1245.5999755859375,1245.9000244140625,25333
2025-04-17 11:29:00+05:30,1246.800048828125,1247.5999755859375,1246.5,1246.9000244140625,69720
2025-04-17 11:30:00+05:30,1247.199951171875,1247.5,1246.5,1246.5999755859375,19997
2025-04-17 11:31:00+05:30,1247.800048828125,1247.800048828125,1246.4000244140625,1247.5,40989
2025-04-17 11:32:00+05:30,1247.4000244140625,1248.5,1247.199951171875,1248.199951171875,46254
2025-04-17 11:33:00+05:30,1249.0999755859375,1249.199951171875,1247.300048828125,1247.4000244140625,60218
2025-04-17 11:34:00+05:30,1248.300048828125,1248.9000244140625,1248.300048828125,1248.699951171875,26945
2025-04-17 11:35:00+05:30,1248.699951171875,1248.800048828125,1248.0999755859375,1248.300048828125,25983
2025-04-17 11:36:00+05:30,1250.800048828125,1250.9000244140625,1248.5999755859375,1248.699951171875,107103
2025-04-17 11:37:00+05:30,1250.0,1250.9000244140625,1249.5999755859375,1250.800048828125,49230
2025-04-17 11:38:00+05:30,1249.300048828125,1250.0,1249.0999755859375,1250.0,18842
2025-04-17 11:39:00+05:30,1249.0,1249.699951171875,1249.0,1249.4000244140625,20273
2025-04-17 11:40:00+05:30,1249.5,1249.5,1248.800048828125,1249.0,15852
2025-04-17 11:41:00+05:30,1250.5,1250.5,1249.300048828125,1249.4000244140625,25553
2025-04-17 11:42:00+05:30,1250.300048828125,1251.199951171875,1250.0999755859375,1250.199951171875,50947
2025-04-17 11:43:00+05:30,1252.0999755859375,1252.300048828125,1250.0,1250.199951171875,80194
2025-04-17 11:44:00+05:30,1252.0,1252.4000244140625,1251.300048828125,1252.0,82415
2025-04-17 11:45:00+05:30,1251.800048828125,1252.9000244140625,1251.5,1252.0999755859375,51767
2025-04-17 11:46:00+05:30,1252.0,1252.0999755859375,1251.4000244140625,1251.4000244140625,13050
2025-04-17 11:47:00+05:30,1253.0999755859375,1254.0,1252.0,1252.0,89338
2025-04-17 11:48:00+05:30,1253.199951171875,1253.9000244140625,1253.0999755859375,1253.699951171875,39542
2025-04-17 11:49:00+05:30,1254.5,1254.5,1253.199951171875,1253.5,61042
2025-04-17 11:50:00+05:30,1254.300048828125,1254.699951171875,1254.0,1254.5,31392
2025-04-17 11:51:00+05:30,1255.800048828125,1257.0,1254.5,1254.5,134686
2025-04-17 11:52:00+05:30,1256.5,1256.699951171875,1255.9000244140625,1256.0,44652
2025-04-17 11:53:00+05:30,1256.199951171875,1256.5,1256.0,1256.5,42433
2025-04-17 11:54:00+05:30,1256.199951171875,1257.0,1256.0999755859375,1256.300048828125,28220
2025-04-17 11:55:00+05:30,1253.5,1256.199951171875,1253.300048828125,1256.0999755859375,65542
2025-04-17 11:56:00+05:30,1255.199951171875,1255.5999755859375,1253.9000244140625,1253.9000244140625,50921
2025-04-17 11:57:00+05:30,1256.199951171875,1256.4000244140625,1254.199951171875,1255.199951171875,71425
2025-04-17 11:58:00+05:30,1256.4000244140625,1256.9000244140625,1255.699951171875,1256.4000244140625,86898
2025-04-17 11:59:00+05:30,1256.5,1256.9000244140625,1256.4000244140625,1256.5999755859375,25944
2025-04-17 12:00:00+05:30,1257.0,1257.5,1256.0999755859375,1256.5,60788
2025-04-17 12:01:00+05:30,1254.9000244140625,1257.300048828125,1254.9000244140625,1257.0999755859375,22239
2025-04-17 12:02:00+05:30,1256.5999755859375,1256.9000244140625,1254.9000244140625,1255.0,32110
2025-04-17 12:03:00+05:30,1256.5999755859375,1257.0,1256.0999755859375,1256.699951171875,28034
2025-04-17 12:04:00+05:30,1257.0,1257.0,1256.4000244140625,1256.4000244140625,24195
2025-04-17 12:05:00+05:30,1257.0999755859375,1257.800048828125,1256.5,1257.0,25386
2025-04-17 12:06:00+05:30,1257.4000244140625,1257.699951171875,1257.0,1257.4000244140625,31122
2025-04-17 12:07:00+05:30,1258.0,1258.5,1257.300048828125,1257.4000244140625,57000
2025-04-17 12:08:00+05:30,1258.300048828125,1258.5,1257.5999755859375,1258.0,31339
2025-04-17 12:09:00+05:30,1258.0,1258.4000244140625,1258.0,1258.0999755859375,20549
2025-04-17 12:10:00+05:30,1258.4000244140625,1258.5,1257.699951171875,1258.0999755859375,47021
2025-04-17 12:11:00+05:30,1259.5999755859375,1260.0,1258.4000244140625,1258.4000244140625,74298
2025-04-17 12:12:00+05:30,1258.199951171875,1259.5,1258.199951171875,1259.5,36745
2025-04-17 12:13:00+05:30,1259.0999755859375,1259.0999755859375,1258.199951171875,1258.199951171875,26140
2025-04-17 12:14:00+05:30,1259.0,1259.5,1259.0,1259.199951171875,30430
2025-04-17 12:15:00+05:30,1259.4000244140625,1259.4000244140625,1258.5,1259.0,27486
2025-04-17 12:16:00+05:30,1260.0,1260.0,1258.300048828125,1259.4000244140625,24186
2025-04-17 12:17:00+05:30,1260.800048828125,1260.9000244140625,1259.9000244140625,1259.9000244140625,74682
2025-04-17 12:18:00+05:30,1260.699951171875,1261.0,1260.5,1260.800048828125,29919
2025-04-17 12:19:00+05:30,1260.5999755859375,1261.0,1260.5,1260.9000244140625,31471
2025-04-17 12:20:00+05:30,1260.0999755859375,1260.9000244140625,1260.0,1260.699951171875,24375
2025-04-17 12:21:00+05:30,1260.300048828125,1260.4000244140625,1259.4000244140625,1260.0999755859375,44585
2025-04-17 12:22:00+05:30,1261.0,1261.199951171875,1259.800048828125,1260.5,49387
2025-04-17 12:23:00+05:30,1261.0999755859375,1261.300048828125,1260.5999755859375,1261.0,26507
2025-04-17 12:24:00+05:30,1260.0999755859375,1261.0999755859375,1260.0999755859375,1261.0999755859375,23968
2025-04-17 12:25:00+05:30,1260.300048828125,1260.800048828125,1260.0,1260.0,19412
2025-04-17 12:26:00+05:30,1260.699951171875,1261.4000244140625,1260.0,1260.5,23629
2025-04-17 12:27:00+05:30,1261.800048828125,1261.800048828125,1260.5,1260.9000244140625,36019
2025-04-17 12:28:00+05:30,1262.4000244140625,1262.699951171875,1261.5,1261.800048828125,68139
2025-04-17 12:29:00+05:30,1262.5999755859375,1263.0,1262.0999755859375,1262.5,41494
2025-04-17 12:30:00+05:30,1262.0,1263.0,1261.5999755859375,1262.5999755859375,36806
2025-04-17 12:31:00+05:30,1262.300048828125,1263.0,1261.699951171875,1261.699951171875,23088
2025-04-17 12:32:00+05:30,1263.800048828125,1264.0,1262.199951171875,1262.699951171875,67809
2025-04-17 12:33:00+05:30,1264.300048828125,1264.300048828125,1263.0999755859375,1264.0,58326
2025-04-17 12:34:00+05:30,1264.9000244140625,1265.0,1264.199951171875,1264.300048828125,50094
2025-04-17 12:35:00+05:30,1264.0999755859375,1265.5999755859375,1264.0,1265.0,67905
2025-04-17 12:36:00+05:30,1263.9000244140625,1264.800048828125,1263.5999755859375,1264.800048828125,33206
2025-04-17 12:37:00+05:30,1263.0,1263.9000244140625,1262.5,1263.800048828125,28712
2025-04-17 12:38:00+05:30,1261.699951171875,1263.0,1261.5,1263.0,26021
2025-04-17 12:39:00+05:30,1262.9000244140625,1263.0999755859375,1261.5,1261.699951171875,33598
2025-04-17 12:40:00+05:30,1262.699951171875,1263.300048828125,1262.300048828125,1262.9000244140625,34940
2025-04-17 12:41:00+05:30,1263.0,1263.199951171875,1262.300048828125,1262.9000244140625,23135
2025-04-17 12:42:00+05:30,1262.5,1263.5999755859375,1262.0999755859375,1263.0,29386
2025-04-17 12:43:00+05:30,1263.699951171875,1263.800048828125,1262.0999755859375,1262.0999755859375,25058
2025-04-17 12:44:00+05:30,1263.5,1263.699951171875,1263.0,1263.300048828125,17356
2025-04-17 12:45:00+05:30,1263.5,1263.699951171875,1263.0999755859375,1263.5999755859375,18142
2025-04-17 12:46:00+05:30,1263.300048828125,1263.5,1262.800048828125,1263.5,18526
2025-04-17 12:47:00+05:30,1263.300048828125,1263.9000244140625,1262.5999755859375,1262.9000244140625,31206
2025-04-17 12:48:00+05:30,1264.0,1264.0,1262.800048828125,1263.300048828125,17792
2025-04-17 12:49:00+05:30,1264.300048828125,1264.5,1263.5,1263.5999755859375,19165
2025-04-17 12:50:00+05:30,1264.300048828125,1264.699951171875,1264.0,1264.0,31711
2025-04-17 12:51:00+05:30,1264.199951171875,1264.699951171875,1263.800048828125,1264.5,14645
2025-04-17 12:52:00+05:30,1264.4000244140625,1264.800048828125,1263.9000244140625,1263.9000244140625,33274
2025-04-17 12:53:00+05:30,1264.0,1264.5,1263.5,1264.300048828125,16310
2025-04-17 12:54:00+05:30,1263.699951171875,1263.800048828125,1263.0999755859375,1263.5,15823
2025-04-17 12:55:00+05:30,1263.0,1263.800048828125,1262.5999755859375,1263.5,15069
2025-04-17 12:56:00+05:30,1262.5,1263.0,1262.5,1262.800048828125,12381
2025-04-17 12:57:00+05:30,1262.9000244140625,1263.300048828125,1262.0,1262.5,25855
2025-04-17 12:58:00+05:30,1264.9000244140625,1264.9000244140625,1262.4000244140625,1262.9000244140625,69277
2025-04-17 12:59:00+05:30,1264.199951171875,1264.9000244140625,1263.5999755859375,1264.9000244140625,11475
2025-04-17 13:00:00+05:30,1263.699951171875,1264.199951171875,1263.5,1264.199951171875,11485
2025-04-17 13:01:00+05:30,1263.5,1264.0,1263.0999755859375,1263.699951171875,17423
2025-04-17 13:02:00+05:30,1263.0999755859375,1263.5999755859375,1262.5,1263.5999755859375,18377
2025-04-17 13:03:00+05:30,1263.4000244140625,1263.800048828125,1263.0999755859375,1263.199951171875,14329
2025-04-17 13:04:00+05:30,1263.199951171875,1263.5999755859375,1263.0,1263.4000244140625,28443
2025-04-17 13:05:00+05:30,1263.699951171875,1263.800048828125,1262.699951171875,1263.199951171875,15582
2025-04-17 13:06:00+05:30,1264.4000244140625,1264.4000244140625,1263.4000244140625,1263.699951171875,21749
2025-04-17 13:07:00+05:30,1264.5,1264.5999755859375,1264.199951171875,1264.5,17248
2025-04-17 13:08:00+05:30,1264.5,1264.9000244140625,1264.199951171875,1264.5,26843
2025-04-17 13:09:00+05:30,1265.0,1265.0,1264.199951171875,1264.199951171875,34854
2025-04-17 13:10:00+05:30,1265.5999755859375,1266.300048828125,1264.9000244140625,1264.9000244140625,93490
2025-04-17 13:11:00+05:30,1266.0,1266.199951171875,1265.300048828125,1265.300048828125,25392
2025-04-17 13:12:00+05:30,1267.0,1267.5,1265.800048828125,1265.800048828125,78470
2025-04-17 13:13:00+05:30,1267.300048828125,1267.4000244140625,1266.5999755859375,1267.0,31149
2025-04-17 13:14:00+05:30,1267.300048828125,1267.5,1266.300048828125,1267.199951171875,27058
2025-04-17 13:15:00+05:30,1266.800048828125,1267.4000244140625,1266.699951171875,1267.4000244140625,11575
2025-04-17 13:16:00+05:30,1267.199951171875,1267.199951171875,1266.0999755859375,1267.0,45076
2025-04-17 13:17:00+05:30,1267.0,1267.5,1266.4000244140625,1267.199951171875,45903
2025-04-17 13:18:00+05:30,1266.199951171875,1267.199951171875,1266.0,1267.199951171875,24084
2025-04-17 13:19:00+05:30,1266.5,1266.800048828125,1266.0,1266.0999755859375,38751
2025-04-17 13:20:00+05:30,1266.5999755859375,1266.800048828125,1266.0999755859375,1266.800048828125,16459
2025-04-17 13:21:00+05:30,1266.5999755859375,1266.699951171875,1266.0,1266.699951171875,34796
2025-04-17 13:22:00+05:30,1265.5,1266.9000244140625,1265.300048828125,1266.800048828125,34800
2025-04-17 13:23:00+05:30,1266.800048828125,1267.199951171875,1265.4000244140625,1265.5,33580
2025-04-17 13:24:00+05:30,1266.9000244140625,1266.9000244140625,1266.300048828125,1266.9000244140625,14233
2025-04-17 13:25:00+05:30,1267.5999755859375,1267.5999755859375,1266.300048828125,1266.699951171875,16482
2025-04-17 13:26:00+05:30,1267.300048828125,1267.5999755859375,1266.800048828125,1267.5999755859375,12588
2025-04-17 13:27:00+05:30,1267.0,1267.4000244140625,1266.699951171875,1267.0,17543
2025-04-17 13:28:00+05:30,1267.0,1267.0999755859375,1266.0999755859375,1266.9000244140625,35022
2025-04-17 13:29:00+05:30,1266.9000244140625,1267.4000244140625,1266.5999755859375,1267.0,21322
2025-04-17 13:30:00+05:30,1267.300048828125,1267.4000244140625,1266.0999755859375,1266.5999755859375,31564
2025-04-17 13:31:00+05:30,1268.0,1268.800048828125,1267.300048828125,1267.4000244140625,166561
2025-04-17 13:32:00+05:30,1267.9000244140625,1268.5,1267.5999755859375,1268.5,25748
2025-04-17 13:33:00+05:30,1267.9000244140625,1267.9000244140625,1267.4000244140625,1267.800048828125,11345
2025-04-17 13:34:00+05:30,1267.0,1267.9000244140625,1267.0,1267.5,22149
2025-04-17 13:35:00+05:30,1268.0,1268.300048828125,1267.0,1267.0,37680
2025-04-17 13:36:00+05:30,1268.5999755859375,1268.800048828125,1267.800048828125,1268.0,30553
2025-04-17 13:37:00+05:30,1268.800048828125,1269.0,1268.5,1268.800048828125,46941
2025-04-17 13:38:00+05:30,1268.199951171875,1269.0,1268.0,1268.800048828125,25783
2025-04-17 13:39:00+05:30,1267.800048828125,1268.199951171875,1267.4000244140625,1268.0,34488
2025-04-17 13:40:00+05:30,1267.800048828125,1268.0,1267.0999755859375,1267.9000244140625,40555
2025-04-17 13:41:00+05:30,1269.5999755859375,1270.0,1267.699951171875,1267.800048828125,206000
2025-04-17 13:42:00+05:30,1269.800048828125,1270.0999755859375,1269.5,1269.5999755859375,39488
2025-04-17 13:43:00+05:30,1269.800048828125,1270.0,1269.199951171875,1269.800048828125,40024
2025-04-17 13:44:00+05:30,1269.699951171875,1269.9000244140625,1269.0999755859375,1269.9000244140625,31801
2025-04-17 13:45:00+05:30,1270.4000244140625,1270.5999755859375,1269.300048828125,1269.699951171875,29899
2025-04-17 13:46:00+05:30,1271.199951171875,1271.199951171875,1270.4000244140625,1270.5999755859375,53855
2025-04-17 13:47:00+05:30,1270.5,1271.5,1270.0999755859375,1271.0999755859375,71485
2025-04-17 13:48:00+05:30,1272.9000244140625,1272.9000244140625,1270.5999755859375,1270.5999755859375,143482
2025-04-17 13:49:00+05:30,1274.800048828125,1275.0,1272.699951171875,1272.9000244140625,312376
2025-04-17 13:50:00+05:30,1276.0,1276.199951171875,1274.199951171875,1274.800048828125,188646
2025-04-17 13:51:00+05:30,1275.0,1276.9000244140625,1275.0,1276.0,112445
2025-04-17 13:52:00+05:30,1274.0,1275.0,1274.0,1275.0,44752
2025-04-17 13:53:00+05:30,1271.5999755859375,1274.0999755859375,1271.5999755859375,1274.0999755859375,61828
2025-04-17 13:54:00+05:30,1272.0,1272.5999755859375,1271.5,1271.699951171875,35988
2025-04-17 13:55:00+05:30,1273.0,1273.0,1272.0,1272.0,33546
2025-04-17 13:56:00+05:30,1273.4000244140625,1273.800048828125,1272.5,1272.800048828125,26666
2025-04-17 13:57:00+05:30,1273.199951171875,1273.800048828125,1273.0,1273.800048828125,25789
2025-04-17 13:58:00+05:30,1272.300048828125,1273.4000244140625,1272.300048828125,1273.300048828125,30678
2025-04-17 13:59:00+05:30,1274.0,1274.300048828125,1272.199951171875,1272.5999755859375,66084
2025-04-17 14:00:00+05:30,1275.4000244140625,1275.4000244140625,1274.0,1274.0999755859375,86706
2025-04-17 14:01:00+05:30,1275.0,1275.699951171875,1274.699951171875,1275.4000244140625,37261
2025-04-17 14:02:00+05:30,1275.199951171875,1275.5,1275.0,1275.0,21015
2025-04-17 14:03:00+05:30,1274.0,1275.300048828125,1274.0,1275.300048828125,21961
2025-04-17 14:04:00+05:30,1274.800048828125,1275.0,1274.0,1274.199951171875,26343
2025-04-17 14:05:00+05:30,1274.5999755859375,1274.800048828125,1274.0,1274.800048828125,34411
2025-04-17 14:06:00+05:30,1274.4000244140625,1274.5999755859375,1274.199951171875,1274.5,18506
2025-04-17 14:07:00+05:30,1274.5999755859375,1274.800048828125,1274.4000244140625,1274.5,20836
2025-04-17 14:08:00+05:30,1276.0999755859375,1276.0999755859375,1274.5999755859375,1274.5999755859375,79985
2025-04-17 14:09:00+05:30,1276.0999755859375,1276.4000244140625,1275.699951171875,1276.0,59329
2025-04-17 14:10:00+05:30,1276.0999755859375,1276.4000244140625,1276.0,1276.300048828125,34311
2025-04-17 14:11:00+05:30,1276.800048828125,1277.5999755859375,1276.0,1276.0999755859375,84914
2025-04-17 14:12:00+05:30,1276.800048828125,1277.4000244140625,1276.5,1277.0,78487
2025-04-17 14:13:00+05:30,1277.0999755859375,1277.300048828125,1276.800048828125,1276.9000244140625,38996
2025-04-17 14:14:00+05:30,1275.0,1277.0999755859375,1275.0,1277.0999755859375,66084
2025-04-17 14:15:00+05:30,1274.300048828125,1275.300048828125,1273.4000244140625,1275.0,235999
2025-04-17 14:16:00+05:30,1274.699951171875,1275.300048828125,1274.199951171875,1274.5,65006
2025-04-17 14:17:00+05:30,1276.0,1276.800048828125,1274.5,1274.699951171875,56777
2025-04-17 14:18:00+05:30,1275.800048828125,1276.4000244140625,1275.0999755859375,1276.0,74364
2025-04-17 14:19:00+05:30,1275.699951171875,1276.5,1275.4000244140625,1275.800048828125,28086
2025-04-17 14:20:00+05:30,1274.300048828125,1275.699951171875,1274.300048828125,1275.5999755859375,30910
2025-04-17 14:21:00+05:30,1273.800048828125,1274.5999755859375,1273.5,1274.300048828125,47160
2025-04-17 14:22:00+05:30,1274.4000244140625,1274.5999755859375,1273.5999755859375,1273.800048828125,31891
2025-04-17 14:23:00+05:30,1273.9000244140625,1274.4000244140625,1273.800048828125,1274.4000244140625,41196
2025-04-17 14:24:00+05:30,1274.199951171875,1274.4000244140625,1274.0,1274.199951171875,29291
2025-04-17 14:25:00+05:30,1274.5999755859375,1275.0,1274.199951171875,1274.300048828125,42241
2025-04-17 14:26:00+05:30,1275.9000244140625,1276.0,1274.800048828125,1274.800048828125,59168
2025-04-17 14:27:00+05:30,1275.800048828125,1276.300048828125,1274.9000244140625,1275.9000244140625,33675
2025-04-17 14:28:00+05:30,1276.0999755859375,1276.199951171875,1275.5999755859375,1275.5999755859375,30438
2025-04-17 14:29:00+05:30,1275.199951171875,1276.0,1275.199951171875,1275.800048828125,26299
2025-04-17 14:30:00+05:30,1276.0,1276.0,1275.300048828125,1275.300048828125,22607
2025-04-17 14:31:00+05:30,1275.9000244140625,1276.0,1275.699951171875,1275.800048828125,20340
2025-04-17 14:32:00+05:30,1275.9000244140625,1276.0,1275.699951171875,1275.9000244140625,24552
2025-04-17 14:33:00+05:30,1275.9000244140625,1276.0,1275.699951171875,1275.800048828125,25507
2025-04-17 14:34:00+05:30,1276.300048828125,1276.699951171875,1275.800048828125,1275.9000244140625,33629
2025-04-17 14:35:00+05:30,1278.0,1278.300048828125,1275.4000244140625,1276.199951171875,429644
2025-04-17 14:36:00+05:30,1276.199951171875,1278.0999755859375,1276.199951171875,1278.0999755859375,105756
2025-04-17 14:37:00+05:30,1276.699951171875,1277.0,1276.0999755859375,1276.199951171875,34990
2025-04-17 14:38:00+05:30,1276.5999755859375,1276.699951171875,1275.800048828125,1276.699951171875,34463
2025-04-17 14:39:00+05:30,1277.699951171875,1278.0,1276.5,1276.5999755859375,38700
2025-04-17 14:40:00+05:30,1278.0999755859375,1278.300048828125,1277.5,1277.699951171875,37031
2025-04-17 14:41:00+05:30,1277.300048828125,1278.0999755859375,1277.199951171875,1278.0,52002
2025-04-17 14:42:00+05:30,1277.0999755859375,1277.5,1277.0,1277.199951171875,32368
2025-04-17 14:43:00+05:30,1277.5,1277.5,1277.0,1277.0999755859375,37412
2025-04-17 14:44:00+05:30,1277.4000244140625,1277.5,1277.4000244140625,1277.5,22432
2025-04-17 14:45:00+05:30,1277.5,1277.5999755859375,1277.300048828125,1277.300048828125,29696
2025-04-17 14:46:00+05:30,1276.199951171875,1277.699951171875,1276.0999755859375,1277.5,62158
2025-04-17 14:47:00+05:30,1276.9000244140625,1277.5,1275.5999755859375,1276.199951171875,28719
2025-04-17 14:48:00+05:30,1277.199951171875,1277.300048828125,1276.300048828125,1277.0,33870
2025-04-17 14:49:00+05:30,1277.5,1277.699951171875,1277.199951171875,1277.300048828125,30552
2025-04-17 14:50:00+05:30,1277.300048828125,1277.5,1277.0,1277.5,24864
2025-04-17 14:51:00+05:30,1276.5999755859375,1277.5,1276.5999755859375,1277.300048828125,68190
2025-04-17 14:52:00+05:30,1276.4000244140625,1276.5999755859375,1275.5999755859375,1276.5999755859375,31369
2025-04-17 14:53:00+05:30,1276.800048828125,1277.0999755859375,1276.4000244140625,1276.5,27373
2025-04-17 14:54:00+05:30,1276.699951171875,1277.4000244140625,1276.5999755859375,1277.0,35030
2025-04-17 14:55:00+05:30,1276.5999755859375,1277.4000244140625,1276.0999755859375,1276.699951171875,49324
2025-04-17 14:56:00+05:30,1277.199951171875,1277.4000244140625,1276.5999755859375,1276.5999755859375,30200
2025-04-17 14:57:00+05:30,1276.800048828125,1277.5999755859375,1276.699951171875,1277.300048828125,96294
2025-04-17 14:58:00+05:30,1276.800048828125,1277.0,1276.699951171875,1276.800048828125,52881
2025-04-17 14:59:00+05:30,1276.9000244140625,1277.0,1276.5999755859375,1276.9000244140625,26616
2025-04-17 15:00:00+05:30,1276.5999755859375,1277.4000244140625,1276.5999755859375,1276.9000244140625,117904
2025-04-17 15:01:00+05:30,1275.9000244140625,1276.699951171875,1275.9000244140625,1276.5999755859375,55671
2025-04-17 15:02:00+05:30,1274.800048828125,1276.0,1274.800048828125,1275.9000244140625,97064
2025-04-17 15:03:00+05:30,1275.0,1275.0,1274.199951171875,1274.800048828125,92159
2025-04-17 15:04:00+05:30,1274.9000244140625,1275.5,1274.9000244140625,1275.0,66451
2025-04-17 15:05:00+05:30,1275.0999755859375,1275.0999755859375,1274.800048828125,1274.9000244140625,53815
2025-04-17 15:06:00+05:30,1275.199951171875,1275.300048828125,1275.0,1275.0,44078
2025-04-17 15:07:00+05:30,1274.699951171875,1275.300048828125,1274.699951171875,1275.300048828125,61312
2025-04-17 15:08:00+05:30,1274.0999755859375,1274.699951171875,1274.0999755859375,1274.699951171875,100383
2025-04-17 15:09:00+05:30,1274.800048828125,1274.800048828125,1274.0999755859375,1274.0999755859375,42377
2025-04-17 15:10:00+05:30,1273.9000244140625,1274.800048828125,1273.800048828125,1274.800048828125,72596
2025-04-17 15:11:00+05:30,1274.5999755859375,1274.5999755859375,1273.800048828125,1274.0999755859375,67286
2025-04-17 15:12:00+05:30,1272.5999755859375,1274.5999755859375,1272.0,1274.5999755859375,155877
2025-04-17 15:13:00+05:30,1273.4000244140625,1273.5,1272.0,1272.0,46458
2025-04-17 15:14:00+05:30,1273.5,1273.800048828125,1273.4000244140625,1273.5,47876
2025-04-17 15:15:00+05:30,1274.0999755859375,1274.4000244140625,1273.4000244140625,1273.5,53946
2025-04-17 15:16:00+05:30,1274.4000244140625,1274.5999755859375,1273.9000244140625,1274.199951171875,93863
2025-04-17 15:17:00+05:30,1274.300048828125,1274.699951171875,1274.199951171875,1274.300048828125,60663
2025-04-17 15:18:00+05:30,1274.300048828125,1274.699951171875,1274.199951171875,1274.300048828125,87135
2025-04-17 15:19:00+05:30,1274.4000244140625,1274.5,1274.199951171875,1274.300048828125,46972
2025-04-17 15:20:00+05:30,1274.199951171875,1274.9000244140625,1274.0999755859375,1274.4000244140625,90664
2025-04-17 15:21:00+05:30,1274.199951171875,1274.199951171875,1274.0,1274.199951171875,59789
2025-04-17 15:22:00+05:30,1274.0,1274.0999755859375,1274.0,1274.0999755859375,34869
2025-04-17 15:23:00+05:30,1273.9000244140625,1274.0999755859375,1273.9000244140625,1274.0999755859375,56375
2025-04-17 15:24:00+05:30,1274.4000244140625,1274.4000244140625,1274.0,1274.0,62462
2025-04-17 15:25:00+05:30,1274.699951171875,1274.800048828125,1274.300048828125,1274.5,83111
2025-04-17 15:26:00+05:30,1274.800048828125,1275.0,1274.5999755859375,1274.800048828125,60927
2025-04-17 15:27:00+05:30,1274.300048828125,1274.800048828125,1274.199951171875,1274.800048828125,55716
2025-04-17 15:28:00+05:30,1273.800048828125,1274.5999755859375,1272.699951171875,1274.5999755859375,87580
2025-04-17 15:29:00+05:30,1273.0,1274.0,1272.0,1273.0,19295
2025-04-21 09:15:00+05:30,1271.699951171875,1274.5,1270.0,1272.0,0
2025-04-21 09:16:00+05:30,1273.0,1273.199951171875,1271.4000244140625,1271.4000244140625,69630
2025-04-21 09:17:00+05:30,1274.0,1274.0,1272.5999755859375,1273.199951171875,62216
2025-04-21 09:18:00+05:30,1269.800048828125,1273.9000244140625,1269.0999755859375,1273.9000244140625,54431
2025-04-21 09:19:00+05:30,1271.0,1271.0,1268.5999755859375,1269.800048828125,38425
2025-04-21 09:20:00+05:30,1269.699951171875,1272.4000244140625,1269.4000244140625,1270.5999755859375,25261
2025-04-21 09:21:00+05:30,1268.800048828125,1269.699951171875,1268.5,1269.4000244140625,34972
2025-04-21 09:22:00+05:30,1267.199951171875,1268.800048828125,1267.0999755859375,1268.800048828125,25903
2025-04-21 09:23:00+05:30,1269.800048828125,1270.0999755859375,1267.0,1267.0999755859375,23663
2025-04-21 09:24:00+05:30,1272.5,1273.5,1270.199951171875,1270.199951171875,20188
2025-04-21 09:25:00+05:30,1272.9000244140625,1273.5,1272.4000244140625,1273.0999755859375,11986
2025-04-21 09:26:00+05:30,1271.9000244140625,1272.699951171875,1271.5,1272.699951171875,12061
2025-04-21 09:27:00+05:30,1271.699951171875,1272.800048828125,1271.5999755859375,1272.199951171875,13089
2025-04-21 09:28:00+05:30,1272.0,1272.300048828125,1271.5,1271.699951171875,13170
2025-04-21 09:29:00+05:30,1273.4000244140625,1273.9000244140625,1271.800048828125,1271.800048828125,12354
2025-04-21 09:30:00+05:30,1272.9000244140625,1273.699951171875,1272.5,1273.0,21104
2025-04-21 09:31:00+05:30,1276.0,1276.5999755859375,1272.699951171875,1272.800048828125,69535
2025-04-21 09:32:00+05:30,1278.9000244140625,1279.0,1275.9000244140625,1276.4000244140625,43312
2025-04-21 09:33:00+05:30,1281.0,1281.300048828125,1278.699951171875,1278.800048828125,35134
2025-04-21 09:34:00+05:30,1281.4000244140625,1281.5999755859375,1280.5,1281.0,33244
2025-04-21 09:35:00+05:30,1282.9000244140625,1283.0,1281.300048828125,1281.5999755859375,38960
2025-04-21 09:36:00+05:30,1283.0,1284.0,1282.5,1282.5,31503
2025-04-21 09:37:00+05:30,1283.0,1283.699951171875,1282.5999755859375,1282.5999755859375,22475
2025-04-21 09:38:00+05:30,1282.4000244140625,1283.0,1282.0,1282.800048828125,26581
2025-04-21 09:39:00+05:30,1282.699951171875,1283.0,1282.0,1282.199951171875,13253
2025-04-21 09:40:00+05:30,1283.699951171875,1283.9000244140625,1282.699951171875,1283.0,15993
2025-04-21 09:41:00+05:30,1282.4000244140625,1283.699951171875,1282.300048828125,1283.5999755859375,34016
2025-04-21 09:42:00+05:30,1280.5999755859375,1282.699951171875,1280.4000244140625,1282.5999755859375,33374
2025-04-21 09:43:00+05:30,1282.4000244140625,1283.0,1280.699951171875,1280.699951171875,37638
2025-04-21 09:44:00+05:30,1282.4000244140625,1282.9000244140625,1281.800048828125,1282.4000244140625,19563
2025-04-21 09:45:00+05:30,1281.0999755859375,1282.5,1280.699951171875,1282.4000244140625,25539
2025-04-21 09:46:00+05:30,1281.0999755859375,1281.800048828125,1280.199951171875,1281.5999755859375,41956
2025-04-21 09:47:00+05:30,1280.5,1281.9000244140625,1280.5,1281.5999755859375,16025
2025-04-21 09:48:00+05:30,1279.4000244140625,1280.800048828125,1279.0,1280.5,36912
2025-04-21 09:49:00+05:30,1279.300048828125,1280.0,1279.199951171875,1279.699951171875,19554
2025-04-21 09:50:00+05:30,1279.699951171875,1280.800048828125,1279.300048828125,1279.300048828125,24447
2025-04-21 09:51:00+05:30,1280.0,1280.300048828125,1279.0999755859375,1279.5999755859375,17451
2025-04-21 09:52:00+05:30,1279.5999755859375,1280.300048828125,1279.0,1280.0,13413
2025-04-21 09:53:00+05:30,1280.4000244140625,1280.4000244140625,1279.0999755859375,1279.0999755859375,13993
2025-04-21 09:54:00+05:30,1280.300048828125,1280.5,1279.5999755859375,1280.4000244140625,35312
2025-04-21 09:55:00+05:30,1280.199951171875,1281.300048828125,1279.5,1280.4000244140625,27598
2025-04-21 09:56:00+05:30,1280.5999755859375,1280.9000244140625,1279.9000244140625,1280.4000244140625,9154
2025-04-21 09:57:00+05:30,1280.800048828125,1281.5,1280.0,1280.5999755859375,50502
2025-04-21 09:58:00+05:30,1281.4000244140625,1281.5,1280.5999755859375,1280.800048828125,15482
2025-04-21 09:59:00+05:30,1280.9000244140625,1281.5,1280.4000244140625,1281.199951171875,19316
2025-04-21 10:00:00+05:30,1280.0999755859375,1281.4000244140625,1280.0999755859375,1280.9000244140625,23226
2025-04-21 10:01:00+05:30,1280.300048828125,1280.4000244140625,1280.0,1280.199951171875,14402
2025-04-21 10:02:00+05:30,1280.5,1280.5,1280.0,1280.300048828125,9818
2025-04-21 10:03:00+05:30,1281.5,1281.800048828125,1280.300048828125,1280.300048828125,37542
2025-04-21 10:04:00+05:30,1282.199951171875,1282.199951171875,1281.0999755859375,1281.300048828125,46900
2025-04-21 10:05:00+05:30,1282.800048828125,1282.9000244140625,1282.0,1282.300048828125,29199
2025-04-21 10:06:00+05:30,1282.5,1283.0,1282.0999755859375,1282.300048828125,17786
2025-04-21 10:07:00+05:30,1282.9000244140625,1283.5,1282.699951171875,1282.9000244140625,22388
2025-04-21 10:08:00+05:30,1284.9000244140625,1284.9000244140625,1283.0,1283.0,78943
2025-04-21 10:09:00+05:30,1285.0999755859375,1285.800048828125,1285.0,1285.4000244140625,70442
2025-04-21 10:10:00+05:30,1285.0,1285.5,1284.699951171875,1285.0999755859375,30919
2025-04-21 10:11:00+05:30,1285.0,1285.4000244140625,1284.699951171875,1285.0,13725
2025-04-21 10:12:00+05:30,1284.9000244140625,1285.0,1284.5,1285.0,9951
2025-04-21 10:13:00+05:30,1284.800048828125,1285.0,1284.300048828125,1284.9000244140625,14435
2025-04-21 10:14:00+05:30,1284.0999755859375,1284.9000244140625,1284.0999755859375,1284.699951171875,18942
2025-04-21 10:15:00+05:30,1284.0,1284.5999755859375,1283.5,1283.9000244140625,16622
2025-04-21 10:16:00+05:30,1284.5999755859375,1284.800048828125,1283.5999755859375,1283.9000244140625,15369
2025-04-21 10:17:00+05:30,1284.699951171875,1284.699951171875,1283.5,1284.5999755859375,20162
2025-04-21 10:18:00+05:30,1284.4000244140625,1285.0,1284.0,1284.5999755859375,14898
2025-04-21 10:19:00+05:30,1284.5999755859375,1285.0,1284.0,1284.5999755859375,14582
2025-04-21 10:20:00+05:30,1284.800048828125,1285.4000244140625,1284.4000244140625,1284.5999755859375,16595
2025-04-21 10:21:00+05:30,1284.4000244140625,1285.4000244140625,1284.0999755859375,1284.800048828125,23909
2025-04-21 10:22:00+05:30,1284.300048828125,1284.5,1283.5,1284.5,38000
2025-04-21 10:23:00+05:30,1284.800048828125,1284.9000244140625,1284.199951171875,1284.300048828125,17887
2025-04-21 10:24:00+05:30,1284.300048828125,1285.0,1284.0999755859375,1284.5,36273
2025-04-21 10:25:00+05:30,1285.0,1285.300048828125,1284.300048828125,1284.4000244140625,24220
2025-04-21 10:26:00+05:30,1285.0,1285.5,1284.9000244140625,1285.199951171875,14246
2025-04-21 10:27:00+05:30,1286.199951171875,1286.300048828125,1284.5999755859375,1284.5999755859375,35311
2025-04-21 10:28:00+05:30,1286.800048828125,1286.800048828125,1285.800048828125,1286.0,19701
2025-04-21 10:29:00+05:30,1286.0999755859375,1286.9000244140625,1286.0999755859375,1286.800048828125,19270
2025-04-21 10:30:00+05:30,1286.0999755859375,1286.199951171875,1285.5,1286.0999755859375,22767
2025-04-21 10:31:00+05:30,1286.699951171875,1286.9000244140625,1285.9000244140625,1286.0,15659
2025-04-21 10:32:00+05:30,1287.199951171875,1287.699951171875,1286.0999755859375,1286.699951171875,23327
2025-04-21 10:33:00+05:30,1287.800048828125,1288.0,1287.0999755859375,1287.5,42252
2025-04-21 10:34:00+05:30,1287.4000244140625,1287.800048828125,1287.0,1287.800048828125,11465
2025-04-21 10:35:00+05:30,1288.0,1288.0,1287.199951171875,1287.5,36932
2025-04-21 10:36:00+05:30,1288.300048828125,1288.800048828125,1287.5,1287.5,32072
2025-04-21 10:37:00+05:30,1286.800048828125,1288.800048828125,1286.800048828125,1288.300048828125,65625
2025-04-21 10:38:00+05:30,1287.0,1287.199951171875,1286.5,1286.800048828125,24355
2025-04-21 10:39:00+05:30,1287.199951171875,1287.199951171875,1286.0,1287.0,26782
2025-04-21 10:40:00+05:30,1288.199951171875,1288.4000244140625,1286.800048828125,1286.800048828125,67299
2025-04-21 10:41:00+05:30,1289.0,1289.0,1288.0,1288.4000244140625,41171
2025-04-21 10:42:00+05:30,1288.800048828125,1289.199951171875,1288.0,1289.199951171875,26725
2025-04-21 10:43:00+05:30,1289.0999755859375,1289.4000244140625,1288.5,1288.800048828125,27304
2025-04-21 10:44:00+05:30,1289.0999755859375,1289.4000244140625,1289.0,1289.4000244140625,22129
2025-04-21 10:45:00+05:30,1289.5,1289.5,1289.0,1289.0,49190
2025-04-21 10:46:00+05:30,1289.800048828125,1289.800048828125,1289.0,1289.5999755859375,24950
2025-04-21 10:47:00+05:30,1289.9000244140625,1290.0,1289.0,1289.0,50248
2025-04-21 10:48:00+05:30,1290.4000244140625,1290.4000244140625,1289.5,1289.800048828125,108824
2025-04-21 10:49:00+05:30,1290.0999755859375,1290.699951171875,1289.9000244140625,1290.300048828125,44440
2025-04-21 10:50:00+05:30,1290.5,1290.5,1289.9000244140625,1290.0,31126
2025-04-21 10:51:00+05:30,1291.0,1291.0,1290.199951171875,1290.300048828125,19886
2025-04-21 10:52:00+05:30,1290.5,1291.0999755859375,1290.300048828125,1291.0,23388
2025-04-21 10:53:00+05:30,1290.5999755859375,1290.800048828125,1290.0,1290.199951171875,10639
2025-04-21 10:54:00+05:30,1291.0999755859375,1291.0999755859375,1290.0999755859375,1290.199951171875,39597
2025-04-21 10:55:00+05:30,1291.4000244140625,1291.4000244140625,1290.9000244140625,1291.0,19118
2025-04-21 10:56:00+05:30,1291.800048828125,1291.800048828125,1291.4000244140625,1291.4000244140625,26845
2025-04-21 10:57:00+05:30,1291.9000244140625,1292.0,1291.300048828125,1291.9000244140625,31733
2025-04-21 10:58:00+05:30,1291.9000244140625,1292.0,1291.699951171875,1291.699951171875,18354
2025-04-21 10:59:00+05:30,1291.9000244140625,1292.199951171875,1291.800048828125,1291.9000244140625,22056
2025-04-21 11:00:00+05:30,1292.0,1292.0,1291.5999755859375,1291.9000244140625,18597
2025-04-21 11:01:00+05:30,1291.0999755859375,1292.0,1291.0999755859375,1292.0,18285
2025-04-21 11:02:00+05:30,1291.199951171875,1291.800048828125,1291.0,1291.0999755859375,29295
2025-04-21 11:03:00+05:30,1291.5999755859375,1291.800048828125,1291.0999755859375,1291.199951171875,7543
2025-04-21 11:04:00+05:30,1291.300048828125,1291.699951171875,1291.199951171875,1291.300048828125,7799
2025-04-21 11:05:00+05:30,1291.5999755859375,1291.699951171875,1291.0,1291.300048828125,9463
2025-04-21 11:06:00+05:30,1291.4000244140625,1291.800048828125,1291.300048828125,1291.5999755859375,23190
2025-04-21 11:07:00+05:30,1290.9000244140625,1291.4000244140625,1290.9000244140625,1291.199951171875,32432
2025-04-21 11:08:00+05:30,1291.300048828125,1291.5999755859375,1291.0,1291.0,18303
2025-04-21 11:09:00+05:30,1291.9000244140625,1291.9000244140625,1291.4000244140625,1291.5,11193
2025-04-21 11:10:00+05:30,1291.5999755859375,1291.9000244140625,1291.5999755859375,1291.800048828125,11562
2025-04-21 11:11:00+05:30,1291.0999755859375,1291.5999755859375,1291.0,1291.5999755859375,15623
2025-04-21 11:12:00+05:30,1291.0,1291.199951171875,1291.0,1291.0,30166
2025-04-21 11:13:00+05:30,1290.9000244140625,1291.0999755859375,1290.199951171875,1291.0999755859375,32587
2025-04-21 11:14:00+05:30,1292.4000244140625,1292.9000244140625,1290.5,1290.5,40269
2025-04-21 11:15:00+05:30,1292.5,1292.800048828125,1292.0,1292.4000244140625,44630
2025-04-21 11:16:00+05:30,1292.5,1292.800048828125,1292.0999755859375,1292.0999755859375,20976
2025-04-21 11:17:00+05:30,1293.699951171875,1293.800048828125,1292.300048828125,1292.699951171875,85083
2025-04-21 11:18:00+05:30,1293.9000244140625,1294.0,1293.300048828125,1293.300048828125,43531
2025-04-21 11:19:00+05:30,1294.5999755859375,1294.699951171875,1293.9000244140625,1294.199951171875,47375
2025-04-21 11:20:00+05:30,1293.5,1294.800048828125,1293.5,1294.4000244140625,31825
2025-04-21 11:21:00+05:30,1294.5,1294.5,1293.5,1293.5,24052
2025-04-21 11:22:00+05:30,1295.0999755859375,1295.5,1294.199951171875,1294.4000244140625,125905
2025-04-21 11:23:00+05:30,1295.199951171875,1296.5,1295.199951171875,1295.5,93804
2025-04-21 11:24:00+05:30,1295.5,1296.0,1295.0,1295.199951171875,24083
2025-04-21 11:25:00+05:30,1296.5,1296.699951171875,1295.5999755859375,1295.9000244140625,15201
2025-04-21 11:26:00+05:30,1296.0,1296.699951171875,1295.9000244140625,1296.5999755859375,31222
2025-04-21 11:27:00+05:30,1296.5,1296.699951171875,1295.800048828125,1296.0,51567
2025-04-21 11:28:00+05:30,1296.0999755859375,1296.800048828125,1296.0,1296.5,28851
2025-04-21 11:29:00+05:30,1296.199951171875,1296.699951171875,1295.9000244140625,1296.0999755859375,58523
2025-04-21 11:30:00+05:30,1295.5999755859375,1296.199951171875,1295.0,1296.0,38656
2025-04-21 11:31:00+05:30,1295.0,1295.699951171875,1295.0,1295.699951171875,30998
2025-04-21 11:32:00+05:30,1295.0999755859375,1295.5999755859375,1295.0,1295.0,24681
2025-04-21 11:33:00+05:30,1296.5999755859375,1296.800048828125,1295.0,1295.0999755859375,70226
2025-04-21 11:34:00+05:30,1296.300048828125,1296.9000244140625,1296.0,1296.199951171875,26253
2025-04-21 11:35:00+05:30,1296.300048828125,1296.5999755859375,1296.0,1296.300048828125,17607
2025-04-21 11:36:00+05:30,1295.0,1296.300048828125,1295.0,1296.300048828125,37303
2025-04-21 11:37:00+05:30,1295.199951171875,1295.9000244140625,1295.0,1295.300048828125,28784
2025-04-21 11:38:00+05:30,1295.5,1295.5,1294.5,1295.0999755859375,40916
2025-04-21 11:39:00+05:30,1294.9000244140625,1295.300048828125,1294.5,1295.0,31220
2025-04-21 11:40:00+05:30,1295.699951171875,1296.0,1294.5,1294.5,38606
2025-04-21 11:41:00+05:30,1295.300048828125,1296.0,1295.0999755859375,1296.0,12959
2025-04-21 11:42:00+05:30,1295.4000244140625,1295.9000244140625,1295.0,1295.300048828125,14117
2025-04-21 11:43:00+05:30,1295.9000244140625,1295.9000244140625,1295.0,1295.0999755859375,18153
2025-04-21 11:44:00+05:30,1295.800048828125,1296.0,1295.300048828125,1295.9000244140625,14250
2025-04-21 11:45:00+05:30,1295.5999755859375,1295.9000244140625,1295.0999755859375,1295.800048828125,22354
2025-04-21 11:46:00+05:30,1295.5999755859375,1296.0,1295.5,1295.5999755859375,13613
2025-04-21 11:47:00+05:30,1295.9000244140625,1296.0,1295.300048828125,1295.5999755859375,16295
2025-04-21 11:48:00+05:30,1295.800048828125,1296.0,1295.300048828125,1296.0,16910
2025-04-21 11:49:00+05:30,1296.4000244140625,1296.5,1295.4000244140625,1295.699951171875,29660
2025-04-21 11:50:00+05:30,1297.199951171875,1297.199951171875,1296.0,1296.0,79630
2025-04-21 11:51:00+05:30,1297.199951171875,1297.5999755859375,1296.5999755859375,1296.699951171875,61674
2025-04-21 11:52:00+05:30,1296.0999755859375,1297.4000244140625,1295.800048828125,1297.199951171875,26495
2025-04-21 11:53:00+05:30,1296.300048828125,1296.800048828125,1295.699951171875,1295.699951171875,24841
2025-04-21 11:54:00+05:30,1296.300048828125,1296.699951171875,1295.800048828125,1295.9000244140625,27609
2025-04-21 11:55:00+05:30,1296.699951171875,1296.699951171875,1295.800048828125,1296.199951171875,59618
2025-04-21 11:56:00+05:30,1297.199951171875,1297.5,1296.199951171875,1296.199951171875,20297
2025-04-21 11:57:00+05:30,1297.9000244140625,1298.199951171875,1297.0999755859375,1297.300048828125,57412
2025-04-21 11:58:00+05:30,1298.300048828125,1298.5,1297.699951171875,1297.699951171875,32712
2025-04-21 11:59:00+05:30,1298.300048828125,1298.5,1298.0,1298.300048828125,37067
2025-04-21 12:00:00+05:30,1297.5,1298.4000244140625,1297.0999755859375,1298.4000244140625,25118
2025-04-21 12:01:00+05:30,1297.9000244140625,1298.0,1297.0,1297.5,18260
2025-04-21 12:02:00+05:30,1298.0999755859375,1298.0999755859375,1297.300048828125,1297.9000244140625,10867
2025-04-21 12:03:00+05:30,1297.0,1298.4000244140625,1296.9000244140625,1298.0,11404
2025-04-21 12:04:00+05:30,1297.0,1297.300048828125,1296.699951171875,1296.699951171875,15069
2025-04-21 12:05:00+05:30,1297.300048828125,1297.300048828125,1296.5,1297.0,10937
2025-04-21 12:06:00+05:30,1295.4000244140625,1297.300048828125,1295.0,1297.300048828125,41241
2025-04-21 12:07:00+05:30,1293.5,1295.800048828125,1293.5,1295.0,42055
2025-04-21 12:08:00+05:30,1295.5,1295.9000244140625,1293.9000244140625,1293.9000244140625,21903
2025-04-21 12:09:00+05:30,1295.199951171875,1295.800048828125,1295.0,1295.5,13499
2025-04-21 12:10:00+05:30,1295.5999755859375,1296.4000244140625,1295.0999755859375,1295.0999755859375,19220
2025-04-21 12:11:00+05:30,1295.9000244140625,1296.199951171875,1295.0999755859375,1295.5,30081
2025-04-21 12:12:00+05:30,1296.5999755859375,1297.0,1295.5,1295.800048828125,23974
2025-04-21 12:13:00+05:30,1296.699951171875,1297.0,1296.4000244140625,1297.0,17129
2025-04-21 12:14:00+05:30,1295.699951171875,1297.0,1295.199951171875,1296.9000244140625,13215
2025-04-21 12:15:00+05:30,1294.9000244140625,1295.699951171875,1293.5,1295.699951171875,104321
2025-04-21 12:16:00+05:30,1295.300048828125,1295.5999755859375,1294.5,1294.699951171875,27056
2025-04-21 12:17:00+05:30,1296.0999755859375,1296.300048828125,1295.0,1295.0,10587
2025-04-21 12:18:00+05:30,1296.800048828125,1297.800048828125,1296.0999755859375,1296.199951171875,27583
2025-04-21 12:19:00+05:30,1295.699951171875,1296.699951171875,1295.300048828125,1296.699951171875,10761
2025-04-21 12:20:00+05:30,1295.5,1295.699951171875,1294.9000244140625,1295.5999755859375,12613
2025-04-21 12:21:00+05:30,1295.199951171875,1295.5999755859375,1295.0,1295.5,79164
2025-04-21 12:22:00+05:30,1295.800048828125,1296.0,1295.0,1295.199951171875,19430
2025-04-21 12:23:00+05:30,1295.9000244140625,1296.0,1295.300048828125,1295.800048828125,10344
2025-04-21 12:24:00+05:30,1296.5,1297.0,1295.9000244140625,1296.0,11449
2025-04-21 12:25:00+05:30,1296.9000244140625,1297.0,1296.300048828125,1296.800048828125,16218
2025-04-21 12:26:00+05:30,1297.0999755859375,1297.5999755859375,1296.5999755859375,1296.9000244140625,20914
2025-04-21 12:27:00+05:30,1296.5,1297.5,1296.0999755859375,1297.300048828125,10476
2025-04-21 12:28:00+05:30,1296.0,1297.0,1295.699951171875,1297.0,25194
2025-04-21 12:29:00+05:30,1296.4000244140625,1296.5,1295.5,1296.0,21285
2025-04-21 12:30:00+05:30,1295.800048828125,1296.5999755859375,1295.5999755859375,1295.9000244140625,10829
2025-04-21 12:31:00+05:30,1296.0,1296.5999755859375,1295.800048828125,1295.800048828125,7741
2025-04-21 12:32:00+05:30,1296.5,1296.699951171875,1296.0,1296.0,12343
2025-04-21 12:33:00+05:30,1296.4000244140625,1296.4000244140625,1295.5999755859375,1296.4000244140625,10589
2025-04-21 12:34:00+05:30,1296.4000244140625,1296.5,1295.800048828125,1296.199951171875,12259
2025-04-21 12:35:00+05:30,1296.5999755859375,1296.699951171875,1296.0,1296.300048828125,7099
2025-04-21 12:36:00+05:30,1296.300048828125,1296.5999755859375,1295.9000244140625,1296.4000244140625,8279
2025-04-21 12:37:00+05:30,1295.5,1296.300048828125,1295.4000244140625,1296.0999755859375,9355
2025-04-21 12:38:00+05:30,1295.800048828125,1296.0,1295.199951171875,1295.5,9087
2025-04-21 12:39:00+05:30,1295.699951171875,1296.0,1295.300048828125,1295.300048828125,9737
2025-04-21 12:40:00+05:30,1295.800048828125,1296.0,1295.4000244140625,1295.9000244140625,8748
2025-04-21 12:41:00+05:30,1295.5,1295.9000244140625,1295.0,1295.5,22496
2025-04-21 12:42:00+05:30,1295.699951171875,1295.800048828125,1295.0999755859375,1295.0999755859375,12748
2025-04-21 12:43:00+05:30,1295.0,1295.800048828125,1295.0,1295.699951171875,11487
2025-04-21 12:44:00+05:30,1295.0999755859375,1295.300048828125,1295.0,1295.0999755859375,14053
2025-04-21 12:45:00+05:30,1295.0,1295.199951171875,1294.9000244140625,1295.0999755859375,19033
2025-04-21 12:46:00+05:30,1295.0,1295.0999755859375,1294.800048828125,1295.0999755859375,22142
2025-04-21 12:47:00+05:30,1295.9000244140625,1295.9000244140625,1294.9000244140625,1294.9000244140625,37507
2025-04-21 12:48:00+05:30,1295.5,1296.0,1295.5,1295.9000244140625,10765
2025-04-21 12:49:00+05:30,1295.800048828125,1296.0,1295.300048828125,1295.5999755859375,9789
2025-04-21 12:50:00+05:30,1295.5999755859375,1295.9000244140625,1295.199951171875,1295.800048828125,10185
2025-04-21 12:51:00+05:30,1295.5999755859375,1295.9000244140625,1295.300048828125,1295.800048828125,10287
2025-04-21 12:52:00+05:30,1295.5,1295.9000244140625,1295.0,1295.699951171875,13686
2025-04-21 12:53:00+05:30,1295.9000244140625,1295.9000244140625,1295.199951171875,1295.5,10119
2025-04-21 12:54:00+05:30,1296.199951171875,1296.5999755859375,1295.699951171875,1295.699951171875,24308
2025-04-21 12:55:00+05:30,1296.699951171875,1296.699951171875,1295.800048828125,1296.300048828125,10272
2025-04-21 12:56:00+05:30,1296.5999755859375,1296.699951171875,1296.300048828125,1296.300048828125,9814
2025-04-21 12:57:00+05:30,1296.9000244140625,1297.0,1296.4000244140625,1296.4000244140625,15319
2025-04-21 12:58:00+05:30,1296.800048828125,1297.0,1296.300048828125,1296.9000244140625,9377
2025-04-21 12:59:00+05:30,1296.9000244140625,1297.0,1296.5,1296.800048828125,7696
2025-04-21 13:00:00+05:30,1296.699951171875,1297.0999755859375,1296.300048828125,1296.800048828125,13891
2025-04-21 13:01:00+05:30,1297.0,1297.5,1296.699951171875,1296.699951171875,20814
2025-04-21 13:02:00+05:30,1297.0999755859375,1297.300048828125,1296.4000244140625,1297.0,11058
2025-04-21 13:03:00+05:30,1296.0,1297.199951171875,1295.9000244140625,1297.0999755859375,18977
2025-04-21 13:04:00+05:30,1296.4000244140625,1296.5,1295.9000244140625,1296.0,9054
2025-04-21 13:05:00+05:30,1296.5,1296.800048828125,1296.0,1296.300048828125,10844
2025-04-21 13:06:00+05:30,1296.0,1296.699951171875,1296.0,1296.699951171875,8036
2025-04-21 13:07:00+05:30,1296.300048828125,1296.300048828125,1295.9000244140625,1295.9000244140625,11966
2025-04-21 13:08:00+05:30,1296.4000244140625,1296.800048828125,1296.0,1296.300048828125,8154
2025-04-21 13:09:00+05:30,1296.800048828125,1296.9000244140625,1296.300048828125,1296.300048828125,9574
2025-04-21 13:10:00+05:30,1296.199951171875,1296.800048828125,1296.199951171875,1296.699951171875,19560
2025-04-21 13:11:00+05:30,1296.199951171875,1296.699951171875,1296.0,1296.300048828125,8352
2025-04-21 13:12:00+05:30,1296.300048828125,1296.699951171875,1296.0999755859375,1296.5,6309
2025-04-21 13:13:00+05:30,1295.800048828125,1296.5,1295.800048828125,1296.199951171875,8319
2025-04-21 13:14:00+05:30,1295.4000244140625,1296.0999755859375,1295.199951171875,1296.0999755859375,12896
2025-04-21 13:15:00+05:30,1295.800048828125,1296.0,1295.4000244140625,1295.9000244140625,9182
2025-04-21 13:16:00+05:30,1295.9000244140625,1296.0,1295.300048828125,1295.5999755859375,7454
2025-04-21 13:17:00+05:30,1295.5,1295.9000244140625,1295.199951171875,1295.699951171875,7017
2025-04-21 13:18:00+05:30,1295.199951171875,1295.9000244140625,1294.800048828125,1295.300048828125,39736
2025-04-21 13:19:00+05:30,1295.4000244140625,1295.699951171875,1295.0,1295.0,12011
2025-04-21 13:20:00+05:30,1295.0,1295.5,1295.0,1295.199951171875,28386
2025-04-21 13:21:00+05:30,1295.0999755859375,1295.5,1295.0,1295.300048828125,10759
2025-04-21 13:22:00+05:30,1295.4000244140625,1295.5,1294.800048828125,1295.0999755859375,24996
2025-04-21 13:23:00+05:30,1295.5999755859375,1295.800048828125,1295.0999755859375,1295.5,7284
2025-04-21 13:24:00+05:30,1295.699951171875,1296.0,1295.0999755859375,1295.5999755859375,14431
2025-04-21 13:25:00+05:30,1295.800048828125,1296.0,1295.300048828125,1295.5999755859375,15405
2025-04-21 13:26:00+05:30,1295.699951171875,1295.800048828125,1295.199951171875,1295.5,10620
2025-04-21 13:27:00+05:30,1295.5,1295.699951171875,1295.0999755859375,1295.699951171875,9879
2025-04-21 13:28:00+05:30,1295.800048828125,1295.800048828125,1295.4000244140625,1295.5999755859375,12137
2025-04-21 13:29:00+05:30,1295.800048828125,1295.9000244140625,1295.300048828125,1295.800048828125,14135
2025-04-21 13:30:00+05:30,1295.9000244140625,1296.0,1295.300048828125,1295.9000244140625,12311
2025-04-21 13:31:00+05:30,1296.199951171875,1296.199951171875,1295.5999755859375,1295.5999755859375,7540
2025-04-21 13:32:00+05:30,1296.5,1296.5,1295.699951171875,1296.199951171875,10597
2025-04-21 13:33:00+05:30,1295.699951171875,1296.800048828125,1295.699951171875,1296.0999755859375,9510
2025-04-21 13:34:00+05:30,1295.5999755859375,1296.0,1295.199951171875,1296.0,8305
2025-04-21 13:35:00+05:30,1295.800048828125,1296.0,1295.199951171875,1295.4000244140625,10618
2025-04-21 13:36:00+05:30,1295.9000244140625,1296.0,1295.300048828125,1295.5999755859375,9531
2025-04-21 13:37:00+05:30,1295.9000244140625,1296.0,1295.5,1296.0,7708
2025-04-21 13:38:00+05:30,1295.5999755859375,1296.0999755859375,1295.5999755859375,1296.0,7318
2025-04-21 13:39:00+05:30,1296.0,1296.0999755859375,1295.5999755859375,1296.0999755859375,5772
2025-04-21 13:40:00+05:30,1295.0,1296.0999755859375,1295.0,1295.9000244140625,8855
2025-04-21 13:41:00+05:30,1294.0999755859375,1295.300048828125,1294.0999755859375,1295.300048828125,25572
2025-04-21 13:42:00+05:30,1293.5,1294.9000244140625,1293.5,1294.0,76668
2025-04-21 13:43:00+05:30,1294.0,1295.300048828125,1293.5,1293.5,122873
2025-04-21 13:44:00+05:30,1293.5,1294.4000244140625,1293.0999755859375,1293.9000244140625,34980
2025-04-21 13:45:00+05:30,1294.800048828125,1295.0,1293.5,1293.5,21033
2025-04-21 13:46:00+05:30,1295.199951171875,1295.9000244140625,1294.800048828125,1294.9000244140625,15533
2025-04-21 13:47:00+05:30,1295.300048828125,1295.699951171875,1295.0,1295.0,12772
2025-04-21 13:48:00+05:30,1295.699951171875,1296.0,1295.199951171875,1295.300048828125,9635
2025-04-21 13:49:00+05:30,1296.300048828125,1296.300048828125,1295.5,1296.0,14611
2025-04-21 13:50:00+05:30,1296.300048828125,1296.4000244140625,1295.699951171875,1296.4000244140625,11945
2025-04-21 13:51:00+05:30,1297.199951171875,1297.199951171875,1296.300048828125,1296.4000244140625,24527
2025-04-21 13:52:00+05:30,1297.4000244140625,1297.699951171875,1297.300048828125,1297.300048828125,28008
2025-04-21 13:53:00+05:30,1297.199951171875,1298.0,1297.199951171875,1297.4000244140625,26853
2025-04-21 13:54:00+05:30,1297.300048828125,1297.699951171875,1296.5999755859375,1297.699951171875,21349
2025-04-21 13:55:00+05:30,1297.4000244140625,1297.5,1296.699951171875,1297.0999755859375,14078
2025-04-21 13:56:00+05:30,1297.199951171875,1297.5,1296.9000244140625,1297.199951171875,12764
2025-04-21 13:57:00+05:30,1297.300048828125,1297.4000244140625,1296.9000244140625,1296.9000244140625,10052
2025-04-21 13:58:00+05:30,1298.0,1298.0,1297.0,1297.4000244140625,16269
2025-04-21 13:59:00+05:30,1297.9000244140625,1298.0,1297.5999755859375,1297.9000244140625,26453
2025-04-21 14:00:00+05:30,1297.9000244140625,1298.0,1297.5,1297.800048828125,10997
2025-04-21 14:01:00+05:30,1297.5999755859375,1298.0,1297.300048828125,1297.9000244140625,10737
2025-04-21 14:02:00+05:30,1296.4000244140625,1297.5999755859375,1295.9000244140625,1297.300048828125,27761
2025-04-21 14:03:00+05:30,1296.9000244140625,1297.0,1296.0999755859375,1296.300048828125,8675
2025-04-21 14:04:00+05:30,1297.0,1297.300048828125,1296.5,1296.9000244140625,25416
2025-04-21 14:05:00+05:30,1297.4000244140625,1297.4000244140625,1297.0,1297.0999755859375,12098
2025-04-21 14:06:00+05:30,1297.5999755859375,1297.5999755859375,1297.0,1297.4000244140625,10556
2025-04-21 14:07:00+05:30,1297.5999755859375,1297.5999755859375,1296.699951171875,1297.300048828125,26140
2025-04-21 14:08:00+05:30,1297.5999755859375,1297.5999755859375,1297.199951171875,1297.5999755859375,7932
2025-04-21 14:09:00+05:30,1297.5,1297.5999755859375,1297.0,1297.5,9368
2025-04-21 14:10:00+05:30,1297.800048828125,1298.0,1297.199951171875,1297.5,16446
2025-04-21 14:11:00+05:30,1297.699951171875,1297.800048828125,1297.0,1297.5999755859375,10005
2025-04-21 14:12:00+05:30,1297.199951171875,1297.9000244140625,1297.199951171875,1297.699951171875,27985
2025-04-21 14:13:00+05:30,1296.800048828125,1297.4000244140625,1296.699951171875,1297.0,56948
2025-04-21 14:14:00+05:30,1297.5,1297.800048828125,1296.699951171875,1296.800048828125,25937
2025-04-21 14:15:00+05:30,1297.4000244140625,1297.800048828125,1297.0,1297.4000244140625,10605
2025-04-21 14:16:00+05:30,1297.300048828125,1297.5999755859375,1297.199951171875,1297.5,6823
2025-04-21 14:17:00+05:30,1297.5,1297.9000244140625,1297.199951171875,1297.5,12293
2025-04-21 14:18:00+05:30,1297.4000244140625,1297.800048828125,1297.0,1297.5999755859375,15112
2025-04-21 14:19:00+05:30,1297.5999755859375,1297.800048828125,1297.0999755859375,1297.5,8914
2025-04-21 14:20:00+05:30,1297.300048828125,1297.5999755859375,1297.0,1297.5999755859375,12706
2025-04-21 14:21:00+05:30,1297.0,1297.699951171875,1296.9000244140625,1297.0,19808
2025-04-21 14:22:00+05:30,1297.800048828125,1297.800048828125,1297.0,1297.4000244140625,13284
2025-04-21 14:23:00+05:30,1299.300048828125,1299.300048828125,1297.0999755859375,1297.699951171875,74176
2025-04-21 14:24:00+05:30,1299.300048828125,1299.699951171875,1299.0,1299.4000244140625,50242
2025-04-21 14:25:00+05:30,1299.800048828125,1299.9000244140625,1299.300048828125,1299.5999755859375,26508
2025-04-21 14:26:00+05:30,1299.9000244140625,1300.0,1299.5,1299.9000244140625,21821
2025-04-21 14:27:00+05:30,1299.800048828125,1300.0,1299.300048828125,1299.9000244140625,33744
2025-04-21 14:28:00+05:30,1299.0,1300.0,1299.0,1299.800048828125,26803
2025-04-21 14:29:00+05:30,1299.0,1299.9000244140625,1299.0,1299.4000244140625,18473
2025-04-21 14:30:00+05:30,1299.5999755859375,1299.800048828125,1299.0999755859375,1299.0999755859375,11514
2025-04-21 14:31:00+05:30,1300.5999755859375,1300.5999755859375,1299.300048828125,1299.800048828125,126620
2025-04-21 14:32:00+05:30,1300.5999755859375,1300.699951171875,1300.0999755859375,1300.5,20439
2025-04-21 14:33:00+05:30,1300.0,1300.5999755859375,1299.699951171875,1300.0999755859375,22519
2025-04-21 14:34:00+05:30,1298.9000244140625,1300.0,1298.5999755859375,1300.0,89980
2025-04-21 14:35:00+05:30,1298.5,1299.0999755859375,1298.0999755859375,1298.5999755859375,18609
2025-04-21 14:36:00+05:30,1298.800048828125,1298.800048828125,1297.5999755859375,1298.5,36833
2025-04-21 14:37:00+05:30,1298.4000244140625,1299.0,1298.4000244140625,1299.0,57048
2025-04-21 14:38:00+05:30,1299.800048828125,1299.800048828125,1298.0999755859375,1298.699951171875,35875
2025-04-21 14:39:00+05:30,1299.5999755859375,1299.9000244140625,1298.800048828125,1299.5,22579
2025-04-21 14:40:00+05:30,1299.300048828125,1299.5999755859375,1299.0,1299.5,19513
2025-04-21 14:41:00+05:30,1299.199951171875,1299.4000244140625,1298.5,1299.0999755859375,38041
2025-04-21 14:42:00+05:30,1298.4000244140625,1299.0,1298.199951171875,1299.0,12923
2025-04-21 14:43:00+05:30,1297.5999755859375,1298.800048828125,1297.5,1298.5,17861
2025-04-21 14:44:00+05:30,1298.4000244140625,1298.4000244140625,1297.4000244140625,1297.5999755859375,19394
2025-04-21 14:45:00+05:30,1297.5,1298.4000244140625,1297.4000244140625,1298.300048828125,19314
2025-04-21 14:46:00+05:30,1297.800048828125,1297.9000244140625,1296.699951171875,1297.9000244140625,25143
2025-04-21 14:47:00+05:30,1297.9000244140625,1298.0,1297.300048828125,1297.800048828125,16834
2025-04-21 14:48:00+05:30,1298.300048828125,1298.4000244140625,1297.5,1297.5,13449
2025-04-21 14:49:00+05:30,1298.699951171875,1299.0,1298.0999755859375,1298.4000244140625,16754
2025-04-21 14:50:00+05:30,1298.5999755859375,1298.699951171875,1297.800048828125,1298.5999755859375,11668
2025-04-21 14:51:00+05:30,1298.0,1299.0,1298.0,1298.0999755859375,31058
2025-04-21 14:52:00+05:30,1297.9000244140625,1298.5999755859375,1297.699951171875,1298.199951171875,13888
2025-04-21 14:53:00+05:30,1297.5999755859375,1298.4000244140625,1297.300048828125,1297.9000244140625,26278
2025-04-21 14:54:00+05:30,1297.5999755859375,1298.199951171875,1297.300048828125,1297.9000244140625,39384
2025-04-21 14:55:00+05:30,1297.800048828125,1298.0999755859375,1297.5,1297.5999755859375,29919
2025-04-21 14:56:00+05:30,1298.5,1298.800048828125,1297.5,1297.5,35916
2025-04-21 14:57:00+05:30,1298.5999755859375,1298.699951171875,1297.9000244140625,1298.0,27520
2025-04-21 14:58:00+05:30,1298.4000244140625,1298.5999755859375,1298.0,1298.5999755859375,24006
2025-04-21 14:59:00+05:30,1297.9000244140625,1298.300048828125,1297.5,1297.9000244140625,22851
2025-04-21 15:00:00+05:30,1296.0999755859375,1298.0,1296.0999755859375,1297.4000244140625,33529
2025-04-21 15:01:00+05:30,1296.5999755859375,1296.800048828125,1296.0,1296.0999755859375,28749
2025-04-21 15:02:00+05:30,1296.199951171875,1296.5999755859375,1296.0,1296.5999755859375,27676
2025-04-21 15:03:00+05:30,1296.5,1296.5,1295.5,1296.199951171875,52729
2025-04-21 15:04:00+05:30,1295.0999755859375,1296.9000244140625,1295.0999755859375,1296.0999755859375,25880
2025-04-21 15:05:00+05:30,1295.5,1295.9000244140625,1295.0,1295.300048828125,33508
2025-04-21 15:06:00+05:30,1295.800048828125,1296.0,1295.5,1295.5,22927
2025-04-21 15:07:00+05:30,1295.5,1295.800048828125,1294.699951171875,1295.800048828125,88711
2025-04-21 15:08:00+05:30,1295.699951171875,1296.0,1295.0999755859375,1295.699951171875,84876
2025-04-21 15:09:00+05:30,1295.699951171875,1296.0,1295.0999755859375,1295.300048828125,33321
2025-04-21 15:10:00+05:30,1294.699951171875,1295.9000244140625,1294.5,1295.9000244140625,50838
2025-04-21 15:11:00+05:30,1294.9000244140625,1295.199951171875,1294.5999755859375,1294.5999755859375,32890
2025-04-21 15:12:00+05:30,1295.199951171875,1295.5999755859375,1294.699951171875,1294.9000244140625,28377
2025-04-21 15:13:00+05:30,1295.4000244140625,1295.5999755859375,1295.0999755859375,1295.199951171875,34549
2025-04-21 15:14:00+05:30,1295.9000244140625,1295.9000244140625,1294.9000244140625,1295.300048828125,129569
2025-04-21 15:15:00+05:30,1295.4000244140625,1295.9000244140625,1294.9000244140625,1295.699951171875,54645
2025-04-21 15:16:00+05:30,1295.4000244140625,1295.699951171875,1295.0999755859375,1295.4000244140625,23439
2025-04-21 15:17:00+05:30,1295.5,1296.0,1295.0999755859375,1295.4000244140625,27856
2025-04-21 15:18:00+05:30,1295.199951171875,1295.800048828125,1295.0,1295.0999755859375,35332
2025-04-21 15:19:00+05:30,1295.800048828125,1295.9000244140625,1295.0999755859375,1295.0999755859375,26912
2025-04-21 15:20:00+05:30,1295.5,1295.800048828125,1295.0999755859375,1295.5,45666
2025-04-21 15:21:00+05:30,1295.4000244140625,1295.5999755859375,1295.0,1295.5,37340
2025-04-21 15:22:00+05:30,1295.199951171875,1295.699951171875,1295.0,1295.300048828125,74685
2025-04-21 15:23:00+05:30,1295.300048828125,1295.800048828125,1295.0999755859375,1295.0999755859375,48868
2025-04-21 15:24:00+05:30,1295.699951171875,1295.9000244140625,1295.0,1295.4000244140625,108900
2025-04-21 15:25:00+05:30,1295.699951171875,1295.9000244140625,1295.199951171875,1295.199951171875,33056
2025-04-21 15:26:00+05:30,1295.5,1295.9000244140625,1295.199951171875,1295.5999755859375,43485
2025-04-21 15:27:00+05:30,1295.199951171875,1295.5999755859375,1295.199951171875,1295.5,32281
2025-04-21 15:28:00+05:30,1295.199951171875,1295.5999755859375,1295.0,1295.5,38319
2025-04-21 15:29:00+05:30,1295.4000244140625,1295.5,1295.0,1295.5,51789
2025-04-22 09:15:00+05:30,1299.5999755859375,1300.300048828125,1296.0,1299.5,0
2025-04-22 09:16:00+05:30,1297.9000244140625,1299.9000244140625,1297.5999755859375,1299.9000244140625,147877
2025-04-22 09:17:00+05:30,1296.300048828125,1297.4000244140625,1295.5999755859375,1297.0999755859375,84373
2025-04-22 09:18:00+05:30,1296.0,1296.4000244140625,1296.0,1296.4000244140625,42260
2025-04-22 09:19:00+05:30,1293.0,1294.9000244140625,1293.0,1294.800048828125,139962
2025-04-22 09:20:00+05:30,1292.699951171875,1293.0,1291.0999755859375,1292.800048828125,74357
2025-04-22 09:21:00+05:30,1297.5,1297.800048828125,1293.0999755859375,1293.0999755859375,95297
2025-04-22 09:22:00+05:30,1299.199951171875,1299.5999755859375,1297.300048828125,1297.300048828125,89967
2025-04-22 09:23:00+05:30,1299.0,1300.5999755859375,1298.5,1299.300048828125,134587
2025-04-22 09:24:00+05:30,1299.699951171875,1299.9000244140625,1299.0,1299.4000244140625,51694
2025-04-22 09:25:00+05:30,1299.699951171875,1300.0,1299.5,1299.9000244140625,30451
2025-04-22 09:26:00+05:30,1298.0,1300.300048828125,1297.699951171875,1299.5999755859375,39890
2025-04-22 09:27:00+05:30,1299.5999755859375,1299.5999755859375,1297.0999755859375,1297.9000244140625,56176
2025-04-22 09:28:00+05:30,1298.699951171875,1299.5999755859375,1298.4000244140625,1299.5,23615
2025-04-22 09:29:00+05:30,1297.300048828125,1299.0999755859375,1297.300048828125,1298.5999755859375,35041
2025-04-22 09:30:00+05:30,1297.699951171875,1298.4000244140625,1297.0999755859375,1297.4000244140625,29897
2025-04-22 09:31:00+05:30,1296.199951171875,1298.0,1296.0,1298.0,28730
2025-04-22 09:32:00+05:30,1297.5999755859375,1297.5999755859375,1296.0999755859375,1296.9000244140625,33503
2025-04-22 09:33:00+05:30,1298.199951171875,1298.5999755859375,1296.800048828125,1297.5,22071
2025-04-22 09:34:00+05:30,1298.5,1298.800048828125,1297.0999755859375,1298.300048828125,13832
2025-04-22 09:35:00+05:30,1299.5,1299.5,1298.0999755859375,1298.699951171875,24802
2025-04-22 09:36:00+05:30,1299.800048828125,1300.300048828125,1299.0,1299.0,38283
2025-04-22 09:37:00+05:30,1299.699951171875,1300.0999755859375,1299.5,1299.9000244140625,29817
2025-04-22 09:38:00+05:30,1299.0,1299.800048828125,1298.9000244140625,1299.5999755859375,43990
2025-04-22 09:39:00+05:30,1299.5,1299.9000244140625,1298.5999755859375,1299.4000244140625,41808
2025-04-22 09:40:00+05:30,1299.5,1299.9000244140625,1297.5,1299.9000244140625,66427
2025-04-22 09:41:00+05:30,1297.4000244140625,1299.5,1297.4000244140625,1299.5,28188
2025-04-22 09:42:00+05:30,1296.9000244140625,1298.0999755859375,1296.9000244140625,1297.5999755859375,22852
2025-04-22 09:43:00+05:30,1297.5999755859375,1297.5999755859375,1296.5,1297.4000244140625,17366
2025-04-22 09:44:00+05:30,1297.300048828125,1298.0,1297.0999755859375,1297.4000244140625,7940
2025-04-22 09:45:00+05:30,1295.4000244140625,1297.199951171875,1295.4000244140625,1297.199951171875,26356
2025-04-22 09:46:00+05:30,1297.0,1297.199951171875,1295.9000244140625,1295.9000244140625,20570
2025-04-22 09:47:00+05:30,1296.5,1297.4000244140625,1295.5999755859375,1297.199951171875,17615
2025-04-22 09:48:00+05:30,1296.0999755859375,1297.0,1296.0,1296.800048828125,20774
2025-04-22 09:49:00+05:30,1296.5999755859375,1296.800048828125,1296.0999755859375,1296.4000244140625,11653
2025-04-22 09:50:00+05:30,1296.5999755859375,1296.9000244140625,1296.199951171875,1296.699951171875,8195
2025-04-22 09:51:00+05:30,1296.0,1296.5999755859375,1295.5,1296.5999755859375,16333
2025-04-22 09:52:00+05:30,1294.699951171875,1296.300048828125,1294.0,1296.0,36036
2025-04-22 09:53:00+05:30,1294.699951171875,1295.9000244140625,1294.0999755859375,1294.4000244140625,22445
2025-04-22 09:54:00+05:30,1295.5,1295.5999755859375,1294.0,1294.4000244140625,34782
2025-04-22 09:55:00+05:30,1294.800048828125,1295.5,1294.5,1295.300048828125,24973
2025-04-22 09:56:00+05:30,1296.0,1296.0999755859375,1294.5,1294.9000244140625,27171
2025-04-22 09:57:00+05:30,1296.5,1296.800048828125,1295.699951171875,1296.0,17897
2025-04-22 09:58:00+05:30,1296.4000244140625,1296.800048828125,1295.4000244140625,1296.5999755859375,18446
2025-04-22 09:59:00+05:30,1296.0,1297.0999755859375,1296.0,1296.0999755859375,15150
2025-04-22 10:00:00+05:30,1296.4000244140625,1297.199951171875,1296.199951171875,1296.199951171875,11524
2025-04-22 10:01:00+05:30,1297.9000244140625,1298.0,1296.199951171875,1296.9000244140625,15347
2025-04-22 10:02:00+05:30,1297.4000244140625,1298.0,1297.0,1297.800048828125,9845
2025-04-22 10:03:00+05:30,1297.0999755859375,1298.199951171875,1297.0999755859375,1297.300048828125,26819
2025-04-22 10:04:00+05:30,1296.800048828125,1297.5,1296.4000244140625,1297.5,10520
2025-04-22 10:05:00+05:30,1297.300048828125,1297.5,1296.0,1296.800048828125,17231
2025-04-22 10:06:00+05:30,1297.5999755859375,1298.0,1297.199951171875,1297.4000244140625,12569
2025-04-22 10:07:00+05:30,1297.5,1297.800048828125,1296.5999755859375,1297.5999755859375,19389
2025-04-22 10:08:00+05:30,1297.5,1297.800048828125,1297.5,1297.800048828125,8287
2025-04-22 10:09:00+05:30,1296.800048828125,1297.5999755859375,1296.5999755859375,1297.5999755859375,15926
2025-04-22 10:10:00+05:30,1296.699951171875,1297.0,1296.199951171875,1297.0,18644
2025-04-22 10:11:00+05:30,1296.699951171875,1297.0,1296.300048828125,1296.5,11770
2025-04-22 10:12:00+05:30,1295.4000244140625,1297.0,1295.4000244140625,1297.0,19716
2025-04-22 10:13:00+05:30,1295.300048828125,1295.800048828125,1295.0,1295.800048828125,20356
2025-04-22 10:14:00+05:30,1295.5999755859375,1295.9000244140625,1294.9000244140625,1295.4000244140625,33691
2025-04-22 10:15:00+05:30,1296.0999755859375,1296.5,1295.5,1295.800048828125,34524
2025-04-22 10:16:00+05:30,1296.5,1296.5999755859375,1296.0999755859375,1296.199951171875,15127
2025-04-22 10:17:00+05:30,1296.5999755859375,1296.800048828125,1296.0999755859375,1296.300048828125,12671
2025-04-22 10:18:00+05:30,1296.199951171875,1296.5999755859375,1296.199951171875,1296.5999755859375,9973
2025-04-22 10:19:00+05:30,1295.5999755859375,1296.5999755859375,1295.5999755859375,1296.300048828125,67305
2025-04-22 10:20:00+05:30,1295.699951171875,1296.0999755859375,1295.5,1296.0,48347
2025-04-22 10:21:00+05:30,1296.0,1296.4000244140625,1295.300048828125,1295.800048828125,21219
2025-04-22 10:22:00+05:30,1296.5,1296.9000244140625,1295.9000244140625,1296.300048828125,16075
2025-04-22 10:23:00+05:30,1296.699951171875,1297.199951171875,1296.199951171875,1296.9000244140625,15334
2025-04-22 10:24:00+05:30,1297.199951171875,1297.300048828125,1296.4000244140625,1296.800048828125,18680
2025-04-22 10:25:00+05:30,1296.9000244140625,1297.0,1296.0,1296.5999755859375,18714
2025-04-22 10:26:00+05:30,1297.5999755859375,1297.800048828125,1296.5999755859375,1296.9000244140625,16090
2025-04-22 10:27:00+05:30,1296.4000244140625,1297.699951171875,1296.300048828125,1297.699951171875,38774
2025-04-22 10:28:00+05:30,1296.0999755859375,1297.0,1296.0999755859375,1297.0,17077
2025-04-22 10:29:00+05:30,1296.0999755859375,1296.699951171875,1296.0,1296.0,27947
2025-04-22 10:30:00+05:30,1296.4000244140625,1296.5,1296.0,1296.300048828125,29486
2025-04-22 10:31:00+05:30,1297.4000244140625,1297.4000244140625,1296.0999755859375,1296.0999755859375,13349
2025-04-22 10:32:00+05:30,1298.199951171875,1298.300048828125,1297.4000244140625,1297.5,43149
2025-04-22 10:33:00+05:30,1298.4000244140625,1298.800048828125,1298.0999755859375,1298.300048828125,15116
2025-04-22 10:34:00+05:30,1297.9000244140625,1298.5,1297.9000244140625,1298.5,7445
2025-04-22 10:35:00+05:30,1297.699951171875,1298.0,1297.699951171875,1297.9000244140625,7046
2025-04-22 10:36:00+05:30,1297.9000244140625,1297.9000244140625,1297.0999755859375,1297.800048828125,8055
2025-04-22 10:37:00+05:30,1298.0999755859375,1298.5999755859375,1297.5,1297.5,19156
2025-04-22 10:38:00+05:30,1298.199951171875,1298.5,1297.800048828125,1298.0999755859375,9924
2025-04-22 10:39:00+05:30,1298.5,1298.5999755859375,1298.0999755859375,1298.300048828125,8117
2025-04-22 10:40:00+05:30,1298.800048828125,1298.800048828125,1298.0,1298.0,27543
2025-04-22 10:41:00+05:30,1299.199951171875,1299.5,1298.5999755859375,1298.699951171875,32098
2025-04-22 10:42:00+05:30,1299.4000244140625,1299.5,1299.0,1299.300048828125,20318
2025-04-22 10:43:00+05:30,1300.300048828125,1300.699951171875,1299.0999755859375,1299.4000244140625,133138
2025-04-22 10:44:00+05:30,1301.300048828125,1301.300048828125,1300.0999755859375,1300.699951171875,27747
2025-04-22 10:45:00+05:30,1300.9000244140625,1301.4000244140625,1300.4000244140625,1301.300048828125,23074
2025-04-22 10:46:00+05:30,1300.800048828125,1301.5999755859375,1300.4000244140625,1300.5999755859375,25174
2025-04-22 10:47:00+05:30,1300.199951171875,1301.0,1300.199951171875,1300.800048828125,10411
2025-04-22 10:48:00+05:30,1300.4000244140625,1300.5,1300.0999755859375,1300.0999755859375,7452
2025-04-22 10:49:00+05:30,1300.4000244140625,1300.5999755859375,1300.0999755859375,1300.4000244140625,12058
2025-04-22 10:50:00+05:30,1300.199951171875,1300.9000244140625,1300.0,1300.4000244140625,16922
2025-04-22 10:51:00+05:30,1300.0999755859375,1300.300048828125,1300.0,1300.0,24334
2025-04-22 10:52:00+05:30,1300.5,1300.5,1300.0,1300.0,25881
2025-04-22 10:53:00+05:30,1300.0,1300.5,1300.0,1300.5,67869
2025-04-22 10:54:00+05:30,1300.5,1300.5999755859375,1299.699951171875,1300.0,21164
2025-04-22 10:55:00+05:30,1300.0,1300.5999755859375,1299.699951171875,1300.5,20491
2025-04-22 10:56:00+05:30,1300.0,1300.300048828125,1300.0,1300.0,12150
2025-04-22 10:57:00+05:30,1300.0999755859375,1300.199951171875,1300.0,1300.0999755859375,27270
2025-04-22 10:58:00+05:30,1300.0,1300.300048828125,1300.0,1300.0,15393
2025-04-22 10:59:00+05:30,1300.0,1300.4000244140625,1300.0,1300.300048828125,7811
2025-04-22 11:00:00+05:30,1300.199951171875,1300.300048828125,1300.0,1300.0,6857
2025-04-22 11:01:00+05:30,1300.0,1300.300048828125,1300.0,1300.0999755859375,28614
2025-04-22 11:02:00+05:30,1300.199951171875,1300.300048828125,1300.0,1300.0,18137
2025-04-22 11:03:00+05:30,1300.0999755859375,1300.5,1299.4000244140625,1300.0999755859375,63868
2025-04-22 11:04:00+05:30,1300.0999755859375,1300.300048828125,1300.0,1300.0999755859375,8676
2025-04-22 11:05:00+05:30,1300.199951171875,1300.199951171875,1300.0,1300.199951171875,6939
2025-04-22 11:06:00+05:30,1300.199951171875,1300.4000244140625,1300.0,1300.199951171875,6461
2025-04-22 11:07:00+05:30,1300.0,1300.300048828125,1299.9000244140625,1300.0,21107
2025-04-22 11:08:00+05:30,1300.0,1300.300048828125,1299.800048828125,1300.0,17263
2025-04-22 11:09:00+05:30,1300.0,1300.0999755859375,1299.5,1300.0999755859375,38473
2025-04-22 11:10:00+05:30,1300.0,1300.300048828125,1299.5,1300.0999755859375,47834
2025-04-22 11:11:00+05:30,1299.0999755859375,1300.300048828125,1299.0,1300.300048828125,51121
2025-04-22 11:12:00+05:30,1299.199951171875,1299.699951171875,1298.0999755859375,1299.300048828125,154309
2025-04-22 11:13:00+05:30,1299.5999755859375,1299.800048828125,1298.800048828125,1298.800048828125,35742
2025-04-22 11:14:00+05:30,1299.300048828125,1299.699951171875,1298.699951171875,1299.5999755859375,18586
2025-04-22 11:15:00+05:30,1299.0999755859375,1299.300048828125,1298.5999755859375,1299.0999755859375,41528
2025-04-22 11:16:00+05:30,1299.0999755859375,1299.4000244140625,1298.699951171875,1298.800048828125,41955
2025-04-22 11:17:00+05:30,1299.0999755859375,1299.5,1299.0,1299.0999755859375,15492
2025-04-22 11:18:00+05:30,1299.300048828125,1299.5,1298.800048828125,1299.0,52093
2025-04-22 11:19:00+05:30,1299.5,1299.800048828125,1299.199951171875,1299.4000244140625,34394
2025-04-22 11:20:00+05:30,1299.199951171875,1299.800048828125,1299.0,1299.800048828125,37041
2025-04-22 11:21:00+05:30,1299.4000244140625,1299.9000244140625,1299.0,1299.199951171875,95374
2025-04-22 11:22:00+05:30,1300.0999755859375,1300.300048828125,1299.300048828125,1299.4000244140625,121622
2025-04-22 11:23:00+05:30,1299.5999755859375,1300.199951171875,1299.5,1300.199951171875,62686
2025-04-22 11:24:00+05:30,1299.0999755859375,1300.0,1298.5999755859375,1299.699951171875,121324
2025-04-22 11:25:00+05:30,1299.0999755859375,1299.5,1298.0,1298.9000244140625,79465
2025-04-22 11:26:00+05:30,1298.0999755859375,1299.300048828125,1298.0999755859375,1299.199951171875,162384
2025-04-22 11:27:00+05:30,1298.0,1298.699951171875,1297.9000244140625,1298.5,81251
2025-04-22 11:28:00+05:30,1298.800048828125,1298.800048828125,1297.9000244140625,1298.0,70222
2025-04-22 11:29:00+05:30,1298.4000244140625,1299.4000244140625,1298.0999755859375,1298.800048828125,40158
2025-04-22 11:30:00+05:30,1298.199951171875,1298.699951171875,1298.0999755859375,1298.4000244140625,67713
2025-04-22 11:31:00+05:30,1300.0,1300.0,1298.0999755859375,1298.5999755859375,87075
2025-04-22 11:32:00+05:30,1299.5999755859375,1300.199951171875,1299.0999755859375,1299.9000244140625,92614
2025-04-22 11:33:00+05:30,1300.0,1300.0999755859375,1299.300048828125,1299.300048828125,47030
2025-04-22 11:34:00+05:30,1300.0999755859375,1300.4000244140625,1299.300048828125,1300.0,125401
2025-04-22 11:35:00+05:30,1300.0,1300.300048828125,1299.5,1300.0999755859375,75150
2025-04-22 11:36:00+05:30,1300.0,1300.300048828125,1299.0,1299.699951171875,66996
2025-04-22 11:37:00+05:30,1300.0,1300.5,1300.0,1300.0999755859375,18604
2025-04-22 11:38:00+05:30,1300.4000244140625,1300.4000244140625,1300.0,1300.0999755859375,6229
2025-04-22 11:39:00+05:30,1300.300048828125,1300.300048828125,1300.0,1300.0999755859375,12756
2025-04-22 11:40:00+05:30,1300.0999755859375,1300.5,1300.0999755859375,1300.0999755859375,12148
2025-04-22 11:41:00+05:30,1300.0,1300.0999755859375,1300.0,1300.0,72580
2025-04-22 11:42:00+05:30,1300.199951171875,1300.5,1300.0,1300.0,8891
2025-04-22 11:43:00+05:30,1300.5,1300.5,1300.0,1300.0999755859375,13975
2025-04-22 11:44:00+05:30,1300.0999755859375,1300.4000244140625,1300.0,1300.4000244140625,9389
2025-04-22 11:45:00+05:30,1300.0,1300.4000244140625,1300.0,1300.0999755859375,12868
2025-04-22 11:46:00+05:30,1300.0,1300.300048828125,1300.0,1300.0,26044
2025-04-22 11:47:00+05:30,1300.0,1300.300048828125,1300.0,1300.0,24178
2025-04-22 11:48:00+05:30,1300.0999755859375,1300.0999755859375,1300.0,1300.0,36055
2025-04-22 11:49:00+05:30,1300.199951171875,1300.199951171875,1300.0,1300.0,20424
2025-04-22 11:50:00+05:30,1300.199951171875,1300.4000244140625,1300.0999755859375,1300.300048828125,28432
2025-04-22 11:51:00+05:30,1300.0,1300.699951171875,1300.0,1300.5999755859375,23725
2025-04-22 11:52:00+05:30,1300.0,1300.300048828125,1300.0,1300.0,6802
2025-04-22 11:53:00+05:30,1300.5,1300.5999755859375,1300.0,1300.199951171875,7411
2025-04-22 11:54:00+05:30,1300.199951171875,1300.5,1300.0999755859375,1300.0999755859375,4477
2025-04-22 11:55:00+05:30,1300.199951171875,1300.4000244140625,1300.0,1300.4000244140625,6036
2025-04-22 11:56:00+05:30,1300.0,1300.300048828125,1300.0,1300.199951171875,44182
2025-04-22 11:57:00+05:30,1300.199951171875,1300.5,1300.0,1300.0,32311
2025-04-22 11:58:00+05:30,1300.699951171875,1300.699951171875,1300.0,1300.199951171875,14414
2025-04-22 11:59:00+05:30,1300.0999755859375,1300.5999755859375,1300.0,1300.5999755859375,7427
2025-04-22 12:00:00+05:30,1299.9000244140625,1300.5999755859375,1299.9000244140625,1300.5,103366
2025-04-22 12:01:00+05:30,1300.4000244140625,1300.5,1299.9000244140625,1300.0,16801
2025-04-22 12:02:00+05:30,1300.199951171875,1300.699951171875,1300.0999755859375,1300.4000244140625,6505
2025-04-22 12:03:00+05:30,1300.699951171875,1300.699951171875,1300.0999755859375,1300.699951171875,6118
2025-04-22 12:04:00+05:30,1300.0999755859375,1300.699951171875,1300.0999755859375,1300.300048828125,2955
2025-04-22 12:05:00+05:30,1300.0999755859375,1300.5999755859375,1300.0,1300.199951171875,5927
2025-04-22 12:06:00+05:30,1300.300048828125,1300.5999755859375,1300.0999755859375,1300.0999755859375,6064
2025-04-22 12:07:00+05:30,1300.5,1300.699951171875,1300.199951171875,1300.5,8009
2025-04-22 12:08:00+05:30,1300.199951171875,1300.5999755859375,1300.0999755859375,1300.199951171875,5945
2025-04-22 12:09:00+05:30,1300.0999755859375,1300.5999755859375,1300.0999755859375,1300.199951171875,4100
2025-04-22 12:10:00+05:30,1300.0999755859375,1300.4000244140625,1300.0,1300.0999755859375,8796
2025-04-22 12:11:00+05:30,1300.5,1300.5,1299.9000244140625,1300.0999755859375,37969
2025-04-22 12:12:00+05:30,1300.0,1300.300048828125,1299.9000244140625,1300.0999755859375,35392
2025-04-22 12:13:00+05:30,1300.0,1300.5,1300.0,1300.0,11110
2025-04-22 12:14:00+05:30,1300.0,1300.4000244140625,1300.0,1300.300048828125,15665
2025-04-22 12:15:00+05:30,1299.4000244140625,1300.0999755859375,1299.4000244140625,1300.0,47631
2025-04-22 12:16:00+05:30,1299.199951171875,1299.5999755859375,1298.5,1299.5,19538
2025-04-22 12:17:00+05:30,1299.300048828125,1299.5,1298.800048828125,1299.4000244140625,20873
2025-04-22 12:18:00+05:30,1299.800048828125,1299.9000244140625,1298.5999755859375,1299.300048828125,21139
2025-04-22 12:19:00+05:30,1299.800048828125,1300.0,1299.0999755859375,1299.800048828125,26218
2025-04-22 12:20:00+05:30,1299.699951171875,1299.9000244140625,1298.9000244140625,1299.300048828125,31527
2025-04-22 12:21:00+05:30,1299.9000244140625,1300.0,1299.4000244140625,1299.699951171875,14150
2025-04-22 12:22:00+05:30,1299.800048828125,1300.0999755859375,1299.199951171875,1299.800048828125,95879
2025-04-22 12:23:00+05:30,1300.0,1300.0999755859375,1299.199951171875,1299.9000244140625,11947
2025-04-22 12:24:00+05:30,1300.0,1300.199951171875,1299.800048828125,1300.0999755859375,9830
2025-04-22 12:25:00+05:30,1299.800048828125,1300.300048828125,1299.800048828125,1300.0,15025
2025-04-22 12:26:00+05:30,1299.5,1299.800048828125,1299.4000244140625,1299.800048828125,25018
2025-04-22 12:27:00+05:30,1299.300048828125,1299.800048828125,1299.0,1299.5999755859375,25393
2025-04-22 12:28:00+05:30,1299.0999755859375,1299.5999755859375,1298.4000244140625,1299.300048828125,30633
2025-04-22 12:29:00+05:30,1298.4000244140625,1299.300048828125,1298.199951171875,1298.5999755859375,25230
2025-04-22 12:30:00+05:30,1298.5,1298.800048828125,1298.0,1298.5999755859375,31360
2025-04-22 12:31:00+05:30,1298.300048828125,1298.5,1297.800048828125,1298.4000244140625,64614
2025-04-22 12:32:00+05:30,1298.5999755859375,1298.699951171875,1298.0999755859375,1298.300048828125,32207
2025-04-22 12:33:00+05:30,1298.5999755859375,1298.699951171875,1297.9000244140625,1298.199951171875,31014
2025-04-22 12:34:00+05:30,1298.5999755859375,1299.0,1298.0999755859375,1298.5999755859375,26014
2025-04-22 12:35:00+05:30,1298.800048828125,1299.0999755859375,1298.300048828125,1299.0,25250
2025-04-22 12:36:00+05:30,1298.300048828125,1298.5999755859375,1297.5999755859375,1298.5999755859375,139137
2025-04-22 12:37:00+05:30,1299.0999755859375,1299.300048828125,1298.0,1298.0999755859375,47231
2025-04-22 12:38:00+05:30,1299.0999755859375,1299.5999755859375,1298.800048828125,1299.0999755859375,27104
2025-04-22 12:39:00+05:30,1299.0,1299.0999755859375,1298.300048828125,1299.0999755859375,42772
2025-04-22 12:40:00+05:30,1299.699951171875,1299.699951171875,1298.9000244140625,1299.0999755859375,87230
2025-04-22 12:41:00+05:30,1299.199951171875,1299.5,1298.0999755859375,1299.5,142814
2025-04-22 12:42:00+05:30,1299.0999755859375,1299.0999755859375,1297.9000244140625,1298.9000244140625,75123
2025-04-22 12:43:00+05:30,1298.9000244140625,1299.5,1298.5999755859375,1299.0,20829
2025-04-22 12:44:00+05:30,1298.800048828125,1299.5999755859375,1298.5999755859375,1299.4000244140625,30332
2025-04-22 12:45:00+05:30,1299.0999755859375,1299.4000244140625,1298.5,1298.800048828125,37780
2025-04-22 12:46:00+05:30,1298.300048828125,1299.0999755859375,1297.800048828125,1299.0999755859375,28060
2025-04-22 12:47:00+05:30,1298.0999755859375,1298.300048828125,1297.199951171875,1298.300048828125,52326
2025-04-22 12:48:00+05:30,1298.199951171875,1298.5,1297.4000244140625,1298.0,20379
2025-04-22 12:49:00+05:30,1295.4000244140625,1298.5,1295.199951171875,1298.199951171875,56486
2025-04-22 12:50:00+05:30,1296.0,1296.5999755859375,1294.699951171875,1295.300048828125,77062
2025-04-22 12:51:00+05:30,1295.9000244140625,1296.5999755859375,1295.4000244140625,1296.4000244140625,19788
2025-04-22 12:52:00+05:30,1296.800048828125,1297.199951171875,1295.800048828125,1296.0,52885
2025-04-22 12:53:00+05:30,1296.800048828125,1297.199951171875,1296.199951171875,1296.300048828125,23168
2025-04-22 12:54:00+05:30,1297.0999755859375,1297.300048828125,1296.5999755859375,1297.0,17539
2025-04-22 12:55:00+05:30,1296.699951171875,1297.699951171875,1296.199951171875,1297.300048828125,18672
2025-04-22 12:56:00+05:30,1297.5,1297.5999755859375,1296.4000244140625,1296.4000244140625,33870
2025-04-22 12:57:00+05:30,1297.0999755859375,1297.9000244140625,1297.0999755859375,1297.5999755859375,15907
2025-04-22 12:58:00+05:30,1297.5999755859375,1297.699951171875,1297.0,1297.0999755859375,45302
2025-04-22 12:59:00+05:30,1296.5,1297.5999755859375,1296.300048828125,1297.199951171875,59991
2025-04-22 13:00:00+05:30,1296.300048828125,1296.9000244140625,1296.0,1296.9000244140625,19029
2025-04-22 13:01:00+05:30,1296.699951171875,1297.199951171875,1296.0,1296.300048828125,21984
2025-04-22 13:02:00+05:30,1295.9000244140625,1296.699951171875,1295.5999755859375,1296.699951171875,33247
2025-04-22 13:03:00+05:30,1295.5,1296.5999755859375,1295.0,1296.0999755859375,49302
2025-04-22 13:04:00+05:30,1296.0,1296.0999755859375,1295.300048828125,1295.699951171875,16957
2025-04-22 13:05:00+05:30,1295.0999755859375,1296.4000244140625,1295.0999755859375,1295.800048828125,28660
2025-04-22 13:06:00+05:30,1294.5,1295.699951171875,1293.5999755859375,1295.0999755859375,50744
2025-04-22 13:07:00+05:30,1294.300048828125,1294.9000244140625,1294.0999755859375,1294.5,27271
2025-04-22 13:08:00+05:30,1294.4000244140625,1294.699951171875,1293.5999755859375,1294.300048828125,37310
2025-04-22 13:09:00+05:30,1293.5,1294.699951171875,1293.0999755859375,1294.300048828125,49129
2025-04-22 13:10:00+05:30,1293.4000244140625,1294.300048828125,1293.300048828125,1293.5,18856
2025-04-22 13:11:00+05:30,1293.199951171875,1293.800048828125,1293.0,1293.5999755859375,23385
2025-04-22 13:12:00+05:30,1294.5,1294.9000244140625,1293.0,1293.0,35734
2025-04-22 13:13:00+05:30,1294.199951171875,1294.9000244140625,1293.9000244140625,1294.9000244140625,19636
2025-04-22 13:14:00+05:30,1295.0,1295.5,1294.0,1294.199951171875,30665
2025-04-22 13:15:00+05:30,1294.4000244140625,1295.0,1294.0999755859375,1295.0,97543
2025-04-22 13:16:00+05:30,1294.5,1295.0,1294.199951171875,1294.5,38097
2025-04-22 13:17:00+05:30,1294.699951171875,1295.0,1294.0,1294.300048828125,15479
2025-04-22 13:18:00+05:30,1294.5,1295.0,1294.0,1294.699951171875,28190
2025-04-22 13:19:00+05:30,1295.5999755859375,1295.5999755859375,1294.5,1294.5999755859375,31811
2025-04-22 13:20:00+05:30,1296.0999755859375,1296.300048828125,1295.300048828125,1295.5,18305
2025-04-22 13:21:00+05:30,1294.800048828125,1296.0999755859375,1294.800048828125,1296.0999755859375,83194
2025-04-22 13:22:00+05:30,1295.5999755859375,1295.5999755859375,1294.4000244140625,1295.199951171875,78189
2025-04-22 13:23:00+05:30,1295.199951171875,1295.800048828125,1294.699951171875,1295.800048828125,27236
2025-04-22 13:24:00+05:30,1296.0999755859375,1296.5,1295.199951171875,1295.5,47936
2025-04-22 13:25:00+05:30,1296.0,1296.5,1295.800048828125,1296.0999755859375,39688
2025-04-22 13:26:00+05:30,1295.5999755859375,1296.699951171875,1295.199951171875,1296.0,20486
2025-04-22 13:27:00+05:30,1294.0,1295.5,1294.0,1295.5,33197
2025-04-22 13:28:00+05:30,1294.199951171875,1294.5,1293.699951171875,1294.300048828125,22585
2025-04-22 13:29:00+05:30,1293.5,1294.5,1293.0,1294.4000244140625,28897
2025-04-22 13:30:00+05:30,1294.199951171875,1294.5,1293.300048828125,1293.5,58199
2025-04-22 13:31:00+05:30,1294.199951171875,1294.5999755859375,1293.0999755859375,1294.0999755859375,77469
2025-04-22 13:32:00+05:30,1294.199951171875,1294.699951171875,1294.0999755859375,1294.300048828125,35979
2025-04-22 13:33:00+05:30,1293.5,1294.699951171875,1293.4000244140625,1293.5,42824
2025-04-22 13:34:00+05:30,1292.800048828125,1294.0,1292.5999755859375,1293.5999755859375,29721
2025-04-22 13:35:00+05:30,1292.5999755859375,1293.5999755859375,1292.0999755859375,1292.5999755859375,51719
2025-04-22 13:36:00+05:30,1292.0999755859375,1292.800048828125,1291.5999755859375,1292.300048828125,32851
2025-04-22 13:37:00+05:30,1292.199951171875,1292.5,1291.5999755859375,1291.5999755859375,26566
2025-04-22 13:38:00+05:30,1290.300048828125,1292.5999755859375,1290.0999755859375,1292.300048828125,56430
2025-04-22 13:39:00+05:30,1291.0999755859375,1291.0999755859375,1289.4000244140625,1290.199951171875,84993
2025-04-22 13:40:00+05:30,1290.699951171875,1291.199951171875,1290.300048828125,1291.0,21592
2025-04-22 13:41:00+05:30,1291.0,1291.9000244140625,1290.5,1291.0999755859375,19252
2025-04-22 13:42:00+05:30,1290.5,1291.4000244140625,1290.5,1290.5,27624
2025-04-22 13:43:00+05:30,1289.699951171875,1291.0,1289.699951171875,1290.5,17280
2025-04-22 13:44:00+05:30,1289.5,1290.4000244140625,1289.5,1289.9000244140625,18327
2025-04-22 13:45:00+05:30,1288.800048828125,1290.0,1288.5,1289.699951171875,24933
2025-04-22 13:46:00+05:30,1287.9000244140625,1289.0,1287.5999755859375,1289.0,50149
2025-04-22 13:47:00+05:30,1288.9000244140625,1289.0,1288.0,1288.199951171875,21007
2025-04-22 13:48:00+05:30,1288.0999755859375,1289.199951171875,1287.699951171875,1288.9000244140625,27761
2025-04-22 13:49:00+05:30,1288.300048828125,1288.4000244140625,1287.5999755859375,1288.0,39519
2025-04-22 13:50:00+05:30,1288.300048828125,1288.4000244140625,1287.699951171875,1288.300048828125,22404
2025-04-22 13:51:00+05:30,1288.0,1288.4000244140625,1287.699951171875,1288.0,26242
2025-04-22 13:52:00+05:30,1288.0,1288.5,1287.699951171875,1288.300048828125,24557
2025-04-22 13:53:00+05:30,1288.0,1288.5,1287.699951171875,1288.0999755859375,22648
2025-04-22 13:54:00+05:30,1286.5999755859375,1288.0999755859375,1286.5999755859375,1287.9000244140625,33668
2025-04-22 13:55:00+05:30,1286.300048828125,1287.0999755859375,1286.300048828125,1287.0,34408
2025-04-22 13:56:00+05:30,1286.9000244140625,1287.5,1286.800048828125,1286.9000244140625,15462
2025-04-22 13:57:00+05:30,1287.5,1287.9000244140625,1286.9000244140625,1287.5,17802
2025-04-22 13:58:00+05:30,1288.0,1288.0,1287.0999755859375,1287.5999755859375,28476
2025-04-22 13:59:00+05:30,1289.300048828125,1289.5999755859375,1287.699951171875,1288.0,24877
2025-04-22 14:00:00+05:30,1288.699951171875,1289.0999755859375,1288.4000244140625,1289.0,25596
2025-04-22 14:01:00+05:30,1288.5,1289.5,1288.0999755859375,1288.199951171875,38851
2025-04-22 14:02:00+05:30,1289.4000244140625,1289.5,1288.300048828125,1288.5,12440
2025-04-22 14:03:00+05:30,1290.0,1290.0,1289.0,1289.5,21653
2025-04-22 14:04:00+05:30,1290.300048828125,1290.800048828125,1289.5999755859375,1289.5999755859375,47857
2025-04-22 14:05:00+05:30,1290.4000244140625,1290.699951171875,1289.699951171875,1290.4000244140625,26055
2025-04-22 14:06:00+05:30,1290.300048828125,1290.800048828125,1290.0,1290.4000244140625,17995
2025-04-22 14:07:00+05:30,1290.5999755859375,1291.0,1290.199951171875,1290.800048828125,16345
2025-04-22 14:08:00+05:30,1290.800048828125,1291.199951171875,1290.0999755859375,1290.5999755859375,18428
2025-04-22 14:09:00+05:30,1291.0,1291.4000244140625,1290.800048828125,1291.0,9676
2025-04-22 14:10:00+05:30,1290.5999755859375,1291.300048828125,1290.5999755859375,1291.300048828125,16359
2025-04-22 14:11:00+05:30,1289.4000244140625,1290.699951171875,1289.199951171875,1290.5999755859375,21652
2025-04-22 14:12:00+05:30,1289.0,1289.800048828125,1288.5,1289.5,26956
2025-04-22 14:13:00+05:30,1290.0999755859375,1290.5999755859375,1288.5999755859375,1289.0,26283
2025-04-22 14:14:00+05:30,1289.699951171875,1290.300048828125,1289.5999755859375,1290.0,15649
2025-04-22 14:15:00+05:30,1289.5,1290.300048828125,1289.0999755859375,1289.9000244140625,31863
2025-04-22 14:16:00+05:30,1290.0999755859375,1290.5,1289.5,1289.5,16771
2025-04-22 14:17:00+05:30,1289.300048828125,1290.199951171875,1289.0,1290.0999755859375,23153
2025-04-22 14:18:00+05:30,1288.9000244140625,1289.9000244140625,1288.9000244140625,1289.4000244140625,14119
2025-04-22 14:19:00+05:30,1289.0999755859375,1289.5999755859375,1288.800048828125,1289.0,23734
2025-04-22 14:20:00+05:30,1289.800048828125,1290.5,1289.300048828125,1289.300048828125,27491
2025-04-22 14:21:00+05:30,1290.4000244140625,1290.800048828125,1289.300048828125,1290.0,27552
2025-04-22 14:22:00+05:30,1290.0,1290.9000244140625,1290.0,1290.699951171875,19645
2025-04-22 14:23:00+05:30,1289.0,1290.5999755859375,1288.800048828125,1290.0,20993
2025-04-22 14:24:00+05:30,1288.300048828125,1289.4000244140625,1288.0999755859375,1289.4000244140625,26282
2025-04-22 14:25:00+05:30,1288.0999755859375,1289.0,1288.0999755859375,1288.300048828125,18319
2025-04-22 14:26:00+05:30,1288.199951171875,1289.0,1287.800048828125,1288.199951171875,26803
2025-04-22 14:27:00+05:30,1290.300048828125,1290.5999755859375,1288.0999755859375,1288.699951171875,103096
2025-04-22 14:28:00+05:30,1290.5999755859375,1290.5999755859375,1290.0,1290.5999755859375,15838
2025-04-22 14:29:00+05:30,1291.0,1291.0,1290.0999755859375,1290.5999755859375,29112
2025-04-22 14:30:00+05:30,1291.0,1291.0,1290.0,1291.0,16633
2025-04-22 14:31:00+05:30,1290.4000244140625,1291.300048828125,1290.300048828125,1291.0,18116
2025-04-22 14:32:00+05:30,1291.5,1291.5,1290.199951171875,1290.5,19814
2025-04-22 14:33:00+05:30,1290.4000244140625,1291.5,1290.0999755859375,1291.0999755859375,17816
2025-04-22 14:34:00+05:30,1289.5,1290.4000244140625,1289.0999755859375,1290.4000244140625,150772
2025-04-22 14:35:00+05:30,1291.5,1291.5999755859375,1289.4000244140625,1289.4000244140625,76537
2025-04-22 14:36:00+05:30,1292.800048828125,1293.0,1291.5,1291.5999755859375,60545
2025-04-22 14:37:00+05:30,1293.199951171875,1293.800048828125,1292.0999755859375,1292.800048828125,32000
2025-04-22 14:38:00+05:30,1292.5999755859375,1293.5999755859375,1292.5,1293.199951171875,43069
2025-04-22 14:39:00+05:30,1292.300048828125,1292.5999755859375,1291.699951171875,1292.5999755859375,25824
2025-04-22 14:40:00+05:30,1292.5,1293.0,1291.800048828125,1292.300048828125,17371
2025-04-22 14:41:00+05:30,1292.300048828125,1293.0999755859375,1292.0999755859375,1292.5,23678
2025-04-22 14:42:00+05:30,1292.0999755859375,1293.0,1291.699951171875,1292.5999755859375,51105
2025-04-22 14:43:00+05:30,1292.4000244140625,1292.800048828125,1291.699951171875,1292.5,17289
2025-04-22 14:44:00+05:30,1291.9000244140625,1292.4000244140625,1291.5,1292.4000244140625,22154
2025-04-22 14:45:00+05:30,1291.9000244140625,1292.5999755859375,1291.5,1292.0,47987
2025-04-22 14:46:00+05:30,1291.699951171875,1292.5,1291.5,1291.699951171875,18899
2025-04-22 14:47:00+05:30,1290.699951171875,1291.9000244140625,1290.0999755859375,1291.9000244140625,31273
2025-04-22 14:48:00+05:30,1290.0,1290.699951171875,1289.199951171875,1290.699951171875,23883
2025-04-22 14:49:00+05:30,1291.4000244140625,1291.5999755859375,1289.5,1289.800048828125,12599
2025-04-22 14:50:00+05:30,1291.9000244140625,1292.0,1290.5999755859375,1291.5,10749
2025-04-22 14:51:00+05:30,1291.4000244140625,1292.4000244140625,1291.4000244140625,1292.0,19212
2025-04-22 14:52:00+05:30,1292.300048828125,1292.5,1291.800048828125,1291.800048828125,38599
2025-04-22 14:53:00+05:30,1291.9000244140625,1292.699951171875,1291.5999755859375,1292.300048828125,44618
2025-04-22 14:54:00+05:30,1292.199951171875,1292.4000244140625,1291.699951171875,1291.9000244140625,19504
2025-04-22 14:55:00+05:30,1292.199951171875,1292.5999755859375,1291.800048828125,1292.199951171875,15013
2025-04-22 14:56:00+05:30,1291.699951171875,1292.5,1291.5,1292.199951171875,20833
2025-04-22 14:57:00+05:30,1292.0,1292.199951171875,1291.4000244140625,1291.699951171875,12069
2025-04-22 14:58:00+05:30,1290.800048828125,1292.4000244140625,1290.5999755859375,1291.5,24866
2025-04-22 14:59:00+05:30,1291.0999755859375,1291.5999755859375,1290.199951171875,1290.5,25932
2025-04-22 15:00:00+05:30,1291.9000244140625,1291.9000244140625,1290.9000244140625,1291.0999755859375,33500
2025-04-22 15:01:00+05:30,1290.199951171875,1291.9000244140625,1290.0999755859375,1291.9000244140625,58205
2025-04-22 15:02:00+05:30,1290.699951171875,1290.699951171875,1290.0,1290.0999755859375,40178
2025-04-22 15:03:00+05:30,1291.199951171875,1291.4000244140625,1290.699951171875,1290.800048828125,44109
2025-04-22 15:04:00+05:30,1291.5999755859375,1291.699951171875,1291.0,1291.199951171875,46885
2025-04-22 15:05:00+05:30,1291.699951171875,1292.0,1291.0,1291.5999755859375,31318
2025-04-22 15:06:00+05:30,1291.4000244140625,1291.9000244140625,1291.4000244140625,1291.699951171875,37318
2025-04-22 15:07:00+05:30,1291.0,1291.699951171875,1290.9000244140625,1291.5999755859375,35871
2025-04-22 15:08:00+05:30,1291.300048828125,1291.5999755859375,1290.9000244140625,1291.0999755859375,30201
2025-04-22 15:09:00+05:30,1291.9000244140625,1291.9000244140625,1290.9000244140625,1291.4000244140625,95307
2025-04-22 15:10:00+05:30,1291.800048828125,1292.0,1290.9000244140625,1291.9000244140625,52030
2025-04-22 15:11:00+05:30,1291.4000244140625,1292.0,1291.300048828125,1292.0,29415
2025-04-22 15:12:00+05:30,1291.5999755859375,1291.5999755859375,1291.199951171875,1291.4000244140625,35935
2025-04-22 15:13:00+05:30,1291.4000244140625,1291.5999755859375,1291.300048828125,1291.5999755859375,24560
2025-04-22 15:14:00+05:30,1291.300048828125,1291.699951171875,1291.300048828125,1291.4000244140625,34146
2025-04-22 15:15:00+05:30,1291.9000244140625,1291.9000244140625,1291.300048828125,1291.300048828125,47439
2025-04-22 15:16:00+05:30,1291.5,1291.800048828125,1291.0,1291.800048828125,36574
2025-04-22 15:17:00+05:30,1291.300048828125,1291.800048828125,1291.300048828125,1291.5,28320
2025-04-22 15:18:00+05:30,1291.5999755859375,1291.5999755859375,1291.199951171875,1291.4000244140625,35103
2025-04-22 15:19:00+05:30,1291.300048828125,1291.5999755859375,1291.199951171875,1291.300048828125,24081
2025-04-22 15:20:00+05:30,1291.9000244140625,1291.9000244140625,1290.9000244140625,1291.4000244140625,46361
2025-04-22 15:21:00+05:30,1291.199951171875,1292.0,1291.0999755859375,1291.9000244140625,21148
2025-04-22 15:22:00+05:30,1290.300048828125,1291.199951171875,1290.199951171875,1291.0999755859375,26774
2025-04-22 15:23:00+05:30,1290.199951171875,1290.5,1290.0,1290.300048828125,38790
2025-04-22 15:24:00+05:30,1290.800048828125,1291.0,1290.0999755859375,1290.300048828125,26636
2025-04-22 15:25:00+05:30,1290.5999755859375,1291.0,1290.5999755859375,1290.800048828125,22757
2025-04-22 15:26:00+05:30,1290.4000244140625,1290.800048828125,1290.0,1290.699951171875,32607
2025-04-22 15:27:00+05:30,1290.5,1290.699951171875,1290.300048828125,1290.4000244140625,15887
2025-04-22 15:28:00+05:30,1290.4000244140625,1290.5999755859375,1290.199951171875,1290.5,18110
2025-04-22 15:29:00+05:30,1289.199951171875,1290.4000244140625,1288.0,1290.4000244140625,28353
2025-04-24 09:15:00+05:30,1295.0999755859375,1295.300048828125,1292.5,1294.0,0
2025-04-24 09:16:00+05:30,1296.0999755859375,1297.0999755859375,1294.5999755859375,1295.0999755859375,61912
2025-04-24 09:17:00+05:30,1294.5,1297.5999755859375,1294.5,1296.5,37046
2025-04-24 09:18:00+05:30,1296.300048828125,1296.800048828125,1294.5,1294.5,46050
2025-04-24 09:19:00+05:30,1295.300048828125,1296.5,1295.300048828125,1295.800048828125,28444
2025-04-24 09:20:00+05:30,1295.800048828125,1295.9000244140625,1294.9000244140625,1294.9000244140625,37313
2025-04-24 09:21:00+05:30,1295.0999755859375,1296.5999755859375,1295.0999755859375,1296.5999755859375,30494
2025-04-24 09:22:00+05:30,1295.5999755859375,1296.0,1295.0,1295.0999755859375,39498
2025-04-24 09:23:00+05:30,1294.9000244140625,1295.9000244140625,1294.0,1295.0999755859375,33172
2025-04-24 09:24:00+05:30,1294.4000244140625,1295.5,1294.0,1294.9000244140625,23941
2025-04-24 09:25:00+05:30,1293.4000244140625,1294.199951171875,1293.0,1293.800048828125,49740
2025-04-24 09:26:00+05:30,1293.0,1293.4000244140625,1293.0,1293.4000244140625,24760
2025-04-24 09:27:00+05:30,1292.0,1293.0999755859375,1291.9000244140625,1293.0,42475
2025-04-24 09:28:00+05:30,1291.300048828125,1292.0999755859375,1291.300048828125,1291.5999755859375,27541
2025-04-24 09:29:00+05:30,1291.800048828125,1292.0999755859375,1291.300048828125,1292.0,35269
2025-04-24 09:30:00+05:30,1291.800048828125,1292.199951171875,1291.5999755859375,1292.0,37939
2025-04-24 09:31:00+05:30,1293.0,1293.0,1291.699951171875,1291.699951171875,23505
2025-04-24 09:32:00+05:30,1293.5999755859375,1293.5999755859375,1293.300048828125,1293.300048828125,22732
2025-04-24 09:33:00+05:30,1294.5,1294.5,1293.5,1293.5,12303
2025-04-24 09:34:00+05:30,1296.9000244140625,1296.9000244140625,1294.4000244140625,1294.5,32267
2025-04-24 09:35:00+05:30,1296.5999755859375,1296.5999755859375,1296.0,1296.0,16258
2025-04-24 09:36:00+05:30,1294.9000244140625,1296.5999755859375,1294.5999755859375,1296.5999755859375,17869
2025-04-24 09:37:00+05:30,1295.5,1295.5,1294.199951171875,1294.5999755859375,16981
2025-04-24 09:38:00+05:30,1295.0,1295.5999755859375,1294.4000244140625,1295.0,18315
2025-04-24 09:39:00+05:30,1294.800048828125,1295.199951171875,1294.800048828125,1295.199951171875,12493
2025-04-24 09:40:00+05:30,1293.0999755859375,1294.800048828125,1293.0999755859375,1294.800048828125,19386
2025-04-24 09:41:00+05:30,1294.0,1294.199951171875,1293.0999755859375,1293.0999755859375,23578
2025-04-24 09:42:00+05:30,1293.699951171875,1293.800048828125,1293.0999755859375,1293.699951171875,7957
2025-04-24 09:43:00+05:30,1293.800048828125,1293.800048828125,1293.199951171875,1293.199951171875,10591
2025-04-24 09:44:00+05:30,1293.5,1293.800048828125,1293.199951171875,1293.800048828125,10668
2025-04-24 09:45:00+05:30,1293.0999755859375,1293.5,1292.800048828125,1293.5,13455
2025-04-24 09:46:00+05:30,1292.699951171875,1293.0,1292.5999755859375,1292.800048828125,10558
2025-04-24 09:47:00+05:30,1292.0999755859375,1292.5999755859375,1292.0,1292.5999755859375,10178
2025-04-24 09:48:00+05:30,1292.4000244140625,1292.4000244140625,1292.0,1292.0,9688
2025-04-24 09:49:00+05:30,1292.5,1292.5,1292.0,1292.0999755859375,15065
2025-04-24 09:50:00+05:30,1293.800048828125,1293.800048828125,1292.4000244140625,1292.4000244140625,11106
2025-04-24 09:51:00+05:30,1294.0,1294.0,1293.5999755859375,1293.9000244140625,6872
2025-04-24 09:52:00+05:30,1293.9000244140625,1294.300048828125,1293.5,1293.699951171875,7825
2025-04-24 09:53:00+05:30,1293.5,1293.699951171875,1293.0999755859375,1293.5,60203
2025-04-24 09:54:00+05:30,1294.699951171875,1294.699951171875,1293.5,1293.5999755859375,19030
2025-04-24 09:55:00+05:30,1294.0,1294.800048828125,1293.800048828125,1294.5,67131
2025-04-24 09:56:00+05:30,1293.199951171875,1294.0,1293.0,1293.800048828125,53106
2025-04-24 09:57:00+05:30,1292.800048828125,1293.199951171875,1292.5,1292.9000244140625,5808
2025-04-24 09:58:00+05:30,1293.699951171875,1293.800048828125,1293.0,1293.0,8930
2025-04-24 09:59:00+05:30,1293.199951171875,1293.5999755859375,1292.699951171875,1293.5,10599
2025-04-24 10:00:00+05:30,1292.300048828125,1293.0,1292.300048828125,1293.0,11865
2025-04-24 10:01:00+05:30,1291.800048828125,1292.5999755859375,1291.800048828125,1292.5999755859375,27791
2025-04-24 10:02:00+05:30,1292.5999755859375,1292.5999755859375,1291.9000244140625,1292.0,9222
2025-04-24 10:03:00+05:30,1292.4000244140625,1292.5999755859375,1292.0,1292.300048828125,14708
2025-04-24 10:04:00+05:30,1292.0,1292.5,1292.0,1292.0999755859375,13042
2025-04-24 10:05:00+05:30,1292.0999755859375,1292.300048828125,1291.9000244140625,1292.300048828125,11797
2025-04-24 10:06:00+05:30,1292.699951171875,1292.699951171875,1292.0,1292.0,12733
2025-04-24 10:07:00+05:30,1292.5,1292.800048828125,1292.5,1292.800048828125,6757
2025-04-24 10:08:00+05:30,1292.0,1292.5999755859375,1291.9000244140625,1292.5,9774
2025-04-24 10:09:00+05:30,1291.4000244140625,1291.9000244140625,1291.4000244140625,1291.5,11934
2025-04-24 10:10:00+05:30,1290.699951171875,1291.5,1290.300048828125,1290.4000244140625,51312
2025-04-24 10:11:00+05:30,1291.9000244140625,1291.9000244140625,1290.699951171875,1291.0999755859375,10812
2025-04-24 10:12:00+05:30,1292.0,1292.5,1291.800048828125,1291.9000244140625,6391
2025-04-24 10:13:00+05:30,1292.300048828125,1292.5,1291.5,1291.9000244140625,12657
2025-04-24 10:14:00+05:30,1292.9000244140625,1293.0,1292.4000244140625,1292.5999755859375,14452
2025-04-24 10:15:00+05:30,1292.699951171875,1293.0999755859375,1291.699951171875,1293.0999755859375,37956
2025-04-24 10:16:00+05:30,1292.0999755859375,1292.699951171875,1291.800048828125,1292.699951171875,5995
2025-04-24 10:17:00+05:30,1292.0999755859375,1292.199951171875,1292.0999755859375,1292.0999755859375,4497
2025-04-24 10:18:00+05:30,1292.4000244140625,1292.5,1292.0999755859375,1292.199951171875,8655
2025-04-24 10:19:00+05:30,1292.300048828125,1292.9000244140625,1292.0999755859375,1292.9000244140625,12905
2025-04-24 10:20:00+05:30,1291.699951171875,1292.4000244140625,1291.699951171875,1292.300048828125,24232
2025-04-24 10:21:00+05:30,1292.0,1292.0,1291.199951171875,1291.800048828125,13136
2025-04-24 10:22:00+05:30,1291.5,1292.0,1291.0,1292.0,12371
2025-04-24 10:23:00+05:30,1291.699951171875,1291.9000244140625,1291.300048828125,1291.4000244140625,7851
2025-04-24 10:24:00+05:30,1292.5999755859375,1292.5999755859375,1291.9000244140625,1291.9000244140625,7077
2025-04-24 10:25:00+05:30,1293.300048828125,1293.300048828125,1292.0999755859375,1292.5,10226
2025-04-24 10:26:00+05:30,1292.9000244140625,1293.0999755859375,1292.5,1292.5,5915
2025-04-24 10:27:00+05:30,1293.300048828125,1293.5,1292.800048828125,1293.0,10668
2025-04-24 10:28:00+05:30,1293.5999755859375,1293.9000244140625,1293.0999755859375,1293.0999755859375,12313
2025-04-24 10:29:00+05:30,1295.5999755859375,1295.5999755859375,1293.800048828125,1294.0,21823
2025-04-24 10:30:00+05:30,1296.0,1296.0,1295.0,1295.5999755859375,34750
2025-04-24 10:31:00+05:30,1295.699951171875,1296.300048828125,1295.199951171875,1295.9000244140625,23006
2025-04-24 10:32:00+05:30,1295.5999755859375,1295.800048828125,1295.0,1295.699951171875,14702
2025-04-24 10:33:00+05:30,1294.4000244140625,1295.5999755859375,1294.4000244140625,1295.5999755859375,6442
2025-04-24 10:34:00+05:30,1295.0999755859375,1295.0999755859375,1294.4000244140625,1294.800048828125,11915
2025-04-24 10:35:00+05:30,1294.9000244140625,1295.0999755859375,1294.5,1295.0,11932
2025-04-24 10:36:00+05:30,1295.5,1295.5999755859375,1294.5,1294.5,11153
2025-04-24 10:37:00+05:30,1296.0,1296.4000244140625,1295.0,1295.0999755859375,26770
2025-04-24 10:38:00+05:30,1295.699951171875,1296.0999755859375,1295.0999755859375,1296.0,10264
2025-04-24 10:39:00+05:30,1296.4000244140625,1296.4000244140625,1295.300048828125,1295.699951171875,14010
2025-04-24 10:40:00+05:30,1295.9000244140625,1296.4000244140625,1295.4000244140625,1296.199951171875,17879
2025-04-24 10:41:00+05:30,1295.5,1296.0,1295.300048828125,1295.800048828125,6198
2025-04-24 10:42:00+05:30,1295.300048828125,1295.5,1295.199951171875,1295.5,4491
2025-04-24 10:43:00+05:30,1295.300048828125,1295.5999755859375,1295.199951171875,1295.199951171875,15567
2025-04-24 10:44:00+05:30,1295.4000244140625,1295.5,1295.0,1295.4000244140625,25813
2025-04-24 10:45:00+05:30,1296.4000244140625,1296.5,1295.0999755859375,1295.5,33942
2025-04-24 10:46:00+05:30,1295.699951171875,1296.5,1295.699951171875,1296.4000244140625,7385
2025-04-24 10:47:00+05:30,1296.0999755859375,1296.5,1295.5999755859375,1295.5999755859375,9259
2025-04-24 10:48:00+05:30,1295.5999755859375,1296.5,1295.5,1296.0999755859375,5947
2025-04-24 10:49:00+05:30,1296.0,1296.199951171875,1295.5999755859375,1295.699951171875,9973
2025-04-24 10:50:00+05:30,1295.300048828125,1295.9000244140625,1295.0,1295.9000244140625,26357
2025-04-24 10:51:00+05:30,1295.0,1295.699951171875,1295.0,1295.0,15638
2025-04-24 10:52:00+05:30,1295.300048828125,1295.5,1295.0,1295.4000244140625,29424
2025-04-24 10:53:00+05:30,1295.199951171875,1295.4000244140625,1295.0,1295.0,19243
2025-04-24 10:54:00+05:30,1294.0,1295.199951171875,1293.699951171875,1295.199951171875,9535
2025-04-24 10:55:00+05:30,1293.5,1293.9000244140625,1293.199951171875,1293.9000244140625,14171
2025-04-24 10:56:00+05:30,1293.9000244140625,1293.9000244140625,1292.800048828125,1293.0,12619
2025-04-24 10:57:00+05:30,1294.300048828125,1294.300048828125,1293.699951171875,1293.800048828125,7782
2025-04-24 10:58:00+05:30,1294.5,1294.5999755859375,1294.0,1294.0999755859375,34516
2025-04-24 10:59:00+05:30,1295.300048828125,1295.5,1294.699951171875,1294.699951171875,21255
2025-04-24 11:00:00+05:30,1295.800048828125,1296.4000244140625,1295.199951171875,1295.4000244140625,25530
2025-04-24 11:01:00+05:30,1295.0999755859375,1295.800048828125,1295.0,1295.4000244140625,14218
2025-04-24 11:02:00+05:30,1295.5999755859375,1295.9000244140625,1295.0,1295.0999755859375,8338
2025-04-24 11:03:00+05:30,1295.199951171875,1295.800048828125,1295.0,1295.4000244140625,13267
2025-04-24 11:04:00+05:30,1295.300048828125,1295.300048828125,1295.0,1295.0,28017
2025-04-24 11:05:00+05:30,1295.0999755859375,1295.4000244140625,1294.9000244140625,1295.4000244140625,21117
2025-04-24 11:06:00+05:30,1295.199951171875,1295.5,1294.800048828125,1295.0,14523
2025-04-24 11:07:00+05:30,1295.4000244140625,1295.5999755859375,1295.0,1295.300048828125,10113
2025-04-24 11:08:00+05:30,1295.300048828125,1295.5,1295.0,1295.4000244140625,12418
2025-04-24 11:09:00+05:30,1295.199951171875,1295.5,1295.0,1295.300048828125,11112
2025-04-24 11:10:00+05:30,1295.0,1295.300048828125,1295.0,1295.199951171875,10590
2025-04-24 11:11:00+05:30,1295.199951171875,1295.300048828125,1295.0,1295.300048828125,11022
2025-04-24 11:12:00+05:30,1295.300048828125,1295.300048828125,1295.0,1295.199951171875,6278
2025-04-24 11:13:00+05:30,1295.300048828125,1295.300048828125,1295.0999755859375,1295.199951171875,5086
2025-04-24 11:14:00+05:30,1295.300048828125,1295.300048828125,1295.0,1295.300048828125,4673
2025-04-24 11:15:00+05:30,1295.199951171875,1295.4000244140625,1295.0,1295.300048828125,6012
2025-04-24 11:16:00+05:30,1295.300048828125,1295.5999755859375,1295.199951171875,1295.199951171875,37428
2025-04-24 11:17:00+05:30,1295.4000244140625,1295.5999755859375,1295.300048828125,1295.5,13567
2025-04-24 11:18:00+05:30,1295.4000244140625,1295.5999755859375,1295.0,1295.4000244140625,14628
2025-04-24 11:19:00+05:30,1295.4000244140625,1295.4000244140625,1295.0,1295.4000244140625,6794
2025-04-24 11:20:00+05:30,1295.199951171875,1295.4000244140625,1295.0,1295.4000244140625,58969
2025-04-24 11:21:00+05:30,1295.0999755859375,1295.4000244140625,1295.0,1295.300048828125,14600
2025-04-24 11:22:00+05:30,1295.199951171875,1295.199951171875,1295.0,1295.199951171875,14669
2025-04-24 11:23:00+05:30,1295.199951171875,1295.199951171875,1295.0,1295.0999755859375,17851
2025-04-24 11:24:00+05:30,1295.0999755859375,1295.199951171875,1295.0,1295.199951171875,31195
2025-04-24 11:25:00+05:30,1294.5,1295.300048828125,1294.5,1295.199951171875,54156
2025-04-24 11:26:00+05:30,1294.5,1294.699951171875,1294.0,1294.0999755859375,21675
2025-04-24 11:27:00+05:30,1295.0999755859375,1295.199951171875,1294.4000244140625,1294.5999755859375,11897
2025-04-24 11:28:00+05:30,1294.300048828125,1295.300048828125,1294.0999755859375,1295.0,33213
2025-04-24 11:29:00+05:30,1295.199951171875,1295.4000244140625,1294.199951171875,1294.199951171875,24078
2025-04-24 11:30:00+05:30,1295.0,1295.300048828125,1295.0,1295.199951171875,13173
2025-04-24 11:31:00+05:30,1295.0999755859375,1295.199951171875,1295.0,1295.0999755859375,22695
2025-04-24 11:32:00+05:30,1295.0,1295.300048828125,1294.9000244140625,1295.300048828125,26236
2025-04-24 11:33:00+05:30,1295.5,1295.5999755859375,1294.9000244140625,1295.0,12485
2025-04-24 11:34:00+05:30,1296.0,1296.0,1295.4000244140625,1295.4000244140625,14578
2025-04-24 11:35:00+05:30,1296.300048828125,1296.300048828125,1295.5,1295.699951171875,12075
2025-04-24 11:36:00+05:30,1296.699951171875,1296.800048828125,1295.800048828125,1296.199951171875,36152
2025-04-24 11:37:00+05:30,1296.9000244140625,1296.9000244140625,1296.199951171875,1296.800048828125,17295
2025-04-24 11:38:00+05:30,1296.9000244140625,1297.199951171875,1296.4000244140625,1296.9000244140625,29827
2025-04-24 11:39:00+05:30,1297.300048828125,1297.4000244140625,1296.5999755859375,1296.9000244140625,11233
2025-04-24 11:40:00+05:30,1297.0,1297.4000244140625,1296.800048828125,1297.0,9921
2025-04-24 11:41:00+05:30,1297.300048828125,1297.5,1296.5999755859375,1297.0,12912
2025-04-24 11:42:00+05:30,1297.199951171875,1297.5,1297.0,1297.4000244140625,4849
2025-04-24 11:43:00+05:30,1297.699951171875,1297.800048828125,1297.0999755859375,1297.0999755859375,6095
2025-04-24 11:44:00+05:30,1297.4000244140625,1297.699951171875,1296.800048828125,1297.5999755859375,7159
2025-04-24 11:45:00+05:30,1297.800048828125,1297.9000244140625,1296.9000244140625,1297.4000244140625,20301
2025-04-24 11:46:00+05:30,1299.5999755859375,1299.5999755859375,1297.800048828125,1297.800048828125,48249
2025-04-24 11:47:00+05:30,1299.199951171875,1299.5999755859375,1298.800048828125,1299.199951171875,29904
2025-04-24 11:48:00+05:30,1299.0,1299.5,1298.300048828125,1299.199951171875,13820
2025-04-24 11:49:00+05:30,1298.699951171875,1299.0,1298.4000244140625,1299.0,11282
2025-04-24 11:50:00+05:30,1298.4000244140625,1298.699951171875,1298.0999755859375,1298.4000244140625,6000
2025-04-24 11:51:00+05:30,1297.5,1298.4000244140625,1297.0,1298.300048828125,12578
2025-04-24 11:52:00+05:30,1296.9000244140625,1297.5,1296.9000244140625,1297.4000244140625,23350
2025-04-24 11:53:00+05:30,1298.0,1298.300048828125,1296.9000244140625,1297.0,51843
2025-04-24 11:54:00+05:30,1297.800048828125,1298.5,1297.300048828125,1297.699951171875,37430
2025-04-24 11:55:00+05:30,1297.5999755859375,1298.0,1297.0999755859375,1297.800048828125,33664
2025-04-24 11:56:00+05:30,1297.0,1297.5999755859375,1296.5,1297.5999755859375,16096
2025-04-24 11:57:00+05:30,1296.9000244140625,1297.9000244140625,1296.699951171875,1297.0,28113
2025-04-24 11:58:00+05:30,1297.4000244140625,1297.4000244140625,1296.699951171875,1296.699951171875,12274
2025-04-24 11:59:00+05:30,1297.300048828125,1297.699951171875,1296.5,1297.4000244140625,23612
2025-04-24 12:00:00+05:30,1297.800048828125,1297.9000244140625,1297.0,1297.4000244140625,31714
2025-04-24 12:01:00+05:30,1298.199951171875,1298.300048828125,1297.300048828125,1297.4000244140625,14336
2025-04-24 12:02:00+05:30,1297.800048828125,1298.300048828125,1297.0,1298.199951171875,26582
2025-04-24 12:03:00+05:30,1297.699951171875,1298.0,1297.199951171875,1297.800048828125,11469
2025-04-24 12:04:00+05:30,1297.300048828125,1297.9000244140625,1297.0999755859375,1297.699951171875,13554
2025-04-24 12:05:00+05:30,1298.199951171875,1298.199951171875,1297.300048828125,1297.5999755859375,17415
2025-04-24 12:06:00+05:30,1298.800048828125,1298.800048828125,1298.0,1298.0,20420
2025-04-24 12:07:00+05:30,1298.0999755859375,1298.699951171875,1298.0,1298.699951171875,14574
2025-04-24 12:08:00+05:30,1298.5999755859375,1298.800048828125,1298.0999755859375,1298.4000244140625,10722
2025-04-24 12:09:00+05:30,1298.5999755859375,1298.800048828125,1298.0999755859375,1298.5,8526
2025-04-24 12:10:00+05:30,1298.0999755859375,1298.699951171875,1298.0,1298.5999755859375,5681
2025-04-24 12:11:00+05:30,1298.0,1298.5,1298.0,1298.0,8559
2025-04-24 12:12:00+05:30,1298.300048828125,1298.4000244140625,1298.0,1298.0,9068
2025-04-24 12:13:00+05:30,1298.0,1298.5,1298.0,1298.4000244140625,8168
2025-04-24 12:14:00+05:30,1298.0999755859375,1298.300048828125,1298.0,1298.0,9226
2025-04-24 12:15:00+05:30,1298.0,1298.199951171875,1297.800048828125,1298.0999755859375,11002
2025-04-24 12:16:00+05:30,1298.0,1298.300048828125,1298.0,1298.0999755859375,12232
2025-04-24 12:17:00+05:30,1298.199951171875,1298.199951171875,1298.0,1298.0,7698
2025-04-24 12:18:00+05:30,1298.199951171875,1298.300048828125,1298.0999755859375,1298.0999755859375,5429
2025-04-24 12:19:00+05:30,1299.699951171875,1299.699951171875,1298.4000244140625,1298.4000244140625,73937
2025-04-24 12:20:00+05:30,1300.5999755859375,1300.699951171875,1299.5,1299.5,71735
2025-04-24 12:21:00+05:30,1300.0,1300.5999755859375,1300.0,1300.5,21296
2025-04-24 12:22:00+05:30,1300.0999755859375,1300.300048828125,1299.0999755859375,1300.0999755859375,72410
2025-04-24 12:23:00+05:30,1299.5,1300.300048828125,1299.5,1300.0,22485
2025-04-24 12:24:00+05:30,1299.699951171875,1300.199951171875,1299.4000244140625,1299.5,10414
2025-04-24 12:25:00+05:30,1299.5,1300.0,1299.5,1299.699951171875,7291
2025-04-24 12:26:00+05:30,1299.0999755859375,1299.699951171875,1299.0999755859375,1299.5,7900
2025-04-24 12:27:00+05:30,1299.699951171875,1299.800048828125,1299.0999755859375,1299.0999755859375,8211
2025-04-24 12:28:00+05:30,1299.199951171875,1299.800048828125,1299.0999755859375,1299.5,8169
2025-04-24 12:29:00+05:30,1299.300048828125,1299.4000244140625,1299.0999755859375,1299.300048828125,5033
2025-04-24 12:30:00+05:30,1298.5,1299.300048828125,1298.300048828125,1299.0999755859375,12078
2025-04-24 12:31:00+05:30,1298.699951171875,1299.0,1298.300048828125,1298.4000244140625,20041
2025-04-24 12:32:00+05:30,1299.5,1299.5999755859375,1298.5999755859375,1299.4000244140625,8228
2025-04-24 12:33:00+05:30,1299.300048828125,1299.800048828125,1299.0,1299.300048828125,12736
2025-04-24 12:34:00+05:30,1299.4000244140625,1299.5999755859375,1299.300048828125,1299.5,10186
2025-04-24 12:35:00+05:30,1299.4000244140625,1299.699951171875,1298.5999755859375,1299.5999755859375,17853
2025-04-24 12:36:00+05:30,1299.699951171875,1299.800048828125,1299.300048828125,1299.4000244140625,12193
2025-04-24 12:37:00+05:30,1299.800048828125,1299.800048828125,1299.300048828125,1299.300048828125,9464
2025-04-24 12:38:00+05:30,1299.699951171875,1299.9000244140625,1298.5999755859375,1299.5999755859375,24862
2025-04-24 12:39:00+05:30,1299.5999755859375,1299.9000244140625,1299.0999755859375,1299.199951171875,15573
2025-04-24 12:40:00+05:30,1300.0999755859375,1300.0999755859375,1299.199951171875,1299.4000244140625,43540
2025-04-24 12:41:00+05:30,1300.0999755859375,1300.199951171875,1300.0,1300.0,20502
2025-04-24 12:42:00+05:30,1300.199951171875,1300.199951171875,1300.0,1300.0,29393
2025-04-24 12:43:00+05:30,1300.0,1300.300048828125,1300.0,1300.199951171875,17874
2025-04-24 12:44:00+05:30,1300.199951171875,1300.300048828125,1300.0,1300.0999755859375,23180
2025-04-24 12:45:00+05:30,1300.0,1300.300048828125,1300.0,1300.0999755859375,23512
2025-04-24 12:46:00+05:30,1300.0999755859375,1300.199951171875,1300.0,1300.0999755859375,20878
2025-04-24 12:47:00+05:30,1300.0999755859375,1300.300048828125,1300.0,1300.0999755859375,18994
2025-04-24 12:48:00+05:30,1300.0999755859375,1300.300048828125,1300.0,1300.300048828125,18679
2025-04-24 12:49:00+05:30,1300.0999755859375,1300.0999755859375,1299.5999755859375,1300.0,21594
2025-04-24 12:50:00+05:30,1300.0999755859375,1300.199951171875,1299.5999755859375,1300.199951171875,41959
2025-04-24 12:51:00+05:30,1300.0,1300.199951171875,1299.5999755859375,1300.0,14411
2025-04-24 12:52:00+05:30,1300.199951171875,1300.199951171875,1299.5999755859375,1300.0999755859375,8689
2025-04-24 12:53:00+05:30,1300.0,1300.199951171875,1300.0,1300.0,30402
2025-04-24 12:54:00+05:30,1300.0,1300.199951171875,1300.0,1300.0999755859375,37576
2025-04-24 12:55:00+05:30,1300.300048828125,1300.300048828125,1300.0,1300.0999755859375,11203
2025-04-24 12:56:00+05:30,1300.0,1300.4000244140625,1300.0,1300.300048828125,23783
2025-04-24 12:57:00+05:30,1300.0999755859375,1300.300048828125,1300.0,1300.0,8198
2025-04-24 12:58:00+05:30,1300.0999755859375,1300.0999755859375,1299.699951171875,1300.0,26245
2025-04-24 12:59:00+05:30,1300.0999755859375,1300.0999755859375,1300.0,1300.0,14128
2025-04-24 13:00:00+05:30,1298.5999755859375,1300.0999755859375,1298.5999755859375,1300.0999755859375,26514
2025-04-24 13:01:00+05:30,1299.4000244140625,1299.4000244140625,1298.5999755859375,1298.699951171875,32359
2025-04-24 13:02:00+05:30,1299.699951171875,1300.0,1298.9000244140625,1299.300048828125,43671
2025-04-24 13:03:00+05:30,1300.199951171875,1300.199951171875,1299.5,1299.699951171875,23096
2025-04-24 13:04:00+05:30,1299.800048828125,1300.0999755859375,1299.4000244140625,1300.0,14567
2025-04-24 13:05:00+05:30,1300.0,1300.300048828125,1299.9000244140625,1299.9000244140625,16698
2025-04-24 13:06:00+05:30,1300.300048828125,1300.5999755859375,1300.199951171875,1300.199951171875,16610
2025-04-24 13:07:00+05:30,1300.5999755859375,1301.0,1300.0,1300.0,32686
2025-04-24 13:08:00+05:30,1300.5999755859375,1300.5999755859375,1300.0,1300.199951171875,21195
2025-04-24 13:09:00+05:30,1300.199951171875,1300.699951171875,1300.0999755859375,1300.300048828125,12787
2025-04-24 13:10:00+05:30,1300.199951171875,1300.5,1300.0,1300.199951171875,8716
2025-04-24 13:11:00+05:30,1300.199951171875,1300.5999755859375,1300.0999755859375,1300.199951171875,10734
2025-04-24 13:12:00+05:30,1300.0,1300.4000244140625,1299.9000244140625,1300.0999755859375,36938
2025-04-24 13:13:00+05:30,1299.800048828125,1300.199951171875,1299.800048828125,1300.0999755859375,18265
2025-04-24 13:14:00+05:30,1299.5999755859375,1300.0,1299.5,1299.9000244140625,20901
2025-04-24 13:15:00+05:30,1299.5999755859375,1299.9000244140625,1299.300048828125,1299.5999755859375,20351
2025-04-24 13:16:00+05:30,1299.0999755859375,1299.800048828125,1299.0999755859375,1299.5999755859375,23291
2025-04-24 13:17:00+05:30,1298.9000244140625,1299.4000244140625,1298.5,1298.800048828125,11107
2025-04-24 13:18:00+05:30,1298.4000244140625,1299.199951171875,1298.4000244140625,1298.800048828125,14893
2025-04-24 13:19:00+05:30,1298.5,1299.0999755859375,1298.4000244140625,1298.5,13687
2025-04-24 13:20:00+05:30,1297.4000244140625,1298.699951171875,1297.4000244140625,1298.4000244140625,28657
2025-04-24 13:21:00+05:30,1298.0,1298.300048828125,1297.4000244140625,1297.699951171875,18312
2025-04-24 13:22:00+05:30,1297.5,1298.4000244140625,1297.4000244140625,1298.0,19065
2025-04-24 13:23:00+05:30,1297.9000244140625,1298.199951171875,1297.699951171875,1297.699951171875,18107
2025-04-24 13:24:00+05:30,1297.9000244140625,1298.0,1297.5,1297.699951171875,12315
2025-04-24 13:25:00+05:30,1297.699951171875,1298.0,1297.199951171875,1297.5999755859375,22932
2025-04-24 13:26:00+05:30,1297.300048828125,1297.699951171875,1297.0,1297.699951171875,13939
2025-04-24 13:27:00+05:30,1297.0,1297.4000244140625,1296.9000244140625,1297.300048828125,15729
2025-04-24 13:28:00+05:30,1297.0999755859375,1297.5999755859375,1296.699951171875,1297.0,14956
2025-04-24 13:29:00+05:30,1296.800048828125,1297.5,1296.800048828125,1297.0999755859375,16508
2025-04-24 13:30:00+05:30,1297.0,1297.5,1297.0,1297.300048828125,14879
2025-04-24 13:31:00+05:30,1297.0,1297.5999755859375,1297.0,1297.0999755859375,18173
2025-04-24 13:32:00+05:30,1297.300048828125,1297.800048828125,1297.0,1297.0999755859375,10002
2025-04-24 13:33:00+05:30,1297.0,1297.5999755859375,1296.699951171875,1297.4000244140625,20225
2025-04-24 13:34:00+05:30,1297.0,1297.5,1296.699951171875,1297.300048828125,18992
2025-04-24 13:35:00+05:30,1296.9000244140625,1297.300048828125,1296.5999755859375,1297.0,11827
2025-04-24 13:36:00+05:30,1297.0,1297.199951171875,1296.300048828125,1296.9000244140625,71566
2025-04-24 13:37:00+05:30,1296.0,1297.199951171875,1295.9000244140625,1297.0,93059
2025-04-24 13:38:00+05:30,1295.199951171875,1296.199951171875,1294.9000244140625,1296.0,35527
2025-04-24 13:39:00+05:30,1296.4000244140625,1296.4000244140625,1295.199951171875,1295.300048828125,60857
2025-04-24 13:40:00+05:30,1296.5,1296.5999755859375,1295.699951171875,1296.0999755859375,21325
2025-04-24 13:41:00+05:30,1297.5,1297.800048828125,1296.300048828125,1296.5,74114
2025-04-24 13:42:00+05:30,1297.0,1298.0,1296.9000244140625,1297.4000244140625,86314
2025-04-24 13:43:00+05:30,1297.5,1298.0,1297.0,1297.4000244140625,17378
2025-04-24 13:44:00+05:30,1297.800048828125,1297.9000244140625,1297.5,1297.5999755859375,25394
2025-04-24 13:45:00+05:30,1298.0,1298.0,1297.5,1297.800048828125,35605
2025-04-24 13:46:00+05:30,1299.0,1299.0,1298.0999755859375,1298.0999755859375,58777
2025-04-24 13:47:00+05:30,1299.199951171875,1299.300048828125,1298.5999755859375,1299.0,31649
2025-04-24 13:48:00+05:30,1299.199951171875,1299.5999755859375,1298.800048828125,1299.0,47784
2025-04-24 13:49:00+05:30,1298.9000244140625,1299.4000244140625,1298.4000244140625,1299.199951171875,14802
2025-04-24 13:50:00+05:30,1299.4000244140625,1299.5,1298.5999755859375,1298.5999755859375,23129
2025-04-24 13:51:00+05:30,1299.4000244140625,1299.4000244140625,1298.800048828125,1299.0,17264
2025-04-24 13:52:00+05:30,1299.5999755859375,1299.5999755859375,1299.0,1299.5999755859375,49723
2025-04-24 13:53:00+05:30,1299.300048828125,1299.800048828125,1299.0,1299.5999755859375,38510
2025-04-24 13:54:00+05:30,1299.4000244140625,1299.5,1299.0999755859375,1299.4000244140625,16109
2025-04-24 13:55:00+05:30,1299.5,1299.5,1298.9000244140625,1299.4000244140625,26509
2025-04-24 13:56:00+05:30,1300.0,1300.5,1299.5999755859375,1299.5999755859375,54378
2025-04-24 13:57:00+05:30,1300.0,1300.4000244140625,1300.0,1300.0,13702
2025-04-24 13:58:00+05:30,1299.4000244140625,1300.0999755859375,1299.4000244140625,1300.0999755859375,11975
2025-04-24 13:59:00+05:30,1299.300048828125,1299.5999755859375,1299.0,1299.4000244140625,9227
2025-04-24 14:00:00+05:30,1299.699951171875,1300.0,1299.0,1299.199951171875,13638
2025-04-24 14:01:00+05:30,1299.4000244140625,1300.0,1299.300048828125,1299.5999755859375,10296
2025-04-24 14:02:00+05:30,1299.300048828125,1299.4000244140625,1299.0999755859375,1299.4000244140625,10688
2025-04-24 14:03:00+05:30,1299.5,1299.9000244140625,1299.199951171875,1299.5,15523
2025-04-24 14:04:00+05:30,1299.199951171875,1299.699951171875,1299.0,1299.5,12765
2025-04-24 14:05:00+05:30,1299.0,1299.5,1298.800048828125,1299.199951171875,10265
2025-04-24 14:06:00+05:30,1299.5,1299.5999755859375,1298.9000244140625,1298.9000244140625,12076
2025-04-24 14:07:00+05:30,1299.4000244140625,1299.9000244140625,1299.300048828125,1299.5999755859375,18090
2025-04-24 14:08:00+05:30,1299.699951171875,1300.0,1299.300048828125,1299.300048828125,14808
2025-04-24 14:09:00+05:30,1299.5,1300.0,1299.4000244140625,1299.699951171875,17713
2025-04-24 14:10:00+05:30,1299.699951171875,1299.9000244140625,1299.4000244140625,1299.4000244140625,15370
2025-04-24 14:11:00+05:30,1299.9000244140625,1299.9000244140625,1299.4000244140625,1299.699951171875,21467
2025-04-24 14:12:00+05:30,1300.0,1300.0,1299.5,1299.699951171875,14465
2025-04-24 14:13:00+05:30,1299.800048828125,1300.0,1299.5,1300.0,18671
2025-04-24 14:14:00+05:30,1300.0999755859375,1300.0999755859375,1299.699951171875,1300.0,27011
2025-04-24 14:15:00+05:30,1300.0999755859375,1300.300048828125,1300.0,1300.0999755859375,38768
2025-04-24 14:16:00+05:30,1300.0,1300.5999755859375,1300.0,1300.199951171875,61701
2025-04-24 14:17:00+05:30,1300.0999755859375,1300.5,1300.0,1300.0,12984
2025-04-24 14:18:00+05:30,1300.300048828125,1300.4000244140625,1300.0,1300.0,11592
2025-04-24 14:19:00+05:30,1300.199951171875,1300.5,1300.0999755859375,1300.300048828125,10216
2025-04-24 14:20:00+05:30,1300.0,1300.4000244140625,1300.0,1300.0,9656
2025-04-24 14:21:00+05:30,1300.0,1300.300048828125,1300.0,1300.0999755859375,18269
2025-04-24 14:22:00+05:30,1300.0999755859375,1300.199951171875,1300.0,1300.0999755859375,12946
2025-04-24 14:23:00+05:30,1300.199951171875,1300.199951171875,1300.0,1300.0,13458
2025-04-24 14:24:00+05:30,1300.0,1300.300048828125,1300.0,1300.0,21794
2025-04-24 14:25:00+05:30,1300.0,1300.199951171875,1300.0,1300.0,19804
2025-04-24 14:26:00+05:30,1300.0,1300.0999755859375,1300.0,1300.0,17127
2025-04-24 14:27:00+05:30,1300.0,1300.199951171875,1300.0,1300.0,13188
2025-04-24 14:28:00+05:30,1300.0,1300.0999755859375,1299.5999755859375,1300.0999755859375,14270
2025-04-24 14:29:00+05:30,1299.5999755859375,1300.199951171875,1299.4000244140625,1299.9000244140625,23626
2025-04-24 14:30:00+05:30,1299.5999755859375,1300.199951171875,1299.300048828125,1299.5999755859375,16378
2025-04-24 14:31:00+05:30,1300.0,1300.0,1299.5,1299.5999755859375,22279
2025-04-24 14:32:00+05:30,1299.699951171875,1300.0,1299.5,1299.9000244140625,21595
2025-04-24 14:33:00+05:30,1299.300048828125,1299.800048828125,1298.800048828125,1299.699951171875,34921
2025-04-24 14:34:00+05:30,1299.699951171875,1299.9000244140625,1298.9000244140625,1298.9000244140625,15736
2025-04-24 14:35:00+05:30,1299.9000244140625,1300.0,1299.199951171875,1299.5999755859375,38438
2025-04-24 14:36:00+05:30,1300.0,1300.0999755859375,1299.300048828125,1299.800048828125,88169
2025-04-24 14:37:00+05:30,1300.0,1300.0,1299.199951171875,1299.9000244140625,20317
2025-04-24 14:38:00+05:30,1299.5,1300.0999755859375,1299.4000244140625,1299.699951171875,17949
2025-04-24 14:39:00+05:30,1300.0,1300.199951171875,1299.5,1299.5,41494
2025-04-24 14:40:00+05:30,1300.0999755859375,1300.300048828125,1300.0,1300.0999755859375,19516
2025-04-24 14:41:00+05:30,1298.800048828125,1300.199951171875,1298.800048828125,1300.199951171875,39894
2025-04-24 14:42:00+05:30,1298.800048828125,1299.5,1298.5999755859375,1298.5999755859375,15646
2025-04-24 14:43:00+05:30,1299.0,1299.199951171875,1298.5999755859375,1298.800048828125,12139
2025-04-24 14:44:00+05:30,1298.9000244140625,1299.0999755859375,1298.5,1299.0,16609
2025-04-24 14:45:00+05:30,1298.699951171875,1299.4000244140625,1298.5,1298.800048828125,31126
2025-04-24 14:46:00+05:30,1298.0,1298.800048828125,1298.0,1298.699951171875,29780
2025-04-24 14:47:00+05:30,1298.300048828125,1298.800048828125,1298.0,1298.0,14567
2025-04-24 14:48:00+05:30,1298.699951171875,1298.699951171875,1298.0,1298.4000244140625,26980
2025-04-24 14:49:00+05:30,1298.4000244140625,1298.5999755859375,1298.0,1298.5999755859375,20841
2025-04-24 14:50:00+05:30,1298.9000244140625,1299.0,1298.0,1298.0999755859375,29699
2025-04-24 14:51:00+05:30,1298.9000244140625,1299.0,1298.699951171875,1298.9000244140625,19306
2025-04-24 14:52:00+05:30,1298.0999755859375,1299.0,1298.0999755859375,1298.800048828125,14503
2025-04-24 14:53:00+05:30,1297.5,1298.5,1297.5,1298.0,28162
2025-04-24 14:54:00+05:30,1297.0,1297.800048828125,1296.800048828125,1297.5,32986
2025-04-24 14:55:00+05:30,1297.0,1297.4000244140625,1296.5,1297.0999755859375,46937
2025-04-24 14:56:00+05:30,1296.9000244140625,1297.4000244140625,1296.800048828125,1296.9000244140625,34263
2025-04-24 14:57:00+05:30,1296.199951171875,1297.199951171875,1295.9000244140625,1297.0,85040
2025-04-24 14:58:00+05:30,1296.800048828125,1296.800048828125,1295.699951171875,1295.9000244140625,40768
2025-04-24 14:59:00+05:30,1296.9000244140625,1297.0999755859375,1296.0,1296.699951171875,52187
2025-04-24 15:00:00+05:30,1300.300048828125,1300.5,1297.0,1297.0,251610
2025-04-24 15:01:00+05:30,1299.800048828125,1300.300048828125,1299.699951171875,1300.300048828125,96240
2025-04-24 15:02:00+05:30,1299.0,1299.800048828125,1298.9000244140625,1299.800048828125,153311
2025-04-24 15:03:00+05:30,1299.9000244140625,1299.9000244140625,1298.9000244140625,1299.0,60769
2025-04-24 15:04:00+05:30,1299.300048828125,1299.9000244140625,1299.0999755859375,1299.800048828125,80741
2025-04-24 15:05:00+05:30,1300.300048828125,1300.4000244140625,1299.199951171875,1299.300048828125,86501
2025-04-24 15:06:00+05:30,1300.199951171875,1300.5,1300.199951171875,1300.4000244140625,56391
2025-04-24 15:07:00+05:30,1301.199951171875,1301.300048828125,1300.199951171875,1300.199951171875,119341
2025-04-24 15:08:00+05:30,1301.199951171875,1301.4000244140625,1301.199951171875,1301.199951171875,70065
2025-04-24 15:09:00+05:30,1301.5999755859375,1301.800048828125,1301.199951171875,1301.4000244140625,93225
2025-04-24 15:10:00+05:30,1301.5,1301.699951171875,1301.4000244140625,1301.5999755859375,75919
2025-04-24 15:11:00+05:30,1301.9000244140625,1301.9000244140625,1301.4000244140625,1301.4000244140625,62635
2025-04-24 15:12:00+05:30,1302.0999755859375,1302.5,1301.800048828125,1301.9000244140625,94030
2025-04-24 15:13:00+05:30,1302.199951171875,1302.300048828125,1302.0999755859375,1302.199951171875,65174
2025-04-24 15:14:00+05:30,1302.300048828125,1302.4000244140625,1302.0999755859375,1302.300048828125,79004
2025-04-24 15:15:00+05:30,1302.800048828125,1303.0,1302.199951171875,1302.300048828125,82079
2025-04-24 15:16:00+05:30,1302.199951171875,1303.0999755859375,1302.0999755859375,1302.9000244140625,192236
2025-04-24 15:17:00+05:30,1302.5999755859375,1302.800048828125,1302.4000244140625,1302.5,57653
2025-04-24 15:18:00+05:30,1303.699951171875,1303.800048828125,1302.5,1302.5999755859375,81241
2025-04-24 15:19:00+05:30,1304.0,1304.4000244140625,1303.5999755859375,1303.699951171875,113664
2025-04-24 15:20:00+05:30,1303.800048828125,1304.4000244140625,1303.800048828125,1303.9000244140625,67747
2025-04-24 15:21:00+05:30,1302.699951171875,1304.0,1302.5,1304.0,107808
2025-04-24 15:22:00+05:30,1303.300048828125,1303.699951171875,1303.0,1303.0,50797
2025-04-24 15:23:00+05:30,1303.199951171875,1303.800048828125,1303.199951171875,1303.4000244140625,87673
2025-04-24 15:24:00+05:30,1303.0,1303.4000244140625,1302.699951171875,1303.4000244140625,54661
2025-04-24 15:25:00+05:30,1301.5999755859375,1303.4000244140625,1301.5999755859375,1302.800048828125,101916
2025-04-24 15:26:00+05:30,1301.9000244140625,1302.0,1301.5999755859375,1301.5999755859375,126016
2025-04-24 15:27:00+05:30,1302.9000244140625,1303.0999755859375,1301.5,1301.699951171875,223834
2025-04-24 15:28:00+05:30,1302.9000244140625,1303.300048828125,1302.5999755859375,1303.0,66881
2025-04-24 15:29:00+05:30,1303.4000244140625,1304.0,1303.0,1303.0,38453
2025-04-25 09:15:00+05:30,1307.0,1309.9000244140625,1304.5999755859375,1304.5999755859375,0
2025-04-25 09:16:00+05:30,1309.5,1309.699951171875,1306.800048828125,1306.800048828125,111228
2025-04-25 09:17:00+05:30,1311.199951171875,1311.9000244140625,1309.0,1309.5,124227
2025-04-25 09:18:00+05:30,1309.800048828125,1312.0,1309.5999755859375,1311.300048828125,59144
2025-04-25 09:19:00+05:30,1311.5,1311.5,1308.5,1309.800048828125,89595
2025-04-25 09:20:00+05:30,1309.0,1314.4000244140625,1309.0,1312.5,113868
2025-04-25 09:21:00+05:30,1309.4000244140625,1310.0,1308.5,1309.300048828125,71421
2025-04-25 09:22:00+05:30,1313.0,1313.0,1309.0,1309.0,61067
2025-04-25 09:23:00+05:30,1312.300048828125,1313.699951171875,1312.0,1312.699951171875,85447
2025-04-25 09:24:00+05:30,1312.800048828125,1312.9000244140625,1312.0,1312.300048828125,55307
2025-04-25 09:25:00+05:30,1315.800048828125,1315.9000244140625,1313.300048828125,1313.300048828125,149212
2025-04-25 09:26:00+05:30,1317.5,1317.5999755859375,1315.4000244140625,1316.199951171875,136697
2025-04-25 09:27:00+05:30,1318.199951171875,1318.9000244140625,1317.0999755859375,1317.0999755859375,123266
2025-04-25 09:28:00+05:30,1320.0,1320.699951171875,1316.5999755859375,1318.300048828125,330921
2025-04-25 09:29:00+05:30,1320.699951171875,1321.199951171875,1320.0,1320.0999755859375,160109
2025-04-25 09:30:00+05:30,1323.4000244140625,1325.0999755859375,1320.699951171875,1321.0999755859375,393969
2025-04-25 09:31:00+05:30,1321.0,1323.5,1320.699951171875,1323.5,257925
2025-04-25 09:32:00+05:30,1322.199951171875,1323.5,1321.0,1321.0,241251
2025-04-25 09:33:00+05:30,1320.800048828125,1322.199951171875,1320.5999755859375,1322.0,135489
2025-04-25 09:34:00+05:30,1319.5999755859375,1320.699951171875,1318.0,1320.699951171875,189862
2025-04-25 09:35:00+05:30,1319.0999755859375,1319.5999755859375,1318.5,1319.5999755859375,59257
2025-04-25 09:36:00+05:30,1317.0,1319.699951171875,1317.0,1319.199951171875,81284
2025-04-25 09:37:00+05:30,1315.0999755859375,1317.0,1315.0,1317.0,53769
2025-04-25 09:38:00+05:30,1314.800048828125,1315.699951171875,1314.0999755859375,1315.0999755859375,72282
2025-04-25 09:39:00+05:30,1314.300048828125,1315.300048828125,1314.0,1314.0999755859375,67083
2025-04-25 09:40:00+05:30,1312.4000244140625,1314.300048828125,1312.0,1314.300048828125,53033
2025-04-25 09:41:00+05:30,1310.0,1312.300048828125,1310.0,1312.0999755859375,55436
2025-04-25 09:42:00+05:30,1308.0,1310.5,1307.0999755859375,1310.5,65724
2025-04-25 09:43:00+05:30,1312.0,1312.0,1308.0,1308.0,47524
2025-04-25 09:44:00+05:30,1310.300048828125,1312.199951171875,1310.0999755859375,1311.9000244140625,41496
2025-04-25 09:45:00+05:30,1311.0,1312.0,1309.199951171875,1310.5,36854
2025-04-25 09:46:00+05:30,1310.5999755859375,1312.0,1310.0999755859375,1310.800048828125,27432
2025-04-25 09:47:00+05:30,1309.199951171875,1311.0,1309.199951171875,1310.699951171875,29068
2025-04-25 09:48:00+05:30,1309.4000244140625,1310.0,1309.0,1309.199951171875,29957
2025-04-25 09:49:00+05:30,1308.5,1309.800048828125,1308.5,1309.199951171875,53697
2025-04-25 09:50:00+05:30,1307.699951171875,1308.5,1307.0,1308.0999755859375,51280
2025-04-25 09:51:00+05:30,1306.9000244140625,1308.0,1306.800048828125,1308.0,39035
2025-04-25 09:52:00+05:30,1306.0999755859375,1307.699951171875,1306.0,1307.0,44698
2025-04-25 09:53:00+05:30,1306.5,1307.0999755859375,1306.0999755859375,1306.4000244140625,24383
2025-04-25 09:54:00+05:30,1304.9000244140625,1307.300048828125,1304.9000244140625,1306.5,60986
2025-04-25 09:55:00+05:30,1303.199951171875,1305.4000244140625,1302.9000244140625,1305.0,49941
2025-04-25 09:56:00+05:30,1301.199951171875,1303.9000244140625,1301.199951171875,1303.5999755859375,67487
2025-04-25 09:57:00+05:30,1300.800048828125,1301.5999755859375,1299.5999755859375,1301.5999755859375,100362
2025-04-25 09:58:00+05:30,1300.0999755859375,1301.0,1299.800048828125,1300.4000244140625,54427
2025-04-25 09:59:00+05:30,1298.800048828125,1300.0999755859375,1297.5999755859375,1299.9000244140625,60446
2025-04-25 10:00:00+05:30,1295.0999755859375,1299.0,1295.0,1299.0,49294
2025-04-25 10:01:00+05:30,1296.699951171875,1297.300048828125,1295.0,1295.300048828125,53052
2025-04-25 10:02:00+05:30,1296.300048828125,1297.800048828125,1296.300048828125,1296.5,59420
2025-04-25 10:03:00+05:30,1293.199951171875,1296.5,1292.9000244140625,1296.0,103173
2025-04-25 10:04:00+05:30,1291.9000244140625,1294.199951171875,1290.800048828125,1293.199951171875,81303
2025-04-25 10:05:00+05:30,1290.9000244140625,1292.699951171875,1290.199951171875,1291.5999755859375,88260
2025-04-25 10:06:00+05:30,1292.9000244140625,1292.9000244140625,1290.5999755859375,1290.800048828125,58952
2025-04-25 10:07:00+05:30,1294.5,1294.5,1292.300048828125,1292.5999755859375,21861
2025-04-25 10:08:00+05:30,1295.0999755859375,1295.800048828125,1293.5999755859375,1294.300048828125,172975
2025-04-25 10:09:00+05:30,1295.699951171875,1296.199951171875,1294.0,1294.9000244140625,52848
2025-04-25 10:10:00+05:30,1297.5,1297.5999755859375,1295.0,1295.300048828125,42573
2025-04-25 10:11:00+05:30,1296.9000244140625,1298.0,1296.9000244140625,1297.0999755859375,41015
2025-04-25 10:12:00+05:30,1296.0,1297.5,1296.0,1297.5,42376
2025-04-25 10:13:00+05:30,1298.5,1298.5,1296.300048828125,1296.300048828125,28920
2025-04-25 10:14:00+05:30,1298.300048828125,1298.5,1297.199951171875,1298.0999755859375,20283
2025-04-25 10:15:00+05:30,1297.5,1298.9000244140625,1297.4000244140625,1298.0,26898
2025-04-25 10:16:00+05:30,1297.199951171875,1298.4000244140625,1297.0,1297.5,22197
2025-04-25 10:17:00+05:30,1297.300048828125,1297.800048828125,1296.800048828125,1297.0999755859375,16774
2025-04-25 10:18:00+05:30,1296.5999755859375,1297.5999755859375,1296.5999755859375,1297.300048828125,16405
2025-04-25 10:19:00+05:30,1298.0,1298.300048828125,1296.0,1297.300048828125,25210
2025-04-25 10:20:00+05:30,1297.0,1298.199951171875,1296.300048828125,1298.0,13819
2025-04-25 10:21:00+05:30,1296.0,1297.0,1295.9000244140625,1296.9000244140625,14606
2025-04-25 10:22:00+05:30,1296.5,1296.5,1295.4000244140625,1296.0,23358
2025-04-25 10:23:00+05:30,1298.699951171875,1299.0,1296.5,1296.5,48692
2025-04-25 10:24:00+05:30,1297.699951171875,1298.5,1297.0,1298.5,23826
2025-04-25 10:25:00+05:30,1296.199951171875,1298.800048828125,1296.199951171875,1297.4000244140625,27025
2025-04-25 10:26:00+05:30,1296.0,1297.0,1295.5,1295.800048828125,12594
2025-04-25 10:27:00+05:30,1294.5,1296.199951171875,1294.0999755859375,1295.5,26884
2025-04-25 10:28:00+05:30,1294.800048828125,1294.9000244140625,1293.699951171875,1294.4000244140625,24903
2025-04-25 10:29:00+05:30,1293.0999755859375,1294.9000244140625,1292.199951171875,1294.0999755859375,35846
2025-04-25 10:30:00+05:30,1296.199951171875,1296.9000244140625,1293.5999755859375,1293.800048828125,47922
2025-04-25 10:31:00+05:30,1296.9000244140625,1296.9000244140625,1294.5,1296.699951171875,32616
2025-04-25 10:32:00+05:30,1299.9000244140625,1300.5999755859375,1296.199951171875,1296.199951171875,91147
2025-04-25 10:33:00+05:30,1297.5,1299.9000244140625,1297.5,1299.9000244140625,13719
2025-04-25 10:34:00+05:30,1296.699951171875,1297.5999755859375,1296.0999755859375,1297.5999755859375,35150
2025-04-25 10:35:00+05:30,1299.0,1299.0,1297.0,1297.0,29909
2025-04-25 10:36:00+05:30,1299.699951171875,1299.800048828125,1298.4000244140625,1299.0,23535
2025-04-25 10:37:00+05:30,1300.0,1300.5,1298.800048828125,1299.800048828125,36535
2025-04-25 10:38:00+05:30,1298.699951171875,1300.300048828125,1298.5,1300.0,25711
2025-04-25 10:39:00+05:30,1300.0,1300.0,1298.0,1298.5999755859375,20274
2025-04-25 10:40:00+05:30,1299.9000244140625,1300.300048828125,1299.5999755859375,1299.5999755859375,40976
2025-04-25 10:41:00+05:30,1300.300048828125,1300.300048828125,1299.5999755859375,1299.9000244140625,18386
2025-04-25 10:42:00+05:30,1302.800048828125,1302.800048828125,1299.9000244140625,1299.9000244140625,28997
2025-04-25 10:43:00+05:30,1299.9000244140625,1302.9000244140625,1299.9000244140625,1302.699951171875,18825
2025-04-25 10:44:00+05:30,1299.300048828125,1300.300048828125,1299.0999755859375,1300.0999755859375,18318
2025-04-25 10:45:00+05:30,1300.0,1300.300048828125,1299.0,1299.199951171875,89010
2025-04-25 10:46:00+05:30,1299.5999755859375,1300.0999755859375,1298.699951171875,1300.0,9585
2025-04-25 10:47:00+05:30,1298.9000244140625,1300.300048828125,1298.9000244140625,1299.699951171875,23548
2025-04-25 10:48:00+05:30,1301.9000244140625,1301.9000244140625,1299.300048828125,1299.5999755859375,32974
2025-04-25 10:49:00+05:30,1300.5999755859375,1302.0,1300.300048828125,1301.5,52705
2025-04-25 10:50:00+05:30,1298.9000244140625,1300.5999755859375,1298.9000244140625,1300.199951171875,29410
2025-04-25 10:51:00+05:30,1297.199951171875,1299.5999755859375,1297.199951171875,1299.300048828125,19580
2025-04-25 10:52:00+05:30,1298.300048828125,1298.300048828125,1296.300048828125,1297.5999755859375,25477
2025-04-25 10:53:00+05:30,1298.5999755859375,1299.5,1298.0,1298.4000244140625,80770
2025-04-25 10:54:00+05:30,1297.5,1298.5999755859375,1297.199951171875,1298.5,22055
2025-04-25 10:55:00+05:30,1295.300048828125,1297.699951171875,1294.5,1297.5,97366
2025-04-25 10:56:00+05:30,1297.0,1297.0,1294.5,1295.800048828125,115605
2025-04-25 10:57:00+05:30,1296.300048828125,1296.800048828125,1295.0,1296.699951171875,29515
2025-04-25 10:58:00+05:30,1296.300048828125,1296.4000244140625,1295.199951171875,1296.300048828125,15395
2025-04-25 10:59:00+05:30,1296.0,1297.4000244140625,1296.0,1296.0999755859375,11757
2025-04-25 11:00:00+05:30,1296.0,1296.4000244140625,1294.5999755859375,1296.300048828125,80235
2025-04-25 11:01:00+05:30,1295.0999755859375,1297.300048828125,1295.0999755859375,1296.0,53863
2025-04-25 11:02:00+05:30,1296.4000244140625,1296.800048828125,1295.0999755859375,1295.0999755859375,9837
2025-04-25 11:03:00+05:30,1293.5999755859375,1296.199951171875,1293.5999755859375,1296.199951171875,25359
2025-04-25 11:04:00+05:30,1292.800048828125,1294.9000244140625,1292.0999755859375,1293.300048828125,110005
2025-04-25 11:05:00+05:30,1295.0,1295.300048828125,1292.9000244140625,1293.300048828125,25232
2025-04-25 11:06:00+05:30,1296.699951171875,1297.0,1295.0,1295.0,17226
2025-04-25 11:07:00+05:30,1297.199951171875,1297.4000244140625,1295.9000244140625,1296.699951171875,28778
2025-04-25 11:08:00+05:30,1297.0999755859375,1297.699951171875,1296.199951171875,1297.0,24019
2025-04-25 11:09:00+05:30,1297.0999755859375,1297.4000244140625,1296.800048828125,1297.300048828125,6518
2025-04-25 11:10:00+05:30,1297.5,1297.800048828125,1296.199951171875,1297.0999755859375,13387
2025-04-25 11:11:00+05:30,1296.300048828125,1297.9000244140625,1296.0999755859375,1297.0,10451
2025-04-25 11:12:00+05:30,1296.300048828125,1296.9000244140625,1296.199951171875,1296.199951171875,7891
2025-04-25 11:13:00+05:30,1297.5999755859375,1297.5999755859375,1296.5999755859375,1296.5999755859375,17654
2025-04-25 11:14:00+05:30,1296.4000244140625,1297.0,1296.199951171875,1297.0,6828
2025-04-25 11:15:00+05:30,1296.5,1297.300048828125,1296.0,1296.4000244140625,7768
2025-04-25 11:16:00+05:30,1296.5,1297.0,1295.800048828125,1296.199951171875,7383
2025-04-25 11:17:00+05:30,1295.0999755859375,1296.5,1295.0,1296.300048828125,14443
2025-04-25 11:18:00+05:30,1294.5999755859375,1295.199951171875,1294.0,1295.199951171875,10633
2025-04-25 11:19:00+05:30,1294.0,1294.4000244140625,1293.0999755859375,1294.0999755859375,16603
2025-04-25 11:20:00+05:30,1294.5999755859375,1294.9000244140625,1293.4000244140625,1293.699951171875,11330
2025-04-25 11:21:00+05:30,1293.4000244140625,1294.5999755859375,1293.0999755859375,1294.4000244140625,13660
2025-04-25 11:22:00+05:30,1293.4000244140625,1293.9000244140625,1292.800048828125,1293.4000244140625,16275
2025-04-25 11:23:00+05:30,1293.0,1293.5999755859375,1292.5,1293.199951171875,20227
2025-04-25 11:24:00+05:30,1293.699951171875,1293.699951171875,1292.0,1293.0,37405
2025-04-25 11:25:00+05:30,1293.800048828125,1294.0,1293.0999755859375,1293.5,10688
2025-04-25 11:26:00+05:30,1293.0999755859375,1293.699951171875,1292.5,1293.699951171875,30998
2025-04-25 11:27:00+05:30,1293.800048828125,1294.5999755859375,1292.9000244140625,1293.0,13795
2025-04-25 11:28:00+05:30,1294.199951171875,1294.4000244140625,1293.0999755859375,1293.9000244140625,9144
2025-04-25 11:29:00+05:30,1294.199951171875,1294.5,1293.699951171875,1294.0,21950
2025-04-25 11:30:00+05:30,1294.0,1294.5,1293.699951171875,1294.4000244140625,8445
2025-04-25 11:31:00+05:30,1292.5999755859375,1294.0,1292.5999755859375,1294.0,15677
2025-04-25 11:32:00+05:30,1292.0999755859375,1293.0,1291.699951171875,1292.800048828125,35934
2025-04-25 11:33:00+05:30,1291.800048828125,1292.800048828125,1291.699951171875,1291.800048828125,23428
2025-04-25 11:34:00+05:30,1291.0,1292.0,1291.0,1292.0,19568
2025-04-25 11:35:00+05:30,1291.199951171875,1291.4000244140625,1290.5999755859375,1291.0999755859375,19057
2025-04-25 11:36:00+05:30,1291.0999755859375,1291.5999755859375,1290.699951171875,1291.4000244140625,14316
2025-04-25 11:37:00+05:30,1291.699951171875,1292.199951171875,1291.0,1291.0999755859375,23222
2025-04-25 11:38:00+05:30,1292.199951171875,1293.5,1291.199951171875,1291.699951171875,127310
2025-04-25 11:39:00+05:30,1293.699951171875,1294.4000244140625,1292.0,1292.0,64425
2025-04-25 11:40:00+05:30,1292.0999755859375,1293.9000244140625,1292.0,1293.4000244140625,10148
2025-04-25 11:41:00+05:30,1292.0999755859375,1292.699951171875,1291.300048828125,1292.5,34656
2025-04-25 11:42:00+05:30,1292.0,1292.699951171875,1292.0,1292.0999755859375,10501
2025-04-25 11:43:00+05:30,1291.4000244140625,1292.199951171875,1291.0999755859375,1292.0999755859375,10862
2025-04-25 11:44:00+05:30,1291.0,1292.0,1290.699951171875,1291.199951171875,35645
2025-04-25 11:45:00+05:30,1290.300048828125,1291.199951171875,1290.0,1291.199951171875,52773
2025-04-25 11:46:00+05:30,1289.199951171875,1290.800048828125,1289.0,1290.300048828125,56847
2025-04-25 11:47:00+05:30,1288.800048828125,1289.800048828125,1288.300048828125,1289.5999755859375,27606
2025-04-25 11:48:00+05:30,1290.800048828125,1290.800048828125,1288.800048828125,1288.9000244140625,31264
2025-04-25 11:49:00+05:30,1291.5,1292.5,1290.5,1290.800048828125,41319
2025-04-25 11:50:00+05:30,1290.5999755859375,1291.5,1289.800048828125,1291.5,29073
2025-04-25 11:51:00+05:30,1290.9000244140625,1291.0,1289.800048828125,1290.199951171875,27809
2025-04-25 11:52:00+05:30,1291.300048828125,1291.9000244140625,1290.4000244140625,1290.4000244140625,24963
2025-04-25 11:53:00+05:30,1292.0,1292.0,1290.800048828125,1290.9000244140625,9699
2025-04-25 11:54:00+05:30,1291.300048828125,1291.9000244140625,1291.300048828125,1291.699951171875,8342
2025-04-25 11:55:00+05:30,1291.5999755859375,1292.4000244140625,1290.9000244140625,1291.4000244140625,24442
2025-04-25 11:56:00+05:30,1291.800048828125,1292.300048828125,1291.0999755859375,1291.800048828125,25701
2025-04-25 11:57:00+05:30,1292.0,1292.5,1291.199951171875,1291.300048828125,38927
2025-04-25 11:58:00+05:30,1291.0999755859375,1292.0,1290.4000244140625,1291.699951171875,36152
2025-04-25 11:59:00+05:30,1291.0,1291.5,1290.5,1291.0,19860
2025-04-25 12:00:00+05:30,1290.800048828125,1292.0,1290.199951171875,1291.300048828125,27502
2025-04-25 12:01:00+05:30,1290.5,1291.0,1290.199951171875,1290.800048828125,10674
2025-04-25 12:02:00+05:30,1291.0,1291.300048828125,1290.199951171875,1290.199951171875,21444
2025-04-25 12:03:00+05:30,1291.300048828125,1291.800048828125,1290.4000244140625,1291.0,30262
2025-04-25 12:04:00+05:30,1292.0,1292.0,1290.800048828125,1291.699951171875,18970
2025-04-25 12:05:00+05:30,1291.5999755859375,1292.0999755859375,1291.5999755859375,1291.699951171875,10607
2025-04-25 12:06:00+05:30,1292.199951171875,1293.0,1291.0999755859375,1291.9000244140625,16556
2025-04-25 12:07:00+05:30,1291.300048828125,1292.300048828125,1291.300048828125,1292.0999755859375,5433
2025-04-25 12:08:00+05:30,1291.800048828125,1292.0,1291.0999755859375,1291.0999755859375,11713
2025-04-25 12:09:00+05:30,1291.9000244140625,1292.0,1291.0999755859375,1291.199951171875,14369
2025-04-25 12:10:00+05:30,1291.9000244140625,1292.4000244140625,1291.4000244140625,1291.9000244140625,32221
2025-04-25 12:11:00+05:30,1292.5999755859375,1293.0999755859375,1291.300048828125,1291.9000244140625,59277
2025-04-25 12:12:00+05:30,1292.800048828125,1293.0,1292.0999755859375,1292.5999755859375,13011
2025-04-25 12:13:00+05:30,1293.9000244140625,1294.300048828125,1292.5,1292.5,32004
2025-04-25 12:14:00+05:30,1293.199951171875,1294.199951171875,1293.0,1294.199951171875,6613
2025-04-25 12:15:00+05:30,1292.699951171875,1293.5,1292.5,1293.199951171875,11680
2025-04-25 12:16:00+05:30,1293.0,1293.5999755859375,1292.9000244140625,1292.9000244140625,13530
2025-04-25 12:17:00+05:30,1293.5999755859375,1293.699951171875,1293.0,1293.300048828125,8639
2025-04-25 12:18:00+05:30,1294.699951171875,1295.0,1293.4000244140625,1293.5999755859375,32549
2025-04-25 12:19:00+05:30,1294.5999755859375,1295.0,1294.199951171875,1294.5999755859375,35475
2025-04-25 12:20:00+05:30,1293.5999755859375,1294.699951171875,1293.199951171875,1294.699951171875,16755
2025-04-25 12:21:00+05:30,1296.4000244140625,1296.5999755859375,1293.5,1293.5999755859375,51384
2025-04-25 12:22:00+05:30,1295.800048828125,1296.9000244140625,1295.5,1296.300048828125,35143
2025-04-25 12:23:00+05:30,1295.0,1295.800048828125,1294.5999755859375,1295.800048828125,21170
2025-04-25 12:24:00+05:30,1294.9000244140625,1295.5,1294.300048828125,1294.9000244140625,9726
2025-04-25 12:25:00+05:30,1294.5999755859375,1295.199951171875,1294.0999755859375,1295.0,9282
2025-04-25 12:26:00+05:30,1296.300048828125,1296.4000244140625,1294.5,1294.9000244140625,11922
2025-04-25 12:27:00+05:30,1296.300048828125,1296.300048828125,1295.699951171875,1296.199951171875,18693
2025-04-25 12:28:00+05:30,1296.0,1296.4000244140625,1296.0,1296.300048828125,24152
2025-04-25 12:29:00+05:30,1294.9000244140625,1296.300048828125,1294.5999755859375,1296.300048828125,22237
2025-04-25 12:30:00+05:30,1295.300048828125,1295.5,1294.300048828125,1294.9000244140625,14891
2025-04-25 12:31:00+05:30,1295.199951171875,1295.800048828125,1294.4000244140625,1295.0999755859375,30221
2025-04-25 12:32:00+05:30,1294.0,1295.300048828125,1293.699951171875,1295.300048828125,33377
2025-04-25 12:33:00+05:30,1294.5999755859375,1295.0999755859375,1294.199951171875,1294.4000244140625,11171
2025-04-25 12:34:00+05:30,1294.300048828125,1294.5999755859375,1293.800048828125,1294.199951171875,9088
2025-04-25 12:35:00+05:30,1294.5999755859375,1294.699951171875,1293.5999755859375,1294.300048828125,9323
2025-04-25 12:36:00+05:30,1295.0999755859375,1295.0999755859375,1294.199951171875,1294.699951171875,20901
2025-04-25 12:37:00+05:30,1296.5,1296.5,1295.0,1295.4000244140625,41105
2025-04-25 12:38:00+05:30,1295.699951171875,1296.699951171875,1295.199951171875,1296.5,7815
2025-04-25 12:39:00+05:30,1297.0,1297.0,1295.699951171875,1295.699951171875,27568
2025-04-25 12:40:00+05:30,1296.800048828125,1297.0,1296.0999755859375,1297.0,16181
2025-04-25 12:41:00+05:30,1296.800048828125,1297.300048828125,1296.5,1296.800048828125,14068
2025-04-25 12:42:00+05:30,1296.0,1296.800048828125,1296.0,1296.800048828125,24989
2025-04-25 12:43:00+05:30,1294.9000244140625,1296.199951171875,1294.4000244140625,1296.199951171875,21348
2025-04-25 12:44:00+05:30,1296.0,1296.800048828125,1294.9000244140625,1294.9000244140625,30787
2025-04-25 12:45:00+05:30,1297.0,1297.0999755859375,1295.699951171875,1296.0,41483
2025-04-25 12:46:00+05:30,1297.300048828125,1297.5,1296.5,1296.9000244140625,12968
2025-04-25 12:47:00+05:30,1297.5,1297.5,1297.0,1297.5,20107
2025-04-25 12:48:00+05:30,1298.0999755859375,1298.199951171875,1297.300048828125,1297.5999755859375,49814
2025-04-25 12:49:00+05:30,1298.0999755859375,1298.699951171875,1297.9000244140625,1298.0999755859375,25339
2025-04-25 12:50:00+05:30,1298.800048828125,1299.0,1297.5,1297.9000244140625,9759
2025-04-25 12:51:00+05:30,1297.5999755859375,1299.0,1296.9000244140625,1298.5999755859375,17029
2025-04-25 12:52:00+05:30,1298.800048828125,1298.800048828125,1297.0999755859375,1297.5,12022
2025-04-25 12:53:00+05:30,1298.5999755859375,1299.0,1298.199951171875,1298.699951171875,13571
2025-04-25 12:54:00+05:30,1299.199951171875,1299.199951171875,1298.199951171875,1298.699951171875,15173
2025-04-25 12:55:00+05:30,1298.4000244140625,1299.199951171875,1297.699951171875,1299.199951171875,11774
2025-04-25 12:56:00+05:30,1299.0,1299.0,1298.0,1298.199951171875,12833
2025-04-25 12:57:00+05:30,1299.199951171875,1299.699951171875,1298.699951171875,1299.0,29120
2025-04-25 12:58:00+05:30,1299.199951171875,1300.0,1298.800048828125,1299.199951171875,50480
2025-04-25 12:59:00+05:30,1299.800048828125,1300.0,1299.0999755859375,1299.5999755859375,25012
2025-04-25 13:00:00+05:30,1300.699951171875,1300.9000244140625,1299.300048828125,1299.800048828125,24303
2025-04-25 13:01:00+05:30,1301.0999755859375,1301.5999755859375,1300.5,1300.699951171875,19439
2025-04-25 13:02:00+05:30,1300.0999755859375,1301.199951171875,1300.0,1301.199951171875,26912
2025-04-25 13:03:00+05:30,1300.699951171875,1300.800048828125,1300.0,1300.0,10194
2025-04-25 13:04:00+05:30,1301.0,1301.0,1300.0999755859375,1300.4000244140625,10263
2025-04-25 13:05:00+05:30,1300.9000244140625,1301.0,1300.4000244140625,1301.0,6084
2025-04-25 13:06:00+05:30,1301.800048828125,1301.800048828125,1300.800048828125,1300.800048828125,15146
2025-04-25 13:07:00+05:30,1302.4000244140625,1303.0,1301.5999755859375,1301.800048828125,81350
2025-04-25 13:08:00+05:30,1300.199951171875,1302.4000244140625,1300.0,1302.0999755859375,24536
2025-04-25 13:09:00+05:30,1300.0999755859375,1300.5999755859375,1300.0,1300.300048828125,33641
2025-04-25 13:10:00+05:30,1300.5999755859375,1300.5999755859375,1299.5999755859375,1300.0,42276
2025-04-25 13:11:00+05:30,1300.0999755859375,1301.0,1299.800048828125,1300.199951171875,24579
2025-04-25 13:12:00+05:30,1298.9000244140625,1300.5,1298.0999755859375,1300.0999755859375,25423
2025-04-25 13:13:00+05:30,1299.5,1299.9000244140625,1298.9000244140625,1298.9000244140625,14946
2025-04-25 13:14:00+05:30,1299.9000244140625,1299.9000244140625,1298.5,1299.300048828125,9419
2025-04-25 13:15:00+05:30,1300.0,1300.0,1299.0999755859375,1299.9000244140625,8981
2025-04-25 13:16:00+05:30,1300.800048828125,1300.9000244140625,1299.699951171875,1300.0,13710
2025-04-25 13:17:00+05:30,1300.0,1301.0,1300.0,1300.800048828125,11696
2025-04-25 13:18:00+05:30,1300.5,1300.5,1300.0,1300.199951171875,8620
2025-04-25 13:19:00+05:30,1300.300048828125,1300.4000244140625,1299.800048828125,1299.800048828125,14255
2025-04-25 13:20:00+05:30,1300.199951171875,1300.300048828125,1300.0,1300.0,6957
2025-04-25 13:21:00+05:30,1301.0,1301.0,1300.300048828125,1300.300048828125,9279
2025-04-25 13:22:00+05:30,1300.0,1301.0,1300.0,1300.9000244140625,12734
2025-04-25 13:23:00+05:30,1300.0,1300.699951171875,1299.5,1300.5,15100
2025-04-25 13:24:00+05:30,1300.0,1300.300048828125,1299.9000244140625,1300.0,34050
2025-04-25 13:25:00+05:30,1300.5,1300.5,1299.699951171875,1300.0999755859375,20243
2025-04-25 13:26:00+05:30,1300.0999755859375,1300.5,1300.0,1300.0,9139
2025-04-25 13:27:00+05:30,1300.0,1300.4000244140625,1299.5,1300.0999755859375,14707
2025-04-25 13:28:00+05:30,1300.0,1300.0999755859375,1299.699951171875,1300.0,73731
2025-04-25 13:29:00+05:30,1300.0999755859375,1300.300048828125,1299.699951171875,1300.0999755859375,27347
2025-04-25 13:30:00+05:30,1300.0999755859375,1300.300048828125,1299.699951171875,1300.0999755859375,15027
2025-04-25 13:31:00+05:30,1301.199951171875,1301.5999755859375,1300.0,1300.0999755859375,12457
2025-04-25 13:32:00+05:30,1300.800048828125,1301.5,1300.5,1300.9000244140625,13594
2025-04-25 13:33:00+05:30,1300.9000244140625,1301.0999755859375,1300.0,1300.800048828125,10728
2025-04-25 13:34:00+05:30,1302.300048828125,1302.800048828125,1300.5,1300.9000244140625,21654
2025-04-25 13:35:00+05:30,1302.199951171875,1302.5999755859375,1302.0,1302.0,16804
2025-04-25 13:36:00+05:30,1303.699951171875,1304.4000244140625,1302.199951171875,1302.4000244140625,30038
2025-04-25 13:37:00+05:30,1303.0,1303.699951171875,1302.5,1303.5,14699
2025-04-25 13:38:00+05:30,1302.300048828125,1302.9000244140625,1302.0,1302.800048828125,7755
2025-04-25 13:39:00+05:30,1301.800048828125,1302.300048828125,1300.699951171875,1302.300048828125,13794
2025-04-25 13:40:00+05:30,1303.300048828125,1303.300048828125,1301.699951171875,1301.800048828125,13656
2025-04-25 13:41:00+05:30,1304.0999755859375,1304.199951171875,1303.199951171875,1303.4000244140625,16472
2025-04-25 13:42:00+05:30,1303.5,1304.0999755859375,1303.0,1304.0999755859375,25251
2025-04-25 13:43:00+05:30,1303.800048828125,1303.800048828125,1303.0999755859375,1303.5,8068
2025-04-25 13:44:00+05:30,1303.9000244140625,1303.9000244140625,1303.199951171875,1303.800048828125,11335
2025-04-25 13:45:00+05:30,1305.4000244140625,1305.9000244140625,1303.800048828125,1303.9000244140625,41937
2025-04-25 13:46:00+05:30,1304.699951171875,1305.699951171875,1304.5,1305.5,32418
2025-04-25 13:47:00+05:30,1305.699951171875,1305.800048828125,1304.0,1304.5999755859375,16031
2025-04-25 13:48:00+05:30,1305.5,1305.9000244140625,1305.300048828125,1305.300048828125,14728
2025-04-25 13:49:00+05:30,1306.0,1306.0,1305.300048828125,1305.5999755859375,17002
2025-04-25 13:50:00+05:30,1307.5,1307.699951171875,1306.199951171875,1306.199951171875,23719
2025-04-25 13:51:00+05:30,1306.4000244140625,1307.5,1306.199951171875,1307.4000244140625,40200
2025-04-25 13:52:00+05:30,1305.800048828125,1306.4000244140625,1305.300048828125,1306.199951171875,14419
2025-04-25 13:53:00+05:30,1306.300048828125,1306.4000244140625,1305.0999755859375,1305.699951171875,40665
2025-04-25 13:54:00+05:30,1306.699951171875,1307.300048828125,1306.0999755859375,1306.800048828125,18583
2025-04-25 13:55:00+05:30,1306.300048828125,1307.199951171875,1306.0,1307.199951171875,13356
2025-04-25 13:56:00+05:30,1306.0999755859375,1306.300048828125,1305.0,1306.0,19161
2025-04-25 13:57:00+05:30,1307.5,1307.5,1306.0999755859375,1306.300048828125,20748
2025-04-25 13:58:00+05:30,1307.5999755859375,1308.5,1307.199951171875,1307.5,35997
2025-04-25 13:59:00+05:30,1308.300048828125,1308.9000244140625,1308.0999755859375,1308.4000244140625,25292
2025-04-25 14:00:00+05:30,1308.4000244140625,1308.5,1307.0999755859375,1308.300048828125,36999
2025-04-25 14:01:00+05:30,1308.0999755859375,1308.5,1308.0,1308.4000244140625,18339
2025-04-25 14:02:00+05:30,1309.4000244140625,1309.9000244140625,1308.0999755859375,1308.4000244140625,40601
2025-04-25 14:03:00+05:30,1307.0999755859375,1309.4000244140625,1307.0,1309.199951171875,29335
2025-04-25 14:04:00+05:30,1306.300048828125,1307.0,1305.4000244140625,1306.5,26407
2025-04-25 14:05:00+05:30,1307.0,1307.0,1306.0999755859375,1306.300048828125,15947
2025-04-25 14:06:00+05:30,1306.5,1307.5,1306.5,1307.4000244140625,11523
2025-04-25 14:07:00+05:30,1303.9000244140625,1306.5,1303.5,1306.5,28595
2025-04-25 14:08:00+05:30,1303.199951171875,1304.5,1302.9000244140625,1304.199951171875,25502
2025-04-25 14:09:00+05:30,1300.5999755859375,1303.300048828125,1300.0,1303.300048828125,46563
2025-04-25 14:10:00+05:30,1301.5999755859375,1301.9000244140625,1300.0999755859375,1300.800048828125,27314
2025-04-25 14:11:00+05:30,1301.0,1302.0999755859375,1301.0,1301.9000244140625,21052
2025-04-25 14:12:00+05:30,1300.300048828125,1301.0999755859375,1300.0,1301.0999755859375,25797
2025-04-25 14:13:00+05:30,1302.0,1302.0,1300.5999755859375,1300.800048828125,14027
2025-04-25 14:14:00+05:30,1301.4000244140625,1302.0,1301.0,1302.0,10029
2025-04-25 14:15:00+05:30,1303.0,1303.5,1301.4000244140625,1301.4000244140625,13053
2025-04-25 14:16:00+05:30,1304.0,1304.4000244140625,1302.5999755859375,1303.0,17321
2025-04-25 14:17:00+05:30,1304.0999755859375,1304.800048828125,1303.0,1304.0,14762
2025-04-25 14:18:00+05:30,1303.9000244140625,1304.5999755859375,1303.300048828125,1304.5999755859375,18794
2025-04-25 14:19:00+05:30,1304.800048828125,1305.0,1303.9000244140625,1303.9000244140625,12318
2025-04-25 14:20:00+05:30,1304.5,1305.0,1303.4000244140625,1304.699951171875,10377
2025-04-25 14:21:00+05:30,1303.5,1304.800048828125,1303.0,1304.5,10253
2025-04-25 14:22:00+05:30,1303.9000244140625,1303.9000244140625,1303.0,1303.0,12230
2025-04-25 14:23:00+05:30,1303.4000244140625,1304.0,1303.300048828125,1303.800048828125,11541
2025-04-25 14:24:00+05:30,1303.9000244140625,1303.9000244140625,1302.800048828125,1303.300048828125,10667
2025-04-25 14:25:00+05:30,1303.0999755859375,1304.0,1303.0,1303.9000244140625,8240
2025-04-25 14:26:00+05:30,1302.0999755859375,1303.5999755859375,1302.0999755859375,1303.0999755859375,10958
2025-04-25 14:27:00+05:30,1303.0,1303.199951171875,1302.0999755859375,1302.0999755859375,11496
2025-04-25 14:28:00+05:30,1302.199951171875,1303.199951171875,1302.0,1302.800048828125,12463
2025-04-25 14:29:00+05:30,1303.4000244140625,1303.5,1302.0,1302.199951171875,21625
2025-04-25 14:30:00+05:30,1302.4000244140625,1303.4000244140625,1302.0,1303.4000244140625,11415
2025-04-25 14:31:00+05:30,1302.0,1302.4000244140625,1301.300048828125,1302.0999755859375,14043
2025-04-25 14:32:00+05:30,1300.0,1302.0,1300.0,1302.0,23765
2025-04-25 14:33:00+05:30,1300.0,1300.699951171875,1300.0,1300.4000244140625,11735
2025-04-25 14:34:00+05:30,1301.0,1301.0,1300.0,1300.0,20932
2025-04-25 14:35:00+05:30,1301.0999755859375,1302.0999755859375,1300.5,1301.0,14073
2025-04-25 14:36:00+05:30,1300.800048828125,1301.9000244140625,1300.4000244140625,1301.300048828125,14979
2025-04-25 14:37:00+05:30,1300.699951171875,1301.9000244140625,1300.5,1300.5,17355
2025-04-25 14:38:00+05:30,1301.5,1301.9000244140625,1300.5999755859375,1300.800048828125,21067
2025-04-25 14:39:00+05:30,1301.199951171875,1301.699951171875,1301.0999755859375,1301.199951171875,15415
2025-04-25 14:40:00+05:30,1300.5,1301.199951171875,1300.0,1301.199951171875,14254
2025-04-25 14:41:00+05:30,1301.0,1301.300048828125,1300.0,1300.199951171875,15110
2025-04-25 14:42:00+05:30,1300.0999755859375,1301.699951171875,1300.0999755859375,1301.300048828125,17289
2025-04-25 14:43:00+05:30,1301.0999755859375,1301.0999755859375,1300.0999755859375,1300.5,9199
2025-04-25 14:44:00+05:30,1301.5,1301.5,1300.699951171875,1300.9000244140625,14056
2025-04-25 14:45:00+05:30,1301.5999755859375,1301.699951171875,1300.699951171875,1301.5999755859375,16805
2025-04-25 14:46:00+05:30,1300.5999755859375,1301.5999755859375,1300.199951171875,1301.0999755859375,12570
2025-04-25 14:47:00+05:30,1300.0,1300.9000244140625,1300.0,1300.300048828125,16319
2025-04-25 14:48:00+05:30,1300.5,1300.5,1300.0,1300.0999755859375,17014
2025-04-25 14:49:00+05:30,1301.0999755859375,1301.5,1300.300048828125,1300.5,15098
2025-04-25 14:50:00+05:30,1301.699951171875,1302.0,1301.0,1301.5,24754
2025-04-25 14:51:00+05:30,1302.300048828125,1302.9000244140625,1301.5999755859375,1302.0,26074
2025-04-25 14:52:00+05:30,1302.5,1302.5,1301.699951171875,1302.199951171875,11249
2025-04-25 14:53:00+05:30,1304.5999755859375,1304.800048828125,1302.300048828125,1302.5,38984
2025-04-25 14:54:00+05:30,1303.5,1304.699951171875,1303.0,1304.199951171875,15705
2025-04-25 14:55:00+05:30,1303.300048828125,1303.9000244140625,1303.0,1303.5,13984
2025-04-25 14:56:00+05:30,1303.5999755859375,1304.0,1303.199951171875,1303.5,24076
2025-04-25 14:57:00+05:30,1303.800048828125,1304.5,1303.4000244140625,1303.5999755859375,32165
2025-04-25 14:58:00+05:30,1303.5999755859375,1304.0,1303.5,1303.9000244140625,36632
2025-04-25 14:59:00+05:30,1303.5999755859375,1303.9000244140625,1303.5999755859375,1303.5999755859375,43444
2025-04-25 15:00:00+05:30,1304.0999755859375,1304.800048828125,1303.5999755859375,1303.699951171875,129582
2025-04-25 15:01:00+05:30,1303.5,1304.0999755859375,1302.199951171875,1304.0999755859375,69964
2025-04-25 15:02:00+05:30,1303.0,1303.5999755859375,1303.0,1303.5999755859375,55223
2025-04-25 15:03:00+05:30,1303.5,1303.5999755859375,1303.0,1303.0,65862
2025-04-25 15:04:00+05:30,1303.5999755859375,1303.5999755859375,1303.300048828125,1303.5,214680
2025-04-25 15:05:00+05:30,1303.5,1303.5999755859375,1303.300048828125,1303.5,63406
2025-04-25 15:06:00+05:30,1303.5999755859375,1303.5999755859375,1303.300048828125,1303.5999755859375,43771
2025-04-25 15:07:00+05:30,1303.5,1303.5999755859375,1303.300048828125,1303.5,69726
2025-04-25 15:08:00+05:30,1300.800048828125,1303.5999755859375,1300.5999755859375,1303.5,77937
2025-04-25 15:09:00+05:30,1300.4000244140625,1301.199951171875,1300.199951171875,1300.800048828125,92835
2025-04-25 15:10:00+05:30,1300.699951171875,1301.4000244140625,1300.199951171875,1300.4000244140625,53814
2025-04-25 15:11:00+05:30,1299.5999755859375,1301.0999755859375,1299.5999755859375,1300.699951171875,67729
2025-04-25 15:12:00+05:30,1298.800048828125,1299.800048828125,1298.0999755859375,1299.800048828125,85040
2025-04-25 15:13:00+05:30,1296.800048828125,1298.800048828125,1296.199951171875,1298.5,79611
2025-04-25 15:14:00+05:30,1297.4000244140625,1297.800048828125,1296.5,1296.9000244140625,86893
2025-04-25 15:15:00+05:30,1297.5999755859375,1297.800048828125,1297.0999755859375,1297.800048828125,65134
2025-04-25 15:16:00+05:30,1298.0,1298.0,1297.300048828125,1297.5,70760
2025-04-25 15:17:00+05:30,1298.4000244140625,1298.4000244140625,1297.9000244140625,1297.9000244140625,52648
2025-04-25 15:18:00+05:30,1298.0,1298.4000244140625,1297.5999755859375,1298.4000244140625,47269
2025-04-25 15:19:00+05:30,1298.0999755859375,1298.199951171875,1297.9000244140625,1298.0999755859375,55991
2025-04-25 15:20:00+05:30,1298.0,1298.0999755859375,1297.300048828125,1298.0,89985
2025-04-25 15:21:00+05:30,1298.0999755859375,1298.0999755859375,1297.9000244140625,1298.0,50012
2025-04-25 15:22:00+05:30,1298.0999755859375,1298.5,1298.0,1298.0,71958
2025-04-25 15:23:00+05:30,1298.0,1298.0999755859375,1297.800048828125,1298.0,70040
2025-04-25 15:24:00+05:30,1298.0,1298.0999755859375,1297.699951171875,1298.0,99045
2025-04-25 15:25:00+05:30,1298.0,1298.0999755859375,1297.800048828125,1298.0999755859375,54901
2025-04-25 15:26:00+05:30,1298.0,1299.4000244140625,1297.800048828125,1298.0,65586
2025-04-25 15:27:00+05:30,1302.0,1302.0,1298.0,1298.0,88092
2025-04-25 15:28:00+05:30,1301.9000244140625,1302.9000244140625,1300.5999755859375,1302.5,36086
2025-04-25 15:29:00+05:30,1300.9000244140625,1302.0,1300.4000244140625,1301.5,61288
2025-04-28 09:15:00+05:30,1326.800048828125,1341.0,1323.199951171875,1341.0,0
2025-04-28 09:16:00+05:30,1322.5999755859375,1326.199951171875,1320.199951171875,1326.199951171875,305278
2025-04-28 09:17:00+05:30,1327.5,1329.0,1322.5,1322.5,322205
2025-04-28 09:18:00+05:30,1326.5,1328.5,1325.199951171875,1328.0999755859375,230492
2025-04-28 09:19:00+05:30,1327.300048828125,1328.300048828125,1324.9000244140625,1326.199951171875,153262
2025-04-28 09:20:00+05:30,1325.9000244140625,1327.9000244140625,1325.199951171875,1327.800048828125,121312
2025-04-28 09:21:00+05:30,1326.0,1326.800048828125,1323.800048828125,1326.199951171875,163640
2025-04-28 09:22:00+05:30,1330.0,1331.0,1325.0999755859375,1325.5,364255
2025-04-28 09:23:00+05:30,1325.300048828125,1330.4000244140625,1325.199951171875,1330.0,94889
2025-04-28 09:24:00+05:30,1325.4000244140625,1327.0999755859375,1324.300048828125,1325.300048828125,90174
2025-04-28 09:25:00+05:30,1326.699951171875,1327.199951171875,1325.0999755859375,1325.5,67060
2025-04-28 09:26:00+05:30,1328.0,1328.0999755859375,1325.800048828125,1327.0,90269
2025-04-28 09:27:00+05:30,1333.0,1333.4000244140625,1328.199951171875,1328.199951171875,245336
2025-04-28 09:28:00+05:30,1334.0999755859375,1334.5999755859375,1333.0,1333.699951171875,196020
2025-04-28 09:29:00+05:30,1331.0999755859375,1334.5,1331.0,1334.0999755859375,94225
2025-04-28 09:30:00+05:30,1334.0999755859375,1334.699951171875,1331.699951171875,1331.699951171875,89343
2025-04-28 09:31:00+05:30,1333.9000244140625,1334.5,1333.0999755859375,1334.4000244140625,82966
2025-04-28 09:32:00+05:30,1335.300048828125,1335.5,1334.0,1334.0,163956
2025-04-28 09:33:00+05:30,1334.699951171875,1335.4000244140625,1334.0999755859375,1335.199951171875,93771
2025-04-28 09:34:00+05:30,1335.5,1335.5,1334.0,1334.800048828125,88150
2025-04-28 09:35:00+05:30,1337.0999755859375,1337.9000244140625,1335.0999755859375,1335.0999755859375,149508
2025-04-28 09:36:00+05:30,1339.199951171875,1339.5,1337.300048828125,1337.4000244140625,134360
2025-04-28 09:37:00+05:30,1339.0,1339.9000244140625,1338.9000244140625,1339.300048828125,135375
2025-04-28 09:38:00+05:30,1337.4000244140625,1339.0999755859375,1337.0,1339.0,135503
2025-04-28 09:39:00+05:30,1339.0,1339.4000244140625,1336.199951171875,1337.0,120195
2025-04-28 09:40:00+05:30,1338.0999755859375,1339.699951171875,1338.0,1339.199951171875,75263
2025-04-28 09:41:00+05:30,1336.4000244140625,1338.4000244140625,1336.0999755859375,1338.0999755859375,80129
2025-04-28 09:42:00+05:30,1338.0,1338.5,1336.0999755859375,1336.300048828125,59313
2025-04-28 09:43:00+05:30,1338.300048828125,1339.0,1337.9000244140625,1338.0,53975
2025-04-28 09:44:00+05:30,1337.9000244140625,1339.0,1337.699951171875,1337.800048828125,54920
2025-04-28 09:45:00+05:30,1338.0,1338.699951171875,1337.300048828125,1338.0,80234
2025-04-28 09:46:00+05:30,1338.699951171875,1338.699951171875,1337.800048828125,1338.300048828125,32381
2025-04-28 09:47:00+05:30,1337.5999755859375,1338.699951171875,1337.5,1338.5,37557
2025-04-28 09:48:00+05:30,1335.300048828125,1338.5,1335.300048828125,1338.0,51665
2025-04-28 09:49:00+05:30,1334.0999755859375,1334.9000244140625,1333.0,1334.699951171875,84440
2025-04-28 09:50:00+05:30,1335.0999755859375,1336.0,1333.4000244140625,1334.0999755859375,53249
2025-04-28 09:51:00+05:30,1336.5,1336.5,1334.699951171875,1335.0,36693
2025-04-28 09:52:00+05:30,1336.699951171875,1337.199951171875,1336.0,1336.0,34297
2025-04-28 09:53:00+05:30,1336.199951171875,1337.300048828125,1336.199951171875,1337.300048828125,33450
2025-04-28 09:54:00+05:30,1339.199951171875,1339.199951171875,1335.4000244140625,1335.5999755859375,121189
2025-04-28 09:55:00+05:30,1338.699951171875,1339.4000244140625,1338.699951171875,1339.0,46752
2025-04-28 09:56:00+05:30,1339.300048828125,1339.4000244140625,1338.699951171875,1339.300048828125,42601
2025-04-28 09:57:00+05:30,1341.699951171875,1342.0,1338.699951171875,1339.199951171875,389276
2025-04-28 09:58:00+05:30,1343.9000244140625,1344.0,1341.0999755859375,1341.0999755859375,180860
2025-04-28 09:59:00+05:30,1344.5999755859375,1344.9000244140625,1343.0999755859375,1344.0,272567
2025-04-28 10:00:00+05:30,1346.699951171875,1346.800048828125,1344.4000244140625,1344.5999755859375,204080
2025-04-28 10:01:00+05:30,1347.300048828125,1347.5999755859375,1346.0999755859375,1346.199951171875,158969
2025-04-28 10:02:00+05:30,1348.5999755859375,1349.0,1346.5999755859375,1346.9000244140625,237076
2025-04-28 10:03:00+05:30,1349.699951171875,1350.0,1348.5999755859375,1349.0,292792
2025-04-28 10:04:00+05:30,1347.800048828125,1349.9000244140625,1346.5999755859375,1349.9000244140625,149002
2025-04-28 10:05:00+05:30,1348.800048828125,1349.5,1347.300048828125,1347.300048828125,74777
2025-04-28 10:06:00+05:30,1348.5,1349.0,1347.9000244140625,1349.0,56677
2025-04-28 10:07:00+05:30,1348.5,1349.4000244140625,1348.0999755859375,1348.5999755859375,77466
2025-04-28 10:08:00+05:30,1349.4000244140625,1349.5,1348.5,1348.9000244140625,54173
2025-04-28 10:09:00+05:30,1351.9000244140625,1352.0,1349.0,1349.300048828125,378867
2025-04-28 10:10:00+05:30,1350.9000244140625,1352.0,1350.0,1351.699951171875,107893
2025-04-28 10:11:00+05:30,1351.5999755859375,1351.5999755859375,1350.4000244140625,1351.0,69273
2025-04-28 10:12:00+05:30,1351.199951171875,1351.5,1350.699951171875,1351.5,76445
2025-04-28 10:13:00+05:30,1351.4000244140625,1351.9000244140625,1350.800048828125,1351.199951171875,130140
2025-04-28 10:14:00+05:30,1348.300048828125,1351.5,1348.199951171875,1351.4000244140625,83984
2025-04-28 10:15:00+05:30,1348.5,1348.9000244140625,1348.0,1348.4000244140625,54398
2025-04-28 10:16:00+05:30,1350.5,1350.9000244140625,1348.199951171875,1348.5,69832
2025-04-28 10:17:00+05:30,1349.5,1350.9000244140625,1349.0,1350.4000244140625,39846
2025-04-28 10:18:00+05:30,1350.5,1350.5999755859375,1349.0,1349.5999755859375,64516
2025-04-28 10:19:00+05:30,1352.300048828125,1352.9000244140625,1350.199951171875,1350.5,143222
2025-04-28 10:20:00+05:30,1354.0999755859375,1354.5999755859375,1352.4000244140625,1352.4000244140625,161770
2025-04-28 10:21:00+05:30,1354.5,1355.0,1354.0,1354.5,151201
2025-04-28 10:22:00+05:30,1354.0,1354.699951171875,1353.9000244140625,1354.5,56868
2025-04-28 10:23:00+05:30,1352.300048828125,1354.0,1352.300048828125,1353.9000244140625,67200
2025-04-28 10:24:00+05:30,1351.0,1352.5999755859375,1350.0,1352.5999755859375,88092
2025-04-28 10:25:00+05:30,1351.800048828125,1352.5,1350.4000244140625,1350.4000244140625,59761
2025-04-28 10:26:00+05:30,1352.800048828125,1352.9000244140625,1351.300048828125,1351.9000244140625,58264
2025-04-28 10:27:00+05:30,1352.4000244140625,1353.0,1351.800048828125,1353.0,37006
2025-04-28 10:28:00+05:30,1351.300048828125,1352.4000244140625,1351.0,1352.4000244140625,45527
2025-04-28 10:29:00+05:30,1349.5999755859375,1351.300048828125,1349.0999755859375,1351.300048828125,56736
2025-04-28 10:30:00+05:30,1352.0,1352.0,1349.5,1349.5,72599
2025-04-28 10:31:00+05:30,1352.800048828125,1353.0,1351.800048828125,1351.9000244140625,50412
2025-04-28 10:32:00+05:30,1353.9000244140625,1354.4000244140625,1352.9000244140625,1352.9000244140625,102860
2025-04-28 10:33:00+05:30,1354.0,1354.5,1353.5,1353.9000244140625,65900
2025-04-28 10:34:00+05:30,1354.5999755859375,1354.800048828125,1354.0,1354.0999755859375,110243
2025-04-28 10:35:00+05:30,1354.4000244140625,1355.0,1354.199951171875,1354.699951171875,111977
2025-04-28 10:36:00+05:30,1354.4000244140625,1355.0,1353.800048828125,1354.0,207097
2025-04-28 10:37:00+05:30,1354.9000244140625,1356.0,1354.0,1354.300048828125,136367
2025-04-28 10:38:00+05:30,1355.0999755859375,1355.699951171875,1354.699951171875,1355.5,34102
2025-04-28 10:39:00+05:30,1356.0999755859375,1357.4000244140625,1354.9000244140625,1355.199951171875,223978
2025-04-28 10:40:00+05:30,1355.0999755859375,1356.199951171875,1355.0,1355.800048828125,60337
2025-04-28 10:41:00+05:30,1354.5,1355.199951171875,1353.4000244140625,1355.199951171875,62632
2025-04-28 10:42:00+05:30,1354.800048828125,1355.5,1354.5999755859375,1354.5999755859375,64980
2025-04-28 10:43:00+05:30,1353.9000244140625,1355.0999755859375,1353.5,1355.0999755859375,29750
2025-04-28 10:44:00+05:30,1353.5,1354.0,1353.0999755859375,1353.5999755859375,49888
2025-04-28 10:45:00+05:30,1354.5999755859375,1354.5999755859375,1353.199951171875,1353.5,43940
2025-04-28 10:46:00+05:30,1355.0999755859375,1355.699951171875,1354.0999755859375,1354.5999755859375,124302
2025-04-28 10:47:00+05:30,1355.0,1355.5,1354.5,1355.0,132941
2025-04-28 10:48:00+05:30,1354.0,1355.300048828125,1353.9000244140625,1355.0,77865
2025-04-28 10:49:00+05:30,1352.9000244140625,1354.0,1352.9000244140625,1354.0,74201
2025-04-28 10:50:00+05:30,1355.199951171875,1355.5999755859375,1352.5999755859375,1353.0,190393
2025-04-28 10:51:00+05:30,1353.5,1355.0,1353.300048828125,1355.0,44466
2025-04-28 10:52:00+05:30,1354.9000244140625,1354.9000244140625,1352.9000244140625,1353.5,42003
2025-04-28 10:53:00+05:30,1354.300048828125,1355.4000244140625,1354.199951171875,1354.9000244140625,57281
2025-04-28 10:54:00+05:30,1354.699951171875,1354.9000244140625,1354.0,1354.199951171875,52761
2025-04-28 10:55:00+05:30,1354.4000244140625,1355.0,1353.800048828125,1354.5999755859375,75960
2025-04-28 10:56:00+05:30,1354.5,1354.9000244140625,1354.4000244140625,1354.4000244140625,32545
2025-04-28 10:57:00+05:30,1354.9000244140625,1355.0,1354.5999755859375,1354.9000244140625,18107
2025-04-28 10:58:00+05:30,1355.4000244140625,1355.5,1354.699951171875,1354.699951171875,69517
2025-04-28 10:59:00+05:30,1355.800048828125,1355.9000244140625,1355.4000244140625,1355.4000244140625,37946
2025-04-28 11:00:00+05:30,1355.5999755859375,1356.0,1355.0999755859375,1355.9000244140625,34235
2025-04-28 11:01:00+05:30,1357.0999755859375,1357.0999755859375,1355.4000244140625,1355.4000244140625,145938
2025-04-28 11:02:00+05:30,1356.4000244140625,1357.0,1355.800048828125,1356.9000244140625,31356
2025-04-28 11:03:00+05:30,1356.9000244140625,1356.9000244140625,1356.0,1356.4000244140625,24971
2025-04-28 11:04:00+05:30,1355.9000244140625,1356.9000244140625,1355.699951171875,1356.9000244140625,19391
2025-04-28 11:05:00+05:30,1355.800048828125,1356.0,1355.0999755859375,1356.0,26604
2025-04-28 11:06:00+05:30,1355.800048828125,1355.9000244140625,1355.300048828125,1355.800048828125,21363
2025-04-28 11:07:00+05:30,1356.699951171875,1356.800048828125,1355.0999755859375,1355.699951171875,58371
2025-04-28 11:08:00+05:30,1356.699951171875,1356.800048828125,1355.9000244140625,1356.5,28692
2025-04-28 11:09:00+05:30,1356.5,1356.9000244140625,1356.0999755859375,1356.5999755859375,35904
2025-04-28 11:10:00+05:30,1356.5,1357.0,1356.0,1356.699951171875,32330
2025-04-28 11:11:00+05:30,1354.9000244140625,1356.5,1354.300048828125,1356.199951171875,52312
2025-04-28 11:12:00+05:30,1354.699951171875,1354.9000244140625,1353.9000244140625,1354.9000244140625,31682
2025-04-28 11:13:00+05:30,1353.300048828125,1354.699951171875,1353.0999755859375,1354.699951171875,43403
2025-04-28 11:14:00+05:30,1354.199951171875,1354.199951171875,1352.5,1353.0,90027
2025-04-28 11:15:00+05:30,1354.5,1354.9000244140625,1354.0,1354.5,26636
2025-04-28 11:16:00+05:30,1351.5999755859375,1354.5,1351.0,1354.4000244140625,67412
2025-04-28 11:17:00+05:30,1352.9000244140625,1353.0,1351.4000244140625,1351.5,34600
2025-04-28 11:18:00+05:30,1352.5,1353.5999755859375,1352.0999755859375,1352.9000244140625,37033
2025-04-28 11:19:00+05:30,1352.199951171875,1352.5999755859375,1351.9000244140625,1352.5,55118
2025-04-28 11:20:00+05:30,1353.0,1353.0,1351.300048828125,1352.0999755859375,52659
2025-04-28 11:21:00+05:30,1353.9000244140625,1353.9000244140625,1352.9000244140625,1353.0,66434
2025-04-28 11:22:00+05:30,1354.5999755859375,1354.699951171875,1353.800048828125,1354.0,42693
2025-04-28 11:23:00+05:30,1353.300048828125,1354.9000244140625,1353.300048828125,1354.5999755859375,39332
2025-04-28 11:24:00+05:30,1353.0999755859375,1354.5999755859375,1353.0999755859375,1353.699951171875,27922
2025-04-28 11:25:00+05:30,1353.5999755859375,1354.0,1352.5999755859375,1352.5999755859375,20777
2025-04-28 11:26:00+05:30,1354.300048828125,1354.5,1353.300048828125,1354.0,28476
2025-04-28 11:27:00+05:30,1354.0999755859375,1354.5,1353.5,1354.5,21123
2025-04-28 11:28:00+05:30,1354.0,1354.0999755859375,1353.4000244140625,1353.5,28555
2025-04-28 11:29:00+05:30,1354.0999755859375,1354.0999755859375,1353.800048828125,1354.0,16949
2025-04-28 11:30:00+05:30,1354.199951171875,1354.5,1353.9000244140625,1354.0999755859375,24387
2025-04-28 11:31:00+05:30,1355.5999755859375,1355.699951171875,1353.9000244140625,1354.0999755859375,88053
2025-04-28 11:32:00+05:30,1355.9000244140625,1356.0,1355.4000244140625,1355.4000244140625,45138
2025-04-28 11:33:00+05:30,1356.0,1356.0,1354.5,1355.800048828125,51437
2025-04-28 11:34:00+05:30,1356.5,1356.5,1355.5999755859375,1355.9000244140625,45858
2025-04-28 11:35:00+05:30,1356.300048828125,1356.699951171875,1355.9000244140625,1356.5,29603
2025-04-28 11:36:00+05:30,1356.4000244140625,1356.800048828125,1355.5999755859375,1356.5,29398
2025-04-28 11:37:00+05:30,1356.9000244140625,1356.9000244140625,1356.300048828125,1356.800048828125,21993
2025-04-28 11:38:00+05:30,1356.9000244140625,1357.0,1356.699951171875,1356.9000244140625,22349
2025-04-28 11:39:00+05:30,1356.9000244140625,1356.9000244140625,1356.4000244140625,1356.9000244140625,17795
2025-04-28 11:40:00+05:30,1358.0,1358.0,1356.5999755859375,1356.9000244140625,111367
2025-04-28 11:41:00+05:30,1358.9000244140625,1358.9000244140625,1357.9000244140625,1358.0,96644
2025-04-28 11:42:00+05:30,1358.5999755859375,1359.0,1358.4000244140625,1359.0,30809
2025-04-28 11:43:00+05:30,1358.5999755859375,1359.0,1358.5,1358.5,38134
2025-04-28 11:44:00+05:30,1358.9000244140625,1359.0,1358.5,1358.800048828125,31983
2025-04-28 11:45:00+05:30,1358.5,1358.9000244140625,1358.4000244140625,1358.9000244140625,25476
2025-04-28 11:46:00+05:30,1358.699951171875,1358.9000244140625,1358.199951171875,1358.699951171875,87653
2025-04-28 11:47:00+05:30,1357.800048828125,1358.800048828125,1357.4000244140625,1358.699951171875,63312
2025-04-28 11:48:00+05:30,1357.300048828125,1358.0,1357.0999755859375,1357.5,28488
2025-04-28 11:49:00+05:30,1358.0,1358.0,1357.4000244140625,1357.5,21872
2025-04-28 11:50:00+05:30,1359.0,1359.0,1357.9000244140625,1357.9000244140625,44790
2025-04-28 11:51:00+05:30,1359.5,1359.5,1358.5,1358.9000244140625,50565
2025-04-28 11:52:00+05:30,1358.4000244140625,1359.5,1358.4000244140625,1359.300048828125,29147
2025-04-28 11:53:00+05:30,1357.9000244140625,1358.5,1357.300048828125,1358.0,27006
2025-04-28 11:54:00+05:30,1357.699951171875,1358.300048828125,1357.5999755859375,1357.9000244140625,27370
2025-04-28 11:55:00+05:30,1357.9000244140625,1358.0,1357.5999755859375,1357.699951171875,20532
2025-04-28 11:56:00+05:30,1358.5999755859375,1358.5999755859375,1357.800048828125,1357.9000244140625,19713
2025-04-28 11:57:00+05:30,1357.800048828125,1358.5,1357.4000244140625,1358.5,28861
2025-04-28 11:58:00+05:30,1357.0999755859375,1358.0,1357.0999755859375,1357.300048828125,28284
2025-04-28 11:59:00+05:30,1357.9000244140625,1358.0,1357.199951171875,1357.300048828125,25042
2025-04-28 12:00:00+05:30,1359.0999755859375,1359.0999755859375,1357.9000244140625,1357.9000244140625,53883
2025-04-28 12:01:00+05:30,1359.0,1359.699951171875,1359.0,1359.0999755859375,39731
2025-04-28 12:02:00+05:30,1358.9000244140625,1359.5,1358.5,1359.0,43017
2025-04-28 12:03:00+05:30,1359.5,1359.5,1358.5999755859375,1359.0,38567
2025-04-28 12:04:00+05:30,1359.5,1359.699951171875,1359.199951171875,1359.5,57347
2025-04-28 12:05:00+05:30,1360.5,1360.699951171875,1359.4000244140625,1359.5,328015
2025-04-28 12:06:00+05:30,1361.5,1361.9000244140625,1360.300048828125,1360.5,106463
2025-04-28 12:07:00+05:30,1362.0999755859375,1362.4000244140625,1361.5,1361.699951171875,84708
2025-04-28 12:08:00+05:30,1361.9000244140625,1362.5,1361.9000244140625,1362.4000244140625,69268
2025-04-28 12:09:00+05:30,1360.800048828125,1361.9000244140625,1360.4000244140625,1361.9000244140625,51234
2025-04-28 12:10:00+05:30,1360.4000244140625,1361.0,1360.0999755859375,1360.800048828125,37776
2025-04-28 12:11:00+05:30,1361.5,1361.5999755859375,1360.199951171875,1360.199951171875,34048
2025-04-28 12:12:00+05:30,1361.5999755859375,1362.0,1361.300048828125,1361.5,38902
2025-04-28 12:13:00+05:30,1361.300048828125,1361.699951171875,1361.199951171875,1361.699951171875,30429
2025-04-28 12:14:00+05:30,1360.699951171875,1361.5,1360.5,1361.300048828125,33664
2025-04-28 12:15:00+05:30,1361.5,1361.5,1360.5999755859375,1360.5999755859375,45750
2025-04-28 12:16:00+05:30,1361.5999755859375,1361.699951171875,1361.300048828125,1361.5,24946
2025-04-28 12:17:00+05:30,1361.300048828125,1362.0,1361.300048828125,1361.699951171875,42931
2025-04-28 12:18:00+05:30,1361.5999755859375,1361.5999755859375,1361.0,1361.5999755859375,26840
2025-04-28 12:19:00+05:30,1361.9000244140625,1362.0,1361.5,1361.5999755859375,36652
2025-04-28 12:20:00+05:30,1361.699951171875,1362.0,1361.5,1361.9000244140625,51998
2025-04-28 12:21:00+05:30,1360.800048828125,1361.5999755859375,1360.699951171875,1361.5999755859375,49179
2025-04-28 12:22:00+05:30,1360.5999755859375,1360.9000244140625,1360.0,1360.9000244140625,48973
2025-04-28 12:23:00+05:30,1360.199951171875,1360.5999755859375,1360.0,1360.5999755859375,58688
2025-04-28 12:24:00+05:30,1360.0999755859375,1360.9000244140625,1360.0,1360.4000244140625,33192
2025-04-28 12:25:00+05:30,1360.5,1360.5,1360.0,1360.5,35037
2025-04-28 12:26:00+05:30,1361.0,1361.0,1360.0999755859375,1360.199951171875,39619
2025-04-28 12:27:00+05:30,1362.0,1362.0,1360.9000244140625,1361.0,46543
2025-04-28 12:28:00+05:30,1362.0999755859375,1362.5,1361.9000244140625,1362.0,82637
2025-04-28 12:29:00+05:30,1362.0999755859375,1362.4000244140625,1361.9000244140625,1362.199951171875,42098
2025-04-28 12:30:00+05:30,1362.0,1362.4000244140625,1361.800048828125,1362.300048828125,42906
2025-04-28 12:31:00+05:30,1362.4000244140625,1362.5,1361.800048828125,1362.0999755859375,52303
2025-04-28 12:32:00+05:30,1362.5999755859375,1363.0,1362.4000244140625,1362.5,75471
2025-04-28 12:33:00+05:30,1362.9000244140625,1362.9000244140625,1362.5,1362.5,63324
2025-04-28 12:34:00+05:30,1362.699951171875,1363.0,1362.5,1362.9000244140625,66499
2025-04-28 12:35:00+05:30,1362.5999755859375,1362.800048828125,1362.0999755859375,1362.5999755859375,56007
2025-04-28 12:36:00+05:30,1362.9000244140625,1363.5999755859375,1362.5999755859375,1362.9000244140625,100123
2025-04-28 12:37:00+05:30,1361.5999755859375,1362.9000244140625,1361.300048828125,1362.800048828125,47624
2025-04-28 12:38:00+05:30,1360.199951171875,1361.800048828125,1360.199951171875,1361.5999755859375,49380
2025-04-28 12:39:00+05:30,1361.5999755859375,1361.800048828125,1360.0,1360.5999755859375,50193
2025-04-28 12:40:00+05:30,1362.199951171875,1362.199951171875,1361.800048828125,1361.800048828125,33577
2025-04-28 12:41:00+05:30,1362.300048828125,1362.4000244140625,1362.0,1362.199951171875,36665
2025-04-28 12:42:00+05:30,1361.4000244140625,1362.699951171875,1361.4000244140625,1362.300048828125,43112
2025-04-28 12:43:00+05:30,1362.199951171875,1362.300048828125,1361.699951171875,1361.9000244140625,29986
2025-04-28 12:44:00+05:30,1362.800048828125,1362.800048828125,1362.199951171875,1362.300048828125,33892
2025-04-28 12:45:00+05:30,1363.4000244140625,1363.4000244140625,1362.4000244140625,1362.800048828125,40273
2025-04-28 12:46:00+05:30,1363.0999755859375,1363.5,1363.0,1363.300048828125,47896
2025-04-28 12:47:00+05:30,1363.4000244140625,1363.4000244140625,1363.199951171875,1363.300048828125,28317
2025-04-28 12:48:00+05:30,1363.5,1363.699951171875,1363.300048828125,1363.300048828125,43576
2025-04-28 12:49:00+05:30,1364.0,1364.0,1363.4000244140625,1363.5,55524
2025-04-28 12:50:00+05:30,1364.5999755859375,1364.5999755859375,1363.9000244140625,1364.0,115444
2025-04-28 12:51:00+05:30,1364.699951171875,1364.800048828125,1364.5,1364.5,46276
2025-04-28 12:52:00+05:30,1365.0,1365.0,1364.699951171875,1364.800048828125,90805
2025-04-28 12:53:00+05:30,1365.0,1365.5999755859375,1364.9000244140625,1364.9000244140625,175509
2025-04-28 12:54:00+05:30,1364.800048828125,1365.4000244140625,1364.800048828125,1365.0999755859375,85632
2025-04-28 12:55:00+05:30,1364.199951171875,1365.0,1364.0999755859375,1364.800048828125,49621
2025-04-28 12:56:00+05:30,1363.9000244140625,1364.300048828125,1363.800048828125,1364.300048828125,53317
2025-04-28 12:57:00+05:30,1364.0,1364.0,1363.300048828125,1363.800048828125,36641
2025-04-28 12:58:00+05:30,1364.9000244140625,1365.0,1363.9000244140625,1364.0,43278
2025-04-28 12:59:00+05:30,1364.800048828125,1365.0999755859375,1364.699951171875,1365.0,60787
2025-04-28 13:00:00+05:30,1365.0,1365.0999755859375,1364.9000244140625,1364.9000244140625,33269
2025-04-28 13:01:00+05:30,1365.0,1365.300048828125,1364.800048828125,1365.0999755859375,55609
2025-04-28 13:02:00+05:30,1365.0,1365.0999755859375,1364.699951171875,1365.0,37041
2025-04-28 13:03:00+05:30,1365.0,1365.4000244140625,1364.9000244140625,1365.0,49547
2025-04-28 13:04:00+05:30,1364.199951171875,1365.199951171875,1364.0,1365.0999755859375,49484
2025-04-28 13:05:00+05:30,1364.5,1364.5,1363.4000244140625,1364.199951171875,58282
2025-04-28 13:06:00+05:30,1364.4000244140625,1364.5999755859375,1364.300048828125,1364.5,52202
2025-04-28 13:07:00+05:30,1364.5999755859375,1364.5999755859375,1364.199951171875,1364.4000244140625,52254
2025-04-28 13:08:00+05:30,1365.300048828125,1365.300048828125,1364.4000244140625,1364.5,74260
2025-04-28 13:09:00+05:30,1365.5999755859375,1365.5999755859375,1365.199951171875,1365.300048828125,87075
2025-04-28 13:10:00+05:30,1366.0,1366.0,1365.5999755859375,1365.5999755859375,85378
2025-04-28 13:11:00+05:30,1366.4000244140625,1366.4000244140625,1365.800048828125,1365.9000244140625,83883
2025-04-28 13:12:00+05:30,1365.5999755859375,1366.4000244140625,1365.5,1366.300048828125,97912
2025-04-28 13:13:00+05:30,1366.5999755859375,1366.699951171875,1365.5999755859375,1366.0,75749
2025-04-28 13:14:00+05:30,1368.0999755859375,1368.300048828125,1366.5999755859375,1366.699951171875,157473
2025-04-28 13:15:00+05:30,1368.0,1368.199951171875,1367.800048828125,1368.0999755859375,60183
2025-04-28 13:16:00+05:30,1368.5999755859375,1368.5999755859375,1368.0,1368.0999755859375,72431
2025-04-28 13:17:00+05:30,1369.5999755859375,1369.699951171875,1368.800048828125,1368.800048828125,130838
2025-04-28 13:18:00+05:30,1369.5999755859375,1369.9000244140625,1369.4000244140625,1369.5999755859375,137062
2025-04-28 13:19:00+05:30,1368.9000244140625,1369.699951171875,1368.5,1369.699951171875,76599
2025-04-28 13:20:00+05:30,1369.0,1369.0,1368.800048828125,1368.9000244140625,61733
2025-04-28 13:21:00+05:30,1370.0,1370.0,1368.4000244140625,1369.0,156809
2025-04-28 13:22:00+05:30,1371.0,1371.0,1369.9000244140625,1370.0,240122
2025-04-28 13:23:00+05:30,1372.0,1372.0,1370.5,1371.0,96225
2025-04-28 13:24:00+05:30,1373.0,1373.0,1371.9000244140625,1371.9000244140625,97648
2025-04-28 13:25:00+05:30,1373.699951171875,1373.699951171875,1372.800048828125,1373.0999755859375,113971
2025-04-28 13:26:00+05:30,1371.9000244140625,1373.699951171875,1371.199951171875,1373.699951171875,107613
2025-04-28 13:27:00+05:30,1372.0999755859375,1372.699951171875,1371.5999755859375,1371.800048828125,63117
2025-04-28 13:28:00+05:30,1371.9000244140625,1372.4000244140625,1371.4000244140625,1372.199951171875,63115
2025-04-28 13:29:00+05:30,1371.9000244140625,1372.0,1371.5,1371.800048828125,49695
2025-04-28 13:30:00+05:30,1371.0,1372.199951171875,1371.0,1372.0,72586
2025-04-28 13:31:00+05:30,1371.5,1372.0,1370.5999755859375,1371.0,52321
2025-04-28 13:32:00+05:30,1373.9000244140625,1373.9000244140625,1371.5,1371.5,95108
2025-04-28 13:33:00+05:30,1373.5,1374.0,1373.199951171875,1374.0,73554
2025-04-28 13:34:00+05:30,1373.199951171875,1373.9000244140625,1373.0,1373.5,40890
2025-04-28 13:35:00+05:30,1372.699951171875,1373.5999755859375,1372.699951171875,1373.199951171875,46461
2025-04-28 13:36:00+05:30,1372.4000244140625,1373.0,1372.0,1373.0,34869
2025-04-28 13:37:00+05:30,1371.699951171875,1372.699951171875,1371.5999755859375,1372.5,37982
2025-04-28 13:38:00+05:30,1372.0,1372.0,1371.5999755859375,1371.699951171875,38572
2025-04-28 13:39:00+05:30,1374.300048828125,1374.5,1372.0999755859375,1372.0999755859375,112611
2025-04-28 13:40:00+05:30,1374.4000244140625,1374.5,1374.0,1374.4000244140625,52878
2025-04-28 13:41:00+05:30,1374.300048828125,1374.5999755859375,1374.0,1374.5,46687
2025-04-28 13:42:00+05:30,1373.0,1374.4000244140625,1373.0,1374.300048828125,46220
2025-04-28 13:43:00+05:30,1374.4000244140625,1374.4000244140625,1373.199951171875,1373.300048828125,46375
2025-04-28 13:44:00+05:30,1374.300048828125,1374.300048828125,1373.5999755859375,1374.199951171875,53511
2025-04-28 13:45:00+05:30,1373.5,1374.4000244140625,1373.300048828125,1374.4000244140625,47471
2025-04-28 13:46:00+05:30,1373.4000244140625,1373.5,1373.0999755859375,1373.5,37646
2025-04-28 13:47:00+05:30,1374.0999755859375,1374.199951171875,1373.0,1373.5,62957
2025-04-28 13:48:00+05:30,1373.5,1374.5,1373.300048828125,1374.199951171875,60152
2025-04-28 13:49:00+05:30,1373.0999755859375,1373.800048828125,1373.0,1373.699951171875,35503
2025-04-28 13:50:00+05:30,1373.0999755859375,1373.5999755859375,1373.0,1373.300048828125,76172
2025-04-28 13:51:00+05:30,1372.199951171875,1373.4000244140625,1372.0999755859375,1373.0999755859375,137481
2025-04-28 13:52:00+05:30,1371.0999755859375,1372.5,1371.0999755859375,1372.300048828125,67798
2025-04-28 13:53:00+05:30,1372.5999755859375,1372.800048828125,1371.199951171875,1371.5,87196
2025-04-28 13:54:00+05:30,1372.5999755859375,1373.0,1372.199951171875,1372.9000244140625,33450
2025-04-28 13:55:00+05:30,1372.0999755859375,1372.699951171875,1371.5999755859375,1372.699951171875,44329
2025-04-28 13:56:00+05:30,1371.5999755859375,1372.0999755859375,1371.300048828125,1372.0,37109
2025-04-28 13:57:00+05:30,1372.0,1372.0999755859375,1371.5999755859375,1371.699951171875,30857
2025-04-28 13:58:00+05:30,1371.300048828125,1372.5,1371.300048828125,1372.0999755859375,51219
2025-04-28 13:59:00+05:30,1371.0999755859375,1371.5999755859375,1371.0999755859375,1371.5,35365
2025-04-28 14:00:00+05:30,1371.5999755859375,1371.699951171875,1371.0999755859375,1371.4000244140625,34551
2025-04-28 14:01:00+05:30,1371.699951171875,1372.0,1371.5,1371.5999755859375,24780
2025-04-28 14:02:00+05:30,1371.699951171875,1371.9000244140625,1371.5,1371.800048828125,35050
2025-04-28 14:03:00+05:30,1372.0,1372.0,1371.5,1371.699951171875,44263
2025-04-28 14:04:00+05:30,1371.800048828125,1372.300048828125,1371.800048828125,1372.0,46626
2025-04-28 14:05:00+05:30,1372.199951171875,1372.9000244140625,1371.9000244140625,1371.9000244140625,46327
2025-04-28 14:06:00+05:30,1372.0,1372.5,1372.0,1372.4000244140625,34341
2025-04-28 14:07:00+05:30,1372.0,1372.0,1371.699951171875,1372.0,41165
2025-04-28 14:08:00+05:30,1371.9000244140625,1372.199951171875,1371.800048828125,1372.0,32658
2025-04-28 14:09:00+05:30,1371.800048828125,1372.0,1371.699951171875,1371.800048828125,25888
2025-04-28 14:10:00+05:30,1372.5,1373.0,1371.800048828125,1372.0,68907
2025-04-28 14:11:00+05:30,1368.5,1373.0,1368.5,1372.4000244140625,161966
2025-04-28 14:12:00+05:30,1368.800048828125,1369.4000244140625,1366.0,1368.5999755859375,131517
2025-04-28 14:13:00+05:30,1371.5,1371.5999755859375,1368.9000244140625,1368.9000244140625,51459
2025-04-28 14:14:00+05:30,1371.5,1371.699951171875,1370.5,1371.5999755859375,72019
2025-04-28 14:15:00+05:30,1370.0,1371.4000244140625,1369.800048828125,1371.4000244140625,52985
2025-04-28 14:16:00+05:30,1370.0,1370.9000244140625,1369.699951171875,1370.0,61344
2025-04-28 14:17:00+05:30,1369.300048828125,1370.5,1369.199951171875,1369.800048828125,57227
2025-04-28 14:18:00+05:30,1369.699951171875,1370.0,1369.300048828125,1369.4000244140625,44561
2025-04-28 14:19:00+05:30,1370.4000244140625,1370.5999755859375,1369.699951171875,1369.699951171875,55314
2025-04-28 14:20:00+05:30,1369.0999755859375,1370.5,1368.300048828125,1370.5,86828
2025-04-28 14:21:00+05:30,1369.300048828125,1369.5,1369.0999755859375,1369.300048828125,46019
2025-04-28 14:22:00+05:30,1368.0,1369.199951171875,1368.0,1369.199951171875,54841
2025-04-28 14:23:00+05:30,1367.800048828125,1368.0,1367.300048828125,1368.0,58919
2025-04-28 14:24:00+05:30,1366.0999755859375,1367.9000244140625,1365.9000244140625,1367.5999755859375,95860
2025-04-28 14:25:00+05:30,1365.699951171875,1366.5,1365.5999755859375,1366.0,75045
2025-04-28 14:26:00+05:30,1366.0,1367.5,1365.699951171875,1365.9000244140625,94557
2025-04-28 14:27:00+05:30,1367.199951171875,1367.300048828125,1365.800048828125,1366.0,54369
2025-04-28 14:28:00+05:30,1365.5999755859375,1367.300048828125,1365.300048828125,1367.0999755859375,73267
2025-04-28 14:29:00+05:30,1366.699951171875,1367.0,1365.699951171875,1365.699951171875,44542
2025-04-28 14:30:00+05:30,1368.0,1368.0,1366.9000244140625,1366.9000244140625,44416
2025-04-28 14:31:00+05:30,1367.300048828125,1368.300048828125,1367.0999755859375,1368.0,65519
2025-04-28 14:32:00+05:30,1367.9000244140625,1367.9000244140625,1367.0,1367.199951171875,34915
2025-04-28 14:33:00+05:30,1368.199951171875,1368.800048828125,1367.800048828125,1367.800048828125,55124
2025-04-28 14:34:00+05:30,1367.699951171875,1368.699951171875,1367.5999755859375,1368.5,43597
2025-04-28 14:35:00+05:30,1366.300048828125,1367.5999755859375,1366.0999755859375,1367.5999755859375,61550
2025-04-28 14:36:00+05:30,1365.800048828125,1366.800048828125,1365.199951171875,1366.5999755859375,70013
2025-04-28 14:37:00+05:30,1364.5999755859375,1366.0,1364.5999755859375,1365.5,114871
2025-04-28 14:38:00+05:30,1364.0999755859375,1364.699951171875,1363.0,1364.699951171875,114491
2025-04-28 14:39:00+05:30,1364.699951171875,1365.0,1364.0999755859375,1364.0999755859375,39252
2025-04-28 14:40:00+05:30,1363.9000244140625,1364.5,1363.0999755859375,1364.5,69647
2025-04-28 14:41:00+05:30,1364.0,1364.0,1363.300048828125,1363.9000244140625,50890
2025-04-28 14:42:00+05:30,1364.199951171875,1364.699951171875,1363.9000244140625,1363.9000244140625,41805
2025-04-28 14:43:00+05:30,1364.9000244140625,1364.9000244140625,1364.199951171875,1364.300048828125,35199
2025-04-28 14:44:00+05:30,1364.800048828125,1365.0,1364.699951171875,1364.9000244140625,38436
2025-04-28 14:45:00+05:30,1363.0,1364.9000244140625,1362.5999755859375,1364.9000244140625,74124
2025-04-28 14:46:00+05:30,1362.9000244140625,1363.5,1362.5999755859375,1363.0,45405
2025-04-28 14:47:00+05:30,1363.0,1363.0,1362.0,1362.699951171875,60054
2025-04-28 14:48:00+05:30,1363.199951171875,1363.300048828125,1362.699951171875,1363.0,46305
2025-04-28 14:49:00+05:30,1363.0,1364.4000244140625,1362.5999755859375,1363.300048828125,100932
2025-04-28 14:50:00+05:30,1364.199951171875,1364.5,1363.0999755859375,1363.0999755859375,73058
2025-04-28 14:51:00+05:30,1364.9000244140625,1365.0,1363.199951171875,1364.199951171875,89126
2025-04-28 14:52:00+05:30,1367.0999755859375,1367.800048828125,1364.9000244140625,1365.0,107230
2025-04-28 14:53:00+05:30,1366.4000244140625,1367.199951171875,1365.9000244140625,1367.0,61651
2025-04-28 14:54:00+05:30,1367.0,1367.0,1366.300048828125,1366.5,49094
2025-04-28 14:55:00+05:30,1367.300048828125,1367.800048828125,1366.9000244140625,1367.0,100141
2025-04-28 14:56:00+05:30,1366.699951171875,1367.5999755859375,1366.0,1367.4000244140625,56535
2025-04-28 14:57:00+05:30,1367.5999755859375,1368.0,1366.5999755859375,1366.5999755859375,64593
2025-04-28 14:58:00+05:30,1367.5,1368.0,1367.300048828125,1367.800048828125,38988
2025-04-28 14:59:00+05:30,1367.199951171875,1367.9000244140625,1367.199951171875,1367.5,35895
2025-04-28 15:00:00+05:30,1367.5,1367.9000244140625,1367.300048828125,1367.300048828125,91661
2025-04-28 15:01:00+05:30,1368.300048828125,1368.4000244140625,1367.5,1367.5,69735
2025-04-28 15:02:00+05:30,1370.0,1370.0,1368.5999755859375,1368.699951171875,76354
2025-04-28 15:03:00+05:30,1368.300048828125,1370.0,1368.300048828125,1370.0,113051
2025-04-28 15:04:00+05:30,1368.0999755859375,1369.0,1368.0,1368.4000244140625,62213
2025-04-28 15:05:00+05:30,1369.199951171875,1369.300048828125,1368.9000244140625,1368.9000244140625,135540
2025-04-28 15:06:00+05:30,1369.9000244140625,1369.9000244140625,1369.0999755859375,1369.0999755859375,60194
2025-04-28 15:07:00+05:30,1369.0999755859375,1369.9000244140625,1369.0,1369.9000244140625,128670
2025-04-28 15:08:00+05:30,1369.0999755859375,1369.4000244140625,1369.0,1369.0999755859375,63552
2025-04-28 15:09:00+05:30,1369.0999755859375,1369.300048828125,1369.0,1369.0999755859375,73761
2025-04-28 15:10:00+05:30,1369.699951171875,1369.699951171875,1369.199951171875,1369.199951171875,69532
2025-04-28 15:11:00+05:30,1370.5,1370.5,1369.800048828125,1369.800048828125,163602
2025-04-28 15:12:00+05:30,1370.9000244140625,1371.0,1370.300048828125,1370.5,97453
2025-04-28 15:13:00+05:30,1371.0999755859375,1371.800048828125,1370.9000244140625,1371.0,181590
2025-04-28 15:14:00+05:30,1370.300048828125,1371.0999755859375,1370.199951171875,1371.0999755859375,126608
2025-04-28 15:15:00+05:30,1369.0999755859375,1371.0,1369.0,1370.4000244140625,210680
2025-04-28 15:16:00+05:30,1368.9000244140625,1369.199951171875,1368.199951171875,1369.0,127122
2025-04-28 15:17:00+05:30,1368.0999755859375,1368.9000244140625,1367.300048828125,1368.9000244140625,160285
2025-04-28 15:18:00+05:30,1368.0,1368.699951171875,1367.9000244140625,1368.0,227804
2025-04-28 15:19:00+05:30,1368.800048828125,1368.800048828125,1368.0999755859375,1368.199951171875,153976
2025-04-28 15:20:00+05:30,1368.300048828125,1369.300048828125,1368.300048828125,1368.9000244140625,327143
2025-04-28 15:21:00+05:30,1367.0,1368.199951171875,1366.800048828125,1368.199951171875,68413
2025-04-28 15:22:00+05:30,1367.0999755859375,1367.4000244140625,1366.800048828125,1367.0999755859375,46451
2025-04-28 15:23:00+05:30,1366.699951171875,1367.199951171875,1366.699951171875,1367.0999755859375,74978
2025-04-28 15:24:00+05:30,1365.9000244140625,1367.199951171875,1365.9000244140625,1366.699951171875,145358
2025-04-28 15:25:00+05:30,1366.5,1367.0,1365.800048828125,1365.9000244140625,71019
2025-04-28 15:26:00+05:30,1367.0999755859375,1367.699951171875,1366.699951171875,1366.699951171875,63472
2025-04-28 15:27:00+05:30,1366.300048828125,1367.5,1366.0,1367.300048828125,62065
2025-04-28 15:28:00+05:30,1366.300048828125,1366.5999755859375,1365.699951171875,1366.300048828125,66646
2025-04-28 15:29:00+05:30,1366.300048828125,1366.699951171875,1365.9000244140625,1366.300048828125,52813
2025-04-29 09:15:00+05:30,1372.699951171875,1374.699951171875,1371.199951171875,1371.199951171875,0
2025-04-29 09:16:00+05:30,1373.0,1373.5999755859375,1372.0,1372.5999755859375,197806
2025-04-29 09:17:00+05:30,1371.4000244140625,1373.4000244140625,1371.300048828125,1373.4000244140625,174421
2025-04-29 09:18:00+05:30,1373.199951171875,1374.0,1371.0,1371.4000244140625,119588
2025-04-29 09:19:00+05:30,1376.0,1376.0,1373.0999755859375,1373.5999755859375,192309
2025-04-29 09:20:00+05:30,1379.800048828125,1379.800048828125,1375.5999755859375,1375.9000244140625,242492
2025-04-29 09:21:00+05:30,1383.0,1383.4000244140625,1379.9000244140625,1379.9000244140625,328398
2025-04-29 09:22:00+05:30,1385.9000244140625,1385.9000244140625,1383.300048828125,1383.4000244140625,345097
2025-04-29 09:23:00+05:30,1385.199951171875,1386.300048828125,1384.9000244140625,1385.5999755859375,272405
2025-04-29 09:24:00+05:30,1387.4000244140625,1387.800048828125,1385.0,1385.0,204705
2025-04-29 09:25:00+05:30,1386.699951171875,1387.5,1386.199951171875,1387.199951171875,198057
2025-04-29 09:26:00+05:30,1386.5999755859375,1387.0,1386.0999755859375,1386.800048828125,157491
2025-04-29 09:27:00+05:30,1389.0999755859375,1389.0999755859375,1386.0999755859375,1386.5999755859375,297492
2025-04-29 09:28:00+05:30,1390.300048828125,1390.800048828125,1389.0,1389.0,321051
2025-04-29 09:29:00+05:30,1389.0,1390.5,1388.5999755859375,1390.4000244140625,138849
2025-04-29 09:30:00+05:30,1384.199951171875,1388.9000244140625,1384.199951171875,1388.9000244140625,218650
2025-04-29 09:31:00+05:30,1386.0,1386.300048828125,1382.300048828125,1384.199951171875,226884
2025-04-29 09:32:00+05:30,1386.4000244140625,1388.699951171875,1386.199951171875,1386.199951171875,118860
2025-04-29 09:33:00+05:30,1387.4000244140625,1388.0,1386.199951171875,1386.9000244140625,76777
2025-04-29 09:34:00+05:30,1389.699951171875,1390.0,1387.5,1387.800048828125,158095
2025-04-29 09:35:00+05:30,1388.5,1390.0999755859375,1388.5,1389.699951171875,141285
2025-04-29 09:36:00+05:30,1388.0,1389.0,1387.199951171875,1388.5999755859375,93219
2025-04-29 09:37:00+05:30,1389.300048828125,1389.9000244140625,1387.800048828125,1387.800048828125,122564
2025-04-29 09:38:00+05:30,1390.5,1390.5,1389.4000244140625,1389.5999755859375,114986
2025-04-29 09:39:00+05:30,1388.300048828125,1391.9000244140625,1388.300048828125,1390.4000244140625,256049
2025-04-29 09:40:00+05:30,1386.0,1388.199951171875,1385.9000244140625,1388.0,205108
2025-04-29 09:41:00+05:30,1386.4000244140625,1387.699951171875,1385.0999755859375,1385.9000244140625,189383
2025-04-29 09:42:00+05:30,1383.5999755859375,1386.4000244140625,1383.5999755859375,1386.4000244140625,148271
2025-04-29 09:43:00+05:30,1380.5999755859375,1383.5999755859375,1380.300048828125,1383.5999755859375,261630
2025-04-29 09:44:00+05:30,1380.300048828125,1381.0,1380.199951171875,1380.5,120428
2025-04-29 09:45:00+05:30,1383.199951171875,1384.4000244140625,1380.4000244140625,1380.5,110202
2025-04-29 09:46:00+05:30,1378.300048828125,1383.5,1378.300048828125,1383.0,137826
2025-04-29 09:47:00+05:30,1377.0999755859375,1378.5,1376.300048828125,1378.0,131012
2025-04-29 09:48:00+05:30,1379.0,1379.0,1377.199951171875,1377.5,40613
2025-04-29 09:49:00+05:30,1377.0999755859375,1380.300048828125,1377.0999755859375,1378.5,86104
2025-04-29 09:50:00+05:30,1376.300048828125,1378.0,1376.199951171875,1377.0999755859375,52006
2025-04-29 09:51:00+05:30,1377.4000244140625,1378.0,1376.199951171875,1376.800048828125,44402
2025-04-29 09:52:00+05:30,1380.0,1380.5,1377.800048828125,1378.0,45324
2025-04-29 09:53:00+05:30,1380.9000244140625,1381.4000244140625,1380.0,1380.199951171875,35882
2025-04-29 09:54:00+05:30,1379.5999755859375,1381.0,1379.5,1380.199951171875,63742
2025-04-29 09:55:00+05:30,1383.0,1383.0,1379.4000244140625,1379.5999755859375,50425
2025-04-29 09:56:00+05:30,1384.5,1384.5,1382.300048828125,1383.0,43820
2025-04-29 09:57:00+05:30,1385.0,1385.5999755859375,1384.199951171875,1385.0,77541
2025-04-29 09:58:00+05:30,1384.9000244140625,1385.5999755859375,1384.300048828125,1385.5999755859375,39985
2025-04-29 09:59:00+05:30,1385.9000244140625,1386.0,1384.699951171875,1385.0,34234
2025-04-29 10:00:00+05:30,1385.4000244140625,1387.0,1385.199951171875,1385.9000244140625,58585
2025-04-29 10:01:00+05:30,1386.5999755859375,1386.5999755859375,1383.800048828125,1385.5,55685
2025-04-29 10:02:00+05:30,1387.0,1388.0,1386.0999755859375,1386.0999755859375,133751
2025-04-29 10:03:00+05:30,1386.9000244140625,1387.4000244140625,1386.699951171875,1387.0,39652
2025-04-29 10:04:00+05:30,1386.4000244140625,1387.0999755859375,1386.0,1387.0,58884
2025-04-29 10:05:00+05:30,1385.9000244140625,1386.9000244140625,1385.5,1386.5,61240
2025-04-29 10:06:00+05:30,1385.9000244140625,1386.300048828125,1384.5999755859375,1386.0,88553
2025-04-29 10:07:00+05:30,1386.0999755859375,1386.5,1385.0999755859375,1385.9000244140625,83763
2025-04-29 10:08:00+05:30,1386.5,1387.0,1385.199951171875,1386.5,197109
2025-04-29 10:09:00+05:30,1387.699951171875,1387.800048828125,1386.0,1386.5,89353
2025-04-29 10:10:00+05:30,1387.4000244140625,1388.0,1386.300048828125,1387.5,54538
2025-04-29 10:11:00+05:30,1387.0999755859375,1387.9000244140625,1387.0999755859375,1387.5,43718
2025-04-29 10:12:00+05:30,1387.0,1387.5,1386.5999755859375,1387.199951171875,58804
2025-04-29 10:13:00+05:30,1387.5,1387.800048828125,1386.5999755859375,1386.800048828125,54003
2025-04-29 10:14:00+05:30,1387.0999755859375,1387.5999755859375,1387.0,1387.300048828125,47691
2025-04-29 10:15:00+05:30,1386.9000244140625,1387.5,1386.5999755859375,1387.0999755859375,75225
2025-04-29 10:16:00+05:30,1386.800048828125,1388.0,1386.800048828125,1386.9000244140625,123676
2025-04-29 10:17:00+05:30,1387.699951171875,1387.9000244140625,1386.800048828125,1386.9000244140625,63275
2025-04-29 10:18:00+05:30,1387.5,1387.699951171875,1387.300048828125,1387.5999755859375,48134
2025-04-29 10:19:00+05:30,1387.300048828125,1387.800048828125,1386.5999755859375,1387.5,130696
2025-04-29 10:20:00+05:30,1386.0999755859375,1387.5999755859375,1385.800048828125,1386.5999755859375,193415
2025-04-29 10:21:00+05:30,1387.699951171875,1387.9000244140625,1385.800048828125,1386.0999755859375,162456
2025-04-29 10:22:00+05:30,1388.800048828125,1389.5,1387.5,1387.699951171875,111806
2025-04-29 10:23:00+05:30,1389.699951171875,1389.9000244140625,1389.0999755859375,1389.0999755859375,69192
2025-04-29 10:24:00+05:30,1390.300048828125,1390.5999755859375,1389.699951171875,1389.699951171875,174160
2025-04-29 10:25:00+05:30,1389.699951171875,1390.800048828125,1389.4000244140625,1390.199951171875,61991
2025-04-29 10:26:00+05:30,1390.0,1390.5,1389.300048828125,1389.800048828125,128481
2025-04-29 10:27:00+05:30,1390.5999755859375,1391.199951171875,1389.4000244140625,1389.9000244140625,197279
2025-04-29 10:28:00+05:30,1390.4000244140625,1391.0,1390.0,1390.699951171875,85243
2025-04-29 10:29:00+05:30,1390.0,1390.5999755859375,1389.5,1390.0999755859375,88320
2025-04-29 10:30:00+05:30,1390.0,1390.199951171875,1389.300048828125,1390.0999755859375,124455
2025-04-29 10:31:00+05:30,1390.199951171875,1390.5,1389.4000244140625,1389.699951171875,80296
2025-04-29 10:32:00+05:30,1390.0999755859375,1390.9000244140625,1390.0999755859375,1390.300048828125,37335
2025-04-29 10:33:00+05:30,1389.5,1390.4000244140625,1389.4000244140625,1390.4000244140625,53769
2025-04-29 10:34:00+05:30,1389.199951171875,1390.0,1389.0,1389.800048828125,42181
2025-04-29 10:35:00+05:30,1389.699951171875,1390.5,1389.0,1389.0999755859375,170281
2025-04-29 10:36:00+05:30,1389.300048828125,1390.0,1389.199951171875,1389.5999755859375,28448
2025-04-29 10:37:00+05:30,1390.0,1390.5999755859375,1389.0,1389.300048828125,118462
2025-04-29 10:38:00+05:30,1391.5,1391.699951171875,1389.5999755859375,1390.0999755859375,90657
2025-04-29 10:39:00+05:30,1394.4000244140625,1394.5,1391.699951171875,1391.699951171875,222048
2025-04-29 10:40:00+05:30,1394.699951171875,1395.5,1394.0999755859375,1394.199951171875,241322
2025-04-29 10:41:00+05:30,1396.0999755859375,1396.199951171875,1394.9000244140625,1395.0,173769
2025-04-29 10:42:00+05:30,1396.199951171875,1396.4000244140625,1395.5,1396.0999755859375,228382
2025-04-29 10:43:00+05:30,1396.199951171875,1396.9000244140625,1395.199951171875,1396.199951171875,108662
2025-04-29 10:44:00+05:30,1393.800048828125,1396.199951171875,1393.800048828125,1396.0999755859375,143448
2025-04-29 10:45:00+05:30,1393.699951171875,1394.0,1393.0,1393.800048828125,74539
2025-04-29 10:46:00+05:30,1394.5999755859375,1395.300048828125,1393.5,1393.5999755859375,80044
2025-04-29 10:47:00+05:30,1393.4000244140625,1395.0,1393.0,1394.800048828125,47832
2025-04-29 10:48:00+05:30,1393.9000244140625,1394.4000244140625,1392.199951171875,1393.0999755859375,50497
2025-04-29 10:49:00+05:30,1394.0999755859375,1394.5,1393.199951171875,1393.4000244140625,29690
2025-04-29 10:50:00+05:30,1394.0999755859375,1394.699951171875,1393.800048828125,1393.9000244140625,40341
2025-04-29 10:51:00+05:30,1395.0,1395.0,1394.300048828125,1394.4000244140625,65475
2025-04-29 10:52:00+05:30,1394.800048828125,1395.0,1394.300048828125,1395.0,22735
2025-04-29 10:53:00+05:30,1394.0999755859375,1394.9000244140625,1394.0999755859375,1394.5999755859375,34767
2025-04-29 10:54:00+05:30,1393.800048828125,1394.300048828125,1393.300048828125,1394.0999755859375,42541
2025-04-29 10:55:00+05:30,1394.5,1394.5999755859375,1393.5999755859375,1393.9000244140625,32757
2025-04-29 10:56:00+05:30,1394.300048828125,1395.0,1394.300048828125,1394.300048828125,41033
2025-04-29 10:57:00+05:30,1394.0,1394.4000244140625,1393.800048828125,1394.4000244140625,33462
2025-04-29 10:58:00+05:30,1393.300048828125,1394.4000244140625,1393.300048828125,1394.300048828125,33832
2025-04-29 10:59:00+05:30,1391.699951171875,1393.199951171875,1391.300048828125,1393.0999755859375,88926
2025-04-29 11:00:00+05:30,1393.0,1393.0,1391.199951171875,1391.199951171875,30666
2025-04-29 11:01:00+05:30,1392.800048828125,1393.0,1392.5999755859375,1393.0,23349
2025-04-29 11:02:00+05:30,1392.800048828125,1393.0,1392.5,1392.800048828125,20393
2025-04-29 11:03:00+05:30,1393.5999755859375,1393.5999755859375,1392.699951171875,1392.800048828125,43450
2025-04-29 11:04:00+05:30,1394.800048828125,1395.0,1393.300048828125,1393.5,81289
2025-04-29 11:05:00+05:30,1395.5999755859375,1395.5999755859375,1394.300048828125,1394.9000244140625,90360
2025-04-29 11:06:00+05:30,1394.5,1395.5999755859375,1394.199951171875,1395.5999755859375,64838
2025-04-29 11:07:00+05:30,1394.4000244140625,1394.5,1394.300048828125,1394.4000244140625,35727
2025-04-29 11:08:00+05:30,1394.4000244140625,1394.5,1394.0999755859375,1394.4000244140625,38157
2025-04-29 11:09:00+05:30,1394.9000244140625,1395.0999755859375,1394.4000244140625,1394.4000244140625,31278
2025-04-29 11:10:00+05:30,1394.9000244140625,1395.0,1394.5,1394.9000244140625,42864
2025-04-29 11:11:00+05:30,1393.9000244140625,1394.5999755859375,1393.699951171875,1394.5999755859375,50751
2025-04-29 11:12:00+05:30,1393.800048828125,1394.0,1393.5999755859375,1393.699951171875,21779
2025-04-29 11:13:00+05:30,1394.199951171875,1394.5,1393.699951171875,1393.800048828125,26481
2025-04-29 11:14:00+05:30,1394.9000244140625,1394.9000244140625,1394.4000244140625,1394.5,30784
2025-04-29 11:15:00+05:30,1394.9000244140625,1395.0,1394.800048828125,1394.9000244140625,38520
2025-04-29 11:16:00+05:30,1394.5,1395.0,1394.300048828125,1395.0,37569
2025-04-29 11:17:00+05:30,1394.5999755859375,1394.699951171875,1394.300048828125,1394.5,17521
2025-04-29 11:18:00+05:30,1394.5999755859375,1394.800048828125,1394.4000244140625,1394.5,28559
2025-04-29 11:19:00+05:30,1394.699951171875,1394.699951171875,1393.300048828125,1394.699951171875,296787
2025-04-29 11:20:00+05:30,1394.4000244140625,1394.699951171875,1394.300048828125,1394.699951171875,19581
2025-04-29 11:21:00+05:30,1394.0,1394.5,1393.699951171875,1394.5,46870
2025-04-29 11:22:00+05:30,1394.800048828125,1394.9000244140625,1393.699951171875,1393.9000244140625,51167
2025-04-29 11:23:00+05:30,1395.4000244140625,1395.9000244140625,1394.5,1394.699951171875,69408
2025-04-29 11:24:00+05:30,1394.5999755859375,1395.9000244140625,1394.5999755859375,1395.5999755859375,48216
2025-04-29 11:25:00+05:30,1394.800048828125,1395.0,1394.5,1394.699951171875,30758
2025-04-29 11:26:00+05:30,1396.800048828125,1396.800048828125,1394.9000244140625,1395.0,112642
2025-04-29 11:27:00+05:30,1398.0,1398.5999755859375,1396.4000244140625,1396.800048828125,192779
2025-04-29 11:28:00+05:30,1397.5,1398.0,1397.0999755859375,1398.0,171069
2025-04-29 11:29:00+05:30,1398.4000244140625,1398.800048828125,1397.199951171875,1397.5,88034
2025-04-29 11:30:00+05:30,1398.9000244140625,1399.0,1398.300048828125,1398.300048828125,80246
2025-04-29 11:31:00+05:30,1398.0999755859375,1399.5,1397.800048828125,1398.9000244140625,204169
2025-04-29 11:32:00+05:30,1399.0,1399.4000244140625,1397.699951171875,1397.699951171875,145459
2025-04-29 11:33:00+05:30,1401.0,1401.0,1398.5999755859375,1399.0,444340
2025-04-29 11:34:00+05:30,1399.0999755859375,1400.800048828125,1398.9000244140625,1400.800048828125,104512
2025-04-29 11:35:00+05:30,1399.9000244140625,1400.0,1398.800048828125,1398.9000244140625,82909
2025-04-29 11:36:00+05:30,1400.9000244140625,1401.0999755859375,1399.9000244140625,1399.9000244140625,159688
2025-04-29 11:37:00+05:30,1400.0,1400.9000244140625,1399.800048828125,1400.5999755859375,54662
2025-04-29 11:38:00+05:30,1399.9000244140625,1400.0,1399.699951171875,1400.0,48517
2025-04-29 11:39:00+05:30,1399.9000244140625,1400.0,1399.699951171875,1399.9000244140625,57185
2025-04-29 11:40:00+05:30,1400.5,1400.800048828125,1399.800048828125,1399.9000244140625,93572
2025-04-29 11:41:00+05:30,1400.4000244140625,1400.5,1400.300048828125,1400.4000244140625,39222
2025-04-29 11:42:00+05:30,1401.0,1401.199951171875,1400.300048828125,1400.300048828125,69817
2025-04-29 11:43:00+05:30,1402.0,1402.0,1401.0,1401.0999755859375,91708
2025-04-29 11:44:00+05:30,1404.4000244140625,1404.800048828125,1402.199951171875,1402.199951171875,191309
2025-04-29 11:45:00+05:30,1405.9000244140625,1405.9000244140625,1404.0,1404.300048828125,165961
2025-04-29 11:46:00+05:30,1405.4000244140625,1406.0999755859375,1405.0,1405.0999755859375,120903
2025-04-29 11:47:00+05:30,1404.9000244140625,1405.5,1404.0999755859375,1405.5,111095
2025-04-29 11:48:00+05:30,1405.300048828125,1405.5,1404.699951171875,1405.0,72576
2025-04-29 11:49:00+05:30,1405.199951171875,1405.4000244140625,1405.0,1405.0999755859375,35528
2025-04-29 11:50:00+05:30,1404.800048828125,1405.4000244140625,1404.5,1405.0999755859375,96376
2025-04-29 11:51:00+05:30,1404.0,1405.0,1403.5999755859375,1404.699951171875,86351
2025-04-29 11:52:00+05:30,1403.5,1405.199951171875,1402.4000244140625,1404.0,273067
2025-04-29 11:53:00+05:30,1402.699951171875,1403.800048828125,1402.300048828125,1403.5999755859375,126686
2025-04-29 11:54:00+05:30,1401.800048828125,1402.5999755859375,1400.9000244140625,1402.5,102634
2025-04-29 11:55:00+05:30,1402.5,1402.5,1400.9000244140625,1402.0,76356
2025-04-29 11:56:00+05:30,1403.0,1403.4000244140625,1402.4000244140625,1403.0,45773
2025-04-29 11:57:00+05:30,1402.4000244140625,1403.0,1402.199951171875,1403.0,48451
2025-04-29 11:58:00+05:30,1404.0,1404.0999755859375,1402.4000244140625,1402.4000244140625,49525
2025-04-29 11:59:00+05:30,1403.9000244140625,1404.0,1403.5,1404.0,27366
2025-04-29 12:00:00+05:30,1403.300048828125,1404.0,1403.0999755859375,1403.9000244140625,49356
2025-04-29 12:01:00+05:30,1403.300048828125,1404.9000244140625,1402.300048828125,1403.199951171875,240547
2025-04-29 12:02:00+05:30,1402.4000244140625,1403.300048828125,1402.300048828125,1403.0,61512
2025-04-29 12:03:00+05:30,1402.0999755859375,1402.5,1401.4000244140625,1402.5,39144
2025-04-29 12:04:00+05:30,1402.9000244140625,1403.0,1401.9000244140625,1402.199951171875,55169
2025-04-29 12:05:00+05:30,1403.5,1403.5,1402.5,1403.0,39504
2025-04-29 12:06:00+05:30,1403.5999755859375,1404.0,1403.199951171875,1403.4000244140625,34290
2025-04-29 12:07:00+05:30,1402.800048828125,1403.5999755859375,1402.5,1403.4000244140625,31973
2025-04-29 12:08:00+05:30,1403.0,1403.0999755859375,1402.300048828125,1402.9000244140625,64370
2025-04-29 12:09:00+05:30,1403.0999755859375,1403.800048828125,1402.5999755859375,1403.0,61609
2025-04-29 12:10:00+05:30,1403.199951171875,1403.300048828125,1402.800048828125,1403.199951171875,25122
2025-04-29 12:11:00+05:30,1404.5999755859375,1404.800048828125,1403.199951171875,1403.199951171875,94818
2025-04-29 12:12:00+05:30,1404.800048828125,1405.0,1403.9000244140625,1404.800048828125,34387
2025-04-29 12:13:00+05:30,1405.800048828125,1405.9000244140625,1404.5999755859375,1404.800048828125,82162
2025-04-29 12:14:00+05:30,1405.0,1405.800048828125,1404.800048828125,1405.800048828125,31191
2025-04-29 12:15:00+05:30,1406.0,1406.0,1405.0,1405.5,29974
2025-04-29 12:16:00+05:30,1405.800048828125,1406.0,1405.5999755859375,1405.699951171875,69411
2025-04-29 12:17:00+05:30,1404.9000244140625,1406.0,1404.699951171875,1405.9000244140625,38186
2025-04-29 12:18:00+05:30,1405.4000244140625,1405.5,1404.699951171875,1404.9000244140625,31873
2025-04-29 12:19:00+05:30,1405.5,1405.5,1405.0,1405.5,19533
2025-04-29 12:20:00+05:30,1405.5,1405.5999755859375,1405.0,1405.5,25443
2025-04-29 12:21:00+05:30,1405.199951171875,1405.9000244140625,1404.800048828125,1405.4000244140625,90506
2025-04-29 12:22:00+05:30,1404.699951171875,1405.0999755859375,1404.5999755859375,1405.0,25225
2025-04-29 12:23:00+05:30,1404.800048828125,1405.0,1404.5,1404.699951171875,25131
2025-04-29 12:24:00+05:30,1404.9000244140625,1405.0,1404.5,1405.0,19078
2025-04-29 12:25:00+05:30,1404.699951171875,1404.9000244140625,1404.5999755859375,1404.5999755859375,30911
2025-04-29 12:26:00+05:30,1404.800048828125,1404.9000244140625,1404.5999755859375,1404.800048828125,19137
2025-04-29 12:27:00+05:30,1404.699951171875,1404.9000244140625,1404.699951171875,1404.800048828125,23311
2025-04-29 12:28:00+05:30,1404.300048828125,1404.800048828125,1404.199951171875,1404.699951171875,34135
2025-04-29 12:29:00+05:30,1403.9000244140625,1404.300048828125,1403.800048828125,1404.199951171875,37684
2025-04-29 12:30:00+05:30,1405.0,1405.0,1403.9000244140625,1404.0,36811
2025-04-29 12:31:00+05:30,1404.9000244140625,1405.0,1404.800048828125,1405.0,19561
2025-04-29 12:32:00+05:30,1404.800048828125,1405.0,1404.5999755859375,1404.9000244140625,22563
2025-04-29 12:33:00+05:30,1404.9000244140625,1404.9000244140625,1404.5,1404.699951171875,28362
2025-04-29 12:34:00+05:30,1404.9000244140625,1405.0,1404.5999755859375,1404.9000244140625,23701
2025-04-29 12:35:00+05:30,1405.800048828125,1405.800048828125,1404.5999755859375,1404.9000244140625,70680
2025-04-29 12:36:00+05:30,1405.5,1405.800048828125,1405.199951171875,1405.5,32982
2025-04-29 12:37:00+05:30,1405.300048828125,1405.699951171875,1405.199951171875,1405.699951171875,24366
2025-04-29 12:38:00+05:30,1405.5,1405.800048828125,1405.199951171875,1405.800048828125,28483
2025-04-29 12:39:00+05:30,1405.199951171875,1405.5,1405.0,1405.0999755859375,46981
2025-04-29 12:40:00+05:30,1404.800048828125,1405.199951171875,1404.699951171875,1405.199951171875,24497
2025-04-29 12:41:00+05:30,1405.0,1405.0,1404.800048828125,1404.800048828125,19652
2025-04-29 12:42:00+05:30,1405.300048828125,1405.4000244140625,1404.9000244140625,1405.199951171875,34809
2025-04-29 12:43:00+05:30,1405.0,1405.5,1404.800048828125,1405.4000244140625,50014
2025-04-29 12:44:00+05:30,1405.0999755859375,1405.699951171875,1404.9000244140625,1404.9000244140625,44693
2025-04-29 12:45:00+05:30,1405.5,1405.5,1404.9000244140625,1405.300048828125,19159
2025-04-29 12:46:00+05:30,1406.0,1406.0,1405.199951171875,1405.4000244140625,49711
2025-04-29 12:47:00+05:30,1405.9000244140625,1406.0,1405.4000244140625,1405.9000244140625,37789
2025-04-29 12:48:00+05:30,1405.699951171875,1406.0,1405.5999755859375,1405.9000244140625,17743
2025-04-29 12:49:00+05:30,1405.5999755859375,1405.9000244140625,1405.300048828125,1405.9000244140625,24045
2025-04-29 12:50:00+05:30,1407.699951171875,1408.0,1405.5,1405.699951171875,159987
2025-04-29 12:51:00+05:30,1407.699951171875,1407.9000244140625,1407.300048828125,1407.800048828125,25002
2025-04-29 12:52:00+05:30,1408.0999755859375,1408.5999755859375,1407.699951171875,1407.9000244140625,65410
2025-04-29 12:53:00+05:30,1408.699951171875,1409.0,1407.5999755859375,1408.300048828125,42878
2025-04-29 12:54:00+05:30,1408.5999755859375,1409.0,1408.5999755859375,1409.0,57222
2025-04-29 12:55:00+05:30,1409.5,1409.5,1408.9000244140625,1409.0,49281
2025-04-29 12:56:00+05:30,1409.800048828125,1409.9000244140625,1409.300048828125,1409.5,87077
2025-04-29 12:57:00+05:30,1410.0,1410.0,1409.699951171875,1409.800048828125,163231
2025-04-29 12:58:00+05:30,1409.5999755859375,1410.699951171875,1409.5999755859375,1410.0,134320
2025-04-29 12:59:00+05:30,1410.199951171875,1410.300048828125,1409.9000244140625,1410.0,78120
2025-04-29 13:00:00+05:30,1409.300048828125,1410.300048828125,1409.300048828125,1410.199951171875,76908
2025-04-29 13:01:00+05:30,1410.0999755859375,1410.199951171875,1410.0,1410.0,196815
2025-04-29 13:02:00+05:30,1410.0999755859375,1410.300048828125,1410.0,1410.199951171875,47815
2025-04-29 13:03:00+05:30,1410.5999755859375,1410.9000244140625,1410.199951171875,1410.300048828125,45611
2025-04-29 13:04:00+05:30,1410.0999755859375,1410.800048828125,1410.0,1410.699951171875,141813
2025-04-29 13:05:00+05:30,1408.199951171875,1410.199951171875,1408.0,1410.0,220170
2025-04-29 13:06:00+05:30,1407.5,1409.0,1407.5,1408.300048828125,72018
2025-04-29 13:07:00+05:30,1407.300048828125,1407.9000244140625,1406.9000244140625,1407.5999755859375,61825
2025-04-29 13:08:00+05:30,1407.699951171875,1408.199951171875,1407.300048828125,1407.300048828125,50296
2025-04-29 13:09:00+05:30,1408.800048828125,1409.0,1407.699951171875,1408.0,32868
2025-04-29 13:10:00+05:30,1408.800048828125,1409.0,1408.5,1408.9000244140625,22777
2025-04-29 13:11:00+05:30,1407.800048828125,1408.9000244140625,1407.800048828125,1408.800048828125,37862
2025-04-29 13:12:00+05:30,1406.5,1407.9000244140625,1406.5,1407.800048828125,44940
2025-04-29 13:13:00+05:30,1406.800048828125,1407.300048828125,1406.5,1406.9000244140625,44015
2025-04-29 13:14:00+05:30,1406.699951171875,1407.199951171875,1406.5,1406.5999755859375,46440
2025-04-29 13:15:00+05:30,1407.5999755859375,1407.699951171875,1406.5999755859375,1406.800048828125,29294
2025-04-29 13:16:00+05:30,1406.4000244140625,1407.5999755859375,1405.699951171875,1407.5999755859375,63735
2025-04-29 13:17:00+05:30,1405.5999755859375,1406.9000244140625,1405.300048828125,1406.9000244140625,40907
2025-04-29 13:18:00+05:30,1404.699951171875,1405.9000244140625,1404.0999755859375,1405.0999755859375,222391
2025-04-29 13:19:00+05:30,1405.4000244140625,1405.5999755859375,1404.5999755859375,1405.0999755859375,37007
2025-04-29 13:20:00+05:30,1404.199951171875,1405.5,1404.0999755859375,1405.0999755859375,54159
2025-04-29 13:21:00+05:30,1404.699951171875,1405.0,1404.199951171875,1404.4000244140625,36125
2025-04-29 13:22:00+05:30,1405.0,1405.0999755859375,1404.4000244140625,1404.699951171875,31256
2025-04-29 13:23:00+05:30,1405.0999755859375,1405.300048828125,1404.5,1405.0,24764
2025-04-29 13:24:00+05:30,1405.0999755859375,1405.5,1404.800048828125,1405.0999755859375,24971
2025-04-29 13:25:00+05:30,1406.0999755859375,1406.199951171875,1405.0,1405.0999755859375,31106
2025-04-29 13:26:00+05:30,1407.0999755859375,1407.300048828125,1406.199951171875,1406.199951171875,32212
2025-04-29 13:27:00+05:30,1406.199951171875,1407.300048828125,1406.199951171875,1407.199951171875,31800
2025-04-29 13:28:00+05:30,1406.0,1406.5999755859375,1405.9000244140625,1406.0999755859375,103082
2025-04-29 13:29:00+05:30,1405.800048828125,1406.5,1405.800048828125,1406.4000244140625,26058
2025-04-29 13:30:00+05:30,1405.0,1406.0999755859375,1405.0,1405.800048828125,28146
2025-04-29 13:31:00+05:30,1405.5,1405.5,1405.0,1405.4000244140625,20709
2025-04-29 13:32:00+05:30,1405.699951171875,1406.0,1405.300048828125,1405.5,18337
2025-04-29 13:33:00+05:30,1404.9000244140625,1405.800048828125,1404.699951171875,1405.5999755859375,47398
2025-04-29 13:34:00+05:30,1405.0999755859375,1405.699951171875,1404.800048828125,1404.800048828125,47019
2025-04-29 13:35:00+05:30,1405.5999755859375,1405.5999755859375,1404.800048828125,1405.0999755859375,15515
2025-04-29 13:36:00+05:30,1405.5,1405.800048828125,1405.199951171875,1405.5999755859375,17296
2025-04-29 13:37:00+05:30,1405.9000244140625,1406.0,1405.300048828125,1405.5999755859375,20413
2025-04-29 13:38:00+05:30,1405.9000244140625,1406.0,1405.699951171875,1405.800048828125,15589
2025-04-29 13:39:00+05:30,1406.0,1406.4000244140625,1405.800048828125,1405.9000244140625,36280
2025-04-29 13:40:00+05:30,1406.0999755859375,1406.199951171875,1405.800048828125,1406.199951171875,77126
2025-04-29 13:41:00+05:30,1405.0999755859375,1406.0999755859375,1405.0999755859375,1406.0999755859375,89681
2025-04-29 13:42:00+05:30,1404.9000244140625,1405.4000244140625,1404.9000244140625,1405.199951171875,27560
2025-04-29 13:43:00+05:30,1404.699951171875,1405.4000244140625,1404.699951171875,1404.9000244140625,24437
2025-04-29 13:44:00+05:30,1405.4000244140625,1405.4000244140625,1404.699951171875,1404.699951171875,23786
2025-04-29 13:45:00+05:30,1405.0,1405.9000244140625,1404.9000244140625,1405.5,31487
2025-04-29 13:46:00+05:30,1405.0999755859375,1405.4000244140625,1404.9000244140625,1405.0,18903
2025-04-29 13:47:00+05:30,1405.0999755859375,1405.4000244140625,1405.0999755859375,1405.300048828125,18064
2025-04-29 13:48:00+05:30,1405.0999755859375,1405.199951171875,1405.0999755859375,1405.0999755859375,22881
2025-04-29 13:49:00+05:30,1405.0,1405.199951171875,1405.0,1405.199951171875,20317
2025-04-29 13:50:00+05:30,1405.800048828125,1405.9000244140625,1404.9000244140625,1405.0999755859375,97277
2025-04-29 13:51:00+05:30,1406.0,1406.0,1405.699951171875,1405.9000244140625,20903
2025-04-29 13:52:00+05:30,1405.699951171875,1406.0,1405.699951171875,1406.0,21121
2025-04-29 13:53:00+05:30,1406.0,1406.300048828125,1405.699951171875,1405.9000244140625,26540
2025-04-29 13:54:00+05:30,1406.0999755859375,1406.199951171875,1406.0,1406.0,18264
2025-04-29 13:55:00+05:30,1405.699951171875,1406.199951171875,1405.5999755859375,1406.0999755859375,27923
2025-04-29 13:56:00+05:30,1406.0,1406.199951171875,1405.5999755859375,1405.800048828125,14723
2025-04-29 13:57:00+05:30,1406.800048828125,1407.0,1406.0,1406.0,32510
2025-04-29 13:58:00+05:30,1407.0,1407.0,1406.5,1406.9000244140625,21951
2025-04-29 13:59:00+05:30,1407.9000244140625,1408.0,1406.5999755859375,1407.0,28511
2025-04-29 14:00:00+05:30,1407.9000244140625,1408.0,1407.699951171875,1407.9000244140625,25484
2025-04-29 14:01:00+05:30,1406.5,1408.0,1406.5,1407.9000244140625,76945
2025-04-29 14:02:00+05:30,1405.800048828125,1406.5,1405.4000244140625,1406.5,44843
2025-04-29 14:03:00+05:30,1406.4000244140625,1406.5,1405.5,1406.0,23145
2025-04-29 14:04:00+05:30,1405.9000244140625,1406.300048828125,1405.800048828125,1406.199951171875,18674
2025-04-29 14:05:00+05:30,1406.0,1406.4000244140625,1405.699951171875,1405.800048828125,19290
2025-04-29 14:06:00+05:30,1405.9000244140625,1406.300048828125,1405.699951171875,1406.0,31115
2025-04-29 14:07:00+05:30,1405.9000244140625,1406.199951171875,1405.800048828125,1405.9000244140625,17198
2025-04-29 14:08:00+05:30,1405.699951171875,1406.0,1405.699951171875,1405.9000244140625,28155
2025-04-29 14:09:00+05:30,1405.199951171875,1405.800048828125,1404.800048828125,1405.800048828125,55349
2025-04-29 14:10:00+05:30,1405.199951171875,1405.4000244140625,1404.800048828125,1404.9000244140625,17139
2025-04-29 14:11:00+05:30,1405.300048828125,1405.699951171875,1404.800048828125,1405.0,45587
2025-04-29 14:12:00+05:30,1404.5999755859375,1405.5,1404.5999755859375,1405.0999755859375,28068
2025-04-29 14:13:00+05:30,1404.800048828125,1405.199951171875,1404.5,1404.800048828125,24998
2025-04-29 14:14:00+05:30,1405.800048828125,1405.800048828125,1404.5999755859375,1404.800048828125,32308
2025-04-29 14:15:00+05:30,1404.5999755859375,1405.699951171875,1404.5999755859375,1405.300048828125,22466
2025-04-29 14:16:00+05:30,1402.9000244140625,1404.699951171875,1402.9000244140625,1404.699951171875,112738
2025-04-29 14:17:00+05:30,1403.4000244140625,1404.199951171875,1402.0999755859375,1402.9000244140625,249708
2025-04-29 14:18:00+05:30,1401.300048828125,1403.4000244140625,1401.300048828125,1403.4000244140625,112945
2025-04-29 14:19:00+05:30,1397.699951171875,1401.300048828125,1397.0999755859375,1401.300048828125,299628
2025-04-29 14:20:00+05:30,1399.9000244140625,1400.300048828125,1397.300048828125,1397.300048828125,80417
2025-04-29 14:21:00+05:30,1401.0,1401.4000244140625,1399.800048828125,1399.9000244140625,42014
2025-04-29 14:22:00+05:30,1401.0,1401.5999755859375,1400.5,1401.0,40856
2025-04-29 14:23:00+05:30,1399.800048828125,1401.0,1399.5999755859375,1401.0,85271
2025-04-29 14:24:00+05:30,1400.199951171875,1400.9000244140625,1399.800048828125,1399.800048828125,47542
2025-04-29 14:25:00+05:30,1399.5999755859375,1400.199951171875,1398.699951171875,1400.199951171875,87640
2025-04-29 14:26:00+05:30,1399.9000244140625,1400.0,1399.5,1400.0,35305
2025-04-29 14:27:00+05:30,1398.9000244140625,1399.800048828125,1398.9000244140625,1399.699951171875,66684
2025-04-29 14:28:00+05:30,1398.5,1399.0999755859375,1398.5,1399.0,39689
2025-04-29 14:29:00+05:30,1398.9000244140625,1399.699951171875,1398.800048828125,1398.9000244140625,31495
2025-04-29 14:30:00+05:30,1399.0,1399.9000244140625,1398.800048828125,1399.0,53276
2025-04-29 14:31:00+05:30,1399.4000244140625,1400.0,1399.0,1399.0,58200
2025-04-29 14:32:00+05:30,1399.699951171875,1400.0,1399.199951171875,1399.5,29251
2025-04-29 14:33:00+05:30,1400.0,1400.0,1399.5,1399.800048828125,34753
2025-04-29 14:34:00+05:30,1400.0999755859375,1400.199951171875,1399.699951171875,1399.9000244140625,45030
2025-04-29 14:35:00+05:30,1401.0,1401.0,1399.9000244140625,1400.0999755859375,39314
2025-04-29 14:36:00+05:30,1400.9000244140625,1401.4000244140625,1400.699951171875,1401.0,37785
2025-04-29 14:37:00+05:30,1402.0,1402.0,1400.699951171875,1401.0,38584
2025-04-29 14:38:00+05:30,1400.199951171875,1401.9000244140625,1400.199951171875,1401.4000244140625,74741
2025-04-29 14:39:00+05:30,1400.0999755859375,1400.4000244140625,1399.5,1400.4000244140625,74175
2025-04-29 14:40:00+05:30,1399.9000244140625,1400.699951171875,1399.800048828125,1400.0,50267
2025-04-29 14:41:00+05:30,1400.199951171875,1400.199951171875,1399.4000244140625,1399.9000244140625,55160
2025-04-29 14:42:00+05:30,1400.800048828125,1401.0999755859375,1400.0,1400.199951171875,27603
2025-04-29 14:43:00+05:30,1400.199951171875,1401.0,1400.199951171875,1400.699951171875,31646
2025-04-29 14:44:00+05:30,1400.9000244140625,1401.0,1400.300048828125,1400.300048828125,25954
2025-04-29 14:45:00+05:30,1400.0,1400.9000244140625,1398.4000244140625,1400.9000244140625,163051
2025-04-29 14:46:00+05:30,1399.9000244140625,1400.699951171875,1399.199951171875,1400.0,43508
2025-04-29 14:47:00+05:30,1400.199951171875,1400.300048828125,1399.9000244140625,1399.9000244140625,49846
2025-04-29 14:48:00+05:30,1400.300048828125,1400.300048828125,1399.5999755859375,1400.199951171875,70689
2025-04-29 14:49:00+05:30,1400.0,1400.9000244140625,1399.9000244140625,1400.199951171875,105168
2025-04-29 14:50:00+05:30,1400.4000244140625,1400.5,1399.699951171875,1399.9000244140625,59846
2025-04-29 14:51:00+05:30,1400.4000244140625,1401.0,1400.300048828125,1400.300048828125,49618
2025-04-29 14:52:00+05:30,1401.4000244140625,1401.4000244140625,1400.300048828125,1400.5,48926
2025-04-29 14:53:00+05:30,1400.300048828125,1401.699951171875,1400.199951171875,1401.4000244140625,71528
2025-04-29 14:54:00+05:30,1400.0999755859375,1400.5,1399.699951171875,1400.199951171875,70475
2025-04-29 14:55:00+05:30,1400.300048828125,1400.699951171875,1399.5999755859375,1400.0999755859375,52711
2025-04-29 14:56:00+05:30,1399.199951171875,1400.199951171875,1399.0999755859375,1399.9000244140625,83823
2025-04-29 14:57:00+05:30,1400.5,1400.699951171875,1399.0999755859375,1399.4000244140625,129646
2025-04-29 14:58:00+05:30,1401.0999755859375,1401.300048828125,1400.5,1400.5,54357
2025-04-29 14:59:00+05:30,1399.699951171875,1401.0999755859375,1399.699951171875,1401.0,86304
2025-04-29 15:00:00+05:30,1400.0,1400.199951171875,1399.5999755859375,1399.800048828125,233068
2025-04-29 15:01:00+05:30,1399.199951171875,1400.0,1399.0,1399.9000244140625,159933
2025-04-29 15:02:00+05:30,1399.199951171875,1400.0999755859375,1399.199951171875,1399.199951171875,137179
2025-04-29 15:03:00+05:30,1399.800048828125,1399.9000244140625,1399.0999755859375,1399.300048828125,159821
2025-04-29 15:04:00+05:30,1400.0999755859375,1400.0999755859375,1399.699951171875,1399.800048828125,197394
2025-04-29 15:05:00+05:30,1400.4000244140625,1401.0,1400.0,1400.0,150407
2025-04-29 15:06:00+05:30,1400.300048828125,1400.4000244140625,1400.0,1400.300048828125,119815
2025-04-29 15:07:00+05:30,1400.300048828125,1400.5,1400.0999755859375,1400.199951171875,137414
2025-04-29 15:08:00+05:30,1399.4000244140625,1400.300048828125,1399.4000244140625,1400.199951171875,230770
2025-04-29 15:09:00+05:30,1399.800048828125,1400.0999755859375,1399.4000244140625,1399.4000244140625,129739
2025-04-29 15:10:00+05:30,1398.800048828125,1399.800048828125,1398.800048828125,1399.699951171875,232952
2025-04-29 15:11:00+05:30,1399.199951171875,1399.300048828125,1398.800048828125,1398.800048828125,139858
2025-04-29 15:12:00+05:30,1399.0,1399.199951171875,1398.9000244140625,1399.0999755859375,131915
2025-04-29 15:13:00+05:30,1399.199951171875,1399.199951171875,1398.699951171875,1398.9000244140625,162868
2025-04-29 15:14:00+05:30,1398.9000244140625,1399.199951171875,1398.800048828125,1399.199951171875,166970
2025-04-29 15:15:00+05:30,1399.199951171875,1399.199951171875,1398.5999755859375,1399.0,214656
2025-04-29 15:16:00+05:30,1398.699951171875,1399.300048828125,1398.699951171875,1399.0,173085
2025-04-29 15:17:00+05:30,1398.699951171875,1398.9000244140625,1398.5999755859375,1398.800048828125,140318
2025-04-29 15:18:00+05:30,1398.800048828125,1399.0,1398.5999755859375,1398.699951171875,192581
2025-04-29 15:19:00+05:30,1400.4000244140625,1400.4000244140625,1398.800048828125,1398.800048828125,265567
2025-04-29 15:20:00+05:30,1400.0999755859375,1400.300048828125,1399.800048828125,1400.199951171875,208071
2025-04-29 15:21:00+05:30,1399.800048828125,1400.199951171875,1399.800048828125,1400.0999755859375,155091
2025-04-29 15:22:00+05:30,1400.0999755859375,1400.0999755859375,1398.699951171875,1399.699951171875,184297
2025-04-29 15:23:00+05:30,1400.5999755859375,1400.5999755859375,1399.800048828125,1400.199951171875,231806
2025-04-29 15:24:00+05:30,1400.4000244140625,1400.800048828125,1399.800048828125,1400.5,234488
2025-04-29 15:25:00+05:30,1400.9000244140625,1401.0,1400.5,1400.5999755859375,149495
2025-04-29 15:26:00+05:30,1401.199951171875,1401.4000244140625,1401.0,1401.0,140313
2025-04-29 15:27:00+05:30,1400.5999755859375,1401.300048828125,1400.4000244140625,1401.199951171875,124389
2025-04-29 15:28:00+05:30,1399.0,1400.699951171875,1399.0,1400.699951171875,186960
2025-04-29 15:29:00+05:30,1398.5999755859375,1400.0999755859375,1398.300048828125,1399.800048828125,73554
2025-04-30 09:15:00+05:30,1398.4000244140625,1399.9000244140625,1394.4000244140625,1399.5,0
2025-04-30 09:16:00+05:30,1397.5999755859375,1399.0999755859375,1397.199951171875,1398.5,235851
2025-04-30 09:17:00+05:30,1392.300048828125,1396.9000244140625,1392.300048828125,1396.800048828125,146710
2025-04-30 09:18:00+05:30,1394.300048828125,1394.699951171875,1392.0,1392.4000244140625,111368
2025-04-30 09:19:00+05:30,1395.4000244140625,1395.9000244140625,1393.9000244140625,1394.5,85849
2025-04-30 09:20:00+05:30,1397.199951171875,1397.199951171875,1395.300048828125,1395.300048828125,61533
2025-04-30 09:21:00+05:30,1393.5,1397.0,1393.300048828125,1397.0,63084
2025-04-30 09:22:00+05:30,1394.9000244140625,1395.5999755859375,1393.0,1393.5999755859375,51670
2025-04-30 09:23:00+05:30,1394.800048828125,1395.5,1394.0,1395.300048828125,33718
2025-04-30 09:24:00+05:30,1393.0,1396.4000244140625,1392.5,1395.0999755859375,61729
2025-04-30 09:25:00+05:30,1390.0,1393.0999755859375,1390.0,1392.5,80307
2025-04-30 09:26:00+05:30,1388.800048828125,1390.800048828125,1388.800048828125,1390.4000244140625,80804
2025-04-30 09:27:00+05:30,1389.0,1390.4000244140625,1388.300048828125,1388.699951171875,61425
2025-04-30 09:28:00+05:30,1389.5999755859375,1390.0,1388.5,1388.9000244140625,36784
2025-04-30 09:29:00+05:30,1393.300048828125,1393.300048828125,1389.5,1389.5,85757
2025-04-30 09:30:00+05:30,1394.5,1394.800048828125,1393.0,1393.5,45068
2025-04-30 09:31:00+05:30,1395.4000244140625,1396.0,1394.4000244140625,1394.5,49903
2025-04-30 09:32:00+05:30,1394.0,1395.800048828125,1393.9000244140625,1395.4000244140625,40026
2025-04-30 09:33:00+05:30,1394.300048828125,1395.0,1393.800048828125,1393.800048828125,21416
2025-04-30 09:34:00+05:30,1395.4000244140625,1395.9000244140625,1394.4000244140625,1394.4000244140625,26954
2025-04-30 09:35:00+05:30,1395.300048828125,1396.0,1393.9000244140625,1396.0,38207
2025-04-30 09:36:00+05:30,1397.5999755859375,1397.5999755859375,1394.5999755859375,1395.0999755859375,55724
2025-04-30 09:37:00+05:30,1394.9000244140625,1397.800048828125,1394.9000244140625,1397.300048828125,72430
2025-04-30 09:38:00+05:30,1393.800048828125,1395.199951171875,1393.0,1394.699951171875,59582
2025-04-30 09:39:00+05:30,1395.300048828125,1395.5999755859375,1392.5999755859375,1393.800048828125,78473
2025-04-30 09:40:00+05:30,1396.300048828125,1396.800048828125,1395.199951171875,1395.199951171875,85330
2025-04-30 09:41:00+05:30,1395.5,1396.300048828125,1394.9000244140625,1396.300048828125,35058
2025-04-30 09:42:00+05:30,1395.199951171875,1395.800048828125,1395.0,1395.800048828125,22910
2025-04-30 09:43:00+05:30,1395.0,1395.0999755859375,1393.9000244140625,1395.0999755859375,28388
2025-04-30 09:44:00+05:30,1396.5,1396.5999755859375,1395.0999755859375,1395.5,43530
2025-04-30 09:45:00+05:30,1398.800048828125,1399.0,1396.199951171875,1396.5,53748
2025-04-30 09:46:00+05:30,1398.699951171875,1399.0,1397.800048828125,1399.0,27055
2025-04-30 09:47:00+05:30,1400.800048828125,1400.9000244140625,1398.5,1398.5,121058
2025-04-30 09:48:00+05:30,1401.9000244140625,1402.0,1400.300048828125,1400.5999755859375,52177
2025-04-30 09:49:00+05:30,1404.5999755859375,1404.699951171875,1401.5999755859375,1401.5999755859375,126760
2025-04-30 09:50:00+05:30,1403.5,1405.0999755859375,1402.5999755859375,1404.5,99532
2025-04-30 09:51:00+05:30,1404.0,1405.5,1403.300048828125,1403.300048828125,68918
2025-04-30 09:52:00+05:30,1403.9000244140625,1404.5,1403.0999755859375,1404.5,45344
2025-04-30 09:53:00+05:30,1404.300048828125,1404.300048828125,1403.5,1404.0,46141
2025-04-30 09:54:00+05:30,1402.0,1404.0,1401.9000244140625,1404.0,66310
2025-04-30 09:55:00+05:30,1402.0,1402.5,1401.4000244140625,1402.0,40697
2025-04-30 09:56:00+05:30,1401.300048828125,1402.0,1400.199951171875,1402.0,53209
2025-04-30 09:57:00+05:30,1401.300048828125,1401.5,1400.0,1400.9000244140625,44867
2025-04-30 09:58:00+05:30,1401.0999755859375,1401.4000244140625,1400.699951171875,1401.300048828125,33653
2025-04-30 09:59:00+05:30,1400.300048828125,1401.199951171875,1399.5999755859375,1400.699951171875,98584
2025-04-30 10:00:00+05:30,1400.4000244140625,1401.199951171875,1398.5999755859375,1400.300048828125,67058
2025-04-30 10:01:00+05:30,1402.0,1402.0,1400.0,1400.4000244140625,70218
2025-04-30 10:02:00+05:30,1402.0,1402.699951171875,1401.5999755859375,1401.9000244140625,26127
2025-04-30 10:03:00+05:30,1403.9000244140625,1404.0999755859375,1401.9000244140625,1401.9000244140625,35472
2025-04-30 10:04:00+05:30,1402.9000244140625,1403.800048828125,1402.5999755859375,1403.800048828125,24273
2025-04-30 10:05:00+05:30,1402.4000244140625,1402.9000244140625,1402.0,1402.9000244140625,19771
2025-04-30 10:06:00+05:30,1400.9000244140625,1402.4000244140625,1400.9000244140625,1402.4000244140625,25192
2025-04-30 10:07:00+05:30,1401.300048828125,1401.699951171875,1400.5,1401.0,25575
2025-04-30 10:08:00+05:30,1400.800048828125,1401.699951171875,1400.5,1401.699951171875,20845
2025-04-30 10:09:00+05:30,1402.0,1402.0,1400.300048828125,1400.5,49171
2025-04-30 10:10:00+05:30,1401.5999755859375,1402.0,1401.4000244140625,1402.0,19016
2025-04-30 10:11:00+05:30,1400.199951171875,1401.5,1400.0999755859375,1401.4000244140625,26395
2025-04-30 10:12:00+05:30,1401.0,1401.4000244140625,1400.0999755859375,1400.5,53875
2025-04-30 10:13:00+05:30,1400.699951171875,1401.199951171875,1400.199951171875,1401.199951171875,32232
2025-04-30 10:14:00+05:30,1400.9000244140625,1401.699951171875,1400.9000244140625,1401.0,27437
2025-04-30 10:15:00+05:30,1401.699951171875,1402.0,1400.300048828125,1401.0,14747
2025-04-30 10:16:00+05:30,1402.0,1402.0,1400.9000244140625,1402.0,25080
2025-04-30 10:17:00+05:30,1402.0,1402.0,1401.5,1402.0,19815
2025-04-30 10:18:00+05:30,1401.800048828125,1402.0,1401.699951171875,1402.0,11631
2025-04-30 10:19:00+05:30,1401.800048828125,1402.0,1401.5,1401.800048828125,12824
2025-04-30 10:20:00+05:30,1401.0,1401.800048828125,1400.0999755859375,1401.800048828125,98786
2025-04-30 10:21:00+05:30,1400.699951171875,1401.5,1400.699951171875,1401.300048828125,21445
2025-04-30 10:22:00+05:30,1402.0,1402.0,1400.9000244140625,1401.199951171875,21420
2025-04-30 10:23:00+05:30,1401.5999755859375,1402.0,1401.5,1402.0,18233
2025-04-30 10:24:00+05:30,1401.0,1401.9000244140625,1400.5999755859375,1401.5999755859375,25683
2025-04-30 10:25:00+05:30,1401.300048828125,1401.5999755859375,1400.800048828125,1401.0999755859375,14683
2025-04-30 10:26:00+05:30,1401.800048828125,1401.9000244140625,1400.9000244140625,1401.300048828125,15492
2025-04-30 10:27:00+05:30,1401.199951171875,1401.699951171875,1400.5,1401.699951171875,26471
2025-04-30 10:28:00+05:30,1400.699951171875,1401.199951171875,1400.5,1400.699951171875,24486
2025-04-30 10:29:00+05:30,1400.199951171875,1400.699951171875,1400.0,1400.5999755859375,29656
2025-04-30 10:30:00+05:30,1398.699951171875,1400.9000244140625,1398.5,1400.199951171875,142449
2025-04-30 10:31:00+05:30,1397.0999755859375,1398.5,1396.9000244140625,1398.5,47146
2025-04-30 10:32:00+05:30,1397.199951171875,1397.5,1396.5,1397.0,28623
2025-04-30 10:33:00+05:30,1397.9000244140625,1398.800048828125,1397.0,1397.4000244140625,53359
2025-04-30 10:34:00+05:30,1397.5999755859375,1398.0,1397.5,1398.0,21736
2025-04-30 10:35:00+05:30,1397.0,1397.800048828125,1397.0,1397.5999755859375,26256
2025-04-30 10:36:00+05:30,1397.300048828125,1397.4000244140625,1396.0999755859375,1397.0,48873
2025-04-30 10:37:00+05:30,1397.4000244140625,1398.0,1396.800048828125,1397.0999755859375,61371
2025-04-30 10:38:00+05:30,1398.199951171875,1398.300048828125,1397.199951171875,1397.300048828125,17835
2025-04-30 10:39:00+05:30,1398.4000244140625,1398.699951171875,1398.0,1398.199951171875,21451
2025-04-30 10:40:00+05:30,1399.0,1399.0,1398.300048828125,1398.5,20507
2025-04-30 10:41:00+05:30,1399.5999755859375,1400.0,1398.9000244140625,1399.0,35604
2025-04-30 10:42:00+05:30,1401.5999755859375,1401.699951171875,1399.699951171875,1399.800048828125,72561
2025-04-30 10:43:00+05:30,1400.5,1401.800048828125,1400.0,1401.4000244140625,106929
2025-04-30 10:44:00+05:30,1400.300048828125,1400.5,1400.0,1400.0,30575
2025-04-30 10:45:00+05:30,1400.0999755859375,1400.300048828125,1400.0,1400.300048828125,20191
2025-04-30 10:46:00+05:30,1400.9000244140625,1400.9000244140625,1400.0,1400.0,13072
2025-04-30 10:47:00+05:30,1400.5,1401.0,1400.5,1401.0,16115
2025-04-30 10:48:00+05:30,1401.0,1401.0,1400.4000244140625,1400.9000244140625,15756
2025-04-30 10:49:00+05:30,1400.800048828125,1401.0,1400.800048828125,1400.9000244140625,13555
2025-04-30 10:50:00+05:30,1400.4000244140625,1400.9000244140625,1400.0,1400.699951171875,29905
2025-04-30 10:51:00+05:30,1400.5,1400.5999755859375,1400.0,1400.199951171875,19215
2025-04-30 10:52:00+05:30,1400.9000244140625,1400.9000244140625,1400.0,1400.5,16577
2025-04-30 10:53:00+05:30,1400.5999755859375,1401.0,1400.5999755859375,1400.800048828125,25284
2025-04-30 10:54:00+05:30,1400.5,1401.0,1400.5,1400.9000244140625,14952
2025-04-30 10:55:00+05:30,1401.699951171875,1401.800048828125,1400.699951171875,1400.9000244140625,25090
2025-04-30 10:56:00+05:30,1402.199951171875,1403.4000244140625,1401.9000244140625,1401.9000244140625,73103
2025-04-30 10:57:00+05:30,1402.0,1402.800048828125,1401.9000244140625,1402.199951171875,22255
2025-04-30 10:58:00+05:30,1402.800048828125,1402.9000244140625,1402.0,1402.199951171875,18676
2025-04-30 10:59:00+05:30,1403.4000244140625,1403.5,1402.0999755859375,1403.0999755859375,31535
2025-04-30 11:00:00+05:30,1403.4000244140625,1403.800048828125,1403.199951171875,1403.4000244140625,26140
2025-04-30 11:01:00+05:30,1404.0,1404.300048828125,1403.300048828125,1403.4000244140625,73820
2025-04-30 11:02:00+05:30,1403.4000244140625,1404.0,1403.300048828125,1404.0,16549
2025-04-30 11:03:00+05:30,1401.800048828125,1403.800048828125,1401.699951171875,1403.800048828125,59124
2025-04-30 11:04:00+05:30,1404.4000244140625,1404.5,1401.699951171875,1402.199951171875,63599
2025-04-30 11:05:00+05:30,1403.5999755859375,1404.5,1403.0,1404.5,31396
2025-04-30 11:06:00+05:30,1403.0999755859375,1403.5999755859375,1402.800048828125,1403.5999755859375,14624
2025-04-30 11:07:00+05:30,1403.0,1403.300048828125,1402.800048828125,1403.199951171875,12210
2025-04-30 11:08:00+05:30,1402.699951171875,1403.0,1402.699951171875,1403.0,17005
2025-04-30 11:09:00+05:30,1403.5999755859375,1403.5999755859375,1402.699951171875,1402.800048828125,24062
2025-04-30 11:10:00+05:30,1403.5,1403.5999755859375,1403.0999755859375,1403.5999755859375,17307
2025-04-30 11:11:00+05:30,1403.0999755859375,1403.5,1403.0999755859375,1403.5,22077
2025-04-30 11:12:00+05:30,1403.4000244140625,1403.5,1403.199951171875,1403.4000244140625,11176
2025-04-30 11:13:00+05:30,1402.0,1403.5,1401.699951171875,1403.199951171875,34609
2025-04-30 11:14:00+05:30,1402.800048828125,1402.800048828125,1401.9000244140625,1401.9000244140625,13477
2025-04-30 11:15:00+05:30,1403.9000244140625,1404.0,1402.699951171875,1403.0,25342
2025-04-30 11:16:00+05:30,1403.300048828125,1403.9000244140625,1402.9000244140625,1403.800048828125,21152
2025-04-30 11:17:00+05:30,1402.699951171875,1403.0999755859375,1402.5,1402.9000244140625,19055
2025-04-30 11:18:00+05:30,1404.0,1404.0,1402.699951171875,1402.800048828125,27267
2025-04-30 11:19:00+05:30,1403.800048828125,1404.5999755859375,1403.800048828125,1404.0,38731
2025-04-30 11:20:00+05:30,1403.5,1404.300048828125,1403.300048828125,1403.300048828125,21148
2025-04-30 11:21:00+05:30,1403.5,1403.800048828125,1403.199951171875,1403.800048828125,20431
2025-04-30 11:22:00+05:30,1403.699951171875,1403.699951171875,1403.300048828125,1403.5,17676
2025-04-30 11:23:00+05:30,1403.5,1403.699951171875,1403.300048828125,1403.5999755859375,24343
2025-04-30 11:24:00+05:30,1402.5999755859375,1403.5,1402.0999755859375,1403.5,28940
2025-04-30 11:25:00+05:30,1403.4000244140625,1403.800048828125,1402.0999755859375,1402.4000244140625,46117
2025-04-30 11:26:00+05:30,1403.300048828125,1403.699951171875,1403.0,1403.4000244140625,14387
2025-04-30 11:27:00+05:30,1402.800048828125,1403.0999755859375,1402.0,1403.0999755859375,17425
2025-04-30 11:28:00+05:30,1402.9000244140625,1403.0,1402.5,1402.800048828125,12173
2025-04-30 11:29:00+05:30,1402.4000244140625,1403.300048828125,1402.4000244140625,1402.9000244140625,29649
2025-04-30 11:30:00+05:30,1403.0,1403.0,1402.300048828125,1402.4000244140625,39069
2025-04-30 11:31:00+05:30,1403.4000244140625,1403.699951171875,1402.5,1403.0,106376
2025-04-30 11:32:00+05:30,1404.4000244140625,1404.4000244140625,1403.5,1403.5,87008
2025-04-30 11:33:00+05:30,1404.0,1404.5,1404.0,1404.0999755859375,25588
2025-04-30 11:34:00+05:30,1403.5,1404.199951171875,1403.199951171875,1404.199951171875,31028
2025-04-30 11:35:00+05:30,1404.300048828125,1404.5,1403.4000244140625,1403.5,45561
2025-04-30 11:36:00+05:30,1403.5999755859375,1404.0999755859375,1403.300048828125,1403.699951171875,21570
2025-04-30 11:37:00+05:30,1402.5999755859375,1403.699951171875,1402.5999755859375,1403.5999755859375,22972
2025-04-30 11:38:00+05:30,1402.5,1402.699951171875,1402.4000244140625,1402.5999755859375,13463
2025-04-30 11:39:00+05:30,1402.800048828125,1403.199951171875,1402.5,1402.5,14996
2025-04-30 11:40:00+05:30,1403.300048828125,1403.300048828125,1402.800048828125,1403.0,17136
2025-04-30 11:41:00+05:30,1403.0999755859375,1403.4000244140625,1403.0,1403.199951171875,30001
2025-04-30 11:42:00+05:30,1403.4000244140625,1403.4000244140625,1403.0999755859375,1403.199951171875,15202
2025-04-30 11:43:00+05:30,1402.9000244140625,1403.4000244140625,1402.9000244140625,1403.199951171875,22182
2025-04-30 11:44:00+05:30,1402.9000244140625,1403.0,1402.9000244140625,1403.0,15660
2025-04-30 11:45:00+05:30,1402.5999755859375,1402.9000244140625,1402.4000244140625,1402.9000244140625,21673
2025-04-30 11:46:00+05:30,1402.4000244140625,1402.800048828125,1402.0,1402.699951171875,24420
2025-04-30 11:47:00+05:30,1403.9000244140625,1403.9000244140625,1402.0,1402.0,136273
2025-04-30 11:48:00+05:30,1403.699951171875,1404.0,1403.5999755859375,1403.9000244140625,25202
2025-04-30 11:49:00+05:30,1403.800048828125,1403.800048828125,1403.5999755859375,1403.800048828125,15779
2025-04-30 11:50:00+05:30,1403.5999755859375,1403.800048828125,1403.5999755859375,1403.800048828125,22771
2025-04-30 11:51:00+05:30,1404.0,1404.0999755859375,1403.5999755859375,1403.5999755859375,34293
2025-04-30 11:52:00+05:30,1403.9000244140625,1404.0999755859375,1403.800048828125,1404.0999755859375,25277
2025-04-30 11:53:00+05:30,1403.9000244140625,1404.0,1403.800048828125,1404.0,13862
2025-04-30 11:54:00+05:30,1403.9000244140625,1404.0,1403.199951171875,1403.800048828125,35473
2025-04-30 11:55:00+05:30,1404.0999755859375,1404.300048828125,1403.800048828125,1403.9000244140625,26538
2025-04-30 11:56:00+05:30,1406.0,1406.0,1404.0,1404.0,154358
2025-04-30 11:57:00+05:30,1405.699951171875,1406.0,1405.5999755859375,1405.9000244140625,16285
2025-04-30 11:58:00+05:30,1406.0,1406.0,1405.5999755859375,1405.699951171875,21241
2025-04-30 11:59:00+05:30,1406.4000244140625,1406.4000244140625,1405.800048828125,1406.0,45717
2025-04-30 12:00:00+05:30,1406.300048828125,1406.4000244140625,1406.0,1406.300048828125,31236
2025-04-30 12:01:00+05:30,1407.5,1407.800048828125,1406.0999755859375,1406.4000244140625,51893
2025-04-30 12:02:00+05:30,1407.800048828125,1407.800048828125,1407.300048828125,1407.5999755859375,46904
2025-04-30 12:03:00+05:30,1407.4000244140625,1407.800048828125,1407.0,1407.800048828125,33733
2025-04-30 12:04:00+05:30,1407.800048828125,1408.0,1407.4000244140625,1407.5,49804
2025-04-30 12:05:00+05:30,1408.5999755859375,1409.0,1407.800048828125,1407.800048828125,78948
2025-04-30 12:06:00+05:30,1409.199951171875,1409.4000244140625,1408.5,1409.0,91914
2025-04-30 12:07:00+05:30,1408.199951171875,1409.199951171875,1406.9000244140625,1409.0,68961
2025-04-30 12:08:00+05:30,1407.9000244140625,1408.300048828125,1407.699951171875,1408.199951171875,22239
2025-04-30 12:09:00+05:30,1408.699951171875,1409.0,1407.5999755859375,1407.800048828125,69707
2025-04-30 12:10:00+05:30,1409.300048828125,1409.300048828125,1408.5999755859375,1408.5999755859375,21011
2025-04-30 12:11:00+05:30,1409.0999755859375,1409.300048828125,1408.5999755859375,1409.199951171875,58822
2025-04-30 12:12:00+05:30,1408.9000244140625,1409.300048828125,1408.0,1408.5999755859375,99105
2025-04-30 12:13:00+05:30,1409.0999755859375,1409.199951171875,1408.699951171875,1408.699951171875,47941
2025-04-30 12:14:00+05:30,1409.0999755859375,1409.0999755859375,1409.0,1409.0,20853
2025-04-30 12:15:00+05:30,1408.9000244140625,1409.0999755859375,1408.699951171875,1409.0999755859375,55187
2025-04-30 12:16:00+05:30,1410.199951171875,1410.699951171875,1408.699951171875,1408.9000244140625,232571
2025-04-30 12:17:00+05:30,1410.0,1410.699951171875,1409.5999755859375,1410.300048828125,41860
2025-04-30 12:18:00+05:30,1410.5999755859375,1410.5999755859375,1409.5999755859375,1409.5999755859375,41221
2025-04-30 12:19:00+05:30,1410.4000244140625,1410.5999755859375,1410.4000244140625,1410.5,31342
2025-04-30 12:20:00+05:30,1410.0999755859375,1410.4000244140625,1409.5999755859375,1410.4000244140625,56951
2025-04-30 12:21:00+05:30,1411.300048828125,1411.300048828125,1410.0,1410.0,90610
2025-04-30 12:22:00+05:30,1411.300048828125,1411.5,1411.0999755859375,1411.199951171875,26862
2025-04-30 12:23:00+05:30,1411.5,1411.5,1411.199951171875,1411.4000244140625,27018
2025-04-30 12:24:00+05:30,1411.0999755859375,1411.5,1411.0999755859375,1411.5,44076
2025-04-30 12:25:00+05:30,1412.4000244140625,1412.4000244140625,1411.0,1411.0999755859375,88577
2025-04-30 12:26:00+05:30,1410.0,1412.199951171875,1410.0,1412.199951171875,73430
2025-04-30 12:27:00+05:30,1409.199951171875,1410.0,1409.199951171875,1410.0,84659
2025-04-30 12:28:00+05:30,1409.5999755859375,1409.9000244140625,1409.199951171875,1409.199951171875,56028
2025-04-30 12:29:00+05:30,1409.699951171875,1409.699951171875,1408.0999755859375,1409.5999755859375,86311
2025-04-30 12:30:00+05:30,1409.5999755859375,1409.9000244140625,1409.4000244140625,1409.699951171875,49200
2025-04-30 12:31:00+05:30,1409.9000244140625,1410.0,1409.5,1409.699951171875,26419
2025-04-30 12:32:00+05:30,1409.699951171875,1410.0,1409.5,1409.800048828125,17840
2025-04-30 12:33:00+05:30,1409.699951171875,1409.9000244140625,1409.5999755859375,1409.800048828125,17214
2025-04-30 12:34:00+05:30,1409.800048828125,1410.0,1409.5999755859375,1409.5999755859375,42549
2025-04-30 12:35:00+05:30,1409.199951171875,1409.9000244140625,1409.0999755859375,1409.800048828125,48604
2025-04-30 12:36:00+05:30,1409.4000244140625,1409.9000244140625,1408.199951171875,1409.0,47127
2025-04-30 12:37:00+05:30,1409.5,1409.5,1409.4000244140625,1409.4000244140625,14700
2025-04-30 12:38:00+05:30,1407.800048828125,1409.5,1407.300048828125,1409.5,41611
2025-04-30 12:39:00+05:30,1408.5,1408.5999755859375,1407.300048828125,1407.5999755859375,80865
2025-04-30 12:40:00+05:30,1408.800048828125,1409.4000244140625,1408.300048828125,1408.5,59158
2025-04-30 12:41:00+05:30,1409.5,1409.9000244140625,1408.699951171875,1408.800048828125,46660
2025-04-30 12:42:00+05:30,1409.300048828125,1409.9000244140625,1409.0,1409.4000244140625,44027
2025-04-30 12:43:00+05:30,1409.699951171875,1409.699951171875,1409.0,1409.0999755859375,30101
2025-04-30 12:44:00+05:30,1409.800048828125,1410.0,1409.300048828125,1409.699951171875,27844
2025-04-30 12:45:00+05:30,1409.4000244140625,1410.0,1409.0999755859375,1409.699951171875,33612
2025-04-30 12:46:00+05:30,1409.9000244140625,1410.0,1408.9000244140625,1409.4000244140625,29835
2025-04-30 12:47:00+05:30,1409.699951171875,1409.9000244140625,1409.0,1409.800048828125,34491
2025-04-30 12:48:00+05:30,1409.9000244140625,1410.0,1409.5999755859375,1409.800048828125,30218
2025-04-30 12:49:00+05:30,1410.0,1410.0,1409.699951171875,1409.800048828125,17599
2025-04-30 12:50:00+05:30,1409.800048828125,1410.0,1409.5,1410.0,20798
2025-04-30 12:51:00+05:30,1409.800048828125,1410.0,1409.4000244140625,1409.800048828125,26052
2025-04-30 12:52:00+05:30,1411.0999755859375,1411.5999755859375,1409.800048828125,1409.9000244140625,76498
2025-04-30 12:53:00+05:30,1411.699951171875,1411.9000244140625,1411.0999755859375,1411.0999755859375,72656
2025-04-30 12:54:00+05:30,1410.699951171875,1411.9000244140625,1410.5,1411.699951171875,37594
2025-04-30 12:55:00+05:30,1410.5,1410.9000244140625,1410.300048828125,1410.699951171875,29297
2025-04-30 12:56:00+05:30,1411.0,1411.0,1410.5,1410.5,19548
2025-04-30 12:57:00+05:30,1410.9000244140625,1411.0,1410.5999755859375,1410.9000244140625,23132
2025-04-30 12:58:00+05:30,1410.699951171875,1411.300048828125,1410.5,1410.9000244140625,39178
2025-04-30 12:59:00+05:30,1410.699951171875,1410.699951171875,1410.5999755859375,1410.5999755859375,22282
2025-04-30 13:00:00+05:30,1409.800048828125,1410.699951171875,1409.199951171875,1410.5999755859375,42014
2025-04-30 13:01:00+05:30,1409.800048828125,1410.0999755859375,1409.5999755859375,1409.699951171875,34499
2025-04-30 13:02:00+05:30,1409.699951171875,1410.0,1409.5,1409.9000244140625,38223
2025-04-30 13:03:00+05:30,1409.699951171875,1409.9000244140625,1409.0999755859375,1409.800048828125,61912
2025-04-30 13:04:00+05:30,1409.800048828125,1410.0,1409.699951171875,1409.699951171875,32414
2025-04-30 13:05:00+05:30,1409.9000244140625,1410.0,1409.800048828125,1409.800048828125,21589
2025-04-30 13:06:00+05:30,1409.9000244140625,1409.9000244140625,1409.699951171875,1409.800048828125,31485
2025-04-30 13:07:00+05:30,1409.9000244140625,1410.0,1409.800048828125,1409.9000244140625,32800
2025-04-30 13:08:00+05:30,1411.0,1411.0999755859375,1410.0,1410.0,62446
2025-04-30 13:09:00+05:30,1410.800048828125,1411.0,1410.800048828125,1410.9000244140625,20723
2025-04-30 13:10:00+05:30,1410.5999755859375,1410.9000244140625,1410.5,1410.9000244140625,21468
2025-04-30 13:11:00+05:30,1410.9000244140625,1411.0,1410.199951171875,1410.300048828125,37854
2025-04-30 13:12:00+05:30,1410.0,1411.0,1410.0,1410.9000244140625,38600
2025-04-30 13:13:00+05:30,1410.199951171875,1410.5,1410.0,1410.0,23732
2025-04-30 13:14:00+05:30,1410.5,1410.5,1410.199951171875,1410.199951171875,18862
2025-04-30 13:15:00+05:30,1410.5,1410.5,1410.4000244140625,1410.5,30190
2025-04-30 13:16:00+05:30,1410.4000244140625,1410.5,1410.199951171875,1410.4000244140625,26083
2025-04-30 13:17:00+05:30,1410.4000244140625,1410.5999755859375,1410.4000244140625,1410.4000244140625,25849
2025-04-30 13:18:00+05:30,1409.5,1410.5,1409.5,1410.4000244140625,54152
2025-04-30 13:19:00+05:30,1409.4000244140625,1409.699951171875,1409.4000244140625,1409.5,41477
2025-04-30 13:20:00+05:30,1409.699951171875,1409.9000244140625,1409.4000244140625,1409.4000244140625,28931
2025-04-30 13:21:00+05:30,1410.5,1410.699951171875,1409.5999755859375,1409.5999755859375,58845
2025-04-30 13:22:00+05:30,1410.5999755859375,1410.800048828125,1410.4000244140625,1410.5999755859375,39013
2025-04-30 13:23:00+05:30,1410.699951171875,1410.699951171875,1410.5,1410.5999755859375,25691
2025-04-30 13:24:00+05:30,1410.300048828125,1410.699951171875,1409.4000244140625,1410.5,93929
2025-04-30 13:25:00+05:30,1410.300048828125,1410.4000244140625,1410.300048828125,1410.300048828125,19128
2025-04-30 13:26:00+05:30,1410.699951171875,1410.800048828125,1410.300048828125,1410.300048828125,62037
2025-04-30 13:27:00+05:30,1410.5,1411.199951171875,1410.5,1410.5999755859375,61250
2025-04-30 13:28:00+05:30,1408.0999755859375,1410.5999755859375,1407.800048828125,1410.5999755859375,62590
2025-04-30 13:29:00+05:30,1409.0999755859375,1409.300048828125,1408.0,1408.0999755859375,61551
2025-04-30 13:30:00+05:30,1408.5999755859375,1410.0,1408.5999755859375,1409.300048828125,85311
2025-04-30 13:31:00+05:30,1408.800048828125,1409.199951171875,1408.4000244140625,1408.5,33188
2025-04-30 13:32:00+05:30,1408.4000244140625,1409.0,1408.4000244140625,1408.9000244140625,39594
2025-04-30 13:33:00+05:30,1408.199951171875,1408.5,1408.199951171875,1408.4000244140625,32493
2025-04-30 13:34:00+05:30,1408.5,1409.0,1408.199951171875,1408.300048828125,48764
2025-04-30 13:35:00+05:30,1408.4000244140625,1408.9000244140625,1408.300048828125,1408.5,31230
2025-04-30 13:36:00+05:30,1407.5999755859375,1408.5,1407.4000244140625,1408.5,91362
2025-04-30 13:37:00+05:30,1408.5999755859375,1408.5999755859375,1407.5,1407.5999755859375,62265
2025-04-30 13:38:00+05:30,1408.0999755859375,1408.800048828125,1408.0999755859375,1408.699951171875,57729
2025-04-30 13:39:00+05:30,1407.800048828125,1408.199951171875,1407.699951171875,1408.199951171875,27750
2025-04-30 13:40:00+05:30,1407.5999755859375,1407.9000244140625,1407.5999755859375,1407.800048828125,48110
2025-04-30 13:41:00+05:30,1407.0,1407.699951171875,1406.9000244140625,1407.5999755859375,89090
2025-04-30 13:42:00+05:30,1407.0,1407.4000244140625,1406.9000244140625,1407.0,40340
2025-04-30 13:43:00+05:30,1407.9000244140625,1407.9000244140625,1406.9000244140625,1407.0,38910
2025-04-30 13:44:00+05:30,1408.5999755859375,1408.800048828125,1407.800048828125,1407.9000244140625,67927
2025-04-30 13:45:00+05:30,1408.699951171875,1408.800048828125,1408.5,1408.5999755859375,33395
2025-04-30 13:46:00+05:30,1410.0999755859375,1410.199951171875,1408.5999755859375,1408.5999755859375,153832
2025-04-30 13:47:00+05:30,1409.4000244140625,1410.0,1408.9000244140625,1410.0,28002
2025-04-30 13:48:00+05:30,1409.199951171875,1409.800048828125,1409.0,1409.4000244140625,27846
2025-04-30 13:49:00+05:30,1409.0999755859375,1409.199951171875,1409.0,1409.0,15579
2025-04-30 13:50:00+05:30,1409.4000244140625,1409.699951171875,1408.800048828125,1409.0999755859375,31294
2025-04-30 13:51:00+05:30,1409.300048828125,1409.5,1408.9000244140625,1409.4000244140625,27905
2025-04-30 13:52:00+05:30,1409.4000244140625,1409.4000244140625,1409.0,1409.199951171875,17343
2025-04-30 13:53:00+05:30,1408.9000244140625,1409.4000244140625,1408.199951171875,1409.300048828125,23251
2025-04-30 13:54:00+05:30,1408.9000244140625,1409.199951171875,1408.300048828125,1408.800048828125,36962
2025-04-30 13:55:00+05:30,1409.0999755859375,1409.0999755859375,1408.699951171875,1408.9000244140625,21169
2025-04-30 13:56:00+05:30,1409.5999755859375,1409.699951171875,1408.800048828125,1409.0,42741
2025-04-30 13:57:00+05:30,1409.9000244140625,1409.9000244140625,1409.4000244140625,1409.5,30760
2025-04-30 13:58:00+05:30,1409.9000244140625,1410.0,1409.800048828125,1409.800048828125,28117
2025-04-30 13:59:00+05:30,1410.5,1410.5,1409.9000244140625,1410.0,37639
2025-04-30 14:00:00+05:30,1410.0,1410.5999755859375,1409.9000244140625,1410.4000244140625,58667
2025-04-30 14:01:00+05:30,1409.9000244140625,1410.0,1409.699951171875,1409.9000244140625,28842
2025-04-30 14:02:00+05:30,1409.800048828125,1410.0,1409.800048828125,1410.0,27422
2025-04-30 14:03:00+05:30,1409.9000244140625,1409.9000244140625,1409.800048828125,1409.800048828125,18421
2025-04-30 14:04:00+05:30,1409.800048828125,1409.9000244140625,1409.699951171875,1409.9000244140625,30558
2025-04-30 14:05:00+05:30,1410.300048828125,1411.199951171875,1409.699951171875,1409.699951171875,114296
2025-04-30 14:06:00+05:30,1410.0,1410.5999755859375,1409.9000244140625,1410.300048828125,24358
2025-04-30 14:07:00+05:30,1410.0,1410.0999755859375,1410.0,1410.0,15578
2025-04-30 14:08:00+05:30,1410.0,1410.0999755859375,1409.9000244140625,1410.0,29361
2025-04-30 14:09:00+05:30,1410.300048828125,1410.5,1409.9000244140625,1410.0,67994
2025-04-30 14:10:00+05:30,1410.0999755859375,1410.5999755859375,1409.699951171875,1410.300048828125,54315
2025-04-30 14:11:00+05:30,1410.5,1410.699951171875,1410.0,1410.0,63949
2025-04-30 14:12:00+05:30,1410.199951171875,1410.5,1410.199951171875,1410.4000244140625,42210
2025-04-30 14:13:00+05:30,1410.0999755859375,1410.4000244140625,1409.9000244140625,1410.199951171875,43648
2025-04-30 14:14:00+05:30,1409.9000244140625,1410.0999755859375,1409.5,1410.0999755859375,43397
2025-04-30 14:15:00+05:30,1410.300048828125,1410.300048828125,1409.9000244140625,1410.0,27986
2025-04-30 14:16:00+05:30,1410.0,1410.4000244140625,1410.0,1410.199951171875,50528
2025-04-30 14:17:00+05:30,1409.5999755859375,1410.0,1409.0999755859375,1410.0,26432
2025-04-30 14:18:00+05:30,1410.0,1410.0,1409.0,1409.0,23986
2025-04-30 14:19:00+05:30,1409.800048828125,1410.0,1409.800048828125,1410.0,37750
2025-04-30 14:20:00+05:30,1408.9000244140625,1410.0,1408.5,1410.0,30041
2025-04-30 14:21:00+05:30,1408.5,1409.0999755859375,1408.300048828125,1408.800048828125,34355
2025-04-30 14:22:00+05:30,1407.4000244140625,1408.5,1407.0,1408.4000244140625,35450
2025-04-30 14:23:00+05:30,1408.199951171875,1408.5,1407.0999755859375,1407.5999755859375,42970
2025-04-30 14:24:00+05:30,1408.0999755859375,1408.5999755859375,1407.9000244140625,1408.0999755859375,13881
2025-04-30 14:25:00+05:30,1407.9000244140625,1408.199951171875,1407.5,1408.0999755859375,16116
2025-04-30 14:26:00+05:30,1408.0999755859375,1408.5999755859375,1407.800048828125,1407.9000244140625,18670
2025-04-30 14:27:00+05:30,1408.300048828125,1408.800048828125,1408.0,1408.300048828125,23502
2025-04-30 14:28:00+05:30,1409.0,1409.0,1408.199951171875,1408.199951171875,16649
2025-04-30 14:29:00+05:30,1409.0999755859375,1409.300048828125,1408.800048828125,1409.0,35770
2025-04-30 14:30:00+05:30,1409.0,1409.4000244140625,1408.9000244140625,1409.0999755859375,16007
2025-04-30 14:31:00+05:30,1408.5999755859375,1409.199951171875,1408.5999755859375,1408.9000244140625,23601
2025-04-30 14:32:00+05:30,1409.0,1409.0,1408.199951171875,1408.199951171875,17701
2025-04-30 14:33:00+05:30,1408.699951171875,1409.0999755859375,1408.199951171875,1409.0,43073
2025-04-30 14:34:00+05:30,1408.0,1409.0,1408.0,1408.699951171875,20293
2025-04-30 14:35:00+05:30,1408.5,1409.0,1408.0,1408.0,25319
2025-04-30 14:36:00+05:30,1408.9000244140625,1409.0,1408.5,1408.5,44292
2025-04-30 14:37:00+05:30,1409.0,1409.0,1408.9000244140625,1409.0,19589
2025-04-30 14:38:00+05:30,1408.300048828125,1409.0,1408.300048828125,1408.9000244140625,25141
2025-04-30 14:39:00+05:30,1409.0999755859375,1409.5,1408.199951171875,1408.199951171875,46710
2025-04-30 14:40:00+05:30,1408.699951171875,1409.5,1408.699951171875,1409.0999755859375,70467
2025-04-30 14:41:00+05:30,1409.0999755859375,1409.5,1408.300048828125,1408.800048828125,44240
2025-04-30 14:42:00+05:30,1408.800048828125,1409.4000244140625,1408.5,1409.0999755859375,17847
2025-04-30 14:43:00+05:30,1408.699951171875,1409.4000244140625,1408.5999755859375,1408.800048828125,15750
2025-04-30 14:44:00+05:30,1409.0,1409.199951171875,1408.5999755859375,1408.5999755859375,24918
2025-04-30 14:45:00+05:30,1409.5,1409.5,1408.9000244140625,1408.9000244140625,14803
2025-04-30 14:46:00+05:30,1409.800048828125,1410.0,1409.5,1409.5999755859375,50361
2025-04-30 14:47:00+05:30,1410.0999755859375,1410.0999755859375,1409.800048828125,1409.800048828125,90027
2025-04-30 14:48:00+05:30,1410.699951171875,1411.0999755859375,1410.0999755859375,1410.300048828125,263398
2025-04-30 14:49:00+05:30,1410.0,1410.9000244140625,1410.0,1410.699951171875,57011
2025-04-30 14:50:00+05:30,1410.800048828125,1410.800048828125,1410.0,1410.0999755859375,73984
2025-04-30 14:51:00+05:30,1410.0999755859375,1411.0,1410.0,1410.9000244140625,76955
2025-04-30 14:52:00+05:30,1410.0,1410.300048828125,1410.0,1410.300048828125,31527
2025-04-30 14:53:00+05:30,1410.800048828125,1411.0,1410.0,1410.0,121944
2025-04-30 14:54:00+05:30,1410.4000244140625,1410.9000244140625,1410.0,1410.800048828125,43022
2025-04-30 14:55:00+05:30,1410.0,1410.5999755859375,1409.5999755859375,1410.4000244140625,59565
2025-04-30 14:56:00+05:30,1409.300048828125,1410.699951171875,1409.199951171875,1410.0,109107
2025-04-30 14:57:00+05:30,1410.0999755859375,1410.300048828125,1408.5999755859375,1409.300048828125,125003
2025-04-30 14:58:00+05:30,1409.5,1410.199951171875,1409.4000244140625,1410.0999755859375,73150
2025-04-30 14:59:00+05:30,1409.5999755859375,1410.0,1409.0,1409.699951171875,62439
2025-04-30 15:00:00+05:30,1409.9000244140625,1410.699951171875,1409.5999755859375,1409.699951171875,307223
2025-04-30 15:01:00+05:30,1408.5,1410.0999755859375,1408.5,1410.0,183717
2025-04-30 15:02:00+05:30,1410.0,1410.0,1408.4000244140625,1408.5999755859375,223178
2025-04-30 15:03:00+05:30,1411.9000244140625,1411.9000244140625,1410.0,1410.0999755859375,317951
2025-04-30 15:04:00+05:30,1409.199951171875,1412.0999755859375,1409.199951171875,1412.0,276194
2025-04-30 15:05:00+05:30,1409.0,1409.300048828125,1408.9000244140625,1409.300048828125,281862
2025-04-30 15:06:00+05:30,1408.4000244140625,1409.5999755859375,1408.0,1409.0,257018
2025-04-30 15:07:00+05:30,1408.9000244140625,1409.0,1408.0999755859375,1408.5999755859375,206589
2025-04-30 15:08:00+05:30,1409.199951171875,1409.300048828125,1408.800048828125,1408.9000244140625,199499
2025-04-30 15:09:00+05:30,1407.800048828125,1409.5,1407.800048828125,1409.199951171875,192160
2025-04-30 15:10:00+05:30,1407.9000244140625,1408.199951171875,1406.800048828125,1407.800048828125,328764
2025-04-30 15:11:00+05:30,1406.699951171875,1408.5,1406.699951171875,1408.0,244312
2025-04-30 15:12:00+05:30,1408.699951171875,1408.800048828125,1406.5,1406.699951171875,527073
2025-04-30 15:13:00+05:30,1407.199951171875,1408.699951171875,1407.199951171875,1408.5999755859375,134782
2025-04-30 15:14:00+05:30,1406.4000244140625,1407.9000244140625,1406.199951171875,1407.4000244140625,598937
2025-04-30 15:15:00+05:30,1403.199951171875,1406.5,1402.9000244140625,1406.4000244140625,313691
2025-04-30 15:16:00+05:30,1402.800048828125,1403.9000244140625,1402.300048828125,1403.199951171875,381848
2025-04-30 15:17:00+05:30,1404.0,1404.699951171875,1402.699951171875,1402.9000244140625,352497
2025-04-30 15:18:00+05:30,1404.0,1404.0999755859375,1404.0,1404.0999755859375,378108
2025-04-30 15:19:00+05:30,1405.0,1405.199951171875,1404.0,1404.0,295271
2025-04-30 15:20:00+05:30,1406.800048828125,1407.0,1405.0,1405.0999755859375,488877
2025-04-30 15:21:00+05:30,1407.0999755859375,1407.9000244140625,1407.0,1407.0999755859375,276538
2025-04-30 15:22:00+05:30,1407.0,1407.0999755859375,1407.0,1407.0,452599
2025-04-30 15:23:00+05:30,1403.5999755859375,1407.0999755859375,1403.199951171875,1407.0,317490
2025-04-30 15:24:00+05:30,1401.0,1403.5,1400.4000244140625,1403.5,292214
2025-04-30 15:25:00+05:30,1399.9000244140625,1400.5,1399.800048828125,1400.5,270068
2025-04-30 15:26:00+05:30,1396.9000244140625,1399.800048828125,1396.9000244140625,1399.800048828125,401201
2025-04-30 15:27:00+05:30,1398.0999755859375,1398.4000244140625,1393.699951171875,1397.0999755859375,602763
2025-04-30 15:28:00+05:30,1397.0,1399.699951171875,1396.699951171875,1398.5,155795
2025-04-30 15:29:00+05:30,1394.0,1397.4000244140625,1393.699951171875,1396.300048828125,189383
