Datetime,Close,High,Low,Open,Volume
2025-04-08 09:15:00+05:30,1894.800048828125,1898.0,1880.25,1880.25,0
2025-04-08 09:16:00+05:30,1891.8499755859375,1895.300048828125,1887.800048828125,1895.1500244140625,34458
2025-04-08 09:17:00+05:30,1901.5999755859375,1902.949951171875,1893.300048828125,1893.300048828125,42000
2025-04-08 09:18:00+05:30,1907.75,1909.0,1899.300048828125,1900.550048828125,19000
2025-04-08 09:19:00+05:30,1906.0,1908.449951171875,1905.0,1907.75,18202
2025-04-08 09:20:00+05:30,1909.1500244140625,1910.449951171875,1905.699951171875,1906.1500244140625,14890
2025-04-08 09:21:00+05:30,1909.199951171875,1912.0,1908.5,1909.800048828125,14811
2025-04-08 09:22:00+05:30,1903.5,1909.300048828125,1901.199951171875,1909.300048828125,22629
2025-04-08 09:23:00+05:30,1908.1500244140625,1909.800048828125,1901.6500244140625,1902.4000244140625,13037
2025-04-08 09:24:00+05:30,1909.550048828125,1909.550048828125,1906.300048828125,1907.5,6701
2025-04-08 09:25:00+05:30,1914.1500244140625,1914.949951171875,1910.050048828125,1910.8499755859375,18370
2025-04-08 09:26:00+05:30,1915.3499755859375,1916.800048828125,1913.300048828125,1915.8499755859375,19731
2025-04-08 09:27:00+05:30,1916.050048828125,1916.5,1914.050048828125,1915.5999755859375,16219
2025-04-08 09:28:00+05:30,1913.0,1916.5,1911.75,1916.5,12556
2025-04-08 09:29:00+05:30,1915.4000244140625,1918.0,1914.0,1914.0,9069
2025-04-08 09:30:00+05:30,1915.25,1917.0,1914.300048828125,1916.300048828125,6482
2025-04-08 09:31:00+05:30,1917.800048828125,1918.0,1916.0,1916.0,7935
2025-04-08 09:32:00+05:30,1922.5,1923.300048828125,1917.800048828125,1918.0,15081
2025-04-08 09:33:00+05:30,1923.4000244140625,1924.75,1921.0,1921.800048828125,13741
2025-04-08 09:34:00+05:30,1924.0,1925.0,1922.050048828125,1923.0,12337
2025-04-08 09:35:00+05:30,1925.25,1925.25,1922.050048828125,1923.6500244140625,15656
2025-04-08 09:36:00+05:30,1923.1500244140625,1926.3499755859375,1922.8499755859375,1925.9000244140625,16684
2025-04-08 09:37:00+05:30,1920.449951171875,1923.949951171875,1920.0,1922.8499755859375,23007
2025-04-08 09:38:00+05:30,1921.050048828125,1922.550048828125,1920.050048828125,1921.9000244140625,20781
2025-04-08 09:39:00+05:30,1926.4000244140625,1928.0,1920.3499755859375,1920.3499755859375,19956
2025-04-08 09:40:00+05:30,1927.699951171875,1929.0,1924.75,1926.800048828125,24939
2025-04-08 09:41:00+05:30,1926.550048828125,1928.0,1925.050048828125,1928.0,21681
2025-04-08 09:42:00+05:30,1925.3499755859375,1926.949951171875,1925.0,1926.1500244140625,14912
2025-04-08 09:43:00+05:30,1926.5999755859375,1926.8499755859375,1925.0,1925.0,10447
2025-04-08 09:44:00+05:30,1927.0,1929.550048828125,1927.0,1927.0,20598
2025-04-08 09:45:00+05:30,1932.75,1932.75,1927.1500244140625,1927.449951171875,41379
2025-04-08 09:46:00+05:30,1933.0999755859375,1934.0,1931.3499755859375,1932.75,33706
2025-04-08 09:47:00+05:30,1930.9000244140625,1934.0,1930.3499755859375,1933.5,21429
2025-04-08 09:48:00+05:30,1928.25,1930.8499755859375,1925.6500244140625,1930.8499755859375,25866
2025-04-08 09:49:00+05:30,1929.3499755859375,1931.800048828125,1928.3499755859375,1928.5999755859375,17289
2025-04-08 09:50:00+05:30,1929.550048828125,1930.949951171875,1927.550048828125,1929.199951171875,11600
2025-04-08 09:51:00+05:30,1927.3499755859375,1929.6500244140625,1925.0999755859375,1929.449951171875,60363
2025-04-08 09:52:00+05:30,1924.0,1928.5,1923.0,1928.449951171875,16529
2025-04-08 09:53:00+05:30,1922.5999755859375,1923.3499755859375,1921.0,1923.3499755859375,21175
2025-04-08 09:54:00+05:30,1920.9000244140625,1923.1500244140625,1920.5,1923.1500244140625,17194
2025-04-08 09:55:00+05:30,1918.0,1920.5,1918.0,1920.5,17320
2025-04-08 09:56:00+05:30,1914.449951171875,1918.050048828125,1914.449951171875,1918.050048828125,16440
2025-04-08 09:57:00+05:30,1910.75,1916.300048828125,1910.199951171875,1914.699951171875,26441
2025-04-08 09:58:00+05:30,1909.300048828125,1912.0,1908.199951171875,1910.199951171875,16202
2025-04-08 09:59:00+05:30,1906.3499755859375,1910.050048828125,1904.8499755859375,1908.949951171875,36412
2025-04-08 10:00:00+05:30,1908.199951171875,1909.699951171875,1905.949951171875,1906.0,14665
2025-04-08 10:01:00+05:30,1908.25,1908.6500244140625,1906.0,1908.449951171875,9365
2025-04-08 10:02:00+05:30,1908.5999755859375,1909.3499755859375,1907.0,1908.75,3647
2025-04-08 10:03:00+05:30,1912.0,1912.449951171875,1908.300048828125,1908.550048828125,17959
2025-04-08 10:04:00+05:30,1907.050048828125,1911.0,1907.050048828125,1911.0,18358
2025-04-08 10:05:00+05:30,1908.3499755859375,1909.0999755859375,1906.0,1906.5,5814
2025-04-08 10:06:00+05:30,1909.3499755859375,1912.9000244140625,1908.0,1908.9000244140625,7052
2025-04-08 10:07:00+05:30,1911.6500244140625,1912.300048828125,1909.0,1909.75,5322
2025-04-08 10:08:00+05:30,1912.050048828125,1912.699951171875,1911.4000244140625,1912.5,9969
2025-04-08 10:09:00+05:30,1911.800048828125,1912.5999755859375,1910.8499755859375,1912.0,2041
2025-04-08 10:10:00+05:30,1913.0999755859375,1913.0999755859375,1911.0999755859375,1911.9000244140625,4620
2025-04-08 10:11:00+05:30,1912.25,1914.0,1911.949951171875,1913.0999755859375,8381
2025-04-08 10:12:00+05:30,1909.449951171875,1912.8499755859375,1909.0999755859375,1912.199951171875,16312
2025-04-08 10:13:00+05:30,1906.300048828125,1909.300048828125,1904.550048828125,1909.0,8561
2025-04-08 10:14:00+05:30,1901.5999755859375,1906.8499755859375,1901.5,1906.25,13281
2025-04-08 10:15:00+05:30,1901.0,1904.050048828125,1900.699951171875,1901.5,13646
2025-04-08 10:16:00+05:30,1902.050048828125,1903.9000244140625,1900.5,1900.8499755859375,11309
2025-04-08 10:17:00+05:30,1900.6500244140625,1902.949951171875,1900.6500244140625,1901.050048828125,5835
2025-04-08 10:18:00+05:30,1901.1500244140625,1901.1500244140625,1900.0,1900.5,3908
2025-04-08 10:19:00+05:30,1903.3499755859375,1903.949951171875,1901.199951171875,1901.6500244140625,3500
2025-04-08 10:20:00+05:30,1904.25,1904.25,1902.449951171875,1903.75,1945
2025-04-08 10:21:00+05:30,1907.199951171875,1908.8499755859375,1904.699951171875,1904.699951171875,10812
2025-04-08 10:22:00+05:30,1910.199951171875,1910.449951171875,1906.699951171875,1906.949951171875,6753
2025-04-08 10:23:00+05:30,1908.699951171875,1909.949951171875,1907.0999755859375,1909.5,8222
2025-04-08 10:24:00+05:30,1910.3499755859375,1911.0,1908.5999755859375,1908.699951171875,4826
2025-04-08 10:25:00+05:30,1908.9000244140625,1910.1500244140625,1906.6500244140625,1910.1500244140625,4498
2025-04-08 10:26:00+05:30,1909.0999755859375,1910.0999755859375,1908.550048828125,1908.75,2498
2025-04-08 10:27:00+05:30,1909.1500244140625,1910.4000244140625,1908.699951171875,1910.199951171875,5050
2025-04-08 10:28:00+05:30,1909.6500244140625,1909.6500244140625,1908.0,1908.050048828125,1584
2025-04-08 10:29:00+05:30,1910.3499755859375,1910.75,1909.4000244140625,1910.75,2943
2025-04-08 10:30:00+05:30,1909.050048828125,1910.449951171875,1909.050048828125,1910.4000244140625,3178
2025-04-08 10:31:00+05:30,1906.699951171875,1909.5,1906.449951171875,1908.199951171875,4227
2025-04-08 10:32:00+05:30,1905.0,1907.0999755859375,1905.0,1907.0999755859375,2190
2025-04-08 10:33:00+05:30,1901.0999755859375,1905.3499755859375,1901.0999755859375,1904.5,6163
2025-04-08 10:34:00+05:30,1901.199951171875,1901.5999755859375,1900.0,1901.449951171875,15999
2025-04-08 10:35:00+05:30,1896.550048828125,1901.699951171875,1895.050048828125,1901.1500244140625,20489
2025-04-08 10:36:00+05:30,1896.4000244140625,1896.6500244140625,1892.0,1896.6500244140625,14319
2025-04-08 10:37:00+05:30,1893.0999755859375,1896.3499755859375,1893.0,1896.3499755859375,10119
2025-04-08 10:38:00+05:30,1890.800048828125,1893.8499755859375,1890.699951171875,1893.1500244140625,9062
2025-04-08 10:39:00+05:30,1890.0,1891.5999755859375,1888.75,1891.199951171875,12216
2025-04-08 10:40:00+05:30,1889.949951171875,1890.0,1888.75,1889.5,5355
2025-04-08 10:41:00+05:30,1889.449951171875,1890.050048828125,1889.1500244140625,1890.0,3816
2025-04-08 10:42:00+05:30,1884.25,1889.199951171875,1883.75,1889.199951171875,12462
2025-04-08 10:43:00+05:30,1883.25,1885.1500244140625,1882.0,1884.050048828125,6990
2025-04-08 10:44:00+05:30,1881.6500244140625,1884.300048828125,1880.800048828125,1883.1500244140625,3796
2025-04-08 10:45:00+05:30,1883.0,1883.800048828125,1880.8499755859375,1881.800048828125,9709
2025-04-08 10:46:00+05:30,1883.1500244140625,1883.6500244140625,1881.800048828125,1882.949951171875,23154
2025-04-08 10:47:00+05:30,1885.1500244140625,1885.1500244140625,1882.0,1883.199951171875,18373
2025-04-08 10:48:00+05:30,1885.199951171875,1889.199951171875,1885.0,1885.6500244140625,14582
2025-04-08 10:49:00+05:30,1884.550048828125,1885.8499755859375,1882.0,1884.75,5003
2025-04-08 10:50:00+05:30,1885.699951171875,1887.550048828125,1883.4000244140625,1883.8499755859375,2177
2025-04-08 10:51:00+05:30,1886.1500244140625,1887.6500244140625,1885.0,1885.550048828125,4624
2025-04-08 10:52:00+05:30,1887.0999755859375,1887.1500244140625,1885.5999755859375,1886.1500244140625,4126
2025-04-08 10:53:00+05:30,1888.3499755859375,1888.3499755859375,1885.8499755859375,1887.0,2110
2025-04-08 10:54:00+05:30,1894.699951171875,1895.3499755859375,1888.050048828125,1889.4000244140625,13124
2025-04-08 10:55:00+05:30,1891.1500244140625,1896.300048828125,1891.1500244140625,1896.0,15699
2025-04-08 10:56:00+05:30,1890.4000244140625,1892.8499755859375,1890.0,1890.8499755859375,4676
2025-04-08 10:57:00+05:30,1887.3499755859375,1892.25,1887.3499755859375,1890.4000244140625,2392
2025-04-08 10:58:00+05:30,1893.1500244140625,1893.1500244140625,1887.449951171875,1887.449951171875,4440
2025-04-08 10:59:00+05:30,1890.25,1893.949951171875,1890.199951171875,1893.699951171875,3100
2025-04-08 11:00:00+05:30,1891.0,1891.4000244140625,1890.0,1890.3499755859375,1160
2025-04-08 11:01:00+05:30,1891.550048828125,1894.0,1890.449951171875,1890.800048828125,2479
2025-04-08 11:02:00+05:30,1893.199951171875,1893.699951171875,1891.6500244140625,1891.6500244140625,3960
2025-04-08 11:03:00+05:30,1891.449951171875,1893.550048828125,1891.449951171875,1893.0999755859375,2545
2025-04-08 11:04:00+05:30,1889.550048828125,1891.6500244140625,1889.0999755859375,1891.0999755859375,5052
2025-04-08 11:05:00+05:30,1891.25,1891.25,1887.6500244140625,1889.449951171875,2887
2025-04-08 11:06:00+05:30,1888.8499755859375,1891.050048828125,1886.449951171875,1891.050048828125,3454
2025-04-08 11:07:00+05:30,1887.6500244140625,1889.5999755859375,1887.4000244140625,1888.8499755859375,1251
2025-04-08 11:08:00+05:30,1892.449951171875,1892.75,1887.4000244140625,1887.5999755859375,3796
2025-04-08 11:09:00+05:30,1892.8499755859375,1894.0999755859375,1891.3499755859375,1893.1500244140625,8184
2025-04-08 11:10:00+05:30,1892.9000244140625,1892.949951171875,1891.300048828125,1891.300048828125,5568
2025-04-08 11:11:00+05:30,1892.050048828125,1892.800048828125,1889.25,1892.4000244140625,10622
2025-04-08 11:12:00+05:30,1894.8499755859375,1895.5,1892.0,1892.0,12928
2025-04-08 11:13:00+05:30,1892.25,1894.75,1892.25,1894.699951171875,1330
2025-04-08 11:14:00+05:30,1889.9000244140625,1893.199951171875,1889.9000244140625,1893.199951171875,2100
2025-04-08 11:15:00+05:30,1891.050048828125,1892.0,1889.199951171875,1889.5,3332
2025-04-08 11:16:00+05:30,1890.949951171875,1891.9000244140625,1889.0,1890.5,1275
2025-04-08 11:17:00+05:30,1886.1500244140625,1890.0999755859375,1885.050048828125,1890.050048828125,6339
2025-04-08 11:18:00+05:30,1886.800048828125,1887.75,1884.5,1885.6500244140625,4766
2025-04-08 11:19:00+05:30,1884.9000244140625,1888.0,1884.1500244140625,1886.8499755859375,2255
2025-04-08 11:20:00+05:30,1886.300048828125,1887.0,1882.6500244140625,1883.5999755859375,3093
2025-04-08 11:21:00+05:30,1884.0999755859375,1886.6500244140625,1883.0999755859375,1886.050048828125,1301
2025-04-08 11:22:00+05:30,1882.0,1884.3499755859375,1882.0,1884.0999755859375,2804
2025-04-08 11:23:00+05:30,1883.699951171875,1885.3499755859375,1882.0,1882.0,6761
2025-04-08 11:24:00+05:30,1885.0999755859375,1885.0999755859375,1883.25,1884.25,2023
2025-04-08 11:25:00+05:30,1884.0999755859375,1885.5,1883.0999755859375,1885.5,4535
2025-04-08 11:26:00+05:30,1885.449951171875,1885.75,1883.1500244140625,1883.75,3153
2025-04-08 11:27:00+05:30,1881.0,1884.75,1880.0,1884.75,8764
2025-04-08 11:28:00+05:30,1881.3499755859375,1882.75,1877.5,1881.0,10534
2025-04-08 11:29:00+05:30,1881.199951171875,1881.9000244140625,1880.0,1880.699951171875,1174
2025-04-08 11:30:00+05:30,1878.0,1881.800048828125,1878.0,1881.5,4787
2025-04-08 11:31:00+05:30,1879.300048828125,1879.75,1878.0,1878.1500244140625,3222
2025-04-08 11:32:00+05:30,1876.0,1879.449951171875,1875.4000244140625,1878.949951171875,4925
2025-04-08 11:33:00+05:30,1876.5999755859375,1878.800048828125,1873.949951171875,1876.4000244140625,9294
2025-04-08 11:34:00+05:30,1877.800048828125,1879.300048828125,1877.0,1877.25,3207
2025-04-08 11:35:00+05:30,1879.0999755859375,1879.0999755859375,1876.5,1878.199951171875,2166
2025-04-08 11:36:00+05:30,1883.8499755859375,1883.8499755859375,1878.800048828125,1878.9000244140625,15330
2025-04-08 11:37:00+05:30,1886.949951171875,1886.949951171875,1882.9000244140625,1883.699951171875,15318
2025-04-08 11:38:00+05:30,1886.949951171875,1887.6500244140625,1884.199951171875,1886.699951171875,5929
2025-04-08 11:39:00+05:30,1885.5999755859375,1887.0,1884.5,1887.0,1979
2025-04-08 11:40:00+05:30,1884.300048828125,1886.0,1882.949951171875,1885.8499755859375,5952
2025-04-08 11:41:00+05:30,1885.5999755859375,1886.949951171875,1883.5,1884.300048828125,7474
2025-04-08 11:42:00+05:30,1884.449951171875,1885.699951171875,1882.5,1885.4000244140625,5983
2025-04-08 11:43:00+05:30,1883.0,1885.699951171875,1882.0,1884.449951171875,6375
2025-04-08 11:44:00+05:30,1883.0,1885.300048828125,1883.0,1883.699951171875,8847
2025-04-08 11:45:00+05:30,1885.4000244140625,1885.4000244140625,1882.800048828125,1883.0,2516
2025-04-08 11:46:00+05:30,1886.9000244140625,1886.9000244140625,1885.300048828125,1886.0,1645
2025-04-08 11:47:00+05:30,1889.8499755859375,1889.8499755859375,1886.5999755859375,1886.9000244140625,4365
2025-04-08 11:48:00+05:30,1887.25,1889.300048828125,1886.550048828125,1889.300048828125,6421
2025-04-08 11:49:00+05:30,1888.300048828125,1888.800048828125,1886.5999755859375,1887.8499755859375,1921
2025-04-08 11:50:00+05:30,1887.199951171875,1888.9000244140625,1887.0,1888.300048828125,1160
2025-04-08 12:06:00+05:30,1886.0,1887.300048828125,1885.5,1887.300048828125,83770
2025-04-08 12:07:00+05:30,1887.699951171875,1888.25,1885.949951171875,1885.949951171875,1716
2025-04-08 12:08:00+05:30,1889.550048828125,1889.800048828125,1887.699951171875,1887.949951171875,7727
2025-04-08 12:09:00+05:30,1889.949951171875,1889.949951171875,1889.0999755859375,1889.550048828125,2758
2025-04-08 12:10:00+05:30,1894.0,1895.199951171875,1889.949951171875,1889.949951171875,18521
2025-04-08 12:11:00+05:30,1893.550048828125,1896.3499755859375,1893.550048828125,1894.300048828125,6973
2025-04-08 12:12:00+05:30,1894.3499755859375,1895.75,1892.800048828125,1893.449951171875,4920
2025-04-08 12:13:00+05:30,1894.5999755859375,1895.5,1893.550048828125,1894.550048828125,3372
2025-04-08 12:14:00+05:30,1895.0,1895.0,1893.5,1894.4000244140625,4351
2025-04-08 12:15:00+05:30,1892.9000244140625,1895.949951171875,1892.449951171875,1895.199951171875,6119
2025-04-08 12:16:00+05:30,1892.300048828125,1894.5,1892.0,1892.9000244140625,11985
2025-04-08 12:17:00+05:30,1892.199951171875,1892.949951171875,1891.300048828125,1892.25,2776
2025-04-08 12:18:00+05:30,1892.300048828125,1892.6500244140625,1890.6500244140625,1892.6500244140625,4172
2025-04-08 12:19:00+05:30,1889.449951171875,1891.8499755859375,1888.199951171875,1891.75,3213
2025-04-08 12:20:00+05:30,1893.9000244140625,1893.9000244140625,1889.050048828125,1889.699951171875,5152
2025-04-08 12:21:00+05:30,1891.699951171875,1894.449951171875,1891.699951171875,1893.8499755859375,4418
2025-04-08 12:22:00+05:30,1893.4000244140625,1893.4000244140625,1891.3499755859375,1891.800048828125,2532
2025-04-08 12:23:00+05:30,1893.5,1893.5,1891.75,1893.3499755859375,2015
2025-04-08 12:24:00+05:30,1894.6500244140625,1895.0,1892.1500244140625,1893.550048828125,4238
2025-04-08 12:25:00+05:30,1897.0,1897.3499755859375,1894.050048828125,1894.8499755859375,15536
2025-04-08 12:26:00+05:30,1895.050048828125,1898.550048828125,1893.949951171875,1897.0999755859375,10806
2025-04-08 12:27:00+05:30,1897.1500244140625,1897.5,1893.8499755859375,1895.050048828125,3065
2025-04-08 12:28:00+05:30,1898.050048828125,1898.75,1896.0,1896.949951171875,5486
2025-04-08 12:29:00+05:30,1898.5,1898.5,1896.6500244140625,1897.6500244140625,5011
2025-04-08 12:30:00+05:30,1901.25,1901.699951171875,1896.25,1898.5,10294
2025-04-08 12:31:00+05:30,1904.050048828125,1904.9000244140625,1901.300048828125,1901.300048828125,13008
2025-04-08 12:32:00+05:30,1906.199951171875,1906.5,1904.4000244140625,1904.4000244140625,22951
2025-04-08 12:33:00+05:30,1908.5999755859375,1909.0,1906.050048828125,1907.1500244140625,15529
2025-04-08 12:34:00+05:30,1907.0,1909.0,1906.5,1909.0,13508
2025-04-08 12:35:00+05:30,1905.0,1907.800048828125,1904.199951171875,1907.550048828125,7092
2025-04-08 12:36:00+05:30,1907.449951171875,1908.800048828125,1905.0,1905.0,13245
2025-04-08 12:37:00+05:30,1908.050048828125,1908.8499755859375,1906.550048828125,1907.449951171875,41850
2025-04-08 12:38:00+05:30,1904.800048828125,1908.050048828125,1904.800048828125,1908.050048828125,7565
2025-04-08 12:39:00+05:30,1904.0,1905.0,1903.1500244140625,1905.0,3612
2025-04-08 12:40:00+05:30,1903.449951171875,1905.449951171875,1902.199951171875,1904.0,10216
2025-04-08 12:41:00+05:30,1905.699951171875,1906.449951171875,1901.9000244140625,1902.800048828125,7977
2025-04-08 12:42:00+05:30,1907.1500244140625,1907.449951171875,1905.9000244140625,1906.449951171875,2400
2025-04-08 12:43:00+05:30,1907.800048828125,1908.25,1906.8499755859375,1907.0,2623
2025-04-08 12:44:00+05:30,1908.4000244140625,1908.75,1906.949951171875,1907.800048828125,4920
2025-04-08 12:45:00+05:30,1909.5,1910.300048828125,1908.4000244140625,1908.4000244140625,6325
2025-04-08 12:46:00+05:30,1907.550048828125,1909.9000244140625,1907.550048828125,1909.4000244140625,3957
2025-04-08 12:47:00+05:30,1911.1500244140625,1911.5999755859375,1908.5,1908.5,19136
2025-04-08 12:48:00+05:30,1908.949951171875,1911.9000244140625,1908.5,1910.5999755859375,7736
2025-04-08 12:49:00+05:30,1908.550048828125,1910.0999755859375,1907.9000244140625,1908.949951171875,3207
2025-04-08 12:50:00+05:30,1910.5,1910.9000244140625,1907.449951171875,1909.199951171875,5585
2025-04-08 12:51:00+05:30,1908.3499755859375,1910.5,1907.550048828125,1910.5,4082
2025-04-08 12:52:00+05:30,1908.3499755859375,1908.949951171875,1907.949951171875,1908.3499755859375,9045
2025-04-08 12:53:00+05:30,1907.800048828125,1908.6500244140625,1907.0999755859375,1908.1500244140625,3102
2025-04-08 12:54:00+05:30,1906.699951171875,1908.949951171875,1906.699951171875,1907.75,2910
2025-04-08 12:55:00+05:30,1903.1500244140625,1907.5,1903.1500244140625,1907.5,2111
2025-04-08 12:56:00+05:30,1905.800048828125,1907.199951171875,1902.75,1903.449951171875,2446
2025-04-08 12:57:00+05:30,1905.6500244140625,1906.8499755859375,1904.1500244140625,1905.3499755859375,2454
2025-04-08 12:58:00+05:30,1903.8499755859375,1906.75,1903.8499755859375,1905.550048828125,1345
2025-04-08 12:59:00+05:30,1906.0,1907.199951171875,1902.5999755859375,1903.8499755859375,1814
2025-04-08 13:00:00+05:30,1902.6500244140625,1906.0999755859375,1902.6500244140625,1906.0,531
2025-04-08 13:01:00+05:30,1900.800048828125,1902.800048828125,1898.9000244140625,1902.300048828125,4144
2025-04-08 13:02:00+05:30,1901.050048828125,1902.949951171875,1900.300048828125,1900.300048828125,8965
2025-04-08 13:03:00+05:30,1904.25,1904.550048828125,1900.4000244140625,1901.6500244140625,6958
2025-04-08 13:04:00+05:30,1902.3499755859375,1904.199951171875,1902.0,1904.050048828125,1369
2025-04-08 13:05:00+05:30,1901.550048828125,1904.0,1901.300048828125,1902.6500244140625,6897
2025-04-08 13:06:00+05:30,1903.0,1903.0,1901.75,1901.75,1957
2025-04-08 13:07:00+05:30,1901.699951171875,1902.5,1901.0,1902.5,3484
2025-04-08 13:08:00+05:30,1900.0,1901.800048828125,1900.0,1901.5999755859375,1585
2025-04-08 13:09:00+05:30,1901.4000244140625,1901.4000244140625,1900.050048828125,1900.449951171875,2448
2025-04-08 13:10:00+05:30,1904.4000244140625,1904.4000244140625,1901.9000244140625,1901.9000244140625,4060
2025-04-08 13:11:00+05:30,1906.050048828125,1907.0,1905.0,1905.0,8441
2025-04-08 13:12:00+05:30,1905.3499755859375,1906.6500244140625,1904.699951171875,1906.5,4193
2025-04-08 13:13:00+05:30,1904.6500244140625,1905.3499755859375,1903.0999755859375,1905.3499755859375,2877
2025-04-08 13:14:00+05:30,1906.1500244140625,1906.699951171875,1903.5999755859375,1904.949951171875,3520
2025-04-08 13:15:00+05:30,1907.0,1907.0,1905.0999755859375,1905.8499755859375,5158
2025-04-08 13:16:00+05:30,1907.6500244140625,1908.5,1906.550048828125,1906.949951171875,5225
2025-04-08 13:17:00+05:30,1905.75,1908.0,1905.75,1907.6500244140625,3793
2025-04-08 13:18:00+05:30,1908.0,1908.0,1905.6500244140625,1905.6500244140625,9057
2025-04-08 13:19:00+05:30,1907.199951171875,1908.949951171875,1905.199951171875,1908.0,5570
2025-04-08 13:20:00+05:30,1906.4000244140625,1908.9000244140625,1905.9000244140625,1907.199951171875,4092
2025-04-08 13:21:00+05:30,1904.5999755859375,1905.949951171875,1903.5,1905.949951171875,3992
2025-04-08 13:22:00+05:30,1906.8499755859375,1907.6500244140625,1904.199951171875,1904.5999755859375,6456
2025-04-08 13:23:00+05:30,1906.0999755859375,1907.9000244140625,1906.0999755859375,1906.8499755859375,1274
2025-04-08 13:24:00+05:30,1906.9000244140625,1907.0,1905.050048828125,1906.050048828125,2417
2025-04-08 13:25:00+05:30,1906.75,1907.5,1905.199951171875,1906.800048828125,3664
2025-04-08 13:26:00+05:30,1907.9000244140625,1909.0,1906.5,1906.800048828125,4461
2025-04-08 13:27:00+05:30,1906.949951171875,1907.699951171875,1905.6500244140625,1907.699951171875,2024
2025-04-08 13:28:00+05:30,1907.449951171875,1907.949951171875,1906.6500244140625,1906.949951171875,2554
2025-04-08 13:29:00+05:30,1908.3499755859375,1908.3499755859375,1906.8499755859375,1907.449951171875,4349
2025-04-08 13:30:00+05:30,1908.0999755859375,1908.949951171875,1907.0,1908.300048828125,5240
2025-04-08 13:31:00+05:30,1907.3499755859375,1908.0,1906.4000244140625,1907.6500244140625,3300
2025-04-08 13:32:00+05:30,1905.5999755859375,1907.3499755859375,1905.0999755859375,1907.3499755859375,3080
2025-04-08 13:33:00+05:30,1905.199951171875,1907.800048828125,1905.050048828125,1905.5999755859375,4475
2025-04-08 13:34:00+05:30,1905.5,1906.9000244140625,1905.199951171875,1905.199951171875,2415
2025-04-08 13:35:00+05:30,1905.300048828125,1906.550048828125,1903.050048828125,1905.449951171875,4052
2025-04-08 13:36:00+05:30,1904.8499755859375,1905.550048828125,1904.199951171875,1905.300048828125,2057
2025-04-08 13:37:00+05:30,1901.800048828125,1906.25,1901.0,1904.8499755859375,6854
2025-04-08 13:38:00+05:30,1901.5,1905.050048828125,1900.699951171875,1901.75,4913
2025-04-08 13:39:00+05:30,1900.3499755859375,1902.0,1897.050048828125,1902.0,10476
2025-04-08 13:40:00+05:30,1900.75,1901.4000244140625,1896.050048828125,1899.75,9961
2025-04-08 13:41:00+05:30,1902.949951171875,1905.300048828125,1899.9000244140625,1899.9000244140625,9805
2025-04-08 13:42:00+05:30,1902.75,1903.6500244140625,1901.199951171875,1902.8499755859375,3239
2025-04-08 13:43:00+05:30,1901.449951171875,1902.6500244140625,1900.0,1902.6500244140625,4592
2025-04-08 13:44:00+05:30,1901.4000244140625,1902.300048828125,1900.550048828125,1901.9000244140625,1319
2025-04-08 13:45:00+05:30,1902.199951171875,1902.199951171875,1900.300048828125,1901.0999755859375,11389
2025-04-08 13:46:00+05:30,1901.4000244140625,1902.4000244140625,1900.550048828125,1901.8499755859375,5380
2025-04-08 13:47:00+05:30,1902.800048828125,1903.8499755859375,1901.0,1901.3499755859375,7078
2025-04-08 13:48:00+05:30,1901.6500244140625,1903.0,1900.050048828125,1903.0,7597
2025-04-08 13:49:00+05:30,1897.5999755859375,1902.0,1897.3499755859375,1901.449951171875,9479
2025-04-08 13:50:00+05:30,1900.0,1900.0,1897.25,1898.050048828125,4292
2025-04-08 13:51:00+05:30,1895.75,1899.5,1894.800048828125,1899.5,6902
2025-04-08 13:52:00+05:30,1894.9000244140625,1897.550048828125,1893.6500244140625,1895.75,6890
2025-04-08 13:53:00+05:30,1895.300048828125,1896.9000244140625,1890.6500244140625,1895.5,11935
2025-04-08 13:54:00+05:30,1896.0,1897.800048828125,1895.3499755859375,1895.449951171875,7590
2025-04-08 13:55:00+05:30,1897.0,1897.0,1893.449951171875,1896.0,4490
2025-04-08 13:56:00+05:30,1895.0,1899.25,1895.0,1896.800048828125,2811
2025-04-08 13:57:00+05:30,1895.6500244140625,1897.3499755859375,1894.25,1894.25,4063
2025-04-08 13:58:00+05:30,1897.1500244140625,1898.0,1895.25,1896.550048828125,3977
2025-04-08 13:59:00+05:30,1900.949951171875,1900.949951171875,1895.5999755859375,1897.6500244140625,8970
2025-04-08 14:00:00+05:30,1900.800048828125,1901.9000244140625,1899.550048828125,1901.199951171875,8563
2025-04-08 14:01:00+05:30,1903.0,1904.050048828125,1900.800048828125,1901.199951171875,7586
2025-04-08 14:02:00+05:30,1902.75,1903.0,1901.5999755859375,1903.0,2703
2025-04-08 14:03:00+05:30,1901.050048828125,1902.9000244140625,1900.5,1902.9000244140625,1940
2025-04-08 14:04:00+05:30,1899.1500244140625,1901.0,1898.4000244140625,1901.0,2934
2025-04-08 14:05:00+05:30,1898.3499755859375,1899.8499755859375,1896.300048828125,1899.0,3458
2025-04-08 14:06:00+05:30,1897.800048828125,1898.8499755859375,1897.0999755859375,1897.699951171875,3350
2025-04-08 14:07:00+05:30,1899.699951171875,1900.1500244140625,1896.949951171875,1897.8499755859375,7690
2025-04-08 14:08:00+05:30,1900.5,1900.5,1899.0,1900.0,3761
2025-04-08 14:09:00+05:30,1901.6500244140625,1902.4000244140625,1900.050048828125,1900.949951171875,7769
2025-04-08 14:10:00+05:30,1902.3499755859375,1902.800048828125,1900.800048828125,1901.949951171875,2349
2025-04-08 14:11:00+05:30,1903.300048828125,1903.449951171875,1901.0999755859375,1902.300048828125,4922
2025-04-08 14:12:00+05:30,1902.0999755859375,1903.4000244140625,1901.800048828125,1903.300048828125,2605
2025-04-08 14:13:00+05:30,1903.4000244140625,1904.5999755859375,1902.0999755859375,1902.0999755859375,6548
2025-04-08 14:14:00+05:30,1904.0,1904.699951171875,1903.449951171875,1903.5999755859375,5779
2025-04-08 14:15:00+05:30,1904.300048828125,1904.9000244140625,1903.5,1904.0,3502
2025-04-08 14:16:00+05:30,1904.5999755859375,1904.9000244140625,1904.4000244140625,1904.5999755859375,2162
2025-04-08 14:17:00+05:30,1905.25,1905.449951171875,1904.5,1904.5,3775
2025-04-08 14:18:00+05:30,1905.9000244140625,1905.9000244140625,1904.050048828125,1904.050048828125,3078
2025-04-08 14:19:00+05:30,1907.75,1908.050048828125,1906.75,1906.75,15094
2025-04-08 14:20:00+05:30,1908.050048828125,1908.050048828125,1907.0,1907.699951171875,2574
2025-04-08 14:21:00+05:30,1909.0,1909.0,1907.949951171875,1908.25,4318
2025-04-08 14:22:00+05:30,1909.4000244140625,1909.6500244140625,1907.5999755859375,1909.4000244140625,8296
2025-04-08 14:23:00+05:30,1910.0,1910.0,1908.5999755859375,1908.9000244140625,3035
2025-04-08 14:24:00+05:30,1910.8499755859375,1911.0,1909.9000244140625,1910.0,5460
2025-04-08 14:25:00+05:30,1908.5999755859375,1910.3499755859375,1908.5999755859375,1910.3499755859375,5404
2025-04-08 14:26:00+05:30,1906.949951171875,1908.5999755859375,1906.949951171875,1908.5999755859375,2714
2025-04-08 14:27:00+05:30,1907.0,1907.9000244140625,1906.3499755859375,1907.050048828125,2533
2025-04-08 14:28:00+05:30,1910.449951171875,1910.5999755859375,1907.449951171875,1907.449951171875,5733
2025-04-08 14:29:00+05:30,1909.949951171875,1910.8499755859375,1909.199951171875,1910.550048828125,6569
2025-04-08 14:30:00+05:30,1908.5999755859375,1910.0,1908.300048828125,1910.0,1644
2025-04-08 14:31:00+05:30,1907.6500244140625,1908.9000244140625,1906.199951171875,1908.5,3044
2025-04-08 14:32:00+05:30,1907.699951171875,1908.5,1907.449951171875,1908.0,1503
2025-04-08 14:33:00+05:30,1904.300048828125,1907.699951171875,1904.300048828125,1907.449951171875,3381
2025-04-08 14:34:00+05:30,1906.800048828125,1907.3499755859375,1903.6500244140625,1904.4000244140625,3374
2025-04-08 14:35:00+05:30,1905.300048828125,1906.800048828125,1904.5,1906.800048828125,747
2025-04-08 14:36:00+05:30,1904.5,1905.8499755859375,1904.449951171875,1904.699951171875,2783
2025-04-08 14:37:00+05:30,1906.1500244140625,1906.1500244140625,1903.300048828125,1904.4000244140625,1825
2025-04-08 14:38:00+05:30,1904.800048828125,1906.1500244140625,1904.0,1906.0999755859375,1810
2025-04-08 14:39:00+05:30,1903.9000244140625,1906.0999755859375,1903.1500244140625,1904.8499755859375,1658
2025-04-08 14:40:00+05:30,1904.550048828125,1905.800048828125,1903.4000244140625,1903.8499755859375,1633
2025-04-08 14:41:00+05:30,1904.0999755859375,1905.25,1903.550048828125,1904.699951171875,1569
2025-04-08 14:42:00+05:30,1904.199951171875,1905.25,1903.550048828125,1903.9000244140625,1976
2025-04-08 14:43:00+05:30,1905.800048828125,1905.800048828125,1903.8499755859375,1904.25,893
2025-04-08 14:44:00+05:30,1903.199951171875,1905.949951171875,1903.199951171875,1905.449951171875,10988
2025-04-08 14:45:00+05:30,1905.300048828125,1906.5,1904.199951171875,1905.4000244140625,7650
2025-04-08 14:46:00+05:30,1905.3499755859375,1907.5,1905.0,1905.4000244140625,8215
2025-04-08 14:47:00+05:30,1905.5,1906.0,1904.6500244140625,1906.0,2598
2025-04-08 14:48:00+05:30,1903.75,1905.5,1901.6500244140625,1905.5,7843
2025-04-08 14:49:00+05:30,1901.9000244140625,1904.25,1901.0,1904.199951171875,10932
2025-04-08 14:50:00+05:30,1900.5,1902.75,1900.050048828125,1901.1500244140625,5307
2025-04-08 14:51:00+05:30,1901.5,1902.8499755859375,1900.550048828125,1900.550048828125,21235
2025-04-08 14:52:00+05:30,1903.0,1903.0,1901.0999755859375,1901.4000244140625,3524
2025-04-08 14:53:00+05:30,1902.8499755859375,1904.699951171875,1902.0,1902.6500244140625,9104
2025-04-08 14:54:00+05:30,1904.449951171875,1904.949951171875,1902.800048828125,1902.800048828125,5918
2025-04-08 14:55:00+05:30,1902.0999755859375,1904.5,1902.0999755859375,1904.5,3334
2025-04-08 14:56:00+05:30,1904.050048828125,1904.5,1902.0,1902.5999755859375,11490
2025-04-08 14:57:00+05:30,1903.1500244140625,1904.8499755859375,1902.5999755859375,1903.6500244140625,2341
2025-04-08 14:58:00+05:30,1904.0,1904.6500244140625,1902.699951171875,1902.699951171875,2486
2025-04-08 14:59:00+05:30,1904.3499755859375,1904.9000244140625,1903.300048828125,1903.3499755859375,11983
2025-04-08 15:00:00+05:30,1905.9000244140625,1907.0,1903.5,1903.800048828125,20501
2025-04-08 15:01:00+05:30,1901.3499755859375,1906.199951171875,1901.3499755859375,1905.9000244140625,7963
2025-04-08 15:02:00+05:30,1902.1500244140625,1903.0999755859375,1901.0,1901.4000244140625,20088
2025-04-08 15:03:00+05:30,1901.699951171875,1902.9000244140625,1901.1500244140625,1902.9000244140625,7826
2025-04-08 15:04:00+05:30,1901.5999755859375,1901.9000244140625,1901.4000244140625,1901.449951171875,6579
2025-04-08 15:05:00+05:30,1901.949951171875,1901.949951171875,1901.0,1901.699951171875,19583
2025-04-08 15:06:00+05:30,1901.050048828125,1902.050048828125,1901.050048828125,1902.050048828125,10303
2025-04-08 15:07:00+05:30,1902.1500244140625,1902.1500244140625,1901.0,1901.050048828125,11569
2025-04-08 15:08:00+05:30,1902.8499755859375,1903.25,1901.449951171875,1902.25,10313
2025-04-08 15:09:00+05:30,1902.050048828125,1902.8499755859375,1901.300048828125,1902.0,17620
2025-04-08 15:10:00+05:30,1902.4000244140625,1903.300048828125,1900.75,1902.300048828125,19713
2025-04-08 15:11:00+05:30,1902.0999755859375,1902.4000244140625,1901.0,1902.4000244140625,13846
2025-04-08 15:12:00+05:30,1903.050048828125,1903.050048828125,1902.1500244140625,1902.1500244140625,14041
2025-04-08 15:13:00+05:30,1902.75,1903.4000244140625,1902.199951171875,1903.050048828125,19033
2025-04-08 15:14:00+05:30,1902.25,1903.4000244140625,1902.050048828125,1902.550048828125,14123
2025-04-08 15:15:00+05:30,1902.949951171875,1903.0,1901.5,1902.199951171875,19219
2025-04-08 15:16:00+05:30,1903.550048828125,1903.949951171875,1902.3499755859375,1903.0999755859375,12631
2025-04-08 15:17:00+05:30,1903.699951171875,1903.949951171875,1903.3499755859375,1903.550048828125,15590
2025-04-08 15:18:00+05:30,1903.75,1903.949951171875,1902.800048828125,1903.800048828125,10341
2025-04-08 15:19:00+05:30,1904.949951171875,1905.0,1903.5999755859375,1903.8499755859375,11960
2025-04-08 15:20:00+05:30,1904.25,1905.1500244140625,1902.5999755859375,1905.0,24787
2025-04-08 15:21:00+05:30,1904.199951171875,1904.199951171875,1903.550048828125,1903.949951171875,8675
2025-04-08 15:22:00+05:30,1905.0,1905.3499755859375,1904.0999755859375,1904.199951171875,19802
2025-04-08 15:23:00+05:30,1905.5999755859375,1905.5999755859375,1904.6500244140625,1905.25,14589
2025-04-08 15:24:00+05:30,1903.3499755859375,1905.6500244140625,1902.550048828125,1905.6500244140625,20189
2025-04-08 15:25:00+05:30,1904.4000244140625,1904.75,1902.8499755859375,1903.5,20257
2025-04-08 15:26:00+05:30,1904.75,1905.5,1904.0,1904.3499755859375,18820
2025-04-08 15:27:00+05:30,1905.0999755859375,1905.1500244140625,1904.0,1905.1500244140625,8955
2025-04-08 15:28:00+05:30,1904.0,1905.0999755859375,1903.449951171875,1905.0999755859375,7382
2025-04-08 15:29:00+05:30,1903.449951171875,1905.0,1903.449951171875,1903.449951171875,2307
2025-04-09 09:15:00+05:30,1901.199951171875,1902.25,1890.300048828125,1890.300048828125,0
2025-04-09 09:16:00+05:30,1896.8499755859375,1904.0,1896.6500244140625,1902.550048828125,11304
2025-04-09 09:17:00+05:30,1903.199951171875,1903.6500244140625,1895.949951171875,1895.949951171875,10250
2025-04-09 09:18:00+05:30,1905.0,1905.0,1902.449951171875,1903.699951171875,12560
2025-04-09 09:19:00+05:30,1901.9000244140625,1906.1500244140625,1901.9000244140625,1906.1500244140625,14880
2025-04-09 09:20:00+05:30,1902.6500244140625,1904.8499755859375,1900.8499755859375,1902.050048828125,8016
2025-04-09 09:21:00+05:30,1902.699951171875,1905.0,1900.050048828125,1902.800048828125,8682
2025-04-09 09:22:00+05:30,1904.4000244140625,1904.4000244140625,1900.699951171875,1903.1500244140625,4592
2025-04-09 09:23:00+05:30,1903.75,1906.0999755859375,1903.75,1904.9000244140625,8778
2025-04-09 09:24:00+05:30,1902.550048828125,1903.8499755859375,1901.449951171875,1903.8499755859375,3653
2025-04-09 09:25:00+05:30,1904.199951171875,1904.4000244140625,1901.8499755859375,1901.8499755859375,1229
2025-04-09 09:26:00+05:30,1904.5999755859375,1905.449951171875,1902.1500244140625,1904.550048828125,10439
2025-04-09 09:27:00+05:30,1899.699951171875,1904.75,1898.8499755859375,1904.5,10201
2025-04-09 09:28:00+05:30,1898.949951171875,1899.949951171875,1898.0999755859375,1899.9000244140625,3427
2025-04-09 09:29:00+05:30,1899.699951171875,1899.699951171875,1898.8499755859375,1898.8499755859375,3967
2025-04-09 09:30:00+05:30,1896.1500244140625,1899.5,1895.300048828125,1899.5,6167
2025-04-09 09:31:00+05:30,1899.4000244140625,1900.75,1896.25,1896.75,4226
2025-04-09 09:32:00+05:30,1899.8499755859375,1902.550048828125,1899.5999755859375,1899.75,4231
2025-04-09 09:33:00+05:30,1899.6500244140625,1900.800048828125,1898.6500244140625,1900.4000244140625,2164
2025-04-09 09:34:00+05:30,1900.4000244140625,1901.0,1899.3499755859375,1900.300048828125,1823
2025-04-09 09:35:00+05:30,1900.300048828125,1900.8499755859375,1897.550048828125,1900.449951171875,6000
2025-04-09 09:36:00+05:30,1898.1500244140625,1900.699951171875,1897.449951171875,1900.5,2461
2025-04-09 09:37:00+05:30,1896.699951171875,1898.1500244140625,1896.050048828125,1898.1500244140625,3018
2025-04-09 09:38:00+05:30,1897.75,1898.050048828125,1896.199951171875,1896.3499755859375,2695
2025-04-09 09:39:00+05:30,1901.199951171875,1901.199951171875,1896.550048828125,1896.550048828125,3997
2025-04-09 09:40:00+05:30,1902.800048828125,1902.800048828125,1900.449951171875,1901.199951171875,4378
2025-04-09 09:41:00+05:30,1908.5,1909.0,1902.9000244140625,1903.9000244140625,8569
2025-04-09 09:42:00+05:30,1911.5999755859375,1912.300048828125,1906.199951171875,1907.8499755859375,13760
2025-04-09 09:43:00+05:30,1915.1500244140625,1915.550048828125,1911.699951171875,1911.699951171875,8987
2025-04-09 09:44:00+05:30,1918.25,1918.25,1914.199951171875,1916.0,10970
2025-04-09 09:45:00+05:30,1912.1500244140625,1917.449951171875,1911.5,1917.449951171875,16812
2025-04-09 09:46:00+05:30,1906.9000244140625,1912.199951171875,1906.9000244140625,1912.199951171875,7937
2025-04-09 09:47:00+05:30,1908.300048828125,1909.699951171875,1906.0999755859375,1906.0999755859375,4310
2025-04-09 09:48:00+05:30,1908.199951171875,1909.300048828125,1905.8499755859375,1907.300048828125,5610
2025-04-09 09:49:00+05:30,1904.0999755859375,1908.4000244140625,1904.0999755859375,1908.199951171875,6054
2025-04-09 09:50:00+05:30,1905.5999755859375,1905.8499755859375,1902.5999755859375,1904.1500244140625,4063
2025-04-09 09:51:00+05:30,1905.449951171875,1907.9000244140625,1905.199951171875,1905.5,4304
2025-04-09 09:52:00+05:30,1906.5,1907.0,1905.0,1905.75,1544
2025-04-09 09:53:00+05:30,1907.0999755859375,1907.550048828125,1905.199951171875,1907.550048828125,5606
2025-04-09 09:54:00+05:30,1906.300048828125,1907.199951171875,1905.4000244140625,1907.0999755859375,3413
2025-04-09 09:55:00+05:30,1909.300048828125,1909.699951171875,1906.199951171875,1906.300048828125,12654
2025-04-09 09:56:00+05:30,1904.1500244140625,1909.0,1904.1500244140625,1909.0,4727
2025-04-09 09:57:00+05:30,1906.199951171875,1907.199951171875,1903.8499755859375,1903.9000244140625,1848
2025-04-09 09:58:00+05:30,1905.050048828125,1907.1500244140625,1905.050048828125,1906.1500244140625,3004
2025-04-09 09:59:00+05:30,1903.8499755859375,1905.6500244140625,1903.8499755859375,1904.25,2325
2025-04-09 10:00:00+05:30,1904.25,1906.0999755859375,1903.9000244140625,1904.3499755859375,2879
2025-04-09 10:01:00+05:30,1906.4000244140625,1906.449951171875,1904.050048828125,1904.199951171875,2322
2025-04-09 10:02:00+05:30,1906.3499755859375,1908.3499755859375,1906.1500244140625,1907.300048828125,4616
2025-04-09 10:03:00+05:30,1909.050048828125,1909.050048828125,1906.449951171875,1906.800048828125,1988
2025-04-09 10:04:00+05:30,1907.5,1910.0,1907.4000244140625,1909.949951171875,6191
2025-04-09 10:05:00+05:30,1903.449951171875,1908.1500244140625,1903.449951171875,1908.1500244140625,5176
2025-04-09 10:06:00+05:30,1907.8499755859375,1909.0,1903.550048828125,1903.550048828125,6882
2025-04-09 10:07:00+05:30,1905.300048828125,1907.75,1905.0,1907.4000244140625,2463
2025-04-09 10:08:00+05:30,1909.0,1909.0,1905.3499755859375,1905.3499755859375,1246
2025-04-09 10:09:00+05:30,1907.0,1909.0,1906.9000244140625,1909.0,3153
2025-04-09 10:10:00+05:30,1903.0,1907.25,1903.0,1907.050048828125,2942
2025-04-09 10:11:00+05:30,1898.0999755859375,1903.050048828125,1898.0999755859375,1903.050048828125,13115
2025-04-09 10:12:00+05:30,1896.050048828125,1900.800048828125,1896.0,1899.050048828125,4891
2025-04-09 10:13:00+05:30,1892.0,1896.449951171875,1890.550048828125,1896.050048828125,7370
2025-04-09 10:14:00+05:30,1890.550048828125,1893.949951171875,1890.550048828125,1891.5,4114
2025-04-09 10:15:00+05:30,1889.949951171875,1891.6500244140625,1887.199951171875,1890.9000244140625,14909
2025-04-09 10:16:00+05:30,1889.050048828125,1890.25,1888.25,1889.5999755859375,5045
2025-04-09 10:17:00+05:30,1892.050048828125,1892.949951171875,1888.800048828125,1888.800048828125,3221
2025-04-09 10:18:00+05:30,1893.6500244140625,1894.699951171875,1891.75,1892.050048828125,5588
2025-04-09 10:19:00+05:30,1893.4000244140625,1895.199951171875,1893.300048828125,1893.6500244140625,5008
2025-04-09 10:20:00+05:30,1894.1500244140625,1894.300048828125,1892.0,1893.300048828125,1809
2025-04-09 10:21:00+05:30,1892.8499755859375,1894.3499755859375,1892.5999755859375,1894.25,3097
2025-04-09 10:22:00+05:30,1897.550048828125,1897.550048828125,1893.0999755859375,1893.300048828125,2819
2025-04-09 10:23:00+05:30,1897.050048828125,1897.5999755859375,1895.0,1897.5999755859375,4726
2025-04-09 10:24:00+05:30,1897.8499755859375,1897.8499755859375,1895.0999755859375,1896.1500244140625,4341
2025-04-09 10:25:00+05:30,1901.199951171875,1901.199951171875,1898.050048828125,1898.050048828125,3895
2025-04-09 10:26:00+05:30,1900.3499755859375,1902.949951171875,1899.949951171875,1900.5999755859375,7228
2025-04-09 10:27:00+05:30,1902.1500244140625,1902.75,1898.25,1899.8499755859375,3482
2025-04-09 10:28:00+05:30,1901.1500244140625,1904.0999755859375,1901.1500244140625,1903.0,5317
2025-04-09 10:29:00+05:30,1899.0,1900.449951171875,1899.0,1900.0,1992
2025-04-09 10:30:00+05:30,1894.1500244140625,1899.949951171875,1894.1500244140625,1899.3499755859375,3363
2025-04-09 10:31:00+05:30,1892.550048828125,1895.8499755859375,1891.550048828125,1894.550048828125,2253
2025-04-09 10:32:00+05:30,1890.0,1893.449951171875,1887.949951171875,1892.25,7194
2025-04-09 10:33:00+05:30,1891.0999755859375,1891.8499755859375,1888.949951171875,1888.949951171875,3805
2025-04-09 10:34:00+05:30,1888.800048828125,1891.449951171875,1887.3499755859375,1891.0999755859375,10361
2025-04-09 10:35:00+05:30,1888.0,1889.25,1885.9000244140625,1888.9000244140625,7846
2025-04-09 10:36:00+05:30,1887.4000244140625,1888.449951171875,1886.0,1887.300048828125,2854
2025-04-09 10:37:00+05:30,1887.800048828125,1887.949951171875,1887.5999755859375,1887.949951171875,100
2025-04-09 10:55:00+05:30,1889.5,1889.5,1888.8499755859375,1888.8499755859375,44584
2025-04-09 10:56:00+05:30,1890.0999755859375,1890.949951171875,1889.1500244140625,1889.449951171875,2533
2025-04-09 10:57:00+05:30,1889.0999755859375,1889.9000244140625,1888.550048828125,1889.5,1413
2025-04-09 10:58:00+05:30,1889.8499755859375,1889.8499755859375,1888.800048828125,1889.5,1128
2025-04-09 10:59:00+05:30,1888.800048828125,1889.5999755859375,1888.550048828125,1889.5999755859375,631
2025-04-09 11:00:00+05:30,1887.6500244140625,1888.75,1887.6500244140625,1888.75,2167
2025-04-09 11:01:00+05:30,1885.9000244140625,1887.949951171875,1885.5,1887.949951171875,3124
2025-04-09 11:02:00+05:30,1883.550048828125,1886.699951171875,1883.550048828125,1886.699951171875,3898
2025-04-09 11:03:00+05:30,1883.4000244140625,1884.3499755859375,1882.550048828125,1883.550048828125,3808
2025-04-09 11:04:00+05:30,1882.5999755859375,1883.3499755859375,1881.199951171875,1883.3499755859375,4354
2025-04-09 11:05:00+05:30,1882.75,1883.199951171875,1882.300048828125,1882.8499755859375,986
2025-04-09 11:06:00+05:30,1881.800048828125,1881.949951171875,1879.3499755859375,1881.9000244140625,9406
2025-04-09 11:07:00+05:30,1879.25,1881.75,1879.050048828125,1881.75,1610
2025-04-09 11:08:00+05:30,1879.5999755859375,1880.800048828125,1879.0,1879.800048828125,3511
2025-04-09 11:09:00+05:30,1879.449951171875,1879.8499755859375,1878.0,1879.5999755859375,2638
2025-04-09 11:10:00+05:30,1879.0,1879.4000244140625,1878.5,1878.699951171875,941
2025-04-09 11:11:00+05:30,1879.8499755859375,1879.8499755859375,1878.800048828125,1879.0,1658
2025-04-09 11:12:00+05:30,1881.949951171875,1881.949951171875,1879.9000244140625,1879.949951171875,7983
2025-04-09 11:13:00+05:30,1881.25,1881.9000244140625,1881.050048828125,1881.800048828125,1313
2025-04-09 11:14:00+05:30,1881.1500244140625,1881.949951171875,1880.550048828125,1881.25,1662
2025-04-09 11:15:00+05:30,1880.949951171875,1881.949951171875,1880.0,1881.300048828125,1976
2025-04-09 11:16:00+05:30,1880.550048828125,1881.6500244140625,1879.3499755859375,1881.6500244140625,1803
2025-04-09 11:17:00+05:30,1880.0999755859375,1880.949951171875,1878.75,1880.5,1917
2025-04-09 11:18:00+05:30,1882.050048828125,1882.050048828125,1879.800048828125,1879.800048828125,1943
2025-04-09 11:19:00+05:30,1882.1500244140625,1882.3499755859375,1881.0999755859375,1881.9000244140625,1228
2025-04-09 11:20:00+05:30,1882.949951171875,1883.0,1882.050048828125,1883.0,673
2025-04-09 11:21:00+05:30,1884.0999755859375,1884.949951171875,1882.25,1882.550048828125,3180
2025-04-09 11:22:00+05:30,1885.5999755859375,1885.699951171875,1883.300048828125,1884.0999755859375,3623
2025-04-09 11:23:00+05:30,1886.1500244140625,1886.1500244140625,1884.050048828125,1885.5999755859375,2464
2025-04-09 11:24:00+05:30,1885.449951171875,1886.6500244140625,1885.050048828125,1886.449951171875,1164
2025-04-09 11:25:00+05:30,1884.5,1886.0,1884.5,1885.4000244140625,2308
2025-04-09 11:26:00+05:30,1886.949951171875,1886.949951171875,1884.5,1884.949951171875,1937
2025-04-09 11:27:00+05:30,1887.0,1887.0,1886.550048828125,1886.550048828125,2863
2025-04-09 11:28:00+05:30,1888.6500244140625,1888.9000244140625,1886.4000244140625,1886.4000244140625,1104
2025-04-09 11:29:00+05:30,1890.0,1890.0,1887.8499755859375,1888.550048828125,3592
2025-04-09 11:30:00+05:30,1891.449951171875,1891.449951171875,1890.0,1890.8499755859375,1343
2025-04-09 11:31:00+05:30,1893.0999755859375,1893.0999755859375,1890.800048828125,1890.800048828125,1906
2025-04-09 11:32:00+05:30,1891.300048828125,1893.1500244140625,1891.300048828125,1893.0,4432
2025-04-09 11:33:00+05:30,1892.4000244140625,1892.550048828125,1891.199951171875,1892.25,2684
2025-04-09 11:34:00+05:30,1891.1500244140625,1892.4000244140625,1890.8499755859375,1892.4000244140625,3300
2025-04-09 11:35:00+05:30,1888.199951171875,1890.949951171875,1888.199951171875,1890.949951171875,1546
2025-04-09 11:36:00+05:30,1888.300048828125,1889.050048828125,1887.800048828125,1889.050048828125,1016
2025-04-09 11:37:00+05:30,1887.699951171875,1888.300048828125,1887.699951171875,1888.300048828125,1245
2025-04-09 11:38:00+05:30,1888.5,1889.0,1887.5,1887.5,973
2025-04-09 11:39:00+05:30,1888.9000244140625,1889.0,1888.3499755859375,1889.0,571
2025-04-09 11:40:00+05:30,1888.699951171875,1889.0,1887.4000244140625,1889.0,2372
2025-04-09 11:41:00+05:30,1889.4000244140625,1889.949951171875,1887.9000244140625,1889.0,2011
2025-04-09 11:42:00+05:30,1890.6500244140625,1890.75,1888.5999755859375,1889.699951171875,1133
2025-04-09 11:43:00+05:30,1891.449951171875,1891.449951171875,1890.4000244140625,1890.6500244140625,1148
2025-04-09 11:44:00+05:30,1892.9000244140625,1892.9000244140625,1891.199951171875,1891.199951171875,1472
2025-04-09 11:45:00+05:30,1891.3499755859375,1893.1500244140625,1891.3499755859375,1893.0,2761
2025-04-09 11:46:00+05:30,1892.550048828125,1893.0999755859375,1891.3499755859375,1891.3499755859375,1398
2025-04-09 11:47:00+05:30,1891.9000244140625,1892.5999755859375,1891.5,1891.800048828125,3965
2025-04-09 11:48:00+05:30,1891.550048828125,1892.8499755859375,1891.550048828125,1892.1500244140625,2267
2025-04-09 11:49:00+05:30,1889.800048828125,1892.0999755859375,1889.050048828125,1892.0999755859375,1428
2025-04-09 11:50:00+05:30,1889.6500244140625,1889.800048828125,1889.0,1889.800048828125,559
2025-04-09 11:51:00+05:30,1887.6500244140625,1889.6500244140625,1887.0,1889.0,2230
2025-04-09 11:52:00+05:30,1885.300048828125,1887.75,1883.199951171875,1887.75,6389
2025-04-09 11:53:00+05:30,1884.9000244140625,1886.5,1883.9000244140625,1885.9000244140625,4296
2025-04-09 11:54:00+05:30,1884.5999755859375,1885.75,1884.0,1884.9000244140625,1564
2025-04-09 11:55:00+05:30,1884.550048828125,1884.9000244140625,1884.050048828125,1884.5999755859375,888
2025-04-09 11:56:00+05:30,1884.449951171875,1884.9000244140625,1884.199951171875,1884.550048828125,778
2025-04-09 11:57:00+05:30,1886.25,1886.25,1883.800048828125,1884.449951171875,1326
2025-04-09 11:58:00+05:30,1885.3499755859375,1886.5999755859375,1884.449951171875,1886.300048828125,2097
2025-04-09 11:59:00+05:30,1885.5,1886.4000244140625,1884.25,1885.550048828125,1351
2025-04-09 12:00:00+05:30,1889.0,1889.25,1885.0999755859375,1886.3499755859375,5048
2025-04-09 12:01:00+05:30,1888.050048828125,1889.25,1887.550048828125,1889.25,5249
2025-04-09 12:02:00+05:30,1888.300048828125,1888.300048828125,1887.25,1888.050048828125,1320
2025-04-09 12:03:00+05:30,1888.9000244140625,1889.0999755859375,1888.0999755859375,1888.25,1324
2025-04-09 12:04:00+05:30,1889.449951171875,1890.550048828125,1888.800048828125,1889.050048828125,4144
2025-04-09 12:05:00+05:30,1889.199951171875,1889.6500244140625,1888.5,1889.4000244140625,1299
2025-04-09 12:06:00+05:30,1891.0,1891.0,1888.5,1889.199951171875,658
2025-04-09 12:07:00+05:30,1892.0,1892.0,1890.949951171875,1890.949951171875,2036
2025-04-09 12:08:00+05:30,1890.949951171875,1892.0999755859375,1890.550048828125,1892.0,1062
2025-04-09 12:09:00+05:30,1891.0,1891.0,1890.550048828125,1890.949951171875,706
2025-04-09 12:10:00+05:30,1890.949951171875,1891.0,1890.75,1891.0,902
2025-04-09 12:11:00+05:30,1889.5999755859375,1890.8499755859375,1889.5999755859375,1890.800048828125,1516
2025-04-09 12:12:00+05:30,1889.5999755859375,1889.800048828125,1889.0,1889.699951171875,858
2025-04-09 12:13:00+05:30,1889.9000244140625,1890.800048828125,1889.6500244140625,1890.800048828125,1048
2025-04-09 12:14:00+05:30,1891.3499755859375,1891.4000244140625,1890.0,1890.3499755859375,1660
2025-04-09 12:15:00+05:30,1891.199951171875,1891.8499755859375,1890.050048828125,1891.550048828125,2592
2025-04-09 12:16:00+05:30,1891.5,1891.5,1891.0,1891.199951171875,839
2025-04-09 12:17:00+05:30,1891.199951171875,1891.449951171875,1890.949951171875,1891.3499755859375,1982
2025-04-09 12:18:00+05:30,1893.0,1893.0,1891.25,1891.25,1474
2025-04-09 12:19:00+05:30,1893.199951171875,1893.4000244140625,1891.800048828125,1892.9000244140625,4154
2025-04-09 12:20:00+05:30,1894.949951171875,1895.8499755859375,1893.199951171875,1893.3499755859375,4941
2025-04-09 12:21:00+05:30,1894.949951171875,1895.4000244140625,1894.4000244140625,1895.1500244140625,1772
2025-04-09 12:22:00+05:30,1894.75,1894.949951171875,1893.6500244140625,1894.9000244140625,5288
2025-04-09 12:23:00+05:30,1896.75,1897.0999755859375,1893.300048828125,1894.0,5910
2025-04-09 12:24:00+05:30,1899.5999755859375,1899.5999755859375,1896.3499755859375,1897.0,4430
2025-04-09 12:25:00+05:30,1899.550048828125,1900.3499755859375,1899.1500244140625,1899.300048828125,4601
2025-04-09 12:26:00+05:30,1899.3499755859375,1899.8499755859375,1899.0,1899.4000244140625,1419
2025-04-09 12:27:00+05:30,1899.949951171875,1900.0,1899.300048828125,1899.3499755859375,2214
2025-04-09 12:28:00+05:30,1899.0,1899.949951171875,1898.6500244140625,1899.949951171875,1166
2025-04-09 12:29:00+05:30,1898.9000244140625,1899.5,1898.75,1898.8499755859375,1242
2025-04-09 12:30:00+05:30,1897.449951171875,1898.9000244140625,1897.199951171875,1898.9000244140625,2237
2025-04-09 12:31:00+05:30,1898.949951171875,1898.949951171875,1897.25,1897.449951171875,1429
2025-04-09 12:32:00+05:30,1899.8499755859375,1900.0999755859375,1898.8499755859375,1898.8499755859375,1437
2025-04-09 12:33:00+05:30,1899.75,1899.800048828125,1898.4000244140625,1899.800048828125,3375
2025-04-09 12:34:00+05:30,1898.9000244140625,1900.0,1898.9000244140625,1900.0,1320
2025-04-09 12:35:00+05:30,1899.25,1899.449951171875,1898.800048828125,1899.1500244140625,1168
2025-04-09 12:36:00+05:30,1896.949951171875,1899.5,1895.8499755859375,1899.050048828125,3773
2025-04-09 12:37:00+05:30,1896.0,1896.449951171875,1895.8499755859375,1896.0999755859375,1506
2025-04-09 12:38:00+05:30,1896.449951171875,1896.449951171875,1895.8499755859375,1895.949951171875,764
2025-04-09 12:39:00+05:30,1896.699951171875,1897.0,1896.699951171875,1896.699951171875,1626
2025-04-09 12:40:00+05:30,1896.0,1897.0,1895.949951171875,1897.0,1144
2025-04-09 12:41:00+05:30,1896.9000244140625,1896.9000244140625,1895.8499755859375,1895.9000244140625,1638
2025-04-09 12:42:00+05:30,1897.75,1897.75,1896.699951171875,1896.75,2130
2025-04-09 12:43:00+05:30,1895.75,1897.699951171875,1895.1500244140625,1897.699951171875,2153
2025-04-09 12:44:00+05:30,1896.5999755859375,1896.5999755859375,1895.1500244140625,1895.699951171875,836
2025-04-09 12:45:00+05:30,1896.449951171875,1896.949951171875,1896.0999755859375,1896.6500244140625,1198
2025-04-09 12:46:00+05:30,1894.25,1896.050048828125,1894.25,1896.050048828125,3566
2025-04-09 12:47:00+05:30,1895.300048828125,1895.300048828125,1894.0,1894.800048828125,521
2025-04-09 12:48:00+05:30,1894.0,1896.199951171875,1894.0,1895.0999755859375,2889
2025-04-09 12:49:00+05:30,1894.0,1894.0,1892.800048828125,1894.0,5478
2025-04-09 12:50:00+05:30,1893.300048828125,1893.75,1892.800048828125,1893.75,1136
2025-04-09 12:51:00+05:30,1892.949951171875,1893.199951171875,1892.550048828125,1893.199951171875,7187
2025-04-09 12:52:00+05:30,1894.6500244140625,1894.699951171875,1892.3499755859375,1892.3499755859375,1577
2025-04-09 12:53:00+05:30,1894.9000244140625,1895.0999755859375,1894.5,1894.699951171875,1364
2025-04-09 12:54:00+05:30,1891.699951171875,1895.0999755859375,1891.25,1895.0999755859375,24046
2025-04-09 12:55:00+05:30,1892.4000244140625,1892.5999755859375,1891.300048828125,1891.699951171875,5698
2025-04-09 12:56:00+05:30,1892.300048828125,1892.8499755859375,1892.1500244140625,1892.4000244140625,1722
2025-04-09 12:57:00+05:30,1893.4000244140625,1893.6500244140625,1892.300048828125,1892.300048828125,1862
2025-04-09 12:58:00+05:30,1892.199951171875,1893.75,1892.199951171875,1893.75,2493
2025-04-09 12:59:00+05:30,1893.5999755859375,1893.5999755859375,1892.1500244140625,1892.5,1732
2025-04-09 13:00:00+05:30,1892.949951171875,1893.699951171875,1892.449951171875,1893.6500244140625,1829
2025-04-09 13:01:00+05:30,1892.949951171875,1894.0,1892.949951171875,1893.949951171875,2034
2025-04-09 13:02:00+05:30,1892.3499755859375,1893.550048828125,1892.3499755859375,1892.8499755859375,6386
2025-04-09 13:03:00+05:30,1892.4000244140625,1892.449951171875,1891.8499755859375,1892.0999755859375,2024
2025-04-09 13:04:00+05:30,1893.9000244140625,1894.0,1892.449951171875,1892.6500244140625,4388
2025-04-09 13:05:00+05:30,1893.050048828125,1893.8499755859375,1892.949951171875,1893.8499755859375,1950
2025-04-09 13:06:00+05:30,1894.0,1894.0,1893.300048828125,1893.300048828125,4685
2025-04-09 13:07:00+05:30,1892.449951171875,1894.800048828125,1892.449951171875,1894.0,21822
2025-04-09 13:08:00+05:30,1893.9000244140625,1894.0,1891.9000244140625,1892.25,2196
2025-04-09 13:09:00+05:30,1894.25,1894.25,1893.5999755859375,1893.949951171875,3293
2025-04-09 13:10:00+05:30,1894.050048828125,1894.300048828125,1894.0,1894.0999755859375,1168
2025-04-09 13:11:00+05:30,1893.800048828125,1894.050048828125,1893.75,1894.050048828125,1950
2025-04-09 13:12:00+05:30,1894.449951171875,1894.5,1893.3499755859375,1893.75,5370
2025-04-09 13:13:00+05:30,1897.0,1897.0,1894.449951171875,1894.5,3457
2025-04-09 13:14:00+05:30,1896.949951171875,1897.5,1896.75,1897.0,2282
2025-04-09 13:15:00+05:30,1897.0999755859375,1897.25,1896.9000244140625,1896.9000244140625,766
2025-04-09 13:16:00+05:30,1894.75,1896.6500244140625,1894.6500244140625,1896.6500244140625,5173
2025-04-09 13:17:00+05:30,1894.949951171875,1895.300048828125,1894.0999755859375,1894.550048828125,1722
2025-04-09 13:18:00+05:30,1894.8499755859375,1895.300048828125,1894.5,1894.5,2065
2025-04-09 13:19:00+05:30,1894.0,1894.300048828125,1893.8499755859375,1894.300048828125,1059
2025-04-09 13:20:00+05:30,1895.0999755859375,1895.199951171875,1893.8499755859375,1893.8499755859375,1664
2025-04-09 13:21:00+05:30,1894.050048828125,1894.8499755859375,1894.050048828125,1894.8499755859375,1098
2025-04-09 13:22:00+05:30,1892.050048828125,1894.4000244140625,1892.050048828125,1893.9000244140625,3167
2025-04-09 13:23:00+05:30,1893.4000244140625,1893.550048828125,1892.0,1892.1500244140625,1164
2025-04-09 13:24:00+05:30,1891.699951171875,1893.3499755859375,1891.449951171875,1893.199951171875,2049
2025-04-09 13:25:00+05:30,1892.949951171875,1893.0,1891.550048828125,1891.550048828125,921
2025-04-09 13:26:00+05:30,1891.9000244140625,1893.800048828125,1891.9000244140625,1893.0,2898
2025-04-09 13:27:00+05:30,1892.699951171875,1893.0999755859375,1892.3499755859375,1892.5,1414
2025-04-09 13:28:00+05:30,1891.8499755859375,1892.25,1891.550048828125,1892.25,882
2025-04-09 13:29:00+05:30,1892.050048828125,1893.0999755859375,1891.5999755859375,1892.6500244140625,2662
2025-04-09 13:30:00+05:30,1890.300048828125,1893.0,1890.300048828125,1892.25,6766
2025-04-09 13:31:00+05:30,1890.25,1891.300048828125,1887.949951171875,1890.449951171875,16936
2025-04-09 13:32:00+05:30,1892.0999755859375,1892.25,1890.1500244140625,1890.1500244140625,1592
2025-04-09 13:33:00+05:30,1892.5999755859375,1892.5999755859375,1891.5,1892.050048828125,1500
2025-04-09 13:34:00+05:30,1889.050048828125,1892.199951171875,1889.050048828125,1891.800048828125,2453
2025-04-09 13:35:00+05:30,1888.75,1889.550048828125,1888.699951171875,1889.550048828125,1948
2025-04-09 13:36:00+05:30,1889.550048828125,1890.199951171875,1888.75,1888.75,2471
2025-04-09 13:37:00+05:30,1891.449951171875,1891.6500244140625,1890.050048828125,1890.300048828125,1414
2025-04-09 13:38:00+05:30,1890.0,1891.449951171875,1890.0,1891.449951171875,1958
2025-04-09 13:39:00+05:30,1890.0,1890.0,1889.4000244140625,1889.699951171875,762
2025-04-09 13:40:00+05:30,1890.550048828125,1891.0999755859375,1889.949951171875,1889.949951171875,2305
2025-04-09 13:41:00+05:30,1891.6500244140625,1892.449951171875,1890.550048828125,1890.550048828125,2065
2025-04-09 13:42:00+05:30,1893.0,1894.199951171875,1891.5999755859375,1891.6500244140625,3999
2025-04-09 13:43:00+05:30,1893.5,1893.800048828125,1892.949951171875,1893.0,805
2025-04-09 13:44:00+05:30,1893.9000244140625,1894.050048828125,1893.199951171875,1893.4000244140625,2228
2025-04-09 13:45:00+05:30,1893.3499755859375,1893.9000244140625,1893.3499755859375,1893.9000244140625,1453
2025-04-09 13:46:00+05:30,1893.6500244140625,1894.0,1892.199951171875,1893.75,3288
2025-04-09 13:47:00+05:30,1893.3499755859375,1894.1500244140625,1893.0,1893.449951171875,1190
2025-04-09 13:48:00+05:30,1894.050048828125,1894.050048828125,1892.8499755859375,1893.3499755859375,621
2025-04-09 13:49:00+05:30,1893.9000244140625,1894.050048828125,1893.9000244140625,1894.050048828125,1024
2025-04-09 13:50:00+05:30,1893.550048828125,1893.8499755859375,1893.050048828125,1893.800048828125,2593
2025-04-09 13:51:00+05:30,1894.9000244140625,1894.9000244140625,1893.0999755859375,1893.550048828125,1763
2025-04-09 13:52:00+05:30,1894.9000244140625,1894.9000244140625,1894.8499755859375,1894.9000244140625,610
2025-04-09 13:53:00+05:30,1894.25,1895.25,1893.6500244140625,1895.25,4097
2025-04-09 13:54:00+05:30,1894.25,1894.449951171875,1893.8499755859375,1894.199951171875,1655
2025-04-09 13:55:00+05:30,1894.949951171875,1894.949951171875,1894.25,1894.25,394
2025-04-09 13:56:00+05:30,1895.0,1895.0,1894.699951171875,1894.8499755859375,1342
2025-04-09 13:57:00+05:30,1894.25,1895.0,1893.9000244140625,1895.0,2455
2025-04-09 13:58:00+05:30,1894.8499755859375,1894.949951171875,1894.0,1894.0,719
2025-04-09 13:59:00+05:30,1894.6500244140625,1894.9000244140625,1894.550048828125,1894.9000244140625,2041
2025-04-09 14:00:00+05:30,1894.800048828125,1894.800048828125,1894.300048828125,1894.550048828125,2166
2025-04-09 14:01:00+05:30,1894.949951171875,1894.949951171875,1894.550048828125,1894.550048828125,452
2025-04-09 14:02:00+05:30,1895.199951171875,1895.199951171875,1894.949951171875,1894.949951171875,972
2025-04-09 14:03:00+05:30,1895.699951171875,1895.75,1895.199951171875,1895.199951171875,1548
2025-04-09 14:04:00+05:30,1894.300048828125,1895.25,1894.300048828125,1895.25,4006
2025-04-09 14:05:00+05:30,1895.0,1895.0,1894.0,1894.3499755859375,2905
2025-04-09 14:06:00+05:30,1894.4000244140625,1894.8499755859375,1894.4000244140625,1894.8499755859375,629
2025-04-09 14:07:00+05:30,1894.5,1894.699951171875,1894.4000244140625,1894.6500244140625,1029
2025-04-09 14:08:00+05:30,1894.699951171875,1894.800048828125,1894.5999755859375,1894.5999755859375,997
2025-04-09 14:09:00+05:30,1894.9000244140625,1894.9000244140625,1894.6500244140625,1894.6500244140625,497
2025-04-09 14:10:00+05:30,1894.800048828125,1895.0,1894.800048828125,1894.9000244140625,2605
2025-04-09 14:11:00+05:30,1893.699951171875,1894.75,1892.4000244140625,1894.75,4642
2025-04-09 14:12:00+05:30,1892.75,1893.9000244140625,1892.5,1893.699951171875,2426
2025-04-09 14:13:00+05:30,1892.1500244140625,1893.25,1892.050048828125,1892.699951171875,1479
2025-04-09 14:14:00+05:30,1892.6500244140625,1892.9000244140625,1892.050048828125,1892.050048828125,1006
2025-04-09 14:15:00+05:30,1892.8499755859375,1893.300048828125,1892.5,1892.550048828125,1405
2025-04-09 14:16:00+05:30,1893.25,1893.3499755859375,1892.0999755859375,1893.0999755859375,2237
2025-04-09 14:17:00+05:30,1893.300048828125,1894.0999755859375,1893.300048828125,1893.5,1145
2025-04-09 14:18:00+05:30,1893.4000244140625,1893.75,1893.300048828125,1893.300048828125,1272
2025-04-09 14:19:00+05:30,1893.25,1893.5,1893.199951171875,1893.25,797
2025-04-09 14:20:00+05:30,1892.0,1893.25,1891.550048828125,1893.25,2731
2025-04-09 14:21:00+05:30,1891.0,1891.5999755859375,1890.949951171875,1891.0,15326
2025-04-09 14:22:00+05:30,1889.800048828125,1890.9000244140625,1889.5,1890.9000244140625,4557
2025-04-09 14:23:00+05:30,1890.9000244140625,1890.9000244140625,1889.4000244140625,1889.800048828125,4293
2025-04-09 14:24:00+05:30,1890.4000244140625,1890.9000244140625,1890.4000244140625,1890.800048828125,1110
2025-04-09 14:25:00+05:30,1890.699951171875,1890.9000244140625,1890.25,1890.300048828125,1671
2025-04-09 14:26:00+05:30,1890.550048828125,1890.699951171875,1889.1500244140625,1890.699951171875,2589
2025-04-09 14:27:00+05:30,1891.800048828125,1891.949951171875,1890.3499755859375,1890.3499755859375,1603
2025-04-09 14:28:00+05:30,1891.1500244140625,1892.199951171875,1890.9000244140625,1891.5,1932
2025-04-09 14:29:00+05:30,1890.699951171875,1891.199951171875,1890.550048828125,1891.1500244140625,676
2025-04-09 14:30:00+05:30,1890.699951171875,1891.4000244140625,1890.699951171875,1891.199951171875,1160
2025-04-09 14:31:00+05:30,1891.449951171875,1891.5999755859375,1890.300048828125,1890.5,2079
2025-04-09 14:32:00+05:30,1891.4000244140625,1892.25,1891.4000244140625,1891.5,2034
2025-04-09 14:33:00+05:30,1892.699951171875,1892.699951171875,1891.1500244140625,1891.199951171875,1926
2025-04-09 14:34:00+05:30,1892.5999755859375,1892.6500244140625,1891.4000244140625,1892.6500244140625,2157
2025-04-09 14:35:00+05:30,1893.3499755859375,1893.449951171875,1892.1500244140625,1892.449951171875,2081
2025-04-09 14:36:00+05:30,1894.0,1894.0,1893.050048828125,1893.4000244140625,2120
2025-04-09 14:37:00+05:30,1892.8499755859375,1894.0,1892.25,1893.949951171875,3421
2025-04-09 14:38:00+05:30,1892.8499755859375,1892.949951171875,1892.8499755859375,1892.8499755859375,1252
2025-04-09 14:39:00+05:30,1892.5999755859375,1892.949951171875,1892.550048828125,1892.9000244140625,1615
2025-04-09 14:40:00+05:30,1893.3499755859375,1893.8499755859375,1893.050048828125,1893.25,1501
2025-04-09 14:41:00+05:30,1893.199951171875,1893.25,1893.0999755859375,1893.25,1633
2025-04-09 14:42:00+05:30,1893.050048828125,1893.449951171875,1893.050048828125,1893.199951171875,1515
2025-04-09 14:43:00+05:30,1892.449951171875,1893.699951171875,1892.3499755859375,1893.050048828125,1620
2025-04-09 14:44:00+05:30,1892.949951171875,1893.300048828125,1891.75,1892.5,3514
2025-04-09 14:45:00+05:30,1893.300048828125,1893.300048828125,1892.75,1892.75,1155
2025-04-09 14:46:00+05:30,1891.8499755859375,1893.300048828125,1891.8499755859375,1893.300048828125,4837
2025-04-09 14:47:00+05:30,1893.0,1893.0,1891.75,1892.449951171875,2485
2025-04-09 14:48:00+05:30,1893.050048828125,1893.050048828125,1893.0,1893.0,1774
2025-04-09 14:49:00+05:30,1893.9000244140625,1894.0,1893.0999755859375,1893.0999755859375,1703
2025-04-09 14:50:00+05:30,1894.0,1894.0,1893.8499755859375,1893.949951171875,1237
2025-04-09 14:51:00+05:30,1893.0,1894.0,1892.550048828125,1894.0,2910
2025-04-09 14:52:00+05:30,1893.449951171875,1893.5,1892.6500244140625,1892.9000244140625,1690
2025-04-09 14:53:00+05:30,1893.5999755859375,1893.5999755859375,1892.550048828125,1893.5,2048
2025-04-09 14:54:00+05:30,1892.9000244140625,1893.5999755859375,1892.9000244140625,1893.5999755859375,1284
2025-04-09 14:55:00+05:30,1892.550048828125,1893.0,1891.5999755859375,1893.0,3271
2025-04-09 14:56:00+05:30,1893.0,1893.0,1892.5999755859375,1892.5999755859375,962
2025-04-09 14:57:00+05:30,1892.800048828125,1893.0,1892.449951171875,1892.949951171875,1074
2025-04-09 14:58:00+05:30,1893.949951171875,1893.949951171875,1892.6500244140625,1892.6500244140625,2245
2025-04-09 14:59:00+05:30,1893.8499755859375,1893.949951171875,1893.699951171875,1893.949951171875,2263
2025-04-09 15:00:00+05:30,1894.300048828125,1894.300048828125,1892.699951171875,1893.25,14144
2025-04-09 15:01:00+05:30,1893.8499755859375,1894.25,1892.6500244140625,1894.25,14083
2025-04-09 15:02:00+05:30,1894.0,1894.050048828125,1893.75,1893.8499755859375,3377
2025-04-09 15:03:00+05:30,1893.75,1894.050048828125,1893.75,1893.9000244140625,3989
2025-04-09 15:04:00+05:30,1893.9000244140625,1893.9000244140625,1893.699951171875,1893.699951171875,3721
2025-04-09 15:05:00+05:30,1893.8499755859375,1893.9000244140625,1893.5999755859375,1893.8499755859375,5483
2025-04-09 15:06:00+05:30,1894.0,1894.0,1893.8499755859375,1893.9000244140625,3389
2025-04-09 15:07:00+05:30,1893.75,1894.0,1893.75,1894.0,5627
2025-04-09 15:08:00+05:30,1893.800048828125,1893.949951171875,1893.699951171875,1893.75,3517
2025-04-09 15:09:00+05:30,1893.75,1893.800048828125,1893.75,1893.75,3353
2025-04-09 15:10:00+05:30,1893.199951171875,1893.6500244140625,1893.0999755859375,1893.6500244140625,5151
2025-04-09 15:11:00+05:30,1893.449951171875,1893.5,1893.0,1893.199951171875,12179
2025-04-09 15:12:00+05:30,1893.0,1893.5,1891.800048828125,1893.5,12316
2025-04-09 15:13:00+05:30,1893.5999755859375,1893.5999755859375,1892.9000244140625,1893.0,3846
2025-04-09 15:14:00+05:30,1893.9000244140625,1893.9000244140625,1893.550048828125,1893.550048828125,4375
2025-04-09 15:15:00+05:30,1893.9000244140625,1893.9000244140625,1893.699951171875,1893.699951171875,8775
2025-04-09 15:16:00+05:30,1895.25,1895.4000244140625,1893.800048828125,1893.8499755859375,17335
2025-04-09 15:17:00+05:30,1897.0,1897.0,1895.199951171875,1895.199951171875,12989
2025-04-09 15:18:00+05:30,1899.25,1900.1500244140625,1897.0,1897.0,22263
2025-04-09 15:19:00+05:30,1897.949951171875,1899.5,1897.25,1898.449951171875,9019
2025-04-09 15:20:00+05:30,1896.699951171875,1898.550048828125,1896.699951171875,1897.6500244140625,13065
2025-04-09 15:21:00+05:30,1897.949951171875,1898.050048828125,1896.949951171875,1896.949951171875,9634
2025-04-09 15:22:00+05:30,1899.0,1899.0,1897.8499755859375,1897.9000244140625,4083
2025-04-09 15:23:00+05:30,1899.449951171875,1899.5,1898.9000244140625,1899.0,5290
2025-04-09 15:24:00+05:30,1899.0999755859375,1899.75,1898.3499755859375,1899.5,7136
2025-04-09 15:25:00+05:30,1896.800048828125,1899.449951171875,1896.800048828125,1899.0,9529
2025-04-09 15:26:00+05:30,1896.5,1898.699951171875,1895.449951171875,1895.449951171875,5997
2025-04-09 15:27:00+05:30,1897.8499755859375,1898.550048828125,1893.8499755859375,1898.550048828125,7317
2025-04-09 15:28:00+05:30,1897.5,1897.949951171875,1896.5,1897.949951171875,4492
2025-04-09 15:29:00+05:30,1900.0,1900.0,1895.5,1896.5,2687
2025-04-11 09:15:00+05:30,1920.550048828125,1928.199951171875,1909.5,1909.5,0
2025-04-11 09:16:00+05:30,1928.8499755859375,1933.4000244140625,1921.3499755859375,1921.3499755859375,32640
2025-04-11 09:17:00+05:30,1929.300048828125,1929.9000244140625,1926.550048828125,1929.1500244140625,16711
2025-04-11 09:18:00+05:30,1929.6500244140625,1935.0,1929.3499755859375,1929.3499755859375,13042
2025-04-11 09:19:00+05:30,1928.199951171875,1930.199951171875,1926.1500244140625,1929.0999755859375,8873
2025-04-11 09:20:00+05:30,1930.8499755859375,1932.25,1927.1500244140625,1927.8499755859375,16550
2025-04-11 09:21:00+05:30,1928.9000244140625,1931.5,1928.300048828125,1929.949951171875,12347
2025-04-11 09:22:00+05:30,1933.25,1933.25,1927.4000244140625,1928.699951171875,15443
2025-04-11 09:23:00+05:30,1940.1500244140625,1940.1500244140625,1931.5,1933.050048828125,20516
2025-04-11 09:24:00+05:30,1941.550048828125,1941.550048828125,1939.5999755859375,1940.3499755859375,9903
2025-04-11 09:25:00+05:30,1942.9000244140625,1942.9000244140625,1941.199951171875,1941.9000244140625,8484
2025-04-11 09:26:00+05:30,1942.75,1943.199951171875,1941.75,1942.5999755859375,28578
2025-04-11 09:27:00+05:30,1941.949951171875,1942.300048828125,1940.550048828125,1940.550048828125,14678
2025-04-11 09:28:00+05:30,1940.9000244140625,1943.4000244140625,1940.9000244140625,1941.050048828125,15824
2025-04-11 09:29:00+05:30,1942.199951171875,1945.0,1940.550048828125,1941.3499755859375,20257
2025-04-11 09:30:00+05:30,1945.4000244140625,1946.3499755859375,1941.800048828125,1941.800048828125,25781
2025-04-11 09:31:00+05:30,1943.8499755859375,1945.9000244140625,1943.8499755859375,1945.4000244140625,10834
2025-04-11 09:32:00+05:30,1944.0,1945.4000244140625,1942.199951171875,1942.199951171875,11095
2025-04-11 09:33:00+05:30,1942.9000244140625,1944.4000244140625,1942.300048828125,1943.449951171875,7668
2025-04-11 09:34:00+05:30,1942.5,1944.949951171875,1942.5,1943.050048828125,4453
2025-04-11 09:35:00+05:30,1940.0,1943.550048828125,1940.0,1943.3499755859375,8849
2025-04-11 09:36:00+05:30,1942.8499755859375,1943.5,1940.1500244140625,1940.1500244140625,7500
2025-04-11 09:37:00+05:30,1941.6500244140625,1944.9000244140625,1940.9000244140625,1943.0999755859375,7969
2025-04-11 09:38:00+05:30,1941.6500244140625,1942.0,1940.5,1941.1500244140625,5074
2025-04-11 09:39:00+05:30,1946.449951171875,1947.449951171875,1941.300048828125,1941.300048828125,19257
2025-04-11 09:40:00+05:30,1947.800048828125,1948.6500244140625,1946.0,1946.449951171875,15346
2025-04-11 09:41:00+05:30,1947.4000244140625,1948.550048828125,1947.4000244140625,1947.6500244140625,14022
2025-04-11 09:42:00+05:30,1949.3499755859375,1949.4000244140625,1947.0,1947.0,9841
2025-04-11 09:43:00+05:30,1950.6500244140625,1950.949951171875,1948.550048828125,1949.3499755859375,24045
2025-04-11 09:44:00+05:30,1948.5999755859375,1951.0,1948.3499755859375,1950.550048828125,7439
2025-04-11 09:45:00+05:30,1949.0,1949.449951171875,1948.0,1949.3499755859375,5271
2025-04-11 09:46:00+05:30,1947.699951171875,1949.0,1947.5,1949.0,3491
2025-04-11 09:47:00+05:30,1946.050048828125,1948.3499755859375,1946.050048828125,1948.3499755859375,7851
2025-04-11 09:48:00+05:30,1948.5,1948.5,1946.199951171875,1946.199951171875,7313
2025-04-11 09:49:00+05:30,1950.800048828125,1951.0,1947.5999755859375,1948.9000244140625,5326
2025-04-11 09:50:00+05:30,1949.050048828125,1950.949951171875,1948.699951171875,1950.949951171875,5901
2025-04-11 09:51:00+05:30,1948.75,1951.0,1948.699951171875,1948.699951171875,4300
2025-04-11 09:52:00+05:30,1948.449951171875,1948.699951171875,1947.3499755859375,1948.699951171875,2843
2025-04-11 09:53:00+05:30,1947.6500244140625,1948.199951171875,1946.199951171875,1948.199951171875,6146
2025-04-11 09:54:00+05:30,1948.050048828125,1948.5,1947.199951171875,1947.75,3016
2025-04-11 09:55:00+05:30,1949.300048828125,1949.699951171875,1948.4000244140625,1948.449951171875,2197
2025-04-11 09:56:00+05:30,1949.699951171875,1949.75,1948.75,1949.300048828125,4994
2025-04-11 09:57:00+05:30,1950.75,1950.9000244140625,1949.5999755859375,1949.6500244140625,5236
2025-04-11 09:58:00+05:30,1947.75,1950.550048828125,1947.5,1950.550048828125,7469
2025-04-11 09:59:00+05:30,1948.699951171875,1949.0,1947.9000244140625,1947.9000244140625,5043
2025-04-11 10:00:00+05:30,1952.300048828125,1952.8499755859375,1948.800048828125,1948.800048828125,17617
2025-04-11 10:01:00+05:30,1951.5999755859375,1952.8499755859375,1951.5,1952.300048828125,4619
2025-04-11 10:02:00+05:30,1953.5,1953.5,1952.199951171875,1952.300048828125,17329
2025-04-11 10:03:00+05:30,1953.949951171875,1954.0,1951.25,1953.050048828125,8418
2025-04-11 10:04:00+05:30,1954.1500244140625,1955.699951171875,1953.9000244140625,1953.949951171875,14202
2025-04-11 10:05:00+05:30,1954.1500244140625,1955.5,1953.0999755859375,1954.1500244140625,6476
2025-04-11 10:06:00+05:30,1952.550048828125,1954.9000244140625,1952.300048828125,1954.9000244140625,8081
2025-04-11 10:07:00+05:30,1951.8499755859375,1953.1500244140625,1951.1500244140625,1953.050048828125,6060
2025-04-11 10:08:00+05:30,1950.3499755859375,1953.0999755859375,1950.3499755859375,1952.0,10056
2025-04-11 10:09:00+05:30,1950.300048828125,1950.8499755859375,1949.5,1950.3499755859375,5654
2025-04-11 10:10:00+05:30,1949.300048828125,1950.300048828125,1949.0999755859375,1949.9000244140625,5215
2025-04-11 10:11:00+05:30,1950.550048828125,1950.550048828125,1949.550048828125,1949.550048828125,8177
2025-04-11 10:12:00+05:30,1949.3499755859375,1950.5,1949.0,1950.1500244140625,5458
2025-04-11 10:13:00+05:30,1947.0,1949.5999755859375,1947.0,1949.5999755859375,7910
2025-04-11 10:14:00+05:30,1949.3499755859375,1949.3499755859375,1946.699951171875,1947.1500244140625,3917
2025-04-11 10:15:00+05:30,1948.800048828125,1950.050048828125,1946.75,1949.0999755859375,9878
2025-04-11 10:16:00+05:30,1951.4000244140625,1951.4000244140625,1948.699951171875,1948.800048828125,8568
2025-04-11 10:17:00+05:30,1954.5999755859375,1954.5999755859375,1950.550048828125,1950.550048828125,7447
2025-04-11 10:18:00+05:30,1951.8499755859375,1953.800048828125,1951.0999755859375,1953.800048828125,4362
2025-04-11 10:19:00+05:30,1952.0,1952.0,1949.050048828125,1951.199951171875,5729
2025-04-11 10:20:00+05:30,1953.4000244140625,1954.0999755859375,1951.8499755859375,1951.8499755859375,4662
2025-04-11 10:21:00+05:30,1954.0,1954.0999755859375,1953.0,1953.0,2936
2025-04-11 10:22:00+05:30,1952.75,1954.0,1952.75,1953.8499755859375,3182
2025-04-11 10:23:00+05:30,1952.199951171875,1953.699951171875,1951.75,1953.6500244140625,2529
2025-04-11 10:24:00+05:30,1953.0,1953.0,1950.949951171875,1951.3499755859375,4386
2025-04-11 10:25:00+05:30,1950.25,1953.0,1950.25,1952.550048828125,5144
2025-04-11 10:26:00+05:30,1952.0,1952.4000244140625,1949.699951171875,1949.699951171875,3578
2025-04-11 10:27:00+05:30,1952.699951171875,1953.0,1951.0999755859375,1952.0,7832
2025-04-11 10:28:00+05:30,1952.5,1953.050048828125,1952.0,1952.800048828125,2540
2025-04-11 10:29:00+05:30,1954.699951171875,1955.0,1952.0999755859375,1952.0999755859375,7698
2025-04-11 10:30:00+05:30,1957.0,1957.0,1954.050048828125,1954.050048828125,14889
2025-04-11 10:31:00+05:30,1956.449951171875,1957.1500244140625,1956.449951171875,1956.8499755859375,4108
2025-04-11 10:32:00+05:30,1957.699951171875,1957.699951171875,1956.550048828125,1957.0,3153
2025-04-11 10:33:00+05:30,1957.4000244140625,1957.75,1956.6500244140625,1956.75,2705
2025-04-11 10:34:00+05:30,1956.75,1957.449951171875,1956.75,1957.449951171875,2273
2025-04-11 10:35:00+05:30,1952.8499755859375,1956.5,1952.8499755859375,1956.5,4696
2025-04-11 10:36:00+05:30,1948.5,1953.4000244140625,1948.5,1953.300048828125,10425
2025-04-11 10:37:00+05:30,1948.25,1948.5999755859375,1947.0999755859375,1948.1500244140625,6092
2025-04-11 10:38:00+05:30,1949.699951171875,1950.949951171875,1948.5,1948.5,4437
2025-04-11 10:39:00+05:30,1949.0,1949.3499755859375,1948.050048828125,1949.25,1864
2025-04-11 10:40:00+05:30,1949.6500244140625,1949.6500244140625,1948.550048828125,1949.199951171875,1447
2025-04-11 10:41:00+05:30,1948.949951171875,1950.4000244140625,1948.550048828125,1950.25,2379
2025-04-11 10:42:00+05:30,1951.0,1951.0,1948.25,1948.300048828125,2513
2025-04-11 10:43:00+05:30,1951.199951171875,1951.9000244140625,1950.1500244140625,1950.75,2372
2025-04-11 10:44:00+05:30,1950.4000244140625,1951.800048828125,1950.1500244140625,1951.800048828125,1756
2025-04-11 10:45:00+05:30,1952.4000244140625,1953.449951171875,1950.25,1950.25,2537
2025-04-11 10:46:00+05:30,1952.300048828125,1953.199951171875,1952.300048828125,1952.300048828125,1274
2025-04-11 10:47:00+05:30,1951.8499755859375,1953.050048828125,1951.8499755859375,1952.5999755859375,1591
2025-04-11 10:48:00+05:30,1953.5999755859375,1953.5999755859375,1950.8499755859375,1951.5,3013
2025-04-11 10:49:00+05:30,1954.1500244140625,1954.949951171875,1953.5999755859375,1954.4000244140625,3460
2025-04-11 10:50:00+05:30,1955.949951171875,1956.0,1953.6500244140625,1954.300048828125,4132
2025-04-11 10:51:00+05:30,1954.6500244140625,1955.9000244140625,1953.8499755859375,1955.550048828125,5708
2025-04-11 10:52:00+05:30,1956.0,1956.0,1953.949951171875,1954.25,4962
2025-04-11 10:53:00+05:30,1954.0,1956.0,1954.0,1955.449951171875,1572
2025-04-11 10:54:00+05:30,1954.0999755859375,1954.800048828125,1953.9000244140625,1954.050048828125,3970
2025-04-11 10:55:00+05:30,1954.5999755859375,1955.800048828125,1954.5,1955.25,3445
2025-04-11 10:56:00+05:30,1955.0,1955.5,1953.6500244140625,1954.3499755859375,2824
2025-04-11 10:57:00+05:30,1955.4000244140625,1956.0,1954.050048828125,1954.949951171875,3356
2025-04-11 10:58:00+05:30,1955.550048828125,1956.0,1954.1500244140625,1956.0,2353
2025-04-11 10:59:00+05:30,1954.9000244140625,1956.0,1954.9000244140625,1955.4000244140625,1931
2025-04-11 11:00:00+05:30,1955.9000244140625,1955.9000244140625,1955.0,1955.0,1424
2025-04-11 11:01:00+05:30,1955.199951171875,1956.5,1954.949951171875,1955.9000244140625,6844
2025-04-11 11:02:00+05:30,1955.449951171875,1956.0,1955.4000244140625,1955.5,1289
2025-04-11 11:03:00+05:30,1956.0999755859375,1956.699951171875,1955.5999755859375,1955.5999755859375,3102
2025-04-11 11:04:00+05:30,1955.550048828125,1956.3499755859375,1954.8499755859375,1955.5,2680
2025-04-11 11:05:00+05:30,1956.4000244140625,1956.4000244140625,1955.1500244140625,1955.5999755859375,4459
2025-04-11 11:06:00+05:30,1955.800048828125,1956.75,1955.0999755859375,1956.5,2204
2025-04-11 11:07:00+05:30,1957.050048828125,1957.050048828125,1956.0,1956.0,4921
2025-04-11 11:08:00+05:30,1957.4000244140625,1957.4000244140625,1956.300048828125,1957.4000244140625,4177
2025-04-11 11:09:00+05:30,1955.5,1957.449951171875,1955.5,1957.4000244140625,2646
2025-04-11 11:10:00+05:30,1955.449951171875,1957.0,1955.1500244140625,1956.0,1670
2025-04-11 11:11:00+05:30,1954.949951171875,1955.6500244140625,1953.800048828125,1955.050048828125,2569
2025-04-11 11:12:00+05:30,1957.0,1957.0,1953.550048828125,1954.8499755859375,2234
2025-04-11 11:13:00+05:30,1956.0999755859375,1957.4000244140625,1955.199951171875,1956.9000244140625,7005
2025-04-11 11:14:00+05:30,1955.5,1956.0999755859375,1955.1500244140625,1956.0,1534
2025-04-11 11:15:00+05:30,1956.199951171875,1957.1500244140625,1955.699951171875,1955.800048828125,3677
2025-04-11 11:16:00+05:30,1959.699951171875,1959.800048828125,1956.3499755859375,1956.3499755859375,10265
2025-04-11 11:17:00+05:30,1958.25,1959.699951171875,1957.949951171875,1959.25,2532
2025-04-11 11:18:00+05:30,1959.0999755859375,1959.699951171875,1957.9000244140625,1958.0,5537
2025-04-11 11:19:00+05:30,1960.1500244140625,1962.0,1959.0999755859375,1959.0999755859375,19449
2025-04-11 11:20:00+05:30,1959.300048828125,1961.5,1959.300048828125,1960.75,2758
2025-04-11 11:21:00+05:30,1960.9000244140625,1960.949951171875,1959.1500244140625,1959.699951171875,1576
2025-04-11 11:22:00+05:30,1961.050048828125,1961.4000244140625,1959.5999755859375,1959.5999755859375,2663
2025-04-11 11:23:00+05:30,1962.0,1962.0,1960.949951171875,1961.300048828125,2493
2025-04-11 11:24:00+05:30,1963.0,1963.0,1961.800048828125,1961.949951171875,6224
2025-04-11 11:25:00+05:30,1963.699951171875,1964.6500244140625,1963.3499755859375,1963.3499755859375,11014
2025-04-11 11:26:00+05:30,1963.5999755859375,1963.949951171875,1963.050048828125,1963.050048828125,2695
2025-04-11 11:27:00+05:30,1962.9000244140625,1964.25,1962.0999755859375,1964.050048828125,5942
2025-04-11 11:28:00+05:30,1963.8499755859375,1964.0,1961.449951171875,1962.199951171875,3312
2025-04-11 11:29:00+05:30,1963.699951171875,1963.9000244140625,1961.9000244140625,1963.9000244140625,2694
2025-04-11 11:30:00+05:30,1963.25,1964.5,1963.25,1963.8499755859375,1422
2025-04-11 11:31:00+05:30,1964.449951171875,1965.0,1963.9000244140625,1964.050048828125,3315
2025-04-11 11:32:00+05:30,1964.449951171875,1964.449951171875,1962.800048828125,1964.25,1933
2025-04-11 11:33:00+05:30,1964.4000244140625,1964.4000244140625,1963.0,1964.4000244140625,1746
2025-04-11 11:34:00+05:30,1964.300048828125,1964.800048828125,1963.300048828125,1963.8499755859375,2578
2025-04-11 11:35:00+05:30,1965.0,1965.0,1963.449951171875,1964.0,2771
2025-04-11 11:36:00+05:30,1964.8499755859375,1966.0,1964.6500244140625,1965.0999755859375,6149
2025-04-11 11:37:00+05:30,1964.449951171875,1964.9000244140625,1963.199951171875,1964.1500244140625,2487
2025-04-11 11:38:00+05:30,1962.5999755859375,1964.5,1962.5999755859375,1963.75,3522
2025-04-11 11:39:00+05:30,1960.699951171875,1963.0999755859375,1960.699951171875,1962.6500244140625,6091
2025-04-11 11:40:00+05:30,1960.300048828125,1962.449951171875,1960.300048828125,1960.75,11181
2025-04-11 11:41:00+05:30,1958.1500244140625,1959.8499755859375,1957.0999755859375,1959.8499755859375,6259
2025-04-11 11:42:00+05:30,1958.699951171875,1958.9000244140625,1958.300048828125,1958.5999755859375,1223
2025-04-11 11:43:00+05:30,1959.300048828125,1959.300048828125,1958.6500244140625,1958.699951171875,1818
2025-04-11 11:44:00+05:30,1956.3499755859375,1958.1500244140625,1956.300048828125,1958.1500244140625,9882
2025-04-11 11:45:00+05:30,1957.25,1957.949951171875,1956.949951171875,1956.949951171875,2111
2025-04-11 11:46:00+05:30,1956.0,1957.75,1956.0,1957.75,4712
2025-04-11 11:47:00+05:30,1957.0,1957.0,1955.550048828125,1955.550048828125,1695
2025-04-11 11:48:00+05:30,1958.0,1958.5999755859375,1956.949951171875,1957.0,11580
2025-04-11 11:49:00+05:30,1957.0,1958.449951171875,1957.0,1957.5,2123
2025-04-11 11:50:00+05:30,1959.4000244140625,1959.8499755859375,1957.0,1957.0,6776
2025-04-11 11:51:00+05:30,1959.8499755859375,1960.0,1959.449951171875,1959.6500244140625,1409
2025-04-11 11:52:00+05:30,1959.1500244140625,1959.449951171875,1957.550048828125,1957.550048828125,14252
2025-04-11 11:53:00+05:30,1957.0,1958.449951171875,1957.0,1958.050048828125,3371
2025-04-11 11:54:00+05:30,1957.9000244140625,1957.9000244140625,1956.6500244140625,1957.75,2007
2025-04-11 11:55:00+05:30,1959.4000244140625,1959.449951171875,1957.9000244140625,1957.9000244140625,2647
2025-04-11 11:56:00+05:30,1958.449951171875,1959.5,1958.199951171875,1959.449951171875,2860
2025-04-11 11:57:00+05:30,1957.75,1958.6500244140625,1957.1500244140625,1958.6500244140625,1301
2025-04-11 11:58:00+05:30,1957.1500244140625,1958.3499755859375,1957.0,1957.699951171875,1525
2025-04-11 11:59:00+05:30,1957.9000244140625,1958.0,1956.449951171875,1957.199951171875,1833
2025-04-11 12:00:00+05:30,1957.0,1958.5,1957.0,1957.949951171875,1683
2025-04-11 12:01:00+05:30,1958.9000244140625,1958.9000244140625,1957.800048828125,1957.800048828125,1121
2025-04-11 12:02:00+05:30,1958.0,1958.9000244140625,1957.9000244140625,1958.9000244140625,1234
2025-04-11 12:03:00+05:30,1958.9000244140625,1959.0,1957.8499755859375,1958.0,4172
2025-04-11 12:04:00+05:30,1958.449951171875,1958.800048828125,1958.0,1958.4000244140625,2185
2025-04-11 12:05:00+05:30,1959.949951171875,1960.0,1958.449951171875,1958.449951171875,6052
2025-04-11 12:06:00+05:30,1959.199951171875,1960.0,1959.199951171875,1960.0,3586
2025-04-11 12:07:00+05:30,1958.8499755859375,1960.0,1958.800048828125,1958.8499755859375,2239
2025-04-11 12:08:00+05:30,1960.0,1960.0,1959.0,1959.0,3757
2025-04-11 12:09:00+05:30,1960.699951171875,1960.699951171875,1959.800048828125,1959.949951171875,14133
2025-04-11 12:10:00+05:30,1961.25,1962.0,1960.4000244140625,1960.550048828125,2726
2025-04-11 12:11:00+05:30,1962.449951171875,1962.449951171875,1961.4000244140625,1961.800048828125,1721
2025-04-11 12:12:00+05:30,1962.699951171875,1962.9000244140625,1961.5999755859375,1962.449951171875,1629
2025-04-11 12:13:00+05:30,1962.949951171875,1962.949951171875,1962.3499755859375,1962.9000244140625,1766
2025-04-11 12:14:00+05:30,1963.1500244140625,1963.1500244140625,1962.550048828125,1962.949951171875,1984
2025-04-11 12:15:00+05:30,1961.300048828125,1963.550048828125,1961.300048828125,1963.449951171875,2192
2025-04-11 12:16:00+05:30,1961.699951171875,1962.800048828125,1960.5999755859375,1961.5,2858
2025-04-11 12:17:00+05:30,1961.8499755859375,1962.0,1960.25,1961.699951171875,1792
2025-04-11 12:18:00+05:30,1960.9000244140625,1961.8499755859375,1960.75,1961.699951171875,2740
2025-04-11 12:19:00+05:30,1959.5,1961.0,1959.5,1960.949951171875,2589
2025-04-11 12:20:00+05:30,1959.449951171875,1959.75,1958.4000244140625,1959.75,2174
2025-04-11 12:21:00+05:30,1958.3499755859375,1960.0,1958.3499755859375,1959.449951171875,2419
2025-04-11 12:22:00+05:30,1958.0,1959.050048828125,1957.800048828125,1959.050048828125,2659
2025-04-11 12:23:00+05:30,1957.0,1958.0,1956.75,1958.0,6325
2025-04-11 12:24:00+05:30,1957.25,1957.5999755859375,1956.8499755859375,1957.0,5994
2025-04-11 12:25:00+05:30,1957.0,1957.25,1956.0999755859375,1957.25,5565
2025-04-11 12:26:00+05:30,1957.0999755859375,1957.0999755859375,1957.0,1957.0,2707
2025-04-11 12:27:00+05:30,1956.8499755859375,1957.0,1956.8499755859375,1957.0,1630
2025-04-11 12:28:00+05:30,1956.8499755859375,1957.0999755859375,1956.300048828125,1956.8499755859375,2708
2025-04-11 12:29:00+05:30,1956.949951171875,1957.0,1956.050048828125,1956.75,1383
2025-04-11 12:30:00+05:30,1955.0999755859375,1956.75,1955.0,1956.75,5005
2025-04-11 12:31:00+05:30,1955.699951171875,1956.199951171875,1954.1500244140625,1954.550048828125,2835
2025-04-11 12:32:00+05:30,1954.8499755859375,1956.0999755859375,1954.1500244140625,1955.949951171875,2872
2025-04-11 12:33:00+05:30,1955.5,1956.199951171875,1954.8499755859375,1954.8499755859375,1858
2025-04-11 12:34:00+05:30,1952.949951171875,1955.5,1952.0999755859375,1955.5,7199
2025-04-11 12:35:00+05:30,1953.050048828125,1953.3499755859375,1951.550048828125,1953.0,2087
2025-04-11 12:36:00+05:30,1951.300048828125,1953.9000244140625,1951.25,1953.050048828125,3306
2025-04-11 12:37:00+05:30,1949.5999755859375,1951.699951171875,1949.3499755859375,1951.699951171875,7378
2025-04-11 12:38:00+05:30,1950.449951171875,1950.550048828125,1948.5999755859375,1949.949951171875,3193
2025-04-11 12:39:00+05:30,1948.25,1950.550048828125,1948.199951171875,1950.4000244140625,3503
2025-04-11 12:40:00+05:30,1950.4000244140625,1950.550048828125,1948.3499755859375,1948.8499755859375,2324
2025-04-11 12:41:00+05:30,1953.9000244140625,1953.9000244140625,1949.5,1950.4000244140625,5031
2025-04-11 12:42:00+05:30,1954.75,1955.0,1953.3499755859375,1954.0,5325
2025-04-11 12:43:00+05:30,1957.0,1957.0,1954.199951171875,1954.8499755859375,5532
2025-04-11 12:44:00+05:30,1957.0,1957.0,1956.0999755859375,1957.0,2574
2025-04-11 12:45:00+05:30,1957.5,1957.5,1956.8499755859375,1957.0,8000
2025-04-11 12:46:00+05:30,1957.3499755859375,1957.5,1956.449951171875,1957.5,2495
2025-04-11 12:47:00+05:30,1957.4000244140625,1957.4000244140625,1957.25,1957.4000244140625,2146
2025-04-11 12:48:00+05:30,1957.4000244140625,1957.4000244140625,1957.0,1957.25,6983
2025-04-11 12:49:00+05:30,1960.0,1960.0,1957.699951171875,1957.699951171875,3992
2025-04-11 12:50:00+05:30,1959.949951171875,1960.949951171875,1959.050048828125,1959.949951171875,6740
2025-04-11 12:51:00+05:30,1960.0,1960.0,1959.050048828125,1959.8499755859375,1253
2025-04-11 12:52:00+05:30,1959.550048828125,1960.300048828125,1959.1500244140625,1960.0,1304
2025-04-11 12:53:00+05:30,1960.0,1960.0,1959.5999755859375,1959.8499755859375,2163
2025-04-11 12:54:00+05:30,1959.5999755859375,1960.0,1959.5999755859375,1960.0,2576
2025-04-11 12:55:00+05:30,1958.1500244140625,1960.0,1958.1500244140625,1959.949951171875,4623
2025-04-11 12:56:00+05:30,1960.4000244140625,1960.4000244140625,1959.1500244140625,1959.949951171875,2692
2025-04-11 12:57:00+05:30,1959.5999755859375,1960.4000244140625,1958.8499755859375,1960.4000244140625,1754
2025-04-11 12:58:00+05:30,1959.75,1959.8499755859375,1958.949951171875,1959.6500244140625,1614
2025-04-11 12:59:00+05:30,1958.199951171875,1959.75,1958.199951171875,1959.75,3353
2025-04-11 13:00:00+05:30,1956.8499755859375,1958.699951171875,1956.300048828125,1957.050048828125,14673
2025-04-11 13:01:00+05:30,1957.0,1957.0,1956.300048828125,1956.9000244140625,5119
2025-04-11 13:02:00+05:30,1956.949951171875,1957.0,1956.949951171875,1957.0,1274
2025-04-11 13:03:00+05:30,1956.9000244140625,1957.0,1956.6500244140625,1957.0,2055
2025-04-11 13:04:00+05:30,1956.449951171875,1957.0,1956.449951171875,1956.75,1617
2025-04-11 13:05:00+05:30,1957.0,1957.0,1956.8499755859375,1957.0,2259
2025-04-11 13:06:00+05:30,1957.0,1957.0,1956.949951171875,1957.0,2517
2025-04-11 13:07:00+05:30,1957.0,1957.0,1956.75,1957.0,3423
2025-04-11 13:08:00+05:30,1956.949951171875,1957.0,1956.75,1956.949951171875,2664
2025-04-11 13:09:00+05:30,1957.0,1957.0,1956.0,1956.9000244140625,2043
2025-04-11 13:10:00+05:30,1956.0,1957.0,1955.699951171875,1957.0,1972
2025-04-11 13:11:00+05:30,1956.550048828125,1958.4000244140625,1956.0,1956.0,5579
2025-04-11 13:12:00+05:30,1956.949951171875,1957.0,1956.3499755859375,1957.0,4527
2025-04-11 13:13:00+05:30,1957.0,1957.0,1956.949951171875,1956.949951171875,1293
2025-04-11 13:14:00+05:30,1958.0,1958.0,1956.5,1957.0,1163
2025-04-11 13:15:00+05:30,1956.949951171875,1958.449951171875,1956.949951171875,1958.4000244140625,1337
2025-04-11 13:16:00+05:30,1955.5999755859375,1957.0,1955.5999755859375,1957.0,1687
2025-04-11 13:17:00+05:30,1956.8499755859375,1956.949951171875,1956.0,1956.949951171875,1457
2025-04-11 13:18:00+05:30,1956.5,1957.0,1955.6500244140625,1957.0,1316
2025-04-11 13:19:00+05:30,1956.3499755859375,1956.949951171875,1955.5999755859375,1956.949951171875,1988
2025-04-11 13:20:00+05:30,1956.25,1956.5,1955.5999755859375,1956.5,1396
2025-04-11 13:21:00+05:30,1956.8499755859375,1956.949951171875,1956.25,1956.25,1433
2025-04-11 13:22:00+05:30,1956.8499755859375,1957.5,1956.0999755859375,1956.949951171875,1491
2025-04-11 13:23:00+05:30,1956.550048828125,1957.5,1956.550048828125,1956.8499755859375,1543
2025-04-11 13:24:00+05:30,1957.25,1957.5,1956.800048828125,1957.199951171875,1333
2025-04-11 13:25:00+05:30,1958.75,1959.0,1957.6500244140625,1957.800048828125,1947
2025-04-11 13:26:00+05:30,1957.550048828125,1958.800048828125,1956.800048828125,1958.800048828125,1398
2025-04-11 13:27:00+05:30,1957.0999755859375,1957.800048828125,1956.300048828125,1957.800048828125,1316
2025-04-11 13:28:00+05:30,1956.5,1957.25,1956.5,1957.25,1118
2025-04-11 13:29:00+05:30,1957.1500244140625,1958.050048828125,1956.9000244140625,1957.1500244140625,876
2025-04-11 13:30:00+05:30,1956.6500244140625,1957.949951171875,1955.5,1957.9000244140625,2130
2025-04-11 13:31:00+05:30,1956.5999755859375,1957.199951171875,1955.699951171875,1956.949951171875,1910
2025-04-11 13:32:00+05:30,1957.300048828125,1957.5999755859375,1956.199951171875,1956.6500244140625,1647
2025-04-11 13:33:00+05:30,1955.0999755859375,1957.300048828125,1955.0999755859375,1957.300048828125,1561
2025-04-11 13:34:00+05:30,1955.3499755859375,1955.3499755859375,1954.4000244140625,1955.0,2658
2025-04-11 13:35:00+05:30,1954.9000244140625,1955.550048828125,1954.550048828125,1955.550048828125,1127
2025-04-11 13:36:00+05:30,1955.5,1955.5,1954.949951171875,1954.949951171875,1735
2025-04-11 13:37:00+05:30,1955.4000244140625,1955.5,1955.4000244140625,1955.5,1172
2025-04-11 13:38:00+05:30,1956.75,1957.0,1955.449951171875,1955.5,3045
2025-04-11 13:39:00+05:30,1957.0,1957.0,1956.75,1956.949951171875,1142
2025-04-11 13:40:00+05:30,1956.5,1956.9000244140625,1955.449951171875,1956.9000244140625,1456
2025-04-11 13:41:00+05:30,1955.8499755859375,1957.0,1955.8499755859375,1957.0,1573
2025-04-11 13:42:00+05:30,1956.0999755859375,1956.550048828125,1955.800048828125,1956.550048828125,834
2025-04-11 13:43:00+05:30,1956.699951171875,1956.699951171875,1955.949951171875,1956.0,1038
2025-04-11 13:44:00+05:30,1956.5999755859375,1957.0,1956.0,1956.699951171875,1303
2025-04-11 13:45:00+05:30,1955.800048828125,1956.5999755859375,1955.800048828125,1956.300048828125,1134
2025-04-11 13:46:00+05:30,1954.6500244140625,1955.699951171875,1954.300048828125,1955.699951171875,3285
2025-04-11 13:47:00+05:30,1954.1500244140625,1954.6500244140625,1954.1500244140625,1954.6500244140625,1295
2025-04-11 13:48:00+05:30,1955.0,1955.0,1954.5,1954.550048828125,1835
2025-04-11 13:49:00+05:30,1955.0,1955.0,1954.75,1955.0,958
2025-04-11 13:50:00+05:30,1953.5,1954.800048828125,1952.5,1954.800048828125,2686
2025-04-11 13:51:00+05:30,1954.0999755859375,1954.9000244140625,1953.199951171875,1953.5,2011
2025-04-11 13:52:00+05:30,1953.800048828125,1954.449951171875,1953.800048828125,1954.0,999
2025-04-11 13:53:00+05:30,1953.550048828125,1954.5,1953.0999755859375,1954.3499755859375,1351
2025-04-11 13:54:00+05:30,1953.0,1953.8499755859375,1952.4000244140625,1953.5,1901
2025-04-11 13:55:00+05:30,1952.5999755859375,1953.0,1952.3499755859375,1953.0,1557
2025-04-11 13:56:00+05:30,1952.949951171875,1952.949951171875,1952.050048828125,1952.9000244140625,1075
2025-04-11 13:57:00+05:30,1952.800048828125,1953.0,1952.75,1953.0,2419
2025-04-11 13:58:00+05:30,1952.449951171875,1953.0,1952.199951171875,1952.75,1093
2025-04-11 13:59:00+05:30,1952.949951171875,1953.0,1952.5,1952.5,1463
2025-04-11 14:00:00+05:30,1951.449951171875,1953.0,1951.25,1953.0,3020
2025-04-11 14:01:00+05:30,1950.949951171875,1950.949951171875,1949.3499755859375,1950.5999755859375,7126
2025-04-11 14:02:00+05:30,1950.1500244140625,1950.9000244140625,1949.6500244140625,1950.9000244140625,2251
2025-04-11 14:03:00+05:30,1947.050048828125,1950.800048828125,1946.75,1950.800048828125,14952
2025-04-11 14:04:00+05:30,1948.5,1949.699951171875,1947.0999755859375,1947.5999755859375,3669
2025-04-11 14:05:00+05:30,1949.1500244140625,1949.949951171875,1948.5,1948.5999755859375,2071
2025-04-11 14:06:00+05:30,1947.1500244140625,1949.1500244140625,1947.1500244140625,1949.1500244140625,3007
2025-04-11 14:07:00+05:30,1949.949951171875,1949.949951171875,1947.5,1947.5,1403
2025-04-11 14:08:00+05:30,1950.5,1951.8499755859375,1949.0999755859375,1949.949951171875,3891
2025-04-11 14:09:00+05:30,1950.949951171875,1952.6500244140625,1950.1500244140625,1951.3499755859375,3181
2025-04-11 14:10:00+05:30,1948.3499755859375,1950.75,1947.75,1950.75,3096
2025-04-11 14:11:00+05:30,1946.199951171875,1948.3499755859375,1945.800048828125,1948.3499755859375,13553
2025-04-11 14:12:00+05:30,1945.6500244140625,1946.699951171875,1945.449951171875,1946.0999755859375,2227
2025-04-11 14:13:00+05:30,1945.0,1946.6500244140625,1944.0,1946.0,4031
2025-04-11 14:14:00+05:30,1944.699951171875,1945.699951171875,1943.75,1945.0,6329
2025-04-11 14:15:00+05:30,1944.800048828125,1945.550048828125,1942.949951171875,1945.550048828125,7959
2025-04-11 14:16:00+05:30,1945.050048828125,1945.6500244140625,1944.5,1945.199951171875,3754
2025-04-11 14:17:00+05:30,1942.0,1945.199951171875,1942.0,1945.050048828125,6140
2025-04-11 14:18:00+05:30,1944.699951171875,1945.3499755859375,1941.75,1941.75,8632
2025-04-11 14:19:00+05:30,1943.0,1945.25,1942.0,1945.1500244140625,4146
2025-04-11 14:20:00+05:30,1944.550048828125,1944.5999755859375,1942.949951171875,1942.949951171875,1933
2025-04-11 14:21:00+05:30,1944.300048828125,1945.0,1944.0,1944.4000244140625,2149
2025-04-11 14:22:00+05:30,1944.3499755859375,1944.9000244140625,1943.0999755859375,1944.25,1471
2025-04-11 14:23:00+05:30,1944.050048828125,1944.9000244140625,1944.050048828125,1944.550048828125,1579
2025-04-11 14:24:00+05:30,1945.949951171875,1946.199951171875,1944.050048828125,1944.5,2492
2025-04-11 14:25:00+05:30,1944.550048828125,1945.949951171875,1944.25,1945.949951171875,1831
2025-04-11 14:26:00+05:30,1946.5,1946.5,1944.199951171875,1945.449951171875,2259
2025-04-11 14:27:00+05:30,1946.449951171875,1946.8499755859375,1945.050048828125,1946.5,3352
2025-04-11 14:28:00+05:30,1944.9000244140625,1946.949951171875,1944.9000244140625,1946.5999755859375,2902
2025-04-11 14:29:00+05:30,1944.199951171875,1944.9000244140625,1942.4000244140625,1944.6500244140625,2549
2025-04-11 14:30:00+05:30,1947.699951171875,1947.800048828125,1944.4000244140625,1944.550048828125,3113
2025-04-11 14:31:00+05:30,1947.8499755859375,1948.800048828125,1947.550048828125,1947.9000244140625,6721
2025-04-11 14:32:00+05:30,1947.550048828125,1948.550048828125,1947.1500244140625,1947.9000244140625,1712
2025-04-11 14:33:00+05:30,1947.0,1948.0,1946.449951171875,1947.6500244140625,1694
2025-04-11 14:34:00+05:30,1946.9000244140625,1947.0,1946.1500244140625,1947.0,1296
2025-04-11 14:35:00+05:30,1946.199951171875,1947.0,1945.5,1947.0,1430
2025-04-11 14:36:00+05:30,1946.800048828125,1947.0,1945.25,1946.199951171875,1600
2025-04-11 14:37:00+05:30,1947.0,1947.0,1946.199951171875,1946.8499755859375,1251
2025-04-11 14:38:00+05:30,1945.9000244140625,1947.0,1945.9000244140625,1947.0,1253
2025-04-11 14:39:00+05:30,1945.5,1946.800048828125,1945.050048828125,1946.4000244140625,1885
2025-04-11 14:40:00+05:30,1945.6500244140625,1946.449951171875,1945.050048828125,1946.25,1955
2025-04-11 14:41:00+05:30,1946.199951171875,1946.449951171875,1945.0,1946.25,2602
2025-04-11 14:42:00+05:30,1946.0999755859375,1947.0,1945.550048828125,1946.25,2557
2025-04-11 14:43:00+05:30,1945.199951171875,1946.1500244140625,1944.75,1946.1500244140625,2652
2025-04-11 14:44:00+05:30,1946.5,1946.9000244140625,1945.0999755859375,1945.5,1653
2025-04-11 14:45:00+05:30,1946.75,1946.949951171875,1946.1500244140625,1946.5,1738
2025-04-11 14:46:00+05:30,1946.800048828125,1947.0,1946.75,1946.75,2013
2025-04-11 14:47:00+05:30,1946.949951171875,1947.0,1946.449951171875,1947.0,2555
2025-04-11 14:48:00+05:30,1947.0,1947.5999755859375,1946.5999755859375,1946.949951171875,4007
2025-04-11 14:49:00+05:30,1949.300048828125,1949.699951171875,1947.3499755859375,1947.5,7553
2025-04-11 14:50:00+05:30,1948.449951171875,1949.9000244140625,1947.800048828125,1949.25,9603
2025-04-11 14:51:00+05:30,1949.4000244140625,1949.449951171875,1948.300048828125,1948.550048828125,1943
2025-04-11 14:52:00+05:30,1949.3499755859375,1950.0,1948.449951171875,1949.449951171875,8089
2025-04-11 14:53:00+05:30,1948.800048828125,1949.8499755859375,1948.25,1949.3499755859375,4965
2025-04-11 14:54:00+05:30,1950.0,1950.0,1948.0999755859375,1949.199951171875,2701
2025-04-11 14:55:00+05:30,1948.949951171875,1949.949951171875,1948.25,1949.949951171875,2108
2025-04-11 14:56:00+05:30,1946.949951171875,1948.949951171875,1946.949951171875,1948.949951171875,2541
2025-04-11 14:57:00+05:30,1948.699951171875,1948.75,1946.949951171875,1946.949951171875,2505
2025-04-11 14:58:00+05:30,1947.699951171875,1949.0,1947.6500244140625,1948.699951171875,2546
2025-04-11 14:59:00+05:30,1947.199951171875,1948.75,1947.199951171875,1947.699951171875,2774
2025-04-11 15:00:00+05:30,1948.8499755859375,1949.1500244140625,1947.199951171875,1947.199951171875,8824
2025-04-11 15:01:00+05:30,1948.949951171875,1949.0,1948.75,1948.8499755859375,10901
2025-04-11 15:02:00+05:30,1948.4000244140625,1948.9000244140625,1948.050048828125,1948.9000244140625,4159
2025-04-11 15:03:00+05:30,1948.6500244140625,1949.0,1948.199951171875,1948.4000244140625,4644
2025-04-11 15:04:00+05:30,1948.0999755859375,1949.0,1948.0,1948.6500244140625,6029
2025-04-11 15:05:00+05:30,1947.949951171875,1948.0999755859375,1947.0,1948.0999755859375,5577
2025-04-11 15:06:00+05:30,1947.949951171875,1948.949951171875,1947.25,1947.949951171875,5171
2025-04-11 15:07:00+05:30,1946.800048828125,1947.8499755859375,1946.800048828125,1947.8499755859375,3556
2025-04-11 15:08:00+05:30,1947.050048828125,1947.4000244140625,1946.5999755859375,1947.4000244140625,3689
2025-04-11 15:09:00+05:30,1947.25,1947.449951171875,1947.050048828125,1947.050048828125,5859
2025-04-11 15:10:00+05:30,1947.199951171875,1947.449951171875,1947.050048828125,1947.25,5277
2025-04-11 15:11:00+05:30,1946.699951171875,1947.1500244140625,1946.699951171875,1947.0999755859375,3952
2025-04-11 15:12:00+05:30,1947.6500244140625,1947.9000244140625,1946.949951171875,1947.0,5908
2025-04-11 15:13:00+05:30,1947.199951171875,1947.75,1947.199951171875,1947.75,4252
2025-04-11 15:14:00+05:30,1946.9000244140625,1947.1500244140625,1946.5999755859375,1947.1500244140625,4819
2025-04-11 15:15:00+05:30,1945.9000244140625,1946.9000244140625,1945.9000244140625,1946.9000244140625,12049
2025-04-11 15:16:00+05:30,1945.3499755859375,1945.699951171875,1944.6500244140625,1945.699951171875,14415
2025-04-11 15:17:00+05:30,1945.0,1946.449951171875,1944.800048828125,1945.4000244140625,10711
2025-04-11 15:18:00+05:30,1945.25,1945.449951171875,1944.25,1944.949951171875,13932
2025-04-11 15:19:00+05:30,1944.3499755859375,1945.3499755859375,1944.0,1945.300048828125,9041
2025-04-11 15:20:00+05:30,1944.300048828125,1944.5,1944.0,1944.3499755859375,10875
2025-04-11 15:21:00+05:30,1944.4000244140625,1944.449951171875,1944.300048828125,1944.300048828125,6585
2025-04-11 15:22:00+05:30,1944.050048828125,1944.4000244140625,1944.050048828125,1944.3499755859375,4297
2025-04-11 15:23:00+05:30,1944.4000244140625,1944.5,1944.1500244140625,1944.199951171875,9444
2025-04-11 15:24:00+05:30,1946.3499755859375,1946.5,1944.4000244140625,1944.4000244140625,11954
2025-04-11 15:25:00+05:30,1945.5999755859375,1946.3499755859375,1945.5999755859375,1946.3499755859375,11570
2025-04-11 15:26:00+05:30,1946.949951171875,1946.949951171875,1945.800048828125,1945.9000244140625,6784
2025-04-11 15:27:00+05:30,1947.0,1947.0,1945.9000244140625,1946.949951171875,7588
2025-04-11 15:28:00+05:30,1947.9000244140625,1949.0,1944.5,1947.0,4546
2025-04-11 15:29:00+05:30,1946.300048828125,1950.0,1943.050048828125,1947.9000244140625,4597
2025-04-16 09:15:00+05:30,1960.800048828125,1965.0,1958.699951171875,1963.0,0
2025-04-16 09:16:00+05:30,1961.0,1964.300048828125,1959.9000244140625,1960.800048828125,9319
2025-04-16 09:17:00+05:30,1960.5,1962.199951171875,1959.699951171875,1961.0,6014
2025-04-16 09:18:00+05:30,1962.0,1963.9000244140625,1959.0,1960.0,5918
2025-04-16 09:19:00+05:30,1961.800048828125,1962.4000244140625,1960.0,1962.4000244140625,3295
2025-04-16 09:20:00+05:30,1961.300048828125,1963.5,1961.0999755859375,1962.0,3634
2025-04-16 09:21:00+05:30,1961.5999755859375,1962.199951171875,1961.300048828125,1961.699951171875,2049
2025-04-16 09:22:00+05:30,1960.5,1961.300048828125,1960.0,1961.300048828125,2017
2025-04-16 09:23:00+05:30,1958.800048828125,1961.300048828125,1958.5,1960.5,5634
2025-04-16 09:24:00+05:30,1960.0,1960.300048828125,1958.5999755859375,1958.800048828125,2016
2025-04-16 09:25:00+05:30,1957.800048828125,1959.699951171875,1957.5,1959.300048828125,2248
2025-04-16 09:26:00+05:30,1957.0,1958.5,1956.800048828125,1957.0999755859375,4349
2025-04-16 09:27:00+05:30,1958.199951171875,1959.0999755859375,1957.0,1957.5999755859375,1785
2025-04-16 09:28:00+05:30,1961.5,1961.5,1957.300048828125,1959.0,5092
2025-04-16 09:29:00+05:30,1960.5,1961.5999755859375,1960.5,1961.5999755859375,725
2025-04-16 09:30:00+05:30,1959.300048828125,1961.300048828125,1959.300048828125,1960.699951171875,2074
2025-04-16 09:31:00+05:30,1959.199951171875,1959.9000244140625,1958.199951171875,1959.5,2622
2025-04-16 09:32:00+05:30,1959.0,1959.199951171875,1958.4000244140625,1958.5,532
2025-04-16 09:33:00+05:30,1958.0,1959.0,1958.0,1959.0,579
2025-04-16 09:34:00+05:30,1955.5,1958.5999755859375,1955.5,1958.5999755859375,2985
2025-04-16 09:35:00+05:30,1953.5,1955.0,1953.0999755859375,1955.0,8301
2025-04-16 09:36:00+05:30,1955.0,1955.0,1952.0,1954.800048828125,12485
2025-04-16 09:37:00+05:30,1956.0,1956.699951171875,1953.9000244140625,1954.800048828125,3125
2025-04-16 09:38:00+05:30,1958.800048828125,1958.800048828125,1956.699951171875,1956.699951171875,1606
2025-04-16 09:39:00+05:30,1957.5,1958.699951171875,1957.300048828125,1958.0,996
2025-04-16 09:40:00+05:30,1957.5,1958.699951171875,1957.300048828125,1958.0,974
2025-04-16 09:41:00+05:30,1956.199951171875,1957.5,1956.199951171875,1957.5,884
2025-04-16 09:42:00+05:30,1957.0,1957.0,1955.5999755859375,1956.199951171875,7635
2025-04-16 09:43:00+05:30,1960.5,1960.5,1957.0,1957.800048828125,6369
2025-04-16 09:44:00+05:30,1958.199951171875,1960.5999755859375,1957.5,1960.5999755859375,3471
2025-04-16 09:45:00+05:30,1958.300048828125,1959.0,1957.5,1958.0,3681
2025-04-16 09:46:00+05:30,1959.0,1959.9000244140625,1958.300048828125,1958.300048828125,2362
2025-04-16 09:47:00+05:30,1958.5,1959.800048828125,1958.5,1959.0,1212
2025-04-16 09:48:00+05:30,1958.0,1959.800048828125,1958.0,1958.5,1406
2025-04-16 09:49:00+05:30,1958.199951171875,1959.0999755859375,1958.0,1958.199951171875,2137
2025-04-16 09:50:00+05:30,1958.0,1959.0,1957.5999755859375,1958.300048828125,1689
2025-04-16 09:51:00+05:30,1957.5,1958.0,1956.5,1957.5999755859375,1464
2025-04-16 09:52:00+05:30,1956.699951171875,1957.699951171875,1956.5,1957.5,2669
2025-04-16 09:53:00+05:30,1956.800048828125,1957.4000244140625,1956.5,1956.5999755859375,493
2025-04-16 09:54:00+05:30,1956.0999755859375,1956.800048828125,1956.0,1956.800048828125,869
2025-04-16 09:55:00+05:30,1956.5999755859375,1956.9000244140625,1956.0,1956.5,1409
2025-04-16 09:56:00+05:30,1956.5,1957.0999755859375,1956.0,1957.0999755859375,970
2025-04-16 09:57:00+05:30,1958.0999755859375,1958.0999755859375,1956.5,1956.800048828125,4346
2025-04-16 09:58:00+05:30,1959.0,1959.0,1958.0,1958.0,1716
2025-04-16 09:59:00+05:30,1960.5,1960.5,1958.0999755859375,1959.0,8305
2025-04-16 10:00:00+05:30,1963.0,1963.0,1960.5,1960.5,6909
2025-04-16 10:01:00+05:30,1964.9000244140625,1964.9000244140625,1963.0,1963.5,3196
2025-04-16 10:02:00+05:30,1961.5999755859375,1964.5,1961.5999755859375,1964.4000244140625,5544
2025-04-16 10:03:00+05:30,1962.5999755859375,1962.5999755859375,1961.5999755859375,1962.0999755859375,905
2025-04-16 10:04:00+05:30,1962.5999755859375,1962.5999755859375,1961.699951171875,1961.699951171875,516
2025-04-16 10:05:00+05:30,1967.9000244140625,1968.800048828125,1962.699951171875,1963.0,7953
2025-04-16 10:06:00+05:30,1968.199951171875,1970.9000244140625,1967.4000244140625,1968.5,4849
2025-04-16 10:07:00+05:30,1969.0,1970.0,1968.0,1968.0,2550
2025-04-16 10:08:00+05:30,1968.800048828125,1969.9000244140625,1967.800048828125,1968.300048828125,3259
2025-04-16 10:09:00+05:30,1970.0,1970.9000244140625,1969.199951171875,1969.199951171875,1294
2025-04-16 10:10:00+05:30,1968.199951171875,1971.4000244140625,1968.199951171875,1970.5999755859375,2273
2025-04-16 10:11:00+05:30,1968.5,1969.0999755859375,1967.0999755859375,1968.4000244140625,2003
2025-04-16 10:12:00+05:30,1970.5999755859375,1970.5999755859375,1968.5,1968.5,2977
2025-04-16 10:13:00+05:30,1970.300048828125,1970.5999755859375,1969.4000244140625,1969.800048828125,477
2025-04-16 10:14:00+05:30,1970.5,1970.5,1970.0,1970.300048828125,1967
2025-04-16 10:15:00+05:30,1970.0999755859375,1970.5999755859375,1969.300048828125,1969.9000244140625,6612
2025-04-16 10:16:00+05:30,1968.5,1970.0,1968.5,1968.9000244140625,1228
2025-04-16 10:17:00+05:30,1967.699951171875,1969.0999755859375,1967.0999755859375,1968.800048828125,1087
2025-04-16 10:18:00+05:30,1967.5999755859375,1969.0,1967.5,1968.699951171875,676
2025-04-16 10:19:00+05:30,1967.0999755859375,1968.300048828125,1966.5,1967.5999755859375,1395
2025-04-16 10:20:00+05:30,1965.0,1967.0999755859375,1964.0999755859375,1967.0999755859375,3255
2025-04-16 10:21:00+05:30,1964.0999755859375,1965.5999755859375,1963.800048828125,1965.0,660
2025-04-16 10:22:00+05:30,1964.4000244140625,1964.5,1962.699951171875,1962.699951171875,1090
2025-04-16 10:23:00+05:30,1964.199951171875,1964.4000244140625,1963.5999755859375,1964.4000244140625,799
2025-04-16 10:24:00+05:30,1963.300048828125,1964.300048828125,1962.800048828125,1964.199951171875,1752
2025-04-16 10:25:00+05:30,1960.5,1962.5,1960.5,1962.5,12559
2025-04-16 10:26:00+05:30,1963.5,1963.5,1960.199951171875,1960.5,6133
2025-04-16 10:27:00+05:30,1961.4000244140625,1963.5,1961.4000244140625,1963.5,914
2025-04-16 10:28:00+05:30,1961.0,1962.0999755859375,1960.0999755859375,1962.0,3124
2025-04-16 10:29:00+05:30,1960.0,1962.0999755859375,1959.5999755859375,1960.5,1741
2025-04-16 10:30:00+05:30,1957.699951171875,1960.800048828125,1957.5999755859375,1960.5999755859375,3297
2025-04-16 10:31:00+05:30,1956.4000244140625,1958.5999755859375,1955.800048828125,1958.5999755859375,2398
2025-04-16 10:32:00+05:30,1960.5,1960.5,1955.800048828125,1955.800048828125,3128
2025-04-16 10:33:00+05:30,1959.800048828125,1960.800048828125,1958.699951171875,1960.800048828125,908
2025-04-16 10:34:00+05:30,1958.0999755859375,1959.9000244140625,1957.0,1959.9000244140625,588
2025-04-16 10:35:00+05:30,1958.5999755859375,1958.5999755859375,1956.0999755859375,1958.199951171875,2420
2025-04-16 10:36:00+05:30,1959.0999755859375,1959.0999755859375,1957.800048828125,1958.5,736
2025-04-16 10:37:00+05:30,1960.0999755859375,1960.800048828125,1958.5999755859375,1959.0999755859375,3629
2025-04-16 10:38:00+05:30,1958.5999755859375,1960.0999755859375,1957.5,1960.0999755859375,988
2025-04-16 10:39:00+05:30,1957.5,1959.800048828125,1957.199951171875,1958.9000244140625,756
2025-04-16 10:40:00+05:30,1958.4000244140625,1958.800048828125,1957.0,1958.699951171875,921
2025-04-16 10:41:00+05:30,1958.5,1958.5,1957.0,1958.4000244140625,520
2025-04-16 10:42:00+05:30,1958.5999755859375,1958.9000244140625,1958.0,1958.0,548
2025-04-16 10:43:00+05:30,1956.5,1958.4000244140625,1956.5,1958.0,1402
2025-04-16 10:44:00+05:30,1957.4000244140625,1958.5,1956.4000244140625,1956.9000244140625,289
2025-04-16 10:45:00+05:30,1958.0999755859375,1958.0999755859375,1956.4000244140625,1957.800048828125,1398
2025-04-16 10:46:00+05:30,1959.699951171875,1959.699951171875,1957.699951171875,1958.699951171875,241
2025-04-16 10:47:00+05:30,1959.9000244140625,1960.0,1958.699951171875,1959.5999755859375,973
2025-04-16 10:48:00+05:30,1958.5999755859375,1959.9000244140625,1957.800048828125,1959.9000244140625,1224
2025-04-16 10:49:00+05:30,1957.0999755859375,1958.5999755859375,1957.0999755859375,1958.5,354
2025-04-16 10:50:00+05:30,1956.699951171875,1957.800048828125,1956.699951171875,1957.4000244140625,502
2025-04-16 10:51:00+05:30,1958.4000244140625,1959.0,1957.199951171875,1957.5,1175
2025-04-16 10:52:00+05:30,1958.699951171875,1958.9000244140625,1957.0999755859375,1958.0,584
2025-04-16 10:53:00+05:30,1957.699951171875,1959.0,1957.5,1959.0,856
2025-04-16 10:54:00+05:30,1958.0999755859375,1958.300048828125,1957.199951171875,1958.199951171875,296
2025-04-16 10:55:00+05:30,1958.4000244140625,1958.4000244140625,1956.5,1958.0999755859375,2598
2025-04-16 10:56:00+05:30,1957.5,1959.4000244140625,1957.5,1958.9000244140625,654
2025-04-16 10:57:00+05:30,1957.5,1957.5,1957.0,1957.5,444
2025-04-16 10:58:00+05:30,1956.199951171875,1957.5,1956.0,1957.0,1751
2025-04-16 10:59:00+05:30,1956.699951171875,1956.9000244140625,1955.699951171875,1956.699951171875,813
2025-04-16 11:00:00+05:30,1955.9000244140625,1956.699951171875,1955.0999755859375,1956.5,1048
2025-04-16 11:01:00+05:30,1956.199951171875,1956.9000244140625,1955.0,1955.0,1824
2025-04-16 11:02:00+05:30,1953.0,1956.0,1953.0,1956.0,7739
2025-04-16 11:03:00+05:30,1953.699951171875,1953.800048828125,1953.0,1953.0,437
2025-04-16 11:04:00+05:30,1954.4000244140625,1954.5999755859375,1953.5,1953.5,766
2025-04-16 11:05:00+05:30,1952.5999755859375,1954.300048828125,1952.0999755859375,1954.300048828125,1836
2025-04-16 11:06:00+05:30,1951.0999755859375,1952.5,1950.0,1952.5,5366
2025-04-16 11:07:00+05:30,1951.300048828125,1952.4000244140625,1950.5999755859375,1951.300048828125,1300
2025-04-16 11:08:00+05:30,1951.9000244140625,1951.9000244140625,1950.9000244140625,1951.0999755859375,1036
2025-04-16 11:09:00+05:30,1952.9000244140625,1953.0,1952.4000244140625,1953.0,2829
2025-04-16 11:10:00+05:30,1953.0,1953.0,1951.5,1952.9000244140625,646
2025-04-16 11:11:00+05:30,1955.0999755859375,1955.0999755859375,1952.5,1953.0,3809
2025-04-16 11:12:00+05:30,1955.5,1956.0,1954.5,1955.5,1618
2025-04-16 11:13:00+05:30,1955.300048828125,1955.5,1954.4000244140625,1955.5,1317
2025-04-16 11:14:00+05:30,1955.0999755859375,1955.4000244140625,1955.0999755859375,1955.4000244140625,469
2025-04-16 11:15:00+05:30,1953.5999755859375,1955.199951171875,1952.800048828125,1955.199951171875,6448
2025-04-16 11:16:00+05:30,1954.5999755859375,1954.9000244140625,1953.300048828125,1954.5,1077
2025-04-16 11:17:00+05:30,1956.800048828125,1956.800048828125,1954.800048828125,1954.9000244140625,1696
2025-04-16 11:18:00+05:30,1956.5999755859375,1956.800048828125,1955.9000244140625,1956.800048828125,882
2025-04-16 11:19:00+05:30,1957.0,1957.0,1956.199951171875,1956.5999755859375,922
2025-04-16 11:20:00+05:30,1958.4000244140625,1958.4000244140625,1957.0,1957.0,2756
2025-04-16 11:21:00+05:30,1957.0,1958.4000244140625,1957.0,1958.4000244140625,2100
2025-04-16 11:22:00+05:30,1957.699951171875,1957.699951171875,1956.300048828125,1957.4000244140625,808
2025-04-16 11:23:00+05:30,1958.4000244140625,1958.4000244140625,1957.300048828125,1957.699951171875,380
2025-04-16 11:24:00+05:30,1957.5999755859375,1958.4000244140625,1957.0,1958.0,2188
2025-04-16 11:25:00+05:30,1957.0,1957.800048828125,1957.0,1957.5,345
2025-04-16 11:26:00+05:30,1957.9000244140625,1957.9000244140625,1957.0,1957.0,362
2025-04-16 11:27:00+05:30,1958.0,1959.300048828125,1957.300048828125,1957.300048828125,3536
2025-04-16 11:28:00+05:30,1957.9000244140625,1958.0,1957.5,1957.800048828125,470
2025-04-16 11:29:00+05:30,1955.0,1957.5,1955.0,1957.5,2288
2025-04-16 11:30:00+05:30,1956.699951171875,1956.9000244140625,1954.5,1954.5,3768
2025-04-16 11:31:00+05:30,1955.699951171875,1956.300048828125,1954.5999755859375,1955.9000244140625,3592
2025-04-16 11:32:00+05:30,1955.0999755859375,1955.9000244140625,1954.9000244140625,1955.0,121
2025-04-16 11:33:00+05:30,1955.5999755859375,1955.699951171875,1954.9000244140625,1955.699951171875,731
2025-04-16 11:34:00+05:30,1955.699951171875,1955.699951171875,1954.300048828125,1955.0,292
2025-04-16 11:35:00+05:30,1955.0,1955.5999755859375,1955.0,1955.5999755859375,209
2025-04-16 11:36:00+05:30,1955.0,1955.199951171875,1954.4000244140625,1955.0999755859375,477
2025-04-16 11:37:00+05:30,1958.5,1958.5999755859375,1957.0999755859375,1957.0999755859375,1531
2025-04-16 11:38:00+05:30,1956.5999755859375,1958.5999755859375,1956.5999755859375,1958.5,310
2025-04-16 11:39:00+05:30,1956.199951171875,1956.9000244140625,1956.0,1956.0999755859375,169
2025-04-16 11:40:00+05:30,1954.0,1955.0,1952.199951171875,1955.0,9560
2025-04-16 11:41:00+05:30,1950.9000244140625,1954.0,1950.300048828125,1954.0,23394
2025-04-16 11:42:00+05:30,1949.699951171875,1951.300048828125,1949.5999755859375,1950.300048828125,3505
2025-04-16 11:43:00+05:30,1953.0,1953.0,1949.9000244140625,1949.9000244140625,10092
2025-04-16 11:44:00+05:30,1954.0,1954.0,1952.0999755859375,1953.0,1221
2025-04-16 11:45:00+05:30,1956.0,1956.0999755859375,1954.0,1954.0,1028
2025-04-16 11:46:00+05:30,1953.199951171875,1956.4000244140625,1952.800048828125,1956.4000244140625,8933
2025-04-16 11:47:00+05:30,1952.699951171875,1953.9000244140625,1952.0,1953.9000244140625,15348
2025-04-16 11:48:00+05:30,1952.5999755859375,1953.5,1952.0,1952.699951171875,1875
2025-04-16 11:49:00+05:30,1955.4000244140625,1955.9000244140625,1952.9000244140625,1953.199951171875,970
2025-04-16 11:50:00+05:30,1956.0,1956.0999755859375,1955.4000244140625,1955.4000244140625,1033
2025-04-16 11:51:00+05:30,1954.800048828125,1956.199951171875,1954.800048828125,1956.0,1618
2025-04-16 11:52:00+05:30,1952.699951171875,1954.800048828125,1951.5999755859375,1954.800048828125,56212
2025-04-16 11:53:00+05:30,1954.300048828125,1954.300048828125,1952.0,1952.4000244140625,1424
2025-04-16 11:54:00+05:30,1952.800048828125,1954.300048828125,1952.0,1954.199951171875,3377
2025-04-16 11:55:00+05:30,1952.9000244140625,1954.5,1952.800048828125,1953.5999755859375,2862
2025-04-16 11:56:00+05:30,1952.5999755859375,1954.5,1952.5999755859375,1952.800048828125,2812
2025-04-16 11:57:00+05:30,1952.5999755859375,1953.300048828125,1952.5,1952.9000244140625,2029
2025-04-16 11:58:00+05:30,1952.699951171875,1953.9000244140625,1951.699951171875,1952.9000244140625,5717
2025-04-16 11:59:00+05:30,1950.800048828125,1952.699951171875,1950.800048828125,1952.699951171875,1452
2025-04-16 12:00:00+05:30,1951.9000244140625,1951.9000244140625,1950.800048828125,1951.199951171875,1631
2025-04-16 12:01:00+05:30,1953.800048828125,1954.0999755859375,1951.0,1951.800048828125,8250
2025-04-16 12:02:00+05:30,1954.4000244140625,1954.4000244140625,1953.199951171875,1953.800048828125,343
2025-04-16 12:03:00+05:30,1954.699951171875,1954.800048828125,1954.0,1954.4000244140625,1692
2025-04-16 12:04:00+05:30,1954.5999755859375,1954.800048828125,1953.5999755859375,1954.5999755859375,1421
2025-04-16 12:05:00+05:30,1954.699951171875,1954.699951171875,1954.0,1954.5999755859375,372
2025-04-16 12:06:00+05:30,1954.5999755859375,1954.9000244140625,1954.5999755859375,1954.699951171875,1642
2025-04-16 12:07:00+05:30,1954.9000244140625,1955.0,1954.699951171875,1954.800048828125,2255
2025-04-16 12:08:00+05:30,1955.0,1955.0,1954.699951171875,1954.9000244140625,3437
2025-04-16 12:09:00+05:30,1955.9000244140625,1956.0,1955.699951171875,1955.699951171875,364
2025-04-16 12:10:00+05:30,1955.4000244140625,1956.0,1955.4000244140625,1955.9000244140625,2200
2025-04-16 12:11:00+05:30,1955.800048828125,1956.0,1955.0999755859375,1956.0,477
2025-04-16 12:12:00+05:30,1957.5999755859375,1957.9000244140625,1955.300048828125,1955.800048828125,1682
2025-04-16 12:13:00+05:30,1956.0,1958.300048828125,1956.0,1957.5999755859375,2092
2025-04-16 12:14:00+05:30,1956.300048828125,1956.699951171875,1954.800048828125,1956.0,519
2025-04-16 12:15:00+05:30,1955.5999755859375,1956.4000244140625,1955.0999755859375,1956.300048828125,486
2025-04-16 12:16:00+05:30,1956.199951171875,1956.9000244140625,1956.199951171875,1956.300048828125,378
2025-04-16 12:17:00+05:30,1957.699951171875,1958.0999755859375,1956.4000244140625,1956.699951171875,1508
2025-04-16 12:18:00+05:30,1957.0999755859375,1958.4000244140625,1956.9000244140625,1957.699951171875,1284
2025-04-16 12:19:00+05:30,1958.300048828125,1958.800048828125,1957.0999755859375,1957.0999755859375,1360
2025-04-16 12:20:00+05:30,1957.9000244140625,1958.300048828125,1957.5,1958.300048828125,1045
2025-04-16 12:21:00+05:30,1958.300048828125,1958.300048828125,1957.800048828125,1957.9000244140625,1161
2025-04-16 12:22:00+05:30,1957.4000244140625,1958.4000244140625,1957.4000244140625,1957.800048828125,915
2025-04-16 12:23:00+05:30,1958.0999755859375,1958.0999755859375,1957.0999755859375,1958.0999755859375,903
2025-04-16 12:24:00+05:30,1958.0,1958.5,1957.4000244140625,1957.4000244140625,623
2025-04-16 12:25:00+05:30,1958.0,1958.0,1957.9000244140625,1958.0,228
2025-04-16 12:26:00+05:30,1958.0,1958.0,1957.5,1958.0,1764
2025-04-16 12:27:00+05:30,1957.199951171875,1958.0,1957.199951171875,1957.9000244140625,695
2025-04-16 12:28:00+05:30,1957.9000244140625,1958.5,1957.0999755859375,1957.0999755859375,1265
2025-04-16 12:29:00+05:30,1957.9000244140625,1958.0999755859375,1957.0,1957.9000244140625,560
2025-04-16 12:30:00+05:30,1957.0999755859375,1958.0,1957.0999755859375,1957.800048828125,458
2025-04-16 12:31:00+05:30,1957.9000244140625,1958.199951171875,1957.699951171875,1957.699951171875,467
2025-04-16 12:32:00+05:30,1957.300048828125,1957.9000244140625,1956.5,1957.9000244140625,889
2025-04-16 12:33:00+05:30,1957.5999755859375,1957.9000244140625,1956.5,1957.5,1288
2025-04-16 12:34:00+05:30,1958.0,1958.0,1957.300048828125,1957.5999755859375,464
2025-04-16 12:35:00+05:30,1957.699951171875,1958.0,1956.5999755859375,1958.0,391
2025-04-16 12:36:00+05:30,1957.0,1958.0,1956.5999755859375,1957.5999755859375,387
2025-04-16 12:37:00+05:30,1957.800048828125,1958.0,1956.5,1957.9000244140625,1117
2025-04-16 12:38:00+05:30,1960.5,1960.9000244140625,1957.699951171875,1957.800048828125,10545
2025-04-16 12:39:00+05:30,1960.699951171875,1960.800048828125,1959.699951171875,1960.5,772
2025-04-16 12:40:00+05:30,1959.699951171875,1961.0999755859375,1959.699951171875,1960.0999755859375,1891
2025-04-16 12:41:00+05:30,1960.0999755859375,1961.0999755859375,1959.699951171875,1960.699951171875,1059
2025-04-16 12:42:00+05:30,1960.9000244140625,1961.0,1959.699951171875,1960.0999755859375,1337
2025-04-16 12:43:00+05:30,1960.9000244140625,1961.0,1959.800048828125,1960.0,821
2025-04-16 12:44:00+05:30,1960.199951171875,1960.199951171875,1959.5,1960.199951171875,457
2025-04-16 12:45:00+05:30,1960.5999755859375,1960.5999755859375,1959.800048828125,1960.199951171875,822
2025-04-16 12:46:00+05:30,1959.800048828125,1960.699951171875,1959.800048828125,1960.699951171875,444
2025-04-16 12:47:00+05:30,1960.699951171875,1960.800048828125,1960.0,1960.0999755859375,472
2025-04-16 12:48:00+05:30,1960.699951171875,1961.0,1959.9000244140625,1960.699951171875,902
2025-04-16 12:49:00+05:30,1960.699951171875,1960.699951171875,1960.0999755859375,1960.5,1159
2025-04-16 12:50:00+05:30,1960.5999755859375,1960.699951171875,1960.5999755859375,1960.699951171875,2788
2025-04-16 12:51:00+05:30,1960.699951171875,1960.699951171875,1960.0,1960.5999755859375,1368
2025-04-16 12:52:00+05:30,1963.5,1963.5,1960.699951171875,1960.699951171875,4502
2025-04-16 12:53:00+05:30,1963.0,1963.5,1962.800048828125,1963.5,2917
2025-04-16 12:54:00+05:30,1963.5,1963.5,1963.0,1963.0,1233
2025-04-16 12:55:00+05:30,1961.699951171875,1963.5,1961.699951171875,1963.300048828125,1087
2025-04-16 12:56:00+05:30,1962.0,1962.699951171875,1961.0,1961.699951171875,807
2025-04-16 12:57:00+05:30,1961.9000244140625,1961.9000244140625,1960.5999755859375,1961.9000244140625,933
2025-04-16 12:58:00+05:30,1960.9000244140625,1962.0,1960.9000244140625,1961.800048828125,457
2025-04-16 12:59:00+05:30,1960.5,1961.699951171875,1960.199951171875,1960.9000244140625,575
2025-04-16 13:00:00+05:30,1961.5999755859375,1962.0,1960.5,1961.4000244140625,750
2025-04-16 13:01:00+05:30,1961.0999755859375,1962.0,1960.9000244140625,1961.0,301
2025-04-16 13:02:00+05:30,1961.800048828125,1962.0,1960.800048828125,1962.0,378
2025-04-16 13:03:00+05:30,1961.0,1961.9000244140625,1960.9000244140625,1960.9000244140625,709
2025-04-16 13:04:00+05:30,1962.5,1962.5,1961.0,1961.5999755859375,404
2025-04-16 13:05:00+05:30,1961.0,1962.800048828125,1960.5,1962.800048828125,1152
2025-04-16 13:06:00+05:30,1960.0,1961.0,1959.0,1961.0,705
2025-04-16 13:07:00+05:30,1959.800048828125,1960.0,1959.0999755859375,1959.9000244140625,427
2025-04-16 13:08:00+05:30,1959.5999755859375,1960.4000244140625,1958.4000244140625,1959.800048828125,1413
2025-04-16 13:09:00+05:30,1960.0,1960.699951171875,1959.4000244140625,1960.300048828125,644
2025-04-16 13:10:00+05:30,1960.699951171875,1960.800048828125,1959.4000244140625,1960.0,1654
2025-04-16 13:11:00+05:30,1960.699951171875,1961.0,1959.9000244140625,1960.699951171875,5780
2025-04-16 13:12:00+05:30,1960.9000244140625,1960.9000244140625,1959.9000244140625,1960.0,374
2025-04-16 13:13:00+05:30,1962.0,1962.0,1960.9000244140625,1960.9000244140625,2333
2025-04-16 13:14:00+05:30,1961.9000244140625,1962.0,1961.0,1962.0,1127
2025-04-16 13:15:00+05:30,1961.699951171875,1961.9000244140625,1960.9000244140625,1961.9000244140625,446
2025-04-16 13:16:00+05:30,1961.4000244140625,1961.699951171875,1960.5999755859375,1961.699951171875,726
2025-04-16 13:17:00+05:30,1961.0,1961.5999755859375,1960.5,1961.4000244140625,1180
2025-04-16 13:18:00+05:30,1960.199951171875,1961.300048828125,1960.0,1961.0,1227
2025-04-16 13:19:00+05:30,1959.699951171875,1960.9000244140625,1959.699951171875,1960.199951171875,551
2025-04-16 13:20:00+05:30,1957.0999755859375,1959.699951171875,1957.0999755859375,1959.699951171875,1478
2025-04-16 13:21:00+05:30,1958.5999755859375,1958.800048828125,1957.0,1957.0,618
2025-04-16 13:22:00+05:30,1957.4000244140625,1958.5,1957.300048828125,1958.5,1050
2025-04-16 13:23:00+05:30,1957.199951171875,1957.199951171875,1955.5,1956.4000244140625,2400
2025-04-16 13:24:00+05:30,1954.699951171875,1957.0,1953.300048828125,1956.4000244140625,8662
2025-04-16 13:25:00+05:30,1954.9000244140625,1955.5999755859375,1953.800048828125,1955.199951171875,1533
2025-04-16 13:26:00+05:30,1955.800048828125,1955.800048828125,1953.9000244140625,1955.5999755859375,1380
2025-04-16 13:27:00+05:30,1954.800048828125,1955.800048828125,1954.5,1955.699951171875,1539
2025-04-16 13:28:00+05:30,1954.199951171875,1955.300048828125,1953.5999755859375,1954.800048828125,782
2025-04-16 13:29:00+05:30,1954.699951171875,1954.800048828125,1953.300048828125,1954.699951171875,885
2025-04-16 13:30:00+05:30,1955.4000244140625,1955.4000244140625,1953.5999755859375,1954.699951171875,2344
2025-04-16 13:31:00+05:30,1954.5,1955.300048828125,1954.0999755859375,1955.300048828125,885
2025-04-16 13:32:00+05:30,1953.699951171875,1954.5999755859375,1953.5,1954.5,2420
2025-04-16 13:33:00+05:30,1954.800048828125,1954.800048828125,1953.5,1953.699951171875,1327
2025-04-16 13:34:00+05:30,1954.4000244140625,1954.800048828125,1953.5999755859375,1954.300048828125,685
2025-04-16 13:35:00+05:30,1952.699951171875,1954.300048828125,1952.699951171875,1953.9000244140625,2442
2025-04-16 13:36:00+05:30,1953.199951171875,1953.199951171875,1952.0,1953.0999755859375,2258
2025-04-16 13:37:00+05:30,1954.699951171875,1954.800048828125,1953.199951171875,1953.199951171875,3062
2025-04-16 13:38:00+05:30,1954.300048828125,1954.699951171875,1953.0999755859375,1954.5999755859375,604
2025-04-16 13:39:00+05:30,1954.5999755859375,1954.699951171875,1953.699951171875,1953.699951171875,663
2025-04-16 13:40:00+05:30,1954.300048828125,1955.0,1954.0999755859375,1954.5999755859375,617
2025-04-16 13:41:00+05:30,1956.300048828125,1956.5999755859375,1954.0999755859375,1954.199951171875,1627
2025-04-16 13:42:00+05:30,1955.300048828125,1956.5999755859375,1955.300048828125,1956.0999755859375,2423
2025-04-16 13:43:00+05:30,1955.0999755859375,1956.0,1955.0,1955.300048828125,1976
2025-04-16 13:44:00+05:30,1956.0,1956.0,1955.0999755859375,1955.5,511
2025-04-16 13:45:00+05:30,1955.199951171875,1956.0,1955.199951171875,1956.0,583
2025-04-16 13:46:00+05:30,1955.9000244140625,1956.0,1955.5999755859375,1955.5999755859375,563
2025-04-16 13:47:00+05:30,1955.9000244140625,1956.0,1955.4000244140625,1955.9000244140625,419
2025-04-16 13:48:00+05:30,1955.5999755859375,1956.0,1955.199951171875,1955.4000244140625,482
2025-04-16 13:49:00+05:30,1955.4000244140625,1955.5,1954.800048828125,1955.5,1011
2025-04-16 13:50:00+05:30,1955.800048828125,1956.0999755859375,1955.300048828125,1955.9000244140625,644
2025-04-16 13:51:00+05:30,1955.800048828125,1955.800048828125,1955.0,1955.800048828125,979
2025-04-16 13:52:00+05:30,1957.0,1957.0,1955.800048828125,1955.800048828125,532
2025-04-16 13:53:00+05:30,1956.199951171875,1957.800048828125,1955.800048828125,1957.0,632
2025-04-16 13:54:00+05:30,1957.800048828125,1958.0,1956.199951171875,1956.300048828125,1832
2025-04-16 13:55:00+05:30,1959.0999755859375,1959.0999755859375,1956.699951171875,1957.800048828125,1119
2025-04-16 13:56:00+05:30,1958.4000244140625,1960.0,1958.4000244140625,1959.0999755859375,1094
2025-04-16 13:57:00+05:30,1964.4000244140625,1964.4000244140625,1958.0,1958.699951171875,16229
2025-04-16 13:58:00+05:30,1964.699951171875,1966.5999755859375,1963.800048828125,1964.9000244140625,14824
2025-04-16 13:59:00+05:30,1965.9000244140625,1968.9000244140625,1964.9000244140625,1965.0999755859375,15491
2025-04-16 14:00:00+05:30,1969.5,1969.5,1966.5999755859375,1966.5999755859375,16312
2025-04-16 14:01:00+05:30,1973.300048828125,1973.699951171875,1970.0,1970.0,16897
2025-04-16 14:02:00+05:30,1972.199951171875,1973.9000244140625,1971.0,1973.0,7854
2025-04-16 14:03:00+05:30,1971.4000244140625,1973.5,1970.800048828125,1972.199951171875,9804
2025-04-16 14:04:00+05:30,1970.199951171875,1971.699951171875,1970.0999755859375,1970.4000244140625,1314
2025-04-16 14:05:00+05:30,1969.5,1971.0,1969.0999755859375,1970.0999755859375,2085
2025-04-16 14:06:00+05:30,1968.5999755859375,1969.5,1968.199951171875,1969.5,2278
2025-04-16 14:07:00+05:30,1967.699951171875,1969.0,1967.699951171875,1968.699951171875,1505
2025-04-16 14:08:00+05:30,1969.0999755859375,1969.0999755859375,1967.0999755859375,1967.5999755859375,1137
2025-04-16 14:09:00+05:30,1968.9000244140625,1969.5,1967.5999755859375,1969.0999755859375,1141
2025-04-16 14:10:00+05:30,1969.199951171875,1969.199951171875,1968.0999755859375,1969.0,1649
2025-04-16 14:11:00+05:30,1971.0,1971.5,1968.800048828125,1969.5,8593
2025-04-16 14:12:00+05:30,1969.9000244140625,1971.699951171875,1969.0,1971.699951171875,3380
2025-04-16 14:13:00+05:30,1970.0,1970.4000244140625,1969.0999755859375,1969.300048828125,2860
2025-04-16 14:14:00+05:30,1970.199951171875,1970.4000244140625,1969.0999755859375,1970.0,1129
2025-04-16 14:15:00+05:30,1969.300048828125,1971.0,1969.0999755859375,1971.0,1205
2025-04-16 14:16:00+05:30,1969.800048828125,1970.4000244140625,1968.5,1969.300048828125,1097
2025-04-16 14:17:00+05:30,1969.699951171875,1969.699951171875,1968.800048828125,1969.699951171875,508
2025-04-16 14:18:00+05:30,1969.0999755859375,1970.0999755859375,1968.9000244140625,1970.0999755859375,1768
2025-04-16 14:19:00+05:30,1968.5999755859375,1970.4000244140625,1968.5999755859375,1969.5,1185
2025-04-16 14:20:00+05:30,1969.0,1969.5,1968.199951171875,1969.300048828125,742
2025-04-16 14:21:00+05:30,1969.199951171875,1969.699951171875,1968.199951171875,1969.4000244140625,1409
2025-04-16 14:22:00+05:30,1967.199951171875,1969.199951171875,1967.0999755859375,1968.4000244140625,1634
2025-04-16 14:23:00+05:30,1967.9000244140625,1968.199951171875,1967.0,1967.199951171875,1976
2025-04-16 14:24:00+05:30,1967.5,1967.800048828125,1966.300048828125,1967.800048828125,2538
2025-04-16 14:25:00+05:30,1966.5,1967.699951171875,1966.0999755859375,1967.5,1385
2025-04-16 14:26:00+05:30,1967.199951171875,1967.300048828125,1966.0,1966.5,743
2025-04-16 14:27:00+05:30,1966.0999755859375,1967.4000244140625,1966.0999755859375,1967.0999755859375,1455
2025-04-16 14:28:00+05:30,1966.0,1967.0999755859375,1965.0999755859375,1966.4000244140625,1825
2025-04-16 14:29:00+05:30,1966.0999755859375,1966.4000244140625,1965.0999755859375,1965.800048828125,675
2025-04-16 14:30:00+05:30,1966.699951171875,1968.5999755859375,1966.0999755859375,1966.0999755859375,3333
2025-04-16 14:31:00+05:30,1967.5999755859375,1968.199951171875,1966.300048828125,1967.0,1964
2025-04-16 14:32:00+05:30,1967.699951171875,1968.9000244140625,1966.5999755859375,1967.5999755859375,6537
2025-04-16 14:33:00+05:30,1968.4000244140625,1968.4000244140625,1967.0999755859375,1967.699951171875,1008
2025-04-16 14:34:00+05:30,1967.0,1968.5,1966.4000244140625,1968.5,1619
2025-04-16 14:35:00+05:30,1966.0999755859375,1967.5,1966.0999755859375,1967.0,3647
2025-04-16 14:36:00+05:30,1966.9000244140625,1967.0,1965.699951171875,1966.800048828125,952
2025-04-16 14:37:00+05:30,1967.0,1967.800048828125,1966.0999755859375,1966.800048828125,932
2025-04-16 14:38:00+05:30,1967.4000244140625,1967.699951171875,1966.300048828125,1967.0,1019
2025-04-16 14:39:00+05:30,1966.800048828125,1967.699951171875,1966.300048828125,1967.4000244140625,867
2025-04-16 14:40:00+05:30,1967.199951171875,1967.5,1966.4000244140625,1967.0999755859375,918
2025-04-16 14:41:00+05:30,1967.800048828125,1967.800048828125,1966.800048828125,1967.199951171875,882
2025-04-16 14:42:00+05:30,1966.9000244140625,1968.4000244140625,1966.9000244140625,1967.800048828125,1142
2025-04-16 14:43:00+05:30,1967.5,1968.0,1966.9000244140625,1966.9000244140625,837
2025-04-16 14:44:00+05:30,1969.0,1969.0,1967.0999755859375,1967.5,1049
2025-04-16 14:45:00+05:30,1966.300048828125,1969.0,1966.300048828125,1969.0,1249
2025-04-16 14:46:00+05:30,1967.699951171875,1968.300048828125,1966.300048828125,1966.4000244140625,1617
2025-04-16 14:47:00+05:30,1968.199951171875,1969.0999755859375,1966.9000244140625,1968.0,2377
2025-04-16 14:48:00+05:30,1968.9000244140625,1969.0,1967.699951171875,1968.199951171875,1275
2025-04-16 14:49:00+05:30,1968.699951171875,1968.9000244140625,1968.199951171875,1968.199951171875,1752
2025-04-16 14:50:00+05:30,1968.5999755859375,1969.0999755859375,1967.199951171875,1967.800048828125,2001
2025-04-16 14:51:00+05:30,1969.4000244140625,1969.699951171875,1968.4000244140625,1968.5999755859375,2603
2025-04-16 14:52:00+05:30,1969.5999755859375,1970.300048828125,1968.699951171875,1969.5999755859375,5635
2025-04-16 14:53:00+05:30,1971.0,1971.0,1969.0999755859375,1969.5999755859375,1993
2025-04-16 14:54:00+05:30,1970.5,1971.0,1969.4000244140625,1971.0,3500
2025-04-16 14:55:00+05:30,1968.5,1970.5,1968.0,1970.5,3581
2025-04-16 14:56:00+05:30,1969.5,1969.800048828125,1967.5999755859375,1968.699951171875,2044
2025-04-16 14:57:00+05:30,1968.199951171875,1969.5999755859375,1968.0,1969.5,1768
2025-04-16 14:58:00+05:30,1967.300048828125,1968.9000244140625,1966.699951171875,1968.9000244140625,1757
2025-04-16 14:59:00+05:30,1968.0,1968.0,1967.0,1967.9000244140625,993
2025-04-16 15:00:00+05:30,1968.5999755859375,1969.199951171875,1967.300048828125,1968.0999755859375,2426
2025-04-16 15:01:00+05:30,1968.800048828125,1969.199951171875,1968.0999755859375,1969.0,6089
2025-04-16 15:02:00+05:30,1969.800048828125,1969.800048828125,1968.800048828125,1969.199951171875,2132
2025-04-16 15:03:00+05:30,1969.5,1969.800048828125,1968.5,1969.800048828125,3537
2025-04-16 15:04:00+05:30,1970.0,1970.5,1968.300048828125,1969.0,5733
2025-04-16 15:05:00+05:30,1968.9000244140625,1970.4000244140625,1968.699951171875,1970.0,2707
2025-04-16 15:06:00+05:30,1968.0999755859375,1969.0999755859375,1968.0999755859375,1968.9000244140625,2067
2025-04-16 15:07:00+05:30,1968.300048828125,1968.4000244140625,1967.9000244140625,1968.4000244140625,1893
2025-04-16 15:08:00+05:30,1968.300048828125,1968.300048828125,1967.4000244140625,1967.4000244140625,5189
2025-04-16 15:09:00+05:30,1968.5999755859375,1968.9000244140625,1968.0,1968.199951171875,5433
2025-04-16 15:10:00+05:30,1967.4000244140625,1968.9000244140625,1966.800048828125,1968.9000244140625,4631
2025-04-16 15:11:00+05:30,1968.0,1968.4000244140625,1967.0,1967.4000244140625,3725
2025-04-16 15:12:00+05:30,1968.0999755859375,1968.4000244140625,1967.699951171875,1968.0,1332
2025-04-16 15:13:00+05:30,1968.9000244140625,1969.5,1968.4000244140625,1968.4000244140625,4542
2025-04-16 15:14:00+05:30,1968.9000244140625,1968.9000244140625,1968.5,1968.9000244140625,3466
2025-04-16 15:15:00+05:30,1968.300048828125,1968.5,1967.699951171875,1968.5,6712
2025-04-16 15:16:00+05:30,1968.4000244140625,1969.199951171875,1968.199951171875,1968.300048828125,4316
2025-04-16 15:17:00+05:30,1968.0999755859375,1968.5999755859375,1968.0999755859375,1968.300048828125,2783
2025-04-16 15:18:00+05:30,1968.699951171875,1968.699951171875,1968.0,1968.0,3970
2025-04-16 15:19:00+05:30,1968.9000244140625,1969.0,1968.5999755859375,1968.699951171875,3301
2025-04-16 15:20:00+05:30,1969.4000244140625,1969.5,1968.9000244140625,1968.9000244140625,7975
2025-04-16 15:21:00+05:30,1969.4000244140625,1969.4000244140625,1969.4000244140625,1969.4000244140625,2672
2025-04-16 15:22:00+05:30,1968.9000244140625,1969.4000244140625,1968.800048828125,1969.300048828125,3053
2025-04-16 15:23:00+05:30,1968.0,1968.9000244140625,1968.0,1968.9000244140625,6471
2025-04-16 15:24:00+05:30,1969.4000244140625,1969.4000244140625,1967.800048828125,1968.0,6221
2025-04-16 15:25:00+05:30,1969.300048828125,1969.800048828125,1969.0,1969.199951171875,7174
2025-04-16 15:26:00+05:30,1969.5,1969.699951171875,1968.9000244140625,1969.300048828125,11006
2025-04-16 15:27:00+05:30,1971.9000244140625,1972.4000244140625,1969.5999755859375,1969.5999755859375,10720
2025-04-16 15:28:00+05:30,1974.199951171875,1975.699951171875,1970.5999755859375,1972.0999755859375,13004
2025-04-16 15:29:00+05:30,1969.199951171875,1975.699951171875,1968.5,1972.0,2245
2025-04-17 09:15:00+05:30,1967.699951171875,1969.5999755859375,1963.9000244140625,1963.9000244140625,0
2025-04-17 09:16:00+05:30,1966.9000244140625,1968.199951171875,1964.0,1968.199951171875,13055
2025-04-17 09:17:00+05:30,1967.800048828125,1969.9000244140625,1966.9000244140625,1966.9000244140625,6553
2025-04-17 09:18:00+05:30,1963.300048828125,1968.0999755859375,1963.300048828125,1968.0999755859375,7809
2025-04-17 09:19:00+05:30,1962.300048828125,1963.5,1961.4000244140625,1962.199951171875,7111
2025-04-17 09:20:00+05:30,1960.5,1962.4000244140625,1960.0,1962.300048828125,7008
2025-04-17 09:21:00+05:30,1961.699951171875,1964.4000244140625,1960.0999755859375,1960.0999755859375,4642
2025-04-17 09:22:00+05:30,1961.0,1962.199951171875,1960.699951171875,1961.5999755859375,5192
2025-04-17 09:23:00+05:30,1958.0999755859375,1961.0999755859375,1957.4000244140625,1961.0999755859375,10023
2025-04-17 09:24:00+05:30,1957.199951171875,1959.0,1956.4000244140625,1957.9000244140625,2370
2025-04-17 09:25:00+05:30,1958.0999755859375,1959.5,1956.300048828125,1957.300048828125,4426
2025-04-17 09:26:00+05:30,1957.5,1959.9000244140625,1957.0,1958.4000244140625,4384
2025-04-17 09:27:00+05:30,1956.9000244140625,1958.199951171875,1956.800048828125,1957.300048828125,2951
2025-04-17 09:28:00+05:30,1956.4000244140625,1957.9000244140625,1955.199951171875,1956.9000244140625,4486
2025-04-17 09:29:00+05:30,1958.699951171875,1958.699951171875,1955.0,1955.4000244140625,3393
2025-04-17 09:30:00+05:30,1958.4000244140625,1960.699951171875,1957.800048828125,1958.5999755859375,6091
2025-04-17 09:31:00+05:30,1961.4000244140625,1962.300048828125,1957.300048828125,1957.5,3944
2025-04-17 09:32:00+05:30,1961.5999755859375,1963.5999755859375,1960.699951171875,1961.9000244140625,2888
2025-04-17 09:33:00+05:30,1961.199951171875,1962.9000244140625,1960.300048828125,1962.0,4381
2025-04-17 09:34:00+05:30,1964.5,1964.5,1960.5999755859375,1961.5,5979
2025-04-17 09:35:00+05:30,1964.199951171875,1966.0999755859375,1962.699951171875,1964.699951171875,2702
2025-04-17 09:36:00+05:30,1963.300048828125,1965.300048828125,1961.5,1963.699951171875,3677
2025-04-17 09:37:00+05:30,1965.5,1965.5999755859375,1962.300048828125,1963.300048828125,2964
2025-04-17 09:38:00+05:30,1965.300048828125,1967.5999755859375,1965.0999755859375,1965.699951171875,1984
2025-04-17 09:39:00+05:30,1964.4000244140625,1965.800048828125,1963.9000244140625,1965.199951171875,1684
2025-04-17 09:40:00+05:30,1965.199951171875,1965.800048828125,1963.199951171875,1963.9000244140625,980
2025-04-17 09:41:00+05:30,1966.9000244140625,1968.0,1965.800048828125,1966.300048828125,2197
2025-04-17 09:42:00+05:30,1970.300048828125,1970.9000244140625,1966.199951171875,1966.800048828125,4699
2025-04-17 09:43:00+05:30,1976.199951171875,1976.5999755859375,1970.0999755859375,1970.4000244140625,12818
2025-04-17 09:44:00+05:30,1976.5999755859375,1976.5999755859375,1973.4000244140625,1976.0,6995
2025-04-17 09:45:00+05:30,1984.9000244140625,1984.9000244140625,1976.800048828125,1977.0,21413
2025-04-17 09:46:00+05:30,1983.9000244140625,1986.0,1982.0,1985.0,20738
2025-04-17 09:47:00+05:30,1980.4000244140625,1983.800048828125,1980.0999755859375,1983.800048828125,6546
2025-04-17 09:48:00+05:30,1979.4000244140625,1981.5999755859375,1979.300048828125,1980.300048828125,8749
2025-04-17 09:49:00+05:30,1982.0,1982.0,1978.699951171875,1979.300048828125,4186
2025-04-17 09:50:00+05:30,1983.800048828125,1985.0,1981.699951171875,1981.9000244140625,6407
2025-04-17 09:51:00+05:30,1981.800048828125,1984.4000244140625,1981.0,1984.4000244140625,4802
2025-04-17 09:52:00+05:30,1984.300048828125,1984.300048828125,1980.699951171875,1981.5999755859375,3908
2025-04-17 09:53:00+05:30,1984.0,1984.5,1983.0,1984.5,2911
2025-04-17 09:54:00+05:30,1982.0,1984.5999755859375,1982.0,1984.5999755859375,3497
2025-04-17 09:55:00+05:30,1979.0999755859375,1982.300048828125,1978.0,1982.300048828125,5905
2025-04-17 09:56:00+05:30,1980.800048828125,1981.0,1978.800048828125,1980.0,1317
2025-04-17 09:57:00+05:30,1980.300048828125,1982.199951171875,1980.0,1980.9000244140625,7906
2025-04-17 09:58:00+05:30,1978.800048828125,1980.5999755859375,1978.800048828125,1980.5999755859375,2183
2025-04-17 09:59:00+05:30,1979.199951171875,1979.300048828125,1978.4000244140625,1979.300048828125,1018
2025-04-17 10:00:00+05:30,1979.5,1980.0,1978.4000244140625,1979.300048828125,3316
2025-04-17 10:01:00+05:30,1978.4000244140625,1980.0,1977.5,1979.699951171875,3873
2025-04-17 10:02:00+05:30,1977.800048828125,1978.4000244140625,1976.0,1978.4000244140625,10240
2025-04-17 10:03:00+05:30,1975.9000244140625,1978.699951171875,1975.5,1978.0,5938
2025-04-17 10:04:00+05:30,1976.699951171875,1977.0999755859375,1974.0,1976.5,13685
2025-04-17 10:05:00+05:30,1979.0,1979.0,1976.4000244140625,1976.699951171875,1717
2025-04-17 10:06:00+05:30,1977.800048828125,1978.5999755859375,1976.199951171875,1978.5999755859375,686
2025-04-17 10:07:00+05:30,1977.199951171875,1978.4000244140625,1976.0999755859375,1977.300048828125,1641
2025-04-17 10:08:00+05:30,1975.0999755859375,1977.4000244140625,1975.0,1977.199951171875,1799
2025-04-17 10:09:00+05:30,1973.199951171875,1975.5999755859375,1971.9000244140625,1975.0999755859375,4318
2025-04-17 10:10:00+05:30,1972.5,1972.5999755859375,1970.0999755859375,1972.4000244140625,5720
2025-04-17 10:11:00+05:30,1972.300048828125,1972.800048828125,1970.4000244140625,1972.0999755859375,1421
2025-04-17 10:12:00+05:30,1972.0999755859375,1973.9000244140625,1971.5999755859375,1971.9000244140625,1089
2025-04-17 10:13:00+05:30,1973.0,1974.5999755859375,1972.4000244140625,1972.4000244140625,2310
2025-04-17 10:14:00+05:30,1974.0,1974.199951171875,1972.199951171875,1972.800048828125,1978
2025-04-17 10:15:00+05:30,1973.300048828125,1974.199951171875,1972.0,1974.199951171875,1781
2025-04-17 10:16:00+05:30,1973.699951171875,1974.300048828125,1972.5,1973.5999755859375,1766
2025-04-17 10:17:00+05:30,1975.0,1976.5999755859375,1972.9000244140625,1974.0,2204
2025-04-17 10:18:00+05:30,1974.9000244140625,1976.300048828125,1974.0,1975.5999755859375,936
2025-04-17 10:19:00+05:30,1973.300048828125,1974.800048828125,1973.300048828125,1974.0,1172
2025-04-17 10:20:00+05:30,1973.300048828125,1974.699951171875,1972.0,1973.0,2770
2025-04-17 10:21:00+05:30,1971.0999755859375,1973.699951171875,1971.0,1972.800048828125,1856
2025-04-17 10:22:00+05:30,1973.300048828125,1973.699951171875,1971.0,1971.0999755859375,1415
2025-04-17 10:23:00+05:30,1974.300048828125,1974.5,1973.0,1973.5999755859375,1122
2025-04-17 10:24:00+05:30,1977.199951171875,1977.4000244140625,1973.5,1974.5,2018
2025-04-17 10:25:00+05:30,1978.199951171875,1979.0,1977.300048828125,1977.300048828125,2190
2025-04-17 10:26:00+05:30,1978.5,1978.5,1977.5999755859375,1978.300048828125,2588
2025-04-17 10:27:00+05:30,1976.5999755859375,1978.5,1975.699951171875,1978.5,4359
2025-04-17 10:28:00+05:30,1977.5,1977.800048828125,1976.5,1976.5999755859375,793
2025-04-17 10:29:00+05:30,1976.9000244140625,1977.5,1976.0,1977.5,916
2025-04-17 10:30:00+05:30,1976.0,1977.9000244140625,1976.0,1976.5,888
2025-04-17 10:31:00+05:30,1977.5999755859375,1978.0,1976.199951171875,1976.4000244140625,2397
2025-04-17 10:32:00+05:30,1977.800048828125,1978.0,1976.5999755859375,1977.9000244140625,986
2025-04-17 10:33:00+05:30,1978.5,1978.5,1977.800048828125,1978.0,711
2025-04-17 10:34:00+05:30,1979.699951171875,1979.800048828125,1977.5999755859375,1977.800048828125,3265
2025-04-17 10:35:00+05:30,1978.300048828125,1979.800048828125,1977.199951171875,1978.5999755859375,627
2025-04-17 10:36:00+05:30,1978.5,1978.9000244140625,1977.5,1978.0999755859375,1283
2025-04-17 10:37:00+05:30,1980.9000244140625,1980.9000244140625,1977.4000244140625,1978.5,2866
2025-04-17 10:38:00+05:30,1980.4000244140625,1980.9000244140625,1979.699951171875,1980.9000244140625,1192
2025-04-17 10:39:00+05:30,1979.5,1980.5,1979.4000244140625,1980.4000244140625,262
2025-04-17 10:40:00+05:30,1981.800048828125,1982.0,1979.300048828125,1979.9000244140625,1513
2025-04-17 10:41:00+05:30,1982.199951171875,1982.800048828125,1981.199951171875,1981.5999755859375,1810
2025-04-17 10:42:00+05:30,1981.4000244140625,1982.800048828125,1981.300048828125,1982.5,904
2025-04-17 10:43:00+05:30,1980.699951171875,1982.5,1980.699951171875,1981.4000244140625,1818
2025-04-17 10:44:00+05:30,1979.4000244140625,1981.199951171875,1978.699951171875,1980.699951171875,1127
2025-04-17 10:45:00+05:30,1980.199951171875,1980.4000244140625,1978.0,1978.5999755859375,2763
2025-04-17 10:46:00+05:30,1980.199951171875,1982.699951171875,1979.9000244140625,1979.9000244140625,2067
2025-04-17 10:47:00+05:30,1981.4000244140625,1981.5999755859375,1980.300048828125,1981.0,362
2025-04-17 10:48:00+05:30,1981.199951171875,1981.4000244140625,1980.5999755859375,1981.4000244140625,280
2025-04-17 10:49:00+05:30,1981.4000244140625,1981.4000244140625,1980.800048828125,1981.300048828125,60
2025-04-17 10:50:00+05:30,1981.199951171875,1981.4000244140625,1981.0,1981.300048828125,3791
2025-04-17 10:51:00+05:30,1980.5,1981.5,1980.5,1981.5,485
2025-04-17 10:52:00+05:30,1980.5,1981.300048828125,1980.0999755859375,1981.300048828125,784
2025-04-17 10:53:00+05:30,1979.4000244140625,1980.4000244140625,1977.9000244140625,1979.9000244140625,2955
2025-04-17 10:54:00+05:30,1977.0999755859375,1979.199951171875,1977.0999755859375,1978.699951171875,1245
2025-04-17 10:55:00+05:30,1978.0999755859375,1978.4000244140625,1977.199951171875,1978.199951171875,347
2025-04-17 10:56:00+05:30,1979.0999755859375,1979.0999755859375,1977.0,1977.5,362
2025-04-17 10:57:00+05:30,1978.300048828125,1978.9000244140625,1977.300048828125,1978.800048828125,1091
2025-04-17 10:58:00+05:30,1977.0,1978.5999755859375,1976.800048828125,1978.5999755859375,794
2025-04-17 10:59:00+05:30,1975.699951171875,1977.0,1975.199951171875,1976.800048828125,1237
2025-04-17 11:00:00+05:30,1976.9000244140625,1977.0,1975.199951171875,1975.699951171875,1438
2025-04-17 11:01:00+05:30,1972.0,1976.800048828125,1972.0,1976.699951171875,9050
2025-04-17 11:02:00+05:30,1970.0999755859375,1972.300048828125,1970.0999755859375,1972.0,5486
2025-04-17 11:03:00+05:30,1968.4000244140625,1970.9000244140625,1966.5,1970.800048828125,6983
2025-04-17 11:04:00+05:30,1967.199951171875,1969.199951171875,1967.0,1968.4000244140625,2163
2025-04-17 11:05:00+05:30,1967.5,1968.0999755859375,1967.0,1968.0999755859375,1173
2025-04-17 11:06:00+05:30,1968.4000244140625,1968.800048828125,1967.0999755859375,1968.300048828125,1251
2025-04-17 11:07:00+05:30,1969.699951171875,1971.0,1967.5999755859375,1968.4000244140625,785
2025-04-17 11:08:00+05:30,1972.800048828125,1972.9000244140625,1970.199951171875,1970.5999755859375,1679
2025-04-17 11:09:00+05:30,1974.5,1975.0,1972.800048828125,1972.800048828125,328
2025-04-17 11:10:00+05:30,1976.800048828125,1978.0999755859375,1974.4000244140625,1974.5,5126
2025-04-17 11:11:00+05:30,1976.4000244140625,1977.800048828125,1975.4000244140625,1977.5999755859375,573
2025-04-17 11:12:00+05:30,1974.4000244140625,1976.5,1974.4000244140625,1976.4000244140625,1478
2025-04-17 11:13:00+05:30,1975.5,1976.5,1974.5,1975.5,828
2025-04-17 11:14:00+05:30,1977.0,1977.0,1974.5999755859375,1975.5,260
2025-04-17 11:15:00+05:30,1977.800048828125,1978.0,1975.800048828125,1976.800048828125,3248
2025-04-17 11:16:00+05:30,1979.800048828125,1980.0,1977.9000244140625,1977.9000244140625,2783
2025-04-17 11:17:00+05:30,1980.0,1980.0,1978.4000244140625,1979.800048828125,2649
2025-04-17 11:18:00+05:30,1979.4000244140625,1980.0,1978.0,1979.9000244140625,2208
2025-04-17 11:19:00+05:30,1979.4000244140625,1981.0,1979.0999755859375,1979.5999755859375,5137
2025-04-17 11:20:00+05:30,1979.0999755859375,1981.0,1979.0,1979.5,1814
2025-04-17 11:21:00+05:30,1980.800048828125,1981.0,1979.4000244140625,1980.0999755859375,339
2025-04-17 11:22:00+05:30,1980.699951171875,1980.800048828125,1979.300048828125,1980.699951171875,476
2025-04-17 11:23:00+05:30,1980.300048828125,1980.699951171875,1979.300048828125,1980.699951171875,672
2025-04-17 11:24:00+05:30,1980.0999755859375,1980.199951171875,1979.199951171875,1980.199951171875,531
2025-04-17 11:25:00+05:30,1980.0999755859375,1980.0999755859375,1979.199951171875,1979.9000244140625,2821
2025-04-17 11:26:00+05:30,1980.9000244140625,1981.0,1979.199951171875,1979.199951171875,1672
2025-04-17 11:27:00+05:30,1981.199951171875,1981.199951171875,1980.5999755859375,1980.9000244140625,4688
2025-04-17 11:28:00+05:30,1982.0,1982.0,1980.800048828125,1981.199951171875,6929
2025-04-17 11:29:00+05:30,1982.5,1982.9000244140625,1980.199951171875,1982.0,2908
2025-04-17 11:30:00+05:30,1982.4000244140625,1982.5,1981.0999755859375,1982.5,2128
2025-04-17 11:31:00+05:30,1985.0,1985.0,1982.0999755859375,1982.4000244140625,14151
2025-04-17 11:32:00+05:30,1980.800048828125,1985.0,1979.0999755859375,1985.0,21601
2025-04-17 11:33:00+05:30,1979.9000244140625,1982.0,1979.699951171875,1980.699951171875,9042
2025-04-17 11:34:00+05:30,1979.699951171875,1980.0,1979.0,1980.0,2754
2025-04-17 11:35:00+05:30,1978.300048828125,1980.0,1978.0,1979.699951171875,12598
2025-04-17 11:36:00+05:30,1981.0,1981.0,1977.0,1978.0,7766
2025-04-17 11:37:00+05:30,1982.699951171875,1983.300048828125,1980.9000244140625,1981.5,2088
2025-04-17 11:38:00+05:30,1983.4000244140625,1983.4000244140625,1981.9000244140625,1982.5999755859375,785
2025-04-17 11:39:00+05:30,1981.9000244140625,1983.4000244140625,1979.800048828125,1983.4000244140625,26063
2025-04-17 11:40:00+05:30,1981.5999755859375,1982.0999755859375,1980.5,1981.9000244140625,1150
2025-04-17 11:41:00+05:30,1983.199951171875,1983.199951171875,1980.699951171875,1981.800048828125,1696
2025-04-17 11:42:00+05:30,1982.9000244140625,1984.0,1982.699951171875,1983.199951171875,2395
2025-04-17 11:43:00+05:30,1984.4000244140625,1985.0,1982.699951171875,1983.0,7224
2025-04-17 11:44:00+05:30,1984.9000244140625,1985.0999755859375,1982.5999755859375,1983.5,5963
2025-04-17 11:45:00+05:30,1984.9000244140625,1985.199951171875,1983.5999755859375,1985.0,1925
2025-04-17 11:46:00+05:30,1983.800048828125,1984.9000244140625,1982.5999755859375,1984.699951171875,1282
2025-04-17 11:47:00+05:30,1982.199951171875,1984.5,1982.199951171875,1983.9000244140625,1652
2025-04-17 11:48:00+05:30,1982.9000244140625,1983.0,1981.800048828125,1982.699951171875,1288
2025-04-17 11:49:00+05:30,1981.5999755859375,1982.9000244140625,1981.0,1982.9000244140625,740
2025-04-17 11:50:00+05:30,1983.0,1983.0999755859375,1981.5,1981.5,13015
2025-04-17 11:51:00+05:30,1982.0,1985.0,1981.199951171875,1984.0,6449
2025-04-17 11:52:00+05:30,1981.9000244140625,1983.0,1981.4000244140625,1982.0,3947
2025-04-17 11:53:00+05:30,1981.9000244140625,1982.0,1981.4000244140625,1981.5999755859375,914
2025-04-17 11:54:00+05:30,1981.5,1982.0,1980.699951171875,1982.0,1655
2025-04-17 11:55:00+05:30,1977.5999755859375,1981.0,1977.0,1981.0,3294
2025-04-17 11:56:00+05:30,1980.0,1980.0,1977.5999755859375,1977.5999755859375,3546
2025-04-17 11:57:00+05:30,1980.0,1980.0,1979.0,1979.9000244140625,1194
2025-04-17 11:58:00+05:30,1980.0,1980.0,1979.199951171875,1980.0,1866
2025-04-17 11:59:00+05:30,1980.800048828125,1980.9000244140625,1979.699951171875,1979.9000244140625,1823
2025-04-17 12:00:00+05:30,1980.0999755859375,1980.800048828125,1980.0999755859375,1980.800048828125,1341
2025-04-17 12:01:00+05:30,1978.9000244140625,1980.800048828125,1978.4000244140625,1980.800048828125,1329
2025-04-17 12:02:00+05:30,1980.699951171875,1980.699951171875,1978.300048828125,1978.300048828125,4103
2025-04-17 12:03:00+05:30,1980.0,1980.9000244140625,1979.5,1980.699951171875,1588
2025-04-17 12:04:00+05:30,1979.5999755859375,1980.0,1979.0,1980.0,987
2025-04-17 12:05:00+05:30,1980.0,1980.0,1979.4000244140625,1980.0,637
2025-04-17 12:06:00+05:30,1979.699951171875,1980.0,1979.699951171875,1980.0,1669
2025-04-17 12:07:00+05:30,1980.0,1980.0,1979.800048828125,1980.0,2064
2025-04-17 12:08:00+05:30,1980.300048828125,1980.9000244140625,1979.9000244140625,1980.0,2458
2025-04-17 12:09:00+05:30,1979.199951171875,1980.5,1978.800048828125,1980.0,3703
2025-04-17 12:10:00+05:30,1980.0,1980.0,1979.0999755859375,1979.0999755859375,1572
2025-04-17 12:11:00+05:30,1980.0,1980.0,1979.4000244140625,1979.9000244140625,5049
2025-04-17 12:12:00+05:30,1979.800048828125,1980.0,1979.5,1980.0,1372
2025-04-17 12:13:00+05:30,1980.0,1980.0,1978.9000244140625,1979.800048828125,1679
2025-04-17 12:14:00+05:30,1979.699951171875,1980.0,1979.0999755859375,1979.9000244140625,2596
2025-04-17 12:15:00+05:30,1980.0,1980.0,1979.5999755859375,1979.5999755859375,2074
2025-04-17 12:16:00+05:30,1980.0,1980.0,1979.5,1980.0,1630
2025-04-17 12:17:00+05:30,1980.9000244140625,1982.5,1979.9000244140625,1980.0,15762
2025-04-17 12:18:00+05:30,1982.9000244140625,1984.0,1980.9000244140625,1981.0,4889
2025-04-17 12:19:00+05:30,1982.5999755859375,1982.800048828125,1981.9000244140625,1982.800048828125,2300
2025-04-17 12:20:00+05:30,1982.199951171875,1982.5999755859375,1982.0999755859375,1982.5,757
2025-04-17 12:21:00+05:30,1983.699951171875,1983.699951171875,1980.0,1980.0,2902
2025-04-17 12:22:00+05:30,1982.5,1984.800048828125,1982.5,1983.699951171875,2933
2025-04-17 12:23:00+05:30,1984.0,1985.0,1982.5,1982.5,1981
2025-04-17 12:24:00+05:30,1984.0,1984.0,1983.4000244140625,1984.0,1445
2025-04-17 12:25:00+05:30,1981.699951171875,1984.0,1981.4000244140625,1984.0,18550
2025-04-17 12:26:00+05:30,1983.0,1983.9000244140625,1981.699951171875,1981.699951171875,14574
2025-04-17 12:27:00+05:30,1984.5,1984.5,1982.300048828125,1982.300048828125,12887
2025-04-17 12:28:00+05:30,1984.699951171875,1985.0,1984.4000244140625,1984.5,4913
2025-04-17 12:29:00+05:30,1987.0,1987.0,1984.9000244140625,1985.0,4233
2025-04-17 12:30:00+05:30,1987.699951171875,1988.0,1986.800048828125,1986.800048828125,3378
2025-04-17 12:31:00+05:30,1988.5999755859375,1988.800048828125,1987.199951171875,1987.9000244140625,2774
2025-04-17 12:32:00+05:30,1989.9000244140625,1989.9000244140625,1987.0,1987.0,5609
2025-04-17 12:33:00+05:30,1992.4000244140625,1992.800048828125,1989.699951171875,1989.800048828125,13475
2025-04-17 12:34:00+05:30,1988.0,1991.9000244140625,1988.0,1991.699951171875,9339
2025-04-17 12:35:00+05:30,1988.0,1988.0999755859375,1987.199951171875,1988.0999755859375,9862
2025-04-17 12:36:00+05:30,1988.0,1988.0,1987.199951171875,1987.699951171875,3817
2025-04-17 12:37:00+05:30,1988.0,1988.0,1987.4000244140625,1988.0,7343
2025-04-17 12:38:00+05:30,1987.5999755859375,1988.0,1987.5,1988.0,2112
2025-04-17 12:39:00+05:30,1987.0,1988.0,1986.300048828125,1988.0,5584
2025-04-17 12:40:00+05:30,1992.699951171875,1992.9000244140625,1987.0,1987.0,16455
2025-04-17 12:41:00+05:30,1996.0999755859375,1996.0999755859375,1992.9000244140625,1993.0,10175
2025-04-17 12:42:00+05:30,1997.300048828125,1997.4000244140625,1996.0,1996.300048828125,6860
2025-04-17 12:43:00+05:30,1998.0,1998.0,1996.199951171875,1997.300048828125,6813
2025-04-17 12:44:00+05:30,1997.300048828125,1999.0,1996.199951171875,1997.9000244140625,13435
2025-04-17 12:45:00+05:30,1995.0,1997.4000244140625,1995.0,1997.4000244140625,6134
2025-04-17 12:46:00+05:30,1996.0,1997.0,1994.199951171875,1995.0,3947
2025-04-17 12:47:00+05:30,1997.800048828125,1998.0,1995.9000244140625,1996.0,5209
2025-04-17 12:48:00+05:30,2002.5999755859375,2003.0,1997.9000244140625,1998.0,27987
2025-04-17 12:49:00+05:30,2004.4000244140625,2004.9000244140625,2002.5999755859375,2002.5999755859375,6097
2025-04-17 12:50:00+05:30,2006.5,2006.9000244140625,2004.0999755859375,2004.800048828125,12582
2025-04-17 12:51:00+05:30,2008.5999755859375,2009.699951171875,2006.5,2006.5,16687
2025-04-17 12:52:00+05:30,2011.300048828125,2011.4000244140625,2008.5999755859375,2009.699951171875,13402
2025-04-17 12:53:00+05:30,2010.5999755859375,2011.4000244140625,2008.300048828125,2011.4000244140625,19764
2025-04-17 12:54:00+05:30,2009.9000244140625,2011.0999755859375,2008.5999755859375,2010.0,4504
2025-04-17 12:55:00+05:30,2010.9000244140625,2010.9000244140625,2009.0999755859375,2009.9000244140625,9049
2025-04-17 12:56:00+05:30,2011.5999755859375,2011.800048828125,2009.9000244140625,2010.9000244140625,5041
2025-04-17 12:57:00+05:30,2010.0,2012.0,2009.0999755859375,2011.5,8323
2025-04-17 12:58:00+05:30,2010.199951171875,2011.0,2008.0999755859375,2009.9000244140625,8246
2025-04-17 12:59:00+05:30,2009.5,2010.5,2008.699951171875,2010.0999755859375,5921
2025-04-17 13:00:00+05:30,2009.199951171875,2009.5999755859375,2008.5999755859375,2009.0,2592
2025-04-17 13:01:00+05:30,2009.4000244140625,2010.699951171875,2008.699951171875,2008.699951171875,13550
2025-04-17 13:02:00+05:30,2009.0999755859375,2009.9000244140625,2008.5,2009.4000244140625,7449
2025-04-17 13:03:00+05:30,2009.5,2009.5999755859375,2008.5,2008.800048828125,4024
2025-04-17 13:04:00+05:30,2009.4000244140625,2009.5,2008.5,2009.5,3447
2025-04-17 13:05:00+05:30,2010.9000244140625,2011.5,2008.5999755859375,2009.5,7331
2025-04-17 13:06:00+05:30,2012.4000244140625,2012.5,2009.699951171875,2011.300048828125,3690
2025-04-17 13:07:00+05:30,2014.0999755859375,2014.9000244140625,2012.0,2012.4000244140625,14766
2025-04-17 13:08:00+05:30,2011.5999755859375,2014.5,2011.199951171875,2013.9000244140625,4010
2025-04-17 13:09:00+05:30,2009.800048828125,2011.5999755859375,2009.800048828125,2011.199951171875,4244
2025-04-17 13:10:00+05:30,2009.800048828125,2011.0,2009.800048828125,2010.699951171875,2550
2025-04-17 13:11:00+05:30,2009.5999755859375,2010.199951171875,2009.199951171875,2009.800048828125,3789
2025-04-17 13:12:00+05:30,2011.0,2011.800048828125,2010.199951171875,2010.5999755859375,4006
2025-04-17 13:13:00+05:30,2012.300048828125,2012.300048828125,2011.0,2011.0,1198
2025-04-17 13:14:00+05:30,2012.800048828125,2013.5,2011.5999755859375,2011.5999755859375,3884
2025-04-17 13:15:00+05:30,2012.699951171875,2013.5,2011.0,2012.0,5969
2025-04-17 13:16:00+05:30,2011.5999755859375,2012.699951171875,2010.800048828125,2012.699951171875,3148
2025-04-17 13:17:00+05:30,2011.9000244140625,2012.0,2010.5999755859375,2011.5999755859375,2465
2025-04-17 13:18:00+05:30,2011.800048828125,2012.0,2011.0999755859375,2011.9000244140625,2680
2025-04-17 13:19:00+05:30,2012.300048828125,2012.300048828125,2011.0,2011.800048828125,6155
2025-04-17 13:20:00+05:30,2014.5,2014.5,2011.699951171875,2011.699951171875,20453
2025-04-17 13:21:00+05:30,2013.0,2014.5999755859375,2013.0,2014.0,2752
2025-04-17 13:22:00+05:30,2010.5,2013.800048828125,2010.5,2013.800048828125,4778
2025-04-17 13:23:00+05:30,2011.0,2011.800048828125,2010.199951171875,2011.0,1396
2025-04-17 13:24:00+05:30,2011.0999755859375,2011.699951171875,2011.0,2011.0,1039
2025-04-17 13:25:00+05:30,2012.699951171875,2012.699951171875,2011.0,2011.0999755859375,1522
2025-04-17 13:26:00+05:30,2011.699951171875,2012.800048828125,2011.699951171875,2012.699951171875,792
2025-04-17 13:27:00+05:30,2011.800048828125,2012.699951171875,2011.0,2011.699951171875,2701
2025-04-17 13:28:00+05:30,2010.9000244140625,2011.0,2010.300048828125,2010.5999755859375,939
2025-04-17 13:29:00+05:30,2011.0,2012.4000244140625,2010.5,2010.5,4633
2025-04-17 13:30:00+05:30,2012.4000244140625,2012.4000244140625,2010.199951171875,2010.5999755859375,1847
2025-04-17 13:31:00+05:30,2012.4000244140625,2012.4000244140625,2010.5,2012.4000244140625,2319
2025-04-17 13:32:00+05:30,2013.199951171875,2013.699951171875,2012.199951171875,2012.300048828125,4670
2025-04-17 13:33:00+05:30,2012.0,2013.199951171875,2012.0,2012.300048828125,1051
2025-04-17 13:34:00+05:30,2011.4000244140625,2011.9000244140625,2010.9000244140625,2011.9000244140625,2387
2025-04-17 13:35:00+05:30,2011.9000244140625,2012.0999755859375,2010.800048828125,2010.800048828125,1274
2025-04-17 13:36:00+05:30,2012.9000244140625,2012.9000244140625,2011.800048828125,2012.0,1818
2025-04-17 13:37:00+05:30,2012.5999755859375,2013.9000244140625,2012.5999755859375,2013.5999755859375,3108
2025-04-17 13:38:00+05:30,2012.0999755859375,2013.5999755859375,2012.0999755859375,2013.5,2483
2025-04-17 13:39:00+05:30,2010.5999755859375,2012.0999755859375,2010.199951171875,2012.0999755859375,3638
2025-04-17 13:40:00+05:30,2008.800048828125,2010.5999755859375,2008.5,2010.199951171875,4464
2025-04-17 13:41:00+05:30,2012.5999755859375,2012.699951171875,2009.4000244140625,2009.4000244140625,3680
2025-04-17 13:42:00+05:30,2012.0999755859375,2012.9000244140625,2011.0,2012.699951171875,11184
2025-04-17 13:43:00+05:30,2012.5,2012.9000244140625,2011.9000244140625,2011.9000244140625,5309
2025-04-17 13:44:00+05:30,2012.9000244140625,2013.0999755859375,2011.800048828125,2012.300048828125,6029
2025-04-17 13:45:00+05:30,2012.9000244140625,2013.0,2012.0,2012.699951171875,2066
2025-04-17 13:46:00+05:30,2012.4000244140625,2013.0,2011.699951171875,2013.0,1488
2025-04-17 13:47:00+05:30,2013.4000244140625,2013.4000244140625,2011.5,2012.0,2130
2025-04-17 13:48:00+05:30,2013.4000244140625,2013.5999755859375,2012.800048828125,2013.0999755859375,2102
2025-04-17 13:49:00+05:30,2014.9000244140625,2014.9000244140625,2012.9000244140625,2012.9000244140625,4132
2025-04-17 13:50:00+05:30,2014.9000244140625,2014.9000244140625,2014.0,2014.0,2083
2025-04-17 13:51:00+05:30,2017.0999755859375,2017.0999755859375,2014.300048828125,2014.5999755859375,17169
2025-04-17 13:52:00+05:30,2019.0,2019.0,2016.199951171875,2016.199951171875,15342
2025-04-17 13:53:00+05:30,2016.699951171875,2018.4000244140625,2016.0,2018.4000244140625,3311
2025-04-17 13:54:00+05:30,2019.0,2019.9000244140625,2016.5999755859375,2016.699951171875,8164
2025-04-17 13:55:00+05:30,2019.199951171875,2019.9000244140625,2019.0999755859375,2019.5999755859375,4220
2025-04-17 13:56:00+05:30,2019.9000244140625,2019.9000244140625,2018.9000244140625,2018.9000244140625,6586
2025-04-17 13:57:00+05:30,2019.300048828125,2019.9000244140625,2018.800048828125,2019.199951171875,4586
2025-04-17 13:58:00+05:30,2023.9000244140625,2023.9000244140625,2021.0,2021.0,18255
2025-04-17 13:59:00+05:30,2026.0,2026.0,2023.300048828125,2023.300048828125,34834
2025-04-17 14:00:00+05:30,2027.199951171875,2027.9000244140625,2025.0,2026.0,16808
2025-04-17 14:01:00+05:30,2026.9000244140625,2027.800048828125,2026.0,2026.800048828125,13562
2025-04-17 14:02:00+05:30,2025.800048828125,2027.5999755859375,2025.0999755859375,2025.5999755859375,9586
2025-04-17 14:03:00+05:30,2025.4000244140625,2026.0,2024.9000244140625,2026.0,3491
2025-04-17 14:04:00+05:30,2025.0,2025.0,2024.5999755859375,2025.0,1922
2025-04-17 14:05:00+05:30,2024.5,2024.800048828125,2023.9000244140625,2024.5,3200
2025-04-17 14:06:00+05:30,2025.0,2025.0,2023.9000244140625,2024.0,2529
2025-04-17 14:07:00+05:30,2025.4000244140625,2025.800048828125,2024.9000244140625,2025.0,5635
2025-04-17 14:08:00+05:30,2025.5999755859375,2025.9000244140625,2024.9000244140625,2024.9000244140625,2330
2025-04-17 14:09:00+05:30,2023.9000244140625,2025.800048828125,2023.5,2025.800048828125,2682
2025-04-17 14:10:00+05:30,2022.300048828125,2024.0,2022.300048828125,2023.9000244140625,2185
2025-04-17 14:11:00+05:30,2024.300048828125,2024.9000244140625,2022.5999755859375,2022.5999755859375,3832
2025-04-17 14:12:00+05:30,2023.800048828125,2024.300048828125,2022.800048828125,2024.199951171875,2851
2025-04-17 14:13:00+05:30,2024.699951171875,2024.699951171875,2023.0999755859375,2023.800048828125,2051
2025-04-17 14:14:00+05:30,2020.199951171875,2024.800048828125,2020.199951171875,2024.0999755859375,6607
2025-04-17 14:15:00+05:30,2017.800048828125,2020.800048828125,2017.0999755859375,2020.300048828125,16778
2025-04-17 14:16:00+05:30,2018.5,2020.0,2018.5,2018.5,9015
2025-04-17 14:17:00+05:30,2021.199951171875,2022.199951171875,2018.0,2018.5,7679
2025-04-17 14:18:00+05:30,2022.300048828125,2022.5999755859375,2020.0999755859375,2021.300048828125,6432
2025-04-17 14:19:00+05:30,2023.5,2023.699951171875,2022.0,2022.9000244140625,4514
2025-04-17 14:20:00+05:30,2021.5999755859375,2023.800048828125,2021.0,2023.0999755859375,5143
2025-04-17 14:21:00+05:30,2022.5999755859375,2023.0999755859375,2021.4000244140625,2021.4000244140625,5128
2025-04-17 14:22:00+05:30,2023.5,2023.5,2022.5999755859375,2022.800048828125,6288
2025-04-17 14:23:00+05:30,2024.800048828125,2024.800048828125,2023.5,2023.699951171875,3782
2025-04-17 14:24:00+05:30,2023.800048828125,2024.800048828125,2023.5,2024.800048828125,3935
2025-04-17 14:25:00+05:30,2024.800048828125,2024.800048828125,2023.5,2023.5,3234
2025-04-17 14:26:00+05:30,2025.800048828125,2025.800048828125,2024.199951171875,2024.4000244140625,5097
2025-04-17 14:27:00+05:30,2026.0,2026.0,2025.300048828125,2025.300048828125,4098
2025-04-17 14:28:00+05:30,2026.0999755859375,2026.800048828125,2025.699951171875,2026.0,3508
2025-04-17 14:29:00+05:30,2025.0999755859375,2025.9000244140625,2025.0,2025.300048828125,2630
2025-04-17 14:30:00+05:30,2025.0,2025.0,2024.0,2025.0,5606
2025-04-17 14:31:00+05:30,2025.5999755859375,2025.699951171875,2024.9000244140625,2025.0,3063
2025-04-17 14:32:00+05:30,2025.5,2025.9000244140625,2025.0999755859375,2025.199951171875,1871
2025-04-17 14:33:00+05:30,2025.5999755859375,2025.9000244140625,2025.4000244140625,2025.4000244140625,1357
2025-04-17 14:34:00+05:30,2026.800048828125,2027.0,2026.0999755859375,2026.5,8934
2025-04-17 14:35:00+05:30,2026.5,2026.800048828125,2026.0,2026.699951171875,3818
2025-04-17 14:36:00+05:30,2026.0,2026.0,2025.5999755859375,2025.699951171875,5565
2025-04-17 14:37:00+05:30,2026.699951171875,2027.0,2025.800048828125,2026.0,4135
2025-04-17 14:38:00+05:30,2027.0,2027.0,2026.5,2026.5,3480
2025-04-17 14:39:00+05:30,2029.0999755859375,2029.0999755859375,2026.5,2026.5,9306
2025-04-17 14:40:00+05:30,2034.9000244140625,2034.9000244140625,2029.300048828125,2029.9000244140625,34588
2025-04-17 14:41:00+05:30,2035.4000244140625,2036.5,2034.5,2034.699951171875,18748
2025-04-17 14:42:00+05:30,2035.300048828125,2036.4000244140625,2034.5999755859375,2034.5999755859375,9344
2025-04-17 14:43:00+05:30,2035.5,2036.199951171875,2034.800048828125,2035.5999755859375,4795
2025-04-17 14:44:00+05:30,2032.800048828125,2036.0,2032.0999755859375,2035.5,9554
2025-04-17 14:45:00+05:30,2033.0,2033.5,2032.199951171875,2032.199951171875,4193
2025-04-17 14:46:00+05:30,2033.0,2034.300048828125,2031.9000244140625,2033.5,8752
2025-04-17 14:47:00+05:30,2031.699951171875,2034.0,2031.699951171875,2033.0,5559
2025-04-17 14:48:00+05:30,2034.699951171875,2035.0,2031.699951171875,2032.5,7200
2025-04-17 14:49:00+05:30,2034.5999755859375,2035.0,2033.699951171875,2033.699951171875,4562
2025-04-17 14:50:00+05:30,2035.0,2035.0,2034.5999755859375,2035.0,4025
2025-04-17 14:51:00+05:30,2034.699951171875,2035.4000244140625,2034.699951171875,2035.0,5688
2025-04-17 14:52:00+05:30,2033.0,2035.0,2032.199951171875,2034.0999755859375,5057
2025-04-17 14:53:00+05:30,2033.9000244140625,2033.9000244140625,2032.199951171875,2032.199951171875,2386
2025-04-17 14:54:00+05:30,2033.0,2034.0,2032.800048828125,2033.4000244140625,2705
2025-04-17 14:55:00+05:30,2033.800048828125,2034.4000244140625,2033.0,2033.0,6954
2025-04-17 14:56:00+05:30,2034.0,2034.5,2032.5,2033.5999755859375,6791
2025-04-17 14:57:00+05:30,2033.0,2034.300048828125,2033.0,2033.5999755859375,3537
2025-04-17 14:58:00+05:30,2031.5,2033.0,2031.4000244140625,2032.4000244140625,7082
2025-04-17 14:59:00+05:30,2030.800048828125,2032.5999755859375,2030.0,2031.5,8576
2025-04-17 15:00:00+05:30,2031.800048828125,2033.300048828125,2030.5999755859375,2031.0,11261
2025-04-17 15:01:00+05:30,2030.199951171875,2031.800048828125,2027.699951171875,2031.800048828125,17695
2025-04-17 15:02:00+05:30,2032.0,2032.0,2029.5999755859375,2029.9000244140625,9750
2025-04-17 15:03:00+05:30,2032.5,2032.5,2031.0,2031.5,11427
2025-04-17 15:04:00+05:30,2032.300048828125,2033.0,2032.0,2032.300048828125,4335
2025-04-17 15:05:00+05:30,2034.5999755859375,2034.5999755859375,2033.0999755859375,2033.4000244140625,10779
2025-04-17 15:06:00+05:30,2036.800048828125,2036.9000244140625,2034.4000244140625,2034.4000244140625,13689
2025-04-17 15:07:00+05:30,2034.0,2036.9000244140625,2033.9000244140625,2036.199951171875,12535
2025-04-17 15:08:00+05:30,2034.5,2034.9000244140625,2032.9000244140625,2033.9000244140625,10000
2025-04-17 15:09:00+05:30,2035.199951171875,2035.9000244140625,2034.0,2034.4000244140625,20255
2025-04-17 15:10:00+05:30,2037.5999755859375,2037.9000244140625,2034.0,2035.199951171875,21026
2025-04-17 15:11:00+05:30,2036.5999755859375,2037.5999755859375,2035.699951171875,2037.5,12936
2025-04-17 15:12:00+05:30,2036.5999755859375,2037.0,2035.5999755859375,2036.9000244140625,11578
2025-04-17 15:13:00+05:30,2036.699951171875,2036.800048828125,2036.4000244140625,2036.699951171875,11778
2025-04-17 15:14:00+05:30,2037.5,2038.0,2036.800048828125,2036.800048828125,14988
2025-04-17 15:15:00+05:30,2036.199951171875,2037.5,2035.5999755859375,2037.5,14701
2025-04-17 15:16:00+05:30,2035.0,2036.5,2034.9000244140625,2036.0,19615
2025-04-17 15:17:00+05:30,2035.4000244140625,2035.4000244140625,2034.0,2034.9000244140625,11339
2025-04-17 15:18:00+05:30,2035.0,2036.800048828125,2033.0,2035.5,18393
2025-04-17 15:19:00+05:30,2037.0,2037.5999755859375,2034.300048828125,2035.0,18417
2025-04-17 15:20:00+05:30,2037.199951171875,2038.5,2036.5999755859375,2037.0,24170
2025-04-17 15:21:00+05:30,2037.5,2039.5,2037.0999755859375,2037.199951171875,8047
2025-04-17 15:22:00+05:30,2036.5,2038.0,2036.0999755859375,2038.0,8443
2025-04-17 15:23:00+05:30,2036.0,2036.5,2035.9000244140625,2036.199951171875,5937
2025-04-17 15:24:00+05:30,2035.699951171875,2037.0,2035.199951171875,2036.199951171875,10236
2025-04-17 15:25:00+05:30,2037.199951171875,2037.199951171875,2035.699951171875,2036.199951171875,9542
2025-04-17 15:26:00+05:30,2038.0999755859375,2038.5,2036.800048828125,2036.800048828125,14921
2025-04-17 15:27:00+05:30,2038.0,2038.199951171875,2037.0999755859375,2037.0999755859375,5653
2025-04-17 15:28:00+05:30,2034.0999755859375,2037.9000244140625,2033.800048828125,2037.9000244140625,8471
2025-04-17 15:29:00+05:30,2032.9000244140625,2035.199951171875,2030.0,2033.300048828125,6229
2025-04-21 09:15:00+05:30,2039.300048828125,2043.9000244140625,2035.699951171875,2038.0,0
2025-04-21 09:16:00+05:30,2050.89990234375,2053.0,2039.699951171875,2039.699951171875,55627
2025-04-21 09:17:00+05:30,2050.699951171875,2054.60009765625,2049.300048828125,2050.699951171875,37651
2025-04-21 09:18:00+05:30,2050.0,2051.60009765625,2046.0999755859375,2051.300048828125,18282
2025-04-21 09:19:00+05:30,2050.10009765625,2051.300048828125,2045.0999755859375,2050.300048828125,28775
2025-04-21 09:20:00+05:30,2050.0,2052.89990234375,2050.0,2051.0,16396
2025-04-21 09:21:00+05:30,2047.300048828125,2051.199951171875,2046.300048828125,2051.199951171875,36972
2025-04-21 09:22:00+05:30,2045.9000244140625,2049.199951171875,2045.699951171875,2047.5,48497
2025-04-21 09:23:00+05:30,2052.39990234375,2052.5,2046.5,2046.699951171875,26506
2025-04-21 09:24:00+05:30,2058.699951171875,2059.89990234375,2051.10009765625,2051.10009765625,24897
2025-04-21 09:25:00+05:30,2056.699951171875,2058.0,2052.10009765625,2057.89990234375,19703
2025-04-21 09:26:00+05:30,2057.0,2059.0,2054.39990234375,2056.199951171875,14537
2025-04-21 09:27:00+05:30,2055.800048828125,2060.0,2055.199951171875,2057.10009765625,20635
2025-04-21 09:28:00+05:30,2062.0,2062.0,2055.10009765625,2055.800048828125,15189
2025-04-21 09:29:00+05:30,2061.89990234375,2062.39990234375,2058.89990234375,2062.0,7634
2025-04-21 09:30:00+05:30,2055.800048828125,2063.0,2055.800048828125,2061.89990234375,21517
2025-04-21 09:31:00+05:30,2057.800048828125,2058.0,2055.5,2056.800048828125,5348
2025-04-21 09:32:00+05:30,2057.699951171875,2059.199951171875,2056.5,2058.0,5103
2025-04-21 09:33:00+05:30,2059.0,2060.5,2057.10009765625,2057.60009765625,3540
2025-04-21 09:34:00+05:30,2058.89990234375,2059.199951171875,2056.89990234375,2058.89990234375,5611
2025-04-21 09:35:00+05:30,2059.10009765625,2061.0,2058.300048828125,2060.0,6496
2025-04-21 09:36:00+05:30,2060.89990234375,2061.0,2059.10009765625,2059.5,3698
2025-04-21 09:37:00+05:30,2062.0,2063.199951171875,2060.5,2060.5,8445
2025-04-21 09:38:00+05:30,2064.199951171875,2064.199951171875,2061.5,2062.0,7216
2025-04-21 09:39:00+05:30,2063.89990234375,2064.89990234375,2062.800048828125,2064.0,8764
2025-04-21 09:40:00+05:30,2064.199951171875,2064.89990234375,2064.0,2064.10009765625,8674
2025-04-21 09:41:00+05:30,2065.699951171875,2066.0,2064.199951171875,2064.89990234375,14666
2025-04-21 09:42:00+05:30,2064.0,2066.0,2064.0,2065.39990234375,4127
2025-04-21 09:43:00+05:30,2064.5,2064.89990234375,2063.199951171875,2064.199951171875,7316
2025-04-21 09:44:00+05:30,2063.0,2064.60009765625,2062.89990234375,2064.60009765625,2896
2025-04-21 09:45:00+05:30,2062.199951171875,2063.39990234375,2060.5,2062.199951171875,6229
2025-04-21 09:46:00+05:30,2060.0,2062.199951171875,2058.300048828125,2062.199951171875,8129
2025-04-21 09:47:00+05:30,2060.800048828125,2062.199951171875,2060.0,2060.0,3534
2025-04-21 09:48:00+05:30,2059.800048828125,2062.0,2058.699951171875,2061.800048828125,3558
2025-04-21 09:49:00+05:30,2060.199951171875,2062.10009765625,2059.300048828125,2059.300048828125,5566
2025-04-21 09:50:00+05:30,2059.39990234375,2060.0,2058.5,2060.0,3192
2025-04-21 09:51:00+05:30,2059.699951171875,2061.39990234375,2058.800048828125,2058.800048828125,3842
2025-04-21 09:52:00+05:30,2060.0,2061.60009765625,2059.199951171875,2060.60009765625,2643
2025-04-21 09:53:00+05:30,2062.0,2062.0,2060.0,2060.89990234375,5125
2025-04-21 09:54:00+05:30,2064.89990234375,2065.699951171875,2062.39990234375,2062.800048828125,4875
2025-04-21 09:55:00+05:30,2067.89990234375,2069.0,2064.89990234375,2065.60009765625,25233
2025-04-21 09:56:00+05:30,2066.800048828125,2068.5,2066.0,2067.0,8252
2025-04-21 09:57:00+05:30,2067.39990234375,2068.10009765625,2066.10009765625,2066.10009765625,5913
2025-04-21 09:58:00+05:30,2067.800048828125,2068.800048828125,2067.10009765625,2068.0,5518
2025-04-21 09:59:00+05:30,2066.0,2068.0,2065.10009765625,2067.199951171875,3705
2025-04-21 10:00:00+05:30,2066.10009765625,2068.0,2065.89990234375,2067.0,4232
2025-04-21 10:01:00+05:30,2068.0,2068.0,2065.5,2066.0,1755
2025-04-21 10:02:00+05:30,2070.800048828125,2072.0,2067.199951171875,2067.800048828125,14146
2025-04-21 10:03:00+05:30,2069.199951171875,2071.800048828125,2069.0,2070.800048828125,3530
2025-04-21 10:04:00+05:30,2070.0,2071.39990234375,2069.199951171875,2069.199951171875,3737
2025-04-21 10:05:00+05:30,2070.89990234375,2071.0,2070.0,2070.60009765625,2505
2025-04-21 10:06:00+05:30,2071.39990234375,2072.0,2070.39990234375,2070.39990234375,2982
2025-04-21 10:07:00+05:30,2071.39990234375,2072.0,2071.0,2071.0,2701
2025-04-21 10:08:00+05:30,2071.89990234375,2072.0,2070.800048828125,2070.800048828125,1940
2025-04-21 10:09:00+05:30,2071.0,2072.0,2071.0,2071.60009765625,4061
2025-04-21 10:10:00+05:30,2070.10009765625,2071.60009765625,2069.199951171875,2070.10009765625,6540
2025-04-21 10:11:00+05:30,2068.0,2070.0,2066.699951171875,2069.699951171875,5475
2025-04-21 10:12:00+05:30,2066.39990234375,2067.800048828125,2066.10009765625,2066.39990234375,3142
2025-04-21 10:13:00+05:30,2064.0,2065.89990234375,2062.89990234375,2065.5,6913
2025-04-21 10:14:00+05:30,2064.199951171875,2065.199951171875,2063.0,2063.0,3137
2025-04-21 10:15:00+05:30,2064.39990234375,2064.89990234375,2063.89990234375,2064.699951171875,1040
2025-04-21 10:16:00+05:30,2066.0,2066.60009765625,2064.800048828125,2064.89990234375,3299
2025-04-21 10:17:00+05:30,2066.0,2066.10009765625,2064.800048828125,2066.10009765625,1355
2025-04-21 10:18:00+05:30,2066.0,2066.89990234375,2065.699951171875,2066.0,1152
2025-04-21 10:19:00+05:30,2066.0,2067.0,2065.699951171875,2065.699951171875,1825
2025-04-21 10:20:00+05:30,2067.5,2067.5,2065.5,2066.0,1825
2025-04-21 10:21:00+05:30,2065.5,2067.800048828125,2065.0,2067.800048828125,1179
2025-04-21 10:22:00+05:30,2065.10009765625,2065.5,2064.699951171875,2065.5,4879
2025-04-21 10:23:00+05:30,2064.199951171875,2065.5,2064.199951171875,2065.5,901
2025-04-21 10:24:00+05:30,2063.0,2063.800048828125,2063.0,2063.5,6803
2025-04-21 10:25:00+05:30,2063.10009765625,2064.0,2062.10009765625,2062.60009765625,3520
2025-04-21 10:26:00+05:30,2062.39990234375,2063.10009765625,2062.300048828125,2063.10009765625,2892
2025-04-21 10:27:00+05:30,2066.300048828125,2067.0,2063.39990234375,2063.39990234375,6217
2025-04-21 10:28:00+05:30,2067.0,2067.60009765625,2065.89990234375,2067.0,1578
2025-04-21 10:29:00+05:30,2069.0,2069.699951171875,2066.5,2066.60009765625,1402
2025-04-21 10:30:00+05:30,2069.199951171875,2069.60009765625,2067.5,2069.300048828125,3419
2025-04-21 10:31:00+05:30,2073.60009765625,2074.0,2069.199951171875,2069.199951171875,9942
2025-04-21 10:32:00+05:30,2077.5,2078.5,2073.199951171875,2073.60009765625,33470
2025-04-21 10:33:00+05:30,2079.10009765625,2079.10009765625,2075.199951171875,2077.5,8156
2025-04-21 10:34:00+05:30,2082.5,2083.5,2079.0,2079.0,16615
2025-04-21 10:35:00+05:30,2083.699951171875,2085.0,2081.300048828125,2082.699951171875,16154
2025-04-21 10:36:00+05:30,2085.5,2085.699951171875,2082.10009765625,2083.0,10569
2025-04-21 10:37:00+05:30,2092.5,2092.5,2084.199951171875,2085.5,34851
2025-04-21 10:38:00+05:30,2094.199951171875,2095.39990234375,2090.699951171875,2091.300048828125,22162
2025-04-21 10:39:00+05:30,2088.0,2095.5,2086.5,2094.89990234375,21784
2025-04-21 10:40:00+05:30,2089.699951171875,2092.0,2088.39990234375,2088.39990234375,26714
2025-04-21 10:41:00+05:30,2090.89990234375,2093.300048828125,2088.5,2088.89990234375,13093
2025-04-21 10:42:00+05:30,2095.800048828125,2095.800048828125,2089.89990234375,2090.5,20050
2025-04-21 10:43:00+05:30,2093.300048828125,2096.60009765625,2089.0,2094.5,58145
2025-04-21 10:44:00+05:30,2095.199951171875,2095.800048828125,2092.199951171875,2094.0,9818
2025-04-21 10:45:00+05:30,2093.199951171875,2096.0,2091.800048828125,2095.800048828125,10714
2025-04-21 10:46:00+05:30,2089.0,2093.699951171875,2088.89990234375,2093.5,30597
2025-04-21 10:47:00+05:30,2088.89990234375,2091.89990234375,2088.0,2090.0,14312
2025-04-21 10:48:00+05:30,2093.89990234375,2094.0,2088.39990234375,2089.60009765625,11333
2025-04-21 10:49:00+05:30,2092.0,2094.5,2092.0,2093.89990234375,3387
2025-04-21 10:50:00+05:30,2098.5,2098.5,2092.0,2092.0,11653
2025-04-21 10:51:00+05:30,2099.0,2100.699951171875,2097.89990234375,2098.39990234375,37824
2025-04-21 10:52:00+05:30,2102.39990234375,2103.0,2099.0,2099.699951171875,34615
2025-04-21 10:53:00+05:30,2100.0,2103.89990234375,2098.10009765625,2102.89990234375,23629
2025-04-21 10:54:00+05:30,2098.5,2100.699951171875,2098.5,2100.0,5444
2025-04-21 10:55:00+05:30,2100.60009765625,2102.0,2098.60009765625,2099.300048828125,19132
2025-04-21 10:56:00+05:30,2101.39990234375,2103.0,2099.10009765625,2100.699951171875,17408
2025-04-21 10:57:00+05:30,2100.699951171875,2102.89990234375,2100.199951171875,2102.39990234375,5767
2025-04-21 10:58:00+05:30,2102.39990234375,2103.5,2100.60009765625,2100.699951171875,4334
2025-04-21 10:59:00+05:30,2104.0,2105.699951171875,2102.300048828125,2103.0,12456
2025-04-21 11:00:00+05:30,2103.60009765625,2104.89990234375,2102.0,2104.800048828125,20038
2025-04-21 11:01:00+05:30,2105.5,2105.5,2103.699951171875,2104.300048828125,7198
2025-04-21 11:02:00+05:30,2105.0,2105.5,2104.199951171875,2105.0,5417
2025-04-21 11:03:00+05:30,2105.0,2105.89990234375,2104.300048828125,2104.699951171875,8204
2025-04-21 11:04:00+05:30,2104.699951171875,2105.60009765625,2104.10009765625,2105.0,4835
2025-04-21 11:05:00+05:30,2105.300048828125,2105.60009765625,2104.39990234375,2105.0,2747
2025-04-21 11:06:00+05:30,2105.0,2105.0,2103.300048828125,2104.0,11370
2025-04-21 11:07:00+05:30,2105.10009765625,2105.89990234375,2103.5,2105.0,3698
2025-04-21 11:08:00+05:30,2106.0,2106.89990234375,2105.0,2105.699951171875,5882
2025-04-21 11:09:00+05:30,2107.10009765625,2107.10009765625,2105.0,2106.0,7882
2025-04-21 11:10:00+05:30,2105.199951171875,2107.0,2104.0,2106.5,16196
2025-04-21 11:11:00+05:30,2105.800048828125,2106.0,2104.5,2105.10009765625,2331
2025-04-21 11:12:00+05:30,2101.800048828125,2105.89990234375,2101.800048828125,2105.800048828125,5300
2025-04-21 11:13:00+05:30,2101.0,2103.199951171875,2100.0,2102.39990234375,10165
2025-04-21 11:14:00+05:30,2103.89990234375,2104.89990234375,2101.0,2101.0,8357
2025-04-21 11:15:00+05:30,2104.199951171875,2105.800048828125,2102.89990234375,2103.89990234375,6611
2025-04-21 11:16:00+05:30,2103.10009765625,2105.199951171875,2101.89990234375,2105.0,12257
2025-04-21 11:17:00+05:30,2103.0,2103.10009765625,2100.5,2102.5,3964
2025-04-21 11:18:00+05:30,2104.0,2105.5,2103.0,2103.0,11836
2025-04-21 11:19:00+05:30,2103.699951171875,2105.0,2101.10009765625,2104.89990234375,38300
2025-04-21 11:20:00+05:30,2103.699951171875,2105.0,2100.60009765625,2101.10009765625,47611
2025-04-21 11:21:00+05:30,2104.10009765625,2104.39990234375,2102.699951171875,2103.10009765625,3746
2025-04-21 11:22:00+05:30,2105.0,2105.5,2103.300048828125,2103.89990234375,7434
2025-04-21 11:23:00+05:30,2105.89990234375,2106.0,2104.10009765625,2105.0,3144
2025-04-21 11:24:00+05:30,2105.300048828125,2106.0,2105.199951171875,2105.800048828125,1754
2025-04-21 11:25:00+05:30,2104.800048828125,2105.10009765625,2104.0,2105.10009765625,3097
2025-04-21 11:26:00+05:30,2105.10009765625,2106.0,2104.10009765625,2105.300048828125,2614
2025-04-21 11:27:00+05:30,2105.39990234375,2105.89990234375,2104.10009765625,2105.10009765625,1991
2025-04-21 11:28:00+05:30,2106.0,2106.0,2105.199951171875,2106.0,1669
2025-04-21 11:29:00+05:30,2105.699951171875,2106.10009765625,2105.199951171875,2106.0,2135
2025-04-21 11:30:00+05:30,2105.89990234375,2107.0,2105.89990234375,2106.0,2358
2025-04-21 11:31:00+05:30,2105.0,2107.0,2105.0,2106.10009765625,1480
2025-04-21 11:32:00+05:30,2105.199951171875,2105.199951171875,2104.10009765625,2105.0,1774
2025-04-21 11:33:00+05:30,2104.0,2105.0,2104.0,2104.5,1985
2025-04-21 11:34:00+05:30,2104.39990234375,2105.0,2103.699951171875,2104.0,4793
2025-04-21 11:35:00+05:30,2105.0,2105.199951171875,2103.39990234375,2104.39990234375,2899
2025-04-21 11:36:00+05:30,2104.39990234375,2105.10009765625,2103.0,2105.0,2990
2025-04-21 11:37:00+05:30,2103.10009765625,2105.0,2103.10009765625,2105.0,5266
2025-04-21 11:38:00+05:30,2105.10009765625,2105.10009765625,2103.0,2103.0,12637
2025-04-21 11:39:00+05:30,2106.39990234375,2107.0,2105.0,2105.39990234375,2517
2025-04-21 11:40:00+05:30,2107.0,2108.89990234375,2107.0,2107.39990234375,7855
2025-04-21 11:41:00+05:30,2106.699951171875,2107.300048828125,2106.0,2107.0,1694
2025-04-21 11:42:00+05:30,2107.0,2107.0,2106.0,2106.0,1875
2025-04-21 11:43:00+05:30,2105.800048828125,2107.0,2105.800048828125,2106.60009765625,4619
2025-04-21 11:44:00+05:30,2105.699951171875,2106.89990234375,2105.0,2106.0,1928
2025-04-21 11:45:00+05:30,2106.699951171875,2106.89990234375,2105.10009765625,2106.0,3682
2025-04-21 11:46:00+05:30,2109.39990234375,2109.39990234375,2106.699951171875,2107.5,3632
2025-04-21 11:47:00+05:30,2109.800048828125,2110.0,2108.5,2109.699951171875,14938
2025-04-21 11:48:00+05:30,2110.10009765625,2111.10009765625,2109.800048828125,2109.89990234375,12717
2025-04-21 11:49:00+05:30,2111.0,2111.60009765625,2110.0,2110.5,7787
2025-04-21 11:50:00+05:30,2114.0,2115.39990234375,2111.0,2111.300048828125,16780
2025-04-21 11:51:00+05:30,2116.39990234375,2116.39990234375,2113.89990234375,2114.0,6969
2025-04-21 11:52:00+05:30,2115.0,2116.60009765625,2115.0,2116.0,2791
2025-04-21 11:53:00+05:30,2115.300048828125,2115.5,2114.199951171875,2115.5,3097
2025-04-21 11:54:00+05:30,2116.60009765625,2117.0,2114.89990234375,2114.89990234375,3876
2025-04-21 11:55:00+05:30,2115.0,2117.0,2113.89990234375,2117.0,14501
2025-04-21 11:56:00+05:30,2114.800048828125,2115.199951171875,2112.39990234375,2115.0,10421
2025-04-21 11:57:00+05:30,2115.300048828125,2115.800048828125,2114.0,2114.199951171875,3089
2025-04-21 11:58:00+05:30,2113.0,2115.300048828125,2112.60009765625,2115.199951171875,8768
2025-04-21 11:59:00+05:30,2114.5,2114.699951171875,2112.60009765625,2113.5,2272
2025-04-21 12:00:00+05:30,2114.0,2114.5,2112.699951171875,2113.699951171875,3464
2025-04-21 12:01:00+05:30,2115.60009765625,2116.0,2113.5,2113.5,9982
2025-04-21 12:02:00+05:30,2115.0,2115.699951171875,2113.199951171875,2115.0,6915
2025-04-21 12:03:00+05:30,2113.199951171875,2115.0,2112.60009765625,2115.0,2248
2025-04-21 12:04:00+05:30,2114.0,2114.60009765625,2111.10009765625,2113.199951171875,23823
2025-04-21 12:05:00+05:30,2115.5,2115.5,2113.300048828125,2114.0,3769
2025-04-21 12:06:00+05:30,2112.5,2115.10009765625,2112.39990234375,2114.199951171875,3317
2025-04-21 12:07:00+05:30,2113.699951171875,2115.0,2112.199951171875,2113.39990234375,9709
2025-04-21 12:08:00+05:30,2114.199951171875,2114.199951171875,2112.199951171875,2113.699951171875,2052
2025-04-21 12:09:00+05:30,2115.0,2115.0,2113.10009765625,2113.300048828125,4369
2025-04-21 12:10:00+05:30,2110.39990234375,2115.60009765625,2110.0,2115.0,12857
2025-04-21 12:11:00+05:30,2110.89990234375,2111.10009765625,2108.199951171875,2110.300048828125,13062
2025-04-21 12:12:00+05:30,2112.0,2112.0,2110.0,2110.800048828125,2137
2025-04-21 12:13:00+05:30,2110.699951171875,2112.0,2110.699951171875,2111.199951171875,2453
2025-04-21 12:14:00+05:30,2110.89990234375,2111.0,2110.5,2111.0,1418
2025-04-21 12:15:00+05:30,2110.800048828125,2110.89990234375,2110.10009765625,2110.10009765625,1772
2025-04-21 12:16:00+05:30,2110.5,2110.89990234375,2110.199951171875,2110.89990234375,1615
2025-04-21 12:17:00+05:30,2111.5,2111.5,2110.5,2110.5,2485
2025-04-21 12:18:00+05:30,2112.0,2112.0,2111.0,2111.5,913
2025-04-21 12:19:00+05:30,2112.39990234375,2113.10009765625,2112.199951171875,2112.199951171875,3824
2025-04-21 12:20:00+05:30,2111.699951171875,2112.199951171875,2110.199951171875,2112.199951171875,1874
2025-04-21 12:21:00+05:30,2110.10009765625,2111.699951171875,2110.10009765625,2111.699951171875,3170
2025-04-21 12:22:00+05:30,2111.699951171875,2111.699951171875,2110.10009765625,2110.300048828125,1597
2025-04-21 12:23:00+05:30,2112.5,2113.39990234375,2111.10009765625,2111.699951171875,3465
2025-04-21 12:24:00+05:30,2114.5,2115.0,2112.0,2112.0,6452
2025-04-21 12:25:00+05:30,2115.0,2115.5,2114.199951171875,2114.39990234375,3206
2025-04-21 12:26:00+05:30,2116.0,2116.89990234375,2114.10009765625,2115.0,4496
2025-04-21 12:27:00+05:30,2115.60009765625,2116.60009765625,2115.5,2116.60009765625,2153
2025-04-21 12:28:00+05:30,2114.0,2114.89990234375,2113.39990234375,2114.89990234375,4938
2025-04-21 12:29:00+05:30,2112.0,2113.60009765625,2110.199951171875,2113.39990234375,4010
2025-04-21 12:30:00+05:30,2112.60009765625,2114.39990234375,2111.5,2112.0,19360
2025-04-21 12:31:00+05:30,2113.0,2113.699951171875,2111.60009765625,2111.699951171875,2108
2025-04-21 12:32:00+05:30,2113.300048828125,2114.300048828125,2112.89990234375,2113.39990234375,8554
2025-04-21 12:33:00+05:30,2113.10009765625,2115.0,2113.0,2113.300048828125,4464
2025-04-21 12:34:00+05:30,2113.699951171875,2115.0,2112.60009765625,2114.0,8799
2025-04-21 12:35:00+05:30,2115.0,2115.5,2112.89990234375,2113.60009765625,9263
2025-04-21 12:36:00+05:30,2114.699951171875,2115.199951171875,2113.60009765625,2115.0,2851
2025-04-21 12:37:00+05:30,2115.39990234375,2115.39990234375,2114.699951171875,2114.89990234375,10807
2025-04-21 12:38:00+05:30,2117.699951171875,2117.699951171875,2115.0,2115.0,11509
2025-04-21 12:39:00+05:30,2118.199951171875,2118.199951171875,2116.800048828125,2117.699951171875,5443
2025-04-21 12:40:00+05:30,2115.0,2118.10009765625,2114.699951171875,2118.10009765625,3278
2025-04-21 12:41:00+05:30,2115.0,2115.5,2114.60009765625,2115.39990234375,1095
2025-04-21 12:42:00+05:30,2114.699951171875,2115.199951171875,2113.5,2115.199951171875,2370
2025-04-21 12:43:00+05:30,2116.800048828125,2116.89990234375,2114.300048828125,2114.699951171875,9796
2025-04-21 12:44:00+05:30,2114.89990234375,2117.800048828125,2114.89990234375,2116.39990234375,2259
2025-04-21 12:45:00+05:30,2116.699951171875,2117.800048828125,2114.60009765625,2115.800048828125,1606
2025-04-21 12:46:00+05:30,2117.300048828125,2117.699951171875,2116.699951171875,2116.699951171875,1889
2025-04-21 12:47:00+05:30,2116.89990234375,2117.699951171875,2116.89990234375,2117.300048828125,3020
2025-04-21 12:48:00+05:30,2116.699951171875,2117.0,2116.0,2116.89990234375,1577
2025-04-21 12:49:00+05:30,2115.10009765625,2116.699951171875,2115.10009765625,2116.199951171875,1882
2025-04-21 12:50:00+05:30,2115.89990234375,2115.89990234375,2115.300048828125,2115.5,1093
2025-04-21 12:51:00+05:30,2115.89990234375,2116.0,2115.60009765625,2115.60009765625,1158
2025-04-21 12:52:00+05:30,2115.0,2115.800048828125,2114.0,2115.800048828125,2902
2025-04-21 12:53:00+05:30,2115.89990234375,2115.89990234375,2115.0,2115.0,9045
2025-04-21 12:54:00+05:30,2116.39990234375,2116.89990234375,2115.5,2115.5,2764
2025-04-21 12:55:00+05:30,2117.89990234375,2117.89990234375,2116.39990234375,2116.39990234375,1362
2025-04-21 12:56:00+05:30,2117.89990234375,2118.0,2117.800048828125,2117.89990234375,2623
2025-04-21 12:57:00+05:30,2117.5,2117.699951171875,2115.89990234375,2117.699951171875,5798
2025-04-21 12:58:00+05:30,2117.5,2117.800048828125,2116.39990234375,2116.39990234375,1102
2025-04-21 12:59:00+05:30,2117.300048828125,2117.5,2116.300048828125,2117.10009765625,875
2025-04-21 13:00:00+05:30,2118.10009765625,2118.300048828125,2117.300048828125,2117.300048828125,4526
2025-04-21 13:01:00+05:30,2117.5,2118.60009765625,2117.0,2118.60009765625,2571
2025-04-21 13:02:00+05:30,2117.89990234375,2117.89990234375,2117.0,2117.5,1242
2025-04-21 13:03:00+05:30,2117.300048828125,2117.89990234375,2117.300048828125,2117.89990234375,1036
2025-04-21 13:04:00+05:30,2116.39990234375,2117.5,2116.39990234375,2117.0,2456
2025-04-21 13:05:00+05:30,2116.89990234375,2117.0,2115.5,2115.800048828125,3056
2025-04-21 13:06:00+05:30,2115.800048828125,2115.800048828125,2115.0,2115.699951171875,1670
2025-04-21 13:07:00+05:30,2116.300048828125,2116.300048828125,2115.5,2115.5,1260
2025-04-21 13:08:00+05:30,2116.199951171875,2116.300048828125,2116.0,2116.300048828125,1452
2025-04-21 13:09:00+05:30,2116.300048828125,2116.300048828125,2116.0,2116.300048828125,1347
2025-04-21 13:10:00+05:30,2115.89990234375,2116.0,2115.39990234375,2116.0,1218
2025-04-21 13:11:00+05:30,2115.89990234375,2115.89990234375,2115.0,2115.800048828125,1288
2025-04-21 13:12:00+05:30,2115.39990234375,2115.800048828125,2115.0,2115.0,2358
2025-04-21 13:13:00+05:30,2116.0,2116.0,2115.300048828125,2115.39990234375,1196
2025-04-21 13:14:00+05:30,2115.800048828125,2116.0,2115.0,2116.0,1922
2025-04-21 13:15:00+05:30,2114.89990234375,2115.699951171875,2113.800048828125,2115.699951171875,5062
2025-04-21 13:16:00+05:30,2115.0,2115.39990234375,2114.0,2114.199951171875,4590
2025-04-21 13:17:00+05:30,2114.89990234375,2115.39990234375,2114.89990234375,2115.300048828125,1188
2025-04-21 13:18:00+05:30,2110.699951171875,2114.699951171875,2110.60009765625,2114.199951171875,8656
2025-04-21 13:19:00+05:30,2109.800048828125,2111.5,2108.5,2111.300048828125,32706
2025-04-21 13:20:00+05:30,2109.39990234375,2110.199951171875,2108.0,2109.60009765625,13106
2025-04-21 13:21:00+05:30,2106.699951171875,2109.39990234375,2105.10009765625,2109.39990234375,17479
2025-04-21 13:22:00+05:30,2108.5,2108.60009765625,2106.699951171875,2107.60009765625,2592
2025-04-21 13:23:00+05:30,2106.699951171875,2108.5,2105.300048828125,2108.5,4754
2025-04-21 13:24:00+05:30,2104.0,2106.800048828125,2103.39990234375,2106.699951171875,9875
2025-04-21 13:25:00+05:30,2108.0,2108.10009765625,2104.0,2104.0,6534
2025-04-21 13:26:00+05:30,2108.0,2108.10009765625,2106.60009765625,2106.89990234375,2017
2025-04-21 13:27:00+05:30,2108.60009765625,2109.10009765625,2107.699951171875,2108.0,1333
2025-04-21 13:28:00+05:30,2108.10009765625,2108.60009765625,2108.0,2108.60009765625,1881
2025-04-21 13:29:00+05:30,2108.699951171875,2109.0,2108.10009765625,2108.10009765625,749
2025-04-21 13:30:00+05:30,2108.800048828125,2109.0,2108.39990234375,2108.39990234375,2132
2025-04-21 13:31:00+05:30,2109.10009765625,2109.10009765625,2108.0,2108.89990234375,4922
2025-04-21 13:32:00+05:30,2110.10009765625,2110.10009765625,2109.0,2109.10009765625,9918
2025-04-21 13:33:00+05:30,2109.10009765625,2110.10009765625,2107.699951171875,2109.39990234375,5655
2025-04-21 13:34:00+05:30,2113.300048828125,2113.300048828125,2108.699951171875,2109.10009765625,10193
2025-04-21 13:35:00+05:30,2113.800048828125,2115.0,2113.300048828125,2113.60009765625,11612
2025-04-21 13:36:00+05:30,2114.5,2115.0,2112.89990234375,2112.89990234375,4065
2025-04-21 13:37:00+05:30,2114.0,2114.89990234375,2113.199951171875,2114.60009765625,8328
2025-04-21 13:38:00+05:30,2112.10009765625,2114.0,2112.10009765625,2113.39990234375,6115
2025-04-21 13:39:00+05:30,2112.699951171875,2114.5,2111.89990234375,2111.89990234375,7523
2025-04-21 13:40:00+05:30,2108.300048828125,2112.800048828125,2108.10009765625,2112.0,5192
2025-04-21 13:41:00+05:30,2104.699951171875,2108.800048828125,2104.199951171875,2108.5,7760
2025-04-21 13:42:00+05:30,2104.60009765625,2105.0,2103.199951171875,2104.0,3907
2025-04-21 13:43:00+05:30,2102.699951171875,2104.300048828125,2102.10009765625,2104.0,3532
2025-04-21 13:44:00+05:30,2103.300048828125,2104.60009765625,2102.300048828125,2102.699951171875,2547
2025-04-21 13:45:00+05:30,2103.699951171875,2104.5,2101.0,2103.300048828125,4407
2025-04-21 13:46:00+05:30,2103.300048828125,2104.800048828125,2103.199951171875,2103.699951171875,3553
2025-04-21 13:47:00+05:30,2104.5,2104.800048828125,2103.10009765625,2103.699951171875,2290
2025-04-21 13:48:00+05:30,2104.5,2105.0,2103.800048828125,2103.800048828125,2442
2025-04-21 13:49:00+05:30,2105.0,2105.0,2104.10009765625,2104.39990234375,4626
2025-04-21 13:50:00+05:30,2106.0,2106.0,2105.0,2105.39990234375,3632
2025-04-21 13:51:00+05:30,2109.0,2109.0,2106.10009765625,2106.10009765625,3118
2025-04-21 13:52:00+05:30,2110.0,2110.199951171875,2108.0,2108.0,4913
2025-04-21 13:53:00+05:30,2107.0,2110.0,2106.10009765625,2110.0,3987
2025-04-21 13:54:00+05:30,2108.10009765625,2108.39990234375,2106.300048828125,2107.0,2624
2025-04-21 13:55:00+05:30,2106.39990234375,2107.699951171875,2106.0,2107.699951171875,1795
2025-04-21 13:56:00+05:30,2104.89990234375,2106.0,2104.5,2105.699951171875,1544
2025-04-21 13:57:00+05:30,2104.60009765625,2105.0,2104.199951171875,2104.39990234375,1078
2025-04-21 13:58:00+05:30,2105.800048828125,2105.800048828125,2103.5,2103.800048828125,4105
2025-04-21 13:59:00+05:30,2106.5,2106.5,2104.89990234375,2104.89990234375,1248
2025-04-21 14:00:00+05:30,2104.10009765625,2107.199951171875,2104.10009765625,2106.199951171875,6273
2025-04-21 14:01:00+05:30,2107.0,2107.0,2104.39990234375,2104.39990234375,984
2025-04-21 14:02:00+05:30,2105.199951171875,2107.300048828125,2103.699951171875,2106.199951171875,5734
2025-04-21 14:03:00+05:30,2104.699951171875,2105.0,2104.5,2104.5,411
2025-04-21 14:04:00+05:30,2104.60009765625,2105.199951171875,2104.60009765625,2104.60009765625,1897
2025-04-21 14:05:00+05:30,2107.10009765625,2107.10009765625,2105.199951171875,2105.199951171875,1605
2025-04-21 14:06:00+05:30,2105.10009765625,2107.10009765625,2105.10009765625,2106.199951171875,1370
2025-04-21 14:07:00+05:30,2105.10009765625,2105.39990234375,2105.10009765625,2105.39990234375,1381
2025-04-21 14:08:00+05:30,2106.0,2106.0,2104.800048828125,2105.0,2450
2025-04-21 14:09:00+05:30,2106.0,2106.0,2105.300048828125,2105.300048828125,824
2025-04-21 14:10:00+05:30,2104.699951171875,2106.0,2104.699951171875,2105.699951171875,2241
2025-04-21 14:11:00+05:30,2105.5,2105.5,2104.699951171875,2104.800048828125,1520
2025-04-21 14:12:00+05:30,2105.60009765625,2105.60009765625,2104.699951171875,2105.0,828
2025-04-21 14:13:00+05:30,2104.199951171875,2105.39990234375,2104.199951171875,2105.199951171875,5002
2025-04-21 14:14:00+05:30,2105.0,2105.0,2104.699951171875,2104.89990234375,954
2025-04-21 14:15:00+05:30,2105.60009765625,2105.60009765625,2105.0,2105.0,1776
2025-04-21 14:16:00+05:30,2106.0,2106.0,2105.5,2105.60009765625,1509
2025-04-21 14:17:00+05:30,2104.5,2106.0,2104.5,2105.60009765625,1358
2025-04-21 14:18:00+05:30,2103.300048828125,2105.0,2103.300048828125,2104.0,1986
2025-04-21 14:19:00+05:30,2104.10009765625,2104.300048828125,2103.0,2104.10009765625,1596
2025-04-21 14:20:00+05:30,2103.39990234375,2104.199951171875,2103.199951171875,2104.0,2226
2025-04-21 14:21:00+05:30,2104.0,2104.0,2103.5,2103.5,2809
2025-04-21 14:22:00+05:30,2103.89990234375,2104.5,2103.60009765625,2103.60009765625,1955
2025-04-21 14:23:00+05:30,2104.0,2104.800048828125,2103.300048828125,2104.199951171875,2093
2025-04-21 14:24:00+05:30,2104.89990234375,2105.0,2104.10009765625,2104.10009765625,1416
2025-04-21 14:25:00+05:30,2104.699951171875,2104.800048828125,2104.300048828125,2104.300048828125,901
2025-04-21 14:26:00+05:30,2104.89990234375,2105.0,2104.5,2104.5,1237
2025-04-21 14:27:00+05:30,2105.0,2105.300048828125,2104.699951171875,2105.300048828125,3906
2025-04-21 14:28:00+05:30,2103.199951171875,2105.0,2103.199951171875,2105.0,2547
2025-04-21 14:29:00+05:30,2104.300048828125,2104.60009765625,2103.199951171875,2103.39990234375,875
2025-04-21 14:30:00+05:30,2104.0,2104.60009765625,2103.10009765625,2103.5,2188
2025-04-21 14:31:00+05:30,2104.0,2104.0,2103.199951171875,2103.300048828125,1197
2025-04-21 14:32:00+05:30,2103.800048828125,2103.800048828125,2102.199951171875,2103.60009765625,3599
2025-04-21 14:33:00+05:30,2103.300048828125,2104.0,2103.0,2103.0,1796
2025-04-21 14:34:00+05:30,2103.0,2104.0,2103.0,2103.5,2598
2025-04-21 14:35:00+05:30,2102.800048828125,2102.800048828125,2102.39990234375,2102.800048828125,423
2025-04-21 14:36:00+05:30,2103.800048828125,2103.800048828125,2102.39990234375,2102.800048828125,1503
2025-04-21 14:37:00+05:30,2103.39990234375,2103.699951171875,2102.5,2103.5,2738
2025-04-21 14:38:00+05:30,2104.0,2104.0,2103.39990234375,2103.39990234375,1307
2025-04-21 14:39:00+05:30,2103.89990234375,2103.89990234375,2102.699951171875,2103.5,2480
2025-04-21 14:40:00+05:30,2103.10009765625,2104.0,2102.699951171875,2103.0,2800
2025-04-21 14:41:00+05:30,2102.60009765625,2103.800048828125,2102.60009765625,2103.10009765625,1212
2025-04-21 14:42:00+05:30,2103.699951171875,2103.800048828125,2102.60009765625,2102.60009765625,1462
2025-04-21 14:43:00+05:30,2103.5,2103.699951171875,2103.39990234375,2103.39990234375,798
2025-04-21 14:44:00+05:30,2104.0,2104.0,2103.39990234375,2103.39990234375,2142
2025-04-21 14:45:00+05:30,2104.800048828125,2104.800048828125,2104.0,2104.0,3601
2025-04-21 14:46:00+05:30,2105.0,2105.0,2104.699951171875,2104.699951171875,2757
2025-04-21 14:47:00+05:30,2105.0,2105.800048828125,2104.89990234375,2105.39990234375,2274
2025-04-21 14:48:00+05:30,2105.10009765625,2105.60009765625,2104.800048828125,2104.800048828125,2296
2025-04-21 14:49:00+05:30,2107.800048828125,2108.5,2104.89990234375,2105.10009765625,12442
2025-04-21 14:50:00+05:30,2108.39990234375,2108.5,2106.199951171875,2107.199951171875,3021
2025-04-21 14:51:00+05:30,2106.60009765625,2108.300048828125,2106.60009765625,2108.199951171875,5315
2025-04-21 14:52:00+05:30,2107.0,2107.0,2105.699951171875,2106.60009765625,2672
2025-04-21 14:53:00+05:30,2105.5,2107.0,2105.5,2106.89990234375,2559
2025-04-21 14:54:00+05:30,2105.0,2106.10009765625,2105.0,2105.699951171875,4497
2025-04-21 14:55:00+05:30,2105.60009765625,2105.60009765625,2105.0,2105.0,1901
2025-04-21 14:56:00+05:30,2105.5,2106.5,2105.5,2105.5,4318
2025-04-21 14:57:00+05:30,2105.199951171875,2106.60009765625,2105.10009765625,2105.10009765625,2664
2025-04-21 14:58:00+05:30,2105.5,2106.39990234375,2105.199951171875,2105.5,4828
2025-04-21 14:59:00+05:30,2105.10009765625,2105.699951171875,2105.0,2105.699951171875,3042
2025-04-21 15:00:00+05:30,2104.5,2106.0,2104.5,2105.89990234375,5409
2025-04-21 15:01:00+05:30,2104.60009765625,2105.0,2104.0,2104.0,2366
2025-04-21 15:02:00+05:30,2102.699951171875,2104.699951171875,2102.699951171875,2104.699951171875,5345
2025-04-21 15:03:00+05:30,2098.699951171875,2102.699951171875,2098.699951171875,2102.699951171875,15940
2025-04-21 15:04:00+05:30,2098.10009765625,2099.800048828125,2097.0,2098.89990234375,7641
2025-04-21 15:05:00+05:30,2098.0,2099.0,2097.300048828125,2097.300048828125,2923
2025-04-21 15:06:00+05:30,2102.199951171875,2102.60009765625,2097.0,2097.699951171875,9862
2025-04-21 15:07:00+05:30,2103.5,2103.800048828125,2101.39990234375,2101.39990234375,3696
2025-04-21 15:08:00+05:30,2103.0,2103.300048828125,2101.60009765625,2102.39990234375,1935
2025-04-21 15:09:00+05:30,2102.199951171875,2102.60009765625,2101.199951171875,2102.39990234375,2024
2025-04-21 15:10:00+05:30,2102.300048828125,2103.0,2101.699951171875,2102.800048828125,2878
2025-04-21 15:11:00+05:30,2103.699951171875,2103.699951171875,2102.300048828125,2102.300048828125,6103
2025-04-21 15:12:00+05:30,2103.5,2103.699951171875,2103.199951171875,2103.199951171875,1228
2025-04-21 15:13:00+05:30,2104.89990234375,2104.89990234375,2103.199951171875,2103.199951171875,3501
2025-04-21 15:14:00+05:30,2103.5,2104.89990234375,2103.5,2104.89990234375,5620
2025-04-21 15:15:00+05:30,2103.699951171875,2103.89990234375,2102.89990234375,2103.300048828125,15918
2025-04-21 15:16:00+05:30,2103.699951171875,2104.0,2102.199951171875,2103.60009765625,6105
2025-04-21 15:17:00+05:30,2104.0,2104.39990234375,2103.199951171875,2103.60009765625,6733
2025-04-21 15:18:00+05:30,2105.0,2106.0,2102.800048828125,2103.10009765625,14157
2025-04-21 15:19:00+05:30,2105.89990234375,2106.0,2104.89990234375,2105.0,8770
2025-04-21 15:20:00+05:30,2104.0,2105.0,2103.199951171875,2105.0,11194
2025-04-21 15:21:00+05:30,2103.60009765625,2104.300048828125,2103.39990234375,2103.699951171875,3415
2025-04-21 15:22:00+05:30,2103.5,2104.199951171875,2102.800048828125,2104.199951171875,6381
2025-04-21 15:23:00+05:30,2106.199951171875,2106.199951171875,2102.89990234375,2102.89990234375,16133
2025-04-21 15:24:00+05:30,2106.0,2106.39990234375,2105.0,2106.0,5136
2025-04-21 15:25:00+05:30,2106.0,2106.5,2106.0,2106.10009765625,8022
2025-04-21 15:26:00+05:30,2106.39990234375,2106.5,2106.0,2106.10009765625,5140
2025-04-21 15:27:00+05:30,2105.300048828125,2106.699951171875,2105.0,2106.699951171875,3036
2025-04-21 15:28:00+05:30,2105.699951171875,2106.39990234375,2105.0,2105.199951171875,3877
2025-04-21 15:29:00+05:30,2103.5,2106.39990234375,2103.5,2105.199951171875,14041
2025-04-22 09:15:00+05:30,2098.699951171875,2110.0,2098.699951171875,2110.0,0
2025-04-22 09:16:00+05:30,2091.39990234375,2099.10009765625,2088.699951171875,2097.60009765625,13452
2025-04-22 09:17:00+05:30,2096.0,2096.0,2090.199951171875,2090.39990234375,7545
2025-04-22 09:18:00+05:30,2098.5,2099.0,2096.0,2096.699951171875,7204
2025-04-22 09:19:00+05:30,2099.800048828125,2101.199951171875,2096.0,2097.0,13220
2025-04-22 09:20:00+05:30,2096.10009765625,2099.800048828125,2095.10009765625,2099.199951171875,4708
2025-04-22 09:21:00+05:30,2096.0,2098.89990234375,2095.300048828125,2095.5,2690
2025-04-22 09:22:00+05:30,2100.199951171875,2104.800048828125,2096.0,2096.0,10486
2025-04-22 09:23:00+05:30,2097.0,2100.699951171875,2097.0,2099.5,3668
2025-04-22 09:24:00+05:30,2099.60009765625,2100.89990234375,2096.39990234375,2096.60009765625,3853
2025-04-22 09:25:00+05:30,2100.39990234375,2102.699951171875,2099.0,2099.0,5264
2025-04-22 09:26:00+05:30,2098.10009765625,2104.0,2098.10009765625,2100.89990234375,5510
2025-04-22 09:27:00+05:30,2098.89990234375,2098.89990234375,2096.0,2097.0,3750
2025-04-22 09:28:00+05:30,2096.300048828125,2099.0,2095.10009765625,2097.60009765625,3209
2025-04-22 09:29:00+05:30,2095.39990234375,2096.5,2094.39990234375,2096.199951171875,5492
2025-04-22 09:30:00+05:30,2095.800048828125,2095.800048828125,2093.5,2095.10009765625,6513
2025-04-22 09:31:00+05:30,2096.60009765625,2097.89990234375,2094.199951171875,2095.699951171875,1431
2025-04-22 09:32:00+05:30,2095.5,2097.39990234375,2095.5,2095.699951171875,576
2025-04-22 09:33:00+05:30,2095.800048828125,2097.199951171875,2094.39990234375,2097.199951171875,4493
2025-04-22 09:34:00+05:30,2094.10009765625,2095.89990234375,2094.0,2095.0,2401
2025-04-22 09:35:00+05:30,2093.300048828125,2095.89990234375,2092.199951171875,2094.10009765625,4305
2025-04-22 09:36:00+05:30,2095.199951171875,2097.300048828125,2093.199951171875,2094.10009765625,4165
2025-04-22 09:37:00+05:30,2094.300048828125,2097.39990234375,2094.300048828125,2095.5,3733
2025-04-22 09:38:00+05:30,2093.199951171875,2096.89990234375,2093.199951171875,2094.0,2444
2025-04-22 09:39:00+05:30,2092.199951171875,2093.89990234375,2091.800048828125,2093.199951171875,4188
2025-04-22 09:40:00+05:30,2090.0,2092.199951171875,2090.0,2092.199951171875,4628
2025-04-22 09:41:00+05:30,2091.199951171875,2091.300048828125,2088.0,2090.5,13366
2025-04-22 09:42:00+05:30,2093.300048828125,2095.199951171875,2091.199951171875,2091.199951171875,2200
2025-04-22 09:43:00+05:30,2092.699951171875,2094.60009765625,2092.10009765625,2093.199951171875,2492
2025-04-22 09:44:00+05:30,2094.0,2094.0,2092.699951171875,2093.5,1928
2025-04-22 09:45:00+05:30,2094.300048828125,2095.300048828125,2093.10009765625,2094.60009765625,6599
2025-04-22 09:46:00+05:30,2093.39990234375,2094.300048828125,2093.0,2094.300048828125,12039
2025-04-22 09:47:00+05:30,2093.800048828125,2094.0,2093.39990234375,2093.39990234375,754
2025-04-22 09:48:00+05:30,2092.10009765625,2094.5,2092.10009765625,2093.39990234375,3806
2025-04-22 09:49:00+05:30,2089.5,2091.5,2088.800048828125,2091.5,4112
2025-04-22 09:50:00+05:30,2087.5,2089.199951171875,2087.10009765625,2088.89990234375,3699
2025-04-22 09:51:00+05:30,2086.10009765625,2088.10009765625,2086.10009765625,2087.39990234375,4595
2025-04-22 09:52:00+05:30,2083.60009765625,2086.5,2083.60009765625,2085.89990234375,9551
2025-04-22 09:53:00+05:30,2081.60009765625,2084.0,2081.0,2082.800048828125,7068
2025-04-22 09:54:00+05:30,2078.89990234375,2081.800048828125,2078.699951171875,2081.10009765625,12097
2025-04-22 09:55:00+05:30,2078.300048828125,2079.800048828125,2077.89990234375,2078.699951171875,12732
2025-04-22 09:56:00+05:30,2081.60009765625,2082.60009765625,2078.0,2078.0,3979
2025-04-22 09:57:00+05:30,2080.89990234375,2083.199951171875,2080.89990234375,2081.89990234375,4692
2025-04-22 09:58:00+05:30,2079.60009765625,2081.5,2079.60009765625,2080.199951171875,4468
2025-04-22 09:59:00+05:30,2079.0,2079.800048828125,2079.0,2079.60009765625,1741
2025-04-22 10:00:00+05:30,2078.10009765625,2080.0,2078.10009765625,2078.800048828125,1630
2025-04-22 10:01:00+05:30,2081.699951171875,2081.699951171875,2077.300048828125,2078.199951171875,2179
2025-04-22 10:02:00+05:30,2082.60009765625,2084.5,2080.300048828125,2081.89990234375,4419
2025-04-22 10:03:00+05:30,2080.5,2082.89990234375,2080.5,2082.60009765625,3473
2025-04-22 10:04:00+05:30,2079.60009765625,2081.0,2079.0,2080.89990234375,3499
2025-04-22 10:05:00+05:30,2084.0,2084.300048828125,2079.39990234375,2079.60009765625,4862
2025-04-22 10:06:00+05:30,2084.5,2085.0,2083.0,2083.199951171875,1877
2025-04-22 10:07:00+05:30,2084.800048828125,2085.0,2083.10009765625,2085.0,6689
2025-04-22 10:08:00+05:30,2087.199951171875,2087.199951171875,2084.5,2084.800048828125,2643
2025-04-22 10:09:00+05:30,2088.0,2088.39990234375,2086.89990234375,2086.89990234375,4909
2025-04-22 10:10:00+05:30,2090.60009765625,2091.5,2088.199951171875,2088.89990234375,9726
2025-04-22 10:11:00+05:30,2093.699951171875,2093.699951171875,2090.0,2090.0,8484
2025-04-22 10:12:00+05:30,2092.199951171875,2094.89990234375,2091.10009765625,2093.800048828125,1604
2025-04-22 10:13:00+05:30,2090.10009765625,2093.300048828125,2090.0,2092.39990234375,3956
2025-04-22 10:14:00+05:30,2091.800048828125,2091.89990234375,2090.199951171875,2090.300048828125,2521
2025-04-22 10:15:00+05:30,2089.89990234375,2092.39990234375,2089.800048828125,2091.5,2987
2025-04-22 10:16:00+05:30,2088.0,2091.199951171875,2087.5,2089.800048828125,4340
2025-04-22 10:17:00+05:30,2089.10009765625,2089.89990234375,2088.0,2088.0,1496
2025-04-22 10:18:00+05:30,2087.10009765625,2088.89990234375,2087.10009765625,2088.89990234375,687
2025-04-22 10:19:00+05:30,2086.89990234375,2088.300048828125,2086.89990234375,2087.10009765625,1104
2025-04-22 10:20:00+05:30,2087.0,2087.0,2086.5,2086.699951171875,715
2025-04-22 10:21:00+05:30,2088.699951171875,2088.699951171875,2086.699951171875,2086.699951171875,1839
2025-04-22 10:22:00+05:30,2088.199951171875,2089.5,2088.199951171875,2089.5,1406
2025-04-22 10:23:00+05:30,2087.199951171875,2088.199951171875,2086.5,2088.10009765625,2933
2025-04-22 10:24:00+05:30,2086.199951171875,2086.60009765625,2085.0,2086.60009765625,3203
2025-04-22 10:25:00+05:30,2085.800048828125,2087.0,2085.0,2085.39990234375,1865
2025-04-22 10:26:00+05:30,2087.5,2087.60009765625,2085.89990234375,2086.10009765625,1876
2025-04-22 10:27:00+05:30,2085.39990234375,2086.89990234375,2085.199951171875,2086.89990234375,3864
2025-04-22 10:28:00+05:30,2088.5,2089.0,2085.300048828125,2085.699951171875,6774
2025-04-22 10:29:00+05:30,2086.39990234375,2089.39990234375,2086.199951171875,2088.300048828125,1859
2025-04-22 10:30:00+05:30,2086.800048828125,2088.0,2086.199951171875,2086.39990234375,3036
2025-04-22 10:31:00+05:30,2086.0,2087.300048828125,2082.89990234375,2086.800048828125,5149
2025-04-22 10:32:00+05:30,2083.89990234375,2085.800048828125,2083.10009765625,2085.699951171875,6034
2025-04-22 10:33:00+05:30,2086.5,2086.800048828125,2083.699951171875,2083.89990234375,1129
2025-04-22 10:34:00+05:30,2087.800048828125,2089.800048828125,2086.300048828125,2086.39990234375,4971
2025-04-22 10:35:00+05:30,2089.199951171875,2090.0,2087.300048828125,2088.60009765625,1882
2025-04-22 10:36:00+05:30,2087.39990234375,2089.199951171875,2086.300048828125,2089.0,2843
2025-04-22 10:37:00+05:30,2085.5,2087.800048828125,2085.199951171875,2087.39990234375,1090
2025-04-22 10:38:00+05:30,2086.10009765625,2086.89990234375,2085.0,2085.300048828125,1613
2025-04-22 10:39:00+05:30,2085.699951171875,2087.5,2085.699951171875,2087.0,760
2025-04-22 10:40:00+05:30,2081.0,2085.699951171875,2081.0,2085.699951171875,18028
2025-04-22 10:41:00+05:30,2081.300048828125,2082.5,2080.89990234375,2081.0,1233
2025-04-22 10:42:00+05:30,2080.39990234375,2082.0,2080.0,2081.300048828125,6409
2025-04-22 10:43:00+05:30,2082.89990234375,2083.0,2080.39990234375,2080.39990234375,3229
2025-04-22 10:44:00+05:30,2082.60009765625,2083.0,2081.800048828125,2082.800048828125,1900
2025-04-22 10:45:00+05:30,2082.0,2083.0,2081.0,2083.0,932
2025-04-22 10:46:00+05:30,2081.89990234375,2081.89990234375,2081.0,2081.699951171875,693
2025-04-22 10:47:00+05:30,2081.699951171875,2083.0,2081.10009765625,2081.800048828125,1605
2025-04-22 10:48:00+05:30,2081.89990234375,2082.60009765625,2080.39990234375,2081.199951171875,1527
2025-04-22 10:49:00+05:30,2080.800048828125,2083.0,2080.800048828125,2082.10009765625,1428
2025-04-22 10:50:00+05:30,2082.39990234375,2082.800048828125,2080.10009765625,2081.60009765625,699
2025-04-22 10:51:00+05:30,2082.0,2082.5,2081.39990234375,2082.10009765625,850
2025-04-22 10:52:00+05:30,2083.199951171875,2083.300048828125,2081.60009765625,2082.0,11410
2025-04-22 10:53:00+05:30,2082.199951171875,2083.199951171875,2082.10009765625,2082.699951171875,2400
2025-04-22 10:54:00+05:30,2082.39990234375,2083.0,2082.0,2082.199951171875,1894
2025-04-22 10:55:00+05:30,2081.0,2083.0,2081.0,2082.39990234375,5248
2025-04-22 10:56:00+05:30,2079.199951171875,2082.300048828125,2079.199951171875,2081.0,7829
2025-04-22 10:57:00+05:30,2080.300048828125,2082.199951171875,2079.300048828125,2079.699951171875,3862
2025-04-22 10:58:00+05:30,2081.60009765625,2081.89990234375,2079.300048828125,2080.39990234375,3235
2025-04-22 10:59:00+05:30,2081.60009765625,2082.5,2080.89990234375,2081.199951171875,988
2025-04-22 11:00:00+05:30,2082.5,2082.800048828125,2081.0,2081.800048828125,1463
2025-04-22 11:01:00+05:30,2082.10009765625,2082.800048828125,2081.39990234375,2081.60009765625,1691
2025-04-22 11:02:00+05:30,2081.699951171875,2082.89990234375,2081.300048828125,2082.10009765625,803
2025-04-22 11:03:00+05:30,2082.89990234375,2082.89990234375,2080.699951171875,2081.699951171875,3947
2025-04-22 11:04:00+05:30,2082.699951171875,2083.0,2081.800048828125,2082.89990234375,5573
2025-04-22 11:05:00+05:30,2082.60009765625,2083.0,2082.39990234375,2083.0,583
2025-04-22 11:06:00+05:30,2083.0,2083.0,2082.60009765625,2082.60009765625,555
2025-04-22 11:07:00+05:30,2082.10009765625,2083.0,2082.10009765625,2082.699951171875,1105
2025-04-22 11:08:00+05:30,2079.5,2081.89990234375,2079.300048828125,2081.5,5240
2025-04-22 11:09:00+05:30,2079.199951171875,2080.300048828125,2079.199951171875,2079.199951171875,1263
2025-04-22 11:10:00+05:30,2079.10009765625,2079.60009765625,2079.10009765625,2079.39990234375,663
2025-04-22 11:11:00+05:30,2079.699951171875,2081.10009765625,2079.199951171875,2079.199951171875,1445
2025-04-22 11:12:00+05:30,2077.199951171875,2078.10009765625,2076.199951171875,2077.60009765625,10086
2025-04-22 11:13:00+05:30,2077.5,2079.89990234375,2076.10009765625,2077.60009765625,4548
2025-04-22 11:14:00+05:30,2076.5,2078.300048828125,2076.5,2077.800048828125,3015
2025-04-22 11:15:00+05:30,2073.699951171875,2076.5,2072.10009765625,2076.5,21672
2025-04-22 11:16:00+05:30,2072.89990234375,2074.39990234375,2071.199951171875,2073.0,2317
2025-04-22 11:17:00+05:30,2072.800048828125,2073.89990234375,2072.5,2072.60009765625,3123
2025-04-22 11:18:00+05:30,2073.199951171875,2074.10009765625,2072.199951171875,2072.89990234375,2274
2025-04-22 11:19:00+05:30,2074.39990234375,2074.39990234375,2072.5,2074.0,1080
2025-04-22 11:20:00+05:30,2076.10009765625,2076.699951171875,2073.60009765625,2074.199951171875,3215
2025-04-22 11:21:00+05:30,2078.800048828125,2079.300048828125,2076.39990234375,2076.699951171875,2369
2025-04-22 11:22:00+05:30,2081.60009765625,2082.5,2079.199951171875,2079.199951171875,2655
2025-04-22 11:23:00+05:30,2079.10009765625,2082.0,2078.60009765625,2081.60009765625,1617
2025-04-22 11:24:00+05:30,2076.199951171875,2081.10009765625,2076.199951171875,2079.10009765625,6514
2025-04-22 11:25:00+05:30,2079.0,2079.5,2076.199951171875,2076.199951171875,21262
2025-04-22 11:26:00+05:30,2081.60009765625,2081.60009765625,2077.800048828125,2078.0,5415
2025-04-22 11:27:00+05:30,2083.0,2083.0,2081.300048828125,2082.0,7346
2025-04-22 11:28:00+05:30,2082.800048828125,2083.0,2082.60009765625,2083.0,3033
2025-04-22 11:29:00+05:30,2091.0,2091.0,2083.0,2083.0,16349
2025-04-22 11:30:00+05:30,2094.10009765625,2094.699951171875,2089.0,2090.89990234375,13923
2025-04-22 11:31:00+05:30,2099.5,2099.800048828125,2093.39990234375,2094.5,8729
2025-04-22 11:32:00+05:30,2097.0,2099.800048828125,2097.0,2099.199951171875,5147
2025-04-22 11:33:00+05:30,2096.60009765625,2097.800048828125,2095.699951171875,2096.800048828125,3786
2025-04-22 11:34:00+05:30,2094.5,2096.699951171875,2093.39990234375,2096.300048828125,2459
2025-04-22 11:35:00+05:30,2091.89990234375,2095.699951171875,2091.89990234375,2093.300048828125,2453
2025-04-22 11:36:00+05:30,2097.199951171875,2098.0,2090.60009765625,2092.0,8251
2025-04-22 11:37:00+05:30,2097.5,2097.699951171875,2096.0,2097.5,1993
2025-04-22 11:38:00+05:30,2097.300048828125,2098.0,2097.199951171875,2097.89990234375,2188
2025-04-22 11:39:00+05:30,2097.89990234375,2098.699951171875,2096.5,2098.0,3956
2025-04-22 11:40:00+05:30,2098.300048828125,2098.699951171875,2096.39990234375,2097.699951171875,1413
2025-04-22 11:41:00+05:30,2097.5,2098.199951171875,2096.300048828125,2096.5,2710
2025-04-22 11:42:00+05:30,2096.89990234375,2097.5,2096.10009765625,2097.5,1030
2025-04-22 11:43:00+05:30,2096.60009765625,2097.5,2095.300048828125,2096.89990234375,659
2025-04-22 11:44:00+05:30,2093.5,2096.699951171875,2093.5,2096.699951171875,2432
2025-04-22 11:45:00+05:30,2095.300048828125,2096.0,2094.5,2095.10009765625,1755
2025-04-22 11:46:00+05:30,2094.39990234375,2095.89990234375,2093.10009765625,2095.199951171875,815
2025-04-22 11:47:00+05:30,2094.300048828125,2095.0,2093.699951171875,2094.60009765625,1185
2025-04-22 11:48:00+05:30,2094.5,2095.0,2093.0,2094.89990234375,913
2025-04-22 11:49:00+05:30,2094.0,2094.5,2093.199951171875,2094.10009765625,974
2025-04-22 11:50:00+05:30,2092.60009765625,2094.0,2092.39990234375,2093.5,1468
2025-04-22 11:51:00+05:30,2091.0,2092.800048828125,2087.199951171875,2092.800048828125,3729
2025-04-22 11:52:00+05:30,2093.89990234375,2094.0,2090.699951171875,2091.0,1801
2025-04-22 11:53:00+05:30,2091.699951171875,2095.0,2091.699951171875,2095.0,2350
2025-04-22 11:54:00+05:30,2094.10009765625,2094.5,2091.60009765625,2091.60009765625,818
2025-04-22 11:55:00+05:30,2093.39990234375,2095.0,2091.300048828125,2093.800048828125,1630
2025-04-22 11:56:00+05:30,2093.800048828125,2094.5,2092.60009765625,2093.800048828125,843
2025-04-22 11:57:00+05:30,2093.699951171875,2095.0,2093.0,2093.89990234375,5488
2025-04-22 11:58:00+05:30,2099.5,2100.0,2093.5,2093.5,29542
2025-04-22 11:59:00+05:30,2096.0,2099.5,2094.60009765625,2099.5,25469
2025-04-22 12:00:00+05:30,2097.199951171875,2098.89990234375,2095.39990234375,2095.699951171875,5749
2025-04-22 12:01:00+05:30,2096.199951171875,2096.199951171875,2095.0,2096.199951171875,2119
2025-04-22 12:02:00+05:30,2097.89990234375,2098.0,2095.699951171875,2096.10009765625,1885
2025-04-22 12:03:00+05:30,2098.0,2098.0,2097.300048828125,2097.800048828125,681
2025-04-22 12:04:00+05:30,2097.699951171875,2098.0,2097.699951171875,2098.0,1622
2025-04-22 12:05:00+05:30,2096.0,2097.699951171875,2095.300048828125,2097.699951171875,1733
2025-04-22 12:06:00+05:30,2095.89990234375,2096.0,2095.0,2095.60009765625,1423
2025-04-22 12:07:00+05:30,2095.800048828125,2096.0,2095.5,2095.89990234375,282
2025-04-22 12:08:00+05:30,2099.5,2099.89990234375,2095.199951171875,2095.800048828125,7396
2025-04-22 12:09:00+05:30,2097.89990234375,2100.0,2097.10009765625,2099.199951171875,2595
2025-04-22 12:10:00+05:30,2097.5,2098.89990234375,2097.39990234375,2097.89990234375,505
2025-04-22 12:11:00+05:30,2095.800048828125,2097.5,2095.300048828125,2097.0,1160
2025-04-22 12:12:00+05:30,2097.5,2097.5,2095.699951171875,2095.800048828125,808
2025-04-22 12:13:00+05:30,2098.10009765625,2098.199951171875,2097.199951171875,2097.5,1530
2025-04-22 12:14:00+05:30,2098.39990234375,2098.89990234375,2096.699951171875,2098.10009765625,1830
2025-04-22 12:15:00+05:30,2098.199951171875,2098.39990234375,2097.699951171875,2098.39990234375,1767
2025-04-22 12:16:00+05:30,2098.89990234375,2099.89990234375,2098.199951171875,2098.199951171875,3457
2025-04-22 12:17:00+05:30,2097.10009765625,2099.199951171875,2097.10009765625,2099.0,1469
2025-04-22 12:18:00+05:30,2097.60009765625,2099.0,2096.199951171875,2097.10009765625,2120
2025-04-22 12:19:00+05:30,2097.5,2097.800048828125,2095.699951171875,2097.10009765625,4143
2025-04-22 12:20:00+05:30,2097.5,2097.800048828125,2097.0,2097.300048828125,674
2025-04-22 12:21:00+05:30,2095.39990234375,2097.60009765625,2094.89990234375,2097.0,823
2025-04-22 12:22:00+05:30,2096.0,2096.0,2093.5,2095.5,2045
2025-04-22 12:23:00+05:30,2097.199951171875,2097.60009765625,2095.5,2095.89990234375,718
2025-04-22 12:24:00+05:30,2096.699951171875,2097.10009765625,2095.199951171875,2096.60009765625,661
2025-04-22 12:25:00+05:30,2095.39990234375,2096.5,2094.0,2096.5,2101
2025-04-22 12:26:00+05:30,2095.199951171875,2096.0,2094.300048828125,2094.39990234375,1125
2025-04-22 12:27:00+05:30,2095.699951171875,2096.39990234375,2094.5,2094.699951171875,715
2025-04-22 12:28:00+05:30,2095.5,2095.699951171875,2095.10009765625,2095.699951171875,309
2025-04-22 12:29:00+05:30,2095.199951171875,2095.5,2095.0,2095.5,1167
2025-04-22 12:30:00+05:30,2095.0,2095.5,2095.0,2095.300048828125,1712
2025-04-22 12:31:00+05:30,2095.0,2095.0,2094.300048828125,2094.89990234375,1005
2025-04-22 12:32:00+05:30,2095.699951171875,2097.0,2095.0,2095.0,1686
2025-04-22 12:33:00+05:30,2095.699951171875,2095.800048828125,2094.699951171875,2095.800048828125,2141
2025-04-22 12:34:00+05:30,2096.60009765625,2096.800048828125,2095.39990234375,2095.699951171875,778
2025-04-22 12:35:00+05:30,2096.39990234375,2097.0,2095.5,2096.800048828125,1162
2025-04-22 12:36:00+05:30,2097.60009765625,2098.0,2096.39990234375,2096.89990234375,998
2025-04-22 12:37:00+05:30,2097.0,2097.89990234375,2096.60009765625,2097.89990234375,544
2025-04-22 12:38:00+05:30,2095.300048828125,2097.0,2095.300048828125,2097.0,1446
2025-04-22 12:39:00+05:30,2098.0,2098.0,2096.5,2096.5,820
2025-04-22 12:40:00+05:30,2098.0,2098.0,2097.10009765625,2098.0,237
2025-04-22 12:41:00+05:30,2097.800048828125,2098.199951171875,2097.39990234375,2098.0,2092
2025-04-22 12:42:00+05:30,2099.5,2099.89990234375,2097.60009765625,2098.39990234375,2400
2025-04-22 12:43:00+05:30,2097.0,2099.60009765625,2097.0,2099.60009765625,3332
2025-04-22 12:44:00+05:30,2099.10009765625,2099.5,2097.0,2097.0,1538
2025-04-22 12:45:00+05:30,2097.800048828125,2099.5,2097.699951171875,2098.89990234375,2181
2025-04-22 12:46:00+05:30,2097.10009765625,2097.60009765625,2095.699951171875,2097.60009765625,2337
2025-04-22 12:47:00+05:30,2093.60009765625,2097.89990234375,2093.60009765625,2097.300048828125,4738
2025-04-22 12:48:00+05:30,2092.89990234375,2093.60009765625,2090.60009765625,2093.60009765625,5720
2025-04-22 12:49:00+05:30,2089.60009765625,2093.5,2089.0,2092.89990234375,4559
2025-04-22 12:50:00+05:30,2087.0,2089.0,2087.0,2089.0,1855
2025-04-22 12:51:00+05:30,2087.39990234375,2087.60009765625,2085.800048828125,2087.199951171875,4910
2025-04-22 12:52:00+05:30,2086.60009765625,2088.199951171875,2085.5,2087.0,3598
2025-04-22 12:53:00+05:30,2086.39990234375,2086.800048828125,2085.0,2086.699951171875,6375
2025-04-22 12:54:00+05:30,2086.199951171875,2087.0,2086.10009765625,2086.5,2727
2025-04-22 12:55:00+05:30,2086.0,2087.0,2086.0,2086.89990234375,4907
2025-04-22 12:56:00+05:30,2089.89990234375,2090.0,2084.0,2086.300048828125,7940
2025-04-22 12:57:00+05:30,2089.699951171875,2091.699951171875,2088.300048828125,2090.0,3562
2025-04-22 12:58:00+05:30,2085.5,2089.89990234375,2085.39990234375,2089.0,7665
2025-04-22 12:59:00+05:30,2083.89990234375,2085.5,2083.5,2085.0,7561
2025-04-22 13:00:00+05:30,2084.0,2085.0,2082.699951171875,2084.0,8031
2025-04-22 13:01:00+05:30,2082.800048828125,2085.0,2082.800048828125,2084.300048828125,7691
2025-04-22 13:02:00+05:30,2083.10009765625,2083.699951171875,2082.0,2083.5,9865
2025-04-22 13:03:00+05:30,2085.0,2085.0,2082.5,2083.199951171875,2980
2025-04-22 13:04:00+05:30,2085.0,2085.0,2084.10009765625,2084.89990234375,1843
2025-04-22 13:05:00+05:30,2085.39990234375,2085.5,2084.699951171875,2085.0,2374
2025-04-22 13:06:00+05:30,2085.0,2085.5,2084.199951171875,2085.39990234375,3252
2025-04-22 13:07:00+05:30,2085.0,2085.0,2084.800048828125,2085.0,1705
2025-04-22 13:08:00+05:30,2084.5,2085.699951171875,2083.0,2085.0,17385
2025-04-22 13:09:00+05:30,2086.0,2086.0,2084.10009765625,2084.5,3276
2025-04-22 13:10:00+05:30,2084.699951171875,2086.5,2084.699951171875,2086.0,1417
2025-04-22 13:11:00+05:30,2085.0,2085.800048828125,2084.800048828125,2085.0,6183
2025-04-22 13:12:00+05:30,2085.0,2085.0,2084.5,2085.0,1301
2025-04-22 13:13:00+05:30,2083.300048828125,2085.0,2083.300048828125,2085.0,2026
2025-04-22 13:14:00+05:30,2083.199951171875,2083.300048828125,2082.300048828125,2083.300048828125,3255
2025-04-22 13:15:00+05:30,2084.5,2084.800048828125,2083.10009765625,2083.10009765625,1062
2025-04-22 13:16:00+05:30,2083.800048828125,2085.0,2083.39990234375,2084.199951171875,1384
2025-04-22 13:17:00+05:30,2084.39990234375,2085.0,2083.10009765625,2083.800048828125,1268
2025-04-22 13:18:00+05:30,2082.699951171875,2085.0,2082.5,2084.39990234375,2650
2025-04-22 13:19:00+05:30,2081.60009765625,2082.89990234375,2081.39990234375,2082.89990234375,9078
2025-04-22 13:20:00+05:30,2081.800048828125,2081.89990234375,2080.699951171875,2081.5,5630
2025-04-22 13:21:00+05:30,2083.800048828125,2084.300048828125,2081.199951171875,2081.60009765625,6591
2025-04-22 13:22:00+05:30,2084.0,2084.300048828125,2082.10009765625,2083.800048828125,10233
2025-04-22 13:23:00+05:30,2082.89990234375,2085.0,2082.89990234375,2084.60009765625,2664
2025-04-22 13:24:00+05:30,2080.60009765625,2083.5,2080.60009765625,2082.800048828125,2670
2025-04-22 13:25:00+05:30,2082.300048828125,2082.39990234375,2080.0,2080.60009765625,2904
2025-04-22 13:26:00+05:30,2082.60009765625,2083.199951171875,2082.0,2082.39990234375,1883
2025-04-22 13:27:00+05:30,2082.199951171875,2082.60009765625,2081.5,2082.60009765625,2735
2025-04-22 13:28:00+05:30,2083.10009765625,2083.199951171875,2082.0,2082.699951171875,1289
2025-04-22 13:29:00+05:30,2083.199951171875,2083.199951171875,2081.89990234375,2082.39990234375,1202
2025-04-22 13:30:00+05:30,2082.39990234375,2084.199951171875,2082.0,2083.5,2445
2025-04-22 13:31:00+05:30,2085.0,2085.0,2082.5,2082.5,1222
2025-04-22 13:32:00+05:30,2085.0,2086.0,2084.39990234375,2085.0,1807
2025-04-22 13:33:00+05:30,2082.5,2085.0,2082.5,2085.0,5554
2025-04-22 13:34:00+05:30,2083.199951171875,2084.699951171875,2082.0,2082.300048828125,6481
2025-04-22 13:35:00+05:30,2084.10009765625,2084.60009765625,2082.5,2082.5,5052
2025-04-22 13:36:00+05:30,2083.0,2084.300048828125,2082.0,2084.10009765625,2748
2025-04-22 13:37:00+05:30,2082.699951171875,2084.60009765625,2082.5,2083.800048828125,7577
2025-04-22 13:38:00+05:30,2083.89990234375,2085.0,2082.699951171875,2082.699951171875,6788
2025-04-22 13:39:00+05:30,2084.300048828125,2084.89990234375,2083.0,2084.199951171875,6320
2025-04-22 13:40:00+05:30,2083.5,2084.300048828125,2082.0,2084.300048828125,1892
2025-04-22 13:41:00+05:30,2083.199951171875,2084.10009765625,2082.60009765625,2083.5,1441
2025-04-22 13:42:00+05:30,2082.89990234375,2084.0,2082.699951171875,2083.60009765625,752
2025-04-22 13:43:00+05:30,2084.39990234375,2084.39990234375,2082.5,2082.89990234375,2038
2025-04-22 13:44:00+05:30,2084.89990234375,2085.0,2083.800048828125,2085.0,1678
2025-04-22 13:45:00+05:30,2084.39990234375,2084.5,2082.0,2083.5,2377
2025-04-22 13:46:00+05:30,2084.89990234375,2085.0,2084.300048828125,2084.39990234375,2274
2025-04-22 13:47:00+05:30,2084.39990234375,2084.89990234375,2083.0,2084.5,1087
2025-04-22 13:48:00+05:30,2084.300048828125,2084.800048828125,2083.5,2084.300048828125,2087
2025-04-22 13:49:00+05:30,2084.60009765625,2085.0,2083.699951171875,2084.5,1472
2025-04-22 13:50:00+05:30,2084.699951171875,2085.0,2083.199951171875,2083.60009765625,1355
2025-04-22 13:51:00+05:30,2085.0,2085.0,2083.300048828125,2084.699951171875,2435
2025-04-22 13:52:00+05:30,2084.800048828125,2085.0,2084.39990234375,2085.0,1309
2025-04-22 13:53:00+05:30,2084.39990234375,2085.0,2084.300048828125,2084.60009765625,2064
2025-04-22 13:54:00+05:30,2084.5,2085.0,2084.0,2084.39990234375,1489
2025-04-22 13:55:00+05:30,2084.89990234375,2085.0,2083.60009765625,2084.89990234375,1760
2025-04-22 13:56:00+05:30,2086.10009765625,2086.10009765625,2084.39990234375,2085.0,2992
2025-04-22 13:57:00+05:30,2085.60009765625,2086.5,2085.300048828125,2086.300048828125,1078
2025-04-22 13:58:00+05:30,2086.39990234375,2087.0,2085.39990234375,2085.60009765625,1945
2025-04-22 13:59:00+05:30,2085.0,2086.800048828125,2083.60009765625,2086.39990234375,3464
2025-04-22 14:00:00+05:30,2085.89990234375,2085.89990234375,2084.60009765625,2085.0,1734
2025-04-22 14:01:00+05:30,2085.300048828125,2086.0,2083.5,2085.89990234375,2894
2025-04-22 14:02:00+05:30,2085.39990234375,2085.89990234375,2084.699951171875,2085.300048828125,1139
2025-04-22 14:03:00+05:30,2085.89990234375,2086.5,2085.0,2085.0,1669
2025-04-22 14:04:00+05:30,2086.10009765625,2086.300048828125,2085.0,2085.39990234375,1370
2025-04-22 14:05:00+05:30,2085.5,2086.10009765625,2083.5,2086.10009765625,1781
2025-04-22 14:06:00+05:30,2085.800048828125,2086.300048828125,2084.800048828125,2085.5,1597
2025-04-22 14:07:00+05:30,2085.800048828125,2086.5,2085.39990234375,2085.800048828125,904
2025-04-22 14:08:00+05:30,2086.0,2086.39990234375,2085.60009765625,2086.199951171875,592
2025-04-22 14:09:00+05:30,2086.300048828125,2086.800048828125,2085.89990234375,2086.199951171875,980
2025-04-22 14:10:00+05:30,2085.89990234375,2087.0,2085.300048828125,2086.699951171875,878
2025-04-22 14:11:00+05:30,2086.199951171875,2087.0,2085.199951171875,2086.60009765625,1918
2025-04-22 14:12:00+05:30,2086.60009765625,2087.0,2085.60009765625,2086.800048828125,1006
2025-04-22 14:13:00+05:30,2088.0,2088.10009765625,2085.60009765625,2087.0,5144
2025-04-22 14:14:00+05:30,2089.0,2089.199951171875,2087.39990234375,2088.0,973
2025-04-22 14:15:00+05:30,2089.0,2090.0,2088.10009765625,2088.89990234375,3837
2025-04-22 14:16:00+05:30,2089.800048828125,2091.10009765625,2088.800048828125,2089.89990234375,6866
2025-04-22 14:17:00+05:30,2091.39990234375,2092.0,2090.0,2090.699951171875,1325
2025-04-22 14:18:00+05:30,2090.60009765625,2091.800048828125,2090.199951171875,2091.199951171875,1384
2025-04-22 14:19:00+05:30,2091.0,2091.5,2090.699951171875,2091.10009765625,1562
2025-04-22 14:20:00+05:30,2091.60009765625,2091.699951171875,2090.199951171875,2090.89990234375,2809
2025-04-22 14:21:00+05:30,2093.89990234375,2093.89990234375,2090.5,2091.60009765625,7514
2025-04-22 14:22:00+05:30,2091.800048828125,2093.89990234375,2091.199951171875,2093.699951171875,4528
2025-04-22 14:23:00+05:30,2091.60009765625,2092.0,2091.5,2091.800048828125,1253
2025-04-22 14:24:00+05:30,2091.5,2092.0,2091.0,2091.60009765625,1533
2025-04-22 14:25:00+05:30,2089.39990234375,2091.5,2089.39990234375,2091.5,2136
2025-04-22 14:26:00+05:30,2091.60009765625,2091.89990234375,2089.5,2090.199951171875,1213
2025-04-22 14:27:00+05:30,2091.0,2091.5,2090.10009765625,2091.5,1118
2025-04-22 14:28:00+05:30,2091.0,2091.699951171875,2090.10009765625,2091.0,1293
2025-04-22 14:29:00+05:30,2089.800048828125,2091.10009765625,2089.800048828125,2090.39990234375,603
2025-04-22 14:30:00+05:30,2090.89990234375,2090.89990234375,2089.60009765625,2089.800048828125,421
2025-04-22 14:31:00+05:30,2090.0,2091.5,2089.800048828125,2090.89990234375,578
2025-04-22 14:32:00+05:30,2091.0,2091.0,2089.800048828125,2090.0,814
2025-04-22 14:33:00+05:30,2089.10009765625,2091.5,2089.10009765625,2091.0,2351
2025-04-22 14:34:00+05:30,2088.89990234375,2089.10009765625,2088.0,2089.10009765625,1935
2025-04-22 14:35:00+05:30,2089.0,2090.0,2088.699951171875,2088.699951171875,2425
2025-04-22 14:36:00+05:30,2087.60009765625,2089.0,2085.300048828125,2088.5,6077
2025-04-22 14:37:00+05:30,2086.800048828125,2088.0,2085.89990234375,2087.0,1653
2025-04-22 14:38:00+05:30,2086.0,2087.0,2085.300048828125,2086.800048828125,7723
2025-04-22 14:39:00+05:30,2084.699951171875,2086.39990234375,2084.699951171875,2086.39990234375,1373
2025-04-22 14:40:00+05:30,2082.800048828125,2084.800048828125,2082.699951171875,2084.800048828125,3054
2025-04-22 14:41:00+05:30,2084.10009765625,2084.199951171875,2081.800048828125,2083.5,3623
2025-04-22 14:42:00+05:30,2082.89990234375,2084.800048828125,2082.800048828125,2084.10009765625,2045
2025-04-22 14:43:00+05:30,2083.10009765625,2084.10009765625,2082.5,2082.89990234375,1681
2025-04-22 14:44:00+05:30,2084.300048828125,2084.5,2082.60009765625,2083.10009765625,1232
2025-04-22 14:45:00+05:30,2085.300048828125,2086.10009765625,2084.199951171875,2084.39990234375,2525
2025-04-22 14:46:00+05:30,2085.199951171875,2086.199951171875,2084.800048828125,2085.39990234375,1336
2025-04-22 14:47:00+05:30,2083.10009765625,2085.39990234375,2083.10009765625,2085.39990234375,1356
2025-04-22 14:48:00+05:30,2083.300048828125,2084.800048828125,2082.0,2084.199951171875,2007
2025-04-22 14:49:00+05:30,2084.39990234375,2084.39990234375,2082.5,2082.89990234375,1426
2025-04-22 14:50:00+05:30,2084.199951171875,2084.5,2082.60009765625,2084.0,1133
2025-04-22 14:51:00+05:30,2084.0,2084.5,2083.89990234375,2084.39990234375,954
2025-04-22 14:52:00+05:30,2084.199951171875,2085.0,2083.199951171875,2084.0,682
2025-04-22 14:53:00+05:30,2084.199951171875,2084.800048828125,2083.0,2084.10009765625,1433
2025-04-22 14:54:00+05:30,2083.0,2084.60009765625,2083.0,2084.0,565
2025-04-22 14:55:00+05:30,2084.0,2084.39990234375,2083.60009765625,2083.800048828125,588
2025-04-22 14:56:00+05:30,2083.0,2084.39990234375,2083.0,2083.800048828125,2563
2025-04-22 14:57:00+05:30,2083.89990234375,2084.199951171875,2081.5,2083.300048828125,16647
2025-04-22 14:58:00+05:30,2081.10009765625,2084.39990234375,2081.10009765625,2083.89990234375,4468
2025-04-22 14:59:00+05:30,2081.89990234375,2082.89990234375,2081.0,2081.5,2907
2025-04-22 15:00:00+05:30,2081.800048828125,2081.89990234375,2080.0,2081.800048828125,6287
2025-04-22 15:01:00+05:30,2081.10009765625,2082.10009765625,2080.0,2081.699951171875,2683
2025-04-22 15:02:00+05:30,2081.39990234375,2081.699951171875,2079.10009765625,2081.10009765625,7498
2025-04-22 15:03:00+05:30,2081.0,2081.699951171875,2080.199951171875,2081.0,1764
2025-04-22 15:04:00+05:30,2080.199951171875,2081.0,2080.199951171875,2080.300048828125,2194
2025-04-22 15:05:00+05:30,2080.39990234375,2080.5,2080.0,2080.10009765625,6962
2025-04-22 15:06:00+05:30,2079.800048828125,2080.199951171875,2079.0,2080.199951171875,3680
2025-04-22 15:07:00+05:30,2079.0,2079.89990234375,2079.0,2079.89990234375,2125
2025-04-22 15:08:00+05:30,2076.5,2079.199951171875,2076.5,2079.199951171875,6004
2025-04-22 15:09:00+05:30,2078.699951171875,2078.699951171875,2076.10009765625,2077.0,9700
2025-04-22 15:10:00+05:30,2076.699951171875,2078.300048828125,2076.699951171875,2078.300048828125,5854
2025-04-22 15:11:00+05:30,2076.5,2077.10009765625,2075.300048828125,2076.60009765625,14241
2025-04-22 15:12:00+05:30,2075.199951171875,2076.5,2075.199951171875,2076.5,4416
2025-04-22 15:13:00+05:30,2074.800048828125,2076.5,2074.800048828125,2075.39990234375,5738
2025-04-22 15:14:00+05:30,2076.0,2077.5,2074.699951171875,2074.699951171875,5948
2025-04-22 15:15:00+05:30,2077.300048828125,2078.10009765625,2075.60009765625,2076.0,10797
2025-04-22 15:16:00+05:30,2075.89990234375,2077.5,2075.89990234375,2077.300048828125,7827
2025-04-22 15:17:00+05:30,2074.89990234375,2076.300048828125,2074.699951171875,2075.60009765625,7672
2025-04-22 15:18:00+05:30,2075.89990234375,2076.5,2074.699951171875,2075.0,6098
2025-04-22 15:19:00+05:30,2079.39990234375,2079.39990234375,2075.699951171875,2076.10009765625,9706
2025-04-22 15:20:00+05:30,2079.800048828125,2079.89990234375,2076.800048828125,2079.10009765625,12755
2025-04-22 15:21:00+05:30,2077.5,2079.800048828125,2076.699951171875,2079.60009765625,8370
2025-04-22 15:22:00+05:30,2076.699951171875,2077.89990234375,2075.89990234375,2077.699951171875,4712
2025-04-22 15:23:00+05:30,2076.300048828125,2077.699951171875,2075.800048828125,2076.5,8181
2025-04-22 15:24:00+05:30,2077.5,2077.5,2076.0,2076.800048828125,3288
2025-04-22 15:25:00+05:30,2075.800048828125,2077.699951171875,2075.5,2077.699951171875,2854
2025-04-22 15:26:00+05:30,2074.60009765625,2076.300048828125,2074.5,2075.699951171875,3318
2025-04-22 15:27:00+05:30,2074.5,2074.89990234375,2074.5,2074.699951171875,4588
2025-04-22 15:28:00+05:30,2073.0,2074.0,2073.0,2073.89990234375,12956
2025-04-22 15:29:00+05:30,2077.0,2077.0,2070.0,2072.699951171875,5842
2025-04-24 09:15:00+05:30,2116.199951171875,2132.199951171875,2115.699951171875,2125.0,0
2025-04-24 09:16:00+05:30,2104.60009765625,2116.800048828125,2104.0,2115.800048828125,51450
2025-04-24 09:17:00+05:30,2112.0,2115.39990234375,2102.10009765625,2104.39990234375,32419
2025-04-24 09:18:00+05:30,2108.60009765625,2111.199951171875,2103.60009765625,2111.199951171875,15466
2025-04-24 09:19:00+05:30,2110.199951171875,2113.800048828125,2107.699951171875,2109.0,20115
2025-04-24 09:20:00+05:30,2111.0,2114.10009765625,2109.10009765625,2109.5,28909
2025-04-24 09:21:00+05:30,2105.699951171875,2111.0,2104.10009765625,2111.0,12620
2025-04-24 09:22:00+05:30,2103.89990234375,2107.699951171875,2102.60009765625,2106.0,8995
2025-04-24 09:23:00+05:30,2101.800048828125,2106.0,2101.0,2103.89990234375,12705
2025-04-24 09:24:00+05:30,2095.0,2102.0,2094.39990234375,2102.0,17932
2025-04-24 09:25:00+05:30,2097.300048828125,2097.300048828125,2092.89990234375,2096.699951171875,9282
2025-04-24 09:26:00+05:30,2092.60009765625,2098.39990234375,2092.300048828125,2097.5,6100
2025-04-24 09:27:00+05:30,2094.699951171875,2096.0,2092.300048828125,2093.10009765625,4280
2025-04-24 09:28:00+05:30,2091.89990234375,2094.300048828125,2091.0,2094.0,7849
2025-04-24 09:29:00+05:30,2093.89990234375,2095.0,2092.0,2092.10009765625,10692
2025-04-24 09:30:00+05:30,2090.5,2094.0,2088.199951171875,2093.0,13132
2025-04-24 09:31:00+05:30,2092.699951171875,2094.89990234375,2090.60009765625,2090.60009765625,7451
2025-04-24 09:32:00+05:30,2090.39990234375,2092.699951171875,2090.0,2091.199951171875,2649
2025-04-24 09:33:00+05:30,2085.5,2090.300048828125,2085.5,2090.300048828125,7199
2025-04-24 09:34:00+05:30,2098.60009765625,2098.60009765625,2086.699951171875,2086.800048828125,12076
2025-04-24 09:35:00+05:30,2099.39990234375,2101.699951171875,2097.39990234375,2098.300048828125,13747
2025-04-24 09:36:00+05:30,2097.699951171875,2103.699951171875,2097.699951171875,2099.5,11772
2025-04-24 09:37:00+05:30,2100.39990234375,2100.60009765625,2097.0,2097.699951171875,6907
2025-04-24 09:38:00+05:30,2103.0,2104.10009765625,2099.60009765625,2099.60009765625,5015
2025-04-24 09:39:00+05:30,2104.60009765625,2105.60009765625,2102.39990234375,2103.60009765625,5542
2025-04-24 09:40:00+05:30,2101.0,2104.89990234375,2100.300048828125,2104.89990234375,4695
2025-04-24 09:41:00+05:30,2101.60009765625,2102.5,2099.0,2100.60009765625,3242
2025-04-24 09:42:00+05:30,2097.89990234375,2101.800048828125,2097.800048828125,2101.39990234375,4525
2025-04-24 09:43:00+05:30,2098.0,2100.199951171875,2097.800048828125,2097.800048828125,4458
2025-04-24 09:44:00+05:30,2098.10009765625,2099.699951171875,2097.300048828125,2098.60009765625,3764
2025-04-24 09:45:00+05:30,2094.0,2098.699951171875,2090.800048828125,2098.39990234375,4350
2025-04-24 09:46:00+05:30,2091.5,2094.60009765625,2091.300048828125,2094.0,5123
2025-04-24 09:47:00+05:30,2092.199951171875,2093.39990234375,2090.10009765625,2091.0,4173
2025-04-24 09:48:00+05:30,2091.800048828125,2093.199951171875,2091.800048828125,2092.199951171875,1622
2025-04-24 09:49:00+05:30,2092.699951171875,2092.699951171875,2091.39990234375,2092.5,1247
2025-04-24 09:50:00+05:30,2096.800048828125,2097.800048828125,2092.0,2092.0,2627
2025-04-24 09:51:00+05:30,2098.60009765625,2099.300048828125,2095.300048828125,2096.60009765625,2574
2025-04-24 09:52:00+05:30,2098.0,2099.10009765625,2097.0,2098.39990234375,1850
2025-04-24 09:53:00+05:30,2103.0,2103.699951171875,2097.5,2098.0,8226
2025-04-24 09:54:00+05:30,2104.89990234375,2105.0,2102.39990234375,2103.39990234375,11591
2025-04-24 09:55:00+05:30,2104.39990234375,2105.0,2101.89990234375,2105.0,4422
2025-04-24 09:56:00+05:30,2100.0,2104.699951171875,2100.0,2104.0,3201
2025-04-24 09:57:00+05:30,2102.800048828125,2103.0,2100.5,2100.5,2408
2025-04-24 09:58:00+05:30,2102.39990234375,2104.0,2101.89990234375,2103.0,1825
2025-04-24 09:59:00+05:30,2101.0,2102.699951171875,2100.699951171875,2102.0,2671
2025-04-24 10:00:00+05:30,2101.300048828125,2102.199951171875,2100.10009765625,2101.0,4350
2025-04-24 10:01:00+05:30,2102.39990234375,2104.5,2102.0,2102.199951171875,7041
2025-04-24 10:02:00+05:30,2101.300048828125,2103.800048828125,2101.0,2102.89990234375,1308
2025-04-24 10:03:00+05:30,2097.5,2101.5,2097.0,2101.5,4958
2025-04-24 10:04:00+05:30,2092.699951171875,2097.800048828125,2092.0,2097.699951171875,12104
2025-04-24 10:05:00+05:30,2094.89990234375,2095.300048828125,2091.39990234375,2091.5,7511
2025-04-24 10:06:00+05:30,2094.800048828125,2095.699951171875,2093.800048828125,2095.39990234375,1251
2025-04-24 10:07:00+05:30,2094.5,2095.0,2093.89990234375,2095.0,850
2025-04-24 10:08:00+05:30,2094.0,2095.0,2093.10009765625,2093.800048828125,2349
2025-04-24 10:09:00+05:30,2095.199951171875,2097.89990234375,2093.300048828125,2094.0,1875
2025-04-24 10:10:00+05:30,2095.39990234375,2095.39990234375,2093.89990234375,2095.0,851
2025-04-24 10:11:00+05:30,2095.699951171875,2096.699951171875,2095.0,2095.60009765625,9633
2025-04-24 10:12:00+05:30,2094.60009765625,2095.800048828125,2094.0,2095.0,1233
2025-04-24 10:13:00+05:30,2097.0,2097.60009765625,2094.10009765625,2094.699951171875,1230
2025-04-24 10:14:00+05:30,2096.0,2097.0,2095.0,2097.0,738
2025-04-24 10:15:00+05:30,2093.89990234375,2096.10009765625,2093.300048828125,2096.10009765625,2848
2025-04-24 10:16:00+05:30,2093.800048828125,2095.0,2092.39990234375,2093.699951171875,1058
2025-04-24 10:17:00+05:30,2094.5,2094.5,2093.5,2093.800048828125,1772
2025-04-24 10:18:00+05:30,2093.699951171875,2094.5,2092.60009765625,2094.5,601
2025-04-24 10:19:00+05:30,2093.39990234375,2093.699951171875,2092.199951171875,2093.60009765625,322
2025-04-24 10:20:00+05:30,2093.300048828125,2093.699951171875,2092.60009765625,2093.0,1018
2025-04-24 10:21:00+05:30,2097.199951171875,2097.800048828125,2092.0,2093.300048828125,3168
2025-04-24 10:22:00+05:30,2098.199951171875,2098.199951171875,2095.39990234375,2097.300048828125,960
2025-04-24 10:23:00+05:30,2098.5,2098.5,2096.89990234375,2098.199951171875,1036
2025-04-24 10:24:00+05:30,2101.5,2101.5,2097.89990234375,2098.0,3505
2025-04-24 10:25:00+05:30,2100.5,2101.89990234375,2099.699951171875,2101.800048828125,1452
2025-04-24 10:26:00+05:30,2098.800048828125,2099.800048828125,2097.10009765625,2099.10009765625,1108
2025-04-24 10:27:00+05:30,2098.89990234375,2099.0,2098.0,2098.300048828125,741
2025-04-24 10:28:00+05:30,2099.89990234375,2100.60009765625,2098.10009765625,2098.89990234375,1804
2025-04-24 10:29:00+05:30,2097.699951171875,2099.0,2097.39990234375,2098.800048828125,1335
2025-04-24 10:30:00+05:30,2097.0,2097.699951171875,2096.10009765625,2097.300048828125,898
2025-04-24 10:31:00+05:30,2096.699951171875,2098.0,2095.60009765625,2097.199951171875,1788
2025-04-24 10:32:00+05:30,2099.60009765625,2099.89990234375,2097.0,2097.0,1155
2025-04-24 10:33:00+05:30,2098.60009765625,2099.89990234375,2098.0,2099.199951171875,1633
2025-04-24 10:34:00+05:30,2097.0,2098.800048828125,2095.89990234375,2098.800048828125,2981
2025-04-24 10:35:00+05:30,2094.5,2096.699951171875,2094.0,2096.699951171875,3143
2025-04-24 10:36:00+05:30,2094.39990234375,2094.5,2093.0,2094.5,2012
2025-04-24 10:37:00+05:30,2094.300048828125,2095.5,2094.10009765625,2094.5,1478
2025-04-24 10:38:00+05:30,2094.800048828125,2095.199951171875,2093.800048828125,2095.199951171875,1230
2025-04-24 10:39:00+05:30,2096.10009765625,2096.10009765625,2094.10009765625,2094.800048828125,873
2025-04-24 10:40:00+05:30,2095.89990234375,2096.10009765625,2095.5,2096.10009765625,355
2025-04-24 10:41:00+05:30,2097.300048828125,2097.89990234375,2095.89990234375,2095.89990234375,2443
2025-04-24 10:42:00+05:30,2096.0,2097.89990234375,2095.10009765625,2097.300048828125,1945
2025-04-24 10:43:00+05:30,2096.0,2096.699951171875,2094.800048828125,2096.0,1538
2025-04-24 10:44:00+05:30,2095.800048828125,2097.10009765625,2094.89990234375,2096.0,2041
2025-04-24 10:45:00+05:30,2097.0,2097.0,2095.199951171875,2096.0,852
2025-04-24 10:46:00+05:30,2096.699951171875,2097.5,2095.60009765625,2097.199951171875,487
2025-04-24 10:47:00+05:30,2096.699951171875,2097.5,2095.0,2095.0,1734
2025-04-24 10:48:00+05:30,2094.60009765625,2097.0,2094.300048828125,2096.699951171875,1697
2025-04-24 10:49:00+05:30,2096.800048828125,2097.199951171875,2095.300048828125,2095.800048828125,1033
2025-04-24 10:50:00+05:30,2094.199951171875,2097.39990234375,2093.800048828125,2097.10009765625,13046
2025-04-24 10:51:00+05:30,2092.39990234375,2094.0,2091.300048828125,2094.0,2331
2025-04-24 10:52:00+05:30,2094.0,2096.699951171875,2092.0,2092.0,8124
2025-04-24 10:53:00+05:30,2093.699951171875,2094.300048828125,2092.5,2093.89990234375,2188
2025-04-24 10:54:00+05:30,2091.5,2093.800048828125,2090.60009765625,2093.60009765625,3680
2025-04-24 10:55:00+05:30,2092.0,2092.89990234375,2091.10009765625,2092.39990234375,973
2025-04-24 10:56:00+05:30,2092.199951171875,2092.800048828125,2091.10009765625,2092.699951171875,1679
2025-04-24 10:57:00+05:30,2091.0,2092.199951171875,2090.60009765625,2092.199951171875,807
2025-04-24 10:58:00+05:30,2090.39990234375,2091.300048828125,2090.10009765625,2091.0,2602
2025-04-24 10:59:00+05:30,2090.60009765625,2090.89990234375,2090.0,2090.0,2751
2025-04-24 11:00:00+05:30,2095.800048828125,2095.89990234375,2090.800048828125,2090.800048828125,7357
2025-04-24 11:01:00+05:30,2094.39990234375,2095.800048828125,2093.300048828125,2095.800048828125,2055
2025-04-24 11:02:00+05:30,2093.89990234375,2094.39990234375,2093.300048828125,2094.199951171875,755
2025-04-24 11:03:00+05:30,2095.300048828125,2095.800048828125,2094.0,2094.0,1501
2025-04-24 11:04:00+05:30,2094.10009765625,2095.699951171875,2094.10009765625,2095.199951171875,2542
2025-04-24 11:05:00+05:30,2094.699951171875,2094.800048828125,2092.300048828125,2093.5,3023
2025-04-24 11:06:00+05:30,2092.199951171875,2094.800048828125,2091.60009765625,2094.800048828125,894
2025-04-24 11:07:00+05:30,2093.0,2093.60009765625,2091.89990234375,2093.199951171875,1089
2025-04-24 11:08:00+05:30,2093.0,2095.199951171875,2092.10009765625,2093.0,3353
2025-04-24 11:09:00+05:30,2092.89990234375,2093.39990234375,2091.89990234375,2092.699951171875,3892
2025-04-24 11:10:00+05:30,2092.60009765625,2093.699951171875,2091.5,2093.39990234375,1385
2025-04-24 11:11:00+05:30,2092.800048828125,2093.0,2091.300048828125,2092.5,965
2025-04-24 11:12:00+05:30,2093.0,2093.0,2091.89990234375,2092.89990234375,2032
2025-04-24 11:13:00+05:30,2093.699951171875,2094.89990234375,2092.60009765625,2092.60009765625,1483
2025-04-24 11:14:00+05:30,2092.89990234375,2093.89990234375,2092.0,2093.800048828125,890
2025-04-24 11:15:00+05:30,2093.199951171875,2093.5,2092.0,2092.0,454
2025-04-24 11:16:00+05:30,2092.89990234375,2093.39990234375,2092.39990234375,2093.39990234375,198
2025-04-24 11:17:00+05:30,2093.199951171875,2093.199951171875,2092.0,2092.699951171875,730
2025-04-24 11:18:00+05:30,2092.89990234375,2094.10009765625,2092.0,2093.300048828125,1041
2025-04-24 11:19:00+05:30,2091.89990234375,2092.0,2090.5,2090.800048828125,2313
2025-04-24 11:20:00+05:30,2089.800048828125,2091.89990234375,2089.800048828125,2090.89990234375,5583
2025-04-24 11:21:00+05:30,2091.5,2091.60009765625,2090.60009765625,2091.199951171875,2165
2025-04-24 11:22:00+05:30,2092.60009765625,2093.300048828125,2090.39990234375,2091.5,1539
2025-04-24 11:23:00+05:30,2093.39990234375,2093.5,2092.10009765625,2093.39990234375,2188
2025-04-24 11:24:00+05:30,2092.199951171875,2093.5,2091.60009765625,2093.39990234375,931
2025-04-24 11:25:00+05:30,2092.0,2092.39990234375,2091.10009765625,2092.199951171875,836
2025-04-24 11:26:00+05:30,2091.89990234375,2092.199951171875,2090.89990234375,2092.0,875
2025-04-24 11:27:00+05:30,2090.800048828125,2092.10009765625,2089.199951171875,2091.800048828125,5080
2025-04-24 11:28:00+05:30,2091.0,2091.300048828125,2090.0,2090.89990234375,1574
2025-04-24 11:29:00+05:30,2091.89990234375,2091.89990234375,2090.300048828125,2091.39990234375,464
2025-04-24 11:30:00+05:30,2092.39990234375,2092.39990234375,2091.60009765625,2092.39990234375,696
2025-04-24 11:31:00+05:30,2091.800048828125,2092.39990234375,2091.5,2092.39990234375,784
2025-04-24 11:32:00+05:30,2092.300048828125,2093.0,2092.199951171875,2092.199951171875,2979
2025-04-24 11:33:00+05:30,2091.800048828125,2093.0,2091.300048828125,2093.0,1821
2025-04-24 11:34:00+05:30,2092.39990234375,2092.800048828125,2090.5,2090.5,170
2025-04-24 11:35:00+05:30,2092.89990234375,2092.89990234375,2091.5,2091.89990234375,813
2025-04-24 11:36:00+05:30,2092.60009765625,2092.89990234375,2091.699951171875,2092.89990234375,296
2025-04-24 11:37:00+05:30,2092.800048828125,2093.0,2092.60009765625,2092.60009765625,183
2025-04-24 11:38:00+05:30,2093.0,2093.0,2092.89990234375,2092.89990234375,281
2025-04-24 11:39:00+05:30,2096.800048828125,2096.800048828125,2093.0,2093.0,13302
2025-04-24 11:40:00+05:30,2096.0,2097.0,2095.699951171875,2096.800048828125,1494
2025-04-24 11:41:00+05:30,2096.89990234375,2096.89990234375,2094.699951171875,2096.0,962
2025-04-24 11:42:00+05:30,2097.60009765625,2098.5,2096.89990234375,2096.89990234375,1743
2025-04-24 11:43:00+05:30,2097.60009765625,2098.300048828125,2095.89990234375,2097.699951171875,1522
2025-04-24 11:44:00+05:30,2095.39990234375,2097.60009765625,2094.5,2097.60009765625,4084
2025-04-24 11:45:00+05:30,2096.39990234375,2096.39990234375,2094.5,2096.0,3842
2025-04-24 11:46:00+05:30,2097.10009765625,2097.300048828125,2095.39990234375,2096.800048828125,800
2025-04-24 11:47:00+05:30,2096.39990234375,2097.10009765625,2095.60009765625,2097.10009765625,1951
2025-04-24 11:48:00+05:30,2097.0,2097.39990234375,2095.89990234375,2096.89990234375,1113
2025-04-24 11:49:00+05:30,2096.60009765625,2096.89990234375,2095.800048828125,2096.89990234375,923
2025-04-24 11:50:00+05:30,2095.0,2097.39990234375,2095.0,2097.0,1186
2025-04-24 11:51:00+05:30,2089.300048828125,2095.10009765625,2089.300048828125,2095.10009765625,7367
2025-04-24 11:52:00+05:30,2088.0,2088.39990234375,2086.300048828125,2086.300048828125,7575
2025-04-24 11:53:00+05:30,2088.0,2088.300048828125,2086.300048828125,2088.0,1891
2025-04-24 11:54:00+05:30,2089.0,2089.0,2086.800048828125,2087.60009765625,967
2025-04-24 11:55:00+05:30,2090.10009765625,2091.699951171875,2089.199951171875,2089.300048828125,1201
2025-04-24 11:56:00+05:30,2091.199951171875,2091.39990234375,2089.89990234375,2091.0,807
2025-04-24 11:57:00+05:30,2090.800048828125,2091.699951171875,2090.0,2091.300048828125,1811
2025-04-24 11:58:00+05:30,2091.0,2091.199951171875,2090.0,2090.89990234375,753
2025-04-24 11:59:00+05:30,2090.60009765625,2091.0,2089.89990234375,2091.0,335
2025-04-24 12:00:00+05:30,2087.89990234375,2090.5,2087.89990234375,2090.5,3260
2025-04-24 12:01:00+05:30,2089.800048828125,2089.89990234375,2088.39990234375,2088.89990234375,732
2025-04-24 12:02:00+05:30,2089.0,2090.800048828125,2087.300048828125,2090.0,3556
2025-04-24 12:03:00+05:30,2087.800048828125,2089.800048828125,2087.0,2089.0,3144
2025-04-24 12:04:00+05:30,2088.10009765625,2089.800048828125,2087.5,2087.5,458
2025-04-24 12:05:00+05:30,2089.0,2089.300048828125,2088.10009765625,2089.300048828125,754
2025-04-24 12:06:00+05:30,2090.10009765625,2091.0,2088.300048828125,2089.5,1598
2025-04-24 12:07:00+05:30,2090.800048828125,2091.300048828125,2089.10009765625,2090.89990234375,1416
2025-04-24 12:08:00+05:30,2091.699951171875,2091.699951171875,2089.60009765625,2089.60009765625,421
2025-04-24 12:09:00+05:30,2089.699951171875,2092.5,2089.60009765625,2091.699951171875,1888
2025-04-24 12:10:00+05:30,2094.0,2094.0,2090.39990234375,2090.800048828125,1586
2025-04-24 12:11:00+05:30,2093.199951171875,2094.0,2092.60009765625,2093.89990234375,558
2025-04-24 12:12:00+05:30,2093.5,2093.5,2092.699951171875,2093.300048828125,688
2025-04-24 12:13:00+05:30,2095.199951171875,2095.60009765625,2093.39990234375,2093.5,3514
2025-04-24 12:14:00+05:30,2095.300048828125,2095.300048828125,2094.300048828125,2095.10009765625,878
2025-04-24 12:15:00+05:30,2100.39990234375,2100.39990234375,2095.300048828125,2095.300048828125,8780
2025-04-24 12:16:00+05:30,2100.10009765625,2101.39990234375,2099.60009765625,2100.39990234375,2977
2025-04-24 12:17:00+05:30,2098.10009765625,2100.300048828125,2096.39990234375,2100.10009765625,1892
2025-04-24 12:18:00+05:30,2100.60009765625,2101.800048828125,2097.199951171875,2098.199951171875,6527
2025-04-24 12:19:00+05:30,2100.39990234375,2101.699951171875,2099.10009765625,2100.800048828125,2203
2025-04-24 12:20:00+05:30,2101.89990234375,2101.89990234375,2099.60009765625,2100.39990234375,2349
2025-04-24 12:21:00+05:30,2102.0,2102.0,2101.10009765625,2101.199951171875,1785
2025-04-24 12:22:00+05:30,2101.199951171875,2102.0,2100.89990234375,2101.89990234375,1768
2025-04-24 12:23:00+05:30,2100.699951171875,2101.39990234375,2100.199951171875,2101.199951171875,1358
2025-04-24 12:24:00+05:30,2099.800048828125,2100.39990234375,2097.699951171875,2100.39990234375,2426
2025-04-24 12:25:00+05:30,2098.89990234375,2100.89990234375,2097.10009765625,2099.699951171875,1572
2025-04-24 12:26:00+05:30,2097.39990234375,2099.89990234375,2097.0,2099.89990234375,1004
2025-04-24 12:27:00+05:30,2097.39990234375,2097.39990234375,2096.800048828125,2097.39990234375,1086
2025-04-24 12:28:00+05:30,2097.199951171875,2097.800048828125,2097.0,2097.10009765625,1527
2025-04-24 12:29:00+05:30,2096.300048828125,2097.300048828125,2095.10009765625,2097.300048828125,2083
2025-04-24 12:30:00+05:30,2095.89990234375,2096.5,2095.39990234375,2096.5,570
2025-04-24 12:31:00+05:30,2096.10009765625,2096.199951171875,2095.199951171875,2095.89990234375,368
2025-04-24 12:32:00+05:30,2096.39990234375,2097.300048828125,2096.39990234375,2097.0,1542
2025-04-24 12:33:00+05:30,2096.199951171875,2097.300048828125,2096.0,2097.199951171875,778
2025-04-24 12:34:00+05:30,2096.5,2096.5,2095.39990234375,2096.199951171875,983
2025-04-24 12:35:00+05:30,2095.699951171875,2096.300048828125,2095.10009765625,2096.10009765625,2251
2025-04-24 12:36:00+05:30,2096.0,2096.300048828125,2095.10009765625,2095.800048828125,634
2025-04-24 12:37:00+05:30,2096.0,2096.0,2095.60009765625,2096.0,586
2025-04-24 12:38:00+05:30,2096.10009765625,2098.0,2095.60009765625,2096.0,990
2025-04-24 12:39:00+05:30,2097.10009765625,2097.699951171875,2096.10009765625,2096.10009765625,2461
2025-04-24 12:40:00+05:30,2098.39990234375,2098.800048828125,2096.39990234375,2097.199951171875,1733
2025-04-24 12:41:00+05:30,2098.699951171875,2099.0,2097.39990234375,2098.300048828125,935
2025-04-24 12:42:00+05:30,2100.0,2100.0,2097.89990234375,2098.699951171875,1633
2025-04-24 12:43:00+05:30,2100.0,2100.0,2099.89990234375,2100.0,849
2025-04-24 12:44:00+05:30,2099.89990234375,2100.0,2099.39990234375,2100.0,2395
2025-04-24 12:45:00+05:30,2099.800048828125,2100.0,2098.699951171875,2099.800048828125,694
2025-04-24 12:46:00+05:30,2099.60009765625,2099.89990234375,2098.800048828125,2099.89990234375,848
2025-04-24 12:47:00+05:30,2100.0,2100.0,2099.39990234375,2099.699951171875,820
2025-04-24 12:48:00+05:30,2100.0,2100.0,2099.60009765625,2100.0,779
2025-04-24 12:49:00+05:30,2100.0,2100.0,2099.60009765625,2100.0,1117
2025-04-24 12:50:00+05:30,2099.60009765625,2100.0,2099.10009765625,2100.0,758
2025-04-24 12:51:00+05:30,2100.0,2100.0,2098.699951171875,2099.60009765625,655
2025-04-24 12:52:00+05:30,2102.5,2102.5,2099.10009765625,2100.0,9767
2025-04-24 12:53:00+05:30,2101.60009765625,2102.39990234375,2100.5,2102.39990234375,1573
2025-04-24 12:54:00+05:30,2100.699951171875,2101.60009765625,2100.699951171875,2101.60009765625,1145
2025-04-24 12:55:00+05:30,2100.89990234375,2101.0,2100.39990234375,2100.699951171875,196
2025-04-24 12:56:00+05:30,2101.0,2101.0,2100.800048828125,2101.0,775
2025-04-24 12:57:00+05:30,2097.60009765625,2099.89990234375,2096.300048828125,2099.89990234375,6882
2025-04-24 12:58:00+05:30,2097.0,2098.0,2096.89990234375,2098.0,722
2025-04-24 12:59:00+05:30,2097.89990234375,2098.0,2096.10009765625,2097.0,850
2025-04-24 13:00:00+05:30,2097.89990234375,2098.0,2096.699951171875,2097.89990234375,712
2025-04-24 13:01:00+05:30,2097.0,2097.89990234375,2096.5,2097.89990234375,693
2025-04-24 13:02:00+05:30,2098.0,2098.0,2096.89990234375,2097.0,3369
2025-04-24 13:03:00+05:30,2098.0,2098.0,2098.0,2098.0,557
2025-04-24 13:04:00+05:30,2097.300048828125,2097.800048828125,2097.300048828125,2097.800048828125,716
2025-04-24 13:05:00+05:30,2096.60009765625,2097.89990234375,2096.60009765625,2097.300048828125,1795
2025-04-24 13:06:00+05:30,2095.0,2097.0,2094.699951171875,2096.199951171875,3560
2025-04-24 13:07:00+05:30,2094.800048828125,2095.0,2094.5,2094.89990234375,1610
2025-04-24 13:08:00+05:30,2095.0,2095.0,2094.39990234375,2094.60009765625,1163
2025-04-24 13:09:00+05:30,2094.5,2095.0,2093.89990234375,2094.800048828125,1563
2025-04-24 13:10:00+05:30,2094.60009765625,2094.800048828125,2093.199951171875,2093.199951171875,864
2025-04-24 13:11:00+05:30,2094.199951171875,2095.0,2093.39990234375,2094.60009765625,4911
2025-04-24 13:12:00+05:30,2094.800048828125,2094.800048828125,2092.60009765625,2094.199951171875,3058
2025-04-24 13:13:00+05:30,2094.300048828125,2094.89990234375,2093.60009765625,2094.699951171875,564
2025-04-24 13:14:00+05:30,2094.39990234375,2095.0,2094.39990234375,2094.5,877
2025-04-24 13:15:00+05:30,2094.199951171875,2094.89990234375,2093.699951171875,2094.300048828125,501
2025-04-24 13:16:00+05:30,2094.300048828125,2095.0,2094.0,2094.199951171875,670
2025-04-24 13:17:00+05:30,2094.89990234375,2095.0,2094.199951171875,2094.199951171875,1052
2025-04-24 13:18:00+05:30,2095.39990234375,2095.39990234375,2094.699951171875,2094.800048828125,2972
2025-04-24 13:19:00+05:30,2094.60009765625,2096.0,2094.60009765625,2095.5,7224
2025-04-24 13:20:00+05:30,2094.89990234375,2095.0,2094.60009765625,2094.60009765625,1335
2025-04-24 13:21:00+05:30,2096.89990234375,2097.0,2094.800048828125,2094.89990234375,6277
2025-04-24 13:22:00+05:30,2097.89990234375,2098.39990234375,2096.0,2096.89990234375,3797
2025-04-24 13:23:00+05:30,2100.0,2100.0,2096.89990234375,2098.0,4375
2025-04-24 13:24:00+05:30,2101.199951171875,2101.699951171875,2099.60009765625,2100.0,2756
2025-04-24 13:25:00+05:30,2101.0,2101.199951171875,2099.699951171875,2101.199951171875,910
2025-04-24 13:26:00+05:30,2098.89990234375,2101.0,2098.300048828125,2100.800048828125,2656
2025-04-24 13:27:00+05:30,2096.699951171875,2098.60009765625,2096.699951171875,2098.60009765625,497
2025-04-24 13:28:00+05:30,2096.39990234375,2096.699951171875,2096.300048828125,2096.699951171875,1107
2025-04-24 13:29:00+05:30,2097.800048828125,2097.89990234375,2095.39990234375,2096.60009765625,1621
2025-04-24 13:30:00+05:30,2098.10009765625,2098.300048828125,2096.89990234375,2097.800048828125,455
2025-04-24 13:31:00+05:30,2098.5,2098.800048828125,2098.10009765625,2098.10009765625,1130
2025-04-24 13:32:00+05:30,2098.699951171875,2099.10009765625,2098.0,2098.60009765625,3130
2025-04-24 13:33:00+05:30,2098.0,2098.5,2097.5,2098.5,1958
2025-04-24 13:34:00+05:30,2099.0,2099.0,2097.800048828125,2098.39990234375,1073
2025-04-24 13:35:00+05:30,2097.199951171875,2099.0,2097.199951171875,2098.300048828125,1561
2025-04-24 13:36:00+05:30,2098.89990234375,2099.0,2097.0,2097.5,2606
2025-04-24 13:37:00+05:30,2097.89990234375,2099.800048828125,2097.89990234375,2098.89990234375,1431
2025-04-24 13:38:00+05:30,2097.39990234375,2098.0,2095.699951171875,2097.89990234375,4141
2025-04-24 13:39:00+05:30,2098.60009765625,2099.0,2097.199951171875,2098.0,1633
2025-04-24 13:40:00+05:30,2098.199951171875,2099.0,2098.199951171875,2098.800048828125,419
2025-04-24 13:41:00+05:30,2098.800048828125,2099.800048828125,2097.5,2098.300048828125,4247
2025-04-24 13:42:00+05:30,2098.800048828125,2099.699951171875,2098.5,2098.800048828125,462
2025-04-24 13:43:00+05:30,2098.60009765625,2098.89990234375,2097.39990234375,2098.39990234375,2023
2025-04-24 13:44:00+05:30,2098.10009765625,2098.699951171875,2097.5,2098.60009765625,1420
2025-04-24 13:45:00+05:30,2098.699951171875,2099.199951171875,2097.5,2098.10009765625,2357
2025-04-24 13:46:00+05:30,2098.5,2099.0,2098.5,2098.800048828125,1482
2025-04-24 13:47:00+05:30,2098.699951171875,2099.0,2098.0,2098.5,1692
2025-04-24 13:48:00+05:30,2098.5,2099.699951171875,2098.5,2098.699951171875,2070
2025-04-24 13:49:00+05:30,2099.199951171875,2099.300048828125,2098.5,2098.5,2034
2025-04-24 13:50:00+05:30,2099.199951171875,2099.5,2098.10009765625,2098.10009765625,1695
2025-04-24 13:51:00+05:30,2099.60009765625,2099.699951171875,2099.0,2099.199951171875,678
2025-04-24 13:52:00+05:30,2099.800048828125,2099.89990234375,2099.199951171875,2099.89990234375,2666
2025-04-24 13:53:00+05:30,2100.89990234375,2100.89990234375,2099.300048828125,2099.39990234375,5816
2025-04-24 13:54:00+05:30,2100.699951171875,2100.89990234375,2099.89990234375,2100.699951171875,1479
2025-04-24 13:55:00+05:30,2101.39990234375,2101.60009765625,2099.60009765625,2099.60009765625,2346
2025-04-24 13:56:00+05:30,2101.39990234375,2101.699951171875,2100.0,2101.39990234375,1547
2025-04-24 13:57:00+05:30,2101.699951171875,2101.89990234375,2101.39990234375,2101.39990234375,3167
2025-04-24 13:58:00+05:30,2100.800048828125,2102.0,2100.800048828125,2101.800048828125,2260
2025-04-24 13:59:00+05:30,2102.0,2102.0,2101.300048828125,2101.89990234375,3169
2025-04-24 14:00:00+05:30,2103.800048828125,2104.0,2102.0,2102.0,6945
2025-04-24 14:01:00+05:30,2105.300048828125,2106.800048828125,2103.0,2103.0,11742
2025-04-24 14:02:00+05:30,2104.699951171875,2106.300048828125,2104.10009765625,2105.89990234375,3880
2025-04-24 14:03:00+05:30,2105.199951171875,2106.0,2104.10009765625,2104.10009765625,3587
2025-04-24 14:04:00+05:30,2101.300048828125,2106.0,2101.300048828125,2105.300048828125,9951
2025-04-24 14:05:00+05:30,2102.10009765625,2102.199951171875,2100.10009765625,2101.10009765625,3023
2025-04-24 14:06:00+05:30,2100.5,2103.10009765625,2100.10009765625,2102.10009765625,4122
2025-04-24 14:07:00+05:30,2101.0,2101.0,2099.39990234375,2099.89990234375,1805
2025-04-24 14:08:00+05:30,2100.5,2101.800048828125,2100.5,2101.5,968
2025-04-24 14:09:00+05:30,2101.199951171875,2101.60009765625,2100.0,2100.300048828125,1431
2025-04-24 14:10:00+05:30,2100.800048828125,2101.800048828125,2100.0,2101.300048828125,1893
2025-04-24 14:11:00+05:30,2100.89990234375,2101.300048828125,2098.60009765625,2101.300048828125,5342
2025-04-24 14:12:00+05:30,2100.199951171875,2101.0,2099.5,2100.89990234375,2441
2025-04-24 14:13:00+05:30,2100.800048828125,2101.60009765625,2099.699951171875,2100.199951171875,8013
2025-04-24 14:14:00+05:30,2101.199951171875,2101.5,2100.60009765625,2100.800048828125,990
2025-04-24 14:15:00+05:30,2099.800048828125,2101.60009765625,2099.800048828125,2101.199951171875,4142
2025-04-24 14:16:00+05:30,2100.0,2100.0,2099.89990234375,2100.0,1742
2025-04-24 14:17:00+05:30,2100.5,2100.699951171875,2099.89990234375,2099.89990234375,4626
2025-04-24 14:18:00+05:30,2100.699951171875,2101.0,2100.10009765625,2100.60009765625,1752
2025-04-24 14:19:00+05:30,2100.699951171875,2100.89990234375,2100.10009765625,2100.89990234375,2602
2025-04-24 14:20:00+05:30,2100.39990234375,2100.89990234375,2100.199951171875,2100.699951171875,540
2025-04-24 14:21:00+05:30,2100.89990234375,2101.199951171875,2100.300048828125,2100.89990234375,1954
2025-04-24 14:22:00+05:30,2101.10009765625,2101.300048828125,2100.60009765625,2100.89990234375,1638
2025-04-24 14:23:00+05:30,2100.0,2101.10009765625,2100.0,2101.10009765625,623
2025-04-24 14:24:00+05:30,2100.0,2100.60009765625,2100.0,2100.60009765625,1098
2025-04-24 14:25:00+05:30,2099.5,2100.300048828125,2098.89990234375,2100.0,980
2025-04-24 14:26:00+05:30,2099.10009765625,2099.699951171875,2099.10009765625,2099.5,1908
2025-04-24 14:27:00+05:30,2099.199951171875,2099.89990234375,2098.199951171875,2099.699951171875,1597
2025-04-24 14:28:00+05:30,2098.89990234375,2099.39990234375,2098.0,2099.199951171875,1615
2025-04-24 14:29:00+05:30,2098.60009765625,2098.800048828125,2097.699951171875,2098.800048828125,1060
2025-04-24 14:30:00+05:30,2097.5,2098.89990234375,2097.199951171875,2098.60009765625,1076
2025-04-24 14:31:00+05:30,2096.5,2097.5,2096.10009765625,2097.5,2631
2025-04-24 14:32:00+05:30,2095.39990234375,2097.0,2095.39990234375,2096.800048828125,5717
2025-04-24 14:33:00+05:30,2095.5,2096.0,2095.39990234375,2096.0,742
2025-04-24 14:34:00+05:30,2096.699951171875,2096.800048828125,2095.39990234375,2095.5,1218
2025-04-24 14:35:00+05:30,2096.300048828125,2097.300048828125,2095.800048828125,2096.699951171875,1000
2025-04-24 14:36:00+05:30,2096.300048828125,2096.699951171875,2095.39990234375,2095.60009765625,1305
2025-04-24 14:37:00+05:30,2095.39990234375,2096.5,2095.39990234375,2096.5,1567
2025-04-24 14:38:00+05:30,2095.699951171875,2095.800048828125,2094.699951171875,2095.800048828125,1686
2025-04-24 14:39:00+05:30,2096.0,2096.300048828125,2095.10009765625,2095.60009765625,1814
2025-04-24 14:40:00+05:30,2096.5,2096.5,2096.300048828125,2096.300048828125,1814
2025-04-24 14:41:00+05:30,2097.60009765625,2097.699951171875,2095.699951171875,2096.300048828125,727
2025-04-24 14:42:00+05:30,2095.39990234375,2097.699951171875,2095.39990234375,2097.300048828125,2738
2025-04-24 14:43:00+05:30,2094.300048828125,2096.39990234375,2094.300048828125,2096.199951171875,1515
2025-04-24 14:44:00+05:30,2096.10009765625,2096.300048828125,2095.39990234375,2095.89990234375,530
2025-04-24 14:45:00+05:30,2095.800048828125,2096.300048828125,2094.0,2096.0,2854
2025-04-24 14:46:00+05:30,2095.60009765625,2096.0,2094.699951171875,2095.699951171875,1913
2025-04-24 14:47:00+05:30,2096.0,2096.0,2094.89990234375,2095.699951171875,433
2025-04-24 14:48:00+05:30,2096.0,2096.199951171875,2095.199951171875,2096.0,3541
2025-04-24 14:49:00+05:30,2096.199951171875,2096.39990234375,2095.199951171875,2096.0,3779
2025-04-24 14:50:00+05:30,2095.89990234375,2096.5,2095.199951171875,2095.39990234375,9321
2025-04-24 14:51:00+05:30,2094.300048828125,2096.300048828125,2094.300048828125,2096.0,1721
2025-04-24 14:52:00+05:30,2095.60009765625,2095.89990234375,2095.300048828125,2095.89990234375,1413
2025-04-24 14:53:00+05:30,2094.60009765625,2095.60009765625,2094.39990234375,2095.60009765625,2734
2025-04-24 14:54:00+05:30,2095.0,2095.0,2094.0,2094.199951171875,4343
2025-04-24 14:55:00+05:30,2095.60009765625,2095.60009765625,2094.300048828125,2094.300048828125,796
2025-04-24 14:56:00+05:30,2097.60009765625,2097.60009765625,2095.60009765625,2095.60009765625,944
2025-04-24 14:57:00+05:30,2098.39990234375,2099.0,2097.60009765625,2097.60009765625,1157
2025-04-24 14:58:00+05:30,2097.39990234375,2098.89990234375,2097.10009765625,2098.199951171875,2806
2025-04-24 14:59:00+05:30,2098.699951171875,2099.0,2097.300048828125,2097.39990234375,3208
2025-04-24 15:00:00+05:30,2104.60009765625,2105.0,2098.60009765625,2098.60009765625,20732
2025-04-24 15:01:00+05:30,2104.89990234375,2105.0,2102.300048828125,2104.0,13366
2025-04-24 15:02:00+05:30,2103.5,2105.300048828125,2103.199951171875,2104.39990234375,7895
2025-04-24 15:03:00+05:30,2103.60009765625,2104.89990234375,2101.89990234375,2103.5,12592
2025-04-24 15:04:00+05:30,2103.0,2103.89990234375,2102.10009765625,2103.699951171875,5448
2025-04-24 15:05:00+05:30,2103.199951171875,2103.800048828125,2101.800048828125,2103.199951171875,15338
2025-04-24 15:06:00+05:30,2103.199951171875,2103.60009765625,2103.0,2103.10009765625,4608
2025-04-24 15:07:00+05:30,2102.89990234375,2104.199951171875,2102.89990234375,2103.300048828125,11367
2025-04-24 15:08:00+05:30,2102.0,2103.39990234375,2101.699951171875,2103.10009765625,10583
2025-04-24 15:09:00+05:30,2102.89990234375,2103.60009765625,2102.0,2102.0,6765
2025-04-24 15:10:00+05:30,2103.800048828125,2103.800048828125,2101.800048828125,2102.89990234375,8640
2025-04-24 15:11:00+05:30,2104.60009765625,2104.60009765625,2103.89990234375,2103.89990234375,5740
2025-04-24 15:12:00+05:30,2103.699951171875,2104.89990234375,2103.300048828125,2104.89990234375,7328
2025-04-24 15:13:00+05:30,2104.199951171875,2104.60009765625,2102.800048828125,2102.800048828125,6385
2025-04-24 15:14:00+05:30,2104.0,2104.10009765625,2103.60009765625,2104.10009765625,5365
2025-04-24 15:15:00+05:30,2106.300048828125,2106.89990234375,2104.300048828125,2104.39990234375,16507
2025-04-24 15:16:00+05:30,2107.60009765625,2107.60009765625,2105.199951171875,2105.89990234375,12895
2025-04-24 15:17:00+05:30,2107.0,2107.89990234375,2106.5,2107.800048828125,11698
2025-04-24 15:18:00+05:30,2105.10009765625,2107.0,2104.699951171875,2106.60009765625,8840
2025-04-24 15:19:00+05:30,2104.800048828125,2105.699951171875,2104.10009765625,2104.10009765625,10346
2025-04-24 15:20:00+05:30,2105.10009765625,2105.39990234375,2104.10009765625,2104.10009765625,8576
2025-04-24 15:21:00+05:30,2105.0,2105.300048828125,2104.60009765625,2105.0,5612
2025-04-24 15:22:00+05:30,2104.89990234375,2105.10009765625,2104.0,2104.89990234375,5412
2025-04-24 15:23:00+05:30,2104.699951171875,2105.10009765625,2104.10009765625,2104.800048828125,12441
2025-04-24 15:24:00+05:30,2105.39990234375,2105.39990234375,2104.39990234375,2104.699951171875,7451
2025-04-24 15:25:00+05:30,2109.60009765625,2109.60009765625,2104.60009765625,2104.60009765625,23320
2025-04-24 15:26:00+05:30,2109.699951171875,2109.800048828125,2107.300048828125,2109.60009765625,9851
2025-04-24 15:27:00+05:30,2107.800048828125,2110.10009765625,2106.300048828125,2109.199951171875,16001
2025-04-24 15:28:00+05:30,2107.699951171875,2110.0,2105.60009765625,2108.39990234375,4345
2025-04-24 15:29:00+05:30,2105.800048828125,2110.0,2103.300048828125,2109.699951171875,5476
2025-04-25 09:15:00+05:30,2112.5,2117.10009765625,2105.10009765625,2105.10009765625,0
2025-04-25 09:16:00+05:30,2118.300048828125,2124.699951171875,2112.699951171875,2112.699951171875,38400
2025-04-25 09:17:00+05:30,2120.39990234375,2121.5,2117.89990234375,2119.0,10078
2025-04-25 09:18:00+05:30,2114.0,2121.39990234375,2111.699951171875,2121.39990234375,7461
2025-04-25 09:19:00+05:30,2114.300048828125,2117.199951171875,2113.89990234375,2115.39990234375,7713
2025-04-25 09:20:00+05:30,2114.10009765625,2120.0,2112.5,2114.89990234375,13966
2025-04-25 09:21:00+05:30,2106.60009765625,2115.0,2106.60009765625,2113.800048828125,10232
2025-04-25 09:22:00+05:30,2109.300048828125,2109.39990234375,2105.0,2107.5,5061
2025-04-25 09:23:00+05:30,2110.699951171875,2111.300048828125,2109.199951171875,2109.800048828125,3625
2025-04-25 09:24:00+05:30,2109.800048828125,2111.10009765625,2108.800048828125,2110.199951171875,4575
2025-04-25 09:25:00+05:30,2109.89990234375,2110.800048828125,2108.0,2109.10009765625,6096
2025-04-25 09:26:00+05:30,2107.10009765625,2112.300048828125,2107.10009765625,2110.5,6252
2025-04-25 09:27:00+05:30,2109.699951171875,2109.699951171875,2107.300048828125,2107.300048828125,3637
2025-04-25 09:28:00+05:30,2109.0,2111.5,2107.699951171875,2109.699951171875,5070
2025-04-25 09:29:00+05:30,2106.60009765625,2109.800048828125,2105.300048828125,2109.0,8634
2025-04-25 09:30:00+05:30,2103.39990234375,2107.0,2101.199951171875,2106.10009765625,14060
2025-04-25 09:31:00+05:30,2104.0,2105.39990234375,2101.699951171875,2102.0,11552
2025-04-25 09:32:00+05:30,2103.199951171875,2106.60009765625,2102.5,2103.0,6666
2025-04-25 09:33:00+05:30,2103.39990234375,2105.0,2103.39990234375,2103.89990234375,2125
2025-04-25 09:34:00+05:30,2097.5,2103.89990234375,2095.0,2103.39990234375,11667
2025-04-25 09:35:00+05:30,2098.5,2099.89990234375,2096.89990234375,2097.5,5398
2025-04-25 09:36:00+05:30,2090.5,2100.0,2090.5,2098.60009765625,6148
2025-04-25 09:37:00+05:30,2088.699951171875,2091.0,2088.699951171875,2091.0,8414
2025-04-25 09:38:00+05:30,2086.0,2089.300048828125,2085.60009765625,2089.300048828125,5757
2025-04-25 09:39:00+05:30,2085.300048828125,2086.89990234375,2084.5,2086.699951171875,8508
2025-04-25 09:40:00+05:30,2083.199951171875,2085.89990234375,2081.5,2085.89990234375,10181
2025-04-25 09:41:00+05:30,2082.5,2083.800048828125,2081.199951171875,2083.199951171875,8789
2025-04-25 09:42:00+05:30,2079.10009765625,2082.5,2078.199951171875,2081.699951171875,13240
2025-04-25 09:43:00+05:30,2079.300048828125,2082.699951171875,2079.10009765625,2079.5,9595
2025-04-25 09:44:00+05:30,2077.699951171875,2082.0,2076.5,2079.300048828125,26350
2025-04-25 09:45:00+05:30,2077.0,2081.5,2077.0,2077.699951171875,24915
2025-04-25 09:46:00+05:30,2071.699951171875,2077.0,2071.699951171875,2077.0,19821
2025-04-25 09:47:00+05:30,2069.89990234375,2073.5,2069.89990234375,2071.39990234375,8520
2025-04-25 09:48:00+05:30,2065.699951171875,2070.39990234375,2064.60009765625,2070.199951171875,10950
2025-04-25 09:49:00+05:30,2067.199951171875,2068.800048828125,2064.800048828125,2065.699951171875,12119
2025-04-25 09:50:00+05:30,2067.0,2067.5,2065.10009765625,2067.39990234375,8954
2025-04-25 09:51:00+05:30,2066.300048828125,2068.199951171875,2065.699951171875,2067.0,6925
2025-04-25 09:52:00+05:30,2061.60009765625,2068.89990234375,2061.60009765625,2065.10009765625,10678
2025-04-25 09:53:00+05:30,2060.800048828125,2062.89990234375,2059.89990234375,2062.39990234375,13647
2025-04-25 09:54:00+05:30,2062.300048828125,2063.800048828125,2060.10009765625,2060.300048828125,9253
2025-04-25 09:55:00+05:30,2061.800048828125,2064.800048828125,2061.699951171875,2062.89990234375,6023
2025-04-25 09:56:00+05:30,2060.0,2064.10009765625,2059.10009765625,2063.0,4221
2025-04-25 09:57:00+05:30,2057.5,2060.0,2055.0,2060.0,8225
2025-04-25 09:58:00+05:30,2062.199951171875,2062.800048828125,2057.89990234375,2057.89990234375,3853
2025-04-25 09:59:00+05:30,2061.699951171875,2063.5,2061.10009765625,2061.199951171875,3785
2025-04-25 10:00:00+05:30,2057.10009765625,2061.699951171875,2057.0,2061.5,3153
2025-04-25 10:01:00+05:30,2058.60009765625,2059.300048828125,2057.300048828125,2057.800048828125,15456
2025-04-25 10:02:00+05:30,2053.5,2058.199951171875,2053.5,2057.5,17204
2025-04-25 10:03:00+05:30,2050.0,2054.300048828125,2049.10009765625,2054.300048828125,9697
2025-04-25 10:04:00+05:30,2048.60009765625,2051.89990234375,2047.300048828125,2049.39990234375,11042
2025-04-25 10:05:00+05:30,2045.699951171875,2050.300048828125,2045.5,2050.10009765625,4424
2025-04-25 10:06:00+05:30,2046.699951171875,2049.199951171875,2045.0999755859375,2047.0999755859375,6886
2025-04-25 10:07:00+05:30,2051.199951171875,2053.10009765625,2045.5999755859375,2045.5999755859375,10237
2025-04-25 10:08:00+05:30,2050.0,2051.39990234375,2050.0,2051.10009765625,9214
2025-04-25 10:09:00+05:30,2051.60009765625,2051.89990234375,2050.0,2050.0,17120
2025-04-25 10:10:00+05:30,2057.0,2058.0,2051.0,2051.199951171875,8267
2025-04-25 10:11:00+05:30,2057.800048828125,2059.199951171875,2054.60009765625,2056.10009765625,10640
2025-04-25 10:12:00+05:30,2054.0,2056.800048828125,2053.5,2055.800048828125,1742
2025-04-25 10:13:00+05:30,2057.5,2057.5,2054.10009765625,2055.10009765625,4257
2025-04-25 10:14:00+05:30,2057.699951171875,2059.300048828125,2057.199951171875,2057.199951171875,1852
2025-04-25 10:15:00+05:30,2056.10009765625,2059.39990234375,2055.5,2057.39990234375,6546
2025-04-25 10:16:00+05:30,2056.10009765625,2058.5,2055.300048828125,2057.0,2136
2025-04-25 10:17:00+05:30,2054.10009765625,2057.60009765625,2054.10009765625,2056.10009765625,4551
2025-04-25 10:18:00+05:30,2055.0,2056.199951171875,2053.60009765625,2054.699951171875,1622
2025-04-25 10:19:00+05:30,2055.5,2055.5,2053.699951171875,2054.199951171875,2848
2025-04-25 10:20:00+05:30,2051.0,2055.0,2050.0,2054.800048828125,10041
2025-04-25 10:21:00+05:30,2051.800048828125,2052.199951171875,2050.0,2051.199951171875,4389
2025-04-25 10:22:00+05:30,2053.5,2053.5,2051.199951171875,2051.199951171875,5298
2025-04-25 10:23:00+05:30,2056.39990234375,2056.39990234375,2053.5,2053.5,2890
2025-04-25 10:24:00+05:30,2054.800048828125,2056.0,2054.199951171875,2056.0,1382
2025-04-25 10:25:00+05:30,2050.5,2054.300048828125,2050.39990234375,2054.300048828125,3185
2025-04-25 10:26:00+05:30,2050.0,2050.60009765625,2049.699951171875,2050.0,17236
2025-04-25 10:27:00+05:30,2050.0,2051.0,2048.800048828125,2050.0,21935
2025-04-25 10:28:00+05:30,2050.0,2051.199951171875,2048.60009765625,2050.0,31733
2025-04-25 10:29:00+05:30,2050.0,2050.10009765625,2049.0,2050.0,48675
2025-04-25 10:30:00+05:30,2051.0,2052.199951171875,2050.0,2051.199951171875,3017
2025-04-25 10:31:00+05:30,2051.10009765625,2053.300048828125,2046.4000244140625,2051.300048828125,35604
2025-04-25 10:32:00+05:30,2053.199951171875,2056.0,2051.800048828125,2052.0,5168
2025-04-25 10:33:00+05:30,2053.0,2054.300048828125,2052.10009765625,2053.800048828125,1380
2025-04-25 10:34:00+05:30,2049.0,2050.60009765625,2049.0,2049.699951171875,6990
2025-04-25 10:35:00+05:30,2048.39990234375,2050.199951171875,2047.9000244140625,2049.0,8111
2025-04-25 10:36:00+05:30,2048.60009765625,2049.800048828125,2048.5,2049.0,3925
2025-04-25 10:37:00+05:30,2046.800048828125,2049.0,2045.4000244140625,2048.5,6865
2025-04-25 10:38:00+05:30,2046.300048828125,2047.9000244140625,2045.199951171875,2046.800048828125,5186
2025-04-25 10:39:00+05:30,2044.0,2046.5,2044.0,2046.4000244140625,5062
2025-04-25 10:40:00+05:30,2045.5,2046.0,2044.9000244140625,2044.9000244140625,3191
2025-04-25 10:41:00+05:30,2045.0,2046.5,2043.800048828125,2044.0,46381
2025-04-25 10:42:00+05:30,2051.39990234375,2051.5,2045.0,2045.0,6606
2025-04-25 10:43:00+05:30,2047.199951171875,2051.39990234375,2047.199951171875,2051.300048828125,2594
2025-04-25 10:44:00+05:30,2049.199951171875,2049.89990234375,2046.699951171875,2047.5999755859375,885
2025-04-25 10:45:00+05:30,2046.699951171875,2049.699951171875,2043.0999755859375,2049.699951171875,8746
2025-04-25 10:46:00+05:30,2045.0999755859375,2046.800048828125,2045.0999755859375,2046.699951171875,832
2025-04-25 10:47:00+05:30,2044.300048828125,2046.300048828125,2043.699951171875,2045.9000244140625,5281
2025-04-25 10:48:00+05:30,2044.9000244140625,2045.0,2043.300048828125,2044.300048828125,2066
2025-04-25 10:49:00+05:30,2041.4000244140625,2044.9000244140625,2041.0999755859375,2044.9000244140625,5158
2025-04-25 10:50:00+05:30,2039.800048828125,2040.699951171875,2039.199951171875,2040.699951171875,5360
2025-04-25 10:51:00+05:30,2038.5999755859375,2040.699951171875,2038.5999755859375,2039.0,3763
2025-04-25 10:52:00+05:30,2039.300048828125,2039.300048828125,2038.0,2039.0,1445
2025-04-25 10:53:00+05:30,2039.699951171875,2040.0,2039.0,2039.0999755859375,1183
2025-04-25 10:54:00+05:30,2038.199951171875,2039.5,2038.199951171875,2038.4000244140625,1127
2025-04-25 10:55:00+05:30,2038.0999755859375,2038.9000244140625,2037.5,2038.199951171875,2363
2025-04-25 10:56:00+05:30,2042.800048828125,2042.800048828125,2036.0999755859375,2037.9000244140625,8164
2025-04-25 10:57:00+05:30,2040.300048828125,2042.5999755859375,2039.5,2041.5,1473
2025-04-25 10:58:00+05:30,2042.800048828125,2043.9000244140625,2041.199951171875,2041.199951171875,1361
2025-04-25 10:59:00+05:30,2043.300048828125,2046.800048828125,2042.800048828125,2044.4000244140625,2956
2025-04-25 11:00:00+05:30,2042.5999755859375,2044.0999755859375,2042.0999755859375,2043.300048828125,1295
2025-04-25 11:01:00+05:30,2042.0999755859375,2044.0,2041.0999755859375,2043.0,4973
2025-04-25 11:02:00+05:30,2041.0,2042.5999755859375,2041.0,2041.0999755859375,963
2025-04-25 11:03:00+05:30,2039.800048828125,2041.699951171875,2038.800048828125,2041.699951171875,1165
2025-04-25 11:04:00+05:30,2037.0999755859375,2041.4000244140625,2037.0,2038.9000244140625,2255
2025-04-25 11:05:00+05:30,2038.199951171875,2038.199951171875,2036.0999755859375,2037.0,1986
2025-04-25 11:06:00+05:30,2038.800048828125,2039.5999755859375,2038.0,2038.5,2011
2025-04-25 11:07:00+05:30,2039.5999755859375,2039.9000244140625,2037.4000244140625,2038.4000244140625,1104
2025-04-25 11:08:00+05:30,2040.5999755859375,2041.0,2039.300048828125,2039.5999755859375,711
2025-04-25 11:09:00+05:30,2040.699951171875,2042.300048828125,2039.699951171875,2042.300048828125,2028
2025-04-25 11:10:00+05:30,2036.0,2040.300048828125,2035.0,2039.199951171875,13188
2025-04-25 11:11:00+05:30,2035.5,2037.300048828125,2035.0999755859375,2036.5,2710
2025-04-25 11:12:00+05:30,2035.4000244140625,2035.9000244140625,2034.0999755859375,2035.0,3572
2025-04-25 11:13:00+05:30,2034.5,2036.5,2034.4000244140625,2035.699951171875,1094
2025-04-25 11:14:00+05:30,2033.800048828125,2034.4000244140625,2031.800048828125,2034.4000244140625,3956
2025-04-25 11:15:00+05:30,2033.0,2034.5,2032.5,2032.5,1561
2025-04-25 11:16:00+05:30,2032.5999755859375,2033.4000244140625,2032.199951171875,2033.4000244140625,687
2025-04-25 11:17:00+05:30,2031.800048828125,2032.5999755859375,2031.800048828125,2032.5999755859375,1632
2025-04-25 11:18:00+05:30,2030.5999755859375,2031.699951171875,2030.199951171875,2031.699951171875,1826
2025-04-25 11:19:00+05:30,2025.5999755859375,2030.5999755859375,2025.4000244140625,2030.5999755859375,13621
2025-04-25 11:20:00+05:30,2028.5999755859375,2028.5999755859375,2025.4000244140625,2025.4000244140625,3627
2025-04-25 11:21:00+05:30,2026.5,2029.9000244140625,2026.4000244140625,2028.5999755859375,3855
2025-04-25 11:22:00+05:30,2027.199951171875,2028.800048828125,2026.5,2026.5,2800
2025-04-25 11:23:00+05:30,2025.0999755859375,2027.699951171875,2025.0,2027.199951171875,11574
2025-04-25 11:24:00+05:30,2030.0999755859375,2031.300048828125,2025.0,2025.4000244140625,6807
2025-04-25 11:25:00+05:30,2029.800048828125,2030.0,2028.300048828125,2030.0,1555
2025-04-25 11:26:00+05:30,2029.699951171875,2031.800048828125,2029.199951171875,2030.800048828125,5123
2025-04-25 11:27:00+05:30,2032.4000244140625,2032.4000244140625,2029.300048828125,2029.699951171875,16211
2025-04-25 11:28:00+05:30,2032.0,2032.5999755859375,2030.5,2031.5999755859375,13700
2025-04-25 11:29:00+05:30,2031.5,2034.5999755859375,2031.5,2032.0,2865
2025-04-25 11:30:00+05:30,2030.699951171875,2032.800048828125,2030.5999755859375,2032.0,1786
2025-04-25 11:31:00+05:30,2031.300048828125,2032.0,2030.5,2030.699951171875,1117
2025-04-25 11:32:00+05:30,2032.5,2032.699951171875,2031.199951171875,2031.300048828125,1219
2025-04-25 11:33:00+05:30,2031.199951171875,2032.699951171875,2031.199951171875,2032.699951171875,2091
2025-04-25 11:34:00+05:30,2030.0,2031.5,2030.0,2031.5,1112
2025-04-25 11:35:00+05:30,2031.800048828125,2031.9000244140625,2030.0,2030.199951171875,917
2025-04-25 11:36:00+05:30,2030.9000244140625,2030.9000244140625,2029.0999755859375,2030.9000244140625,1827
2025-04-25 11:37:00+05:30,2030.5,2030.9000244140625,2030.5,2030.9000244140625,703
2025-04-25 11:38:00+05:30,2032.4000244140625,2032.4000244140625,2030.0999755859375,2030.0999755859375,7082
2025-04-25 11:39:00+05:30,2032.0,2032.9000244140625,2031.9000244140625,2032.699951171875,2162
2025-04-25 11:40:00+05:30,2031.9000244140625,2032.9000244140625,2031.9000244140625,2032.9000244140625,517
2025-04-25 11:41:00+05:30,2033.5999755859375,2033.699951171875,2031.9000244140625,2032.0,2627
2025-04-25 11:42:00+05:30,2033.5999755859375,2034.300048828125,2033.300048828125,2034.300048828125,1629
2025-04-25 11:43:00+05:30,2033.699951171875,2033.699951171875,2032.9000244140625,2033.4000244140625,1715
2025-04-25 11:44:00+05:30,2031.5999755859375,2033.699951171875,2030.300048828125,2033.699951171875,1184
2025-04-25 11:45:00+05:30,2031.0,2031.800048828125,2030.699951171875,2031.5999755859375,593
2025-04-25 11:46:00+05:30,2030.5,2031.0999755859375,2030.0,2031.0999755859375,774
2025-04-25 11:47:00+05:30,2028.0999755859375,2031.5,2028.0999755859375,2030.0,2482
2025-04-25 11:48:00+05:30,2027.9000244140625,2028.199951171875,2027.199951171875,2028.199951171875,387
2025-04-25 11:49:00+05:30,2026.0999755859375,2027.800048828125,2026.0,2027.5,906
2025-04-25 11:50:00+05:30,2025.0999755859375,2026.9000244140625,2025.0999755859375,2026.9000244140625,7218
2025-04-25 11:51:00+05:30,2026.4000244140625,2027.0,2025.5,2025.5,1676
2025-04-25 11:52:00+05:30,2025.9000244140625,2027.0,2025.699951171875,2026.699951171875,2106
2025-04-25 11:53:00+05:30,2027.0999755859375,2028.0,2025.0,2025.699951171875,1308
2025-04-25 11:54:00+05:30,2028.300048828125,2028.300048828125,2027.300048828125,2027.699951171875,928
2025-04-25 11:55:00+05:30,2031.4000244140625,2031.4000244140625,2029.0,2029.0,1550
2025-04-25 11:56:00+05:30,2028.5999755859375,2032.300048828125,2028.5999755859375,2031.4000244140625,3210
2025-04-25 11:57:00+05:30,2031.800048828125,2031.800048828125,2029.5,2029.5,670
2025-04-25 11:58:00+05:30,2031.5,2031.5,2030.800048828125,2030.800048828125,969
2025-04-25 11:59:00+05:30,2032.0999755859375,2032.699951171875,2031.0,2031.699951171875,2756
2025-04-25 12:00:00+05:30,2030.5,2032.5999755859375,2030.0,2031.300048828125,891
2025-04-25 12:01:00+05:30,2030.5999755859375,2031.9000244140625,2030.5,2031.800048828125,303
2025-04-25 12:02:00+05:30,2029.300048828125,2032.699951171875,2029.0,2030.5999755859375,2346
2025-04-25 12:03:00+05:30,2031.0,2031.0999755859375,2029.5999755859375,2030.0,466
2025-04-25 12:04:00+05:30,2029.0999755859375,2031.300048828125,2029.0999755859375,2031.300048828125,593
2025-04-25 12:05:00+05:30,2030.4000244140625,2031.300048828125,2029.699951171875,2029.699951171875,1625
2025-04-25 12:06:00+05:30,2029.9000244140625,2031.5999755859375,2029.9000244140625,2030.800048828125,825
2025-04-25 12:07:00+05:30,2030.699951171875,2031.5999755859375,2029.5999755859375,2029.5999755859375,762
2025-04-25 12:08:00+05:30,2033.800048828125,2033.800048828125,2030.0,2030.0,1958
2025-04-25 12:09:00+05:30,2036.300048828125,2036.300048828125,2033.5,2033.5,7714
2025-04-25 12:10:00+05:30,2036.800048828125,2037.0,2035.199951171875,2036.300048828125,6994
2025-04-25 12:11:00+05:30,2038.4000244140625,2038.800048828125,2037.0,2037.0,3377
2025-04-25 12:12:00+05:30,2039.0999755859375,2039.5,2037.0,2038.0999755859375,2769
2025-04-25 12:13:00+05:30,2043.5,2044.4000244140625,2040.0,2040.0,5712
2025-04-25 12:14:00+05:30,2040.199951171875,2043.800048828125,2039.0999755859375,2043.800048828125,5948
2025-04-25 12:15:00+05:30,2040.5999755859375,2042.699951171875,2038.9000244140625,2040.199951171875,3218
2025-04-25 12:16:00+05:30,2038.5999755859375,2041.0999755859375,2038.5999755859375,2041.0,1782
2025-04-25 12:17:00+05:30,2040.199951171875,2040.199951171875,2038.800048828125,2038.800048828125,708
2025-04-25 12:18:00+05:30,2044.5999755859375,2046.0,2040.5,2040.800048828125,17558
2025-04-25 12:19:00+05:30,2042.9000244140625,2044.9000244140625,2042.0999755859375,2044.9000244140625,771
2025-04-25 12:20:00+05:30,2040.5,2042.9000244140625,2040.5,2042.9000244140625,1476
2025-04-25 12:21:00+05:30,2040.699951171875,2041.0,2040.5,2040.5,1733
2025-04-25 12:22:00+05:30,2038.5,2040.800048828125,2038.5,2040.800048828125,1641
2025-04-25 12:23:00+05:30,2039.5999755859375,2039.5999755859375,2038.800048828125,2038.800048828125,386
2025-04-25 12:24:00+05:30,2041.0,2041.5999755859375,2038.9000244140625,2039.5,344
2025-04-25 12:25:00+05:30,2039.199951171875,2041.0,2039.0,2041.0,680
2025-04-25 12:26:00+05:30,2040.0999755859375,2040.300048828125,2040.0,2040.0,340
2025-04-25 12:27:00+05:30,2041.5,2041.5999755859375,2040.300048828125,2040.300048828125,467
2025-04-25 12:28:00+05:30,2042.800048828125,2042.800048828125,2040.5999755859375,2040.5999755859375,575
2025-04-25 12:29:00+05:30,2042.0,2043.300048828125,2040.300048828125,2042.0,1317
2025-04-25 12:30:00+05:30,2042.5,2042.699951171875,2041.4000244140625,2042.0,953
2025-04-25 12:31:00+05:30,2042.0999755859375,2043.300048828125,2041.5,2042.9000244140625,5409
2025-04-25 12:32:00+05:30,2040.699951171875,2041.699951171875,2040.0999755859375,2041.699951171875,1418
2025-04-25 12:33:00+05:30,2041.0999755859375,2041.699951171875,2040.699951171875,2041.5,456
2025-04-25 12:34:00+05:30,2040.0999755859375,2041.0999755859375,2040.0999755859375,2041.0999755859375,1465
2025-04-25 12:35:00+05:30,2043.0,2043.0,2040.9000244140625,2040.9000244140625,786
2025-04-25 12:36:00+05:30,2042.800048828125,2043.800048828125,2040.9000244140625,2043.0,3703
2025-04-25 12:37:00+05:30,2045.9000244140625,2045.9000244140625,2042.800048828125,2042.800048828125,1478
2025-04-25 12:38:00+05:30,2044.9000244140625,2046.0,2044.5,2045.199951171875,1424
2025-04-25 12:39:00+05:30,2047.0,2047.0,2042.800048828125,2044.5,2289
2025-04-25 12:40:00+05:30,2046.0,2047.0,2045.5999755859375,2047.0,1839
2025-04-25 12:41:00+05:30,2046.5,2047.800048828125,2045.5,2046.0999755859375,1426
2025-04-25 12:42:00+05:30,2043.0,2046.5,2041.9000244140625,2046.5,18304
2025-04-25 12:43:00+05:30,2042.699951171875,2044.5999755859375,2041.300048828125,2043.0999755859375,2597
2025-04-25 12:44:00+05:30,2042.9000244140625,2044.0,2042.199951171875,2042.800048828125,651
2025-04-25 12:45:00+05:30,2046.199951171875,2046.5,2042.300048828125,2042.300048828125,632
2025-04-25 12:46:00+05:30,2045.800048828125,2046.5,2045.0,2046.5,3033
2025-04-25 12:47:00+05:30,2045.0999755859375,2045.9000244140625,2044.0999755859375,2045.9000244140625,1418
2025-04-25 12:48:00+05:30,2045.5999755859375,2045.5999755859375,2045.0,2045.0999755859375,1611
2025-04-25 12:49:00+05:30,2045.0,2045.9000244140625,2044.9000244140625,2045.0,1958
2025-04-25 12:50:00+05:30,2046.5999755859375,2047.300048828125,2044.9000244140625,2045.0,853
2025-04-25 12:51:00+05:30,2045.5,2046.5999755859375,2045.4000244140625,2046.5,782
2025-04-25 12:52:00+05:30,2047.0,2047.0,2045.0,2045.4000244140625,788
2025-04-25 12:53:00+05:30,2047.9000244140625,2048.89990234375,2046.300048828125,2047.0,8339
2025-04-25 12:54:00+05:30,2047.800048828125,2048.199951171875,2045.9000244140625,2047.300048828125,1704
2025-04-25 12:55:00+05:30,2047.5,2047.800048828125,2046.0999755859375,2047.699951171875,1987
2025-04-25 12:56:00+05:30,2050.0,2050.0,2047.5,2047.5,3917
2025-04-25 12:57:00+05:30,2049.89990234375,2050.0,2049.10009765625,2050.0,6062
2025-04-25 12:58:00+05:30,2050.0,2050.699951171875,2049.60009765625,2049.89990234375,5151
2025-04-25 12:59:00+05:30,2049.199951171875,2050.0,2049.0,2050.0,1485
2025-04-25 13:00:00+05:30,2050.0,2051.5,2049.199951171875,2049.199951171875,6750
2025-04-25 13:01:00+05:30,2053.60009765625,2054.0,2050.0,2050.0,4713
2025-04-25 13:02:00+05:30,2051.300048828125,2054.89990234375,2050.39990234375,2054.60009765625,4173
2025-04-25 13:03:00+05:30,2051.39990234375,2052.10009765625,2050.699951171875,2051.10009765625,1132
2025-04-25 13:04:00+05:30,2052.0,2052.89990234375,2050.39990234375,2052.89990234375,1523
2025-04-25 13:05:00+05:30,2052.699951171875,2053.0,2052.5,2052.89990234375,1477
2025-04-25 13:06:00+05:30,2053.0,2055.0,2052.89990234375,2052.89990234375,2330
2025-04-25 13:07:00+05:30,2055.0,2056.60009765625,2054.10009765625,2054.39990234375,3855
2025-04-25 13:08:00+05:30,2054.800048828125,2055.5,2053.60009765625,2055.5,1231
2025-04-25 13:09:00+05:30,2055.89990234375,2056.60009765625,2054.300048828125,2054.89990234375,2092
2025-04-25 13:10:00+05:30,2056.10009765625,2056.60009765625,2055.10009765625,2055.89990234375,998
2025-04-25 13:11:00+05:30,2057.199951171875,2058.0,2056.10009765625,2056.10009765625,2624
2025-04-25 13:12:00+05:30,2057.800048828125,2058.0,2055.60009765625,2057.199951171875,2040
2025-04-25 13:13:00+05:30,2057.0,2057.800048828125,2056.0,2057.800048828125,1977
2025-04-25 13:14:00+05:30,2058.800048828125,2058.800048828125,2056.800048828125,2057.60009765625,2803
2025-04-25 13:15:00+05:30,2059.89990234375,2059.89990234375,2058.5,2058.800048828125,656
2025-04-25 13:16:00+05:30,2063.10009765625,2063.10009765625,2059.89990234375,2059.89990234375,4538
2025-04-25 13:17:00+05:30,2060.89990234375,2063.0,2059.39990234375,2062.699951171875,2767
2025-04-25 13:18:00+05:30,2060.39990234375,2061.199951171875,2059.199951171875,2060.800048828125,1836
2025-04-25 13:19:00+05:30,2062.300048828125,2062.300048828125,2060.800048828125,2060.800048828125,1887
2025-04-25 13:20:00+05:30,2062.699951171875,2062.800048828125,2061.10009765625,2062.300048828125,1338
2025-04-25 13:21:00+05:30,2065.0,2065.0,2062.800048828125,2062.800048828125,972
2025-04-25 13:22:00+05:30,2063.10009765625,2064.800048828125,2063.10009765625,2064.10009765625,2629
2025-04-25 13:23:00+05:30,2062.5,2064.60009765625,2062.0,2062.800048828125,13283
2025-04-25 13:24:00+05:30,2063.0,2063.300048828125,2062.300048828125,2062.5,805
2025-04-25 13:25:00+05:30,2062.89990234375,2063.0,2060.800048828125,2062.800048828125,1865
2025-04-25 13:26:00+05:30,2061.10009765625,2062.699951171875,2060.5,2062.39990234375,977
2025-04-25 13:27:00+05:30,2058.199951171875,2061.10009765625,2058.199951171875,2061.10009765625,16549
2025-04-25 13:28:00+05:30,2056.199951171875,2058.89990234375,2056.199951171875,2058.199951171875,1697
2025-04-25 13:29:00+05:30,2057.89990234375,2057.89990234375,2056.0,2056.800048828125,1976
2025-04-25 13:30:00+05:30,2058.10009765625,2059.39990234375,2057.10009765625,2057.89990234375,2507
2025-04-25 13:31:00+05:30,2059.60009765625,2060.10009765625,2057.60009765625,2057.60009765625,1916
2025-04-25 13:32:00+05:30,2059.0,2059.60009765625,2058.699951171875,2059.60009765625,388
2025-04-25 13:33:00+05:30,2060.5,2060.5,2058.89990234375,2059.0,1603
2025-04-25 13:34:00+05:30,2061.89990234375,2063.300048828125,2060.5,2060.5,2476
2025-04-25 13:35:00+05:30,2062.699951171875,2062.89990234375,2061.39990234375,2061.800048828125,1190
2025-04-25 13:36:00+05:30,2061.89990234375,2063.0,2061.800048828125,2062.800048828125,1716
2025-04-25 13:37:00+05:30,2061.10009765625,2061.800048828125,2061.10009765625,2061.5,846
2025-04-25 13:38:00+05:30,2060.0,2061.10009765625,2058.5,2061.10009765625,1070
2025-04-25 13:39:00+05:30,2058.300048828125,2060.199951171875,2057.0,2060.199951171875,1303
2025-04-25 13:40:00+05:30,2059.5,2060.699951171875,2059.0,2059.10009765625,1129
2025-04-25 13:41:00+05:30,2059.800048828125,2060.0,2059.5,2059.89990234375,1149
2025-04-25 13:42:00+05:30,2057.199951171875,2059.800048828125,2057.199951171875,2059.800048828125,1019
2025-04-25 13:43:00+05:30,2058.10009765625,2058.300048828125,2057.699951171875,2057.699951171875,1065
2025-04-25 13:44:00+05:30,2058.89990234375,2059.0,2058.800048828125,2059.0,608
2025-04-25 13:45:00+05:30,2058.800048828125,2058.800048828125,2058.699951171875,2058.800048828125,1295
2025-04-25 13:46:00+05:30,2059.0,2059.0,2058.699951171875,2058.699951171875,894
2025-04-25 13:47:00+05:30,2061.39990234375,2061.39990234375,2058.5,2058.699951171875,2031
2025-04-25 13:48:00+05:30,2060.89990234375,2061.0,2060.60009765625,2060.699951171875,2232
2025-04-25 13:49:00+05:30,2059.0,2060.0,2058.60009765625,2060.0,2525
2025-04-25 13:50:00+05:30,2059.5,2060.800048828125,2059.39990234375,2059.5,1359
2025-04-25 13:51:00+05:30,2059.5,2061.0,2058.800048828125,2059.5,1544
2025-04-25 13:52:00+05:30,2058.0,2058.800048828125,2058.0,2058.800048828125,1853
2025-04-25 13:53:00+05:30,2057.60009765625,2058.0,2057.39990234375,2057.89990234375,812
2025-04-25 13:54:00+05:30,2059.89990234375,2059.89990234375,2057.60009765625,2057.60009765625,1871
2025-04-25 13:55:00+05:30,2059.199951171875,2061.39990234375,2059.199951171875,2060.60009765625,2666
2025-04-25 13:56:00+05:30,2058.60009765625,2059.39990234375,2058.0,2059.199951171875,714
2025-04-25 13:57:00+05:30,2060.0,2061.800048828125,2059.0,2059.0,2554
2025-04-25 13:58:00+05:30,2059.10009765625,2060.0,2059.10009765625,2060.0,836
2025-04-25 13:59:00+05:30,2059.199951171875,2059.89990234375,2059.10009765625,2059.10009765625,2068
2025-04-25 14:00:00+05:30,2061.60009765625,2062.5,2059.800048828125,2059.800048828125,7811
2025-04-25 14:01:00+05:30,2064.0,2064.5,2061.0,2061.60009765625,9490
2025-04-25 14:02:00+05:30,2064.5,2065.0,2064.0,2064.0,1659
2025-04-25 14:03:00+05:30,2065.0,2065.0,2064.0,2064.0,3736
2025-04-25 14:04:00+05:30,2065.10009765625,2065.89990234375,2064.0,2065.800048828125,2537
2025-04-25 14:05:00+05:30,2065.0,2065.60009765625,2063.89990234375,2065.60009765625,988
2025-04-25 14:06:00+05:30,2063.89990234375,2065.0,2063.89990234375,2065.0,1654
2025-04-25 14:07:00+05:30,2061.60009765625,2064.0,2061.0,2063.89990234375,4097
2025-04-25 14:08:00+05:30,2060.0,2062.699951171875,2060.0,2061.60009765625,1542
2025-04-25 14:09:00+05:30,2059.0,2062.199951171875,2057.800048828125,2060.60009765625,3309
2025-04-25 14:10:00+05:30,2061.10009765625,2061.10009765625,2058.10009765625,2059.0,1395
2025-04-25 14:11:00+05:30,2061.60009765625,2061.699951171875,2060.89990234375,2061.60009765625,816
2025-04-25 14:12:00+05:30,2057.10009765625,2061.300048828125,2057.0,2060.89990234375,2203
2025-04-25 14:13:00+05:30,2060.800048828125,2060.800048828125,2057.699951171875,2058.60009765625,2484
2025-04-25 14:14:00+05:30,2059.39990234375,2062.10009765625,2058.699951171875,2060.39990234375,1134
2025-04-25 14:15:00+05:30,2061.89990234375,2063.300048828125,2059.699951171875,2059.699951171875,2312
2025-04-25 14:16:00+05:30,2065.0,2065.0,2061.89990234375,2061.89990234375,1517
2025-04-25 14:17:00+05:30,2063.60009765625,2065.0,2062.699951171875,2065.0,3560
2025-04-25 14:18:00+05:30,2063.0,2063.60009765625,2062.300048828125,2063.60009765625,943
2025-04-25 14:19:00+05:30,2064.0,2064.0,2062.5,2062.5,2256
2025-04-25 14:20:00+05:30,2061.60009765625,2063.89990234375,2060.199951171875,2063.89990234375,894
2025-04-25 14:21:00+05:30,2060.39990234375,2061.60009765625,2059.5,2061.5,1843
2025-04-25 14:22:00+05:30,2060.699951171875,2061.5,2059.800048828125,2060.39990234375,457
2025-04-25 14:23:00+05:30,2060.300048828125,2060.699951171875,2059.10009765625,2060.699951171875,1132
2025-04-25 14:24:00+05:30,2062.0,2062.0,2059.199951171875,2060.39990234375,815
2025-04-25 14:25:00+05:30,2060.0,2062.0,2059.0,2062.0,1152
2025-04-25 14:26:00+05:30,2060.199951171875,2061.39990234375,2059.800048828125,2060.0,1117
2025-04-25 14:27:00+05:30,2059.89990234375,2061.0,2059.5,2060.199951171875,3105
2025-04-25 14:28:00+05:30,2059.39990234375,2060.800048828125,2058.300048828125,2059.89990234375,933
2025-04-25 14:29:00+05:30,2059.5,2059.5,2058.10009765625,2059.39990234375,1782
2025-04-25 14:30:00+05:30,2057.699951171875,2060.0,2057.10009765625,2059.300048828125,1161
2025-04-25 14:31:00+05:30,2059.10009765625,2059.39990234375,2057.0,2057.699951171875,841
2025-04-25 14:32:00+05:30,2055.89990234375,2059.10009765625,2055.0,2059.10009765625,1355
2025-04-25 14:33:00+05:30,2055.10009765625,2055.60009765625,2053.89990234375,2054.89990234375,2564
2025-04-25 14:34:00+05:30,2054.800048828125,2055.10009765625,2054.300048828125,2055.10009765625,904
2025-04-25 14:35:00+05:30,2055.800048828125,2056.699951171875,2055.300048828125,2055.300048828125,2060
2025-04-25 14:36:00+05:30,2048.800048828125,2055.800048828125,2048.800048828125,2055.800048828125,4548
2025-04-25 14:37:00+05:30,2049.0,2049.39990234375,2047.5,2048.89990234375,1743
2025-04-25 14:38:00+05:30,2045.0,2049.39990234375,2045.0,2049.0,2022
2025-04-25 14:39:00+05:30,2047.0,2048.39990234375,2045.0999755859375,2045.4000244140625,6115
2025-04-25 14:40:00+05:30,2045.5999755859375,2047.0,2044.199951171875,2046.800048828125,4723
2025-04-25 14:41:00+05:30,2046.5,2047.300048828125,2046.0,2046.0,2757
2025-04-25 14:42:00+05:30,2045.9000244140625,2047.4000244140625,2045.0,2046.5,5270
2025-04-25 14:43:00+05:30,2045.300048828125,2045.9000244140625,2043.9000244140625,2045.9000244140625,2418
2025-04-25 14:44:00+05:30,2046.699951171875,2047.0999755859375,2044.9000244140625,2046.5,1490
2025-04-25 14:45:00+05:30,2045.4000244140625,2046.699951171875,2043.9000244140625,2046.699951171875,5483
2025-04-25 14:46:00+05:30,2045.300048828125,2047.199951171875,2045.0,2045.4000244140625,5295
2025-04-25 14:47:00+05:30,2045.699951171875,2046.699951171875,2045.0,2045.0999755859375,2906
2025-04-25 14:48:00+05:30,2045.9000244140625,2046.9000244140625,2045.800048828125,2045.800048828125,1562
2025-04-25 14:49:00+05:30,2046.5,2046.5,2045.800048828125,2045.9000244140625,1746
2025-04-25 14:50:00+05:30,2046.800048828125,2047.5,2046.800048828125,2046.9000244140625,6333
2025-04-25 14:51:00+05:30,2046.800048828125,2047.300048828125,2046.800048828125,2047.0,1200
2025-04-25 14:52:00+05:30,2047.800048828125,2047.800048828125,2046.199951171875,2046.800048828125,11946
2025-04-25 14:53:00+05:30,2047.0999755859375,2047.800048828125,2046.4000244140625,2047.800048828125,1338
2025-04-25 14:54:00+05:30,2047.0,2047.199951171875,2046.5,2047.199951171875,728
2025-04-25 14:55:00+05:30,2045.800048828125,2047.199951171875,2045.5,2046.0999755859375,13270
2025-04-25 14:56:00+05:30,2046.300048828125,2047.4000244140625,2045.199951171875,2045.800048828125,1450
2025-04-25 14:57:00+05:30,2046.300048828125,2046.699951171875,2045.0,2045.5,1972
2025-04-25 14:58:00+05:30,2048.800048828125,2049.39990234375,2046.300048828125,2046.300048828125,8298
2025-04-25 14:59:00+05:30,2048.10009765625,2050.699951171875,2048.10009765625,2048.800048828125,6070
2025-04-25 15:00:00+05:30,2047.699951171875,2050.10009765625,2047.699951171875,2048.10009765625,7621
2025-04-25 15:01:00+05:30,2045.300048828125,2047.9000244140625,2045.0,2047.9000244140625,6548
2025-04-25 15:02:00+05:30,2047.300048828125,2047.300048828125,2045.0,2045.199951171875,8521
2025-04-25 15:03:00+05:30,2045.5999755859375,2047.5999755859375,2045.0,2046.5999755859375,5825
2025-04-25 15:04:00+05:30,2046.199951171875,2047.300048828125,2045.199951171875,2045.4000244140625,3907
2025-04-25 15:05:00+05:30,2047.800048828125,2048.0,2045.199951171875,2046.4000244140625,2149
2025-04-25 15:06:00+05:30,2047.9000244140625,2048.5,2047.5,2047.800048828125,2467
2025-04-25 15:07:00+05:30,2047.9000244140625,2048.199951171875,2046.300048828125,2047.9000244140625,5030
2025-04-25 15:08:00+05:30,2049.300048828125,2050.10009765625,2047.300048828125,2047.300048828125,3160
2025-04-25 15:09:00+05:30,2051.0,2052.0,2049.300048828125,2049.39990234375,4220
2025-04-25 15:10:00+05:30,2050.0,2050.89990234375,2049.39990234375,2050.60009765625,3866
2025-04-25 15:11:00+05:30,2050.300048828125,2051.0,2049.5,2049.60009765625,3253
2025-04-25 15:12:00+05:30,2046.9000244140625,2050.0,2046.9000244140625,2049.89990234375,2626
2025-04-25 15:13:00+05:30,2045.800048828125,2046.800048828125,2045.0,2046.699951171875,9432
2025-04-25 15:14:00+05:30,2046.0999755859375,2046.0999755859375,2045.0,2045.800048828125,1895
2025-04-25 15:15:00+05:30,2047.9000244140625,2047.9000244140625,2045.0,2046.0999755859375,11782
2025-04-25 15:16:00+05:30,2045.4000244140625,2047.0,2045.199951171875,2047.0,7887
2025-04-25 15:17:00+05:30,2046.5999755859375,2047.4000244140625,2045.4000244140625,2045.4000244140625,3736
2025-04-25 15:18:00+05:30,2045.0999755859375,2046.4000244140625,2045.0999755859375,2046.300048828125,5354
2025-04-25 15:19:00+05:30,2045.0999755859375,2045.5,2044.699951171875,2045.0999755859375,43068
2025-04-25 15:20:00+05:30,2045.0999755859375,2046.800048828125,2045.0,2045.0,18166
2025-04-25 15:21:00+05:30,2046.800048828125,2047.9000244140625,2044.0999755859375,2045.0,28219
2025-04-25 15:22:00+05:30,2048.0,2048.0,2046.5999755859375,2046.800048828125,2475
2025-04-25 15:23:00+05:30,2046.4000244140625,2048.0,2046.0,2047.9000244140625,3977
2025-04-25 15:24:00+05:30,2045.4000244140625,2047.0,2045.0,2046.4000244140625,19243
2025-04-25 15:25:00+05:30,2046.5999755859375,2046.699951171875,2045.199951171875,2045.199951171875,5039
2025-04-25 15:26:00+05:30,2045.199951171875,2046.4000244140625,2045.0,2046.4000244140625,12238
2025-04-25 15:27:00+05:30,2045.9000244140625,2047.0,2045.0,2045.0,59770
2025-04-25 15:28:00+05:30,2046.0,2046.199951171875,2040.699951171875,2042.5999755859375,39370
2025-04-25 15:29:00+05:30,2045.0,2046.5,2032.0,2046.5,13197
2025-04-28 09:15:00+05:30,2053.10009765625,2094.699951171875,2050.0,2078.0,2228724
2025-04-28 09:16:00+05:30,2057.5,2059.199951171875,2050.0,2052.699951171875,40454
2025-04-28 09:17:00+05:30,2052.60009765625,2058.0,2050.5,2056.699951171875,9938
2025-04-28 09:18:00+05:30,2054.60009765625,2057.5,2050.300048828125,2052.89990234375,8300
2025-04-28 09:19:00+05:30,2054.10009765625,2055.699951171875,2051.199951171875,2053.60009765625,6792
2025-04-28 09:20:00+05:30,2053.10009765625,2056.0,2053.10009765625,2054.10009765625,4951
2025-04-28 09:21:00+05:30,2050.300048828125,2053.800048828125,2050.0,2053.800048828125,20573
2025-04-28 09:22:00+05:30,2054.89990234375,2055.300048828125,2051.800048828125,2051.800048828125,4472
2025-04-28 09:23:00+05:30,2050.39990234375,2054.89990234375,2050.39990234375,2054.89990234375,10487
2025-04-28 09:24:00+05:30,2050.800048828125,2051.0,2050.0,2050.10009765625,8861
2025-04-28 09:25:00+05:30,2051.300048828125,2052.699951171875,2050.89990234375,2050.89990234375,4124
2025-04-28 09:26:00+05:30,2051.10009765625,2052.199951171875,2048.199951171875,2050.10009765625,9599
2025-04-28 09:27:00+05:30,2053.5,2053.5,2051.39990234375,2051.60009765625,3429
2025-04-28 09:28:00+05:30,2051.199951171875,2053.0,2050.10009765625,2053.0,5359
2025-04-28 09:29:00+05:30,2051.10009765625,2052.0,2050.0,2051.199951171875,7443
2025-04-28 09:30:00+05:30,2056.800048828125,2056.800048828125,2051.199951171875,2051.800048828125,4468
2025-04-28 09:31:00+05:30,2056.800048828125,2057.300048828125,2055.0,2055.0,5325
2025-04-28 09:32:00+05:30,2061.199951171875,2061.199951171875,2057.0,2057.0,4273
2025-04-28 09:33:00+05:30,2060.60009765625,2062.0,2059.699951171875,2060.0,8598
2025-04-28 09:34:00+05:30,2065.10009765625,2068.10009765625,2059.699951171875,2060.800048828125,9259
2025-04-28 09:35:00+05:30,2071.0,2071.0,2066.5,2067.300048828125,7259
2025-04-28 09:36:00+05:30,2074.60009765625,2074.699951171875,2069.199951171875,2069.60009765625,11761
2025-04-28 09:37:00+05:30,2072.199951171875,2076.39990234375,2072.199951171875,2073.39990234375,8659
2025-04-28 09:38:00+05:30,2078.10009765625,2079.0,2072.300048828125,2072.699951171875,5455
2025-04-28 09:39:00+05:30,2072.39990234375,2078.199951171875,2071.39990234375,2077.89990234375,5379
2025-04-28 09:40:00+05:30,2070.39990234375,2074.800048828125,2070.0,2072.199951171875,3496
2025-04-28 09:41:00+05:30,2068.699951171875,2072.0,2066.0,2070.0,6439
2025-04-28 09:42:00+05:30,2070.10009765625,2070.89990234375,2067.0,2068.699951171875,3858
2025-04-28 09:43:00+05:30,2070.89990234375,2070.89990234375,2068.10009765625,2069.60009765625,1960
2025-04-28 09:44:00+05:30,2069.199951171875,2071.300048828125,2069.10009765625,2070.89990234375,1048
2025-04-28 09:45:00+05:30,2075.199951171875,2075.60009765625,2070.10009765625,2070.10009765625,15443
2025-04-28 09:46:00+05:30,2077.39990234375,2077.800048828125,2074.699951171875,2074.89990234375,7113
2025-04-28 09:47:00+05:30,2076.300048828125,2077.39990234375,2074.89990234375,2077.300048828125,3466
2025-04-28 09:48:00+05:30,2078.0,2078.0,2075.199951171875,2076.199951171875,3859
2025-04-28 09:49:00+05:30,2079.800048828125,2079.800048828125,2076.699951171875,2078.0,6366
2025-04-28 09:50:00+05:30,2077.0,2080.699951171875,2077.0,2079.800048828125,14837
2025-04-28 09:51:00+05:30,2079.699951171875,2079.699951171875,2076.10009765625,2077.0,4197
2025-04-28 09:52:00+05:30,2080.39990234375,2080.89990234375,2078.699951171875,2079.89990234375,5558
2025-04-28 09:53:00+05:30,2078.39990234375,2081.89990234375,2078.39990234375,2079.800048828125,4645
2025-04-28 09:54:00+05:30,2080.0,2081.39990234375,2078.0,2078.39990234375,6455
2025-04-28 09:55:00+05:30,2075.89990234375,2081.89990234375,2075.89990234375,2080.0,6517
2025-04-28 09:56:00+05:30,2078.800048828125,2079.10009765625,2076.0,2077.0,9969
2025-04-28 09:57:00+05:30,2079.5,2079.60009765625,2078.199951171875,2078.199951171875,3902
2025-04-28 09:58:00+05:30,2080.60009765625,2080.60009765625,2077.699951171875,2079.0,14667
2025-04-28 09:59:00+05:30,2082.699951171875,2083.60009765625,2079.39990234375,2080.60009765625,8721
2025-04-28 10:00:00+05:30,2079.0,2082.699951171875,2079.0,2082.199951171875,5077
2025-04-28 10:01:00+05:30,2079.0,2080.0,2078.699951171875,2079.0,3328
2025-04-28 10:02:00+05:30,2079.0,2080.0,2077.60009765625,2080.0,6668
2025-04-28 10:03:00+05:30,2084.199951171875,2084.300048828125,2079.0,2079.0,7109
2025-04-28 10:04:00+05:30,2082.800048828125,2084.5,2082.10009765625,2084.5,3375
2025-04-28 10:05:00+05:30,2082.5,2084.5,2082.39990234375,2082.89990234375,8292
2025-04-28 10:06:00+05:30,2079.199951171875,2083.0,2078.39990234375,2082.5,3842
2025-04-28 10:07:00+05:30,2074.5,2078.89990234375,2074.10009765625,2077.89990234375,8121
2025-04-28 10:08:00+05:30,2076.699951171875,2077.0,2074.10009765625,2074.800048828125,3671
2025-04-28 10:09:00+05:30,2074.5,2076.60009765625,2074.5,2076.5,3972
2025-04-28 10:10:00+05:30,2078.39990234375,2078.39990234375,2074.5,2074.5,3108
2025-04-28 10:11:00+05:30,2076.0,2078.0,2075.800048828125,2077.800048828125,1695
2025-04-28 10:12:00+05:30,2076.60009765625,2076.60009765625,2075.0,2076.199951171875,2314
2025-04-28 10:13:00+05:30,2077.60009765625,2079.0,2076.60009765625,2076.60009765625,3080
2025-04-28 10:14:00+05:30,2078.5,2079.0,2077.60009765625,2077.60009765625,1251
2025-04-28 10:15:00+05:30,2077.60009765625,2081.5,2077.60009765625,2078.89990234375,17559
2025-04-28 10:16:00+05:30,2077.60009765625,2078.10009765625,2077.0,2077.60009765625,3580
2025-04-28 10:17:00+05:30,2075.199951171875,2077.699951171875,2075.199951171875,2077.60009765625,8101
2025-04-28 10:18:00+05:30,2072.300048828125,2075.89990234375,2072.0,2075.89990234375,4044
2025-04-28 10:19:00+05:30,2071.60009765625,2073.89990234375,2071.60009765625,2072.0,1549
2025-04-28 10:20:00+05:30,2071.0,2072.699951171875,2071.0,2072.300048828125,2049
2025-04-28 10:21:00+05:30,2071.199951171875,2072.10009765625,2070.300048828125,2070.89990234375,1714
2025-04-28 10:22:00+05:30,2073.5,2073.89990234375,2071.0,2071.0,1649
2025-04-28 10:23:00+05:30,2072.10009765625,2074.89990234375,2072.0,2073.5,2611
2025-04-28 10:24:00+05:30,2071.300048828125,2073.300048828125,2071.300048828125,2072.10009765625,2316
2025-04-28 10:25:00+05:30,2071.199951171875,2071.89990234375,2071.0,2071.10009765625,923
2025-04-28 10:26:00+05:30,2073.5,2073.5,2071.0,2072.0,2716
2025-04-28 10:27:00+05:30,2072.10009765625,2073.39990234375,2072.0,2073.10009765625,1310
2025-04-28 10:28:00+05:30,2072.199951171875,2074.39990234375,2071.800048828125,2072.10009765625,2504
2025-04-28 10:29:00+05:30,2072.60009765625,2073.89990234375,2071.10009765625,2072.300048828125,2760
2025-04-28 10:30:00+05:30,2075.89990234375,2075.89990234375,2072.89990234375,2073.800048828125,1681
2025-04-28 10:31:00+05:30,2076.0,2078.0,2076.0,2077.699951171875,2714
2025-04-28 10:32:00+05:30,2075.60009765625,2076.300048828125,2074.89990234375,2076.0,1328
2025-04-28 10:33:00+05:30,2075.300048828125,2076.10009765625,2074.199951171875,2075.60009765625,1978
2025-04-28 10:34:00+05:30,2076.39990234375,2077.39990234375,2075.300048828125,2075.300048828125,1425
2025-04-28 10:35:00+05:30,2075.0,2077.0,2075.0,2076.39990234375,1164
2025-04-28 10:36:00+05:30,2074.5,2075.800048828125,2074.0,2074.10009765625,1637
2025-04-28 10:37:00+05:30,2075.800048828125,2076.300048828125,2074.5,2074.5,1279
2025-04-28 10:38:00+05:30,2075.5,2076.0,2075.39990234375,2075.5,985
2025-04-28 10:39:00+05:30,2075.699951171875,2076.60009765625,2075.5,2075.5,1062
2025-04-28 10:40:00+05:30,2076.199951171875,2077.800048828125,2075.699951171875,2075.699951171875,1277
2025-04-28 10:41:00+05:30,2072.5,2076.800048828125,2072.39990234375,2076.199951171875,5518
2025-04-28 10:42:00+05:30,2072.800048828125,2073.0,2072.0,2072.39990234375,1225
2025-04-28 10:43:00+05:30,2073.0,2074.0,2072.39990234375,2072.800048828125,3004
2025-04-28 10:44:00+05:30,2072.0,2073.0,2072.0,2073.0,1188
2025-04-28 10:45:00+05:30,2072.199951171875,2073.699951171875,2072.199951171875,2072.699951171875,1172
2025-04-28 10:46:00+05:30,2072.699951171875,2074.39990234375,2072.199951171875,2072.199951171875,620
2025-04-28 10:47:00+05:30,2072.60009765625,2073.39990234375,2072.0,2072.699951171875,1216
2025-04-28 10:48:00+05:30,2074.300048828125,2074.89990234375,2072.300048828125,2072.300048828125,1457
2025-04-28 10:49:00+05:30,2075.199951171875,2076.0,2074.300048828125,2074.300048828125,777
2025-04-28 10:50:00+05:30,2074.89990234375,2076.39990234375,2074.89990234375,2075.199951171875,3177
2025-04-28 10:51:00+05:30,2073.60009765625,2075.0,2073.5,2074.10009765625,1460
2025-04-28 10:52:00+05:30,2074.199951171875,2074.199951171875,2073.0,2073.800048828125,3742
2025-04-28 10:53:00+05:30,2072.800048828125,2075.0,2072.800048828125,2074.300048828125,7246
2025-04-28 10:54:00+05:30,2073.5,2073.5,2072.800048828125,2072.800048828125,2726
2025-04-28 10:55:00+05:30,2074.699951171875,2074.699951171875,2073.39990234375,2073.5,6161
2025-04-28 10:56:00+05:30,2073.10009765625,2075.60009765625,2073.0,2074.699951171875,3066
2025-04-28 10:57:00+05:30,2072.0,2073.10009765625,2072.0,2073.0,2250
2025-04-28 10:58:00+05:30,2069.60009765625,2072.5,2069.0,2072.0,5191
2025-04-28 10:59:00+05:30,2069.300048828125,2071.199951171875,2069.0,2069.0,2163
2025-04-28 11:00:00+05:30,2071.5,2071.800048828125,2069.0,2069.60009765625,3423
2025-04-28 11:01:00+05:30,2070.5,2071.89990234375,2070.0,2071.89990234375,1341
2025-04-28 11:02:00+05:30,2070.699951171875,2070.800048828125,2069.699951171875,2070.10009765625,1506
2025-04-28 11:03:00+05:30,2069.89990234375,2070.800048828125,2069.5,2070.800048828125,1131
2025-04-28 11:04:00+05:30,2069.300048828125,2070.39990234375,2068.199951171875,2069.89990234375,9312
2025-04-28 11:05:00+05:30,2066.800048828125,2069.300048828125,2066.699951171875,2068.5,1623
2025-04-28 11:06:00+05:30,2067.5,2068.60009765625,2066.60009765625,2067.0,1054
2025-04-28 11:07:00+05:30,2068.0,2068.199951171875,2066.39990234375,2066.800048828125,2015
2025-04-28 11:08:00+05:30,2068.0,2068.800048828125,2067.39990234375,2067.39990234375,1399
2025-04-28 11:09:00+05:30,2068.699951171875,2069.0,2068.10009765625,2068.10009765625,843
2025-04-28 11:10:00+05:30,2068.699951171875,2069.5,2068.39990234375,2068.39990234375,1392
2025-04-28 11:11:00+05:30,2067.39990234375,2069.0,2067.0,2068.699951171875,2021
2025-04-28 11:12:00+05:30,2066.0,2068.0,2066.0,2067.0,1728
2025-04-28 11:13:00+05:30,2064.89990234375,2066.39990234375,2064.89990234375,2066.0,2545
2025-04-28 11:14:00+05:30,2064.39990234375,2065.0,2064.10009765625,2064.89990234375,858
2025-04-28 11:15:00+05:30,2062.60009765625,2067.199951171875,2062.60009765625,2064.5,3081
2025-04-28 11:16:00+05:30,2055.0,2063.89990234375,2055.0,2063.89990234375,12627
2025-04-28 11:17:00+05:30,2056.39990234375,2058.89990234375,2055.0,2055.0,8322
2025-04-28 11:18:00+05:30,2055.10009765625,2057.60009765625,2055.0,2057.5,4449
2025-04-28 11:19:00+05:30,2055.0,2056.0,2055.0,2055.0,9213
2025-04-28 11:20:00+05:30,2055.800048828125,2056.89990234375,2055.0,2055.10009765625,4217
2025-04-28 11:21:00+05:30,2055.0,2056.199951171875,2055.0,2055.800048828125,9872
2025-04-28 11:22:00+05:30,2055.699951171875,2056.5,2055.0,2055.10009765625,3088
2025-04-28 11:23:00+05:30,2055.800048828125,2055.800048828125,2052.300048828125,2055.10009765625,50604
2025-04-28 11:24:00+05:30,2056.0,2058.60009765625,2052.89990234375,2054.199951171875,32267
2025-04-28 11:25:00+05:30,2054.10009765625,2056.0,2053.0,2055.60009765625,3060
2025-04-28 11:26:00+05:30,2053.10009765625,2055.89990234375,2052.60009765625,2053.300048828125,3062
2025-04-28 11:27:00+05:30,2052.199951171875,2054.10009765625,2052.199951171875,2053.199951171875,3082
2025-04-28 11:28:00+05:30,2052.89990234375,2053.699951171875,2052.0,2052.800048828125,3079
2025-04-28 11:29:00+05:30,2050.0,2053.10009765625,2050.0,2053.10009765625,3620
2025-04-28 11:30:00+05:30,2048.0,2051.5,2047.699951171875,2050.199951171875,10652
2025-04-28 11:31:00+05:30,2047.5999755859375,2048.0,2045.5999755859375,2047.800048828125,2484
2025-04-28 11:32:00+05:30,2050.0,2050.0,2048.0,2048.0,1662
2025-04-28 11:33:00+05:30,2052.10009765625,2053.0,2050.0,2050.0,2754
2025-04-28 11:34:00+05:30,2054.5,2054.60009765625,2051.89990234375,2053.10009765625,3109
2025-04-28 11:35:00+05:30,2055.800048828125,2055.800048828125,2053.0,2054.0,2495
2025-04-28 11:36:00+05:30,2056.800048828125,2057.10009765625,2054.699951171875,2055.800048828125,4453
2025-04-28 11:37:00+05:30,2055.300048828125,2057.300048828125,2055.0,2057.0,2911
2025-04-28 11:38:00+05:30,2054.300048828125,2056.5,2054.0,2056.0,6332
2025-04-28 11:39:00+05:30,2053.60009765625,2054.89990234375,2053.0,2054.300048828125,1861
2025-04-28 11:40:00+05:30,2054.89990234375,2055.0,2052.800048828125,2053.60009765625,1616
2025-04-28 11:41:00+05:30,2052.5,2055.0,2052.5,2054.89990234375,5456
2025-04-28 11:42:00+05:30,2054.89990234375,2055.0,2052.300048828125,2053.199951171875,2656
2025-04-28 11:43:00+05:30,2054.199951171875,2055.0,2053.60009765625,2055.0,620
2025-04-28 11:44:00+05:30,2053.199951171875,2054.800048828125,2052.89990234375,2054.199951171875,1092
2025-04-28 11:45:00+05:30,2053.89990234375,2054.10009765625,2052.60009765625,2053.199951171875,2089
2025-04-28 11:46:00+05:30,2051.60009765625,2054.0,2051.60009765625,2053.89990234375,6298
2025-04-28 11:47:00+05:30,2050.0,2053.0,2050.0,2051.800048828125,2338
2025-04-28 11:48:00+05:30,2053.0,2053.0,2050.0,2050.10009765625,15176
2025-04-28 11:49:00+05:30,2052.60009765625,2054.199951171875,2050.89990234375,2053.0,10761
2025-04-28 11:50:00+05:30,2051.300048828125,2052.699951171875,2050.0,2052.699951171875,22421
2025-04-28 11:51:00+05:30,2051.10009765625,2052.199951171875,2050.199951171875,2051.5,1252
2025-04-28 11:52:00+05:30,2050.699951171875,2052.60009765625,2050.0,2051.800048828125,5488
2025-04-28 11:53:00+05:30,2051.199951171875,2052.0,2050.699951171875,2051.60009765625,1697
2025-04-28 11:54:00+05:30,2051.89990234375,2052.60009765625,2050.300048828125,2051.199951171875,1889
2025-04-28 11:55:00+05:30,2050.300048828125,2052.5,2050.199951171875,2051.89990234375,1723
2025-04-28 11:56:00+05:30,2050.800048828125,2051.699951171875,2050.39990234375,2050.89990234375,476
2025-04-28 11:57:00+05:30,2050.60009765625,2052.0,2050.0,2051.300048828125,3297
2025-04-28 11:58:00+05:30,2051.10009765625,2052.0,2050.300048828125,2051.0,1260
2025-04-28 11:59:00+05:30,2050.89990234375,2051.10009765625,2050.699951171875,2051.10009765625,2116
2025-04-28 12:00:00+05:30,2050.5,2051.10009765625,2050.39990234375,2051.0,922
2025-04-28 12:01:00+05:30,2051.0,2051.10009765625,2050.10009765625,2051.10009765625,1450
2025-04-28 12:02:00+05:30,2050.0,2052.89990234375,2050.0,2051.0,16782
2025-04-28 12:03:00+05:30,2050.0,2051.800048828125,2050.0,2050.0,7012
2025-04-28 12:04:00+05:30,2051.0,2051.10009765625,2050.0,2050.0,3363
2025-04-28 12:05:00+05:30,2053.39990234375,2054.0,2050.60009765625,2051.0,4686
2025-04-28 12:06:00+05:30,2053.0,2055.89990234375,2052.5,2054.39990234375,4856
2025-04-28 12:07:00+05:30,2052.89990234375,2054.800048828125,2052.5,2053.800048828125,3006
2025-04-28 12:08:00+05:30,2053.10009765625,2053.89990234375,2052.60009765625,2052.89990234375,1930
2025-04-28 12:09:00+05:30,2053.199951171875,2053.39990234375,2052.5,2053.10009765625,2681
2025-04-28 12:10:00+05:30,2053.10009765625,2053.199951171875,2052.60009765625,2052.60009765625,688
2025-04-28 12:11:00+05:30,2053.89990234375,2053.89990234375,2053.10009765625,2053.10009765625,1369
2025-04-28 12:12:00+05:30,2053.699951171875,2055.10009765625,2052.60009765625,2055.0,2223
2025-04-28 12:13:00+05:30,2054.800048828125,2055.10009765625,2052.60009765625,2053.800048828125,1439
2025-04-28 12:14:00+05:30,2054.0,2055.0,2053.10009765625,2054.800048828125,2097
2025-04-28 12:15:00+05:30,2054.199951171875,2055.0,2052.699951171875,2054.0,2385
2025-04-28 12:16:00+05:30,2054.60009765625,2055.0,2054.10009765625,2055.0,1626
2025-04-28 12:17:00+05:30,2055.10009765625,2055.10009765625,2054.60009765625,2054.89990234375,1110
2025-04-28 12:18:00+05:30,2055.39990234375,2055.5,2054.800048828125,2055.10009765625,919
2025-04-28 12:19:00+05:30,2054.800048828125,2056.0,2054.800048828125,2055.5,3607
2025-04-28 12:20:00+05:30,2056.39990234375,2057.199951171875,2054.800048828125,2055.10009765625,9796
2025-04-28 12:21:00+05:30,2056.10009765625,2056.60009765625,2055.60009765625,2056.5,2236
2025-04-28 12:22:00+05:30,2056.5,2057.60009765625,2055.800048828125,2056.10009765625,3454
2025-04-28 12:23:00+05:30,2056.300048828125,2057.300048828125,2056.199951171875,2056.5,2493
2025-04-28 12:24:00+05:30,2055.300048828125,2056.89990234375,2055.0,2056.89990234375,2134
2025-04-28 12:25:00+05:30,2055.60009765625,2057.300048828125,2055.10009765625,2056.0,3241
2025-04-28 12:26:00+05:30,2055.89990234375,2056.89990234375,2055.5,2056.300048828125,650
2025-04-28 12:27:00+05:30,2055.60009765625,2056.0,2055.60009765625,2055.800048828125,884
2025-04-28 12:28:00+05:30,2056.0,2056.0,2055.60009765625,2055.89990234375,1416
2025-04-28 12:29:00+05:30,2054.300048828125,2056.0,2054.300048828125,2055.5,2705
2025-04-28 12:30:00+05:30,2054.5,2055.0,2054.300048828125,2054.39990234375,1155
2025-04-28 12:31:00+05:30,2054.699951171875,2055.0,2054.39990234375,2054.800048828125,1442
2025-04-28 12:32:00+05:30,2054.300048828125,2055.0,2054.10009765625,2055.0,1549
2025-04-28 12:33:00+05:30,2054.89990234375,2055.0,2054.10009765625,2055.0,1991
2025-04-28 12:34:00+05:30,2054.199951171875,2055.0,2054.10009765625,2054.89990234375,1057
2025-04-28 12:35:00+05:30,2053.699951171875,2055.0,2053.699951171875,2055.0,1459
2025-04-28 12:36:00+05:30,2053.699951171875,2054.699951171875,2053.699951171875,2054.199951171875,916
2025-04-28 12:37:00+05:30,2053.89990234375,2055.0,2053.39990234375,2054.5,942
2025-04-28 12:38:00+05:30,2054.800048828125,2055.0,2053.89990234375,2054.39990234375,1692
2025-04-28 12:39:00+05:30,2054.60009765625,2055.0,2053.0,2053.89990234375,1430
2025-04-28 12:40:00+05:30,2054.39990234375,2055.0,2053.89990234375,2054.60009765625,1933
2025-04-28 12:41:00+05:30,2054.60009765625,2055.0,2054.39990234375,2054.89990234375,725
2025-04-28 12:42:00+05:30,2055.5,2056.0,2054.800048828125,2054.89990234375,1426
2025-04-28 12:43:00+05:30,2055.199951171875,2056.0,2055.10009765625,2055.39990234375,829
2025-04-28 12:44:00+05:30,2055.10009765625,2056.0,2055.0,2055.800048828125,1368
2025-04-28 12:45:00+05:30,2054.699951171875,2055.800048828125,2054.0,2055.39990234375,997
2025-04-28 12:46:00+05:30,2054.800048828125,2056.0,2054.199951171875,2055.300048828125,1724
2025-04-28 12:47:00+05:30,2055.39990234375,2056.0,2054.800048828125,2055.39990234375,2418
2025-04-28 12:48:00+05:30,2054.39990234375,2056.0,2054.199951171875,2055.39990234375,1182
2025-04-28 12:49:00+05:30,2055.0,2056.0,2054.300048828125,2055.0,1025
2025-04-28 12:50:00+05:30,2055.300048828125,2056.0,2055.0,2055.199951171875,943
2025-04-28 12:51:00+05:30,2055.89990234375,2056.0,2055.300048828125,2055.300048828125,883
2025-04-28 12:52:00+05:30,2055.300048828125,2056.0,2054.699951171875,2055.89990234375,1228
2025-04-28 12:53:00+05:30,2055.300048828125,2055.89990234375,2054.699951171875,2055.800048828125,943
2025-04-28 12:54:00+05:30,2054.5,2055.60009765625,2054.5,2055.60009765625,702
2025-04-28 12:55:00+05:30,2053.60009765625,2055.39990234375,2052.5,2054.800048828125,3462
2025-04-28 12:56:00+05:30,2055.0,2055.199951171875,2053.0,2053.0,1139
2025-04-28 12:57:00+05:30,2055.10009765625,2056.0,2054.0,2055.0,1043
2025-04-28 12:58:00+05:30,2055.699951171875,2056.699951171875,2054.10009765625,2055.800048828125,840
2025-04-28 12:59:00+05:30,2055.0,2055.699951171875,2054.89990234375,2055.699951171875,737
2025-04-28 13:00:00+05:30,2055.199951171875,2055.39990234375,2053.5,2055.300048828125,1293
2025-04-28 13:01:00+05:30,2054.89990234375,2056.0,2054.60009765625,2055.199951171875,445
2025-04-28 13:02:00+05:30,2055.5,2055.800048828125,2054.0,2055.5,2165
2025-04-28 13:03:00+05:30,2054.800048828125,2056.0,2054.800048828125,2055.5,1047
2025-04-28 13:04:00+05:30,2054.699951171875,2055.89990234375,2054.5,2055.39990234375,1208
2025-04-28 13:05:00+05:30,2054.699951171875,2055.60009765625,2054.300048828125,2054.699951171875,669
2025-04-28 13:06:00+05:30,2054.300048828125,2055.5,2054.300048828125,2055.0,1169
2025-04-28 13:07:00+05:30,2052.800048828125,2054.699951171875,2052.699951171875,2054.5,1155
2025-04-28 13:08:00+05:30,2052.5,2053.300048828125,2051.0,2052.699951171875,4095
2025-04-28 13:09:00+05:30,2055.5,2055.60009765625,2052.39990234375,2052.5,4842
2025-04-28 13:10:00+05:30,2055.699951171875,2056.89990234375,2054.39990234375,2055.5,5654
2025-04-28 13:11:00+05:30,2056.89990234375,2058.0,2056.0,2056.0,5076
2025-04-28 13:12:00+05:30,2057.39990234375,2057.39990234375,2055.39990234375,2057.199951171875,2249
2025-04-28 13:13:00+05:30,2057.0,2057.60009765625,2055.0,2057.39990234375,3206
2025-04-28 13:14:00+05:30,2055.699951171875,2057.199951171875,2055.0,2057.10009765625,2772
2025-04-28 13:15:00+05:30,2056.60009765625,2056.699951171875,2055.0,2056.10009765625,1520
2025-04-28 13:16:00+05:30,2055.60009765625,2057.0,2055.39990234375,2056.699951171875,2507
2025-04-28 13:17:00+05:30,2056.0,2057.0,2055.60009765625,2056.199951171875,1484
2025-04-28 13:18:00+05:30,2056.39990234375,2056.89990234375,2055.39990234375,2056.89990234375,2391
2025-04-28 13:19:00+05:30,2054.699951171875,2056.39990234375,2054.699951171875,2055.699951171875,1693
2025-04-28 13:20:00+05:30,2053.0,2055.5,2053.0,2054.800048828125,1135
2025-04-28 13:21:00+05:30,2053.0,2053.0,2052.60009765625,2053.0,872
2025-04-28 13:22:00+05:30,2052.5,2053.39990234375,2052.199951171875,2053.0,1691
2025-04-28 13:23:00+05:30,2051.39990234375,2053.5,2051.10009765625,2052.5,1843
2025-04-28 13:24:00+05:30,2052.39990234375,2053.0,2051.39990234375,2052.10009765625,1162
2025-04-28 13:25:00+05:30,2052.0,2053.0,2051.60009765625,2052.5,632
2025-04-28 13:26:00+05:30,2052.300048828125,2052.800048828125,2051.10009765625,2052.800048828125,2007
2025-04-28 13:27:00+05:30,2052.39990234375,2052.5,2051.39990234375,2052.199951171875,676
2025-04-28 13:28:00+05:30,2051.89990234375,2053.0,2051.89990234375,2052.39990234375,490
2025-04-28 13:29:00+05:30,2053.0,2053.0,2051.89990234375,2052.800048828125,1066
2025-04-28 13:30:00+05:30,2052.89990234375,2053.10009765625,2052.89990234375,2053.0,1243
2025-04-28 13:31:00+05:30,2052.199951171875,2053.0,2052.199951171875,2053.0,780
2025-04-28 13:32:00+05:30,2052.300048828125,2053.0,2052.10009765625,2052.89990234375,1262
2025-04-28 13:33:00+05:30,2052.60009765625,2053.199951171875,2051.89990234375,2052.10009765625,2745
2025-04-28 13:34:00+05:30,2053.0,2053.10009765625,2052.60009765625,2052.60009765625,1143
2025-04-28 13:35:00+05:30,2052.800048828125,2053.0,2052.5,2053.0,925
2025-04-28 13:36:00+05:30,2054.0,2054.0,2052.5,2052.60009765625,4318
2025-04-28 13:37:00+05:30,2052.0,2054.0,2052.0,2054.0,3568
2025-04-28 13:38:00+05:30,2052.699951171875,2053.0,2052.0,2052.699951171875,1257
2025-04-28 13:39:00+05:30,2052.199951171875,2053.0,2052.0,2052.5,594
2025-04-28 13:40:00+05:30,2051.800048828125,2052.800048828125,2051.800048828125,2052.699951171875,1011
2025-04-28 13:41:00+05:30,2052.5,2053.0,2051.800048828125,2051.800048828125,650
2025-04-28 13:42:00+05:30,2052.39990234375,2053.199951171875,2052.39990234375,2052.89990234375,906
2025-04-28 13:43:00+05:30,2052.89990234375,2053.0,2052.39990234375,2052.89990234375,1135
2025-04-28 13:44:00+05:30,2053.0,2053.0,2052.39990234375,2052.89990234375,781
2025-04-28 13:45:00+05:30,2052.699951171875,2053.10009765625,2052.60009765625,2053.0,551
2025-04-28 13:46:00+05:30,2051.60009765625,2053.0,2051.300048828125,2052.699951171875,2214
2025-04-28 13:47:00+05:30,2050.39990234375,2052.300048828125,2050.39990234375,2052.300048828125,1396
2025-04-28 13:48:00+05:30,2050.300048828125,2051.10009765625,2050.0,2051.10009765625,1478
2025-04-28 13:49:00+05:30,2051.0,2051.0,2050.0,2050.300048828125,2822
2025-04-28 13:50:00+05:30,2051.39990234375,2052.39990234375,2050.199951171875,2051.0,2189
2025-04-28 13:51:00+05:30,2051.10009765625,2052.300048828125,2050.5,2051.39990234375,2474
2025-04-28 13:52:00+05:30,2051.5,2052.0,2051.10009765625,2052.0,765
2025-04-28 13:53:00+05:30,2050.800048828125,2051.5,2050.39990234375,2051.5,2024
2025-04-28 13:54:00+05:30,2051.10009765625,2052.0,2050.89990234375,2050.89990234375,1212
2025-04-28 13:55:00+05:30,2050.89990234375,2051.89990234375,2050.5,2051.300048828125,2354
2025-04-28 13:56:00+05:30,2050.39990234375,2051.60009765625,2050.199951171875,2051.60009765625,1719
2025-04-28 13:57:00+05:30,2050.699951171875,2052.0,2050.199951171875,2051.0,3594
2025-04-28 13:58:00+05:30,2050.5,2050.699951171875,2050.0,2050.699951171875,1721
2025-04-28 13:59:00+05:30,2051.89990234375,2052.0,2050.0,2050.5,2771
2025-04-28 14:00:00+05:30,2050.39990234375,2051.89990234375,2050.300048828125,2051.89990234375,863
2025-04-28 14:01:00+05:30,2051.300048828125,2052.5,2050.0,2050.699951171875,6584
2025-04-28 14:02:00+05:30,2051.300048828125,2052.5,2051.0,2052.10009765625,6480
2025-04-28 14:03:00+05:30,2053.0,2053.0,2051.0,2052.60009765625,4319
2025-04-28 14:04:00+05:30,2052.300048828125,2053.0,2052.0,2052.60009765625,1062
2025-04-28 14:05:00+05:30,2052.10009765625,2053.0,2051.199951171875,2052.300048828125,4820
2025-04-28 14:06:00+05:30,2053.10009765625,2053.10009765625,2052.0,2052.800048828125,5821
2025-04-28 14:07:00+05:30,2054.5,2055.0,2052.300048828125,2053.10009765625,29361
2025-04-28 14:08:00+05:30,2054.300048828125,2055.39990234375,2052.699951171875,2054.5,11746
2025-04-28 14:09:00+05:30,2054.0,2054.5,2053.39990234375,2054.300048828125,824
2025-04-28 14:10:00+05:30,2054.699951171875,2055.89990234375,2054.199951171875,2054.199951171875,2592
2025-04-28 14:11:00+05:30,2054.10009765625,2055.699951171875,2054.0,2055.60009765625,1256
2025-04-28 14:12:00+05:30,2054.0,2054.60009765625,2053.0,2054.10009765625,2089
2025-04-28 14:13:00+05:30,2054.199951171875,2054.5,2053.10009765625,2054.5,1565
2025-04-28 14:14:00+05:30,2053.199951171875,2053.89990234375,2052.0,2053.5,2195
2025-04-28 14:15:00+05:30,2051.199951171875,2053.199951171875,2046.300048828125,2053.199951171875,105770
2025-04-28 14:16:00+05:30,2046.300048828125,2052.199951171875,2045.0999755859375,2051.699951171875,12435
2025-04-28 14:17:00+05:30,2045.699951171875,2047.5,2045.0,2046.9000244140625,5924
2025-04-28 14:18:00+05:30,2045.0,2046.199951171875,2045.0,2046.199951171875,4281
2025-04-28 14:19:00+05:30,2046.0999755859375,2046.0999755859375,2045.0,2045.9000244140625,2773
2025-04-28 14:20:00+05:30,2047.199951171875,2047.5,2044.699951171875,2045.699951171875,13781
2025-04-28 14:21:00+05:30,2045.0999755859375,2047.5,2044.9000244140625,2046.9000244140625,6812
2025-04-28 14:22:00+05:30,2043.5,2046.0,2042.5999755859375,2046.0,66225
2025-04-28 14:23:00+05:30,2043.5,2044.4000244140625,2041.0999755859375,2044.4000244140625,5744
2025-04-28 14:24:00+05:30,2042.4000244140625,2043.9000244140625,2041.199951171875,2042.300048828125,4085
2025-04-28 14:25:00+05:30,2040.199951171875,2043.199951171875,2040.199951171875,2042.9000244140625,2858
2025-04-28 14:26:00+05:30,2044.0,2045.0,2040.5,2040.5999755859375,5422
2025-04-28 14:27:00+05:30,2043.199951171875,2044.800048828125,2043.0,2044.0,3132
2025-04-28 14:28:00+05:30,2042.300048828125,2044.300048828125,2041.0,2043.9000244140625,6302
2025-04-28 14:29:00+05:30,2041.800048828125,2042.800048828125,2041.4000244140625,2042.4000244140625,2308
2025-04-28 14:30:00+05:30,2042.800048828125,2043.800048828125,2041.800048828125,2042.5,3519
2025-04-28 14:31:00+05:30,2044.800048828125,2045.300048828125,2042.9000244140625,2043.699951171875,5615
2025-04-28 14:32:00+05:30,2044.0,2044.9000244140625,2043.699951171875,2044.0999755859375,6791
2025-04-28 14:33:00+05:30,2044.5,2044.800048828125,2043.5999755859375,2044.699951171875,5408
2025-04-28 14:34:00+05:30,2042.4000244140625,2044.800048828125,2041.5999755859375,2043.5999755859375,3162
2025-04-28 14:35:00+05:30,2042.0999755859375,2042.5999755859375,2040.0999755859375,2041.699951171875,10293
2025-04-28 14:36:00+05:30,2041.0,2042.9000244140625,2041.0,2042.0999755859375,3420
2025-04-28 14:37:00+05:30,2042.9000244140625,2043.4000244140625,2041.0,2041.0,10928
2025-04-28 14:38:00+05:30,2042.4000244140625,2043.0,2042.0,2042.9000244140625,1976
2025-04-28 14:39:00+05:30,2042.199951171875,2043.0,2041.5999755859375,2042.4000244140625,2234
2025-04-28 14:40:00+05:30,2042.5,2043.4000244140625,2041.5999755859375,2042.9000244140625,5401
2025-04-28 14:41:00+05:30,2042.5999755859375,2044.0,2042.0,2043.5999755859375,4779
2025-04-28 14:42:00+05:30,2042.0999755859375,2042.9000244140625,2042.0999755859375,2042.5999755859375,1204
2025-04-28 14:43:00+05:30,2042.5,2042.9000244140625,2041.9000244140625,2042.0999755859375,4367
2025-04-28 14:44:00+05:30,2043.0,2043.0,2042.0,2042.9000244140625,2377
2025-04-28 14:45:00+05:30,2044.4000244140625,2044.5999755859375,2042.699951171875,2043.0,5719
2025-04-28 14:46:00+05:30,2043.0,2044.5999755859375,2042.9000244140625,2044.5999755859375,3426
2025-04-28 14:47:00+05:30,2042.5,2043.199951171875,2042.199951171875,2043.199951171875,2304
2025-04-28 14:48:00+05:30,2043.0,2043.5999755859375,2043.0,2043.300048828125,3119
2025-04-28 14:49:00+05:30,2044.199951171875,2045.4000244140625,2042.9000244140625,2043.0,112567
2025-04-28 14:50:00+05:30,2044.699951171875,2045.300048828125,2043.9000244140625,2045.300048828125,49143
2025-04-28 14:51:00+05:30,2044.5,2045.5999755859375,2044.0,2044.0,48350
2025-04-28 14:52:00+05:30,2045.9000244140625,2047.0999755859375,2044.0999755859375,2044.5,35847
2025-04-28 14:53:00+05:30,2049.300048828125,2049.300048828125,2045.0999755859375,2046.0999755859375,13568
2025-04-28 14:54:00+05:30,2047.0,2049.5,2047.0,2049.300048828125,10263
2025-04-28 14:55:00+05:30,2045.9000244140625,2046.4000244140625,2044.0999755859375,2046.0,38653
2025-04-28 14:56:00+05:30,2048.5,2048.5,2045.300048828125,2046.5,4017
2025-04-28 14:57:00+05:30,2048.300048828125,2050.0,2047.800048828125,2048.699951171875,13555
2025-04-28 14:58:00+05:30,2048.89990234375,2049.800048828125,2048.300048828125,2049.10009765625,1394
2025-04-28 14:59:00+05:30,2048.0,2048.89990234375,2048.0,2048.89990234375,1250
2025-04-28 15:00:00+05:30,2049.60009765625,2050.0,2048.5,2048.699951171875,4529
2025-04-28 15:01:00+05:30,2049.10009765625,2049.60009765625,2048.5,2049.60009765625,2027
2025-04-28 15:02:00+05:30,2050.10009765625,2050.10009765625,2048.800048828125,2048.800048828125,5115
2025-04-28 15:03:00+05:30,2050.0,2051.0,2049.800048828125,2051.0,7777
2025-04-28 15:04:00+05:30,2050.800048828125,2050.800048828125,2049.699951171875,2049.800048828125,2115
2025-04-28 15:05:00+05:30,2050.0,2050.800048828125,2048.300048828125,2050.800048828125,6600
2025-04-28 15:06:00+05:30,2049.89990234375,2050.5,2049.0,2049.10009765625,2018
2025-04-28 15:07:00+05:30,2049.199951171875,2050.0,2048.10009765625,2049.699951171875,3288
2025-04-28 15:08:00+05:30,2049.199951171875,2049.39990234375,2048.39990234375,2049.10009765625,1375
2025-04-28 15:09:00+05:30,2049.199951171875,2050.0,2048.39990234375,2049.199951171875,5837
2025-04-28 15:10:00+05:30,2048.89990234375,2049.10009765625,2048.0,2048.60009765625,3292
2025-04-28 15:11:00+05:30,2049.199951171875,2049.699951171875,2048.0,2048.89990234375,10754
2025-04-28 15:12:00+05:30,2049.60009765625,2050.0,2049.199951171875,2049.199951171875,2054
2025-04-28 15:13:00+05:30,2049.800048828125,2050.0,2048.300048828125,2050.0,4153
2025-04-28 15:14:00+05:30,2049.89990234375,2050.0,2049.199951171875,2050.0,24158
2025-04-28 15:15:00+05:30,2050.0,2050.0,2049.199951171875,2049.89990234375,7090
2025-04-28 15:16:00+05:30,2049.800048828125,2050.0,2049.199951171875,2050.0,4778
2025-04-28 15:17:00+05:30,2050.0,2050.5,2049.5,2050.10009765625,5531
2025-04-28 15:18:00+05:30,2050.0,2050.89990234375,2049.0,2050.0,8826
2025-04-28 15:19:00+05:30,2050.0,2051.60009765625,2050.0,2050.0,8964
2025-04-28 15:20:00+05:30,2048.699951171875,2050.199951171875,2047.800048828125,2049.39990234375,7576
2025-04-28 15:21:00+05:30,2047.699951171875,2048.699951171875,2047.5,2048.199951171875,1494
2025-04-28 15:22:00+05:30,2048.300048828125,2048.300048828125,2047.5999755859375,2047.5999755859375,2746
2025-04-28 15:23:00+05:30,2047.5999755859375,2048.300048828125,2047.5999755859375,2048.300048828125,4096
2025-04-28 15:24:00+05:30,2048.10009765625,2048.699951171875,2047.5,2048.39990234375,5224
2025-04-28 15:25:00+05:30,2048.0,2049.800048828125,2047.699951171875,2048.300048828125,5359
2025-04-28 15:26:00+05:30,2048.10009765625,2049.199951171875,2047.5999755859375,2048.699951171875,3751
2025-04-28 15:27:00+05:30,2048.300048828125,2049.89990234375,2047.5,2048.10009765625,5538
2025-04-28 15:28:00+05:30,2050.0,2050.0,2046.0999755859375,2048.199951171875,10221
2025-04-28 15:29:00+05:30,2055.0,2055.0,2048.0,2048.300048828125,115860
2025-04-29 09:15:00+05:30,2047.300048828125,2066.5,2045.300048828125,2061.0,0
2025-04-29 09:16:00+05:30,2053.0,2053.0,2041.0,2044.0,16639
2025-04-29 09:17:00+05:30,2056.800048828125,2057.0,2052.60009765625,2054.300048828125,6789
2025-04-29 09:18:00+05:30,2059.699951171875,2059.699951171875,2054.89990234375,2056.699951171875,11330
2025-04-29 09:19:00+05:30,2062.0,2064.89990234375,2058.0,2059.800048828125,12366
2025-04-29 09:20:00+05:30,2062.0,2063.89990234375,2059.199951171875,2060.39990234375,5676
2025-04-29 09:21:00+05:30,2063.0,2063.39990234375,2058.800048828125,2060.699951171875,3899
2025-04-29 09:22:00+05:30,2061.199951171875,2063.89990234375,2060.199951171875,2062.60009765625,5303
2025-04-29 09:23:00+05:30,2061.699951171875,2061.89990234375,2058.300048828125,2061.5,3782
2025-04-29 09:24:00+05:30,2063.39990234375,2064.0,2060.60009765625,2062.0,2591
2025-04-29 09:25:00+05:30,2064.699951171875,2064.699951171875,2063.199951171875,2063.39990234375,5281
2025-04-29 09:26:00+05:30,2063.10009765625,2064.89990234375,2060.0,2064.800048828125,6262
2025-04-29 09:27:00+05:30,2063.89990234375,2064.5,2061.0,2062.0,3481
2025-04-29 09:28:00+05:30,2061.5,2063.89990234375,2061.0,2063.89990234375,1691
2025-04-29 09:29:00+05:30,2057.699951171875,2061.5,2055.60009765625,2061.5,8691
2025-04-29 09:30:00+05:30,2054.39990234375,2059.60009765625,2052.0,2057.300048828125,12686
2025-04-29 09:31:00+05:30,2056.699951171875,2058.199951171875,2052.5,2054.0,4156
2025-04-29 09:32:00+05:30,2060.0,2061.199951171875,2057.699951171875,2058.10009765625,1402
2025-04-29 09:33:00+05:30,2058.0,2061.0,2057.699951171875,2060.10009765625,1829
2025-04-29 09:34:00+05:30,2054.60009765625,2058.0,2053.0,2058.0,7932
2025-04-29 09:35:00+05:30,2049.89990234375,2053.60009765625,2049.0,2053.60009765625,6433
2025-04-29 09:36:00+05:30,2052.89990234375,2052.89990234375,2050.699951171875,2050.699951171875,3770
2025-04-29 09:37:00+05:30,2050.800048828125,2052.89990234375,2050.0,2052.89990234375,2388
2025-04-29 09:38:00+05:30,2046.199951171875,2050.5,2045.0,2050.5,7582
2025-04-29 09:39:00+05:30,2040.199951171875,2047.9000244140625,2038.9000244140625,2046.0,13229
2025-04-29 09:40:00+05:30,2038.0,2041.4000244140625,2037.300048828125,2040.0,8735
2025-04-29 09:41:00+05:30,2038.4000244140625,2039.0,2036.4000244140625,2037.300048828125,6073
2025-04-29 09:42:00+05:30,2030.4000244140625,2038.699951171875,2030.300048828125,2037.4000244140625,10763
2025-04-29 09:43:00+05:30,2029.0,2032.5999755859375,2029.0,2031.0999755859375,11420
2025-04-29 09:44:00+05:30,2031.5,2032.300048828125,2029.0,2029.5999755859375,3265
2025-04-29 09:45:00+05:30,2035.699951171875,2040.0,2031.4000244140625,2031.5,13621
2025-04-29 09:46:00+05:30,2035.199951171875,2035.800048828125,2032.300048828125,2034.4000244140625,5857
2025-04-29 09:47:00+05:30,2035.5999755859375,2037.0999755859375,2033.0999755859375,2035.199951171875,7234
2025-04-29 09:48:00+05:30,2034.5999755859375,2036.0,2031.0,2036.0,8135
2025-04-29 09:49:00+05:30,2032.5,2036.0,2032.5,2034.800048828125,3596
2025-04-29 09:50:00+05:30,2033.4000244140625,2033.5999755859375,2031.199951171875,2032.9000244140625,2718
2025-04-29 09:51:00+05:30,2046.300048828125,2046.5,2032.5999755859375,2033.4000244140625,9730
2025-04-29 09:52:00+05:30,2046.199951171875,2051.300048828125,2046.0,2046.199951171875,8461
2025-04-29 09:53:00+05:30,2047.0999755859375,2048.60009765625,2045.9000244140625,2047.0,1545
2025-04-29 09:54:00+05:30,2041.5,2046.0,2040.0999755859375,2046.0,3319
2025-04-29 09:55:00+05:30,2044.300048828125,2045.9000244140625,2041.699951171875,2042.199951171875,1868
2025-04-29 09:56:00+05:30,2045.699951171875,2046.0,2043.9000244140625,2045.0,2810
2025-04-29 09:57:00+05:30,2044.9000244140625,2046.199951171875,2044.199951171875,2045.0,980
2025-04-29 09:58:00+05:30,2045.0,2045.0,2043.300048828125,2044.9000244140625,1863
2025-04-29 09:59:00+05:30,2045.5999755859375,2046.199951171875,2044.5,2044.800048828125,2694
2025-04-29 10:00:00+05:30,2046.4000244140625,2046.5,2044.9000244140625,2045.5999755859375,1050
2025-04-29 10:01:00+05:30,2050.10009765625,2052.199951171875,2045.0,2046.0,11634
2025-04-29 10:02:00+05:30,2055.5,2056.199951171875,2050.0,2052.199951171875,7132
2025-04-29 10:03:00+05:30,2053.0,2055.89990234375,2053.0,2055.89990234375,9205
2025-04-29 10:04:00+05:30,2050.0,2053.0,2048.60009765625,2052.5,3606
2025-04-29 10:05:00+05:30,2050.39990234375,2051.89990234375,2049.0,2050.10009765625,4605
2025-04-29 10:06:00+05:30,2047.0,2050.800048828125,2046.4000244140625,2050.800048828125,5083
2025-04-29 10:07:00+05:30,2048.300048828125,2048.89990234375,2045.5,2046.4000244140625,2709
2025-04-29 10:08:00+05:30,2046.300048828125,2050.0,2046.0,2048.800048828125,2919
2025-04-29 10:09:00+05:30,2044.300048828125,2046.4000244140625,2042.800048828125,2046.4000244140625,3555
2025-04-29 10:10:00+05:30,2043.800048828125,2044.800048828125,2041.0,2044.800048828125,1344
2025-04-29 10:11:00+05:30,2043.0,2044.0999755859375,2042.0,2043.9000244140625,2430
2025-04-29 10:12:00+05:30,2043.0,2043.699951171875,2041.5999755859375,2041.9000244140625,4025
2025-04-29 10:13:00+05:30,2046.0,2046.0,2043.0,2043.5,1297
2025-04-29 10:14:00+05:30,2045.5,2048.199951171875,2045.5,2047.4000244140625,854
2025-04-29 10:15:00+05:30,2040.800048828125,2046.300048828125,2040.800048828125,2045.5,1315
2025-04-29 10:16:00+05:30,2043.0999755859375,2044.199951171875,2041.199951171875,2041.199951171875,2995
2025-04-29 10:17:00+05:30,2042.4000244140625,2043.5999755859375,2042.0,2042.199951171875,2058
2025-04-29 10:18:00+05:30,2042.0,2043.4000244140625,2042.0,2042.4000244140625,2827
2025-04-29 10:19:00+05:30,2042.0999755859375,2042.5999755859375,2042.0,2042.300048828125,2812
2025-04-29 10:20:00+05:30,2043.5999755859375,2044.4000244140625,2042.0,2042.0,1873
2025-04-29 10:21:00+05:30,2044.199951171875,2045.0,2042.800048828125,2043.5999755859375,2111
2025-04-29 10:22:00+05:30,2043.0999755859375,2044.300048828125,2042.5,2044.199951171875,2131
2025-04-29 10:23:00+05:30,2044.5999755859375,2045.5999755859375,2043.199951171875,2043.4000244140625,1097
2025-04-29 10:24:00+05:30,2046.300048828125,2049.5,2044.5,2044.5999755859375,12078
2025-04-29 10:25:00+05:30,2048.300048828125,2050.0,2046.0999755859375,2047.0,2995
2025-04-29 10:26:00+05:30,2045.0999755859375,2049.199951171875,2045.0999755859375,2049.199951171875,2634
2025-04-29 10:27:00+05:30,2045.5999755859375,2046.0,2044.699951171875,2045.800048828125,1027
2025-04-29 10:28:00+05:30,2047.5999755859375,2049.199951171875,2045.5,2045.5,4116
2025-04-29 10:29:00+05:30,2047.9000244140625,2048.10009765625,2046.4000244140625,2046.9000244140625,1675
2025-04-29 10:30:00+05:30,2046.5,2048.0,2046.5,2047.9000244140625,666
2025-04-29 10:31:00+05:30,2048.39990234375,2048.800048828125,2045.800048828125,2046.4000244140625,2353
2025-04-29 10:32:00+05:30,2047.0,2048.699951171875,2047.0,2048.699951171875,2769
2025-04-29 10:33:00+05:30,2051.5,2053.800048828125,2047.0,2047.0,15843
2025-04-29 10:34:00+05:30,2050.199951171875,2051.199951171875,2049.699951171875,2051.199951171875,1194
2025-04-29 10:35:00+05:30,2052.10009765625,2053.60009765625,2051.0,2051.10009765625,12443
2025-04-29 10:36:00+05:30,2054.39990234375,2054.39990234375,2052.300048828125,2053.5,1881
2025-04-29 10:37:00+05:30,2053.5,2055.0,2052.699951171875,2054.39990234375,3081
2025-04-29 10:38:00+05:30,2055.10009765625,2058.0,2052.60009765625,2053.300048828125,6302
2025-04-29 10:39:00+05:30,2053.699951171875,2056.0,2052.39990234375,2055.60009765625,3011
2025-04-29 10:40:00+05:30,2052.10009765625,2053.300048828125,2051.699951171875,2053.300048828125,3480
2025-04-29 10:41:00+05:30,2056.699951171875,2057.199951171875,2052.199951171875,2052.199951171875,9426
2025-04-29 10:42:00+05:30,2052.199951171875,2056.89990234375,2052.0,2056.89990234375,6413
2025-04-29 10:43:00+05:30,2053.89990234375,2055.0,2052.199951171875,2052.199951171875,2941
2025-04-29 10:44:00+05:30,2055.300048828125,2055.699951171875,2053.5,2054.0,3689
2025-04-29 10:45:00+05:30,2057.0,2057.0,2055.10009765625,2055.39990234375,4189
2025-04-29 10:46:00+05:30,2054.0,2056.199951171875,2053.0,2055.800048828125,3003
2025-04-29 10:47:00+05:30,2053.800048828125,2055.699951171875,2053.300048828125,2053.89990234375,1061
2025-04-29 10:48:00+05:30,2055.0,2055.800048828125,2053.60009765625,2053.60009765625,2076
2025-04-29 10:49:00+05:30,2053.5,2055.89990234375,2053.5,2055.10009765625,1138
2025-04-29 10:50:00+05:30,2053.699951171875,2053.800048828125,2052.699951171875,2053.800048828125,1150
2025-04-29 10:51:00+05:30,2054.0,2054.60009765625,2052.699951171875,2054.0,2681
2025-04-29 10:52:00+05:30,2051.300048828125,2053.300048828125,2051.10009765625,2053.300048828125,1353
2025-04-29 10:53:00+05:30,2051.60009765625,2053.60009765625,2051.199951171875,2051.199951171875,1726
2025-04-29 10:54:00+05:30,2051.199951171875,2053.39990234375,2050.800048828125,2051.60009765625,2467
2025-04-29 10:55:00+05:30,2051.699951171875,2052.0,2051.300048828125,2051.800048828125,1000
2025-04-29 10:56:00+05:30,2054.0,2054.699951171875,2051.699951171875,2051.699951171875,2136
2025-04-29 10:57:00+05:30,2054.10009765625,2055.39990234375,2053.699951171875,2054.60009765625,6575
2025-04-29 10:58:00+05:30,2050.699951171875,2055.10009765625,2050.0,2055.0,8514
2025-04-29 10:59:00+05:30,2050.10009765625,2051.0,2049.0,2051.0,16932
2025-04-29 11:00:00+05:30,2050.699951171875,2051.0,2050.0,2050.199951171875,6785
2025-04-29 11:01:00+05:30,2050.0,2051.0,2050.0,2050.699951171875,1269
2025-04-29 11:02:00+05:30,2050.5,2050.5,2050.0,2050.0,1068
2025-04-29 11:03:00+05:30,2050.0,2051.0,2050.0,2050.39990234375,882
2025-04-29 11:04:00+05:30,2051.0,2051.0,2049.10009765625,2050.300048828125,8462
2025-04-29 11:05:00+05:30,2050.199951171875,2051.0,2050.0,2051.0,2996
2025-04-29 11:06:00+05:30,2051.0,2051.199951171875,2050.0,2050.199951171875,2849
2025-04-29 11:07:00+05:30,2055.10009765625,2056.0,2051.5,2051.5,12820
2025-04-29 11:08:00+05:30,2055.0,2055.199951171875,2054.0,2055.199951171875,2437
2025-04-29 11:09:00+05:30,2053.199951171875,2055.0,2052.0,2054.89990234375,992
2025-04-29 11:10:00+05:30,2051.39990234375,2053.199951171875,2051.300048828125,2053.10009765625,887
2025-04-29 11:11:00+05:30,2051.800048828125,2052.699951171875,2051.300048828125,2051.39990234375,795
2025-04-29 11:12:00+05:30,2055.0,2056.0,2052.60009765625,2052.60009765625,49035
2025-04-29 11:13:00+05:30,2055.60009765625,2055.699951171875,2053.10009765625,2055.0,92831
2025-04-29 11:14:00+05:30,2056.800048828125,2057.60009765625,2055.5,2055.699951171875,4389
2025-04-29 11:15:00+05:30,2056.300048828125,2056.89990234375,2055.39990234375,2056.0,694
2025-04-29 11:16:00+05:30,2055.10009765625,2055.699951171875,2054.10009765625,2055.699951171875,2259
2025-04-29 11:17:00+05:30,2055.5,2055.699951171875,2054.5,2055.199951171875,1465
2025-04-29 11:18:00+05:30,2055.10009765625,2055.5,2054.39990234375,2055.5,1110
2025-04-29 11:19:00+05:30,2055.199951171875,2055.199951171875,2054.5,2055.0,1370
2025-04-29 11:20:00+05:30,2055.0,2056.0,2055.0,2055.0,2958
2025-04-29 11:21:00+05:30,2052.699951171875,2055.0,2050.5,2055.0,33541
2025-04-29 11:22:00+05:30,2055.0,2055.0,2051.89990234375,2052.0,35989
2025-04-29 11:23:00+05:30,2054.300048828125,2055.39990234375,2052.89990234375,2055.10009765625,2345
2025-04-29 11:24:00+05:30,2055.0,2055.39990234375,2052.800048828125,2053.199951171875,3456
2025-04-29 11:25:00+05:30,2055.60009765625,2055.60009765625,2054.10009765625,2054.5,1037
2025-04-29 11:26:00+05:30,2054.199951171875,2055.60009765625,2054.10009765625,2055.60009765625,981
2025-04-29 11:27:00+05:30,2054.300048828125,2054.800048828125,2053.199951171875,2054.0,818
2025-04-29 11:28:00+05:30,2054.39990234375,2055.10009765625,2054.300048828125,2054.60009765625,1591
2025-04-29 11:29:00+05:30,2054.300048828125,2054.800048828125,2054.300048828125,2054.39990234375,970
2025-04-29 11:30:00+05:30,2052.39990234375,2054.699951171875,2052.39990234375,2054.699951171875,1380
2025-04-29 11:31:00+05:30,2052.60009765625,2053.60009765625,2052.5,2052.60009765625,1009
2025-04-29 11:32:00+05:30,2052.60009765625,2053.0,2052.5,2052.60009765625,721
2025-04-29 11:33:00+05:30,2054.199951171875,2054.199951171875,2052.699951171875,2052.89990234375,1181
2025-04-29 11:34:00+05:30,2053.89990234375,2054.60009765625,2052.89990234375,2053.89990234375,989
2025-04-29 11:35:00+05:30,2053.199951171875,2053.5,2052.60009765625,2053.39990234375,1127
2025-04-29 11:36:00+05:30,2054.300048828125,2055.699951171875,2053.39990234375,2054.0,9208
2025-04-29 11:37:00+05:30,2052.5,2054.199951171875,2052.0,2053.800048828125,1270
2025-04-29 11:38:00+05:30,2052.60009765625,2053.39990234375,2052.0,2052.89990234375,1876
2025-04-29 11:39:00+05:30,2052.89990234375,2053.300048828125,2052.0,2052.0,5841
2025-04-29 11:40:00+05:30,2051.60009765625,2052.89990234375,2051.60009765625,2052.89990234375,1581
2025-04-29 11:41:00+05:30,2052.10009765625,2053.10009765625,2052.0,2052.10009765625,4032
2025-04-29 11:42:00+05:30,2052.39990234375,2053.60009765625,2052.10009765625,2052.199951171875,838
2025-04-29 11:43:00+05:30,2052.0,2052.800048828125,2052.0,2052.300048828125,1135
2025-04-29 11:44:00+05:30,2052.10009765625,2053.0,2052.0,2052.39990234375,1561
2025-04-29 11:45:00+05:30,2053.0,2053.0,2052.0,2052.0,1518
2025-04-29 11:46:00+05:30,2052.39990234375,2053.0,2052.10009765625,2053.0,1090
2025-04-29 11:47:00+05:30,2053.0,2053.0,2052.10009765625,2052.5,893
2025-04-29 11:48:00+05:30,2052.10009765625,2053.0,2052.10009765625,2053.0,1246
2025-04-29 11:49:00+05:30,2052.0,2052.5,2052.0,2052.300048828125,1497
2025-04-29 11:50:00+05:30,2052.10009765625,2052.89990234375,2052.0,2052.5,966
2025-04-29 11:51:00+05:30,2052.10009765625,2052.800048828125,2052.0,2052.10009765625,650
2025-04-29 11:52:00+05:30,2052.699951171875,2054.0,2052.60009765625,2053.60009765625,5697
2025-04-29 11:53:00+05:30,2057.10009765625,2057.300048828125,2052.699951171875,2052.800048828125,12621
2025-04-29 11:54:00+05:30,2058.0,2059.10009765625,2055.10009765625,2056.300048828125,8854
2025-04-29 11:55:00+05:30,2055.60009765625,2057.60009765625,2055.0,2057.199951171875,3063
2025-04-29 11:56:00+05:30,2054.89990234375,2056.39990234375,2054.800048828125,2055.89990234375,815
2025-04-29 11:57:00+05:30,2056.60009765625,2057.89990234375,2055.10009765625,2055.10009765625,3663
2025-04-29 11:58:00+05:30,2056.0,2058.5,2056.0,2057.199951171875,37976
2025-04-29 11:59:00+05:30,2056.60009765625,2056.89990234375,2056.0,2056.10009765625,914
2025-04-29 12:00:00+05:30,2055.10009765625,2056.60009765625,2055.0,2056.60009765625,22118
2025-04-29 12:01:00+05:30,2055.39990234375,2055.699951171875,2055.0,2055.199951171875,1521
2025-04-29 12:02:00+05:30,2055.39990234375,2056.39990234375,2055.10009765625,2055.39990234375,895
2025-04-29 12:03:00+05:30,2054.10009765625,2055.0,2053.300048828125,2055.0,8401
2025-04-29 12:04:00+05:30,2054.300048828125,2055.0,2052.0,2054.5,14282
2025-04-29 12:05:00+05:30,2053.39990234375,2054.89990234375,2052.10009765625,2054.89990234375,2115
2025-04-29 12:06:00+05:30,2052.199951171875,2053.300048828125,2052.0,2053.199951171875,3072
2025-04-29 12:07:00+05:30,2052.300048828125,2053.300048828125,2051.89990234375,2052.199951171875,10633
2025-04-29 12:08:00+05:30,2052.0,2053.0,2051.89990234375,2052.800048828125,3054
2025-04-29 12:09:00+05:30,2053.0,2053.0,2052.0,2052.0,1689
2025-04-29 12:10:00+05:30,2054.699951171875,2054.699951171875,2052.10009765625,2052.89990234375,25473
2025-04-29 12:11:00+05:30,2054.0,2055.0,2053.5,2054.89990234375,4824
2025-04-29 12:12:00+05:30,2054.0,2054.39990234375,2052.5,2054.10009765625,2483
2025-04-29 12:13:00+05:30,2053.39990234375,2054.10009765625,2052.39990234375,2053.699951171875,1856
2025-04-29 12:14:00+05:30,2053.699951171875,2054.89990234375,2053.0,2053.300048828125,7047
2025-04-29 12:15:00+05:30,2053.699951171875,2054.39990234375,2052.199951171875,2054.39990234375,1173
2025-04-29 12:16:00+05:30,2052.60009765625,2053.800048828125,2052.10009765625,2053.699951171875,909
2025-04-29 12:17:00+05:30,2052.199951171875,2052.800048828125,2052.0,2052.699951171875,2057
2025-04-29 12:18:00+05:30,2052.60009765625,2053.60009765625,2052.39990234375,2052.89990234375,1374
2025-04-29 12:19:00+05:30,2052.300048828125,2053.300048828125,2052.0,2052.39990234375,1066
2025-04-29 12:20:00+05:30,2053.39990234375,2053.5,2052.0,2052.39990234375,3325
2025-04-29 12:21:00+05:30,2053.5,2054.300048828125,2052.300048828125,2053.300048828125,2688
2025-04-29 12:22:00+05:30,2054.300048828125,2054.800048828125,2053.39990234375,2053.39990234375,1929
2025-04-29 12:23:00+05:30,2056.60009765625,2057.0,2054.300048828125,2054.300048828125,6254
2025-04-29 12:24:00+05:30,2054.89990234375,2057.0,2054.5,2056.800048828125,2606
2025-04-29 12:25:00+05:30,2055.800048828125,2055.800048828125,2054.60009765625,2054.800048828125,884
2025-04-29 12:26:00+05:30,2053.60009765625,2055.699951171875,2053.60009765625,2055.699951171875,4267
2025-04-29 12:27:00+05:30,2054.39990234375,2054.800048828125,2053.5,2053.60009765625,2529
2025-04-29 12:28:00+05:30,2055.10009765625,2056.5,2054.10009765625,2054.39990234375,13280
2025-04-29 12:29:00+05:30,2055.10009765625,2056.5,2055.0,2055.10009765625,3156
2025-04-29 12:30:00+05:30,2056.699951171875,2056.699951171875,2055.0,2055.199951171875,1685
2025-04-29 12:31:00+05:30,2056.39990234375,2056.89990234375,2055.800048828125,2056.699951171875,893
2025-04-29 12:32:00+05:30,2061.199951171875,2061.60009765625,2055.5,2056.39990234375,38324
2025-04-29 12:33:00+05:30,2060.0,2061.199951171875,2058.89990234375,2061.0,4526
2025-04-29 12:34:00+05:30,2063.89990234375,2063.89990234375,2060.0,2060.39990234375,3928
2025-04-29 12:35:00+05:30,2060.5,2063.89990234375,2060.5,2063.89990234375,1879
2025-04-29 12:36:00+05:30,2060.0,2060.699951171875,2058.89990234375,2060.699951171875,2979
2025-04-29 12:37:00+05:30,2060.699951171875,2060.699951171875,2057.5,2059.800048828125,1876
2025-04-29 12:38:00+05:30,2061.0,2061.0,2059.10009765625,2060.699951171875,2690
2025-04-29 12:39:00+05:30,2060.89990234375,2061.0,2060.10009765625,2060.800048828125,3124
2025-04-29 12:40:00+05:30,2059.699951171875,2061.0,2059.699951171875,2060.89990234375,1113
2025-04-29 12:41:00+05:30,2059.300048828125,2060.5,2058.39990234375,2060.300048828125,1142
2025-04-29 12:42:00+05:30,2060.10009765625,2061.5,2058.699951171875,2059.199951171875,9303
2025-04-29 12:43:00+05:30,2060.800048828125,2060.89990234375,2060.0,2060.10009765625,1044
2025-04-29 12:44:00+05:30,2061.89990234375,2062.0,2060.0,2060.800048828125,19915
2025-04-29 12:45:00+05:30,2069.10009765625,2069.800048828125,2061.800048828125,2062.0,24177
2025-04-29 12:46:00+05:30,2074.0,2074.89990234375,2068.699951171875,2069.10009765625,14122
2025-04-29 12:47:00+05:30,2080.199951171875,2081.699951171875,2073.300048828125,2073.300048828125,29918
2025-04-29 12:48:00+05:30,2076.5,2080.39990234375,2074.5,2080.199951171875,12427
2025-04-29 12:49:00+05:30,2076.0,2076.5,2073.800048828125,2076.199951171875,8239
2025-04-29 12:50:00+05:30,2073.0,2076.10009765625,2072.300048828125,2075.5,11032
2025-04-29 12:51:00+05:30,2075.0,2076.0,2073.0,2073.0,8675
2025-04-29 12:52:00+05:30,2075.60009765625,2077.10009765625,2074.0,2075.699951171875,10711
2025-04-29 12:53:00+05:30,2075.0,2076.699951171875,2074.300048828125,2074.89990234375,5036
2025-04-29 12:54:00+05:30,2076.60009765625,2077.199951171875,2074.0,2074.0,6353
2025-04-29 12:55:00+05:30,2076.199951171875,2077.199951171875,2075.0,2076.800048828125,11272
2025-04-29 12:56:00+05:30,2075.89990234375,2076.89990234375,2075.0,2076.199951171875,4293
2025-04-29 12:57:00+05:30,2075.10009765625,2076.5,2075.0,2075.800048828125,1781
2025-04-29 12:58:00+05:30,2074.699951171875,2076.0,2073.199951171875,2075.10009765625,5984
2025-04-29 12:59:00+05:30,2075.199951171875,2076.0,2073.199951171875,2073.699951171875,4998
2025-04-29 13:00:00+05:30,2070.199951171875,2076.0,2070.0,2076.0,39046
2025-04-29 13:01:00+05:30,2069.60009765625,2070.0,2067.699951171875,2070.0,6607
2025-04-29 13:02:00+05:30,2066.10009765625,2069.800048828125,2066.10009765625,2069.60009765625,4468
2025-04-29 13:03:00+05:30,2064.60009765625,2067.39990234375,2064.39990234375,2067.39990234375,4922
2025-04-29 13:04:00+05:30,2065.39990234375,2067.39990234375,2064.5,2064.60009765625,2036
2025-04-29 13:05:00+05:30,2067.10009765625,2067.39990234375,2065.0,2066.10009765625,1296
2025-04-29 13:06:00+05:30,2064.0,2067.10009765625,2063.89990234375,2067.10009765625,2978
2025-04-29 13:07:00+05:30,2063.300048828125,2064.5,2062.89990234375,2064.0,1095
2025-04-29 13:08:00+05:30,2062.0,2064.60009765625,2061.5,2063.89990234375,1931
2025-04-29 13:09:00+05:30,2063.199951171875,2064.199951171875,2061.5,2061.699951171875,1537
2025-04-29 13:10:00+05:30,2064.800048828125,2064.800048828125,2063.0,2063.199951171875,1385
2025-04-29 13:11:00+05:30,2064.89990234375,2065.800048828125,2064.0,2064.89990234375,1104
2025-04-29 13:12:00+05:30,2065.89990234375,2065.89990234375,2063.60009765625,2064.60009765625,1292
2025-04-29 13:13:00+05:30,2065.300048828125,2066.0,2065.0,2065.800048828125,1478
2025-04-29 13:14:00+05:30,2065.199951171875,2066.5,2065.0,2065.39990234375,2872
2025-04-29 13:15:00+05:30,2065.199951171875,2065.89990234375,2065.0,2065.199951171875,1419
2025-04-29 13:16:00+05:30,2064.199951171875,2065.699951171875,2063.89990234375,2065.10009765625,2332
2025-04-29 13:17:00+05:30,2064.699951171875,2065.60009765625,2062.800048828125,2065.0,3094
2025-04-29 13:18:00+05:30,2063.199951171875,2064.699951171875,2061.699951171875,2064.699951171875,1248
2025-04-29 13:19:00+05:30,2062.0,2065.199951171875,2062.0,2063.199951171875,7931
2025-04-29 13:20:00+05:30,2065.300048828125,2065.300048828125,2063.10009765625,2063.10009765625,13596
2025-04-29 13:21:00+05:30,2067.300048828125,2068.5,2064.89990234375,2065.60009765625,2522
2025-04-29 13:22:00+05:30,2069.0,2070.0,2067.199951171875,2067.39990234375,3569
2025-04-29 13:23:00+05:30,2069.5,2070.800048828125,2068.89990234375,2068.89990234375,5227
2025-04-29 13:24:00+05:30,2068.89990234375,2070.800048828125,2068.199951171875,2070.699951171875,5020
2025-04-29 13:25:00+05:30,2068.5,2068.89990234375,2066.300048828125,2068.89990234375,5344
2025-04-29 13:26:00+05:30,2068.0,2069.0,2067.39990234375,2068.5,2605
2025-04-29 13:27:00+05:30,2068.5,2069.5,2066.60009765625,2066.89990234375,6979
2025-04-29 13:28:00+05:30,2068.0,2069.39990234375,2068.0,2068.5,1652
2025-04-29 13:29:00+05:30,2066.5,2068.60009765625,2066.0,2068.0,4000
2025-04-29 13:30:00+05:30,2066.300048828125,2066.5,2065.0,2066.5,2055
2025-04-29 13:31:00+05:30,2065.5,2066.39990234375,2065.10009765625,2066.199951171875,1075
2025-04-29 13:32:00+05:30,2062.5,2065.39990234375,2062.5,2065.39990234375,1170
2025-04-29 13:33:00+05:30,2064.60009765625,2064.800048828125,2062.5,2062.800048828125,1867
2025-04-29 13:34:00+05:30,2064.199951171875,2065.699951171875,2064.0,2064.60009765625,1339
2025-04-29 13:35:00+05:30,2064.300048828125,2065.800048828125,2063.199951171875,2064.300048828125,2125
2025-04-29 13:36:00+05:30,2064.5,2064.800048828125,2062.89990234375,2062.89990234375,2571
2025-04-29 13:37:00+05:30,2062.800048828125,2064.800048828125,2062.800048828125,2064.39990234375,1227
2025-04-29 13:38:00+05:30,2064.0,2064.39990234375,2061.89990234375,2062.89990234375,4197
2025-04-29 13:39:00+05:30,2064.800048828125,2065.89990234375,2063.199951171875,2064.0,2617
2025-04-29 13:40:00+05:30,2064.199951171875,2065.199951171875,2064.0,2064.800048828125,1643
2025-04-29 13:41:00+05:30,2063.39990234375,2065.0,2063.39990234375,2064.199951171875,1592
2025-04-29 13:42:00+05:30,2065.5,2066.300048828125,2063.60009765625,2063.60009765625,1504
2025-04-29 13:43:00+05:30,2064.300048828125,2065.60009765625,2063.60009765625,2065.300048828125,1666
2025-04-29 13:44:00+05:30,2064.0,2065.10009765625,2063.60009765625,2064.199951171875,1854
2025-04-29 13:45:00+05:30,2064.39990234375,2065.0,2063.10009765625,2064.0,2293
2025-04-29 13:46:00+05:30,2065.60009765625,2065.699951171875,2063.89990234375,2064.39990234375,2009
2025-04-29 13:47:00+05:30,2065.10009765625,2065.89990234375,2064.699951171875,2065.60009765625,949
2025-04-29 13:48:00+05:30,2065.10009765625,2066.0,2064.60009765625,2065.10009765625,1479
2025-04-29 13:49:00+05:30,2064.60009765625,2065.10009765625,2063.5,2064.800048828125,1120
2025-04-29 13:50:00+05:30,2066.0,2066.199951171875,2063.39990234375,2064.60009765625,2682
2025-04-29 13:51:00+05:30,2066.800048828125,2066.800048828125,2065.0,2065.89990234375,901
2025-04-29 13:52:00+05:30,2067.0,2067.300048828125,2065.5,2066.800048828125,2474
2025-04-29 13:53:00+05:30,2066.10009765625,2066.800048828125,2065.5,2066.800048828125,1044
2025-04-29 13:54:00+05:30,2066.300048828125,2066.800048828125,2065.300048828125,2066.0,1044
2025-04-29 13:55:00+05:30,2066.89990234375,2066.89990234375,2065.300048828125,2066.39990234375,2098
2025-04-29 13:56:00+05:30,2066.699951171875,2067.300048828125,2065.699951171875,2066.89990234375,904
2025-04-29 13:57:00+05:30,2068.300048828125,2068.5,2066.60009765625,2066.699951171875,2829
2025-04-29 13:58:00+05:30,2069.0,2069.0,2067.60009765625,2068.300048828125,2455
2025-04-29 13:59:00+05:30,2066.699951171875,2069.10009765625,2066.699951171875,2069.10009765625,2140
2025-04-29 14:00:00+05:30,2067.10009765625,2068.0,2065.60009765625,2066.39990234375,1542
2025-04-29 14:01:00+05:30,2069.800048828125,2069.800048828125,2067.10009765625,2067.10009765625,1607
2025-04-29 14:02:00+05:30,2069.800048828125,2070.0,2068.800048828125,2068.89990234375,1346
2025-04-29 14:03:00+05:30,2071.10009765625,2071.60009765625,2069.800048828125,2070.0,2936
2025-04-29 14:04:00+05:30,2070.199951171875,2071.39990234375,2070.0,2071.0,1953
2025-04-29 14:05:00+05:30,2071.89990234375,2072.0,2070.300048828125,2070.300048828125,1762
2025-04-29 14:06:00+05:30,2073.10009765625,2073.10009765625,2069.800048828125,2071.89990234375,2558
2025-04-29 14:07:00+05:30,2071.199951171875,2073.39990234375,2071.199951171875,2073.199951171875,4292
2025-04-29 14:08:00+05:30,2068.300048828125,2071.699951171875,2067.5,2071.0,3021
2025-04-29 14:09:00+05:30,2067.699951171875,2069.0,2067.60009765625,2068.300048828125,1447
2025-04-29 14:10:00+05:30,2068.199951171875,2068.89990234375,2067.199951171875,2067.5,1943
2025-04-29 14:11:00+05:30,2067.300048828125,2070.300048828125,2067.10009765625,2069.199951171875,2532
2025-04-29 14:12:00+05:30,2066.10009765625,2067.800048828125,2065.0,2067.300048828125,5198
2025-04-29 14:13:00+05:30,2064.800048828125,2067.199951171875,2064.5,2066.0,3219
2025-04-29 14:14:00+05:30,2066.300048828125,2066.5,2063.10009765625,2064.800048828125,3558
2025-04-29 14:15:00+05:30,2065.10009765625,2066.5,2064.39990234375,2066.5,2260
2025-04-29 14:16:00+05:30,2064.300048828125,2066.10009765625,2064.0,2065.699951171875,1716
2025-04-29 14:17:00+05:30,2064.10009765625,2065.199951171875,2064.0,2064.60009765625,1573
2025-04-29 14:18:00+05:30,2064.10009765625,2065.199951171875,2063.300048828125,2064.0,2932
2025-04-29 14:19:00+05:30,2067.5,2067.5,2062.89990234375,2064.10009765625,3218
2025-04-29 14:20:00+05:30,2063.699951171875,2068.199951171875,2063.5,2067.39990234375,2458
2025-04-29 14:21:00+05:30,2065.699951171875,2066.800048828125,2063.699951171875,2063.699951171875,2936
2025-04-29 14:22:00+05:30,2066.800048828125,2067.39990234375,2065.0,2065.699951171875,1708
2025-04-29 14:23:00+05:30,2067.699951171875,2067.699951171875,2065.699951171875,2066.800048828125,3112
2025-04-29 14:24:00+05:30,2067.60009765625,2068.10009765625,2066.699951171875,2067.699951171875,1412
2025-04-29 14:25:00+05:30,2069.0,2069.0,2066.89990234375,2066.89990234375,1884
2025-04-29 14:26:00+05:30,2067.39990234375,2069.0,2066.0,2069.0,3615
2025-04-29 14:27:00+05:30,2066.5,2067.800048828125,2066.300048828125,2067.699951171875,1213
2025-04-29 14:28:00+05:30,2063.60009765625,2066.300048828125,2063.10009765625,2066.199951171875,2778
2025-04-29 14:29:00+05:30,2064.199951171875,2065.39990234375,2063.10009765625,2063.300048828125,1612
2025-04-29 14:30:00+05:30,2064.699951171875,2065.0,2063.300048828125,2064.300048828125,1434
2025-04-29 14:31:00+05:30,2065.60009765625,2066.39990234375,2064.5,2064.699951171875,2367
2025-04-29 14:32:00+05:30,2065.10009765625,2065.89990234375,2064.10009765625,2065.89990234375,1202
2025-04-29 14:33:00+05:30,2064.199951171875,2066.0,2064.199951171875,2065.10009765625,923
2025-04-29 14:34:00+05:30,2065.39990234375,2066.10009765625,2062.89990234375,2064.199951171875,1611
2025-04-29 14:35:00+05:30,2065.39990234375,2066.0,2064.199951171875,2064.199951171875,799
2025-04-29 14:36:00+05:30,2064.699951171875,2066.0,2064.39990234375,2065.60009765625,963
2025-04-29 14:37:00+05:30,2065.199951171875,2066.199951171875,2064.300048828125,2064.699951171875,2831
2025-04-29 14:38:00+05:30,2063.800048828125,2065.89990234375,2063.60009765625,2065.800048828125,904
2025-04-29 14:39:00+05:30,2060.0,2063.300048828125,2059.5,2063.300048828125,7768
2025-04-29 14:40:00+05:30,2063.0,2063.0,2059.0,2059.699951171875,4536
2025-04-29 14:41:00+05:30,2063.800048828125,2064.800048828125,2062.5,2063.0,1432
2025-04-29 14:42:00+05:30,2062.800048828125,2065.0,2062.800048828125,2063.800048828125,1991
2025-04-29 14:43:00+05:30,2064.199951171875,2064.199951171875,2063.10009765625,2063.199951171875,2207
2025-04-29 14:44:00+05:30,2063.800048828125,2064.699951171875,2063.39990234375,2064.10009765625,4491
2025-04-29 14:45:00+05:30,2063.10009765625,2064.39990234375,2062.800048828125,2063.800048828125,2907
2025-04-29 14:46:00+05:30,2064.800048828125,2065.0,2063.10009765625,2063.10009765625,1524
2025-04-29 14:47:00+05:30,2064.300048828125,2065.0,2063.699951171875,2064.699951171875,2069
2025-04-29 14:48:00+05:30,2063.5,2067.0,2063.39990234375,2064.300048828125,4452
2025-04-29 14:49:00+05:30,2065.10009765625,2065.199951171875,2063.0,2063.39990234375,2507
2025-04-29 14:50:00+05:30,2065.60009765625,2066.699951171875,2063.60009765625,2065.0,6148
2025-04-29 14:51:00+05:30,2067.699951171875,2068.0,2063.699951171875,2064.60009765625,5981
2025-04-29 14:52:00+05:30,2067.800048828125,2067.89990234375,2066.800048828125,2067.699951171875,5545
2025-04-29 14:53:00+05:30,2067.0,2069.39990234375,2067.0,2067.800048828125,8210
2025-04-29 14:54:00+05:30,2067.0,2067.199951171875,2066.699951171875,2067.0,3850
2025-04-29 14:55:00+05:30,2067.89990234375,2068.39990234375,2067.0,2067.0,4669
2025-04-29 14:56:00+05:30,2068.0,2068.10009765625,2067.10009765625,2067.60009765625,3060
2025-04-29 14:57:00+05:30,2067.89990234375,2068.0,2066.60009765625,2067.89990234375,8117
2025-04-29 14:58:00+05:30,2066.89990234375,2067.89990234375,2066.10009765625,2067.60009765625,3364
2025-04-29 14:59:00+05:30,2065.300048828125,2067.699951171875,2065.300048828125,2066.800048828125,5753
2025-04-29 15:00:00+05:30,2063.39990234375,2065.699951171875,2062.89990234375,2064.89990234375,18588
2025-04-29 15:01:00+05:30,2063.300048828125,2064.699951171875,2061.699951171875,2063.39990234375,12075
2025-04-29 15:02:00+05:30,2064.39990234375,2064.60009765625,2063.10009765625,2064.39990234375,5442
2025-04-29 15:03:00+05:30,2063.5,2064.0,2062.89990234375,2063.89990234375,6453
2025-04-29 15:04:00+05:30,2062.89990234375,2063.199951171875,2061.39990234375,2063.0,13494
2025-04-29 15:05:00+05:30,2063.800048828125,2064.199951171875,2061.800048828125,2063.0,11191
2025-04-29 15:06:00+05:30,2062.199951171875,2064.39990234375,2061.39990234375,2063.800048828125,10423
2025-04-29 15:07:00+05:30,2064.39990234375,2064.39990234375,2061.89990234375,2062.89990234375,7775
2025-04-29 15:08:00+05:30,2065.39990234375,2065.5,2063.60009765625,2064.699951171875,15551
2025-04-29 15:09:00+05:30,2066.39990234375,2066.5,2063.89990234375,2065.39990234375,14315
2025-04-29 15:10:00+05:30,2065.10009765625,2066.89990234375,2065.0,2065.800048828125,14364
2025-04-29 15:11:00+05:30,2065.699951171875,2065.699951171875,2063.39990234375,2063.39990234375,22566
2025-04-29 15:12:00+05:30,2068.199951171875,2068.199951171875,2065.699951171875,2065.699951171875,14470
2025-04-29 15:13:00+05:30,2068.699951171875,2069.699951171875,2067.39990234375,2068.199951171875,15228
2025-04-29 15:14:00+05:30,2070.0,2070.0,2068.5,2069.60009765625,11758
2025-04-29 15:15:00+05:30,2068.89990234375,2071.0,2068.39990234375,2070.0,19682
2025-04-29 15:16:00+05:30,2068.0,2069.699951171875,2067.10009765625,2068.89990234375,14152
2025-04-29 15:17:00+05:30,2067.199951171875,2068.800048828125,2067.0,2067.699951171875,13604
2025-04-29 15:18:00+05:30,2066.699951171875,2068.39990234375,2066.39990234375,2067.199951171875,15937
2025-04-29 15:19:00+05:30,2070.5,2070.5,2066.699951171875,2066.699951171875,23266
2025-04-29 15:20:00+05:30,2070.10009765625,2071.39990234375,2070.0,2070.39990234375,14112
2025-04-29 15:21:00+05:30,2068.199951171875,2070.699951171875,2066.89990234375,2070.0,13140
2025-04-29 15:22:00+05:30,2067.800048828125,2068.699951171875,2066.60009765625,2067.10009765625,11206
2025-04-29 15:23:00+05:30,2070.300048828125,2070.5,2067.0,2067.89990234375,20091
2025-04-29 15:24:00+05:30,2070.0,2070.699951171875,2069.300048828125,2069.800048828125,13400
2025-04-29 15:25:00+05:30,2069.800048828125,2070.300048828125,2068.800048828125,2069.5,9407
2025-04-29 15:26:00+05:30,2068.199951171875,2070.800048828125,2068.199951171875,2069.89990234375,8518
2025-04-29 15:27:00+05:30,2066.10009765625,2067.89990234375,2064.0,2067.800048828125,11083
2025-04-29 15:28:00+05:30,2065.0,2067.0,2062.39990234375,2066.199951171875,7615
2025-04-29 15:29:00+05:30,2066.89990234375,2067.0,2062.10009765625,2066.0,6653
2025-04-30 09:15:00+05:30,1964.300048828125,2013.9000244140625,1961.4000244140625,2013.9000244140625,0
2025-04-30 09:16:00+05:30,1949.199951171875,1970.0,1948.300048828125,1967.9000244140625,69621
2025-04-30 09:17:00+05:30,1954.300048828125,1954.300048828125,1937.199951171875,1949.4000244140625,76457
2025-04-30 09:18:00+05:30,1960.4000244140625,1963.0,1952.0999755859375,1954.5,48172
2025-04-30 09:19:00+05:30,1958.9000244140625,1963.199951171875,1955.5999755859375,1961.0,32556
2025-04-30 09:20:00+05:30,1967.5,1971.699951171875,1951.699951171875,1958.0999755859375,47064
2025-04-30 09:21:00+05:30,1963.300048828125,1967.800048828125,1958.0,1967.0999755859375,27370
2025-04-30 09:22:00+05:30,1964.0,1966.0,1961.4000244140625,1962.199951171875,17101
2025-04-30 09:23:00+05:30,1951.0999755859375,1966.5999755859375,1950.0,1963.9000244140625,49517
2025-04-30 09:24:00+05:30,1950.5999755859375,1952.300048828125,1947.5,1951.0,32391
2025-04-30 09:25:00+05:30,1949.5,1954.300048828125,1949.4000244140625,1951.0999755859375,35975
2025-04-30 09:26:00+05:30,1941.199951171875,1950.800048828125,1940.0,1949.5,44089
2025-04-30 09:27:00+05:30,1935.300048828125,1941.800048828125,1935.300048828125,1941.0,43020
2025-04-30 09:28:00+05:30,1930.0999755859375,1935.5,1930.0,1935.5,60165
2025-04-30 09:29:00+05:30,1935.4000244140625,1936.0999755859375,1929.0,1930.0999755859375,42388
2025-04-30 09:30:00+05:30,1938.4000244140625,1938.4000244140625,1928.4000244140625,1933.5,48116
2025-04-30 09:31:00+05:30,1939.800048828125,1945.0,1938.300048828125,1938.5,45925
2025-04-30 09:32:00+05:30,1934.0,1939.5999755859375,1932.0,1939.5999755859375,19824
2025-04-30 09:33:00+05:30,1938.300048828125,1939.0999755859375,1932.800048828125,1933.9000244140625,21032
2025-04-30 09:34:00+05:30,1941.300048828125,1944.5999755859375,1937.5,1938.300048828125,30147
2025-04-30 09:35:00+05:30,1938.699951171875,1940.800048828125,1934.300048828125,1940.800048828125,32412
2025-04-30 09:36:00+05:30,1943.699951171875,1943.699951171875,1938.0,1939.5999755859375,20590
2025-04-30 09:37:00+05:30,1943.4000244140625,1945.300048828125,1942.0999755859375,1943.5999755859375,23608
2025-04-30 09:38:00+05:30,1946.699951171875,1948.0,1942.300048828125,1942.699951171875,26198
2025-04-30 09:39:00+05:30,1945.0999755859375,1947.0999755859375,1942.9000244140625,1946.300048828125,23157
2025-04-30 09:40:00+05:30,1952.0999755859375,1954.199951171875,1945.300048828125,1945.300048828125,54519
2025-04-30 09:41:00+05:30,1942.5,1953.0,1942.0,1952.0,28938
2025-04-30 09:42:00+05:30,1945.0999755859375,1947.9000244140625,1942.0,1943.0,12676
2025-04-30 09:43:00+05:30,1946.4000244140625,1946.4000244140625,1940.5999755859375,1945.699951171875,16900
2025-04-30 09:44:00+05:30,1945.0,1948.5,1945.0,1946.4000244140625,12482
2025-04-30 09:45:00+05:30,1943.699951171875,1947.199951171875,1942.300048828125,1945.199951171875,12081
2025-04-30 09:46:00+05:30,1945.5999755859375,1945.5999755859375,1941.0,1943.699951171875,15973
2025-04-30 09:47:00+05:30,1939.5999755859375,1947.0,1938.4000244140625,1946.0,43069
2025-04-30 09:48:00+05:30,1937.4000244140625,1940.0,1936.5,1939.5999755859375,19727
2025-04-30 09:49:00+05:30,1945.0,1945.9000244140625,1937.0,1937.4000244140625,50685
2025-04-30 09:50:00+05:30,1943.800048828125,1945.300048828125,1940.4000244140625,1945.0999755859375,19567
2025-04-30 09:51:00+05:30,1948.0,1949.4000244140625,1943.9000244140625,1944.0,25816
2025-04-30 09:52:00+05:30,1948.5,1949.699951171875,1945.800048828125,1948.0,21769
2025-04-30 09:53:00+05:30,1946.800048828125,1948.5,1946.0,1948.0,6557
2025-04-30 09:54:00+05:30,1945.0,1946.699951171875,1941.699951171875,1945.800048828125,20570
2025-04-30 09:55:00+05:30,1938.0,1944.699951171875,1938.0,1944.0,23667
2025-04-30 09:56:00+05:30,1935.800048828125,1938.9000244140625,1933.5999755859375,1938.5999755859375,57799
2025-04-30 09:57:00+05:30,1933.0,1936.300048828125,1932.199951171875,1935.300048828125,67269
2025-04-30 09:58:00+05:30,1930.0,1934.0,1929.5,1933.0,71078
2025-04-30 09:59:00+05:30,1928.300048828125,1931.0999755859375,1928.0,1930.0999755859375,54701
2025-04-30 10:00:00+05:30,1929.4000244140625,1930.5,1928.0999755859375,1928.9000244140625,31405
2025-04-30 10:01:00+05:30,1932.300048828125,1935.9000244140625,1929.0999755859375,1929.5999755859375,67478
2025-04-30 10:02:00+05:30,1933.9000244140625,1935.5,1931.800048828125,1932.0,44788
2025-04-30 10:03:00+05:30,1928.5,1934.300048828125,1927.0,1934.0,46104
2025-04-30 10:04:00+05:30,1930.5,1931.199951171875,1927.4000244140625,1928.5,24809
2025-04-30 10:05:00+05:30,1932.0,1932.0,1929.5,1930.5,12656
2025-04-30 10:06:00+05:30,1933.0,1934.800048828125,1932.0,1932.300048828125,9855
2025-04-30 10:07:00+05:30,1934.300048828125,1935.4000244140625,1933.0,1933.0,29207
2025-04-30 10:08:00+05:30,1931.5999755859375,1934.199951171875,1931.5999755859375,1934.199951171875,8487
2025-04-30 10:09:00+05:30,1937.5999755859375,1937.5999755859375,1931.800048828125,1931.800048828125,19861
2025-04-30 10:10:00+05:30,1935.9000244140625,1938.0,1935.0999755859375,1937.5999755859375,13460
2025-04-30 10:11:00+05:30,1935.800048828125,1936.0,1935.0,1935.4000244140625,4117
2025-04-30 10:12:00+05:30,1937.0999755859375,1937.800048828125,1935.800048828125,1935.800048828125,6941
2025-04-30 10:13:00+05:30,1937.5999755859375,1938.9000244140625,1936.699951171875,1937.699951171875,12734
2025-04-30 10:14:00+05:30,1937.9000244140625,1940.0,1936.5999755859375,1936.5999755859375,17505
2025-04-30 10:15:00+05:30,1933.9000244140625,1937.699951171875,1932.9000244140625,1937.699951171875,10972
2025-04-30 10:16:00+05:30,1933.300048828125,1936.199951171875,1931.0,1934.0,10511
2025-04-30 10:17:00+05:30,1934.9000244140625,1935.0,1932.0,1932.4000244140625,5422
2025-04-30 10:18:00+05:30,1933.9000244140625,1934.9000244140625,1932.5,1934.199951171875,68017
2025-04-30 10:19:00+05:30,1933.5,1934.5,1932.5999755859375,1934.0,7237
2025-04-30 10:20:00+05:30,1933.5999755859375,1934.800048828125,1933.300048828125,1934.0,6346
2025-04-30 10:21:00+05:30,1934.0999755859375,1934.800048828125,1933.4000244140625,1933.4000244140625,4386
2025-04-30 10:22:00+05:30,1935.4000244140625,1936.0,1934.0999755859375,1934.0999755859375,3314
2025-04-30 10:23:00+05:30,1934.300048828125,1935.9000244140625,1934.0,1935.199951171875,63128
2025-04-30 10:24:00+05:30,1934.300048828125,1936.0999755859375,1933.0999755859375,1933.5999755859375,16393
2025-04-30 10:25:00+05:30,1935.199951171875,1935.300048828125,1933.9000244140625,1934.9000244140625,6360
2025-04-30 10:26:00+05:30,1937.300048828125,1939.5,1935.0,1935.199951171875,11643
2025-04-30 10:27:00+05:30,1943.0,1944.699951171875,1937.0,1937.0999755859375,42354
2025-04-30 10:28:00+05:30,1942.0,1943.5999755859375,1941.5999755859375,1942.5999755859375,9921
2025-04-30 10:29:00+05:30,1941.5999755859375,1942.5,1940.699951171875,1942.0,12405
2025-04-30 10:30:00+05:30,1941.0,1941.5,1940.0,1940.800048828125,4810
2025-04-30 10:31:00+05:30,1942.0,1943.0,1940.0,1940.699951171875,36427
2025-04-30 10:32:00+05:30,1944.5999755859375,1944.699951171875,1939.699951171875,1940.800048828125,35534
2025-04-30 10:33:00+05:30,1943.9000244140625,1944.800048828125,1943.0,1943.0,4180
2025-04-30 10:34:00+05:30,1944.0,1944.9000244140625,1943.0,1943.5,22960
2025-04-30 10:35:00+05:30,1938.0999755859375,1946.0,1937.300048828125,1943.5,58508
2025-04-30 10:36:00+05:30,1934.300048828125,1937.9000244140625,1934.300048828125,1936.5999755859375,16308
2025-04-30 10:37:00+05:30,1936.9000244140625,1936.9000244140625,1934.199951171875,1935.0,10456
2025-04-30 10:38:00+05:30,1938.300048828125,1938.4000244140625,1936.0,1936.0999755859375,2875
2025-04-30 10:39:00+05:30,1938.4000244140625,1938.5,1937.4000244140625,1937.9000244140625,2084
2025-04-30 10:40:00+05:30,1936.0,1938.5,1936.0,1938.0,4042
2025-04-30 10:41:00+05:30,1939.9000244140625,1941.0999755859375,1936.0,1936.0,9776
2025-04-30 10:42:00+05:30,1938.699951171875,1940.0,1937.4000244140625,1939.9000244140625,8429
2025-04-30 10:43:00+05:30,1939.5999755859375,1939.9000244140625,1938.4000244140625,1939.0,9574
2025-04-30 10:44:00+05:30,1940.0,1940.0,1939.0999755859375,1939.5999755859375,2206
2025-04-30 10:45:00+05:30,1939.4000244140625,1940.199951171875,1939.0999755859375,1940.0,4344
2025-04-30 10:46:00+05:30,1939.699951171875,1940.0,1939.0999755859375,1939.5999755859375,5840
2025-04-30 10:47:00+05:30,1939.699951171875,1940.0,1939.5,1939.800048828125,2060
2025-04-30 10:48:00+05:30,1935.199951171875,1940.0,1935.199951171875,1937.0,34929
2025-04-30 10:49:00+05:30,1936.300048828125,1936.300048828125,1933.0999755859375,1935.699951171875,6780
2025-04-30 10:50:00+05:30,1933.5999755859375,1935.5999755859375,1933.0,1935.199951171875,7533
2025-04-30 10:51:00+05:30,1934.300048828125,1934.800048828125,1933.0999755859375,1933.5999755859375,3994
2025-04-30 10:52:00+05:30,1934.5,1934.800048828125,1931.699951171875,1933.800048828125,14240
2025-04-30 10:53:00+05:30,1934.5999755859375,1936.699951171875,1934.0999755859375,1934.0999755859375,3426
2025-04-30 10:54:00+05:30,1935.9000244140625,1936.699951171875,1933.5999755859375,1934.5999755859375,5589
2025-04-30 10:55:00+05:30,1938.4000244140625,1938.9000244140625,1935.300048828125,1935.800048828125,5336
2025-04-30 10:56:00+05:30,1938.9000244140625,1938.9000244140625,1938.0,1938.0,4119
2025-04-30 10:57:00+05:30,1940.0,1940.0,1938.4000244140625,1938.4000244140625,10841
2025-04-30 10:58:00+05:30,1939.4000244140625,1940.800048828125,1938.699951171875,1940.0,21256
2025-04-30 10:59:00+05:30,1936.5,1940.0,1936.199951171875,1939.199951171875,10512
2025-04-30 11:00:00+05:30,1939.0999755859375,1939.0999755859375,1935.5,1935.5,16971
2025-04-30 11:01:00+05:30,1939.699951171875,1940.5,1937.5999755859375,1938.300048828125,13701
2025-04-30 11:02:00+05:30,1938.0999755859375,1939.9000244140625,1938.0999755859375,1939.4000244140625,3438
2025-04-30 11:03:00+05:30,1938.4000244140625,1939.300048828125,1938.0999755859375,1938.0999755859375,2204
2025-04-30 11:04:00+05:30,1940.0999755859375,1940.699951171875,1937.0,1938.199951171875,29275
2025-04-30 11:05:00+05:30,1940.5999755859375,1941.0,1940.0,1940.699951171875,7018
2025-04-30 11:06:00+05:30,1944.5,1944.699951171875,1940.699951171875,1940.800048828125,23132
2025-04-30 11:07:00+05:30,1943.0,1944.5,1942.0,1943.800048828125,12840
2025-04-30 11:08:00+05:30,1943.0,1945.0,1942.199951171875,1943.4000244140625,17733
2025-04-30 11:09:00+05:30,1945.0,1945.9000244140625,1942.300048828125,1942.300048828125,30235
2025-04-30 11:10:00+05:30,1945.0,1945.5999755859375,1944.0,1945.5999755859375,7320
2025-04-30 11:11:00+05:30,1946.300048828125,1946.300048828125,1944.4000244140625,1945.0,12546
2025-04-30 11:12:00+05:30,1946.199951171875,1947.0,1946.0,1946.300048828125,6791
2025-04-30 11:13:00+05:30,1945.4000244140625,1947.0,1945.0,1946.0,16216
2025-04-30 11:14:00+05:30,1944.199951171875,1946.5,1943.5,1945.5,6889
2025-04-30 11:15:00+05:30,1941.5999755859375,1944.4000244140625,1940.0999755859375,1944.199951171875,6392
2025-04-30 11:16:00+05:30,1942.4000244140625,1942.4000244140625,1941.300048828125,1941.5999755859375,2662
2025-04-30 11:17:00+05:30,1942.300048828125,1942.9000244140625,1941.0,1942.4000244140625,4844
2025-04-30 11:18:00+05:30,1944.5,1945.0,1941.199951171875,1941.300048828125,3350
2025-04-30 11:19:00+05:30,1944.0999755859375,1945.4000244140625,1943.800048828125,1945.0,3145
2025-04-30 11:20:00+05:30,1943.5,1944.199951171875,1942.199951171875,1944.0,3189
2025-04-30 11:21:00+05:30,1943.699951171875,1943.800048828125,1942.5999755859375,1943.0,2258
2025-04-30 11:22:00+05:30,1945.0,1945.0,1942.800048828125,1943.5,5017
2025-04-30 11:23:00+05:30,1949.699951171875,1950.199951171875,1945.300048828125,1945.300048828125,30024
2025-04-30 11:24:00+05:30,1946.0999755859375,1950.199951171875,1946.0999755859375,1949.5999755859375,10640
2025-04-30 11:25:00+05:30,1945.300048828125,1947.0,1944.0,1946.199951171875,6771
2025-04-30 11:26:00+05:30,1944.4000244140625,1946.0,1944.4000244140625,1945.5,2022
2025-04-30 11:27:00+05:30,1942.5,1944.5,1942.5,1944.5,6481
2025-04-30 11:28:00+05:30,1942.9000244140625,1942.9000244140625,1942.0,1942.4000244140625,5303
2025-04-30 11:29:00+05:30,1942.699951171875,1942.9000244140625,1942.5999755859375,1942.9000244140625,1563
2025-04-30 11:30:00+05:30,1943.0,1943.0,1942.0999755859375,1942.800048828125,6913
2025-04-30 11:31:00+05:30,1945.800048828125,1946.300048828125,1943.0999755859375,1943.0999755859375,8832
2025-04-30 11:32:00+05:30,1945.4000244140625,1946.0,1944.9000244140625,1945.4000244140625,4125
2025-04-30 11:33:00+05:30,1945.699951171875,1946.0,1945.300048828125,1945.4000244140625,1121
2025-04-30 11:34:00+05:30,1945.199951171875,1946.0,1944.5999755859375,1945.5999755859375,2966
2025-04-30 11:35:00+05:30,1945.0,1945.699951171875,1945.0,1945.199951171875,1661
2025-04-30 11:36:00+05:30,1945.0,1945.699951171875,1945.0,1945.0,1708
2025-04-30 11:37:00+05:30,1945.4000244140625,1945.699951171875,1944.5,1945.0,5284
2025-04-30 11:38:00+05:30,1944.699951171875,1945.5,1944.199951171875,1945.4000244140625,1758
2025-04-30 11:39:00+05:30,1943.5,1945.699951171875,1942.699951171875,1945.4000244140625,4914
2025-04-30 11:40:00+05:30,1944.4000244140625,1945.0,1943.4000244140625,1943.5999755859375,2133
2025-04-30 11:41:00+05:30,1943.0,1945.0,1943.0,1944.4000244140625,1854
2025-04-30 11:42:00+05:30,1944.199951171875,1944.699951171875,1943.0,1943.0,2237
2025-04-30 11:43:00+05:30,1943.199951171875,1944.699951171875,1943.0,1944.5,1715
2025-04-30 11:44:00+05:30,1942.9000244140625,1944.0,1942.0999755859375,1943.0,4480
2025-04-30 11:45:00+05:30,1942.9000244140625,1943.0,1941.699951171875,1942.5,3529
2025-04-30 11:46:00+05:30,1943.5999755859375,1944.0,1942.4000244140625,1943.0,2163
2025-04-30 11:47:00+05:30,1942.9000244140625,1944.0,1942.5999755859375,1943.699951171875,2754
2025-04-30 11:48:00+05:30,1942.4000244140625,1943.0,1942.300048828125,1942.300048828125,1696
2025-04-30 11:49:00+05:30,1942.699951171875,1943.800048828125,1941.0,1943.0,6786
2025-04-30 11:50:00+05:30,1942.0999755859375,1942.9000244140625,1941.800048828125,1942.800048828125,2383
2025-04-30 11:51:00+05:30,1943.5999755859375,1943.5999755859375,1942.0999755859375,1942.0999755859375,2047
2025-04-30 11:52:00+05:30,1943.300048828125,1943.699951171875,1942.4000244140625,1943.5999755859375,2569
2025-04-30 11:53:00+05:30,1942.199951171875,1943.0999755859375,1941.0,1942.800048828125,7730
2025-04-30 11:54:00+05:30,1941.0,1941.9000244140625,1940.199951171875,1941.5,5749
2025-04-30 11:55:00+05:30,1940.300048828125,1941.300048828125,1940.0,1940.5999755859375,21127
2025-04-30 11:56:00+05:30,1941.0999755859375,1942.4000244140625,1940.199951171875,1940.199951171875,3881
2025-04-30 11:57:00+05:30,1942.300048828125,1942.300048828125,1940.4000244140625,1941.0999755859375,2863
2025-04-30 11:58:00+05:30,1942.300048828125,1942.300048828125,1941.0,1941.9000244140625,3712
2025-04-30 11:59:00+05:30,1942.800048828125,1943.0,1941.5,1942.0999755859375,857
2025-04-30 12:00:00+05:30,1942.4000244140625,1943.0,1942.0,1942.5,1646
2025-04-30 12:01:00+05:30,1943.0,1943.5999755859375,1942.300048828125,1942.5,3255
2025-04-30 12:02:00+05:30,1943.5999755859375,1945.0,1942.0999755859375,1943.0999755859375,10314
2025-04-30 12:03:00+05:30,1946.4000244140625,1946.800048828125,1943.0,1943.5999755859375,10225
2025-04-30 12:04:00+05:30,1946.5,1947.0,1946.0999755859375,1946.699951171875,9628
2025-04-30 12:05:00+05:30,1947.800048828125,1948.199951171875,1945.300048828125,1946.5,8872
2025-04-30 12:06:00+05:30,1947.5,1947.800048828125,1946.800048828125,1947.699951171875,1726
2025-04-30 12:07:00+05:30,1946.5999755859375,1947.5,1946.5999755859375,1947.0999755859375,1938
2025-04-30 12:08:00+05:30,1948.5999755859375,1948.5999755859375,1946.0999755859375,1946.800048828125,9977
2025-04-30 12:09:00+05:30,1949.699951171875,1950.0,1947.9000244140625,1949.0,15128
2025-04-30 12:10:00+05:30,1947.5,1949.9000244140625,1947.5,1949.699951171875,5921
2025-04-30 12:11:00+05:30,1948.5999755859375,1948.800048828125,1947.5,1948.0999755859375,3359
2025-04-30 12:12:00+05:30,1947.699951171875,1948.699951171875,1947.4000244140625,1948.699951171875,2740
2025-04-30 12:13:00+05:30,1947.300048828125,1948.0999755859375,1947.0999755859375,1947.699951171875,1536
2025-04-30 12:14:00+05:30,1947.300048828125,1947.9000244140625,1947.0999755859375,1947.300048828125,3235
2025-04-30 12:15:00+05:30,1946.4000244140625,1947.5,1945.5,1947.300048828125,7700
2025-04-30 12:16:00+05:30,1946.5,1947.5,1946.4000244140625,1946.9000244140625,5485
2025-04-30 12:17:00+05:30,1946.5999755859375,1947.0,1946.4000244140625,1946.5,1517
2025-04-30 12:18:00+05:30,1945.9000244140625,1946.699951171875,1945.5999755859375,1946.699951171875,3726
2025-04-30 12:19:00+05:30,1947.0,1947.0,1945.9000244140625,1946.0,2935
2025-04-30 12:20:00+05:30,1947.0,1948.0,1946.0,1947.0,4955
2025-04-30 12:21:00+05:30,1947.800048828125,1948.0,1947.0,1947.0999755859375,5737
2025-04-30 12:22:00+05:30,1948.0,1948.0,1947.199951171875,1947.300048828125,1369
2025-04-30 12:23:00+05:30,1947.800048828125,1948.0,1947.5999755859375,1947.800048828125,2185
2025-04-30 12:24:00+05:30,1947.5999755859375,1948.0,1947.4000244140625,1947.9000244140625,3185
2025-04-30 12:25:00+05:30,1948.0999755859375,1948.300048828125,1947.4000244140625,1947.5,2432
2025-04-30 12:26:00+05:30,1948.4000244140625,1948.4000244140625,1947.5,1948.0999755859375,1480
2025-04-30 12:27:00+05:30,1948.300048828125,1948.5,1948.0,1948.4000244140625,4972
2025-04-30 12:28:00+05:30,1947.199951171875,1948.300048828125,1947.0,1948.300048828125,3710
2025-04-30 12:29:00+05:30,1946.4000244140625,1947.800048828125,1946.0999755859375,1947.199951171875,2968
2025-04-30 12:30:00+05:30,1945.9000244140625,1946.0,1945.0999755859375,1945.0999755859375,5620
2025-04-30 12:31:00+05:30,1945.4000244140625,1945.699951171875,1945.0,1945.0,4831
2025-04-30 12:32:00+05:30,1946.300048828125,1946.5,1945.0999755859375,1945.699951171875,2790
2025-04-30 12:33:00+05:30,1946.0,1946.5,1945.0999755859375,1946.300048828125,3798
2025-04-30 12:34:00+05:30,1945.699951171875,1945.9000244140625,1944.5,1945.800048828125,2348
2025-04-30 12:35:00+05:30,1946.0,1946.699951171875,1945.5,1945.9000244140625,4170
2025-04-30 12:36:00+05:30,1946.0999755859375,1947.5,1945.800048828125,1945.800048828125,3721
2025-04-30 12:37:00+05:30,1947.0999755859375,1947.5,1946.199951171875,1946.199951171875,2005
2025-04-30 12:38:00+05:30,1946.199951171875,1947.5,1945.4000244140625,1947.199951171875,4429
2025-04-30 12:39:00+05:30,1945.4000244140625,1946.800048828125,1944.800048828125,1946.199951171875,3090
2025-04-30 12:40:00+05:30,1945.5,1946.800048828125,1945.0,1945.4000244140625,1925
2025-04-30 12:41:00+05:30,1945.199951171875,1946.4000244140625,1945.0999755859375,1945.5,1786
2025-04-30 12:42:00+05:30,1946.300048828125,1946.4000244140625,1944.5999755859375,1945.5,5110
2025-04-30 12:43:00+05:30,1947.300048828125,1947.5999755859375,1944.4000244140625,1946.300048828125,32880
2025-04-30 12:44:00+05:30,1946.9000244140625,1948.0,1946.800048828125,1947.699951171875,4334
2025-04-30 12:45:00+05:30,1947.0999755859375,1948.4000244140625,1946.699951171875,1946.699951171875,7469
2025-04-30 12:46:00+05:30,1947.9000244140625,1948.0,1946.4000244140625,1946.4000244140625,2309
2025-04-30 12:47:00+05:30,1947.9000244140625,1948.9000244140625,1946.800048828125,1948.9000244140625,5883
2025-04-30 12:48:00+05:30,1947.199951171875,1948.0,1946.9000244140625,1947.699951171875,983
2025-04-30 12:49:00+05:30,1947.699951171875,1948.0,1946.9000244140625,1947.9000244140625,1999
2025-04-30 12:50:00+05:30,1948.5999755859375,1948.5999755859375,1947.0,1947.5,9234
2025-04-30 12:51:00+05:30,1948.9000244140625,1949.0,1947.800048828125,1949.0,2210
2025-04-30 12:52:00+05:30,1948.0999755859375,1948.9000244140625,1946.699951171875,1948.300048828125,4130
2025-04-30 12:53:00+05:30,1949.699951171875,1949.800048828125,1947.4000244140625,1948.0999755859375,6812
2025-04-30 12:54:00+05:30,1950.0,1950.0,1948.300048828125,1949.5,5126
2025-04-30 12:55:00+05:30,1950.300048828125,1950.9000244140625,1949.5999755859375,1950.0,9492
2025-04-30 12:56:00+05:30,1950.0,1950.0999755859375,1947.9000244140625,1950.0,9346
2025-04-30 12:57:00+05:30,1949.699951171875,1950.0999755859375,1948.9000244140625,1949.5999755859375,6835
2025-04-30 12:58:00+05:30,1950.0999755859375,1950.0999755859375,1948.0,1949.5999755859375,7926
2025-04-30 12:59:00+05:30,1948.4000244140625,1950.0999755859375,1948.0,1950.0,3309
2025-04-30 13:00:00+05:30,1950.0,1950.0999755859375,1947.0,1948.0,9549
2025-04-30 13:01:00+05:30,1949.4000244140625,1950.300048828125,1949.199951171875,1950.0,15301
2025-04-30 13:02:00+05:30,1948.300048828125,1949.5999755859375,1947.199951171875,1949.4000244140625,10146
2025-04-30 13:03:00+05:30,1945.699951171875,1948.5,1945.199951171875,1948.4000244140625,6818
2025-04-30 13:04:00+05:30,1946.0,1946.5,1945.0,1945.699951171875,2875
2025-04-30 13:05:00+05:30,1944.9000244140625,1946.0,1944.5,1946.0,5200
2025-04-30 13:06:00+05:30,1945.300048828125,1945.699951171875,1944.0,1944.5,3881
2025-04-30 13:07:00+05:30,1944.699951171875,1945.199951171875,1944.0999755859375,1945.0999755859375,787
2025-04-30 13:08:00+05:30,1943.5,1944.699951171875,1943.0,1944.699951171875,6433
2025-04-30 13:09:00+05:30,1942.0999755859375,1942.9000244140625,1941.4000244140625,1942.9000244140625,7746
2025-04-30 13:10:00+05:30,1941.9000244140625,1942.300048828125,1940.0999755859375,1942.0999755859375,11301
2025-04-30 13:11:00+05:30,1941.699951171875,1942.5,1940.0,1941.5,7122
2025-04-30 13:12:00+05:30,1941.5,1942.4000244140625,1941.0999755859375,1941.699951171875,1809
2025-04-30 13:13:00+05:30,1942.9000244140625,1943.199951171875,1942.300048828125,1942.300048828125,1561
2025-04-30 13:14:00+05:30,1944.0,1944.0,1943.4000244140625,1943.800048828125,3456
2025-04-30 13:15:00+05:30,1943.5999755859375,1944.0,1942.699951171875,1944.0,1397
2025-04-30 13:16:00+05:30,1942.699951171875,1943.699951171875,1942.4000244140625,1943.0,2438
2025-04-30 13:17:00+05:30,1943.300048828125,1943.9000244140625,1942.4000244140625,1942.5,1075
2025-04-30 13:18:00+05:30,1944.0999755859375,1944.300048828125,1943.699951171875,1943.9000244140625,1585
2025-04-30 13:19:00+05:30,1943.300048828125,1944.9000244140625,1942.800048828125,1944.300048828125,3232
2025-04-30 13:20:00+05:30,1943.0,1943.300048828125,1942.0,1942.800048828125,1892
2025-04-30 13:21:00+05:30,1942.699951171875,1943.300048828125,1942.300048828125,1942.300048828125,1077
2025-04-30 13:22:00+05:30,1942.5,1943.4000244140625,1942.5,1942.800048828125,1688
2025-04-30 13:23:00+05:30,1943.300048828125,1944.199951171875,1942.0,1942.0,3864
2025-04-30 13:24:00+05:30,1943.699951171875,1944.199951171875,1942.800048828125,1943.9000244140625,3806
2025-04-30 13:25:00+05:30,1944.5,1944.5,1943.0,1943.5999755859375,2167
2025-04-30 13:26:00+05:30,1945.0,1945.0,1943.699951171875,1944.5,1364
2025-04-30 13:27:00+05:30,1944.300048828125,1945.5,1943.4000244140625,1944.4000244140625,2391
2025-04-30 13:28:00+05:30,1943.5,1944.0999755859375,1943.0999755859375,1943.9000244140625,1686
2025-04-30 13:29:00+05:30,1944.0,1944.9000244140625,1943.699951171875,1943.800048828125,3614
2025-04-30 13:30:00+05:30,1944.699951171875,1944.800048828125,1943.199951171875,1944.0999755859375,1069
2025-04-30 13:31:00+05:30,1947.0999755859375,1948.0,1944.0,1944.699951171875,8995
2025-04-30 13:32:00+05:30,1947.5999755859375,1947.9000244140625,1945.800048828125,1947.0999755859375,7515
2025-04-30 13:33:00+05:30,1946.800048828125,1947.9000244140625,1946.300048828125,1946.9000244140625,4427
2025-04-30 13:34:00+05:30,1948.0,1948.0,1947.0999755859375,1947.800048828125,3164
2025-04-30 13:35:00+05:30,1946.4000244140625,1948.0,1946.4000244140625,1948.0,2025
2025-04-30 13:36:00+05:30,1947.0,1947.5,1946.800048828125,1947.0,1584
2025-04-30 13:37:00+05:30,1947.800048828125,1948.5,1947.0,1947.5,2896
2025-04-30 13:38:00+05:30,1949.9000244140625,1949.9000244140625,1948.0999755859375,1948.0999755859375,16226
2025-04-30 13:39:00+05:30,1950.199951171875,1950.199951171875,1949.5,1949.5999755859375,12037
2025-04-30 13:40:00+05:30,1950.0,1950.199951171875,1949.5999755859375,1950.199951171875,5638
2025-04-30 13:41:00+05:30,1949.5,1950.0,1948.9000244140625,1949.4000244140625,7102
2025-04-30 13:42:00+05:30,1949.800048828125,1950.0,1949.0999755859375,1949.800048828125,2053
2025-04-30 13:43:00+05:30,1950.4000244140625,1950.4000244140625,1949.0,1949.800048828125,6095
2025-04-30 13:44:00+05:30,1950.199951171875,1950.4000244140625,1950.0,1950.4000244140625,2231
2025-04-30 13:45:00+05:30,1952.300048828125,1952.5,1950.0,1950.800048828125,7887
2025-04-30 13:46:00+05:30,1951.0999755859375,1952.5,1951.0999755859375,1951.800048828125,4592
2025-04-30 13:47:00+05:30,1951.800048828125,1951.9000244140625,1950.0,1951.9000244140625,6713
2025-04-30 13:48:00+05:30,1952.800048828125,1953.0,1951.5,1951.5,11526
2025-04-30 13:49:00+05:30,1952.199951171875,1952.9000244140625,1952.199951171875,1952.800048828125,3432
2025-04-30 13:50:00+05:30,1957.300048828125,1957.300048828125,1951.5,1952.199951171875,33857
2025-04-30 13:51:00+05:30,1955.9000244140625,1958.4000244140625,1955.9000244140625,1957.800048828125,12538
2025-04-30 13:52:00+05:30,1956.300048828125,1958.0,1955.0,1955.699951171875,8062
2025-04-30 13:53:00+05:30,1956.199951171875,1957.5999755859375,1956.0999755859375,1956.699951171875,5960
2025-04-30 13:54:00+05:30,1956.0999755859375,1958.0,1956.0999755859375,1956.9000244140625,5246
2025-04-30 13:55:00+05:30,1957.0,1957.0,1956.0999755859375,1956.0999755859375,4124
2025-04-30 13:56:00+05:30,1955.199951171875,1957.699951171875,1954.5999755859375,1956.0999755859375,33653
2025-04-30 13:57:00+05:30,1956.0,1957.0,1955.5,1956.0,3814
2025-04-30 13:58:00+05:30,1958.0,1958.0,1955.0999755859375,1956.0,14146
2025-04-30 13:59:00+05:30,1957.0,1958.699951171875,1956.4000244140625,1958.0,4823
2025-04-30 14:00:00+05:30,1956.699951171875,1957.800048828125,1956.0999755859375,1957.0,2527
2025-04-30 14:01:00+05:30,1956.4000244140625,1957.9000244140625,1956.300048828125,1957.300048828125,3254
2025-04-30 14:02:00+05:30,1956.199951171875,1957.0,1956.199951171875,1957.0,2287
2025-04-30 14:03:00+05:30,1957.0,1957.4000244140625,1956.199951171875,1956.199951171875,1715
2025-04-30 14:04:00+05:30,1957.300048828125,1957.5999755859375,1956.0999755859375,1957.0,3676
2025-04-30 14:05:00+05:30,1955.0999755859375,1957.4000244140625,1955.0999755859375,1957.300048828125,24484
2025-04-30 14:06:00+05:30,1954.800048828125,1956.300048828125,1953.0,1955.5,8644
2025-04-30 14:07:00+05:30,1953.300048828125,1955.5999755859375,1953.300048828125,1954.800048828125,5406
2025-04-30 14:08:00+05:30,1953.0,1954.0,1953.0,1953.5,2379
2025-04-30 14:09:00+05:30,1952.9000244140625,1953.5,1952.199951171875,1953.199951171875,2531
2025-04-30 14:10:00+05:30,1951.300048828125,1952.199951171875,1950.800048828125,1952.199951171875,10762
2025-04-30 14:11:00+05:30,1950.5999755859375,1952.199951171875,1950.5999755859375,1951.199951171875,2909
2025-04-30 14:12:00+05:30,1951.0,1951.5,1950.199951171875,1950.5999755859375,3295
2025-04-30 14:13:00+05:30,1951.9000244140625,1952.0,1950.5,1951.300048828125,2922
2025-04-30 14:14:00+05:30,1951.199951171875,1951.9000244140625,1951.0999755859375,1951.9000244140625,1468
2025-04-30 14:15:00+05:30,1951.699951171875,1951.800048828125,1951.0,1951.800048828125,1189
2025-04-30 14:16:00+05:30,1951.0999755859375,1951.800048828125,1951.0,1951.699951171875,3197
2025-04-30 14:17:00+05:30,1951.0999755859375,1951.800048828125,1951.0,1951.800048828125,2284
2025-04-30 14:18:00+05:30,1953.9000244140625,1954.199951171875,1951.0,1951.5,7393
2025-04-30 14:19:00+05:30,1953.0999755859375,1955.699951171875,1953.0,1954.699951171875,5535
2025-04-30 14:20:00+05:30,1954.5,1955.0,1952.300048828125,1953.0,4297
2025-04-30 14:21:00+05:30,1954.5999755859375,1955.5,1954.5,1954.800048828125,2504
2025-04-30 14:22:00+05:30,1954.9000244140625,1955.5,1954.0999755859375,1954.5999755859375,2859
2025-04-30 14:23:00+05:30,1955.9000244140625,1956.5,1955.0,1955.5,4555
2025-04-30 14:24:00+05:30,1955.699951171875,1956.5,1955.699951171875,1955.9000244140625,3250
2025-04-30 14:25:00+05:30,1956.0,1956.4000244140625,1955.0,1955.699951171875,2546
2025-04-30 14:26:00+05:30,1955.5,1956.0,1955.5,1956.0,1912
2025-04-30 14:27:00+05:30,1954.9000244140625,1956.0,1954.4000244140625,1955.5,2901
2025-04-30 14:28:00+05:30,1954.0,1955.0,1953.5999755859375,1954.800048828125,3011
2025-04-30 14:29:00+05:30,1954.300048828125,1954.300048828125,1953.5,1954.300048828125,2796
2025-04-30 14:30:00+05:30,1953.0999755859375,1954.5,1952.699951171875,1954.300048828125,3360
2025-04-30 14:31:00+05:30,1952.199951171875,1953.5999755859375,1951.5999755859375,1953.0999755859375,5162
2025-04-30 14:32:00+05:30,1951.4000244140625,1952.5,1951.199951171875,1952.199951171875,3369
2025-04-30 14:33:00+05:30,1952.0,1952.0,1951.199951171875,1951.4000244140625,3045
2025-04-30 14:34:00+05:30,1950.9000244140625,1952.0,1950.0,1952.0,4776
2025-04-30 14:35:00+05:30,1951.4000244140625,1952.0,1950.0999755859375,1950.300048828125,3158
2025-04-30 14:36:00+05:30,1951.5999755859375,1952.0,1950.9000244140625,1951.800048828125,2208
2025-04-30 14:37:00+05:30,1950.9000244140625,1951.5999755859375,1950.300048828125,1951.5999755859375,1874
2025-04-30 14:38:00+05:30,1950.5,1951.0,1950.5,1950.699951171875,2383
2025-04-30 14:39:00+05:30,1950.5,1950.9000244140625,1950.5,1950.699951171875,1551
2025-04-30 14:40:00+05:30,1951.199951171875,1951.199951171875,1950.300048828125,1950.9000244140625,3233
2025-04-30 14:41:00+05:30,1950.0,1951.300048828125,1949.300048828125,1951.300048828125,12088
2025-04-30 14:42:00+05:30,1950.800048828125,1950.800048828125,1950.0,1950.0,3800
2025-04-30 14:43:00+05:30,1951.800048828125,1952.0,1950.300048828125,1950.300048828125,3935
2025-04-30 14:44:00+05:30,1951.9000244140625,1952.199951171875,1951.0999755859375,1951.800048828125,2224
2025-04-30 14:45:00+05:30,1952.0,1952.300048828125,1951.9000244140625,1951.9000244140625,1611
2025-04-30 14:46:00+05:30,1951.800048828125,1952.0,1950.4000244140625,1951.300048828125,8710
2025-04-30 14:47:00+05:30,1953.0999755859375,1953.300048828125,1951.800048828125,1951.800048828125,7474
2025-04-30 14:48:00+05:30,1952.4000244140625,1953.0999755859375,1952.300048828125,1953.0999755859375,2523
2025-04-30 14:49:00+05:30,1952.4000244140625,1953.0999755859375,1952.199951171875,1952.699951171875,4253
2025-04-30 14:50:00+05:30,1952.199951171875,1952.4000244140625,1952.199951171875,1952.300048828125,2470
2025-04-30 14:51:00+05:30,1951.5999755859375,1952.5,1951.5999755859375,1952.199951171875,2975
2025-04-30 14:52:00+05:30,1951.5999755859375,1952.0,1951.0,1951.5999755859375,4590
2025-04-30 14:53:00+05:30,1953.0,1953.0,1951.4000244140625,1951.5999755859375,3385
2025-04-30 14:54:00+05:30,1953.0999755859375,1953.9000244140625,1952.5,1952.9000244140625,5455
2025-04-30 14:55:00+05:30,1952.199951171875,1953.5,1952.0,1953.0999755859375,5297
2025-04-30 14:56:00+05:30,1950.0,1952.5,1950.0,1952.199951171875,7568
2025-04-30 14:57:00+05:30,1950.699951171875,1950.9000244140625,1950.0,1950.0999755859375,4073
2025-04-30 14:58:00+05:30,1952.0999755859375,1954.9000244140625,1950.699951171875,1950.699951171875,19884
2025-04-30 14:59:00+05:30,1950.5,1952.5,1950.0,1952.0999755859375,4612
2025-04-30 15:00:00+05:30,1952.300048828125,1952.4000244140625,1950.0999755859375,1950.0999755859375,51828
2025-04-30 15:01:00+05:30,1950.0999755859375,1951.800048828125,1950.0999755859375,1951.800048828125,8375
2025-04-30 15:02:00+05:30,1949.800048828125,1950.0,1949.4000244140625,1949.699951171875,31036
2025-04-30 15:03:00+05:30,1952.699951171875,1953.0,1949.699951171875,1949.699951171875,18183
2025-04-30 15:04:00+05:30,1950.9000244140625,1952.5,1950.699951171875,1952.5,11320
2025-04-30 15:05:00+05:30,1950.199951171875,1950.9000244140625,1950.199951171875,1950.9000244140625,8377
2025-04-30 15:06:00+05:30,1953.0,1953.0,1950.0,1950.199951171875,32529
2025-04-30 15:07:00+05:30,1953.4000244140625,1953.5999755859375,1953.199951171875,1953.4000244140625,20158
2025-04-30 15:08:00+05:30,1954.800048828125,1955.0,1953.199951171875,1953.199951171875,12933
2025-04-30 15:09:00+05:30,1955.0,1955.4000244140625,1954.800048828125,1954.800048828125,17900
2025-04-30 15:10:00+05:30,1953.5999755859375,1955.0,1953.0999755859375,1954.800048828125,14582
2025-04-30 15:11:00+05:30,1952.5,1954.0,1952.0999755859375,1953.5999755859375,14044
2025-04-30 15:12:00+05:30,1953.4000244140625,1954.0,1953.0,1953.0,10159
2025-04-30 15:13:00+05:30,1953.699951171875,1953.800048828125,1953.4000244140625,1953.5,3716
2025-04-30 15:14:00+05:30,1954.4000244140625,1954.5,1953.699951171875,1953.699951171875,16540
2025-04-30 15:15:00+05:30,1953.4000244140625,1954.5,1953.4000244140625,1954.300048828125,14629
2025-04-30 15:16:00+05:30,1952.800048828125,1953.800048828125,1951.699951171875,1953.4000244140625,21403
2025-04-30 15:17:00+05:30,1954.0,1954.0,1952.800048828125,1952.800048828125,13631
2025-04-30 15:18:00+05:30,1951.0,1953.9000244140625,1950.699951171875,1953.800048828125,34276
2025-04-30 15:19:00+05:30,1950.300048828125,1951.4000244140625,1950.0,1951.0,17941
2025-04-30 15:20:00+05:30,1950.0,1950.9000244140625,1948.5,1950.199951171875,52379
2025-04-30 15:21:00+05:30,1950.0,1950.5,1949.300048828125,1950.0,9859
2025-04-30 15:22:00+05:30,1952.0,1952.0,1950.0999755859375,1950.300048828125,21727
2025-04-30 15:23:00+05:30,1951.0999755859375,1952.0999755859375,1950.300048828125,1951.9000244140625,9253
2025-04-30 15:24:00+05:30,1950.300048828125,1951.5,1950.0,1950.9000244140625,22775
2025-04-30 15:25:00+05:30,1950.199951171875,1950.5,1950.0,1950.0,14486
2025-04-30 15:26:00+05:30,1950.0,1950.300048828125,1950.0,1950.199951171875,16552
2025-04-30 15:27:00+05:30,1952.0999755859375,1952.0999755859375,1950.0,1950.0,10435
2025-04-30 15:28:00+05:30,1952.300048828125,1952.800048828125,1951.4000244140625,1952.300048828125,17059
2025-04-30 15:29:00+05:30,1950.0,1953.199951171875,1950.0,1952.199951171875,9634
