Datetime,Close,High,Low,Open,Volume
2025-04-08 09:15:00+05:30,669.75,675.9500122070312,669.5,675.0,0
2025-04-08 09:16:00+05:30,673.25,674.0999755859375,669.0,669.5499877929688,42528
2025-04-08 09:17:00+05:30,675.2000122070312,675.2000122070312,673.3499755859375,673.3499755859375,6311
2025-04-08 09:18:00+05:30,675.8499755859375,676.5,675.0999755859375,675.5,7015
2025-04-08 09:19:00+05:30,674.8499755859375,675.3499755859375,674.5499877929688,675.3499755859375,46934
2025-04-08 09:20:00+05:30,674.75,675.7999877929688,674.0999755859375,675.2000122070312,9825
2025-04-08 09:21:00+05:30,674.2000122070312,676.0499877929688,674.2000122070312,674.9500122070312,7321
2025-04-08 09:22:00+05:30,675.4000244140625,675.5499877929688,674.5499877929688,674.5499877929688,4048
2025-04-08 09:23:00+05:30,675.4000244140625,675.5999755859375,675.0,675.0,11079
2025-04-08 09:24:00+05:30,672.5999755859375,673.9500122070312,672.5499877929688,673.3499755859375,37985
2025-04-08 09:25:00+05:30,674.0999755859375,674.0999755859375,672.9000244140625,672.9000244140625,9063
2025-04-08 09:26:00+05:30,675.0999755859375,675.0999755859375,673.9500122070312,674.0,4795
2025-04-08 09:27:00+05:30,675.1500244140625,675.1500244140625,674.3499755859375,674.3499755859375,5716
2025-04-08 09:28:00+05:30,676.25,676.25,675.4500122070312,675.4500122070312,11857
2025-04-08 09:29:00+05:30,677.0499877929688,677.0999755859375,675.9500122070312,676.2999877929688,5119
2025-04-08 09:30:00+05:30,676.75,677.7000122070312,676.75,677.4000244140625,10200
2025-04-08 09:31:00+05:30,676.9000244140625,677.3499755859375,676.8499755859375,677.0,4245
2025-04-08 09:32:00+05:30,676.5499877929688,676.9000244140625,676.1500244140625,676.7999877929688,3850
2025-04-08 09:33:00+05:30,677.9000244140625,678.0,676.5,676.5,6129
2025-04-08 09:34:00+05:30,677.9500122070312,678.0999755859375,677.75,677.7999877929688,9111
2025-04-08 09:35:00+05:30,678.7999877929688,678.7999877929688,677.6500244140625,677.75,94516
2025-04-08 09:36:00+05:30,679.9000244140625,679.9000244140625,678.75,679.6500244140625,33557
2025-04-08 09:37:00+05:30,677.7999877929688,681.0,677.6500244140625,680.25,79167
2025-04-08 09:38:00+05:30,676.6500244140625,678.4500122070312,676.0,677.9000244140625,85357
2025-04-08 09:39:00+05:30,676.9500122070312,677.6500244140625,676.8499755859375,677.0999755859375,15298
2025-04-08 09:40:00+05:30,676.5999755859375,677.1500244140625,676.5999755859375,676.9500122070312,2334
2025-04-08 09:41:00+05:30,676.4500122070312,676.7999877929688,675.9000244140625,676.7999877929688,2169
2025-04-08 09:42:00+05:30,675.8499755859375,676.75,675.8499755859375,676.75,2700
2025-04-08 09:43:00+05:30,675.5,675.8499755859375,675.0,675.4500122070312,7239
2025-04-08 09:44:00+05:30,675.0999755859375,675.7000122070312,675.0999755859375,675.6500244140625,2724
2025-04-08 09:45:00+05:30,676.2999877929688,676.2999877929688,675.6500244140625,675.6500244140625,3088
2025-04-08 09:46:00+05:30,675.4500122070312,676.8499755859375,675.4500122070312,676.8499755859375,2763
2025-04-08 09:47:00+05:30,675.0999755859375,675.5999755859375,674.5499877929688,675.3499755859375,6089
2025-04-08 09:48:00+05:30,675.0499877929688,675.5999755859375,675.0499877929688,675.5999755859375,1267
2025-04-08 09:49:00+05:30,675.7000122070312,675.7000122070312,675.3499755859375,675.3499755859375,1805
2025-04-08 09:50:00+05:30,675.4000244140625,675.7000122070312,675.4000244140625,675.7000122070312,1233
2025-04-08 09:51:00+05:30,675.6500244140625,675.6500244140625,675.2000122070312,675.4500122070312,5223
2025-04-08 09:52:00+05:30,675.7000122070312,675.8499755859375,675.7000122070312,675.8499755859375,1073
2025-04-08 09:53:00+05:30,675.7000122070312,675.9500122070312,675.7000122070312,675.8499755859375,543
2025-04-08 09:54:00+05:30,675.2000122070312,675.3499755859375,674.8499755859375,675.2000122070312,4095
2025-04-08 09:55:00+05:30,675.5999755859375,675.5999755859375,674.9000244140625,675.25,124786
2025-04-08 09:56:00+05:30,675.2000122070312,676.0,675.2000122070312,675.7999877929688,6240
2025-04-08 09:57:00+05:30,675.2999877929688,675.2999877929688,674.75,675.0999755859375,12664
2025-04-08 09:58:00+05:30,675.7000122070312,676.0,675.5499877929688,675.5499877929688,870
2025-04-08 09:59:00+05:30,675.4000244140625,675.7000122070312,675.2999877929688,675.5499877929688,2483
2025-04-08 10:00:00+05:30,675.8499755859375,676.1500244140625,675.75,675.7999877929688,1983
2025-04-08 10:01:00+05:30,676.7000122070312,676.7000122070312,675.8499755859375,675.8499755859375,1372
2025-04-08 10:02:00+05:30,678.0,678.0,676.7999877929688,676.9500122070312,5019
2025-04-08 10:03:00+05:30,677.5499877929688,677.5999755859375,676.5,677.5999755859375,6248
2025-04-08 10:04:00+05:30,677.0,677.5999755859375,676.8499755859375,677.5999755859375,1132
2025-04-08 10:05:00+05:30,676.7000122070312,677.3499755859375,676.4000244140625,677.1500244140625,4196
2025-04-08 10:06:00+05:30,676.3499755859375,676.9500122070312,676.3499755859375,676.7999877929688,3489
2025-04-08 10:07:00+05:30,676.5499877929688,676.75,676.0,676.3499755859375,1876
2025-04-08 10:08:00+05:30,676.7999877929688,676.8499755859375,676.5499877929688,676.5499877929688,970
2025-04-08 10:09:00+05:30,676.4500122070312,676.4500122070312,676.0,676.0,2354
2025-04-08 10:10:00+05:30,676.6500244140625,676.8499755859375,676.4500122070312,676.4500122070312,1237
2025-04-08 10:11:00+05:30,677.25,677.25,676.7999877929688,677.0,7440
2025-04-08 10:12:00+05:30,677.2000122070312,677.75,677.2000122070312,677.4500122070312,3721
2025-04-08 10:13:00+05:30,677.0999755859375,677.9000244140625,677.0999755859375,677.6500244140625,658
2025-04-08 10:14:00+05:30,677.1500244140625,677.2999877929688,676.8499755859375,676.8499755859375,1362
2025-04-08 10:15:00+05:30,676.5499877929688,677.0,676.5499877929688,676.7000122070312,437
2025-04-08 10:16:00+05:30,676.75,676.75,676.5499877929688,676.75,243
2025-04-08 10:17:00+05:30,676.5999755859375,676.7999877929688,676.25,676.75,2080
2025-04-08 10:18:00+05:30,676.0999755859375,677.5,675.0999755859375,676.7999877929688,8947
2025-04-08 10:19:00+05:30,676.25,676.4000244140625,676.0499877929688,676.2999877929688,837
2025-04-08 10:20:00+05:30,676.7999877929688,676.7999877929688,676.0999755859375,676.0999755859375,1761
2025-04-08 10:21:00+05:30,676.25,676.8499755859375,676.25,676.6500244140625,3741
2025-04-08 10:22:00+05:30,677.3499755859375,678.0,676.3499755859375,676.4000244140625,20806
2025-04-08 10:23:00+05:30,675.75,677.25,675.5,677.25,3432
2025-04-08 10:24:00+05:30,675.75,675.75,675.5,675.5,50
2025-04-08 10:25:00+05:30,675.0,676.0,675.0,676.0,2452
2025-04-08 10:26:00+05:30,675.25,675.5,675.2000122070312,675.2999877929688,1314
2025-04-08 10:27:00+05:30,675.25,675.5,675.25,675.5,832
2025-04-08 10:28:00+05:30,675.2999877929688,675.2999877929688,675.0,675.0,1552
2025-04-08 10:29:00+05:30,675.3499755859375,675.5,675.25,675.5,149
2025-04-08 10:30:00+05:30,675.2000122070312,675.2999877929688,674.9500122070312,675.2999877929688,1680
2025-04-08 10:31:00+05:30,675.0,675.2999877929688,674.9000244140625,675.2000122070312,2656
2025-04-08 10:32:00+05:30,675.0,675.0999755859375,674.9000244140625,675.0,1568
2025-04-08 10:33:00+05:30,675.3499755859375,675.6500244140625,674.9500122070312,674.9500122070312,4726
2025-04-08 10:34:00+05:30,674.8499755859375,675.5499877929688,674.7999877929688,675.5499877929688,1793
2025-04-08 10:35:00+05:30,674.6500244140625,675.0,674.6500244140625,674.8499755859375,12501
2025-04-08 10:36:00+05:30,675.3499755859375,675.3499755859375,674.5,674.9500122070312,48039
2025-04-08 10:37:00+05:30,675.1500244140625,675.9500122070312,675.1500244140625,675.7999877929688,3005
2025-04-08 10:38:00+05:30,675.0,675.2999877929688,674.9500122070312,675.1500244140625,2873
2025-04-08 10:39:00+05:30,675.0999755859375,675.2999877929688,674.9500122070312,675.1500244140625,4256
2025-04-08 10:40:00+05:30,674.4500122070312,674.9000244140625,673.5,674.9000244140625,14502
2025-04-08 10:41:00+05:30,674.9000244140625,675.2999877929688,674.5999755859375,674.9500122070312,12047
2025-04-08 10:42:00+05:30,674.9000244140625,675.0,674.6500244140625,675.0,984
2025-04-08 10:43:00+05:30,674.75,674.9000244140625,674.4500122070312,674.8499755859375,1494
2025-04-08 10:44:00+05:30,674.3499755859375,674.9000244140625,674.3499755859375,674.5999755859375,1845
2025-04-08 10:45:00+05:30,674.75,675.0,674.4000244140625,674.4000244140625,711
2025-04-08 10:46:00+05:30,673.9000244140625,673.9500122070312,673.5499877929688,673.9000244140625,22074
2025-04-08 10:47:00+05:30,673.5999755859375,673.9000244140625,673.5999755859375,673.9000244140625,2417
2025-04-08 10:48:00+05:30,673.2999877929688,673.9000244140625,673.2999877929688,673.7000122070312,4399
2025-04-08 10:49:00+05:30,672.0,673.0999755859375,671.9500122070312,672.7000122070312,13518
2025-04-08 10:50:00+05:30,672.0999755859375,672.4000244140625,671.6500244140625,671.7000122070312,4503
2025-04-08 10:51:00+05:30,672.9000244140625,672.9000244140625,672.0499877929688,672.1500244140625,22058
2025-04-08 10:52:00+05:30,672.6500244140625,672.9000244140625,672.2999877929688,672.4000244140625,7561
2025-04-08 10:53:00+05:30,672.0499877929688,672.0499877929688,671.75,671.8499755859375,1968
2025-04-08 10:54:00+05:30,673.3499755859375,673.3499755859375,672.4500122070312,672.4500122070312,2850
2025-04-08 10:55:00+05:30,673.7999877929688,674.7000122070312,673.7999877929688,674.0999755859375,5090
2025-04-08 10:56:00+05:30,672.9000244140625,673.7999877929688,672.4500122070312,673.7999877929688,2852
2025-04-08 10:57:00+05:30,672.3499755859375,673.0,672.3499755859375,672.9000244140625,1482
2025-04-08 10:58:00+05:30,672.8499755859375,672.9500122070312,672.4500122070312,672.5999755859375,2272
2025-04-08 10:59:00+05:30,673.2999877929688,673.5999755859375,672.9500122070312,673.0499877929688,2180
2025-04-08 11:00:00+05:30,673.3499755859375,673.5999755859375,672.75,673.4500122070312,3223
2025-04-08 11:01:00+05:30,673.7999877929688,673.7999877929688,673.25,673.25,2169
2025-04-08 11:02:00+05:30,673.75,673.7999877929688,673.5499877929688,673.5499877929688,3919
2025-04-08 11:03:00+05:30,673.4000244140625,674.0,673.1500244140625,674.0,7601
2025-04-08 11:04:00+05:30,672.6500244140625,673.4500122070312,672.6500244140625,673.4500122070312,2372
2025-04-08 11:05:00+05:30,672.7000122070312,672.7000122070312,672.2000122070312,672.25,3477
2025-04-08 11:06:00+05:30,672.2999877929688,672.9000244140625,671.9500122070312,672.6500244140625,2437
2025-04-08 11:07:00+05:30,672.5999755859375,672.9500122070312,672.5999755859375,672.9500122070312,1114
2025-04-08 11:08:00+05:30,673.4000244140625,673.4000244140625,672.5999755859375,672.5999755859375,1715
2025-04-08 11:09:00+05:30,674.0499877929688,674.4000244140625,673.7000122070312,673.75,29691
2025-04-08 11:10:00+05:30,673.7000122070312,674.0499877929688,673.2999877929688,674.0499877929688,2610
2025-04-08 11:11:00+05:30,673.4000244140625,673.5,673.0499877929688,673.4000244140625,1216
2025-04-08 11:12:00+05:30,673.25,673.7000122070312,673.0499877929688,673.5999755859375,629
2025-04-08 11:13:00+05:30,673.4000244140625,673.4500122070312,672.9500122070312,673.2000122070312,2485
2025-04-08 11:14:00+05:30,674.3499755859375,674.8499755859375,673.5999755859375,673.5999755859375,3125
2025-04-08 11:15:00+05:30,674.0,674.3499755859375,674.0,674.3499755859375,1432
2025-04-08 11:16:00+05:30,673.9500122070312,675.0,673.3499755859375,673.5499877929688,28547
2025-04-08 11:17:00+05:30,673.25,674.0,672.9000244140625,673.8499755859375,4047
2025-04-08 11:18:00+05:30,672.5999755859375,673.25,672.4500122070312,673.1500244140625,1282
2025-04-08 11:19:00+05:30,672.2999877929688,672.8499755859375,672.1500244140625,672.8499755859375,3316
2025-04-08 11:20:00+05:30,671.9000244140625,672.0499877929688,671.3499755859375,671.8499755859375,4401
2025-04-08 11:21:00+05:30,672.25,672.25,671.9000244140625,672.0,1987
2025-04-08 11:22:00+05:30,671.75,671.8499755859375,671.7000122070312,671.7999877929688,2155
2025-04-08 11:23:00+05:30,672.4500122070312,672.4500122070312,671.5999755859375,671.5999755859375,1532
2025-04-08 11:24:00+05:30,672.4500122070312,672.4500122070312,672.25,672.4500122070312,1691
2025-04-08 11:25:00+05:30,672.4500122070312,672.6500244140625,672.4500122070312,672.4500122070312,5225
2025-04-08 11:26:00+05:30,673.0999755859375,673.25,672.4500122070312,672.4500122070312,2825
2025-04-08 11:27:00+05:30,673.2000122070312,673.2999877929688,673.0499877929688,673.0499877929688,10389
2025-04-08 11:28:00+05:30,672.9000244140625,673.25,672.2999877929688,673.2000122070312,43222
2025-04-08 11:29:00+05:30,673.8499755859375,673.8499755859375,672.7000122070312,672.8499755859375,2089
2025-04-08 11:30:00+05:30,673.5499877929688,674.0,673.2000122070312,673.9500122070312,6662
2025-04-08 11:31:00+05:30,673.3499755859375,674.0,673.2000122070312,673.2000122070312,1045
2025-04-08 11:32:00+05:30,673.0,673.7000122070312,673.0,673.7000122070312,1416
2025-04-08 11:33:00+05:30,673.7999877929688,673.9000244140625,673.0,673.0,4241
2025-04-08 11:34:00+05:30,673.9500122070312,674.1500244140625,673.9000244140625,673.9000244140625,925
2025-04-08 11:35:00+05:30,674.9500122070312,675.0,673.9500122070312,674.0,2097
2025-04-08 11:36:00+05:30,675.0,675.3499755859375,674.7000122070312,674.7000122070312,8294
2025-04-08 11:37:00+05:30,675.75,675.75,674.7999877929688,674.7999877929688,1854
2025-04-08 11:38:00+05:30,676.0999755859375,676.0999755859375,675.3499755859375,675.4500122070312,6484
2025-04-08 11:39:00+05:30,675.3499755859375,675.8499755859375,675.0,675.5499877929688,6201
2025-04-08 11:40:00+05:30,675.0499877929688,675.25,675.0,675.25,2338
2025-04-08 11:41:00+05:30,675.0,675.4000244140625,675.0,675.0499877929688,1475
2025-04-08 11:42:00+05:30,675.0,675.0499877929688,674.9000244140625,674.9000244140625,15520
2025-04-08 11:43:00+05:30,674.75,675.0999755859375,674.6500244140625,675.0499877929688,5999
2025-04-08 11:44:00+05:30,674.9500122070312,675.0,674.7000122070312,674.7000122070312,606
2025-04-08 11:45:00+05:30,674.9500122070312,674.9500122070312,674.7999877929688,674.8499755859375,435
2025-04-08 11:46:00+05:30,674.9500122070312,675.0499877929688,674.9500122070312,675.0499877929688,2906
2025-04-08 11:47:00+05:30,675.0499877929688,675.4500122070312,674.9500122070312,674.9500122070312,6019
2025-04-08 11:48:00+05:30,674.9500122070312,675.0,674.9000244140625,675.0,3197
2025-04-08 11:49:00+05:30,675.2000122070312,675.2000122070312,674.9500122070312,674.9500122070312,3358
2025-04-08 11:50:00+05:30,674.9500122070312,675.0,674.9000244140625,675.0,1403
2025-04-08 12:06:00+05:30,674.9500122070312,675.0,674.9500122070312,675.0,48946
2025-04-08 12:07:00+05:30,674.9500122070312,675.0,674.9500122070312,675.0,342
2025-04-08 12:08:00+05:30,675.4000244140625,675.4500122070312,675.0,675.0499877929688,15123
2025-04-08 12:09:00+05:30,675.4000244140625,675.4000244140625,675.0499877929688,675.4000244140625,4046
2025-04-08 12:10:00+05:30,676.1500244140625,676.2999877929688,675.7999877929688,675.9500122070312,7839
2025-04-08 12:11:00+05:30,676.0,676.0499877929688,675.8499755859375,676.0,3845
2025-04-08 12:12:00+05:30,676.2000122070312,676.4000244140625,676.0,676.0499877929688,13541
2025-04-08 12:13:00+05:30,676.5999755859375,676.6500244140625,676.0,676.25,1008
2025-04-08 12:14:00+05:30,676.5999755859375,676.7999877929688,676.5,676.5999755859375,738
2025-04-08 12:15:00+05:30,676.4000244140625,676.9000244140625,676.3499755859375,676.8499755859375,3770
2025-04-08 12:16:00+05:30,676.0999755859375,676.4000244140625,675.8499755859375,676.4000244140625,4599
2025-04-08 12:17:00+05:30,676.4000244140625,676.5999755859375,676.0,676.0,4569
2025-04-08 12:18:00+05:30,676.5499877929688,676.6500244140625,676.1500244140625,676.4000244140625,1936
2025-04-08 12:19:00+05:30,676.1500244140625,676.2999877929688,676.0,676.25,877
2025-04-08 12:20:00+05:30,676.0999755859375,676.25,676.0499877929688,676.0499877929688,403
2025-04-08 12:21:00+05:30,676.0,676.0999755859375,675.9000244140625,676.0999755859375,13723
2025-04-08 12:22:00+05:30,675.5499877929688,676.0,675.0499877929688,676.0,5146
2025-04-08 12:23:00+05:30,675.75,675.7999877929688,675.5,675.5499877929688,223
2025-04-08 12:24:00+05:30,675.75,675.7999877929688,675.5999755859375,675.5999755859375,531
2025-04-08 12:25:00+05:30,675.6500244140625,675.75,675.2999877929688,675.75,573
2025-04-08 12:26:00+05:30,675.0,675.6500244140625,674.9000244140625,675.6500244140625,2835
2025-04-08 12:27:00+05:30,675.75,676.4500122070312,675.0,675.0,27149
2025-04-08 12:28:00+05:30,675.25,675.6500244140625,675.0499877929688,675.5999755859375,6487
2025-04-08 12:29:00+05:30,675.5999755859375,675.5999755859375,675.0499877929688,675.1500244140625,1686
2025-04-08 12:30:00+05:30,675.4500122070312,675.5999755859375,675.0499877929688,675.5,1900
2025-04-08 12:31:00+05:30,675.7999877929688,675.8499755859375,675.25,675.25,1444
2025-04-08 12:32:00+05:30,675.75,675.7999877929688,675.2999877929688,675.7999877929688,2669
2025-04-08 12:33:00+05:30,676.0,676.0499877929688,675.5499877929688,675.8499755859375,10087
2025-04-08 12:34:00+05:30,675.0999755859375,676.0,675.0999755859375,675.8499755859375,1260
2025-04-08 12:35:00+05:30,675.0999755859375,675.2999877929688,675.0999755859375,675.2999877929688,3101
2025-04-08 12:36:00+05:30,675.5,675.6500244140625,675.1500244140625,675.1500244140625,2541
2025-04-08 12:37:00+05:30,675.5999755859375,675.9500122070312,675.5999755859375,675.6500244140625,5910
2025-04-08 12:38:00+05:30,675.2000122070312,675.7999877929688,675.0,675.75,5606
2025-04-08 12:39:00+05:30,675.3499755859375,675.4000244140625,675.2000122070312,675.4000244140625,1151
2025-04-08 12:40:00+05:30,675.0,675.2999877929688,675.0,675.2999877929688,6866
2025-04-08 12:41:00+05:30,675.6500244140625,675.8499755859375,674.8499755859375,675.2000122070312,11694
2025-04-08 12:42:00+05:30,677.6500244140625,677.9000244140625,675.5999755859375,675.5999755859375,5313
2025-04-08 12:43:00+05:30,677.7999877929688,678.4500122070312,677.5499877929688,677.5499877929688,9578
2025-04-08 12:44:00+05:30,677.4000244140625,677.7999877929688,677.1500244140625,677.7000122070312,355
2025-04-08 12:45:00+05:30,677.3499755859375,677.9000244140625,677.2000122070312,677.4000244140625,2298
2025-04-08 12:46:00+05:30,676.7000122070312,677.4000244140625,676.6500244140625,677.3499755859375,3207
2025-04-08 12:47:00+05:30,676.7000122070312,676.9500122070312,676.5,676.9500122070312,833
2025-04-08 12:48:00+05:30,676.7999877929688,676.9000244140625,676.7000122070312,676.7000122070312,372
2025-04-08 12:49:00+05:30,676.8499755859375,676.9000244140625,676.7000122070312,676.7999877929688,636
2025-04-08 12:50:00+05:30,677.0,677.0,676.4000244140625,676.7000122070312,7993
2025-04-08 12:51:00+05:30,676.6500244140625,677.0,676.6500244140625,677.0,2386
2025-04-08 12:52:00+05:30,677.1500244140625,677.1500244140625,676.5499877929688,676.5499877929688,3152
2025-04-08 12:53:00+05:30,677.1500244140625,677.1500244140625,676.75,677.0,7285
2025-04-08 12:54:00+05:30,677.0999755859375,677.4000244140625,677.0999755859375,677.1500244140625,1417
2025-04-08 12:55:00+05:30,677.25,677.2999877929688,677.1500244140625,677.2999877929688,1833
2025-04-08 12:56:00+05:30,677.4500122070312,677.75,677.1500244140625,677.2000122070312,3585
2025-04-08 12:57:00+05:30,677.7000122070312,678.3499755859375,677.7000122070312,677.7000122070312,12130
2025-04-08 12:58:00+05:30,677.5999755859375,677.9500122070312,677.1500244140625,677.3499755859375,8899
2025-04-08 12:59:00+05:30,677.75,677.8499755859375,677.5999755859375,677.75,1205
2025-04-08 13:00:00+05:30,677.0499877929688,677.5999755859375,677.0499877929688,677.5999755859375,2088
2025-04-08 13:01:00+05:30,676.7999877929688,677.0499877929688,676.7000122070312,677.0499877929688,2280
2025-04-08 13:02:00+05:30,677.7999877929688,677.7999877929688,676.7000122070312,676.7000122070312,1003
2025-04-08 13:03:00+05:30,677.9500122070312,677.9500122070312,677.5999755859375,677.5999755859375,782
2025-04-08 13:04:00+05:30,678.0999755859375,678.4500122070312,677.9500122070312,677.9500122070312,2223
2025-04-08 13:05:00+05:30,678.2000122070312,678.4500122070312,677.9500122070312,678.4500122070312,1549
2025-04-08 13:06:00+05:30,677.75,678.0999755859375,677.5,678.0999755859375,1387
2025-04-08 13:07:00+05:30,677.5999755859375,677.7000122070312,677.4000244140625,677.5499877929688,2704
2025-04-08 13:08:00+05:30,677.5999755859375,678.0499877929688,677.5999755859375,677.5999755859375,1349
2025-04-08 13:09:00+05:30,677.5,677.5999755859375,677.0499877929688,677.5499877929688,3705
2025-04-08 13:10:00+05:30,677.1500244140625,677.8499755859375,677.1500244140625,677.2999877929688,5379
2025-04-08 13:11:00+05:30,677.25,677.5,677.2000122070312,677.5,567
2025-04-08 13:12:00+05:30,677.5,677.5,677.2000122070312,677.25,1370
2025-04-08 13:13:00+05:30,677.5499877929688,677.75,677.5499877929688,677.6500244140625,634
2025-04-08 13:14:00+05:30,677.9500122070312,677.9500122070312,677.4500122070312,677.5499877929688,818
2025-04-08 13:15:00+05:30,677.8499755859375,678.0,677.7999877929688,677.9500122070312,1063
2025-04-08 13:16:00+05:30,678.9500122070312,679.0,677.7999877929688,677.7999877929688,7540
2025-04-08 13:17:00+05:30,680.2000122070312,680.75,679.9000244140625,679.9500122070312,233166
2025-04-08 13:18:00+05:30,682.25,682.2999877929688,680.4500122070312,680.5,14010
2025-04-08 13:19:00+05:30,682.9000244140625,682.9000244140625,681.6500244140625,682.25,10724
2025-04-08 13:20:00+05:30,682.4000244140625,682.8499755859375,682.0,682.4500122070312,12497
2025-04-08 13:21:00+05:30,682.6500244140625,682.6500244140625,681.0999755859375,682.5,5109
2025-04-08 13:22:00+05:30,682.9000244140625,682.9000244140625,682.2000122070312,682.6500244140625,1447
2025-04-08 13:23:00+05:30,682.7000122070312,682.9500122070312,682.3499755859375,682.5999755859375,3242
2025-04-08 13:24:00+05:30,683.7999877929688,683.9000244140625,682.9000244140625,683.2000122070312,7225
2025-04-08 13:25:00+05:30,683.5,683.9500122070312,683.2999877929688,683.4000244140625,6481
2025-04-08 13:26:00+05:30,683.4000244140625,684.0,683.4000244140625,683.5,5862
2025-04-08 13:27:00+05:30,684.0,684.0,682.5999755859375,683.0499877929688,10206
2025-04-08 13:28:00+05:30,683.4000244140625,683.9500122070312,683.1500244140625,683.5499877929688,958
2025-04-08 13:29:00+05:30,684.2000122070312,684.2000122070312,683.2000122070312,683.4000244140625,30011
2025-04-08 13:30:00+05:30,684.4500122070312,684.4500122070312,683.6500244140625,684.0,11534
2025-04-08 13:31:00+05:30,683.9500122070312,684.5,683.9500122070312,684.5,2820
2025-04-08 13:32:00+05:30,684.5,684.5,683.6500244140625,683.6500244140625,23357
2025-04-08 13:33:00+05:30,684.4000244140625,684.6500244140625,683.0,684.5999755859375,35184
2025-04-08 13:34:00+05:30,684.8499755859375,685.0,684.5,684.5499877929688,7011
2025-04-08 13:35:00+05:30,685.0,685.0,684.5999755859375,684.7999877929688,1137
2025-04-08 13:36:00+05:30,685.2000122070312,685.2000122070312,684.9500122070312,685.0,4515
2025-04-08 13:37:00+05:30,684.5,685.2999877929688,684.2999877929688,685.2999877929688,5356
2025-04-08 13:38:00+05:30,683.5999755859375,684.75,683.5999755859375,684.75,11686
2025-04-08 13:39:00+05:30,684.9500122070312,685.0,683.5999755859375,683.9000244140625,10803
2025-04-08 13:40:00+05:30,684.8499755859375,684.9000244140625,683.9500122070312,684.9000244140625,7055
2025-04-08 13:41:00+05:30,685.4500122070312,685.4500122070312,684.8499755859375,684.9000244140625,3941
2025-04-08 13:42:00+05:30,685.1500244140625,685.4000244140625,685.1500244140625,685.4000244140625,1927
2025-04-08 13:43:00+05:30,683.6500244140625,685.2000122070312,683.5,685.2000122070312,2970
2025-04-08 13:44:00+05:30,684.25,684.7000122070312,683.4000244140625,683.4500122070312,4252
2025-04-08 13:45:00+05:30,684.4000244140625,684.9000244140625,684.2999877929688,684.4500122070312,3560
2025-04-08 13:46:00+05:30,684.7999877929688,684.9500122070312,684.0999755859375,684.3499755859375,1914
2025-04-08 13:47:00+05:30,685.5,685.5499877929688,685.0,685.0,8159
2025-04-08 13:48:00+05:30,686.2999877929688,686.5499877929688,685.5499877929688,685.75,7352
2025-04-08 13:49:00+05:30,686.7999877929688,686.8499755859375,686.2999877929688,686.2999877929688,3597
2025-04-08 13:50:00+05:30,686.7999877929688,686.9000244140625,686.5,686.9000244140625,16406
2025-04-08 13:51:00+05:30,686.6500244140625,686.9000244140625,686.6500244140625,686.8499755859375,4924
2025-04-08 13:52:00+05:30,686.0,686.7999877929688,686.0,686.5999755859375,38361
2025-04-08 13:53:00+05:30,687.6500244140625,687.6500244140625,686.0499877929688,686.75,14614
2025-04-08 13:54:00+05:30,687.5,687.7999877929688,687.1500244140625,687.6500244140625,8033
2025-04-08 13:55:00+05:30,686.7999877929688,687.5,686.4500122070312,687.5,5102
2025-04-08 13:56:00+05:30,685.4000244140625,686.7999877929688,685.4000244140625,686.7999877929688,5070
2025-04-08 13:57:00+05:30,685.7999877929688,686.0,685.7000122070312,685.9000244140625,3187
2025-04-08 13:58:00+05:30,686.7000122070312,686.8499755859375,685.7000122070312,685.7000122070312,5293
2025-04-08 13:59:00+05:30,688.1500244140625,688.1500244140625,686.7000122070312,686.7000122070312,9452
2025-04-08 14:00:00+05:30,688.0499877929688,688.25,688.0,688.25,4178
2025-04-08 14:01:00+05:30,687.6500244140625,688.2000122070312,687.6500244140625,688.0,4319
2025-04-08 14:02:00+05:30,688.0,688.0999755859375,687.5,687.5,3421
2025-04-08 14:03:00+05:30,687.9500122070312,688.0499877929688,687.7000122070312,688.0,4425
2025-04-08 14:04:00+05:30,687.7000122070312,687.9000244140625,687.7000122070312,687.9000244140625,1056
2025-04-08 14:05:00+05:30,687.0499877929688,687.7999877929688,687.0499877929688,687.75,3909
2025-04-08 14:06:00+05:30,686.4000244140625,687.0499877929688,686.4000244140625,687.0499877929688,1540
2025-04-08 14:07:00+05:30,686.4000244140625,686.5,686.4000244140625,686.5,1120
2025-04-08 14:08:00+05:30,686.5,686.5,686.4000244140625,686.5,1910
2025-04-08 14:09:00+05:30,687.3499755859375,687.3499755859375,686.7999877929688,686.7999877929688,3130
2025-04-08 14:10:00+05:30,687.7000122070312,687.9000244140625,687.25,687.25,940
2025-04-08 14:11:00+05:30,687.4500122070312,687.7000122070312,687.2999877929688,687.7000122070312,2507
2025-04-08 14:12:00+05:30,687.4500122070312,687.4500122070312,687.4000244140625,687.4500122070312,1288
2025-04-08 14:13:00+05:30,688.0499877929688,688.0499877929688,687.3499755859375,687.4000244140625,5733
2025-04-08 14:14:00+05:30,688.9500122070312,688.9500122070312,688.2999877929688,688.2999877929688,7131
2025-04-08 14:15:00+05:30,688.3499755859375,688.9000244140625,688.3499755859375,688.9000244140625,4092
2025-04-08 14:16:00+05:30,687.9000244140625,687.9000244140625,686.9500122070312,687.5999755859375,13695
2025-04-08 14:17:00+05:30,687.9000244140625,688.0499877929688,687.7000122070312,687.9500122070312,2570
2025-04-08 14:18:00+05:30,688.0,688.0,687.7999877929688,687.9000244140625,256
2025-04-08 14:19:00+05:30,688.0499877929688,688.3499755859375,687.8499755859375,687.8499755859375,1255
2025-04-08 14:20:00+05:30,688.1500244140625,688.3499755859375,688.0,688.25,3374
2025-04-08 14:21:00+05:30,688.4000244140625,688.5,688.1500244140625,688.4500122070312,1117
2025-04-08 14:22:00+05:30,688.3499755859375,688.5,688.1500244140625,688.4000244140625,1068
2025-04-08 14:23:00+05:30,688.2999877929688,688.5,688.2999877929688,688.5,3388
2025-04-08 14:24:00+05:30,688.2999877929688,688.3499755859375,688.1500244140625,688.3499755859375,139
2025-04-08 14:25:00+05:30,688.25,688.5,688.0,688.1500244140625,9276
2025-04-08 14:26:00+05:30,687.8499755859375,688.25,687.8499755859375,688.25,1118
2025-04-08 14:27:00+05:30,688.3499755859375,688.5999755859375,687.9500122070312,687.9500122070312,1038
2025-04-08 14:28:00+05:30,689.0,689.1500244140625,688.3499755859375,688.3499755859375,2190
2025-04-08 14:29:00+05:30,689.1500244140625,689.1500244140625,689.0499877929688,689.1500244140625,1495
2025-04-08 14:30:00+05:30,689.0499877929688,689.4000244140625,689.0,689.4000244140625,2582
2025-04-08 14:31:00+05:30,688.6500244140625,689.0499877929688,688.4500122070312,689.0499877929688,2548
2025-04-08 14:32:00+05:30,688.1500244140625,688.9500122070312,688.1500244140625,688.9500122070312,1920
2025-04-08 14:33:00+05:30,688.2000122070312,688.6500244140625,688.0999755859375,688.4500122070312,5083
2025-04-08 14:34:00+05:30,688.6500244140625,688.6500244140625,687.9500122070312,688.0999755859375,1441
2025-04-08 14:35:00+05:30,688.7999877929688,688.7999877929688,688.5,688.5,5054
2025-04-08 14:36:00+05:30,689.0499877929688,689.0499877929688,688.7999877929688,689.0,1262
2025-04-08 14:37:00+05:30,689.0499877929688,689.0499877929688,688.7000122070312,688.8499755859375,1663
2025-04-08 14:38:00+05:30,689.1500244140625,689.4000244140625,689.0999755859375,689.1500244140625,2811
2025-04-08 14:39:00+05:30,689.25,689.5999755859375,689.2000122070312,689.2000122070312,2612
2025-04-08 14:40:00+05:30,689.6500244140625,689.7000122070312,689.25,689.25,1814
2025-04-08 14:41:00+05:30,688.7999877929688,689.7000122070312,688.7999877929688,689.7000122070312,3405
2025-04-08 14:42:00+05:30,688.9000244140625,688.9500122070312,687.4500122070312,688.5499877929688,10364
2025-04-08 14:43:00+05:30,688.7000122070312,688.9500122070312,688.6500244140625,688.6500244140625,2120
2025-04-08 14:44:00+05:30,688.5499877929688,688.75,688.2999877929688,688.75,2679
2025-04-08 14:45:00+05:30,689.4000244140625,689.4000244140625,688.9000244140625,688.9500122070312,5736
2025-04-08 14:46:00+05:30,689.5,689.5,689.2000122070312,689.4000244140625,2628
2025-04-08 14:47:00+05:30,689.3499755859375,689.5,689.0,689.5,3909
2025-04-08 14:48:00+05:30,689.25,689.2999877929688,689.0999755859375,689.2999877929688,3209
2025-04-08 14:49:00+05:30,688.8499755859375,689.0,688.4500122070312,689.0,6226
2025-04-08 14:50:00+05:30,688.0999755859375,688.8499755859375,688.0999755859375,688.8499755859375,2899
2025-04-08 14:51:00+05:30,688.5,688.9500122070312,688.0999755859375,688.0999755859375,7493
2025-04-08 14:52:00+05:30,688.7999877929688,688.7999877929688,688.4000244140625,688.4000244140625,1599
2025-04-08 14:53:00+05:30,688.9000244140625,688.9500122070312,688.6500244140625,688.9500122070312,4396
2025-04-08 14:54:00+05:30,689.2999877929688,689.3499755859375,688.7000122070312,688.7000122070312,1895
2025-04-08 14:55:00+05:30,688.5,689.3499755859375,688.5,689.2999877929688,3347
2025-04-08 14:56:00+05:30,688.8499755859375,688.8499755859375,688.5,688.6500244140625,5290
2025-04-08 14:57:00+05:30,688.9500122070312,689.1500244140625,688.5999755859375,688.8499755859375,3836
2025-04-08 14:58:00+05:30,689.2999877929688,689.2999877929688,688.75,688.75,4897
2025-04-08 14:59:00+05:30,689.0999755859375,689.2999877929688,689.0,689.0,4745
2025-04-08 15:00:00+05:30,687.4000244140625,689.1500244140625,687.4000244140625,689.1500244140625,17700
2025-04-08 15:01:00+05:30,686.9000244140625,687.1500244140625,686.3499755859375,687.1500244140625,16604
2025-04-08 15:02:00+05:30,687.0,687.2999877929688,687.0,687.1500244140625,12682
2025-04-08 15:03:00+05:30,687.0499877929688,687.0499877929688,687.0,687.0,15192
2025-04-08 15:04:00+05:30,687.2999877929688,687.4000244140625,687.1500244140625,687.1500244140625,23409
2025-04-08 15:05:00+05:30,686.5,687.2999877929688,686.3499755859375,687.2999877929688,14647
2025-04-08 15:06:00+05:30,686.25,686.4500122070312,686.0999755859375,686.4000244140625,11692
2025-04-08 15:07:00+05:30,686.1500244140625,686.1500244140625,685.75,686.0499877929688,23607
2025-04-08 15:08:00+05:30,686.5,687.0999755859375,686.4500122070312,686.4500122070312,32916
2025-04-08 15:09:00+05:30,685.7000122070312,686.5,684.7999877929688,686.5,32380
2025-04-08 15:10:00+05:30,685.7000122070312,685.7999877929688,685.2999877929688,685.7000122070312,25236
2025-04-08 15:11:00+05:30,685.4500122070312,685.7000122070312,685.25,685.6500244140625,23770
2025-04-08 15:12:00+05:30,685.6500244140625,685.6500244140625,685.4000244140625,685.4500122070312,28028
2025-04-08 15:13:00+05:30,685.8499755859375,686.2000122070312,685.5999755859375,685.6500244140625,28125
2025-04-08 15:14:00+05:30,685.4000244140625,685.9500122070312,685.4000244140625,685.8499755859375,19400
2025-04-08 15:15:00+05:30,685.9500122070312,685.9500122070312,685.3499755859375,685.4000244140625,35327
2025-04-08 15:16:00+05:30,685.9000244140625,685.9500122070312,685.7000122070312,685.9500122070312,26754
2025-04-08 15:17:00+05:30,685.9500122070312,686.7000122070312,685.75,685.9000244140625,29349
2025-04-08 15:18:00+05:30,685.5,686.0,685.2999877929688,685.9500122070312,19383
2025-04-08 15:19:00+05:30,685.4000244140625,685.7000122070312,685.4000244140625,685.5,23060
2025-04-08 15:20:00+05:30,685.1500244140625,685.4000244140625,685.0,685.4000244140625,29159
2025-04-08 15:21:00+05:30,685.3499755859375,685.4500122070312,685.1500244140625,685.1500244140625,18382
2025-04-08 15:22:00+05:30,685.7000122070312,686.1500244140625,685.6500244140625,685.7000122070312,36513
2025-04-08 15:23:00+05:30,685.25,685.7000122070312,685.0499877929688,685.7000122070312,33263
2025-04-08 15:24:00+05:30,685.3499755859375,685.3499755859375,685.0,685.25,25467
2025-04-08 15:25:00+05:30,684.9500122070312,685.5999755859375,684.5999755859375,685.2999877929688,23955
2025-04-08 15:26:00+05:30,684.8499755859375,684.9500122070312,684.7999877929688,684.9500122070312,7270
2025-04-08 15:27:00+05:30,684.5499877929688,684.8499755859375,684.2999877929688,684.8499755859375,10828
2025-04-08 15:28:00+05:30,684.4000244140625,684.7999877929688,683.8499755859375,684.6500244140625,10297
2025-04-08 15:29:00+05:30,685.75,685.75,684.4500122070312,684.75,39782
2025-04-09 09:15:00+05:30,686.6500244140625,686.9000244140625,685.4000244140625,685.4000244140625,0
2025-04-09 09:16:00+05:30,683.1500244140625,687.1500244140625,683.1500244140625,687.1500244140625,20934
2025-04-09 09:17:00+05:30,684.4500122070312,685.3499755859375,683.0,683.0,12625
2025-04-09 09:18:00+05:30,683.5,684.4500122070312,682.6500244140625,684.4500122070312,11141
2025-04-09 09:19:00+05:30,683.2000122070312,684.25,682.9000244140625,683.0999755859375,8743
2025-04-09 09:20:00+05:30,685.0,685.0,683.1500244140625,683.4000244140625,9543
2025-04-09 09:21:00+05:30,683.7999877929688,685.6500244140625,683.5999755859375,684.9000244140625,5817
2025-04-09 09:22:00+05:30,683.3499755859375,684.0,682.5999755859375,683.9500122070312,6848
2025-04-09 09:23:00+05:30,684.5,684.5,683.5499877929688,683.5499877929688,1392
2025-04-09 09:24:00+05:30,685.0,685.0499877929688,684.2999877929688,684.4500122070312,3638
2025-04-09 09:25:00+05:30,683.7999877929688,685.0499877929688,683.7999877929688,685.0,3863
2025-04-09 09:26:00+05:30,682.75,683.75,682.7000122070312,683.75,11436
2025-04-09 09:27:00+05:30,681.4000244140625,682.7999877929688,681.2000122070312,682.7999877929688,13158
2025-04-09 09:28:00+05:30,681.4500122070312,681.6500244140625,681.0,681.5,12210
2025-04-09 09:29:00+05:30,681.5,681.8499755859375,681.1500244140625,681.3499755859375,9072
2025-04-09 09:30:00+05:30,680.6500244140625,681.4500122070312,680.0499877929688,681.4000244140625,7270
2025-04-09 09:31:00+05:30,680.75,681.1500244140625,680.2000122070312,680.2000122070312,4704
2025-04-09 09:32:00+05:30,680.6500244140625,681.5,680.5999755859375,681.0499877929688,6717
2025-04-09 09:33:00+05:30,679.5999755859375,680.5,679.2000122070312,680.5,5599
2025-04-09 09:34:00+05:30,680.3499755859375,681.0,679.5,680.0,41296
2025-04-09 09:35:00+05:30,683.7000122070312,683.7999877929688,680.5999755859375,681.0499877929688,47924
2025-04-09 09:36:00+05:30,680.9000244140625,683.7999877929688,680.5,683.7999877929688,15238
2025-04-09 09:37:00+05:30,680.2999877929688,681.0999755859375,680.0999755859375,680.9000244140625,2430
2025-04-09 09:38:00+05:30,681.3499755859375,681.3499755859375,680.0,680.2999877929688,7507
2025-04-09 09:39:00+05:30,681.5499877929688,682.4500122070312,680.9500122070312,680.9500122070312,1823
2025-04-09 09:40:00+05:30,682.5499877929688,682.5499877929688,681.8499755859375,681.8499755859375,4029
2025-04-09 09:41:00+05:30,684.2000122070312,684.25,682.75,682.75,4308
2025-04-09 09:42:00+05:30,685.3499755859375,685.4000244140625,684.0499877929688,684.0499877929688,4183
2025-04-09 09:43:00+05:30,685.4000244140625,685.9500122070312,684.8499755859375,685.1500244140625,3843
2025-04-09 09:44:00+05:30,686.3499755859375,686.5,685.2999877929688,685.5999755859375,3527
2025-04-09 09:45:00+05:30,685.1500244140625,686.3499755859375,685.1500244140625,686.3499755859375,4878
2025-04-09 09:46:00+05:30,684.8499755859375,685.6500244140625,684.8499755859375,685.1500244140625,561
2025-04-09 09:47:00+05:30,684.5999755859375,684.8499755859375,684.5999755859375,684.6500244140625,1507
2025-04-09 09:48:00+05:30,684.5499877929688,684.6500244140625,684.2000122070312,684.25,988
2025-04-09 09:49:00+05:30,683.1500244140625,684.6500244140625,683.0,684.6500244140625,2843
2025-04-09 09:50:00+05:30,683.0999755859375,683.5,683.0999755859375,683.1500244140625,2055
2025-04-09 09:51:00+05:30,682.2000122070312,683.4000244140625,682.2000122070312,683.1500244140625,4480
2025-04-09 09:52:00+05:30,683.2000122070312,683.2000122070312,682.2000122070312,682.2000122070312,5030
2025-04-09 09:53:00+05:30,683.2000122070312,683.5499877929688,683.0,683.2999877929688,4345
2025-04-09 09:54:00+05:30,683.5999755859375,684.0,683.1500244140625,683.2000122070312,1788
2025-04-09 09:55:00+05:30,683.5999755859375,684.3499755859375,683.5999755859375,683.5999755859375,8435
2025-04-09 09:56:00+05:30,683.0,683.7000122070312,683.0,683.5999755859375,9826
2025-04-09 09:57:00+05:30,683.3499755859375,683.7000122070312,683.0,683.0,2257
2025-04-09 09:58:00+05:30,683.0999755859375,683.3499755859375,683.0499877929688,683.3499755859375,3092
2025-04-09 09:59:00+05:30,683.2000122070312,683.2000122070312,683.0,683.0,1558
2025-04-09 10:00:00+05:30,683.5,683.7000122070312,683.0499877929688,683.1500244140625,2297
2025-04-09 10:01:00+05:30,683.1500244140625,683.4000244140625,683.1500244140625,683.25,1728
2025-04-09 10:02:00+05:30,683.5,683.75,683.0999755859375,683.0999755859375,1195
2025-04-09 10:03:00+05:30,684.0499877929688,684.1500244140625,683.7000122070312,684.0,2046
2025-04-09 10:04:00+05:30,684.4500122070312,684.5999755859375,684.25,684.25,1649
2025-04-09 10:05:00+05:30,684.5999755859375,684.6500244140625,684.2000122070312,684.6500244140625,734
2025-04-09 10:06:00+05:30,685.3499755859375,685.5499877929688,685.0999755859375,685.25,1368
2025-04-09 10:07:00+05:30,685.0499877929688,685.5999755859375,685.0499877929688,685.5999755859375,488
2025-04-09 10:08:00+05:30,685.6500244140625,685.6500244140625,684.6500244140625,684.6500244140625,740
2025-04-09 10:09:00+05:30,685.5499877929688,685.75,685.4500122070312,685.75,1289
2025-04-09 10:10:00+05:30,685.0,685.2999877929688,684.7000122070312,685.2000122070312,1738
2025-04-09 10:11:00+05:30,684.6500244140625,684.7999877929688,684.5499877929688,684.7000122070312,444
2025-04-09 10:12:00+05:30,684.4000244140625,685.2999877929688,684.4000244140625,685.2999877929688,3575
2025-04-09 10:13:00+05:30,684.2999877929688,684.2999877929688,683.4500122070312,684.25,8314
2025-04-09 10:14:00+05:30,684.6500244140625,684.75,684.0499877929688,684.0499877929688,460
2025-04-09 10:15:00+05:30,684.4500122070312,684.7999877929688,684.25,684.6500244140625,5414
2025-04-09 10:16:00+05:30,684.25,684.3499755859375,684.0,684.3499755859375,1820
2025-04-09 10:17:00+05:30,685.6500244140625,685.6500244140625,684.3499755859375,684.3499755859375,910
2025-04-09 10:18:00+05:30,685.5999755859375,685.75,685.5,685.5,1321
2025-04-09 10:19:00+05:30,685.5999755859375,685.9500122070312,685.5499877929688,685.5999755859375,1231
2025-04-09 10:20:00+05:30,685.8499755859375,686.0,685.3499755859375,685.3499755859375,6523
2025-04-09 10:21:00+05:30,685.4000244140625,685.9500122070312,685.4000244140625,685.8499755859375,853
2025-04-09 10:22:00+05:30,685.5999755859375,685.7999877929688,685.5499877929688,685.5499877929688,401
2025-04-09 10:23:00+05:30,685.5,685.7999877929688,685.2999877929688,685.5999755859375,556
2025-04-09 10:24:00+05:30,685.6500244140625,685.6500244140625,685.5,685.5999755859375,707
2025-04-09 10:25:00+05:30,686.0499877929688,686.4000244140625,685.2999877929688,685.4000244140625,6393
2025-04-09 10:26:00+05:30,685.5499877929688,686.5,685.5499877929688,686.3499755859375,2762
2025-04-09 10:27:00+05:30,685.7000122070312,685.9000244140625,685.25,685.5499877929688,223
2025-04-09 10:28:00+05:30,685.2000122070312,685.9000244140625,685.2000122070312,685.7000122070312,581
2025-04-09 10:29:00+05:30,684.25,684.9000244140625,684.25,684.9000244140625,3242
2025-04-09 10:30:00+05:30,684.25,684.25,684.0499877929688,684.25,422
2025-04-09 10:31:00+05:30,683.7999877929688,684.0,683.7000122070312,683.7000122070312,947
2025-04-09 10:32:00+05:30,683.9000244140625,684.0,683.7000122070312,683.9000244140625,1170
2025-04-09 10:33:00+05:30,684.0999755859375,684.2000122070312,683.75,683.9000244140625,2224
2025-04-09 10:34:00+05:30,683.6500244140625,683.9500122070312,683.25,683.8499755859375,1724
2025-04-09 10:35:00+05:30,683.3499755859375,683.5,683.25,683.25,362
2025-04-09 10:36:00+05:30,684.0499877929688,684.0499877929688,683.4000244140625,683.4000244140625,512
2025-04-09 10:37:00+05:30,684.1500244140625,684.2000122070312,683.9000244140625,683.9000244140625,279
2025-04-09 10:55:00+05:30,685.0499877929688,685.0499877929688,685.0499877929688,685.0499877929688,13202
2025-04-09 10:56:00+05:30,685.0999755859375,685.3499755859375,685.0499877929688,685.0499877929688,834
2025-04-09 10:57:00+05:30,685.3499755859375,685.4000244140625,685.0,685.25,122
2025-04-09 10:58:00+05:30,685.0,685.3499755859375,685.0,685.3499755859375,77
2025-04-09 10:59:00+05:30,685.0,685.1500244140625,684.9500122070312,684.9500122070312,711
2025-04-09 11:00:00+05:30,685.3499755859375,685.3499755859375,684.9500122070312,685.0,9864
2025-04-09 11:01:00+05:30,685.0499877929688,685.4500122070312,685.0,685.3499755859375,6518
2025-04-09 11:02:00+05:30,685.25,685.25,685.0,685.25,248
2025-04-09 11:03:00+05:30,685.4500122070312,685.5499877929688,685.0499877929688,685.0499877929688,248
2025-04-09 11:04:00+05:30,685.5999755859375,685.5999755859375,685.4500122070312,685.4500122070312,546
2025-04-09 11:05:00+05:30,685.7999877929688,685.7999877929688,685.3499755859375,685.4000244140625,3270
2025-04-09 11:06:00+05:30,685.7000122070312,685.9000244140625,685.5499877929688,685.9000244140625,1102
2025-04-09 11:07:00+05:30,685.4500122070312,685.8499755859375,685.3499755859375,685.6500244140625,912
2025-04-09 11:08:00+05:30,685.4500122070312,685.5,685.3499755859375,685.3499755859375,210
2025-04-09 11:09:00+05:30,685.4000244140625,685.5,685.3499755859375,685.5,750
2025-04-09 11:10:00+05:30,685.2999877929688,685.4000244140625,685.1500244140625,685.1500244140625,200
2025-04-09 11:11:00+05:30,685.4500122070312,685.4500122070312,684.9500122070312,685.0999755859375,2099
2025-04-09 11:12:00+05:30,685.4500122070312,685.4500122070312,685.3499755859375,685.3499755859375,1343
2025-04-09 11:13:00+05:30,685.8499755859375,685.8499755859375,685.4000244140625,685.4000244140625,845
2025-04-09 11:14:00+05:30,686.0499877929688,686.0499877929688,685.9000244140625,685.9000244140625,4057
2025-04-09 11:15:00+05:30,685.9500122070312,686.5,685.9500122070312,686.5,3122
2025-04-09 11:16:00+05:30,685.2999877929688,685.8499755859375,685.2999877929688,685.8499755859375,742
2025-04-09 11:17:00+05:30,685.4500122070312,685.5,685.2000122070312,685.2000122070312,1578
2025-04-09 11:18:00+05:30,685.5499877929688,685.5499877929688,685.2000122070312,685.4500122070312,1207
2025-04-09 11:19:00+05:30,685.9500122070312,685.9500122070312,685.4000244140625,685.4000244140625,538
2025-04-09 11:20:00+05:30,686.25,686.25,685.75,685.75,1681
2025-04-09 11:21:00+05:30,686.25,686.4500122070312,686.0499877929688,686.4500122070312,120
2025-04-09 11:22:00+05:30,686.0499877929688,686.25,686.0,686.0499877929688,296
2025-04-09 11:23:00+05:30,685.75,685.9500122070312,685.75,685.8499755859375,703
2025-04-09 11:24:00+05:30,685.9500122070312,685.9500122070312,685.6500244140625,685.9500122070312,673
2025-04-09 11:25:00+05:30,685.7000122070312,685.9500122070312,685.5,685.9500122070312,655
2025-04-09 11:26:00+05:30,686.0,686.0999755859375,685.6500244140625,685.7000122070312,3178
2025-04-09 11:27:00+05:30,685.9500122070312,686.5999755859375,685.25,686.5999755859375,33781
2025-04-09 11:28:00+05:30,686.0999755859375,686.4500122070312,685.6500244140625,685.9000244140625,3117
2025-04-09 11:29:00+05:30,686.2000122070312,686.2000122070312,685.5999755859375,686.1500244140625,1240
2025-04-09 11:30:00+05:30,686.2000122070312,686.3499755859375,685.9000244140625,686.3499755859375,446
2025-04-09 11:31:00+05:30,686.3499755859375,686.3499755859375,685.5499877929688,685.7999877929688,691
2025-04-09 11:32:00+05:30,686.2999877929688,686.4500122070312,686.0999755859375,686.4500122070312,1469
2025-04-09 11:33:00+05:30,685.75,686.0,685.5,686.0,473
2025-04-09 11:34:00+05:30,685.5499877929688,685.75,685.2999877929688,685.75,994
2025-04-09 11:35:00+05:30,685.3499755859375,685.4500122070312,685.2999877929688,685.2999877929688,306
2025-04-09 11:36:00+05:30,685.2000122070312,685.4500122070312,685.2000122070312,685.4500122070312,2275
2025-04-09 11:37:00+05:30,685.5999755859375,685.5999755859375,685.0,685.0,6371
2025-04-09 11:38:00+05:30,686.1500244140625,686.1500244140625,685.4500122070312,685.4500122070312,1809
2025-04-09 11:39:00+05:30,685.8499755859375,685.9000244140625,685.5,685.7000122070312,973
2025-04-09 11:40:00+05:30,685.4500122070312,685.9000244140625,685.25,685.9000244140625,2749
2025-04-09 11:41:00+05:30,685.75,685.9000244140625,685.4500122070312,685.9000244140625,1389
2025-04-09 11:42:00+05:30,685.75,686.0499877929688,685.6500244140625,685.7999877929688,796
2025-04-09 11:43:00+05:30,686.0,686.0999755859375,685.75,685.75,663
2025-04-09 11:44:00+05:30,686.2999877929688,686.2999877929688,685.75,686.0999755859375,1180
2025-04-09 11:45:00+05:30,686.4000244140625,686.4000244140625,686.0,686.0,1476
2025-04-09 11:46:00+05:30,685.5499877929688,686.2999877929688,685.3499755859375,686.2999877929688,5323
2025-04-09 11:47:00+05:30,685.5499877929688,685.9500122070312,685.3499755859375,685.3499755859375,2587
2025-04-09 11:48:00+05:30,685.6500244140625,685.9500122070312,685.5,685.5,1796
2025-04-09 11:49:00+05:30,687.3499755859375,687.9000244140625,685.6500244140625,685.7000122070312,325341
2025-04-09 11:50:00+05:30,688.2000122070312,688.5,687.5999755859375,687.8499755859375,4924
2025-04-09 11:51:00+05:30,687.5999755859375,688.5499877929688,687.5499877929688,688.4000244140625,2494
2025-04-09 11:52:00+05:30,688.0,688.4500122070312,687.4500122070312,687.9500122070312,1570
2025-04-09 11:53:00+05:30,688.0999755859375,688.5999755859375,688.0,688.2999877929688,1543
2025-04-09 11:54:00+05:30,687.5499877929688,688.5,687.5499877929688,688.5,1519
2025-04-09 11:55:00+05:30,687.5999755859375,687.9500122070312,687.5499877929688,687.7999877929688,439
2025-04-09 11:56:00+05:30,687.9000244140625,687.9000244140625,687.5,687.5,885
2025-04-09 11:57:00+05:30,687.5,687.9500122070312,687.5,687.6500244140625,968
2025-04-09 11:58:00+05:30,687.4500122070312,687.5499877929688,687.0499877929688,687.1500244140625,1522
2025-04-09 11:59:00+05:30,687.1500244140625,687.75,687.1500244140625,687.2000122070312,677
2025-04-09 12:00:00+05:30,687.2999877929688,687.2999877929688,687.0,687.0499877929688,381
2025-04-09 12:01:00+05:30,688.5999755859375,688.8499755859375,687.0,687.0,3085
2025-04-09 12:02:00+05:30,688.9000244140625,688.9000244140625,688.2999877929688,688.5,1952
2025-04-09 12:03:00+05:30,689.0,689.75,688.9000244140625,689.1500244140625,9017
2025-04-09 12:04:00+05:30,690.0,690.25,688.9000244140625,689.1500244140625,22657
2025-04-09 12:05:00+05:30,690.2999877929688,690.4000244140625,689.6500244140625,690.0999755859375,2696
2025-04-09 12:06:00+05:30,690.8499755859375,690.9000244140625,690.0,690.2999877929688,5570
2025-04-09 12:07:00+05:30,691.0999755859375,691.1500244140625,690.75,690.9500122070312,6874
2025-04-09 12:08:00+05:30,690.75,691.3499755859375,690.25,691.0999755859375,39542
2025-04-09 12:09:00+05:30,690.0499877929688,690.75,689.7000122070312,690.75,6392
2025-04-09 12:10:00+05:30,690.4000244140625,690.6500244140625,690.0,690.5999755859375,26899
2025-04-09 12:11:00+05:30,690.3499755859375,690.5499877929688,689.7999877929688,690.4000244140625,4978
2025-04-09 12:12:00+05:30,690.25,690.2999877929688,689.7999877929688,690.2999877929688,6238
2025-04-09 12:13:00+05:30,690.5999755859375,690.5999755859375,690.0999755859375,690.0999755859375,11313
2025-04-09 12:14:00+05:30,691.2000122070312,691.2000122070312,690.5,690.5999755859375,4035
2025-04-09 12:15:00+05:30,690.8499755859375,691.0999755859375,690.8499755859375,691.0,1779
2025-04-09 12:16:00+05:30,691.0999755859375,691.2999877929688,691.0,691.0499877929688,3265
2025-04-09 12:17:00+05:30,691.0,691.4500122070312,691.0,691.2000122070312,1696
2025-04-09 12:18:00+05:30,691.25,691.25,691.0,691.1500244140625,870
2025-04-09 12:19:00+05:30,691.0999755859375,691.4500122070312,691.0499877929688,691.0499877929688,2316
2025-04-09 12:20:00+05:30,691.0,691.2000122070312,691.0,691.2000122070312,1142
2025-04-09 12:21:00+05:30,691.0499877929688,691.0999755859375,691.0,691.0999755859375,1313
2025-04-09 12:22:00+05:30,691.0,691.0,690.9000244140625,691.0,1997
2025-04-09 12:23:00+05:30,690.0,691.0999755859375,690.0,691.0,36898
2025-04-09 12:24:00+05:30,690.2999877929688,690.5,689.5,689.5,18159
2025-04-09 12:25:00+05:30,689.7000122070312,690.6500244140625,689.4000244140625,690.25,22303
2025-04-09 12:26:00+05:30,689.8499755859375,690.0,689.5499877929688,689.7000122070312,1824
2025-04-09 12:27:00+05:30,690.0999755859375,690.1500244140625,689.6500244140625,689.75,3351
2025-04-09 12:28:00+05:30,690.0499877929688,690.0499877929688,689.75,689.75,1234
2025-04-09 12:29:00+05:30,689.5499877929688,689.9500122070312,689.5499877929688,689.9000244140625,2168
2025-04-09 12:30:00+05:30,689.5,689.9500122070312,689.5,689.7000122070312,1622
2025-04-09 12:31:00+05:30,689.5499877929688,689.6500244140625,689.5,689.5499877929688,3659
2025-04-09 12:32:00+05:30,690.4000244140625,690.4000244140625,689.7999877929688,689.9500122070312,3428
2025-04-09 12:33:00+05:30,690.0499877929688,690.4500122070312,690.0,690.0,1452
2025-04-09 12:34:00+05:30,689.7000122070312,690.3499755859375,689.7000122070312,690.2000122070312,2467
2025-04-09 12:35:00+05:30,689.0,689.9000244140625,689.0,689.9000244140625,5745
2025-04-09 12:36:00+05:30,688.3499755859375,688.9000244140625,688.0,688.7000122070312,7164
2025-04-09 12:37:00+05:30,687.0999755859375,688.3499755859375,687.0999755859375,688.3499755859375,5758
2025-04-09 12:38:00+05:30,686.6500244140625,687.5,686.6500244140625,687.0499877929688,3175
2025-04-09 12:39:00+05:30,687.5,687.5,686.75,686.75,9000
2025-04-09 12:40:00+05:30,688.2000122070312,688.25,687.0,687.4000244140625,6606
2025-04-09 12:41:00+05:30,688.9000244140625,688.9000244140625,688.0,688.2000122070312,5826
2025-04-09 12:42:00+05:30,688.25,688.9000244140625,688.1500244140625,688.9000244140625,3625
2025-04-09 12:43:00+05:30,687.9000244140625,688.0,687.5999755859375,687.9500122070312,1560
2025-04-09 12:44:00+05:30,688.1500244140625,688.1500244140625,687.4000244140625,687.5999755859375,2653
2025-04-09 12:45:00+05:30,688.0499877929688,688.25,688.0,688.0499877929688,3398
2025-04-09 12:46:00+05:30,688.1500244140625,688.2999877929688,687.7999877929688,688.25,1837
2025-04-09 12:47:00+05:30,688.5999755859375,688.5999755859375,687.75,687.7999877929688,2657
2025-04-09 12:48:00+05:30,687.1500244140625,688.8499755859375,687.1500244140625,688.5,8269
2025-04-09 12:49:00+05:30,688.0499877929688,688.1500244140625,687.5499877929688,687.9000244140625,3808
2025-04-09 12:50:00+05:30,688.2000122070312,688.5,688.0499877929688,688.0999755859375,13347
2025-04-09 12:51:00+05:30,688.6500244140625,688.9000244140625,688.0499877929688,688.2999877929688,27952
2025-04-09 12:52:00+05:30,689.0999755859375,689.3499755859375,688.5999755859375,688.6500244140625,19730
2025-04-09 12:53:00+05:30,688.7999877929688,689.0,688.2999877929688,688.7000122070312,5284
2025-04-09 12:54:00+05:30,688.5999755859375,688.8499755859375,688.5,688.7999877929688,2304
2025-04-09 12:55:00+05:30,686.9000244140625,688.6500244140625,686.9000244140625,688.5999755859375,15876
2025-04-09 12:56:00+05:30,686.25,686.5499877929688,685.8499755859375,686.4000244140625,52167
2025-04-09 12:57:00+05:30,686.3499755859375,686.3499755859375,686.0,686.25,3732
2025-04-09 12:58:00+05:30,686.0999755859375,686.3499755859375,686.0,686.2999877929688,1247
2025-04-09 12:59:00+05:30,686.5999755859375,686.5999755859375,686.0999755859375,686.0999755859375,4038
2025-04-09 13:00:00+05:30,686.7999877929688,686.9000244140625,686.7000122070312,686.7999877929688,2305
2025-04-09 13:01:00+05:30,687.2000122070312,687.2000122070312,686.9500122070312,686.9500122070312,1598
2025-04-09 13:02:00+05:30,687.3499755859375,687.5999755859375,687.25,687.25,2025
2025-04-09 13:03:00+05:30,687.0499877929688,687.4500122070312,687.0,687.4500122070312,2463
2025-04-09 13:04:00+05:30,687.2000122070312,687.2000122070312,685.75,687.0499877929688,8438
2025-04-09 13:05:00+05:30,686.9000244140625,687.2000122070312,686.6500244140625,687.2000122070312,1743
2025-04-09 13:06:00+05:30,687.0,687.1500244140625,686.7999877929688,687.0,1625
2025-04-09 13:07:00+05:30,686.9000244140625,687.25,686.9000244140625,687.0999755859375,3073
2025-04-09 13:08:00+05:30,686.4000244140625,686.9500122070312,686.4000244140625,686.9000244140625,1561
2025-04-09 13:09:00+05:30,686.25,686.7999877929688,686.25,686.25,2878
2025-04-09 13:10:00+05:30,686.2999877929688,686.5999755859375,686.0,686.25,4397
2025-04-09 13:11:00+05:30,686.3499755859375,686.5,686.0499877929688,686.2999877929688,4144
2025-04-09 13:12:00+05:30,685.9500122070312,686.4500122070312,685.9500122070312,686.3499755859375,3978
2025-04-09 13:13:00+05:30,686.3499755859375,686.4000244140625,685.75,686.0,10384
2025-04-09 13:14:00+05:30,686.0999755859375,686.4500122070312,686.0999755859375,686.4000244140625,1702
2025-04-09 13:15:00+05:30,686.2999877929688,686.5499877929688,686.2999877929688,686.3499755859375,3054
2025-04-09 13:16:00+05:30,686.4000244140625,686.5,686.2999877929688,686.3499755859375,1786
2025-04-09 13:17:00+05:30,686.0,686.4000244140625,686.0,686.4000244140625,6113
2025-04-09 13:18:00+05:30,686.4000244140625,686.5499877929688,686.25,686.3499755859375,1522
2025-04-09 13:19:00+05:30,686.5999755859375,686.5999755859375,686.1500244140625,686.2999877929688,1431
2025-04-09 13:20:00+05:30,686.3499755859375,686.6500244140625,686.1500244140625,686.6500244140625,2589
2025-04-09 13:21:00+05:30,686.25,686.4500122070312,686.1500244140625,686.4000244140625,2489
2025-04-09 13:22:00+05:30,687.2000122070312,687.5,686.0499877929688,686.0999755859375,277074
2025-04-09 13:23:00+05:30,687.4000244140625,688.0499877929688,687.1500244140625,687.4500122070312,5784
2025-04-09 13:24:00+05:30,687.0499877929688,687.8499755859375,687.0499877929688,687.8499755859375,7034
2025-04-09 13:25:00+05:30,687.5,687.5,687.0499877929688,687.2999877929688,1177
2025-04-09 13:26:00+05:30,687.4000244140625,687.5999755859375,687.4000244140625,687.4500122070312,2853
2025-04-09 13:27:00+05:30,687.5,687.5499877929688,687.4000244140625,687.4000244140625,3948
2025-04-09 13:28:00+05:30,687.2999877929688,687.5499877929688,687.0999755859375,687.5,2207
2025-04-09 13:29:00+05:30,687.4500122070312,687.5499877929688,687.3499755859375,687.5499877929688,1706
2025-04-09 13:30:00+05:30,687.4000244140625,687.5,687.2999877929688,687.4500122070312,2644
2025-04-09 13:31:00+05:30,686.9500122070312,687.5,686.9500122070312,687.5,4378
2025-04-09 13:32:00+05:30,687.0999755859375,687.0999755859375,686.8499755859375,686.9500122070312,1191
2025-04-09 13:33:00+05:30,686.5999755859375,687.2000122070312,686.5999755859375,687.2000122070312,3562
2025-04-09 13:34:00+05:30,687.5499877929688,687.5499877929688,686.5,686.5999755859375,5203
2025-04-09 13:35:00+05:30,687.3499755859375,687.4500122070312,687.25,687.4000244140625,1926
2025-04-09 13:36:00+05:30,687.5,687.5999755859375,687.25,687.3499755859375,3047
2025-04-09 13:37:00+05:30,687.5,687.6500244140625,687.4000244140625,687.5,3264
2025-04-09 13:38:00+05:30,687.6500244140625,687.6500244140625,687.3499755859375,687.3499755859375,3644
2025-04-09 13:39:00+05:30,687.5999755859375,687.6500244140625,687.25,687.25,4460
2025-04-09 13:40:00+05:30,687.0999755859375,687.4000244140625,687.0,687.4000244140625,3119
2025-04-09 13:41:00+05:30,687.2999877929688,687.4500122070312,686.9500122070312,687.0,7050
2025-04-09 13:42:00+05:30,687.2000122070312,687.25,686.8499755859375,686.9000244140625,8136
2025-04-09 13:43:00+05:30,687.0,687.25,686.7000122070312,687.25,2628
2025-04-09 13:44:00+05:30,687.0499877929688,687.2999877929688,686.9500122070312,687.0,6869
2025-04-09 13:45:00+05:30,687.1500244140625,687.2999877929688,686.8499755859375,687.1500244140625,2208
2025-04-09 13:46:00+05:30,687.0,687.25,686.9000244140625,686.9500122070312,3797
2025-04-09 13:47:00+05:30,686.4000244140625,687.2000122070312,686.4000244140625,686.9500122070312,1940
2025-04-09 13:48:00+05:30,685.9000244140625,686.0999755859375,685.5999755859375,686.0999755859375,9120
2025-04-09 13:49:00+05:30,685.8499755859375,685.9000244140625,685.2000122070312,685.9000244140625,7137
2025-04-09 13:50:00+05:30,685.5999755859375,685.9500122070312,685.5,685.5,2818
2025-04-09 13:51:00+05:30,685.4000244140625,685.7999877929688,685.2999877929688,685.75,6772
2025-04-09 13:52:00+05:30,685.75,685.8499755859375,685.0,685.4000244140625,16460
2025-04-09 13:53:00+05:30,685.6500244140625,685.8499755859375,685.4000244140625,685.7999877929688,3981
2025-04-09 13:54:00+05:30,686.0999755859375,686.0999755859375,685.5999755859375,685.6500244140625,2888
2025-04-09 13:55:00+05:30,686.0,686.0,685.9000244140625,685.9000244140625,1952
2025-04-09 13:56:00+05:30,685.8499755859375,686.2000122070312,685.5499877929688,685.5499877929688,2588
2025-04-09 13:57:00+05:30,685.9500122070312,686.0499877929688,685.5499877929688,685.5999755859375,4256
2025-04-09 13:58:00+05:30,685.9500122070312,685.9500122070312,685.3499755859375,685.9500122070312,8896
2025-04-09 13:59:00+05:30,685.7999877929688,686.1500244140625,685.75,686.0,3260
2025-04-09 14:00:00+05:30,685.9000244140625,685.9500122070312,685.7000122070312,685.75,3343
2025-04-09 14:01:00+05:30,685.8499755859375,685.9000244140625,685.3499755859375,685.9000244140625,12410
2025-04-09 14:02:00+05:30,685.9500122070312,685.9500122070312,685.5,685.75,8438
2025-04-09 14:03:00+05:30,685.9000244140625,686.0,685.5999755859375,685.9500122070312,4355
2025-04-09 14:04:00+05:30,685.5,685.9500122070312,685.3499755859375,685.9000244140625,6003
2025-04-09 14:05:00+05:30,685.2000122070312,685.75,685.2000122070312,685.5,5952
2025-04-09 14:06:00+05:30,685.2999877929688,685.5999755859375,685.2000122070312,685.2000122070312,2565
2025-04-09 14:07:00+05:30,685.2000122070312,685.4000244140625,685.2000122070312,685.2999877929688,3818
2025-04-09 14:08:00+05:30,685.2999877929688,685.5999755859375,685.0499877929688,685.1500244140625,9569
2025-04-09 14:09:00+05:30,685.0499877929688,685.5499877929688,685.0,685.3499755859375,3658
2025-04-09 14:10:00+05:30,685.1500244140625,685.5,685.0,685.0999755859375,2477
2025-04-09 14:11:00+05:30,684.1500244140625,685.0999755859375,683.8499755859375,685.0499877929688,65604
2025-04-09 14:12:00+05:30,685.0,685.0,684.1500244140625,684.1500244140625,2819
2025-04-09 14:13:00+05:30,684.8499755859375,685.0,684.7000122070312,684.7000122070312,3025
2025-04-09 14:14:00+05:30,684.5999755859375,685.25,684.5499877929688,684.8499755859375,21716
2025-04-09 14:15:00+05:30,684.25,684.9500122070312,684.2000122070312,684.5999755859375,2779
2025-04-09 14:16:00+05:30,684.4500122070312,684.8499755859375,684.0499877929688,684.4500122070312,5959
2025-04-09 14:17:00+05:30,684.4000244140625,684.7999877929688,684.2000122070312,684.4500122070312,4967
2025-04-09 14:18:00+05:30,684.5999755859375,684.6500244140625,683.5,684.2000122070312,17305
2025-04-09 14:19:00+05:30,685.0,685.0,684.3499755859375,684.5999755859375,24622
2025-04-09 14:20:00+05:30,685.0,685.2000122070312,684.8499755859375,685.0,5395
2025-04-09 14:21:00+05:30,684.75,685.0999755859375,684.75,685.0499877929688,9750
2025-04-09 14:22:00+05:30,685.0999755859375,685.25,684.75,684.75,5127
2025-04-09 14:23:00+05:30,684.75,685.25,684.75,685.0999755859375,14148
2025-04-09 14:24:00+05:30,685.0,685.1500244140625,684.7000122070312,684.75,8903
2025-04-09 14:25:00+05:30,685.0,685.1500244140625,684.8499755859375,685.0,11632
2025-04-09 14:26:00+05:30,685.0,685.0999755859375,684.9500122070312,685.0,5772
2025-04-09 14:27:00+05:30,684.75,685.0499877929688,684.5999755859375,685.0,50960
2025-04-09 14:28:00+05:30,684.2000122070312,684.7000122070312,684.0,684.7000122070312,3685
2025-04-09 14:29:00+05:30,684.6500244140625,684.7999877929688,684.2000122070312,684.2000122070312,6767
2025-04-09 14:30:00+05:30,684.25,685.0,684.0499877929688,684.4500122070312,5305
2025-04-09 14:31:00+05:30,683.9500122070312,684.25,683.5499877929688,684.25,5930
2025-04-09 14:32:00+05:30,683.5999755859375,683.9500122070312,683.5999755859375,683.9500122070312,4139
2025-04-09 14:33:00+05:30,683.75,683.75,683.5499877929688,683.5999755859375,7536
2025-04-09 14:34:00+05:30,683.7999877929688,683.9500122070312,683.7999877929688,683.7999877929688,4636
2025-04-09 14:35:00+05:30,683.75,683.7999877929688,683.5499877929688,683.5499877929688,4070
2025-04-09 14:36:00+05:30,683.9500122070312,683.9500122070312,683.4000244140625,683.4000244140625,3852
2025-04-09 14:37:00+05:30,683.5,684.25,683.5,683.9500122070312,7846
2025-04-09 14:38:00+05:30,683.7000122070312,683.7999877929688,683.25,683.5,4703
2025-04-09 14:39:00+05:30,683.2000122070312,683.7000122070312,682.8499755859375,683.7000122070312,10922
2025-04-09 14:40:00+05:30,684.2000122070312,684.2000122070312,682.9500122070312,683.2000122070312,6691
2025-04-09 14:41:00+05:30,683.9000244140625,684.3499755859375,683.1500244140625,684.2000122070312,45787
2025-04-09 14:42:00+05:30,682.8499755859375,683.9500122070312,682.5,683.7000122070312,8447
2025-04-09 14:43:00+05:30,683.1500244140625,683.1500244140625,682.5499877929688,682.7999877929688,4952
2025-04-09 14:44:00+05:30,682.2999877929688,683.2999877929688,682.0,683.1500244140625,19396
2025-04-09 14:45:00+05:30,682.3499755859375,682.3499755859375,682.25,682.3499755859375,2959
2025-04-09 14:46:00+05:30,682.75,682.75,682.1500244140625,682.3499755859375,2757
2025-04-09 14:47:00+05:30,682.5,682.8499755859375,682.5,682.75,4357
2025-04-09 14:48:00+05:30,682.5499877929688,682.7999877929688,682.2000122070312,682.7999877929688,11438
2025-04-09 14:49:00+05:30,682.0,682.9500122070312,682.0,682.5499877929688,12883
2025-04-09 14:50:00+05:30,682.5499877929688,682.9500122070312,682.3499755859375,682.3499755859375,3679
2025-04-09 14:51:00+05:30,682.3499755859375,682.5499877929688,682.0499877929688,682.3499755859375,6174
2025-04-09 14:52:00+05:30,682.6500244140625,682.7999877929688,682.0999755859375,682.4000244140625,5559
2025-04-09 14:53:00+05:30,681.9500122070312,682.7000122070312,681.9000244140625,682.6500244140625,15189
2025-04-09 14:54:00+05:30,682.7000122070312,682.75,681.9000244140625,681.9000244140625,17228
2025-04-09 14:55:00+05:30,683.2999877929688,683.2999877929688,682.1500244140625,682.7000122070312,262845
2025-04-09 14:56:00+05:30,683.5,683.6500244140625,682.6500244140625,683.2999877929688,11629
2025-04-09 14:57:00+05:30,684.4500122070312,685.0,683.5,683.7000122070312,12129
2025-04-09 14:58:00+05:30,684.9000244140625,685.0,684.0999755859375,684.7999877929688,13372
2025-04-09 14:59:00+05:30,684.6500244140625,685.0499877929688,684.5499877929688,684.9000244140625,9882
2025-04-09 15:00:00+05:30,684.2000122070312,684.7999877929688,684.2000122070312,684.7000122070312,13322
2025-04-09 15:01:00+05:30,684.25,684.4000244140625,683.75,684.2000122070312,14495
2025-04-09 15:02:00+05:30,684.8499755859375,684.9500122070312,684.25,684.25,5373
2025-04-09 15:03:00+05:30,684.7000122070312,685.0,684.7000122070312,684.8499755859375,9131
2025-04-09 15:04:00+05:30,684.7999877929688,684.7999877929688,684.7000122070312,684.7000122070312,4861
2025-04-09 15:05:00+05:30,685.0,685.0499877929688,684.7999877929688,684.7999877929688,6083
2025-04-09 15:06:00+05:30,684.9500122070312,685.0,684.8499755859375,685.0,7175
2025-04-09 15:07:00+05:30,684.2999877929688,684.9500122070312,684.0499877929688,684.9500122070312,16203
2025-04-09 15:08:00+05:30,684.9500122070312,685.0,684.2999877929688,684.2999877929688,5631
2025-04-09 15:09:00+05:30,684.9000244140625,684.9000244140625,684.8499755859375,684.9000244140625,5867
2025-04-09 15:10:00+05:30,685.0,685.0,684.9000244140625,684.9000244140625,6084
2025-04-09 15:11:00+05:30,685.0,685.0999755859375,685.0,685.0,5302
2025-04-09 15:12:00+05:30,684.9000244140625,684.9500122070312,684.8499755859375,684.9500122070312,10633
2025-04-09 15:13:00+05:30,685.25,685.25,684.9500122070312,684.9500122070312,8183
2025-04-09 15:14:00+05:30,685.0,685.25,684.9500122070312,685.2000122070312,9607
2025-04-09 15:15:00+05:30,684.9000244140625,685.0,684.8499755859375,685.0,14451
2025-04-09 15:16:00+05:30,684.7999877929688,684.9000244140625,684.7000122070312,684.9000244140625,9708
2025-04-09 15:17:00+05:30,684.8499755859375,684.8499755859375,684.75,684.7999877929688,6139
2025-04-09 15:18:00+05:30,684.9500122070312,684.9500122070312,684.7999877929688,684.8499755859375,8299
2025-04-09 15:19:00+05:30,684.8499755859375,685.0,684.7999877929688,684.9500122070312,8772
2025-04-09 15:20:00+05:30,684.9500122070312,684.9500122070312,684.6500244140625,684.8499755859375,8905
2025-04-09 15:21:00+05:30,685.0,685.0,684.9500122070312,684.9500122070312,4609
2025-04-09 15:22:00+05:30,685.0,685.0,684.9500122070312,685.0,10458
2025-04-09 15:23:00+05:30,684.9500122070312,685.0,684.9000244140625,685.0,8141
2025-04-09 15:24:00+05:30,685.0,685.0,684.9500122070312,684.9500122070312,6674
2025-04-09 15:25:00+05:30,685.0,685.2999877929688,684.9500122070312,684.9500122070312,10682
2025-04-09 15:26:00+05:30,685.0,685.0999755859375,684.75,685.0999755859375,11282
2025-04-09 15:27:00+05:30,685.2999877929688,685.2999877929688,684.9500122070312,685.0,11617
2025-04-09 15:28:00+05:30,684.5999755859375,685.6500244140625,684.5999755859375,685.5,4946
2025-04-09 15:29:00+05:30,684.7999877929688,685.5,684.5499877929688,685.1500244140625,9491
2025-04-11 09:15:00+05:30,686.0499877929688,690.2999877929688,684.9000244140625,684.9000244140625,0
2025-04-11 09:16:00+05:30,687.4000244140625,688.4000244140625,685.7000122070312,685.7000122070312,27381
2025-04-11 09:17:00+05:30,687.5999755859375,688.0,687.2000122070312,687.4000244140625,8845
2025-04-11 09:18:00+05:30,687.7999877929688,688.25,687.5,687.5,8993
2025-04-11 09:19:00+05:30,686.75,687.7000122070312,686.4000244140625,687.4000244140625,8744
2025-04-11 09:20:00+05:30,687.4500122070312,688.1500244140625,687.0,687.0,9035
2025-04-11 09:21:00+05:30,686.75,687.5999755859375,686.75,687.2999877929688,7345
2025-04-11 09:22:00+05:30,686.4500122070312,686.5,685.7000122070312,686.5,6453
2025-04-11 09:23:00+05:30,687.5,687.5999755859375,686.1500244140625,686.1500244140625,5751
2025-04-11 09:24:00+05:30,687.5999755859375,688.2000122070312,687.2999877929688,687.2999877929688,7184
2025-04-11 09:25:00+05:30,686.7999877929688,688.2999877929688,686.7999877929688,687.3499755859375,8456
2025-04-11 09:26:00+05:30,686.2999877929688,686.75,685.9500122070312,686.75,4458
2025-04-11 09:27:00+05:30,686.1500244140625,686.5,686.0999755859375,686.4000244140625,3711
2025-04-11 09:28:00+05:30,685.0,686.1500244140625,685.0,686.0,4894
2025-04-11 09:29:00+05:30,684.5999755859375,685.4500122070312,684.5,684.7999877929688,6008
2025-04-11 09:30:00+05:30,684.75,684.75,684.4000244140625,684.4000244140625,8110
2025-04-11 09:31:00+05:30,684.25,684.3499755859375,683.8499755859375,684.3499755859375,10132
2025-04-11 09:32:00+05:30,684.4000244140625,684.9000244140625,684.2000122070312,684.2000122070312,8818
2025-04-11 09:33:00+05:30,683.4000244140625,684.25,683.4000244140625,684.2000122070312,6206
2025-04-11 09:34:00+05:30,684.5999755859375,684.7999877929688,683.4500122070312,683.4500122070312,10146
2025-04-11 09:35:00+05:30,685.0999755859375,685.0999755859375,684.5,684.5999755859375,5475
2025-04-11 09:36:00+05:30,685.9500122070312,686.2999877929688,685.0499877929688,685.0499877929688,8080
2025-04-11 09:37:00+05:30,685.75,686.2000122070312,685.4000244140625,685.75,5017
2025-04-11 09:38:00+05:30,686.1500244140625,686.3499755859375,685.75,685.75,3573
2025-04-11 09:39:00+05:30,686.5,686.7000122070312,686.25,686.4000244140625,6545
2025-04-11 09:40:00+05:30,687.7000122070312,687.9000244140625,686.5,686.5,8802
2025-04-11 09:41:00+05:30,687.7999877929688,687.7999877929688,687.25,687.5999755859375,6883
2025-04-11 09:42:00+05:30,687.9500122070312,687.9500122070312,687.1500244140625,687.7000122070312,7234
2025-04-11 09:43:00+05:30,688.0,688.0499877929688,687.75,687.75,7794
2025-04-11 09:44:00+05:30,687.9500122070312,688.0499877929688,687.75,688.0499877929688,4104
2025-04-11 09:45:00+05:30,687.0,688.2000122070312,687.0,688.0,7710
2025-04-11 09:46:00+05:30,686.0999755859375,687.0,686.0,687.0,7833
2025-04-11 09:47:00+05:30,686.0499877929688,686.1500244140625,685.5999755859375,686.0999755859375,6902
2025-04-11 09:48:00+05:30,686.3499755859375,686.5,686.2000122070312,686.2000122070312,3315
2025-04-11 09:49:00+05:30,687.5,687.5,685.7999877929688,686.25,5473
2025-04-11 09:50:00+05:30,687.4000244140625,688.0,687.2000122070312,687.25,4605
2025-04-11 09:51:00+05:30,687.7000122070312,688.0,687.5,687.5999755859375,4528
2025-04-11 09:52:00+05:30,687.4000244140625,687.5999755859375,687.25,687.25,5284
2025-04-11 09:53:00+05:30,686.5999755859375,687.4000244140625,686.5999755859375,687.4000244140625,2701
2025-04-11 09:54:00+05:30,686.7000122070312,686.7999877929688,686.5,686.7999877929688,3500
2025-04-11 09:55:00+05:30,687.2999877929688,687.4000244140625,686.9500122070312,686.9500122070312,4880
2025-04-11 09:56:00+05:30,687.7999877929688,687.8499755859375,687.0499877929688,687.1500244140625,4900
2025-04-11 09:57:00+05:30,687.7999877929688,687.8499755859375,687.7000122070312,687.75,3341
2025-04-11 09:58:00+05:30,685.7000122070312,687.4000244140625,685.6500244140625,687.3499755859375,4388
2025-04-11 09:59:00+05:30,685.0499877929688,685.6500244140625,684.8499755859375,685.6500244140625,14931
2025-04-11 10:00:00+05:30,685.5999755859375,685.8499755859375,685.0,685.0499877929688,6171
2025-04-11 10:01:00+05:30,685.7999877929688,685.9000244140625,685.75,685.75,2996
2025-04-11 10:02:00+05:30,685.7999877929688,685.7999877929688,685.7999877929688,685.7999877929688,1640
2025-04-11 10:03:00+05:30,685.5999755859375,685.9500122070312,685.3499755859375,685.7999877929688,5304
2025-04-11 10:04:00+05:30,685.75,685.75,685.5499877929688,685.5499877929688,3009
2025-04-11 10:05:00+05:30,685.7999877929688,685.7999877929688,685.2999877929688,685.75,2933
2025-04-11 10:06:00+05:30,685.0999755859375,685.3499755859375,685.0499877929688,685.0499877929688,2476
2025-04-11 10:07:00+05:30,684.4000244140625,685.0999755859375,684.4000244140625,685.0999755859375,3625
2025-04-11 10:08:00+05:30,685.3499755859375,685.7999877929688,685.2000122070312,685.2000122070312,9612
2025-04-11 10:09:00+05:30,685.5,685.7999877929688,685.3499755859375,685.4000244140625,5915
2025-04-11 10:10:00+05:30,685.75,685.75,685.5,685.75,2617
2025-04-11 10:11:00+05:30,686.0,686.0,685.6500244140625,685.6500244140625,9456
2025-04-11 10:12:00+05:30,685.7000122070312,685.8499755859375,685.7000122070312,685.75,3617
2025-04-11 10:13:00+05:30,685.2999877929688,685.6500244140625,685.2999877929688,685.6500244140625,1858
2025-04-11 10:14:00+05:30,685.2999877929688,685.2999877929688,684.8499755859375,685.25,6834
2025-04-11 10:15:00+05:30,685.3499755859375,685.75,685.1500244140625,685.3499755859375,3218
2025-04-11 10:16:00+05:30,685.0,685.5,684.9000244140625,685.3499755859375,2471
2025-04-11 10:17:00+05:30,685.25,685.25,685.0499877929688,685.0499877929688,2501
2025-04-11 10:18:00+05:30,685.1500244140625,685.4500122070312,685.0499877929688,685.25,3935
2025-04-11 10:19:00+05:30,685.0499877929688,685.1500244140625,685.0499877929688,685.1500244140625,6091
2025-04-11 10:20:00+05:30,685.7000122070312,685.9000244140625,685.0499877929688,685.0499877929688,10061
2025-04-11 10:21:00+05:30,685.5999755859375,685.6500244140625,685.5,685.5,1579
2025-04-11 10:22:00+05:30,685.5499877929688,685.5499877929688,685.5,685.5,1274
2025-04-11 10:23:00+05:30,684.75,685.5,684.75,685.5,4611
2025-04-11 10:24:00+05:30,683.4000244140625,684.6500244140625,683.4000244140625,684.6500244140625,7801
2025-04-11 10:25:00+05:30,684.5,684.8499755859375,683.6500244140625,683.6500244140625,11700
2025-04-11 10:26:00+05:30,684.9500122070312,685.2000122070312,684.5,684.5,20600
2025-04-11 10:27:00+05:30,685.0,685.0999755859375,684.9500122070312,685.0999755859375,4217
2025-04-11 10:28:00+05:30,684.8499755859375,685.0,684.7999877929688,684.9000244140625,4604
2025-04-11 10:29:00+05:30,684.3499755859375,684.8499755859375,684.1500244140625,684.8499755859375,21676
2025-04-11 10:30:00+05:30,684.1500244140625,684.5499877929688,684.1500244140625,684.3499755859375,23759
2025-04-11 10:31:00+05:30,684.6500244140625,684.6500244140625,684.1500244140625,684.1500244140625,7791
2025-04-11 10:32:00+05:30,684.1500244140625,684.7999877929688,683.7000122070312,684.6500244140625,7900
2025-04-11 10:33:00+05:30,683.9500122070312,684.1500244140625,683.9500122070312,684.1500244140625,3605
2025-04-11 10:34:00+05:30,683.8499755859375,684.0,683.8499755859375,683.9500122070312,29868
2025-04-11 10:35:00+05:30,683.25,684.0999755859375,683.0999755859375,684.0999755859375,3310
2025-04-11 10:36:00+05:30,683.0,684.0499877929688,683.0,683.5,11917
2025-04-11 10:37:00+05:30,682.75,683.1500244140625,682.4000244140625,682.9500122070312,6027
2025-04-11 10:38:00+05:30,683.2999877929688,683.5499877929688,682.8499755859375,682.8499755859375,4309
2025-04-11 10:39:00+05:30,683.5,683.5,682.75,682.75,3754
2025-04-11 10:40:00+05:30,683.7000122070312,683.7000122070312,683.4500122070312,683.5,3306
2025-04-11 10:41:00+05:30,682.75,684.2000122070312,682.75,684.2000122070312,8221
2025-04-11 10:42:00+05:30,683.25,683.3499755859375,682.75,682.75,3601
2025-04-11 10:43:00+05:30,682.5,683.2000122070312,682.5,683.2000122070312,2755
2025-04-11 10:44:00+05:30,683.0999755859375,683.25,682.6500244140625,682.7000122070312,6295
2025-04-11 10:45:00+05:30,682.5,683.2000122070312,682.5,683.0999755859375,5298
2025-04-11 10:46:00+05:30,682.2000122070312,682.5499877929688,682.1500244140625,682.4500122070312,8633
2025-04-11 10:47:00+05:30,682.4000244140625,682.75,682.2000122070312,682.2000122070312,10560
2025-04-11 10:48:00+05:30,682.9000244140625,682.9000244140625,682.2999877929688,682.2999877929688,3794
2025-04-11 10:49:00+05:30,683.0999755859375,683.3499755859375,682.9000244140625,682.9000244140625,2657
2025-04-11 10:50:00+05:30,682.7999877929688,683.4000244140625,682.7999877929688,683.4000244140625,3943
2025-04-11 10:51:00+05:30,682.4500122070312,682.9000244140625,682.4500122070312,682.9000244140625,70294
2025-04-11 10:52:00+05:30,682.75,683.2999877929688,682.6500244140625,682.75,4654
2025-04-11 10:53:00+05:30,682.5,682.6500244140625,682.5,682.6500244140625,593
2025-04-11 10:54:00+05:30,682.5499877929688,682.9500122070312,682.5499877929688,682.75,10870
2025-04-11 10:55:00+05:30,682.4500122070312,682.5999755859375,682.4500122070312,682.4500122070312,1191
2025-04-11 10:56:00+05:30,682.7000122070312,682.7000122070312,682.4000244140625,682.4500122070312,4516
2025-04-11 10:57:00+05:30,683.0999755859375,683.2000122070312,682.7999877929688,683.2000122070312,2718
2025-04-11 10:58:00+05:30,683.0,683.1500244140625,682.8499755859375,683.0999755859375,734
2025-04-11 10:59:00+05:30,682.6500244140625,683.0,682.5499877929688,683.0,5040
2025-04-11 11:00:00+05:30,683.0999755859375,683.2000122070312,682.5999755859375,682.5999755859375,4085
2025-04-11 11:01:00+05:30,684.4500122070312,684.7999877929688,683.8499755859375,684.4000244140625,58200
2025-04-11 11:02:00+05:30,685.25,686.0,684.5499877929688,685.0,50475
2025-04-11 11:03:00+05:30,685.5499877929688,685.8499755859375,684.4500122070312,685.0,4547
2025-04-11 11:04:00+05:30,685.1500244140625,685.5499877929688,685.1500244140625,685.5499877929688,555
2025-04-11 11:05:00+05:30,684.9000244140625,685.3499755859375,684.75,685.3499755859375,4265
2025-04-11 11:06:00+05:30,685.25,685.2999877929688,684.5499877929688,684.9000244140625,3506
2025-04-11 11:07:00+05:30,685.9000244140625,685.9000244140625,685.25,685.25,5180
2025-04-11 11:08:00+05:30,686.4000244140625,686.7000122070312,685.7999877929688,685.7999877929688,3111
2025-04-11 11:09:00+05:30,685.7999877929688,686.4000244140625,685.7999877929688,686.4000244140625,803
2025-04-11 11:10:00+05:30,685.5,685.9000244140625,685.5,685.75,1892
2025-04-11 11:11:00+05:30,685.6500244140625,685.7000122070312,685.4000244140625,685.4500122070312,771
2025-04-11 11:12:00+05:30,686.25,686.25,685.2999877929688,685.5,2579
2025-04-11 11:13:00+05:30,685.0,686.1500244140625,685.0,686.1500244140625,512900
2025-04-11 11:14:00+05:30,685.5499877929688,685.5499877929688,685.0,685.0,71816
2025-04-11 11:15:00+05:30,686.1500244140625,686.1500244140625,685.5999755859375,685.5999755859375,1320
2025-04-11 11:16:00+05:30,685.9000244140625,686.2000122070312,685.9000244140625,686.1500244140625,606
2025-04-11 11:17:00+05:30,685.2999877929688,685.8499755859375,685.2999877929688,685.8499755859375,2286
2025-04-11 11:18:00+05:30,685.7000122070312,685.75,685.2999877929688,685.2999877929688,3091
2025-04-11 11:19:00+05:30,685.7000122070312,685.7999877929688,685.6500244140625,685.6500244140625,472
2025-04-11 11:20:00+05:30,685.9000244140625,686.2000122070312,685.6500244140625,685.75,8425
2025-04-11 11:21:00+05:30,686.0999755859375,686.0999755859375,685.7000122070312,685.7999877929688,2905
2025-04-11 11:22:00+05:30,685.7000122070312,686.0999755859375,685.7000122070312,686.0999755859375,868
2025-04-11 11:23:00+05:30,685.7000122070312,685.8499755859375,685.3499755859375,685.7000122070312,4923
2025-04-11 11:24:00+05:30,686.2000122070312,686.2000122070312,685.4000244140625,685.7000122070312,3106
2025-04-11 11:25:00+05:30,685.9500122070312,686.4000244140625,685.9500122070312,686.2000122070312,3507
2025-04-11 11:26:00+05:30,685.75,685.9500122070312,685.75,685.9500122070312,582
2025-04-11 11:27:00+05:30,685.3499755859375,685.75,685.3499755859375,685.75,1534
2025-04-11 11:28:00+05:30,686.0,686.0499877929688,685.2999877929688,685.3499755859375,4121
2025-04-11 11:29:00+05:30,685.7999877929688,686.0,685.5499877929688,685.7999877929688,6296
2025-04-11 11:30:00+05:30,685.6500244140625,686.0,685.6500244140625,685.6500244140625,1447
2025-04-11 11:31:00+05:30,685.5,685.6500244140625,685.5,685.6500244140625,2111
2025-04-11 11:32:00+05:30,685.5,685.5,685.4500122070312,685.5,1780
2025-04-11 11:33:00+05:30,685.3499755859375,685.5,685.3499755859375,685.5,998
2025-04-11 11:34:00+05:30,685.2999877929688,685.3499755859375,685.0,685.3499755859375,2799
2025-04-11 11:35:00+05:30,685.8499755859375,685.8499755859375,685.0999755859375,685.2999877929688,4776
2025-04-11 11:36:00+05:30,685.9000244140625,686.2000122070312,685.75,685.9500122070312,4083
2025-04-11 11:37:00+05:30,685.9500122070312,686.4500122070312,685.9000244140625,685.9000244140625,1896
2025-04-11 11:38:00+05:30,685.9000244140625,686.4500122070312,685.9000244140625,685.9500122070312,1635
2025-04-11 11:39:00+05:30,686.0,686.0,686.0,686.0,557
2025-04-11 11:40:00+05:30,685.7999877929688,686.0,685.75,686.0,2896
2025-04-11 11:41:00+05:30,685.5999755859375,685.7000122070312,685.4000244140625,685.7000122070312,2216
2025-04-11 11:42:00+05:30,685.9500122070312,685.9500122070312,685.4500122070312,685.5999755859375,3586
2025-04-11 11:43:00+05:30,685.9000244140625,685.9500122070312,685.9000244140625,685.9000244140625,1301
2025-04-11 11:44:00+05:30,685.5,685.9000244140625,685.5,685.9000244140625,2839
2025-04-11 11:45:00+05:30,685.3499755859375,685.5,685.25,685.5,2879
2025-04-11 11:46:00+05:30,685.75,685.9500122070312,685.5,685.5,3242
2025-04-11 11:47:00+05:30,685.7999877929688,685.8499755859375,685.7999877929688,685.8499755859375,794
2025-04-11 11:48:00+05:30,685.5999755859375,685.8499755859375,685.5499877929688,685.7999877929688,3123
2025-04-11 11:49:00+05:30,685.5999755859375,686.0999755859375,685.1500244140625,685.5999755859375,21492
2025-04-11 11:50:00+05:30,685.5499877929688,685.5999755859375,685.5,685.5999755859375,1455
2025-04-11 11:51:00+05:30,685.7000122070312,686.0,685.5499877929688,685.5499877929688,4768
2025-04-11 11:52:00+05:30,685.5999755859375,685.9500122070312,685.5,685.9500122070312,3596
2025-04-11 11:53:00+05:30,685.4500122070312,685.75,685.3499755859375,685.3499755859375,3898
2025-04-11 11:54:00+05:30,685.4500122070312,685.4500122070312,685.4000244140625,685.4500122070312,1674
2025-04-11 11:55:00+05:30,685.4000244140625,685.4500122070312,685.2999877929688,685.4500122070312,1196
2025-04-11 11:56:00+05:30,684.5499877929688,685.4500122070312,684.5499877929688,685.4000244140625,6570
2025-04-11 11:57:00+05:30,685.2999877929688,685.2999877929688,684.75,684.7999877929688,5269
2025-04-11 11:58:00+05:30,685.4000244140625,685.4000244140625,684.9000244140625,685.25,4704
2025-04-11 11:59:00+05:30,685.3499755859375,685.7000122070312,685.3499755859375,685.4000244140625,2383
2025-04-11 12:00:00+05:30,685.5499877929688,685.6500244140625,685.3499755859375,685.3499755859375,4223
2025-04-11 12:01:00+05:30,685.6500244140625,685.7000122070312,685.5499877929688,685.5499877929688,1645
2025-04-11 12:02:00+05:30,685.5,685.6500244140625,684.9000244140625,685.4500122070312,5896
2025-04-11 12:03:00+05:30,685.5,685.6500244140625,685.1500244140625,685.4500122070312,3440
2025-04-11 12:04:00+05:30,685.7000122070312,685.7000122070312,685.3499755859375,685.4500122070312,3245
2025-04-11 12:05:00+05:30,685.6500244140625,685.7000122070312,685.6500244140625,685.7000122070312,2035
2025-04-11 12:06:00+05:30,685.7000122070312,685.7000122070312,685.5,685.6500244140625,2004
2025-04-11 12:07:00+05:30,685.7000122070312,686.25,685.5499877929688,685.7000122070312,7231
2025-04-11 12:08:00+05:30,685.7999877929688,685.7999877929688,685.5,685.7000122070312,2749
2025-04-11 12:09:00+05:30,685.5999755859375,685.6500244140625,685.5999755859375,685.6500244140625,1470
2025-04-11 12:10:00+05:30,685.5499877929688,685.5999755859375,685.4000244140625,685.5999755859375,936
2025-04-11 12:11:00+05:30,685.4500122070312,685.5,685.2999877929688,685.5,2548
2025-04-11 12:12:00+05:30,685.6500244140625,685.8499755859375,685.4500122070312,685.4500122070312,5211
2025-04-11 12:13:00+05:30,686.4500122070312,686.4500122070312,685.8499755859375,685.8499755859375,3258
2025-04-11 12:14:00+05:30,686.1500244140625,686.4500122070312,685.9500122070312,686.4500122070312,3291
2025-04-11 12:15:00+05:30,686.0999755859375,686.7999877929688,686.0999755859375,686.1500244140625,6977
2025-04-11 12:16:00+05:30,686.25,686.7000122070312,686.0,686.0,4382
2025-04-11 12:17:00+05:30,686.4500122070312,686.4500122070312,685.8499755859375,686.25,5583
2025-04-11 12:18:00+05:30,686.2999877929688,686.5,686.0999755859375,686.5,3018
2025-04-11 12:19:00+05:30,686.0,686.2999877929688,686.0,686.2999877929688,1620
2025-04-11 12:20:00+05:30,685.7999877929688,686.0,685.6500244140625,686.0,2000
2025-04-11 12:21:00+05:30,685.7999877929688,685.8499755859375,685.6500244140625,685.8499755859375,3196
2025-04-11 12:22:00+05:30,685.4000244140625,685.7999877929688,685.4000244140625,685.7999877929688,2991
2025-04-11 12:23:00+05:30,685.4000244140625,685.75,685.4000244140625,685.7000122070312,2096
2025-04-11 12:24:00+05:30,685.6500244140625,685.7000122070312,685.4000244140625,685.5999755859375,3763
2025-04-11 12:25:00+05:30,685.7999877929688,685.7999877929688,685.3499755859375,685.6500244140625,5308
2025-04-11 12:26:00+05:30,686.0499877929688,686.0499877929688,685.7000122070312,685.7999877929688,2404
2025-04-11 12:27:00+05:30,686.0999755859375,686.1500244140625,685.75,686.0499877929688,3276
2025-04-11 12:28:00+05:30,686.0499877929688,686.3499755859375,685.8499755859375,685.8499755859375,2565
2025-04-11 12:29:00+05:30,686.0,686.0999755859375,685.9500122070312,686.0499877929688,2150
2025-04-11 12:30:00+05:30,685.9500122070312,686.0499877929688,685.6500244140625,685.9500122070312,2212
2025-04-11 12:31:00+05:30,686.2999877929688,686.2999877929688,685.75,685.9500122070312,3616
2025-04-11 12:32:00+05:30,685.7999877929688,686.1500244140625,685.7999877929688,686.1500244140625,1926
2025-04-11 12:33:00+05:30,685.75,685.7999877929688,685.5999755859375,685.7999877929688,3328
2025-04-11 12:34:00+05:30,686.2000122070312,686.2999877929688,685.7000122070312,685.75,5768
2025-04-11 12:35:00+05:30,685.7999877929688,686.0,685.6500244140625,685.6500244140625,2640
2025-04-11 12:36:00+05:30,685.75,685.7999877929688,685.5499877929688,685.7999877929688,2556
2025-04-11 12:37:00+05:30,685.7999877929688,685.7999877929688,685.5,685.75,2719
2025-04-11 12:38:00+05:30,685.9500122070312,686.0999755859375,685.5999755859375,685.7999877929688,3069
2025-04-11 12:39:00+05:30,685.6500244140625,686.0499877929688,685.6500244140625,685.7999877929688,1593
2025-04-11 12:40:00+05:30,685.7999877929688,686.1500244140625,685.6500244140625,685.7000122070312,4038
2025-04-11 12:41:00+05:30,685.8499755859375,685.8499755859375,685.7999877929688,685.7999877929688,1521
2025-04-11 12:42:00+05:30,685.8499755859375,685.8499755859375,685.5999755859375,685.8499755859375,2290
2025-04-11 12:43:00+05:30,685.8499755859375,685.8499755859375,685.7999877929688,685.8499755859375,2346
2025-04-11 12:44:00+05:30,685.6500244140625,685.8499755859375,685.5999755859375,685.8499755859375,2448
2025-04-11 12:45:00+05:30,685.8499755859375,685.9500122070312,685.5,685.9500122070312,2906
2025-04-11 12:46:00+05:30,685.7999877929688,685.8499755859375,685.7000122070312,685.8499755859375,2161
2025-04-11 12:47:00+05:30,685.9000244140625,685.9000244140625,685.7999877929688,685.7999877929688,2654
2025-04-11 12:48:00+05:30,685.9500122070312,686.0,685.7000122070312,685.7999877929688,7091
2025-04-11 12:49:00+05:30,686.25,686.2999877929688,685.7999877929688,685.9000244140625,2976
2025-04-11 12:50:00+05:30,686.1500244140625,686.4500122070312,686.0999755859375,686.25,2058
2025-04-11 12:51:00+05:30,686.4000244140625,686.4000244140625,685.8499755859375,686.0999755859375,4830
2025-04-11 12:52:00+05:30,686.3499755859375,686.4000244140625,686.3499755859375,686.3499755859375,1568
2025-04-11 12:53:00+05:30,686.0499877929688,686.4000244140625,685.7999877929688,686.2999877929688,8433
2025-04-11 12:54:00+05:30,685.75,686.1500244140625,685.7000122070312,685.7000122070312,2937
2025-04-11 12:55:00+05:30,685.9500122070312,685.9500122070312,685.5499877929688,685.75,2880
2025-04-11 12:56:00+05:30,686.0,686.0,685.6500244140625,685.9000244140625,2555
2025-04-11 12:57:00+05:30,685.75,686.0499877929688,685.7000122070312,686.0,1860
2025-04-11 12:58:00+05:30,685.6500244140625,685.75,685.5,685.7000122070312,2893
2025-04-11 12:59:00+05:30,684.9000244140625,685.4500122070312,684.7999877929688,685.4000244140625,3742
2025-04-11 13:00:00+05:30,684.6500244140625,684.8499755859375,684.4500122070312,684.7999877929688,4742
2025-04-11 13:01:00+05:30,684.8499755859375,685.0999755859375,684.7000122070312,684.7000122070312,6980
2025-04-11 13:02:00+05:30,684.8499755859375,684.8499755859375,684.7999877929688,684.7999877929688,1894
2025-04-11 13:03:00+05:30,684.7999877929688,684.9500122070312,684.7999877929688,684.8499755859375,2796
2025-04-11 13:04:00+05:30,685.0499877929688,685.3499755859375,684.7000122070312,684.7000122070312,2618
2025-04-11 13:05:00+05:30,685.3499755859375,685.3499755859375,685.0999755859375,685.0999755859375,2327
2025-04-11 13:06:00+05:30,685.3499755859375,685.3499755859375,685.0499877929688,685.3499755859375,1714
2025-04-11 13:07:00+05:30,685.4500122070312,685.4500122070312,685.0499877929688,685.3499755859375,2478
2025-04-11 13:08:00+05:30,685.3499755859375,685.4000244140625,685.0499877929688,685.4000244140625,1763
2025-04-11 13:09:00+05:30,684.9500122070312,685.2999877929688,684.9500122070312,685.0,2202
2025-04-11 13:10:00+05:30,685.0999755859375,685.1500244140625,684.9000244140625,684.9500122070312,3892
2025-04-11 13:11:00+05:30,685.5499877929688,686.0999755859375,685.0499877929688,685.0999755859375,5699
2025-04-11 13:12:00+05:30,686.0999755859375,686.0999755859375,685.9500122070312,685.9500122070312,1012
2025-04-11 13:13:00+05:30,686.0,686.2999877929688,686.0,686.0999755859375,3086
2025-04-11 13:14:00+05:30,685.9000244140625,686.1500244140625,685.9000244140625,686.0,2246
2025-04-11 13:15:00+05:30,685.8499755859375,686.0499877929688,685.8499755859375,685.9000244140625,2379
2025-04-11 13:16:00+05:30,685.5,685.8499755859375,685.2000122070312,685.8499755859375,1840
2025-04-11 13:17:00+05:30,685.4000244140625,685.4500122070312,685.3499755859375,685.3499755859375,2602
2025-04-11 13:18:00+05:30,685.25,685.4500122070312,685.1500244140625,685.4000244140625,1720
2025-04-11 13:19:00+05:30,685.2999877929688,685.5,685.2999877929688,685.5,2825
2025-04-11 13:20:00+05:30,685.0,685.2999877929688,685.0,685.2999877929688,3608
2025-04-11 13:21:00+05:30,685.25,685.2999877929688,684.9000244140625,684.9500122070312,5737
2025-04-11 13:22:00+05:30,684.9500122070312,685.2999877929688,684.7999877929688,685.2999877929688,2766
2025-04-11 13:23:00+05:30,685.0499877929688,685.1500244140625,684.8499755859375,684.9500122070312,3240
2025-04-11 13:24:00+05:30,684.9500122070312,685.0999755859375,684.75,685.0499877929688,1834
2025-04-11 13:25:00+05:30,685.0999755859375,685.3499755859375,684.9500122070312,685.2999877929688,9355
2025-04-11 13:26:00+05:30,685.0,685.3499755859375,684.7999877929688,685.0999755859375,8873
2025-04-11 13:27:00+05:30,684.5999755859375,685.0,684.5999755859375,685.0,3152
2025-04-11 13:28:00+05:30,684.9500122070312,684.9500122070312,684.5499877929688,684.5999755859375,6279
2025-04-11 13:29:00+05:30,684.8499755859375,685.0,684.8499755859375,684.9500122070312,2838
2025-04-11 13:30:00+05:30,684.4000244140625,684.9000244140625,684.4000244140625,684.8499755859375,2240
2025-04-11 13:31:00+05:30,684.2000122070312,684.5999755859375,684.2000122070312,684.4500122070312,5448
2025-04-11 13:32:00+05:30,684.25,684.6500244140625,684.0999755859375,684.3499755859375,4957
2025-04-11 13:33:00+05:30,684.25,684.5,684.2000122070312,684.25,1747
2025-04-11 13:34:00+05:30,684.0,684.25,684.0,684.25,2536
2025-04-11 13:35:00+05:30,684.4000244140625,684.4000244140625,683.8499755859375,684.0,7293
2025-04-11 13:36:00+05:30,684.4500122070312,684.7000122070312,684.3499755859375,684.3499755859375,4439
2025-04-11 13:37:00+05:30,684.9500122070312,684.9500122070312,684.5,684.75,4217
2025-04-11 13:38:00+05:30,685.0,685.3499755859375,684.7999877929688,684.7999877929688,11474
2025-04-11 13:39:00+05:30,685.4000244140625,685.7000122070312,685.0,685.3499755859375,4393
2025-04-11 13:40:00+05:30,685.4500122070312,685.5999755859375,685.2999877929688,685.3499755859375,2427
2025-04-11 13:41:00+05:30,685.2999877929688,685.4500122070312,685.2000122070312,685.4500122070312,2026
2025-04-11 13:42:00+05:30,685.0999755859375,685.5499877929688,685.0999755859375,685.5499877929688,3699
2025-04-11 13:43:00+05:30,685.0,685.5999755859375,685.0,685.0999755859375,7960
2025-04-11 13:44:00+05:30,685.0,685.2999877929688,684.7999877929688,684.7999877929688,3044
2025-04-11 13:45:00+05:30,684.9500122070312,685.4000244140625,684.7000122070312,685.0,4607
2025-04-11 13:46:00+05:30,685.0499877929688,685.2000122070312,684.75,684.75,2596
2025-04-11 13:47:00+05:30,684.7000122070312,685.1500244140625,684.7000122070312,685.0499877929688,1957
2025-04-11 13:48:00+05:30,685.0,685.0499877929688,684.8499755859375,684.9500122070312,2010
2025-04-11 13:49:00+05:30,684.75,685.0,684.75,685.0,4025
2025-04-11 13:50:00+05:30,684.7999877929688,685.0,684.7000122070312,684.9000244140625,4390
2025-04-11 13:51:00+05:30,684.5499877929688,685.0,684.5499877929688,685.0,4080
2025-04-11 13:52:00+05:30,684.9000244140625,685.0,684.9000244140625,685.0,4363
2025-04-11 13:53:00+05:30,684.6500244140625,684.8499755859375,684.3499755859375,684.8499755859375,3685
2025-04-11 13:54:00+05:30,684.3499755859375,684.6500244140625,684.25,684.6500244140625,4319
2025-04-11 13:55:00+05:30,684.8499755859375,684.8499755859375,684.4000244140625,684.4000244140625,4190
2025-04-11 13:56:00+05:30,684.5999755859375,684.8499755859375,684.5999755859375,684.8499755859375,1839
2025-04-11 13:57:00+05:30,684.7000122070312,684.9000244140625,684.4500122070312,684.7999877929688,4229
2025-04-11 13:58:00+05:30,684.6500244140625,684.8499755859375,684.6500244140625,684.7000122070312,2833
2025-04-11 13:59:00+05:30,684.9000244140625,685.0,684.5999755859375,684.6500244140625,4189
2025-04-11 14:00:00+05:30,684.7000122070312,684.8499755859375,684.2000122070312,684.8499755859375,4640
2025-04-11 14:01:00+05:30,684.2999877929688,684.6500244140625,684.2999877929688,684.6500244140625,1561
2025-04-11 14:02:00+05:30,684.4500122070312,684.7999877929688,684.25,684.2999877929688,5226
2025-04-11 14:03:00+05:30,683.9500122070312,684.3499755859375,683.75,684.1500244140625,4519
2025-04-11 14:04:00+05:30,684.0999755859375,684.1500244140625,683.7999877929688,683.7999877929688,2631
2025-04-11 14:05:00+05:30,684.2000122070312,684.2000122070312,683.9500122070312,684.0999755859375,3186
2025-04-11 14:06:00+05:30,684.0499877929688,684.1500244140625,683.75,684.0999755859375,2017
2025-04-11 14:07:00+05:30,684.7999877929688,684.8499755859375,684.0499877929688,684.0499877929688,3305
2025-04-11 14:08:00+05:30,684.9500122070312,685.0,684.7000122070312,684.75,2473
2025-04-11 14:09:00+05:30,684.8499755859375,684.9500122070312,684.5499877929688,684.9500122070312,2381
2025-04-11 14:10:00+05:30,684.7000122070312,684.7999877929688,684.7000122070312,684.7999877929688,2646
2025-04-11 14:11:00+05:30,684.9500122070312,685.0999755859375,684.5499877929688,684.7000122070312,9076
2025-04-11 14:12:00+05:30,684.9000244140625,685.0,684.9000244140625,684.9000244140625,1924
2025-04-11 14:13:00+05:30,684.4500122070312,684.9000244140625,684.3499755859375,684.9000244140625,2847
2025-04-11 14:14:00+05:30,684.7999877929688,684.7999877929688,684.4500122070312,684.4500122070312,2112
2025-04-11 14:15:00+05:30,684.7999877929688,684.7999877929688,684.5,684.75,1938
2025-04-11 14:16:00+05:30,684.7000122070312,684.7999877929688,684.7000122070312,684.7999877929688,1438
2025-04-11 14:17:00+05:30,684.6500244140625,684.7000122070312,684.6500244140625,684.7000122070312,1471
2025-04-11 14:18:00+05:30,685.4000244140625,685.4000244140625,684.6500244140625,684.6500244140625,3395
2025-04-11 14:19:00+05:30,685.2999877929688,685.4500122070312,685.2999877929688,685.4000244140625,3927
2025-04-11 14:20:00+05:30,685.4000244140625,685.4500122070312,685.3499755859375,685.4500122070312,2147
2025-04-11 14:21:00+05:30,685.4500122070312,685.4500122070312,685.3499755859375,685.4000244140625,1928
2025-04-11 14:22:00+05:30,685.4000244140625,685.4500122070312,685.3499755859375,685.4500122070312,2071
2025-04-11 14:23:00+05:30,685.2999877929688,685.4500122070312,685.2999877929688,685.4500122070312,3485
2025-04-11 14:24:00+05:30,686.0,686.0,685.3499755859375,685.5499877929688,6033
2025-04-11 14:25:00+05:30,686.2999877929688,686.2999877929688,685.8499755859375,686.0,2745
2025-04-11 14:26:00+05:30,686.4500122070312,686.5999755859375,686.0,686.25,18312
2025-04-11 14:27:00+05:30,686.7999877929688,686.7999877929688,686.3499755859375,686.4500122070312,1984
2025-04-11 14:28:00+05:30,686.9500122070312,686.9500122070312,686.7999877929688,686.7999877929688,2855
2025-04-11 14:29:00+05:30,686.5999755859375,686.7999877929688,686.4500122070312,686.7999877929688,2485
2025-04-11 14:30:00+05:30,686.8499755859375,686.8499755859375,686.5499877929688,686.75,2692
2025-04-11 14:31:00+05:30,686.9500122070312,687.0,686.7999877929688,686.9000244140625,2065
2025-04-11 14:32:00+05:30,687.0,687.0,686.7000122070312,686.9500122070312,1744
2025-04-11 14:33:00+05:30,686.5,686.9500122070312,686.4000244140625,686.75,26743
2025-04-11 14:34:00+05:30,686.25,686.4000244140625,686.1500244140625,686.4000244140625,2000
2025-04-11 14:35:00+05:30,685.6500244140625,686.25,685.5999755859375,686.2000122070312,303761
2025-04-11 14:36:00+05:30,685.5999755859375,685.8499755859375,685.25,685.7000122070312,3680
2025-04-11 14:37:00+05:30,685.5499877929688,685.9000244140625,685.4500122070312,685.5999755859375,2733
2025-04-11 14:38:00+05:30,685.25,685.5,685.2000122070312,685.5,3781
2025-04-11 14:39:00+05:30,685.0,685.3499755859375,685.0,685.2000122070312,6283
2025-04-11 14:40:00+05:30,685.0,685.0,684.8499755859375,685.0,40648
2025-04-11 14:41:00+05:30,684.9500122070312,685.0,684.7000122070312,685.0,9303
2025-04-11 14:42:00+05:30,684.6500244140625,685.0,684.6500244140625,684.9500122070312,53299
2025-04-11 14:43:00+05:30,684.5999755859375,684.6500244140625,684.5999755859375,684.6500244140625,3488
2025-04-11 14:44:00+05:30,684.9500122070312,684.9500122070312,684.5499877929688,684.5499877929688,5903
2025-04-11 14:45:00+05:30,684.9500122070312,684.9500122070312,684.7999877929688,684.9000244140625,1910
2025-04-11 14:46:00+05:30,684.9500122070312,685.0,684.8499755859375,685.0,5260
2025-04-11 14:47:00+05:30,684.9500122070312,685.0,684.8499755859375,684.9500122070312,4474
2025-04-11 14:48:00+05:30,685.0,685.0,684.9500122070312,684.9500122070312,27085
2025-04-11 14:49:00+05:30,685.0,685.0,684.9500122070312,685.0,20919
2025-04-11 14:50:00+05:30,684.9500122070312,685.0,684.8499755859375,685.0,21229
2025-04-11 14:51:00+05:30,684.9500122070312,684.9500122070312,684.9000244140625,684.9500122070312,2536
2025-04-11 14:52:00+05:30,684.75,684.9500122070312,684.75,684.9500122070312,5171
2025-04-11 14:53:00+05:30,684.5999755859375,684.8499755859375,684.5999755859375,684.75,3793
2025-04-11 14:54:00+05:30,685.0,685.0,684.5499877929688,684.5499877929688,6701
2025-04-11 14:55:00+05:30,684.9000244140625,685.0,684.9000244140625,685.0,2956
2025-04-11 14:56:00+05:30,684.9000244140625,684.9500122070312,684.9000244140625,684.9000244140625,2344
2025-04-11 14:57:00+05:30,685.2000122070312,685.2999877929688,684.9000244140625,684.9500122070312,13070
2025-04-11 14:58:00+05:30,685.0,685.3499755859375,685.0,685.2000122070312,40742
2025-04-11 14:59:00+05:30,685.2999877929688,685.3499755859375,684.9500122070312,684.9500122070312,10717
2025-04-11 15:00:00+05:30,685.4500122070312,685.9000244140625,685.2999877929688,685.2999877929688,20295
2025-04-11 15:01:00+05:30,685.75,685.8499755859375,685.3499755859375,685.4500122070312,12584
2025-04-11 15:02:00+05:30,685.5,685.9500122070312,685.5,685.75,10638
2025-04-11 15:03:00+05:30,685.9500122070312,685.9500122070312,685.6500244140625,685.75,10357
2025-04-11 15:04:00+05:30,686.0,686.0,685.9500122070312,686.0,10355
2025-04-11 15:05:00+05:30,685.9500122070312,686.0,685.9500122070312,686.0,11300
2025-04-11 15:06:00+05:30,685.8499755859375,685.9500122070312,685.7999877929688,685.9500122070312,14833
2025-04-11 15:07:00+05:30,685.75,685.9000244140625,685.75,685.8499755859375,7954
2025-04-11 15:08:00+05:30,685.8499755859375,685.8499755859375,685.75,685.8499755859375,7163
2025-04-11 15:09:00+05:30,685.8499755859375,685.9500122070312,685.7999877929688,685.8499755859375,8448
2025-04-11 15:10:00+05:30,686.0499877929688,686.2000122070312,685.9000244140625,685.9000244140625,14107
2025-04-11 15:11:00+05:30,685.75,685.9500122070312,685.75,685.9500122070312,11538
2025-04-11 15:12:00+05:30,685.6500244140625,685.7000122070312,685.4500122070312,685.7000122070312,11492
2025-04-11 15:13:00+05:30,685.5499877929688,685.7000122070312,685.5,685.5999755859375,8815
2025-04-11 15:14:00+05:30,685.2000122070312,685.4500122070312,685.2000122070312,685.4500122070312,12523
2025-04-11 15:15:00+05:30,685.1500244140625,685.2000122070312,685.0,685.2000122070312,13958
2025-04-11 15:16:00+05:30,684.9500122070312,685.1500244140625,684.8499755859375,685.1500244140625,11493
2025-04-11 15:17:00+05:30,684.8499755859375,684.9500122070312,684.8499755859375,684.9500122070312,14716
2025-04-11 15:18:00+05:30,684.8499755859375,684.9500122070312,684.7000122070312,684.9500122070312,20378
2025-04-11 15:19:00+05:30,685.0999755859375,685.0999755859375,684.9000244140625,684.9000244140625,13903
2025-04-11 15:20:00+05:30,684.9500122070312,685.0999755859375,684.9500122070312,685.0999755859375,14978
2025-04-11 15:21:00+05:30,685.8499755859375,685.8499755859375,685.0999755859375,685.0999755859375,37391
2025-04-11 15:22:00+05:30,686.25,686.25,685.7999877929688,685.8499755859375,18945
2025-04-11 15:23:00+05:30,686.2000122070312,686.3499755859375,686.0,686.0,12249
2025-04-11 15:24:00+05:30,685.1500244140625,686.25,685.1500244140625,686.2000122070312,15355
2025-04-11 15:25:00+05:30,685.5,685.5999755859375,685.4000244140625,685.4000244140625,13896
2025-04-11 15:26:00+05:30,686.0,686.0,685.5499877929688,685.5499877929688,13521
2025-04-11 15:27:00+05:30,686.0,686.0,685.9000244140625,685.9000244140625,16172
2025-04-11 15:28:00+05:30,686.0499877929688,686.25,685.9500122070312,685.9500122070312,10362
2025-04-11 15:29:00+05:30,685.3499755859375,686.4000244140625,685.2000122070312,686.0,5470
2025-04-16 09:15:00+05:30,706.1500244140625,706.1500244140625,700.9000244140625,700.9000244140625,0
2025-04-16 09:16:00+05:30,709.0,709.4500122070312,706.3499755859375,706.3499755859375,49104
2025-04-16 09:17:00+05:30,708.2000122070312,709.4000244140625,707.0499877929688,708.4000244140625,33054
2025-04-16 09:18:00+05:30,708.2999877929688,708.5499877929688,707.2000122070312,708.5499877929688,15918
2025-04-16 09:19:00+05:30,709.0499877929688,709.2000122070312,707.0499877929688,708.0,15567
2025-04-16 09:20:00+05:30,711.9000244140625,712.25,708.7000122070312,709.0499877929688,76908
2025-04-16 09:21:00+05:30,711.75,712.0,710.0,711.75,37272
2025-04-16 09:22:00+05:30,712.75,713.3499755859375,711.0499877929688,711.9500122070312,62513
2025-04-16 09:23:00+05:30,712.2000122070312,712.5999755859375,711.5,712.4000244140625,63732
2025-04-16 09:24:00+05:30,711.1500244140625,712.5,710.7999877929688,712.3499755859375,36915
2025-04-16 09:25:00+05:30,710.4500122070312,711.9000244140625,709.8499755859375,711.9000244140625,28830
2025-04-16 09:26:00+05:30,712.5499877929688,712.9000244140625,709.7999877929688,710.4000244140625,36841
2025-04-16 09:27:00+05:30,712.5999755859375,712.9500122070312,712.2000122070312,712.9500122070312,44948
2025-04-16 09:28:00+05:30,714.25,714.25,712.3499755859375,712.7000122070312,64418
2025-04-16 09:29:00+05:30,712.3499755859375,714.1500244140625,711.2999877929688,714.1500244140625,53241
2025-04-16 09:30:00+05:30,712.8499755859375,713.0499877929688,712.4500122070312,712.7000122070312,22825
2025-04-16 09:31:00+05:30,714.0499877929688,714.3499755859375,712.2000122070312,713.0499877929688,33731
2025-04-16 09:32:00+05:30,715.0,715.0,714.0999755859375,714.3499755859375,53302
2025-04-16 09:33:00+05:30,714.1500244140625,715.0,714.0,715.0,27613
2025-04-16 09:34:00+05:30,712.5499877929688,714.0,712.5499877929688,713.75,13994
2025-04-16 09:35:00+05:30,713.0,713.5,712.5499877929688,713.0,8774
2025-04-16 09:36:00+05:30,712.9500122070312,713.7000122070312,712.5499877929688,713.0,11639
2025-04-16 09:37:00+05:30,713.0,713.5,712.8499755859375,713.0,7536
2025-04-16 09:38:00+05:30,712.5999755859375,713.4500122070312,712.5499877929688,713.4500122070312,5990
2025-04-16 09:39:00+05:30,715.5,715.75,712.0,712.5999755859375,46106
2025-04-16 09:40:00+05:30,714.5999755859375,715.5499877929688,714.2999877929688,715.4000244140625,7129
2025-04-16 09:41:00+05:30,715.7000122070312,716.5,715.0,715.0,50734
2025-04-16 09:42:00+05:30,715.5999755859375,716.0499877929688,715.1500244140625,716.0499877929688,22928
2025-04-16 09:43:00+05:30,716.0,716.0,715.1500244140625,715.5999755859375,5743
2025-04-16 09:44:00+05:30,715.8499755859375,716.0,715.5,716.0,14663
2025-04-16 09:45:00+05:30,716.1500244140625,716.5,715.8499755859375,716.0,14784
2025-04-16 09:46:00+05:30,715.7000122070312,716.1500244140625,715.4000244140625,716.0499877929688,8256
2025-04-16 09:47:00+05:30,715.1500244140625,715.75,715.0,715.7000122070312,6321
2025-04-16 09:48:00+05:30,716.25,716.3499755859375,715.4000244140625,715.4000244140625,7408
2025-04-16 09:49:00+05:30,716.75,716.8499755859375,715.9000244140625,716.1500244140625,17075
2025-04-16 09:50:00+05:30,715.9500122070312,716.8499755859375,715.6500244140625,716.8499755859375,7026
2025-04-16 09:51:00+05:30,715.4500122070312,716.0,715.4000244140625,715.9500122070312,4448
2025-04-16 09:52:00+05:30,715.2999877929688,715.3499755859375,714.9000244140625,714.9500122070312,9465
2025-04-16 09:53:00+05:30,715.5,715.8499755859375,715.0,715.0,7580
2025-04-16 09:54:00+05:30,715.2000122070312,715.5,715.0,715.5,4043
2025-04-16 09:55:00+05:30,715.0,715.4500122070312,714.5999755859375,715.2000122070312,9849
2025-04-16 09:56:00+05:30,714.7999877929688,715.0,714.0499877929688,715.0,16537
2025-04-16 09:57:00+05:30,715.2000122070312,715.25,714.5999755859375,714.8499755859375,5259
2025-04-16 09:58:00+05:30,714.5,715.9000244140625,714.5,715.0499877929688,11400
2025-04-16 09:59:00+05:30,715.2000122070312,715.2999877929688,714.25,714.5,21134
2025-04-16 10:00:00+05:30,714.5999755859375,715.2000122070312,714.2999877929688,714.9500122070312,13437
2025-04-16 10:01:00+05:30,714.9000244140625,714.9000244140625,714.0499877929688,714.75,12242
2025-04-16 10:02:00+05:30,715.7999877929688,716.5499877929688,715.0499877929688,715.0499877929688,16233
2025-04-16 10:03:00+05:30,715.8499755859375,715.9500122070312,715.5499877929688,715.8499755859375,1883
2025-04-16 10:04:00+05:30,716.0499877929688,716.25,715.75,715.75,3700
2025-04-16 10:05:00+05:30,716.1500244140625,716.7000122070312,716.1500244140625,716.3499755859375,4296
2025-04-16 10:06:00+05:30,717.3499755859375,717.4500122070312,716.25,716.2999877929688,20671
2025-04-16 10:07:00+05:30,717.1500244140625,717.8499755859375,717.0999755859375,717.0999755859375,16673
2025-04-16 10:08:00+05:30,717.0999755859375,717.9000244140625,717.0499877929688,717.1500244140625,4845
2025-04-16 10:09:00+05:30,717.5499877929688,717.6500244140625,717.0999755859375,717.0999755859375,2867
2025-04-16 10:10:00+05:30,717.2999877929688,717.6500244140625,717.0,717.6500244140625,9721
2025-04-16 10:11:00+05:30,717.5499877929688,717.7999877929688,717.0,717.25,5056
2025-04-16 10:12:00+05:30,717.8499755859375,717.8499755859375,717.5,717.5499877929688,2951
2025-04-16 10:13:00+05:30,717.5,718.0,717.25,717.9500122070312,7334
2025-04-16 10:14:00+05:30,717.5999755859375,717.8499755859375,717.25,717.25,2659
2025-04-16 10:15:00+05:30,718.1500244140625,718.3499755859375,717.2999877929688,717.2999877929688,14165
2025-04-16 10:16:00+05:30,717.4000244140625,718.4000244140625,717.4000244140625,718.1500244140625,10942
2025-04-16 10:17:00+05:30,717.2999877929688,718.0,717.0,717.4000244140625,6467
2025-04-16 10:18:00+05:30,717.9000244140625,718.1500244140625,717.0,717.25,9880
2025-04-16 10:19:00+05:30,716.8499755859375,718.0999755859375,716.8499755859375,717.9000244140625,11664
2025-04-16 10:20:00+05:30,717.1500244140625,717.75,716.75,716.75,10990
2025-04-16 10:21:00+05:30,717.2000122070312,717.6500244140625,716.9000244140625,717.0999755859375,11313
2025-04-16 10:22:00+05:30,716.75,717.2999877929688,716.5999755859375,717.0499877929688,7699
2025-04-16 10:23:00+05:30,716.8499755859375,717.1500244140625,716.0999755859375,716.75,11906
2025-04-16 10:24:00+05:30,716.4000244140625,717.4000244140625,716.4000244140625,716.8499755859375,11060
2025-04-16 10:25:00+05:30,717.0499877929688,717.3499755859375,716.4000244140625,716.4000244140625,8856
2025-04-16 10:26:00+05:30,717.5,717.5,717.0,717.1500244140625,4873
2025-04-16 10:27:00+05:30,717.3499755859375,717.5,717.2000122070312,717.2000122070312,4712
2025-04-16 10:28:00+05:30,717.2000122070312,717.25,717.0,717.2000122070312,4015
2025-04-16 10:29:00+05:30,717.2000122070312,717.4500122070312,717.0,717.0,3532
2025-04-16 10:30:00+05:30,716.7999877929688,717.4000244140625,716.1500244140625,717.4000244140625,12910
2025-04-16 10:31:00+05:30,717.0,717.4000244140625,716.75,717.0,4235
2025-04-16 10:32:00+05:30,717.3499755859375,717.3499755859375,716.7999877929688,717.0,3713
2025-04-16 10:33:00+05:30,717.0,717.25,716.9000244140625,717.25,2202
2025-04-16 10:34:00+05:30,717.2999877929688,717.3499755859375,716.9000244140625,717.1500244140625,9723
2025-04-16 10:35:00+05:30,717.0999755859375,717.5,717.0,717.5,1334
2025-04-16 10:36:00+05:30,717.0499877929688,717.3499755859375,717.0,717.0,3606
2025-04-16 10:37:00+05:30,717.0,717.2000122070312,717.0,717.0,2728
2025-04-16 10:38:00+05:30,717.0,717.4000244140625,716.7999877929688,717.4000244140625,8541
2025-04-16 10:39:00+05:30,717.0499877929688,717.3499755859375,716.75,717.1500244140625,5269
2025-04-16 10:40:00+05:30,717.0,717.2000122070312,716.9500122070312,717.0499877929688,951
2025-04-16 10:41:00+05:30,716.6500244140625,717.1500244140625,716.6500244140625,717.0,4890
2025-04-16 10:42:00+05:30,716.75,716.9500122070312,716.5499877929688,716.9500122070312,5205
2025-04-16 10:43:00+05:30,716.4000244140625,716.5999755859375,716.0499877929688,716.5999755859375,6169
2025-04-16 10:44:00+05:30,715.8499755859375,716.5,715.4000244140625,716.5,24189
2025-04-16 10:45:00+05:30,716.6500244140625,717.0,716.0999755859375,716.1500244140625,2559
2025-04-16 10:46:00+05:30,716.5,716.6500244140625,716.0999755859375,716.4000244140625,2622
2025-04-16 10:47:00+05:30,716.0999755859375,716.7999877929688,716.0999755859375,716.4500122070312,1405
2025-04-16 10:48:00+05:30,715.5,716.3499755859375,715.3499755859375,716.3499755859375,3237
2025-04-16 10:49:00+05:30,715.75,716.25,715.5,715.7000122070312,30367
2025-04-16 10:50:00+05:30,715.5999755859375,715.75,715.1500244140625,715.75,10809
2025-04-16 10:51:00+05:30,715.5999755859375,715.8499755859375,715.4500122070312,715.6500244140625,2796
2025-04-16 10:52:00+05:30,716.0,716.0999755859375,715.0999755859375,715.4000244140625,15169
2025-04-16 10:53:00+05:30,715.8499755859375,716.4000244140625,715.8499755859375,716.1500244140625,3041
2025-04-16 10:54:00+05:30,716.4000244140625,716.4000244140625,715.8499755859375,715.8499755859375,1960
2025-04-16 10:55:00+05:30,717.0,717.0,716.4000244140625,716.4000244140625,3657
2025-04-16 10:56:00+05:30,718.0,718.0,717.0,717.0,7787
2025-04-16 10:57:00+05:30,717.5499877929688,718.0999755859375,717.5499877929688,718.0999755859375,3966
2025-04-16 10:58:00+05:30,717.0499877929688,717.5,717.0499877929688,717.5,1310
2025-04-16 10:59:00+05:30,717.25,717.7999877929688,717.0499877929688,717.0499877929688,3498
2025-04-16 11:00:00+05:30,717.0,717.7999877929688,717.0,717.7000122070312,3866
2025-04-16 11:01:00+05:30,717.2999877929688,717.3499755859375,716.7999877929688,716.7999877929688,2432
2025-04-16 11:02:00+05:30,716.2999877929688,717.0,716.2999877929688,717.0,2265
2025-04-16 11:03:00+05:30,716.5999755859375,716.5999755859375,716.2999877929688,716.5999755859375,2163
2025-04-16 11:04:00+05:30,716.7999877929688,716.9500122070312,716.5,716.8499755859375,3017
2025-04-16 11:05:00+05:30,717.2000122070312,717.2000122070312,716.75,716.7999877929688,741
2025-04-16 11:06:00+05:30,716.5999755859375,717.2000122070312,716.0499877929688,717.2000122070312,8677
2025-04-16 11:07:00+05:30,716.5999755859375,716.5999755859375,716.2000122070312,716.3499755859375,3153
2025-04-16 11:08:00+05:30,717.5,717.5,716.25,716.25,2751
2025-04-16 11:09:00+05:30,716.9500122070312,717.5499877929688,716.9500122070312,717.3499755859375,4972
2025-04-16 11:10:00+05:30,717.0999755859375,717.0999755859375,716.6500244140625,716.9000244140625,1741
2025-04-16 11:11:00+05:30,717.0999755859375,717.2000122070312,717.0,717.0999755859375,2523
2025-04-16 11:12:00+05:30,717.0999755859375,717.2999877929688,717.0,717.2000122070312,1437
2025-04-16 11:13:00+05:30,717.1500244140625,717.4000244140625,717.1500244140625,717.2999877929688,1567
2025-04-16 11:14:00+05:30,717.2000122070312,717.25,716.9000244140625,717.2000122070312,4534
2025-04-16 11:15:00+05:30,717.9500122070312,717.9500122070312,717.2000122070312,717.4000244140625,4065
2025-04-16 11:16:00+05:30,718.0999755859375,718.2999877929688,717.5,717.75,7582
2025-04-16 11:17:00+05:30,717.5999755859375,718.0999755859375,717.5,718.0999755859375,2237
2025-04-16 11:18:00+05:30,717.7000122070312,717.8499755859375,717.5,717.5499877929688,1449
2025-04-16 11:19:00+05:30,717.4500122070312,717.75,717.4500122070312,717.75,612
2025-04-16 11:20:00+05:30,717.5,717.7000122070312,717.3499755859375,717.4000244140625,2700
2025-04-16 11:21:00+05:30,717.6500244140625,717.6500244140625,717.3499755859375,717.5499877929688,1434
2025-04-16 11:22:00+05:30,717.9000244140625,717.9000244140625,717.3499755859375,717.5,1680
2025-04-16 11:23:00+05:30,718.5,718.7999877929688,718.0,718.0,17905
2025-04-16 11:24:00+05:30,718.7000122070312,718.7999877929688,718.5,718.5,5261
2025-04-16 11:25:00+05:30,718.9000244140625,718.9000244140625,718.6500244140625,718.75,4783
2025-04-16 11:26:00+05:30,718.5499877929688,718.9000244140625,718.5499877929688,718.9000244140625,9708
2025-04-16 11:27:00+05:30,718.0,718.4000244140625,717.9000244140625,718.4000244140625,2053
2025-04-16 11:28:00+05:30,717.9500122070312,718.0999755859375,717.7000122070312,718.0499877929688,1418
2025-04-16 11:29:00+05:30,717.4000244140625,717.8499755859375,717.0499877929688,717.8499755859375,15432
2025-04-16 11:30:00+05:30,716.8499755859375,717.7000122070312,716.2000122070312,717.4500122070312,27565
2025-04-16 11:31:00+05:30,716.2999877929688,717.0,715.8499755859375,716.4500122070312,33196
2025-04-16 11:32:00+05:30,715.5499877929688,716.7000122070312,715.5499877929688,716.2000122070312,48966
2025-04-16 11:33:00+05:30,714.8499755859375,716.0499877929688,714.75,715.6500244140625,46239
2025-04-16 11:34:00+05:30,714.9500122070312,715.0999755859375,714.7999877929688,714.8499755859375,6170
2025-04-16 11:35:00+05:30,715.0,715.0,714.8499755859375,715.0,13503
2025-04-16 11:36:00+05:30,715.0,715.0,714.75,714.8499755859375,7871
2025-04-16 11:37:00+05:30,714.9500122070312,715.1500244140625,714.9500122070312,715.1500244140625,12908
2025-04-16 11:38:00+05:30,714.75,715.0,714.75,714.75,2505
2025-04-16 11:39:00+05:30,714.9500122070312,715.0,714.5,714.75,9159
2025-04-16 11:40:00+05:30,714.8499755859375,715.0,714.4500122070312,714.9500122070312,5485
2025-04-16 11:41:00+05:30,715.0,715.0,714.6500244140625,714.8499755859375,1444
2025-04-16 11:42:00+05:30,714.9500122070312,715.0,714.7000122070312,714.7000122070312,1810
2025-04-16 11:43:00+05:30,715.0,715.0999755859375,714.6500244140625,715.0,6358
2025-04-16 11:44:00+05:30,715.0,715.1500244140625,714.8499755859375,715.0,9789
2025-04-16 11:45:00+05:30,716.7000122070312,716.7000122070312,714.9500122070312,715.0,38590
2025-04-16 11:46:00+05:30,716.7999877929688,716.7999877929688,716.2000122070312,716.7000122070312,4098
2025-04-16 11:47:00+05:30,716.25,716.8499755859375,715.8499755859375,716.7999877929688,3240
2025-04-16 11:48:00+05:30,716.4000244140625,716.4000244140625,716.0,716.25,1366
2025-04-16 11:49:00+05:30,716.8499755859375,716.8499755859375,716.5999755859375,716.5999755859375,1475
2025-04-16 11:50:00+05:30,717.0,717.0,716.7000122070312,716.8499755859375,1389
2025-04-16 11:51:00+05:30,716.2000122070312,717.0,716.2000122070312,716.9500122070312,3078
2025-04-16 11:52:00+05:30,716.5999755859375,716.8499755859375,716.25,716.25,2001
2025-04-16 11:53:00+05:30,717.0999755859375,717.2999877929688,716.3499755859375,716.7000122070312,2306
2025-04-16 11:54:00+05:30,717.2999877929688,717.2999877929688,716.7999877929688,717.0999755859375,1729
2025-04-16 11:55:00+05:30,717.5999755859375,717.5999755859375,717.0,717.2999877929688,1399
2025-04-16 11:56:00+05:30,717.9000244140625,717.9000244140625,717.5999755859375,717.6500244140625,2285
2025-04-16 11:57:00+05:30,717.9500122070312,718.0,717.7999877929688,717.7999877929688,2963
2025-04-16 11:58:00+05:30,717.75,717.9500122070312,717.4000244140625,717.9500122070312,2726
2025-04-16 11:59:00+05:30,717.75,717.75,717.5499877929688,717.75,2774
2025-04-16 12:00:00+05:30,717.9000244140625,717.9000244140625,717.5,717.5,2127
2025-04-16 12:01:00+05:30,717.75,717.9000244140625,717.7000122070312,717.7000122070312,3021
2025-04-16 12:02:00+05:30,717.7999877929688,717.9500122070312,717.4500122070312,717.9000244140625,4796
2025-04-16 12:03:00+05:30,717.8499755859375,717.9000244140625,717.5499877929688,717.75,1407
2025-04-16 12:04:00+05:30,717.9500122070312,717.9500122070312,717.7999877929688,717.8499755859375,2210
2025-04-16 12:05:00+05:30,717.5999755859375,717.9000244140625,717.5,717.9000244140625,2904
2025-04-16 12:06:00+05:30,717.2000122070312,717.6500244140625,717.2000122070312,717.5,5274
2025-04-16 12:07:00+05:30,716.9500122070312,717.0499877929688,716.75,716.8499755859375,3471
2025-04-16 12:08:00+05:30,716.9500122070312,717.25,716.8499755859375,717.0,1462
2025-04-16 12:09:00+05:30,717.2000122070312,717.2000122070312,717.0,717.0999755859375,1269
2025-04-16 12:10:00+05:30,716.8499755859375,717.2000122070312,716.8499755859375,717.2000122070312,3007
2025-04-16 12:11:00+05:30,717.2000122070312,717.2000122070312,716.9000244140625,717.0999755859375,1488
2025-04-16 12:12:00+05:30,717.4000244140625,717.4000244140625,716.9500122070312,716.9500122070312,2346
2025-04-16 12:13:00+05:30,717.4500122070312,717.7000122070312,717.2000122070312,717.5,3404
2025-04-16 12:14:00+05:30,717.5499877929688,717.5999755859375,717.2000122070312,717.5,1428
2025-04-16 12:15:00+05:30,717.9000244140625,717.9000244140625,717.4500122070312,717.5499877929688,1962
2025-04-16 12:16:00+05:30,718.0,718.0,717.7999877929688,717.9000244140625,2216
2025-04-16 12:17:00+05:30,718.5,718.5,718.0,718.0,8793
2025-04-16 12:18:00+05:30,718.5,718.5,718.25,718.4500122070312,16894
2025-04-16 12:19:00+05:30,718.0,718.4000244140625,717.8499755859375,718.25,4177
2025-04-16 12:20:00+05:30,718.2000122070312,718.2000122070312,718.0,718.0999755859375,1335
2025-04-16 12:21:00+05:30,717.9500122070312,718.2000122070312,717.7999877929688,718.2000122070312,3213
2025-04-16 12:22:00+05:30,717.7999877929688,718.2000122070312,717.75,718.0,2909
2025-04-16 12:23:00+05:30,717.8499755859375,718.0,717.7999877929688,718.0,2366
2025-04-16 12:24:00+05:30,717.9500122070312,717.9500122070312,717.7999877929688,717.8499755859375,950
2025-04-16 12:25:00+05:30,717.9500122070312,718.0,717.9000244140625,718.0,5852
2025-04-16 12:26:00+05:30,717.9500122070312,718.0,717.9000244140625,717.9500122070312,1291
2025-04-16 12:27:00+05:30,718.1500244140625,718.2999877929688,718.0,718.0,2526
2025-04-16 12:28:00+05:30,718.1500244140625,718.1500244140625,718.0499877929688,718.0499877929688,1506
2025-04-16 12:29:00+05:30,717.9500122070312,718.1500244140625,717.75,718.1500244140625,4650
2025-04-16 12:30:00+05:30,718.0499877929688,718.0499877929688,717.75,718.0,2148
2025-04-16 12:31:00+05:30,718.0,718.0499877929688,717.7999877929688,717.7999877929688,2203
2025-04-16 12:32:00+05:30,717.7000122070312,717.7999877929688,717.5499877929688,717.5499877929688,2712
2025-04-16 12:33:00+05:30,717.7000122070312,717.7000122070312,717.4000244140625,717.5999755859375,7425
2025-04-16 12:34:00+05:30,718.0499877929688,718.0499877929688,717.7000122070312,717.7000122070312,3036
2025-04-16 12:35:00+05:30,717.7000122070312,718.0499877929688,717.7000122070312,718.0499877929688,2020
2025-04-16 12:36:00+05:30,718.0,718.0,717.7000122070312,717.7000122070312,1550
2025-04-16 12:37:00+05:30,718.0499877929688,718.0499877929688,717.75,718.0,1242
2025-04-16 12:38:00+05:30,717.7999877929688,718.0499877929688,717.75,718.0499877929688,2284
2025-04-16 12:39:00+05:30,718.0,718.0,717.7999877929688,717.7999877929688,1731
2025-04-16 12:40:00+05:30,717.9000244140625,718.0499877929688,717.9000244140625,718.0,1916
2025-04-16 12:41:00+05:30,718.0499877929688,718.0499877929688,717.9000244140625,717.9000244140625,1519
2025-04-16 12:42:00+05:30,718.0499877929688,718.0499877929688,718.0,718.0499877929688,1709
2025-04-16 12:43:00+05:30,717.5999755859375,718.0499877929688,717.5999755859375,718.0499877929688,7698
2025-04-16 12:44:00+05:30,717.7000122070312,718.0499877929688,717.5999755859375,717.5999755859375,2520
2025-04-16 12:45:00+05:30,717.9000244140625,718.0,717.75,717.9500122070312,1731
2025-04-16 12:46:00+05:30,718.6500244140625,718.6500244140625,717.75,717.9000244140625,24238
2025-04-16 12:47:00+05:30,719.7000122070312,719.7000122070312,718.9000244140625,719.5499877929688,10858
2025-04-16 12:48:00+05:30,719.5999755859375,719.75,719.25,719.5,2295
2025-04-16 12:49:00+05:30,719.9000244140625,719.9000244140625,719.6500244140625,719.75,2515
2025-04-16 12:50:00+05:30,719.4000244140625,719.9000244140625,719.4000244140625,719.9000244140625,4487
2025-04-16 12:51:00+05:30,719.3499755859375,719.5999755859375,719.3499755859375,719.5999755859375,3292
2025-04-16 12:52:00+05:30,720.0,720.0,718.9500122070312,719.25,14164
2025-04-16 12:53:00+05:30,719.6500244140625,720.0,719.5499877929688,720.0,56344
2025-04-16 12:54:00+05:30,720.0,720.0,719.5499877929688,719.6500244140625,3530
2025-04-16 12:55:00+05:30,719.5499877929688,720.0,719.5499877929688,720.0,12141
2025-04-16 12:56:00+05:30,719.7999877929688,719.8499755859375,719.5499877929688,719.5499877929688,2535
2025-04-16 12:57:00+05:30,719.9000244140625,720.25,719.8499755859375,719.8499755859375,8320
2025-04-16 12:58:00+05:30,720.2000122070312,720.2999877929688,720.1500244140625,720.1500244140625,4227
2025-04-16 12:59:00+05:30,720.25,720.3499755859375,720.0,720.2000122070312,2326
2025-04-16 13:00:00+05:30,720.4000244140625,720.7000122070312,720.1500244140625,720.25,3586
2025-04-16 13:01:00+05:30,720.75,721.0,720.5999755859375,720.5999755859375,9272
2025-04-16 13:02:00+05:30,720.7000122070312,721.0499877929688,720.4500122070312,720.7999877929688,26953
2025-04-16 13:03:00+05:30,720.9000244140625,721.0999755859375,720.6500244140625,720.7999877929688,14508
2025-04-16 13:04:00+05:30,721.0,721.0,720.6500244140625,720.9000244140625,4651
2025-04-16 13:05:00+05:30,719.2999877929688,721.0,719.0499877929688,721.0,23609
2025-04-16 13:06:00+05:30,719.5499877929688,719.5499877929688,718.6500244140625,719.2999877929688,14694
2025-04-16 13:07:00+05:30,719.6500244140625,719.7999877929688,718.9000244140625,719.3499755859375,6885
2025-04-16 13:08:00+05:30,719.5999755859375,719.6500244140625,719.2000122070312,719.6500244140625,6654
2025-04-16 13:09:00+05:30,719.6500244140625,719.6500244140625,719.3499755859375,719.5999755859375,2851
2025-04-16 13:10:00+05:30,719.0,719.6500244140625,719.0,719.6500244140625,4244
2025-04-16 13:11:00+05:30,719.4000244140625,719.7000122070312,719.3499755859375,719.5,14141
2025-04-16 13:12:00+05:30,719.3499755859375,719.4000244140625,719.2000122070312,719.2999877929688,1180
2025-04-16 13:13:00+05:30,719.5,719.5,719.25,719.3499755859375,2876
2025-04-16 13:14:00+05:30,719.25,719.5,719.0999755859375,719.3499755859375,4044
2025-04-16 13:15:00+05:30,719.25,719.3499755859375,719.0,719.2999877929688,1728
2025-04-16 13:16:00+05:30,718.2000122070312,719.2999877929688,718.2000122070312,719.2999877929688,7924
2025-04-16 13:17:00+05:30,717.4000244140625,718.2999877929688,717.4000244140625,718.25,5710
2025-04-16 13:18:00+05:30,717.0,717.5,717.0,717.5,3809
2025-04-16 13:19:00+05:30,717.0499877929688,717.1500244140625,717.0,717.0,2352
2025-04-16 13:20:00+05:30,716.4500122070312,717.2000122070312,716.4500122070312,717.1500244140625,9427
2025-04-16 13:21:00+05:30,716.0,716.5999755859375,715.5999755859375,716.5,33177
2025-04-16 13:22:00+05:30,716.0499877929688,716.3499755859375,715.8499755859375,715.8499755859375,3834
2025-04-16 13:23:00+05:30,715.9500122070312,716.2000122070312,715.9000244140625,716.1500244140625,4740
2025-04-16 13:24:00+05:30,716.25,716.25,716.25,716.25,4531
2025-04-16 13:25:00+05:30,716.25,716.25,716.2000122070312,716.25,1739
2025-04-16 13:26:00+05:30,716.0,716.25,716.0,716.25,3293
2025-04-16 13:27:00+05:30,715.9000244140625,716.1500244140625,715.9000244140625,716.0999755859375,2553
2025-04-16 13:28:00+05:30,715.8499755859375,716.0999755859375,715.6500244140625,715.9000244140625,7928
2025-04-16 13:29:00+05:30,715.8499755859375,715.9500122070312,715.5499877929688,715.9500122070312,8199
2025-04-16 13:30:00+05:30,715.8499755859375,715.8499755859375,715.5,715.8499755859375,7542
2025-04-16 13:31:00+05:30,715.7999877929688,715.8499755859375,715.2999877929688,715.8499755859375,4944
2025-04-16 13:32:00+05:30,715.7000122070312,715.9000244140625,715.7000122070312,715.7999877929688,3328
2025-04-16 13:33:00+05:30,715.8499755859375,716.1500244140625,715.8499755859375,716.1500244140625,3155
2025-04-16 13:34:00+05:30,716.0,716.1500244140625,715.7000122070312,716.1500244140625,5601
2025-04-16 13:35:00+05:30,716.25,716.25,715.9500122070312,715.9500122070312,2074
2025-04-16 13:36:00+05:30,716.4000244140625,716.4500122070312,716.0999755859375,716.25,3124
2025-04-16 13:37:00+05:30,716.3499755859375,716.3499755859375,716.2999877929688,716.2999877929688,1287
2025-04-16 13:38:00+05:30,716.0999755859375,716.4500122070312,716.0999755859375,716.3499755859375,2554
2025-04-16 13:39:00+05:30,716.4500122070312,716.4500122070312,716.3499755859375,716.3499755859375,1739
2025-04-16 13:40:00+05:30,716.75,716.75,716.2000122070312,716.2000122070312,29798
2025-04-16 13:41:00+05:30,716.75,716.75,716.6500244140625,716.75,5436
2025-04-16 13:42:00+05:30,717.0,717.0,716.75,716.75,2168
2025-04-16 13:43:00+05:30,717.1500244140625,717.1500244140625,717.0,717.1500244140625,3195
2025-04-16 13:44:00+05:30,717.3499755859375,717.3499755859375,717.0499877929688,717.2000122070312,2567
2025-04-16 13:45:00+05:30,717.5999755859375,717.9000244140625,717.5499877929688,717.5499877929688,3440
2025-04-16 13:46:00+05:30,717.5,717.9500122070312,717.5,717.9500122070312,2271
2025-04-16 13:47:00+05:30,717.7000122070312,717.7000122070312,717.3499755859375,717.5,1367
2025-04-16 13:48:00+05:30,717.2000122070312,717.7000122070312,717.2000122070312,717.7000122070312,3237
2025-04-16 13:49:00+05:30,717.7000122070312,717.7000122070312,717.5,717.5499877929688,2946
2025-04-16 13:50:00+05:30,717.5999755859375,717.9500122070312,717.3499755859375,717.7000122070312,1832
2025-04-16 13:51:00+05:30,717.5,717.7999877929688,717.5,717.5999755859375,3110
2025-04-16 13:52:00+05:30,717.8499755859375,717.8499755859375,717.5,717.5,1733
2025-04-16 13:53:00+05:30,717.8499755859375,717.8499755859375,717.5999755859375,717.8499755859375,1863
2025-04-16 13:54:00+05:30,717.6500244140625,717.9500122070312,717.6500244140625,717.8499755859375,5054
2025-04-16 13:55:00+05:30,717.9500122070312,717.9500122070312,717.6500244140625,717.6500244140625,2110
2025-04-16 13:56:00+05:30,718.2000122070312,718.6500244140625,718.0,718.0,5644
2025-04-16 13:57:00+05:30,718.7000122070312,718.7000122070312,717.9500122070312,718.2000122070312,2384
2025-04-16 13:58:00+05:30,718.5999755859375,718.9500122070312,718.5,718.9500122070312,8191
2025-04-16 13:59:00+05:30,718.75,719.0,718.4000244140625,718.4000244140625,3229
2025-04-16 14:00:00+05:30,719.2000122070312,719.2000122070312,718.75,718.75,5551
2025-04-16 14:01:00+05:30,718.9500122070312,719.5,718.9500122070312,719.4000244140625,14477
2025-04-16 14:02:00+05:30,718.7000122070312,719.25,718.7000122070312,718.7000122070312,4954
2025-04-16 14:03:00+05:30,718.1500244140625,718.5499877929688,718.0,718.3499755859375,5685
2025-04-16 14:04:00+05:30,717.2999877929688,717.9000244140625,717.1500244140625,717.9000244140625,6000
2025-04-16 14:05:00+05:30,717.3499755859375,717.3499755859375,717.2000122070312,717.2999877929688,1088
2025-04-16 14:06:00+05:30,716.5,717.5,716.5,717.3499755859375,6602
2025-04-16 14:07:00+05:30,716.9500122070312,716.9500122070312,716.5499877929688,716.7000122070312,2623
2025-04-16 14:08:00+05:30,717.25,717.25,717.0,717.1500244140625,2052
2025-04-16 14:09:00+05:30,717.0999755859375,717.25,716.9500122070312,717.25,3478
2025-04-16 14:10:00+05:30,717.1500244140625,717.4500122070312,717.0499877929688,717.0499877929688,2408
2025-04-16 14:11:00+05:30,717.5499877929688,717.5999755859375,717.25,717.4000244140625,1603
2025-04-16 14:12:00+05:30,717.8499755859375,717.8499755859375,717.5499877929688,717.5999755859375,2447
2025-04-16 14:13:00+05:30,717.5999755859375,717.9000244140625,717.5999755859375,717.8499755859375,3555
2025-04-16 14:14:00+05:30,717.9500122070312,718.4000244140625,717.5499877929688,717.5999755859375,5304
2025-04-16 14:15:00+05:30,717.5499877929688,718.0499877929688,717.2000122070312,717.9500122070312,4565
2025-04-16 14:16:00+05:30,717.6500244140625,717.7000122070312,717.5,717.5,1266
2025-04-16 14:17:00+05:30,716.7999877929688,717.7999877929688,716.5499877929688,717.5499877929688,13511
2025-04-16 14:18:00+05:30,716.9500122070312,716.9500122070312,716.7000122070312,716.7999877929688,1198
2025-04-16 14:19:00+05:30,717.25,717.3499755859375,716.9500122070312,716.9500122070312,2549
2025-04-16 14:20:00+05:30,717.2000122070312,717.3499755859375,717.2000122070312,717.2999877929688,879
2025-04-16 14:21:00+05:30,717.2999877929688,717.4000244140625,717.2000122070312,717.25,2425
2025-04-16 14:22:00+05:30,717.3499755859375,717.3499755859375,717.1500244140625,717.2999877929688,1559
2025-04-16 14:23:00+05:30,717.4000244140625,717.4500122070312,717.1500244140625,717.3499755859375,1919
2025-04-16 14:24:00+05:30,716.7999877929688,717.0,716.5,717.0,6472
2025-04-16 14:25:00+05:30,716.9000244140625,716.9000244140625,716.6500244140625,716.7999877929688,1596
2025-04-16 14:26:00+05:30,716.7999877929688,717.0,716.75,716.9500122070312,938
2025-04-16 14:27:00+05:30,716.7999877929688,717.0,716.7999877929688,717.0,3195
2025-04-16 14:28:00+05:30,716.6500244140625,716.7999877929688,716.5499877929688,716.7999877929688,1729
2025-04-16 14:29:00+05:30,716.7999877929688,716.7999877929688,716.6500244140625,716.6500244140625,2362
2025-04-16 14:30:00+05:30,716.8499755859375,716.8499755859375,716.6500244140625,716.6500244140625,1573
2025-04-16 14:31:00+05:30,716.7000122070312,716.8499755859375,716.7000122070312,716.8499755859375,2453
2025-04-16 14:32:00+05:30,717.0,717.0,716.7000122070312,716.75,4474
2025-04-16 14:33:00+05:30,716.5499877929688,717.0,716.5499877929688,716.9500122070312,4794
2025-04-16 14:34:00+05:30,716.7000122070312,716.8499755859375,716.5999755859375,716.7999877929688,1323
2025-04-16 14:35:00+05:30,716.7999877929688,716.7999877929688,716.6500244140625,716.6500244140625,1294
2025-04-16 14:36:00+05:30,716.9500122070312,716.9500122070312,716.7999877929688,716.7999877929688,1712
2025-04-16 14:37:00+05:30,716.9500122070312,717.0,716.9000244140625,716.9500122070312,1553
2025-04-16 14:38:00+05:30,717.0,717.0,716.9500122070312,717.0,2294
2025-04-16 14:39:00+05:30,717.0999755859375,717.0999755859375,716.9500122070312,717.0,5800
2025-04-16 14:40:00+05:30,716.7999877929688,717.0999755859375,716.7999877929688,717.0999755859375,3407
2025-04-16 14:41:00+05:30,716.7000122070312,716.8499755859375,716.7000122070312,716.7999877929688,2885
2025-04-16 14:42:00+05:30,716.4500122070312,716.7999877929688,716.1500244140625,716.75,4869
2025-04-16 14:43:00+05:30,716.3499755859375,716.4000244140625,716.2000122070312,716.4000244140625,2500
2025-04-16 14:44:00+05:30,716.25,716.4500122070312,716.25,716.4500122070312,3177
2025-04-16 14:45:00+05:30,715.7000122070312,716.4500122070312,715.7000122070312,716.4000244140625,10754
2025-04-16 14:46:00+05:30,716.3499755859375,716.3499755859375,715.9000244140625,716.0499877929688,4153
2025-04-16 14:47:00+05:30,716.3499755859375,716.3499755859375,716.1500244140625,716.3499755859375,3401
2025-04-16 14:48:00+05:30,716.4000244140625,716.7999877929688,716.2999877929688,716.3499755859375,6655
2025-04-16 14:49:00+05:30,716.5,716.7999877929688,716.2999877929688,716.7999877929688,3880
2025-04-16 14:50:00+05:30,716.2999877929688,716.5,716.25,716.5,4448
2025-04-16 14:51:00+05:30,716.2999877929688,716.2999877929688,716.2000122070312,716.2999877929688,4552
2025-04-16 14:52:00+05:30,716.4000244140625,716.4500122070312,716.2000122070312,716.2999877929688,7772
2025-04-16 14:53:00+05:30,716.4500122070312,716.7000122070312,716.4500122070312,716.4500122070312,6610
2025-04-16 14:54:00+05:30,716.3499755859375,716.5,716.1500244140625,716.4500122070312,6956
2025-04-16 14:55:00+05:30,715.9500122070312,716.2999877929688,715.7999877929688,716.2999877929688,8853
2025-04-16 14:56:00+05:30,715.9000244140625,715.9000244140625,715.7000122070312,715.9000244140625,4942
2025-04-16 14:57:00+05:30,715.8499755859375,715.9500122070312,715.7999877929688,715.9000244140625,7483
2025-04-16 14:58:00+05:30,715.9000244140625,716.0,715.8499755859375,715.9500122070312,3456
2025-04-16 14:59:00+05:30,716.0,716.0,715.7999877929688,715.9000244140625,7965
2025-04-16 15:00:00+05:30,716.5999755859375,716.6500244140625,716.0,716.0,18458
2025-04-16 15:01:00+05:30,716.7999877929688,717.0,716.5999755859375,716.5999755859375,11919
2025-04-16 15:02:00+05:30,716.75,716.7999877929688,716.7000122070312,716.7999877929688,7169
2025-04-16 15:03:00+05:30,716.8499755859375,717.0999755859375,716.8499755859375,716.8499755859375,17155
2025-04-16 15:04:00+05:30,716.75,717.4000244140625,716.5,717.0999755859375,19204
2025-04-16 15:05:00+05:30,716.6500244140625,717.0,716.4500122070312,716.75,12492
2025-04-16 15:06:00+05:30,716.5499877929688,716.7000122070312,716.5499877929688,716.6500244140625,7897
2025-04-16 15:07:00+05:30,716.2999877929688,716.5999755859375,716.2999877929688,716.5999755859375,11412
2025-04-16 15:08:00+05:30,716.0,716.4500122070312,716.0,716.2000122070312,13323
2025-04-16 15:09:00+05:30,716.0,716.0,715.9000244140625,716.0,12049
2025-04-16 15:10:00+05:30,716.25,716.4500122070312,716.0499877929688,716.0499877929688,14802
2025-04-16 15:11:00+05:30,716.2000122070312,716.4500122070312,716.2000122070312,716.3499755859375,13906
2025-04-16 15:12:00+05:30,716.25,716.3499755859375,716.1500244140625,716.25,10130
2025-04-16 15:13:00+05:30,716.3499755859375,716.4000244140625,716.3499755859375,716.4000244140625,12727
2025-04-16 15:14:00+05:30,716.2999877929688,716.3499755859375,716.25,716.3499755859375,13252
2025-04-16 15:15:00+05:30,716.0,716.3499755859375,716.0,716.2000122070312,28341
2025-04-16 15:16:00+05:30,715.9500122070312,716.1500244140625,715.8499755859375,716.1500244140625,27926
2025-04-16 15:17:00+05:30,715.7999877929688,715.9500122070312,715.5999755859375,715.9000244140625,15319
2025-04-16 15:18:00+05:30,715.7999877929688,715.8499755859375,715.7000122070312,715.7000122070312,13657
2025-04-16 15:19:00+05:30,715.9000244140625,715.9500122070312,715.75,715.75,25534
2025-04-16 15:20:00+05:30,715.2000122070312,715.8499755859375,715.2000122070312,715.8499755859375,26921
2025-04-16 15:21:00+05:30,715.0499877929688,715.2000122070312,714.9500122070312,715.1500244140625,17440
2025-04-16 15:22:00+05:30,715.0999755859375,715.0999755859375,715.0499877929688,715.0999755859375,9766
2025-04-16 15:23:00+05:30,715.3499755859375,715.4500122070312,715.0,715.0999755859375,47768
2025-04-16 15:24:00+05:30,716.0,716.0,715.4000244140625,715.4500122070312,25653
2025-04-16 15:25:00+05:30,716.0,716.0,715.6500244140625,715.9500122070312,35557
2025-04-16 15:26:00+05:30,716.25,716.25,715.9000244140625,715.9000244140625,16327
2025-04-16 15:27:00+05:30,716.2999877929688,716.4000244140625,715.9000244140625,716.25,17749
2025-04-16 15:28:00+05:30,716.4000244140625,716.8499755859375,716.2999877929688,716.3499755859375,10395
2025-04-16 15:29:00+05:30,716.7999877929688,717.2999877929688,716.4000244140625,716.8499755859375,9360
2025-04-17 09:15:00+05:30,715.7000122070312,716.7999877929688,713.2999877929688,715.0499877929688,0
2025-04-17 09:16:00+05:30,713.5,715.2999877929688,713.5,714.9500122070312,28502
2025-04-17 09:17:00+05:30,713.7999877929688,714.7000122070312,713.5499877929688,713.5499877929688,17744
2025-04-17 09:18:00+05:30,712.6500244140625,713.7999877929688,712.5999755859375,713.7999877929688,22477
2025-04-17 09:19:00+05:30,712.25,712.5,711.0999755859375,712.25,23758
2025-04-17 09:20:00+05:30,712.5999755859375,712.5999755859375,711.4500122070312,712.25,14286
2025-04-17 09:21:00+05:30,711.9500122070312,712.6500244140625,711.5499877929688,712.5499877929688,17361
2025-04-17 09:22:00+05:30,713.0,713.4000244140625,711.75,711.75,20865
2025-04-17 09:23:00+05:30,712.1500244140625,713.0499877929688,711.4500122070312,713.0,21584
2025-04-17 09:24:00+05:30,711.0499877929688,712.6500244140625,710.8499755859375,712.1500244140625,33282
2025-04-17 09:25:00+05:30,710.75,711.2999877929688,710.2999877929688,711.0499877929688,24357
2025-04-17 09:26:00+05:30,710.5,710.9500122070312,710.2000122070312,710.7999877929688,21321
2025-04-17 09:27:00+05:30,711.0999755859375,711.75,710.4500122070312,710.5,21409
2025-04-17 09:28:00+05:30,710.0999755859375,711.75,710.0999755859375,711.0499877929688,23030
2025-04-17 09:29:00+05:30,710.5,711.0999755859375,710.0,710.0,23198
2025-04-17 09:30:00+05:30,710.5499877929688,712.25,710.5499877929688,710.5499877929688,29939
2025-04-17 09:31:00+05:30,711.4000244140625,711.4000244140625,710.25,710.4000244140625,8223
2025-04-17 09:32:00+05:30,709.6500244140625,711.1500244140625,709.6500244140625,711.0999755859375,18796
2025-04-17 09:33:00+05:30,711.0499877929688,711.0499877929688,709.6500244140625,709.8499755859375,14126
2025-04-17 09:34:00+05:30,710.0499877929688,710.5499877929688,709.7999877929688,710.0999755859375,15569
2025-04-17 09:35:00+05:30,710.5999755859375,710.6500244140625,710.0499877929688,710.1500244140625,5973
2025-04-17 09:36:00+05:30,710.0499877929688,711.0,710.0499877929688,710.4500122070312,14955
2025-04-17 09:37:00+05:30,711.4000244140625,711.7999877929688,710.5,710.5,17947
2025-04-17 09:38:00+05:30,711.4500122070312,711.7999877929688,711.1500244140625,711.4000244140625,17560
2025-04-17 09:39:00+05:30,710.2999877929688,711.4500122070312,710.2999877929688,711.4000244140625,7914
2025-04-17 09:40:00+05:30,709.9000244140625,710.4000244140625,709.8499755859375,710.4000244140625,5581
2025-04-17 09:41:00+05:30,710.4500122070312,710.5499877929688,709.9000244140625,710.2999877929688,3937
2025-04-17 09:42:00+05:30,711.9500122070312,711.9500122070312,710.5499877929688,710.6500244140625,22245
2025-04-17 09:43:00+05:30,712.5,712.5,710.9000244140625,711.5499877929688,13471
2025-04-17 09:44:00+05:30,712.4500122070312,712.5499877929688,711.4000244140625,712.4500122070312,16657
2025-04-17 09:45:00+05:30,714.2999877929688,714.6500244140625,712.6500244140625,712.7000122070312,17030
2025-04-17 09:46:00+05:30,713.9000244140625,714.8499755859375,713.2000122070312,714.2999877929688,14232
2025-04-17 09:47:00+05:30,713.7999877929688,714.4000244140625,713.2999877929688,713.8499755859375,9492
2025-04-17 09:48:00+05:30,713.6500244140625,714.4500122070312,713.2999877929688,714.0499877929688,13533
2025-04-17 09:49:00+05:30,713.7999877929688,713.9000244140625,713.25,713.6500244140625,6159
2025-04-17 09:50:00+05:30,714.1500244140625,714.5499877929688,713.75,713.75,8547
2025-04-17 09:51:00+05:30,714.3499755859375,714.5,714.0499877929688,714.5,10866
2025-04-17 09:52:00+05:30,715.0499877929688,715.0499877929688,714.0499877929688,714.1500244140625,22528
2025-04-17 09:53:00+05:30,714.4000244140625,714.7999877929688,714.0,714.7999877929688,6246
2025-04-17 09:54:00+05:30,713.0999755859375,714.5,713.0999755859375,714.4000244140625,9158
2025-04-17 09:55:00+05:30,713.0999755859375,713.25,711.9000244140625,713.1500244140625,11130
2025-04-17 09:56:00+05:30,712.5499877929688,713.4000244140625,712.5499877929688,712.5999755859375,8520
2025-04-17 09:57:00+05:30,713.1500244140625,713.1500244140625,712.25,712.5499877929688,7245
2025-04-17 09:58:00+05:30,714.5499877929688,715.0999755859375,713.0499877929688,713.0499877929688,26426
2025-04-17 09:59:00+05:30,714.6500244140625,714.7999877929688,714.2000122070312,714.5499877929688,2708
2025-04-17 10:00:00+05:30,714.2999877929688,714.7999877929688,714.0499877929688,714.7999877929688,4437
2025-04-17 10:01:00+05:30,714.3499755859375,714.3499755859375,713.9000244140625,714.1500244140625,2676
2025-04-17 10:02:00+05:30,713.75,714.2999877929688,713.4000244140625,714.2999877929688,2066
2025-04-17 10:03:00+05:30,713.6500244140625,713.9500122070312,713.5499877929688,713.7000122070312,2198
2025-04-17 10:04:00+05:30,713.7999877929688,713.9500122070312,713.5499877929688,713.6500244140625,4644
2025-04-17 10:05:00+05:30,714.0999755859375,714.4000244140625,713.6500244140625,713.75,7927
2025-04-17 10:06:00+05:30,713.7999877929688,714.0499877929688,713.6500244140625,714.0499877929688,1497
2025-04-17 10:07:00+05:30,713.1500244140625,713.7999877929688,713.0499877929688,713.7999877929688,4577
2025-04-17 10:08:00+05:30,713.1500244140625,713.5499877929688,713.0499877929688,713.1500244140625,3912
2025-04-17 10:09:00+05:30,712.5999755859375,713.5,712.5499877929688,713.1500244140625,13180
2025-04-17 10:10:00+05:30,712.7999877929688,712.9000244140625,712.0499877929688,712.5499877929688,5143
2025-04-17 10:11:00+05:30,712.6500244140625,713.0,712.4500122070312,712.75,3243
2025-04-17 10:12:00+05:30,712.6500244140625,713.0499877929688,712.5999755859375,712.5999755859375,7334
2025-04-17 10:13:00+05:30,712.5999755859375,712.75,712.3499755859375,712.7000122070312,2470
2025-04-17 10:14:00+05:30,712.4000244140625,712.4000244140625,712.2999877929688,712.4000244140625,3936
2025-04-17 10:15:00+05:30,713.1500244140625,713.2999877929688,712.4000244140625,712.4000244140625,17903
2025-04-17 10:16:00+05:30,713.4000244140625,713.7999877929688,713.1500244140625,713.25,5810
2025-04-17 10:17:00+05:30,713.6500244140625,713.9500122070312,713.4000244140625,713.4000244140625,6956
2025-04-17 10:18:00+05:30,713.2999877929688,713.9000244140625,713.0,713.5499877929688,9277
2025-04-17 10:19:00+05:30,713.5,713.7000122070312,713.25,713.2999877929688,3103
2025-04-17 10:20:00+05:30,713.3499755859375,713.9500122070312,712.9000244140625,713.4000244140625,4521
2025-04-17 10:21:00+05:30,713.0,713.4000244140625,712.9000244140625,713.2999877929688,1988
2025-04-17 10:22:00+05:30,713.0,713.0,712.7999877929688,712.9000244140625,1393
2025-04-17 10:23:00+05:30,712.5999755859375,713.25,712.5999755859375,712.9000244140625,3365
2025-04-17 10:24:00+05:30,713.0499877929688,713.0499877929688,712.5999755859375,712.6500244140625,3448
2025-04-17 10:25:00+05:30,713.0999755859375,713.0999755859375,712.8499755859375,713.0499877929688,2362
2025-04-17 10:26:00+05:30,713.0,713.0999755859375,712.9000244140625,713.0499877929688,1613
2025-04-17 10:27:00+05:30,712.9500122070312,713.0499877929688,712.8499755859375,713.0,6439
2025-04-17 10:28:00+05:30,713.0,713.0,712.8499755859375,712.8499755859375,1498
2025-04-17 10:29:00+05:30,712.6500244140625,712.9000244140625,712.5,712.9000244140625,6293
2025-04-17 10:30:00+05:30,713.0,713.2999877929688,712.5999755859375,712.6500244140625,6511
2025-04-17 10:31:00+05:30,713.1500244140625,713.25,712.7999877929688,713.0999755859375,1920
2025-04-17 10:32:00+05:30,713.0,713.1500244140625,712.9000244140625,713.1500244140625,465
2025-04-17 10:33:00+05:30,712.9000244140625,713.0,712.6500244140625,712.9000244140625,2911
2025-04-17 10:34:00+05:30,713.2000122070312,713.2000122070312,712.7000122070312,712.9000244140625,7159
2025-04-17 10:35:00+05:30,713.0499877929688,713.2000122070312,713.0,713.2000122070312,2147
2025-04-17 10:36:00+05:30,713.0999755859375,713.0999755859375,712.8499755859375,713.0499877929688,2252
2025-04-17 10:37:00+05:30,713.1500244140625,713.1500244140625,712.7999877929688,713.0999755859375,3702
2025-04-17 10:38:00+05:30,712.7999877929688,713.1500244140625,712.5999755859375,713.0499877929688,5327
2025-04-17 10:39:00+05:30,712.3499755859375,712.7999877929688,712.25,712.6500244140625,1493
2025-04-17 10:40:00+05:30,712.5499877929688,712.5499877929688,712.2000122070312,712.2999877929688,1547
2025-04-17 10:41:00+05:30,713.0999755859375,713.2999877929688,712.5499877929688,712.5499877929688,8272
2025-04-17 10:42:00+05:30,712.7999877929688,713.0999755859375,712.5499877929688,713.0999755859375,2901
2025-04-17 10:43:00+05:30,712.5499877929688,712.7999877929688,712.5499877929688,712.7999877929688,231
2025-04-17 10:44:00+05:30,712.5,712.6500244140625,712.4500122070312,712.5499877929688,2884
2025-04-17 10:45:00+05:30,712.2000122070312,712.3499755859375,712.0,712.25,1415
2025-04-17 10:46:00+05:30,712.2999877929688,712.4000244140625,712.0,712.2000122070312,3853
2025-04-17 10:47:00+05:30,712.6500244140625,712.6500244140625,712.4000244140625,712.4000244140625,7415
2025-04-17 10:48:00+05:30,713.0999755859375,713.0999755859375,712.5499877929688,712.9000244140625,8720
2025-04-17 10:49:00+05:30,713.5,713.75,713.25,713.25,6445
2025-04-17 10:50:00+05:30,713.7999877929688,713.7999877929688,713.5,713.5,1765
2025-04-17 10:51:00+05:30,714.2000122070312,714.4000244140625,713.5499877929688,713.7999877929688,5409
2025-04-17 10:52:00+05:30,714.4000244140625,714.4000244140625,714.1500244140625,714.2000122070312,3179
2025-04-17 10:53:00+05:30,714.0499877929688,714.4000244140625,714.0499877929688,714.4000244140625,1927
2025-04-17 10:54:00+05:30,714.0999755859375,714.1500244140625,714.0499877929688,714.0999755859375,1823
2025-04-17 10:55:00+05:30,713.7000122070312,713.8499755859375,713.5499877929688,713.8499755859375,1961
2025-04-17 10:56:00+05:30,713.5999755859375,713.9500122070312,713.5999755859375,713.75,4724
2025-04-17 10:57:00+05:30,713.9000244140625,714.3499755859375,713.6500244140625,713.6500244140625,4443
2025-04-17 10:58:00+05:30,713.2999877929688,714.0,713.2999877929688,714.0,1680
2025-04-17 10:59:00+05:30,712.7999877929688,713.5499877929688,712.7999877929688,713.4500122070312,3652
2025-04-17 11:00:00+05:30,713.4500122070312,713.5,712.5,713.2000122070312,4851
2025-04-17 11:01:00+05:30,712.2999877929688,713.2999877929688,712.0999755859375,713.2999877929688,6422
2025-04-17 11:02:00+05:30,712.75,712.9500122070312,712.0499877929688,712.4000244140625,7087
2025-04-17 11:03:00+05:30,712.75,712.9000244140625,712.1500244140625,712.9000244140625,10217
2025-04-17 11:04:00+05:30,712.5999755859375,712.75,712.3499755859375,712.5499877929688,2869
2025-04-17 11:05:00+05:30,712.8499755859375,712.9500122070312,712.5499877929688,712.5499877929688,10293
2025-04-17 11:06:00+05:30,712.7000122070312,712.8499755859375,712.5999755859375,712.7999877929688,1090
2025-04-17 11:07:00+05:30,712.75,713.0999755859375,712.6500244140625,712.6500244140625,10658
2025-04-17 11:08:00+05:30,713.4000244140625,713.4000244140625,713.1500244140625,713.2000122070312,5550
2025-04-17 11:09:00+05:30,714.5999755859375,714.6500244140625,713.5999755859375,713.5999755859375,12696
2025-04-17 11:10:00+05:30,714.4000244140625,714.5,714.2999877929688,714.2999877929688,1589
2025-04-17 11:11:00+05:30,713.9000244140625,714.3499755859375,713.7000122070312,714.3499755859375,1427
2025-04-17 11:12:00+05:30,713.9000244140625,714.0,713.5,714.0,1657
2025-04-17 11:13:00+05:30,713.5999755859375,713.7999877929688,713.5499877929688,713.75,825
2025-04-17 11:14:00+05:30,713.9000244140625,714.0,713.5499877929688,713.5499877929688,6414
2025-04-17 11:15:00+05:30,714.2999877929688,714.2999877929688,713.9000244140625,713.9000244140625,5820
2025-04-17 11:16:00+05:30,715.5,716.0499877929688,714.3499755859375,714.4000244140625,21510
2025-04-17 11:17:00+05:30,716.25,716.25,715.2000122070312,715.5499877929688,8851
2025-04-17 11:18:00+05:30,715.1500244140625,716.3499755859375,715.0,716.3499755859375,4300
2025-04-17 11:19:00+05:30,715.5,715.75,715.0999755859375,715.1500244140625,7498
2025-04-17 11:20:00+05:30,715.4000244140625,715.8499755859375,715.2000122070312,715.5,5296
2025-04-17 11:21:00+05:30,715.5499877929688,715.5499877929688,715.0499877929688,715.4000244140625,2239
2025-04-17 11:22:00+05:30,715.3499755859375,715.5499877929688,715.1500244140625,715.5,2714
2025-04-17 11:23:00+05:30,715.5,715.5,715.25,715.3499755859375,968
2025-04-17 11:24:00+05:30,715.2999877929688,715.5,715.2999877929688,715.5,5405
2025-04-17 11:25:00+05:30,715.25,715.4000244140625,715.1500244140625,715.2999877929688,1411
2025-04-17 11:26:00+05:30,715.3499755859375,715.4000244140625,715.1500244140625,715.25,2814
2025-04-17 11:27:00+05:30,715.6500244140625,716.2000122070312,715.3499755859375,715.3499755859375,9491
2025-04-17 11:28:00+05:30,716.2000122070312,716.2000122070312,715.75,716.1500244140625,7972
2025-04-17 11:29:00+05:30,716.3499755859375,716.4500122070312,715.9500122070312,716.2000122070312,4977
2025-04-17 11:30:00+05:30,716.7000122070312,716.7000122070312,716.25,716.3499755859375,7346
2025-04-17 11:31:00+05:30,716.9500122070312,716.9500122070312,716.5499877929688,716.7000122070312,7252
2025-04-17 11:32:00+05:30,716.5499877929688,717.0,716.3499755859375,716.9500122070312,9261
2025-04-17 11:33:00+05:30,717.0999755859375,717.25,716.5499877929688,716.5499877929688,3755
2025-04-17 11:34:00+05:30,716.9000244140625,717.25,716.5999755859375,717.2000122070312,6635
2025-04-17 11:35:00+05:30,716.9500122070312,717.25,716.9000244140625,716.9000244140625,3606
2025-04-17 11:36:00+05:30,717.9000244140625,717.9000244140625,716.9500122070312,716.9500122070312,11678
2025-04-17 11:37:00+05:30,717.4000244140625,717.9000244140625,717.4000244140625,717.9000244140625,4200
2025-04-17 11:38:00+05:30,717.5999755859375,717.75,717.2999877929688,717.4500122070312,1233
2025-04-17 11:39:00+05:30,717.4000244140625,717.6500244140625,717.25,717.5999755859375,1470
2025-04-17 11:40:00+05:30,717.2000122070312,717.4000244140625,716.2999877929688,717.2999877929688,9945
2025-04-17 11:41:00+05:30,717.0499877929688,717.2000122070312,716.6500244140625,717.2000122070312,4778
2025-04-17 11:42:00+05:30,716.9000244140625,717.2000122070312,716.9000244140625,717.0,4147
2025-04-17 11:43:00+05:30,717.4000244140625,717.5499877929688,716.7999877929688,716.7999877929688,12180
2025-04-17 11:44:00+05:30,717.2000122070312,717.5,716.7000122070312,716.7999877929688,9684
2025-04-17 11:45:00+05:30,717.1500244140625,717.4500122070312,716.7999877929688,717.3499755859375,4401
2025-04-17 11:46:00+05:30,717.0499877929688,717.1500244140625,716.75,717.0499877929688,1687
2025-04-17 11:47:00+05:30,716.9500122070312,717.0999755859375,716.7000122070312,717.0,3833
2025-04-17 11:48:00+05:30,716.75,716.9500122070312,716.4000244140625,716.8499755859375,2785
2025-04-17 11:49:00+05:30,716.5,716.6500244140625,716.4500122070312,716.5999755859375,1903
2025-04-17 11:50:00+05:30,716.0999755859375,716.4500122070312,715.9500122070312,716.0,2874
2025-04-17 11:51:00+05:30,716.5499877929688,716.7999877929688,715.5999755859375,716.2000122070312,14941
2025-04-17 11:52:00+05:30,716.4500122070312,716.6500244140625,716.2000122070312,716.5499877929688,3564
2025-04-17 11:53:00+05:30,716.4000244140625,716.5499877929688,716.3499755859375,716.5,1424
2025-04-17 11:54:00+05:30,716.2999877929688,716.5,716.2999877929688,716.5,2575
2025-04-17 11:55:00+05:30,715.2999877929688,716.1500244140625,714.8499755859375,716.1500244140625,5169
2025-04-17 11:56:00+05:30,716.25,716.4500122070312,715.2999877929688,715.3499755859375,14510
2025-04-17 11:57:00+05:30,715.8499755859375,716.25,715.2999877929688,716.25,7316
2025-04-17 11:58:00+05:30,715.7999877929688,715.8499755859375,715.4500122070312,715.75,3156
2025-04-17 11:59:00+05:30,716.0,716.0499877929688,715.75,715.75,5430
2025-04-17 12:00:00+05:30,716.0999755859375,716.0999755859375,715.9000244140625,715.9500122070312,2651
2025-04-17 12:01:00+05:30,715.2999877929688,716.1500244140625,715.2999877929688,716.0999755859375,2862
2025-04-17 12:02:00+05:30,715.5499877929688,715.5499877929688,715.0499877929688,715.2999877929688,3175
2025-04-17 12:03:00+05:30,715.8499755859375,715.9000244140625,715.5499877929688,715.5499877929688,3997
2025-04-17 12:04:00+05:30,715.75,715.8499755859375,715.5999755859375,715.8499755859375,2110
2025-04-17 12:05:00+05:30,715.75,715.75,715.6500244140625,715.75,1962
2025-04-17 12:06:00+05:30,715.7000122070312,715.75,715.5,715.75,4591
2025-04-17 12:07:00+05:30,716.4000244140625,716.75,716.0,716.0,11511
2025-04-17 12:08:00+05:30,716.4000244140625,716.4000244140625,716.2999877929688,716.4000244140625,2582
2025-04-17 12:09:00+05:30,716.3499755859375,716.4000244140625,716.0999755859375,716.3499755859375,3337
2025-04-17 12:10:00+05:30,716.4500122070312,716.4500122070312,716.1500244140625,716.2999877929688,4222
2025-04-17 12:11:00+05:30,716.9500122070312,716.9500122070312,716.4000244140625,716.4000244140625,10356
2025-04-17 12:12:00+05:30,716.3499755859375,716.9500122070312,716.3499755859375,716.9500122070312,2218
2025-04-17 12:13:00+05:30,716.5499877929688,716.6500244140625,716.0,716.4000244140625,3427
2025-04-17 12:14:00+05:30,716.3499755859375,716.7000122070312,716.3499755859375,716.5499877929688,4766
2025-04-17 12:15:00+05:30,716.6500244140625,716.6500244140625,716.2999877929688,716.4000244140625,4075
2025-04-17 12:16:00+05:30,716.7000122070312,716.75,716.5499877929688,716.7000122070312,2873
2025-04-17 12:17:00+05:30,716.2999877929688,717.4000244140625,716.25,716.7000122070312,12500
2025-04-17 12:18:00+05:30,716.3499755859375,716.5,716.0999755859375,716.2999877929688,2993
2025-04-17 12:19:00+05:30,716.5499877929688,716.5499877929688,716.1500244140625,716.3499755859375,2503
2025-04-17 12:20:00+05:30,715.7999877929688,716.5999755859375,715.7999877929688,716.5999755859375,3691
2025-04-17 12:21:00+05:30,716.5,716.5999755859375,715.6500244140625,715.7999877929688,6747
2025-04-17 12:22:00+05:30,716.5,716.5499877929688,715.7999877929688,716.5,4892
2025-04-17 12:23:00+05:30,716.4000244140625,716.5,716.2000122070312,716.5,2946
2025-04-17 12:24:00+05:30,716.1500244140625,716.4000244140625,716.0,716.4000244140625,2373
2025-04-17 12:25:00+05:30,715.9000244140625,716.1500244140625,715.75,716.1500244140625,2304
2025-04-17 12:26:00+05:30,716.0,716.0,715.8499755859375,715.9000244140625,3430
2025-04-17 12:27:00+05:30,716.0,716.0,715.7000122070312,715.7000122070312,2831
2025-04-17 12:28:00+05:30,716.0499877929688,716.0999755859375,716.0499877929688,716.0499877929688,5933
2025-04-17 12:29:00+05:30,716.2000122070312,716.2000122070312,716.0999755859375,716.0999755859375,3272
2025-04-17 12:30:00+05:30,716.1500244140625,716.2000122070312,716.1500244140625,716.1500244140625,1670
2025-04-17 12:31:00+05:30,715.9000244140625,716.1500244140625,715.75,716.0999755859375,3428
2025-04-17 12:32:00+05:30,717.1500244140625,717.1500244140625,715.8499755859375,715.9500122070312,21500
2025-04-17 12:33:00+05:30,716.7999877929688,717.5499877929688,716.7999877929688,717.1500244140625,10530
2025-04-17 12:34:00+05:30,716.5499877929688,716.7999877929688,716.25,716.7999877929688,2061
2025-04-17 12:35:00+05:30,716.5,716.5999755859375,716.5,716.5499877929688,1508
2025-04-17 12:36:00+05:30,716.5,716.5,716.4000244140625,716.5,468
2025-04-17 12:37:00+05:30,716.2999877929688,716.4000244140625,716.0999755859375,716.25,1859
2025-04-17 12:38:00+05:30,716.1500244140625,716.2999877929688,716.0,716.25,2186
2025-04-17 12:39:00+05:30,715.9500122070312,716.1500244140625,715.7999877929688,716.1500244140625,573
2025-04-17 12:40:00+05:30,715.9500122070312,715.9500122070312,715.8499755859375,715.9000244140625,1048
2025-04-17 12:41:00+05:30,716.25,716.25,715.9000244140625,715.9500122070312,3509
2025-04-17 12:42:00+05:30,716.3499755859375,716.5999755859375,716.25,716.25,1894
2025-04-17 12:43:00+05:30,716.4500122070312,716.4500122070312,716.3499755859375,716.3499755859375,1357
2025-04-17 12:44:00+05:30,716.8499755859375,716.8499755859375,716.4000244140625,716.4000244140625,12116
2025-04-17 12:45:00+05:30,716.4500122070312,716.8499755859375,716.0499877929688,716.5499877929688,11519
2025-04-17 12:46:00+05:30,716.2999877929688,716.4500122070312,716.2000122070312,716.4500122070312,6715
2025-04-17 12:47:00+05:30,715.8499755859375,716.3499755859375,715.8499755859375,716.0499877929688,1377
2025-04-17 12:48:00+05:30,716.4000244140625,716.4000244140625,715.9000244140625,716.0,5917
2025-04-17 12:49:00+05:30,716.4000244140625,716.4000244140625,716.2000122070312,716.2000122070312,3537
2025-04-17 12:50:00+05:30,716.1500244140625,716.4000244140625,716.0,716.3499755859375,3128
2025-04-17 12:51:00+05:30,715.9500122070312,716.1500244140625,715.75,716.1500244140625,249
2025-04-17 12:52:00+05:30,715.8499755859375,715.9500122070312,715.8499755859375,715.9500122070312,473
2025-04-17 12:53:00+05:30,715.9500122070312,715.9500122070312,715.8499755859375,715.8499755859375,5464
2025-04-17 12:54:00+05:30,716.0,716.0,715.8499755859375,715.9500122070312,4732
2025-04-17 12:55:00+05:30,715.8499755859375,716.0,715.8499755859375,715.9500122070312,738
2025-04-17 12:56:00+05:30,715.8499755859375,715.9000244140625,715.75,715.9000244140625,4961
2025-04-17 12:57:00+05:30,715.9500122070312,716.0,715.8499755859375,715.8499755859375,4802
2025-04-17 12:58:00+05:30,715.9000244140625,716.0,715.9000244140625,716.0,4644
2025-04-17 12:59:00+05:30,716.25,716.4000244140625,716.0999755859375,716.0999755859375,6356
2025-04-17 13:00:00+05:30,716.2999877929688,716.2999877929688,716.0499877929688,716.25,2073
2025-04-17 13:01:00+05:30,716.1500244140625,716.2999877929688,716.1500244140625,716.2999877929688,619
2025-04-17 13:02:00+05:30,716.0499877929688,716.1500244140625,716.0499877929688,716.1500244140625,1047
2025-04-17 13:03:00+05:30,715.9500122070312,716.0499877929688,715.9500122070312,716.0499877929688,2567
2025-04-17 13:04:00+05:30,716.9500122070312,716.9500122070312,715.7999877929688,715.9500122070312,21494
2025-04-17 13:05:00+05:30,718.3499755859375,718.4000244140625,717.2999877929688,717.3499755859375,15126
2025-04-17 13:06:00+05:30,719.0499877929688,719.0499877929688,718.2000122070312,718.3499755859375,11602
2025-04-17 13:07:00+05:30,719.5499877929688,719.5999755859375,719.0499877929688,719.2999877929688,9748
2025-04-17 13:08:00+05:30,717.9500122070312,719.5999755859375,717.7999877929688,719.5,4885
2025-04-17 13:09:00+05:30,718.1500244140625,718.5,718.0,718.0,3050
2025-04-17 13:10:00+05:30,718.2000122070312,718.2000122070312,718.0,718.0,1676
2025-04-17 13:11:00+05:30,718.2000122070312,718.2000122070312,718.0,718.1500244140625,1413
2025-04-17 13:12:00+05:30,718.2000122070312,718.3499755859375,718.0999755859375,718.2000122070312,2713
2025-04-17 13:13:00+05:30,718.2999877929688,718.2999877929688,718.0,718.2999877929688,1448
2025-04-17 13:14:00+05:30,718.0999755859375,718.2999877929688,718.0999755859375,718.2999877929688,617
2025-04-17 13:15:00+05:30,718.2999877929688,718.2999877929688,718.0999755859375,718.2999877929688,2063
2025-04-17 13:16:00+05:30,718.0999755859375,718.0999755859375,717.7999877929688,718.0999755859375,6182
2025-04-17 13:17:00+05:30,717.9500122070312,718.0999755859375,717.9000244140625,718.0499877929688,1153
2025-04-17 13:18:00+05:30,717.7999877929688,718.0,717.75,717.9000244140625,1288
2025-04-17 13:19:00+05:30,718.0499877929688,718.0499877929688,717.7999877929688,717.7999877929688,8018
2025-04-17 13:20:00+05:30,717.6500244140625,718.0499877929688,717.6500244140625,718.0,2200
2025-04-17 13:21:00+05:30,717.75,717.75,717.6500244140625,717.6500244140625,2264
2025-04-17 13:22:00+05:30,717.7999877929688,717.8499755859375,717.6500244140625,717.75,15982
2025-04-17 13:23:00+05:30,717.9000244140625,717.9000244140625,717.2000122070312,717.5499877929688,5715
2025-04-17 13:24:00+05:30,718.25,718.25,717.9000244140625,717.9000244140625,11065
2025-04-17 13:25:00+05:30,718.8499755859375,718.8499755859375,718.25,718.25,21951
2025-04-17 13:26:00+05:30,718.0,718.8499755859375,717.7999877929688,718.7999877929688,15394
2025-04-17 13:27:00+05:30,718.25,718.25,717.7999877929688,718.0999755859375,12702
2025-04-17 13:28:00+05:30,718.5,718.5999755859375,718.0,718.25,8147
2025-04-17 13:29:00+05:30,718.5999755859375,718.5999755859375,718.4000244140625,718.4000244140625,2255
2025-04-17 13:30:00+05:30,718.2999877929688,718.5999755859375,718.2999877929688,718.5,3789
2025-04-17 13:31:00+05:30,718.3499755859375,718.4000244140625,718.0,718.4000244140625,2281
2025-04-17 13:32:00+05:30,718.25,718.3499755859375,718.1500244140625,718.3499755859375,697
2025-04-17 13:33:00+05:30,718.6500244140625,718.9000244140625,718.2000122070312,718.25,9063
2025-04-17 13:34:00+05:30,718.5499877929688,718.6500244140625,718.5,718.6500244140625,1009
2025-04-17 13:35:00+05:30,719.1500244140625,719.2000122070312,718.5499877929688,718.5999755859375,11142
2025-04-17 13:36:00+05:30,718.75,719.0499877929688,718.75,719.0499877929688,1362
2025-04-17 13:37:00+05:30,719.0999755859375,719.1500244140625,718.5999755859375,718.75,6003
2025-04-17 13:38:00+05:30,718.9500122070312,719.25,718.75,719.1500244140625,6503
2025-04-17 13:39:00+05:30,717.9000244140625,719.0,717.9000244140625,718.9000244140625,5078
2025-04-17 13:40:00+05:30,718.0,718.2000122070312,717.9000244140625,717.9500122070312,4386
2025-04-17 13:41:00+05:30,719.7000122070312,719.7999877929688,718.0,718.0499877929688,5847
2025-04-17 13:42:00+05:30,719.0,719.8499755859375,719.0,719.7999877929688,8894
2025-04-17 13:43:00+05:30,719.4000244140625,719.5999755859375,719.0499877929688,719.0499877929688,2967
2025-04-17 13:44:00+05:30,719.75,719.75,719.2999877929688,719.4500122070312,9527
2025-04-17 13:45:00+05:30,719.2000122070312,719.7999877929688,719.2000122070312,719.5999755859375,4783
2025-04-17 13:46:00+05:30,719.5,719.5,718.9500122070312,718.9500122070312,2537
2025-04-17 13:47:00+05:30,719.7999877929688,719.8499755859375,719.5999755859375,719.7999877929688,8395
2025-04-17 13:48:00+05:30,719.9000244140625,719.9000244140625,719.7000122070312,719.75,8145
2025-04-17 13:49:00+05:30,720.0,720.0,719.4500122070312,720.0,7654
2025-04-17 13:50:00+05:30,719.5499877929688,719.9000244140625,719.3499755859375,719.9000244140625,5419
2025-04-17 13:51:00+05:30,719.5499877929688,719.7000122070312,719.4000244140625,719.7000122070312,3660
2025-04-17 13:52:00+05:30,719.4000244140625,719.6500244140625,719.3499755859375,719.5499877929688,7471
2025-04-17 13:53:00+05:30,719.2999877929688,719.5499877929688,719.25,719.4500122070312,8839
2025-04-17 13:54:00+05:30,719.0999755859375,719.5,719.0999755859375,719.3499755859375,4512
2025-04-17 13:55:00+05:30,719.2999877929688,719.2999877929688,719.0999755859375,719.2000122070312,2220
2025-04-17 13:56:00+05:30,719.1500244140625,719.2999877929688,719.0999755859375,719.2999877929688,2022
2025-04-17 13:57:00+05:30,719.0499877929688,719.1500244140625,719.0,719.1500244140625,2612
2025-04-17 13:58:00+05:30,719.0499877929688,719.25,718.75,719.0999755859375,10431
2025-04-17 13:59:00+05:30,719.0,719.0999755859375,718.7999877929688,719.0,5143
2025-04-17 14:00:00+05:30,719.1500244140625,719.2000122070312,719.0,719.0499877929688,9584
2025-04-17 14:01:00+05:30,719.0499877929688,719.2000122070312,718.75,719.2000122070312,2466
2025-04-17 14:02:00+05:30,719.0499877929688,719.0499877929688,719.0,719.0499877929688,2723
2025-04-17 14:03:00+05:30,718.8499755859375,719.0499877929688,718.8499755859375,719.0499877929688,2498
2025-04-17 14:04:00+05:30,718.8499755859375,718.8499755859375,718.8499755859375,718.8499755859375,1217
2025-04-17 14:05:00+05:30,719.0999755859375,719.0999755859375,718.7999877929688,718.7999877929688,10066
2025-04-17 14:06:00+05:30,719.0499877929688,719.0499877929688,718.9000244140625,719.0499877929688,1424
2025-04-17 14:07:00+05:30,719.1500244140625,719.2000122070312,718.9000244140625,719.0,7570
2025-04-17 14:08:00+05:30,719.25,719.25,719.1500244140625,719.2000122070312,3186
2025-04-17 14:09:00+05:30,719.0499877929688,719.25,719.0499877929688,719.25,4467
2025-04-17 14:10:00+05:30,719.1500244140625,719.1500244140625,719.0999755859375,719.0999755859375,4147
2025-04-17 14:11:00+05:30,719.6500244140625,719.75,719.0999755859375,719.0999755859375,12262
2025-04-17 14:12:00+05:30,719.7000122070312,719.9000244140625,719.7000122070312,719.9000244140625,8522
2025-04-17 14:13:00+05:30,719.7000122070312,719.8499755859375,719.4500122070312,719.8499755859375,7883
2025-04-17 14:14:00+05:30,719.6500244140625,719.7000122070312,719.5499877929688,719.7000122070312,2752
2025-04-17 14:15:00+05:30,719.25,719.2999877929688,719.2000122070312,719.25,6895
2025-04-17 14:16:00+05:30,719.1500244140625,719.2000122070312,719.0,719.0999755859375,16688
2025-04-17 14:17:00+05:30,719.6500244140625,719.7999877929688,718.8499755859375,719.3499755859375,11766
2025-04-17 14:18:00+05:30,719.5499877929688,719.75,719.5,719.75,2141
2025-04-17 14:19:00+05:30,719.5499877929688,719.6500244140625,719.4000244140625,719.5499877929688,2842
2025-04-17 14:20:00+05:30,719.5,719.6500244140625,719.3499755859375,719.5999755859375,1644
2025-04-17 14:21:00+05:30,719.4500122070312,719.4500122070312,719.4500122070312,719.4500122070312,2414
2025-04-17 14:22:00+05:30,719.4500122070312,719.4500122070312,719.4000244140625,719.4500122070312,1787
2025-04-17 14:23:00+05:30,719.4000244140625,719.4000244140625,719.3499755859375,719.4000244140625,1881
2025-04-17 14:24:00+05:30,719.2999877929688,719.4000244140625,719.2999877929688,719.3499755859375,2631
2025-04-17 14:25:00+05:30,719.3499755859375,719.3499755859375,719.25,719.25,4371
2025-04-17 14:26:00+05:30,720.2999877929688,720.2999877929688,719.2999877929688,719.2999877929688,29964
2025-04-17 14:27:00+05:30,720.4000244140625,720.4000244140625,720.1500244140625,720.2999877929688,5436
2025-04-17 14:28:00+05:30,720.7999877929688,720.7999877929688,720.25,720.4000244140625,7138
2025-04-17 14:29:00+05:30,720.5,720.9000244140625,720.5,720.9000244140625,14715
2025-04-17 14:30:00+05:30,720.8499755859375,720.8499755859375,720.4500122070312,720.5,6296
2025-04-17 14:31:00+05:30,720.9500122070312,721.0,720.6500244140625,720.7999877929688,7992
2025-04-17 14:32:00+05:30,720.9000244140625,720.9500122070312,720.8499755859375,720.9500122070312,4011
2025-04-17 14:33:00+05:30,720.8499755859375,720.9000244140625,720.7000122070312,720.9000244140625,4164
2025-04-17 14:34:00+05:30,720.9500122070312,721.0,720.7999877929688,720.8499755859375,7554
2025-04-17 14:35:00+05:30,720.5999755859375,721.0,720.5999755859375,720.9000244140625,37787
2025-04-17 14:36:00+05:30,721.0,721.0999755859375,720.5999755859375,720.5999755859375,9262
2025-04-17 14:37:00+05:30,721.0,721.0999755859375,720.9500122070312,721.0999755859375,4450
2025-04-17 14:38:00+05:30,720.7999877929688,720.9500122070312,720.75,720.9500122070312,7914
2025-04-17 14:39:00+05:30,720.9000244140625,720.9500122070312,720.7999877929688,720.8499755859375,4255
2025-04-17 14:40:00+05:30,721.5,721.75,720.9000244140625,720.9000244140625,22559
2025-04-17 14:41:00+05:30,721.4500122070312,721.5999755859375,721.4500122070312,721.5999755859375,1691
2025-04-17 14:42:00+05:30,721.3499755859375,721.5999755859375,721.25,721.5999755859375,988
2025-04-17 14:43:00+05:30,721.2999877929688,721.3499755859375,721.25,721.25,2100
2025-04-17 14:44:00+05:30,721.25,721.3499755859375,721.25,721.3499755859375,4061
2025-04-17 14:45:00+05:30,722.2000122070312,722.2000122070312,721.0999755859375,721.2999877929688,22811
2025-04-17 14:46:00+05:30,723.4000244140625,723.4000244140625,722.1500244140625,722.5999755859375,29240
2025-04-17 14:47:00+05:30,723.3499755859375,723.6500244140625,723.1500244140625,723.5,17416
2025-04-17 14:48:00+05:30,723.7000122070312,723.75,723.3499755859375,723.3499755859375,20293
2025-04-17 14:49:00+05:30,723.4500122070312,723.7000122070312,723.4000244140625,723.7000122070312,7021
2025-04-17 14:50:00+05:30,723.0499877929688,723.5,723.0499877929688,723.5,17786
2025-04-17 14:51:00+05:30,722.6500244140625,723.25,722.6500244140625,723.2000122070312,5473
2025-04-17 14:52:00+05:30,721.9500122070312,722.5999755859375,721.75,722.4000244140625,10089
2025-04-17 14:53:00+05:30,721.7000122070312,721.9500122070312,721.7000122070312,721.9500122070312,8118
2025-04-17 14:54:00+05:30,720.3499755859375,721.9000244140625,720.3499755859375,721.9000244140625,15593
2025-04-17 14:55:00+05:30,721.0,721.25,720.9000244140625,721.0,14753
2025-04-17 14:56:00+05:30,721.25,721.25,721.0,721.0,8281
2025-04-17 14:57:00+05:30,720.7999877929688,721.25,720.7999877929688,721.25,11638
2025-04-17 14:58:00+05:30,720.9500122070312,720.9500122070312,720.7999877929688,720.7999877929688,11418
2025-04-17 14:59:00+05:30,720.5999755859375,720.9500122070312,720.4500122070312,720.9500122070312,4848
2025-04-17 15:00:00+05:30,720.4000244140625,721.0499877929688,720.4000244140625,720.5499877929688,32602
2025-04-17 15:01:00+05:30,719.5999755859375,720.2999877929688,719.4500122070312,720.25,21692
2025-04-17 15:02:00+05:30,719.5499877929688,719.9000244140625,719.5,719.8499755859375,14150
2025-04-17 15:03:00+05:30,719.7999877929688,719.7999877929688,719.5,719.5499877929688,26766
2025-04-17 15:04:00+05:30,719.1500244140625,719.7999877929688,718.7999877929688,719.7999877929688,23903
2025-04-17 15:05:00+05:30,719.0999755859375,719.2000122070312,719.0499877929688,719.1500244140625,14908
2025-04-17 15:06:00+05:30,719.5999755859375,719.6500244140625,718.8499755859375,719.5,30635
2025-04-17 15:07:00+05:30,719.4500122070312,719.5999755859375,719.4500122070312,719.5999755859375,8015
2025-04-17 15:08:00+05:30,720.0,720.0,719.4500122070312,719.5,27559
2025-04-17 15:09:00+05:30,720.8499755859375,720.8499755859375,720.1500244140625,720.2999877929688,27048
2025-04-17 15:10:00+05:30,720.5999755859375,721.3499755859375,720.5499877929688,720.8499755859375,29530
2025-04-17 15:11:00+05:30,720.6500244140625,720.75,720.1500244140625,720.5999755859375,28199
2025-04-17 15:12:00+05:30,720.4500122070312,720.6500244140625,720.4000244140625,720.6500244140625,9924
2025-04-17 15:13:00+05:30,721.0499877929688,721.25,720.4500122070312,720.4500122070312,30595
2025-04-17 15:14:00+05:30,720.7999877929688,721.0,720.7999877929688,721.0,11081
2025-04-17 15:15:00+05:30,720.5499877929688,720.75,720.5,720.75,12437
2025-04-17 15:16:00+05:30,720.75,720.7999877929688,720.5,720.5,24859
2025-04-17 15:17:00+05:30,720.4000244140625,720.7000122070312,720.3499755859375,720.7000122070312,16201
2025-04-17 15:18:00+05:30,719.5499877929688,720.4000244140625,719.5499877929688,720.4000244140625,14303
2025-04-17 15:19:00+05:30,719.8499755859375,719.9500122070312,719.6500244140625,719.6500244140625,19425
2025-04-17 15:20:00+05:30,719.75,719.8499755859375,719.7000122070312,719.7999877929688,19693
2025-04-17 15:21:00+05:30,719.5499877929688,719.7000122070312,719.5499877929688,719.7000122070312,14946
2025-04-17 15:22:00+05:30,719.4500122070312,719.7000122070312,719.4500122070312,719.7000122070312,20459
2025-04-17 15:23:00+05:30,719.4000244140625,719.5,719.3499755859375,719.5,13992
2025-04-17 15:24:00+05:30,720.0499877929688,720.0999755859375,719.2999877929688,719.3499755859375,28427
2025-04-17 15:25:00+05:30,719.9500122070312,720.0999755859375,719.9000244140625,720.0,13299
2025-04-17 15:26:00+05:30,720.25,720.4000244140625,719.9500122070312,720.0,16475
2025-04-17 15:27:00+05:30,720.7999877929688,720.9000244140625,720.0,720.3499755859375,33098
2025-04-17 15:28:00+05:30,720.3499755859375,721.0,720.3499755859375,720.9000244140625,10254
2025-04-17 15:29:00+05:30,720.0,720.75,719.0,720.7000122070312,9032
2025-04-21 09:15:00+05:30,708.5999755859375,724.0,707.5,724.0,0
2025-04-21 09:16:00+05:30,714.4500122070312,714.4500122070312,708.2000122070312,709.2999877929688,70260
2025-04-21 09:17:00+05:30,714.75,714.75,713.2999877929688,714.5499877929688,56054
2025-04-21 09:18:00+05:30,714.6500244140625,714.7999877929688,713.0999755859375,714.6500244140625,49004
2025-04-21 09:19:00+05:30,714.5999755859375,715.6500244140625,713.0,714.6500244140625,32322
2025-04-21 09:20:00+05:30,715.7999877929688,716.0,713.9500122070312,713.9500122070312,25397
2025-04-21 09:21:00+05:30,715.6500244140625,716.5,715.0,716.0,55408
2025-04-21 09:22:00+05:30,710.5,715.4500122070312,710.5,715.4000244140625,40117
2025-04-21 09:23:00+05:30,709.5499877929688,710.5499877929688,709.5499877929688,710.2999877929688,40590
2025-04-21 09:24:00+05:30,713.0,713.1500244140625,709.5499877929688,709.5499877929688,25755
2025-04-21 09:25:00+05:30,712.1500244140625,712.9000244140625,711.7999877929688,712.9000244140625,17300
2025-04-21 09:26:00+05:30,710.0499877929688,712.4000244140625,710.0,712.4000244140625,24411
2025-04-21 09:27:00+05:30,707.9000244140625,710.2000122070312,707.1500244140625,710.0499877929688,42861
2025-04-21 09:28:00+05:30,706.1500244140625,708.25,706.0999755859375,708.1500244140625,51372
2025-04-21 09:29:00+05:30,704.2999877929688,707.2000122070312,704.2999877929688,706.2000122070312,57409
2025-04-21 09:30:00+05:30,705.0,705.25,704.0,704.0,27963
2025-04-21 09:31:00+05:30,707.9500122070312,708.0499877929688,704.75,705.0,46285
2025-04-21 09:32:00+05:30,709.4000244140625,709.6500244140625,707.4500122070312,708.2999877929688,36890
2025-04-21 09:33:00+05:30,708.0999755859375,709.9000244140625,708.0999755859375,709.9000244140625,28620
2025-04-21 09:34:00+05:30,708.5499877929688,709.2000122070312,707.75,708.0999755859375,20400
2025-04-21 09:35:00+05:30,709.0999755859375,709.4500122070312,708.6500244140625,708.6500244140625,9541
2025-04-21 09:36:00+05:30,709.4000244140625,710.0499877929688,708.5999755859375,708.9000244140625,26377
2025-04-21 09:37:00+05:30,709.4500122070312,710.2000122070312,708.7000122070312,709.7000122070312,42268
2025-04-21 09:38:00+05:30,708.9000244140625,709.8499755859375,708.2000122070312,709.0,43715
2025-04-21 09:39:00+05:30,706.9500122070312,709.0,706.2000122070312,709.0,35265
2025-04-21 09:40:00+05:30,707.0499877929688,707.0999755859375,705.0999755859375,706.9500122070312,49162
2025-04-21 09:41:00+05:30,710.0999755859375,710.2000122070312,706.9000244140625,707.2999877929688,35918
2025-04-21 09:42:00+05:30,711.0999755859375,711.0999755859375,709.9500122070312,710.1500244140625,34579
2025-04-21 09:43:00+05:30,710.5999755859375,711.5,710.2999877929688,711.1500244140625,24683
2025-04-21 09:44:00+05:30,710.6500244140625,711.0,710.4500122070312,710.5999755859375,12544
2025-04-21 09:45:00+05:30,710.4000244140625,710.5999755859375,709.9000244140625,710.5999755859375,16854
2025-04-21 09:46:00+05:30,709.3499755859375,710.8499755859375,709.3499755859375,710.25,19114
2025-04-21 09:47:00+05:30,710.0499877929688,710.0499877929688,709.1500244140625,709.4000244140625,11343
2025-04-21 09:48:00+05:30,709.8499755859375,710.4500122070312,709.4500122070312,710.0999755859375,22052
2025-04-21 09:49:00+05:30,708.9500122070312,709.7000122070312,707.9000244140625,709.7000122070312,31240
2025-04-21 09:50:00+05:30,709.1500244140625,709.5,708.7999877929688,709.0,14458
2025-04-21 09:51:00+05:30,709.25,709.9500122070312,709.0999755859375,709.0999755859375,24081
2025-04-21 09:52:00+05:30,708.7999877929688,709.5499877929688,708.25,709.25,29918
2025-04-21 09:53:00+05:30,709.75,709.9000244140625,708.6500244140625,708.6500244140625,16540
2025-04-21 09:54:00+05:30,708.75,709.75,708.6500244140625,709.75,9842
2025-04-21 09:55:00+05:30,708.5999755859375,709.5499877929688,708.5,708.5,11528
2025-04-21 09:56:00+05:30,705.6500244140625,708.0,705.6500244140625,707.7999877929688,40934
2025-04-21 09:57:00+05:30,704.8499755859375,705.75,704.5,705.6500244140625,51304
2025-04-21 09:58:00+05:30,705.0499877929688,705.2999877929688,704.7999877929688,704.8499755859375,30574
2025-04-21 09:59:00+05:30,705.25,705.9000244140625,704.5999755859375,705.0999755859375,40323
2025-04-21 10:00:00+05:30,705.7999877929688,706.25,705.2999877929688,705.2999877929688,19977
2025-04-21 10:01:00+05:30,706.5999755859375,706.8499755859375,705.6500244140625,705.6500244140625,24685
2025-04-21 10:02:00+05:30,706.9000244140625,707.5499877929688,706.1500244140625,706.75,29451
2025-04-21 10:03:00+05:30,707.5499877929688,708.1500244140625,706.9500122070312,706.9500122070312,21319
2025-04-21 10:04:00+05:30,708.5,708.9000244140625,707.5,707.5499877929688,15489
2025-04-21 10:05:00+05:30,708.7999877929688,708.9000244140625,708.0,708.5,14119
2025-04-21 10:06:00+05:30,708.75,709.0,708.7000122070312,708.7000122070312,13280
2025-04-21 10:07:00+05:30,709.1500244140625,709.4500122070312,708.5,708.9500122070312,17945
2025-04-21 10:08:00+05:30,709.7999877929688,709.7999877929688,708.75,709.1500244140625,19479
2025-04-21 10:09:00+05:30,709.3499755859375,709.7999877929688,708.7999877929688,709.5999755859375,12569
2025-04-21 10:10:00+05:30,708.9500122070312,709.5499877929688,708.7999877929688,709.2999877929688,8846
2025-04-21 10:11:00+05:30,708.9500122070312,709.3499755859375,708.7999877929688,708.7999877929688,9522
2025-04-21 10:12:00+05:30,709.1500244140625,709.4000244140625,708.7999877929688,708.7999877929688,16583
2025-04-21 10:13:00+05:30,710.7999877929688,710.8499755859375,709.5,709.5,17003
2025-04-21 10:14:00+05:30,708.8499755859375,710.5999755859375,708.4000244140625,710.5,22148
2025-04-21 10:15:00+05:30,710.5,710.5,708.8499755859375,709.0,10128
2025-04-21 10:16:00+05:30,709.7999877929688,710.75,709.7999877929688,710.25,25736
2025-04-21 10:17:00+05:30,709.2000122070312,710.5,709.1500244140625,710.0,18374
2025-04-21 10:18:00+05:30,708.8499755859375,709.3499755859375,708.7999877929688,709.0999755859375,10650
2025-04-21 10:19:00+05:30,708.8499755859375,709.0,708.8499755859375,708.8499755859375,9112
2025-04-21 10:20:00+05:30,709.2000122070312,709.2000122070312,708.75,708.9000244140625,12879
2025-04-21 10:21:00+05:30,709.25,709.4000244140625,709.0499877929688,709.0999755859375,11681
2025-04-21 10:22:00+05:30,709.0999755859375,709.3499755859375,709.0499877929688,709.2999877929688,6731
2025-04-21 10:23:00+05:30,709.5999755859375,709.9000244140625,709.0499877929688,709.0499877929688,6544
2025-04-21 10:24:00+05:30,709.2999877929688,709.6500244140625,709.0499877929688,709.6500244140625,8472
2025-04-21 10:25:00+05:30,710.4000244140625,710.4000244140625,709.2999877929688,709.2999877929688,7676
2025-04-21 10:26:00+05:30,710.3499755859375,710.5,710.2999877929688,710.5,27539
2025-04-21 10:27:00+05:30,710.5,710.75,710.2999877929688,710.4000244140625,10541
2025-04-21 10:28:00+05:30,709.9000244140625,710.7000122070312,709.9000244140625,710.6500244140625,11430
2025-04-21 10:29:00+05:30,710.5,710.7000122070312,710.0,710.0,7589
2025-04-21 10:30:00+05:30,710.2999877929688,710.7000122070312,710.2999877929688,710.6500244140625,5878
2025-04-21 10:31:00+05:30,710.4000244140625,710.4500122070312,710.0999755859375,710.4000244140625,5002
2025-04-21 10:32:00+05:30,709.4000244140625,710.2000122070312,709.4000244140625,710.1500244140625,12849
2025-04-21 10:33:00+05:30,709.4500122070312,709.4500122070312,708.8499755859375,709.3499755859375,20652
2025-04-21 10:34:00+05:30,710.3499755859375,710.7000122070312,709.4500122070312,709.5499877929688,12501
2025-04-21 10:35:00+05:30,710.4500122070312,710.6500244140625,709.9000244140625,710.6500244140625,9521
2025-04-21 10:36:00+05:30,710.2000122070312,710.5499877929688,710.0,710.25,8865
2025-04-21 10:37:00+05:30,710.2000122070312,710.2000122070312,710.0,710.2000122070312,4711
2025-04-21 10:38:00+05:30,710.0,710.4000244140625,709.7999877929688,710.4000244140625,8026
2025-04-21 10:39:00+05:30,710.3499755859375,710.3499755859375,710.0,710.0499877929688,7501
2025-04-21 10:40:00+05:30,710.7999877929688,711.0,710.5499877929688,710.5499877929688,11732
2025-04-21 10:41:00+05:30,710.2000122070312,710.9000244140625,710.2000122070312,710.8499755859375,12937
2025-04-21 10:42:00+05:30,710.2000122070312,710.25,710.0,710.2000122070312,5971
2025-04-21 10:43:00+05:30,710.0999755859375,710.2000122070312,710.0499877929688,710.1500244140625,5688
2025-04-21 10:44:00+05:30,709.1500244140625,710.0,709.0,710.0,20804
2025-04-21 10:45:00+05:30,709.2999877929688,709.2999877929688,708.5499877929688,709.0999755859375,11409
2025-04-21 10:46:00+05:30,708.9500122070312,709.1500244140625,708.9000244140625,709.0,4277
2025-04-21 10:47:00+05:30,708.6500244140625,708.9500122070312,708.5,708.6500244140625,56091
2025-04-21 10:48:00+05:30,708.25,708.7999877929688,708.1500244140625,708.75,19622
2025-04-21 10:49:00+05:30,708.2999877929688,708.4500122070312,707.75,708.25,18234
2025-04-21 10:50:00+05:30,708.5499877929688,708.9000244140625,708.25,708.3499755859375,23257
2025-04-21 10:51:00+05:30,708.2999877929688,708.9000244140625,708.25,708.3499755859375,15243
2025-04-21 10:52:00+05:30,708.9000244140625,708.9000244140625,708.25,708.2999877929688,5124
2025-04-21 10:53:00+05:30,709.0,709.4000244140625,709.0,709.0499877929688,13773
2025-04-21 10:54:00+05:30,709.25,709.3499755859375,708.9500122070312,709.0499877929688,3875
2025-04-21 10:55:00+05:30,709.5499877929688,709.5499877929688,709.2999877929688,709.3499755859375,7372
2025-04-21 10:56:00+05:30,708.9000244140625,709.5499877929688,708.7000122070312,709.2999877929688,7994
2025-04-21 10:57:00+05:30,709.0999755859375,709.2999877929688,708.75,709.0499877929688,8070
2025-04-21 10:58:00+05:30,709.5999755859375,709.5999755859375,709.0999755859375,709.2000122070312,6127
2025-04-21 10:59:00+05:30,709.6500244140625,709.9500122070312,709.6500244140625,709.6500244140625,10506
2025-04-21 11:00:00+05:30,709.0999755859375,709.7999877929688,709.0999755859375,709.7999877929688,12303
2025-04-21 11:01:00+05:30,709.0,709.25,708.7999877929688,708.9500122070312,6920
2025-04-21 11:02:00+05:30,708.6500244140625,709.0,708.6500244140625,709.0,16179
2025-04-21 11:03:00+05:30,709.0999755859375,709.0999755859375,708.9000244140625,709.0999755859375,11339
2025-04-21 11:04:00+05:30,709.0,709.5499877929688,709.0,709.0999755859375,7485
2025-04-21 11:05:00+05:30,709.0,709.2000122070312,709.0,709.0999755859375,14957
2025-04-21 11:06:00+05:30,708.6500244140625,709.0,708.0499877929688,709.0,15596
2025-04-21 11:07:00+05:30,709.0,709.1500244140625,708.5999755859375,708.8499755859375,7031
2025-04-21 11:08:00+05:30,708.75,709.0,708.5499877929688,708.9500122070312,10233
2025-04-21 11:09:00+05:30,708.6500244140625,708.9000244140625,708.4000244140625,708.6500244140625,25783
2025-04-21 11:10:00+05:30,708.2999877929688,708.8499755859375,708.2000122070312,708.75,9620
2025-04-21 11:11:00+05:30,708.8499755859375,708.9000244140625,708.2999877929688,708.2999877929688,10304
2025-04-21 11:12:00+05:30,708.9000244140625,708.9500122070312,708.5499877929688,708.8499755859375,6389
2025-04-21 11:13:00+05:30,708.7999877929688,708.9500122070312,708.7999877929688,708.9500122070312,5975
2025-04-21 11:14:00+05:30,708.9500122070312,709.0,708.8499755859375,708.8499755859375,12294
2025-04-21 11:15:00+05:30,708.8499755859375,709.0,708.75,709.0,6879
2025-04-21 11:16:00+05:30,709.0,709.0,708.8499755859375,708.9500122070312,6995
2025-04-21 11:17:00+05:30,710.5499877929688,710.75,710.0,710.0999755859375,157095
2025-04-21 11:18:00+05:30,710.75,710.75,710.25,710.5499877929688,13245
2025-04-21 11:19:00+05:30,710.9000244140625,711.3499755859375,710.3499755859375,710.75,23137
2025-04-21 11:20:00+05:30,710.0499877929688,710.7999877929688,710.0,710.75,38636
2025-04-21 11:21:00+05:30,710.5,710.5,710.0,710.0499877929688,51162
2025-04-21 11:22:00+05:30,710.2000122070312,710.5,710.1500244140625,710.1500244140625,5473
2025-04-21 11:23:00+05:30,710.7000122070312,710.7000122070312,710.2999877929688,710.2999877929688,7663
2025-04-21 11:24:00+05:30,710.9500122070312,710.9500122070312,710.7000122070312,710.7000122070312,12337
2025-04-21 11:25:00+05:30,710.8499755859375,711.0,710.8499755859375,710.9500122070312,8676
2025-04-21 11:26:00+05:30,711.0,711.0,710.9000244140625,710.9000244140625,15386
2025-04-21 11:27:00+05:30,711.0999755859375,711.0999755859375,711.0,711.0,4701
2025-04-21 11:28:00+05:30,711.0,711.25,710.9500122070312,711.0499877929688,9056
2025-04-21 11:29:00+05:30,710.75,711.0999755859375,710.75,711.0999755859375,7857
2025-04-21 11:30:00+05:30,710.6500244140625,710.75,710.3499755859375,710.3499755859375,9681
2025-04-21 11:31:00+05:30,710.7000122070312,710.7999877929688,710.7000122070312,710.7000122070312,4894
2025-04-21 11:32:00+05:30,710.7000122070312,710.7999877929688,710.6500244140625,710.6500244140625,8576
2025-04-21 11:33:00+05:30,710.3499755859375,710.7000122070312,710.3499755859375,710.6500244140625,6992
2025-04-21 11:34:00+05:30,710.3499755859375,710.6500244140625,710.0,710.3499755859375,14429
2025-04-21 11:35:00+05:30,710.2000122070312,710.3499755859375,710.0,710.3499755859375,12270
2025-04-21 11:36:00+05:30,710.0499877929688,710.2000122070312,710.0,710.2000122070312,8508
2025-04-21 11:37:00+05:30,710.2000122070312,710.4000244140625,710.0499877929688,710.0499877929688,7156
2025-04-21 11:38:00+05:30,710.0999755859375,710.2999877929688,710.0,710.2999877929688,10546
2025-04-21 11:39:00+05:30,710.0999755859375,710.1500244140625,710.0,710.0499877929688,27552
2025-04-21 11:40:00+05:30,710.6500244140625,710.7000122070312,710.0,710.0,17946
2025-04-21 11:41:00+05:30,710.4500122070312,710.6500244140625,710.4500122070312,710.6500244140625,5064
2025-04-21 11:42:00+05:30,710.7000122070312,710.7000122070312,710.5499877929688,710.5499877929688,7008
2025-04-21 11:43:00+05:30,710.3499755859375,710.7000122070312,710.3499755859375,710.6500244140625,9066
2025-04-21 11:44:00+05:30,711.0999755859375,711.0999755859375,710.6500244140625,710.7000122070312,11202
2025-04-21 11:45:00+05:30,711.5999755859375,711.5999755859375,711.2000122070312,711.2000122070312,7707
2025-04-21 11:46:00+05:30,712.2999877929688,712.5,711.9000244140625,711.9500122070312,18012
2025-04-21 11:47:00+05:30,712.3499755859375,712.5499877929688,712.0,712.2999877929688,13140
2025-04-21 11:48:00+05:30,712.0999755859375,712.3499755859375,712.0,712.3499755859375,7404
2025-04-21 11:49:00+05:30,711.8499755859375,712.0999755859375,711.75,712.0499877929688,7939
2025-04-21 11:50:00+05:30,711.2999877929688,711.75,711.25,711.75,9134
2025-04-21 11:51:00+05:30,711.6500244140625,711.6500244140625,711.0999755859375,711.0999755859375,7580
2025-04-21 11:52:00+05:30,712.0999755859375,712.0999755859375,711.5999755859375,711.7000122070312,15170
2025-04-21 11:53:00+05:30,712.1500244140625,712.3499755859375,712.0,712.0999755859375,8698
2025-04-21 11:54:00+05:30,712.0999755859375,712.1500244140625,712.0,712.1500244140625,5561
2025-04-21 11:55:00+05:30,712.0999755859375,712.0999755859375,712.0,712.0499877929688,9137
2025-04-21 11:56:00+05:30,712.0499877929688,712.1500244140625,712.0,712.1500244140625,6893
2025-04-21 11:57:00+05:30,712.3499755859375,712.3499755859375,712.0999755859375,712.0999755859375,7925
2025-04-21 11:58:00+05:30,712.0499877929688,712.4000244140625,712.0,712.4000244140625,15814
2025-04-21 11:59:00+05:30,711.2000122070312,712.1500244140625,711.0499877929688,712.1500244140625,18401
2025-04-21 12:00:00+05:30,711.2000122070312,711.4500122070312,710.7999877929688,711.4000244140625,11377
2025-04-21 12:01:00+05:30,710.4000244140625,711.1500244140625,710.0,711.1500244140625,32876
2025-04-21 12:02:00+05:30,709.7999877929688,710.5,709.5,710.5,34427
2025-04-21 12:03:00+05:30,709.5499877929688,710.0,709.2999877929688,709.7999877929688,15136
2025-04-21 12:04:00+05:30,709.8499755859375,710.0,709.1500244140625,709.5499877929688,11231
2025-04-21 12:05:00+05:30,710.0,710.0,709.6500244140625,709.9500122070312,8501
2025-04-21 12:06:00+05:30,709.6500244140625,710.0,709.5,710.0,11168
2025-04-21 12:07:00+05:30,709.5999755859375,709.6500244140625,709.25,709.6500244140625,10196
2025-04-21 12:08:00+05:30,709.0499877929688,709.4000244140625,708.9500122070312,709.4000244140625,13558
2025-04-21 12:09:00+05:30,709.0,709.0499877929688,708.4500122070312,709.0499877929688,12058
2025-04-21 12:10:00+05:30,708.9000244140625,709.1500244140625,708.9000244140625,708.9500122070312,6676
2025-04-21 12:11:00+05:30,709.0499877929688,709.0999755859375,708.7999877929688,708.9000244140625,13530
2025-04-21 12:12:00+05:30,709.6500244140625,709.6500244140625,709.0499877929688,709.0999755859375,7854
2025-04-21 12:13:00+05:30,709.7000122070312,709.9000244140625,709.7000122070312,709.8499755859375,8263
2025-04-21 12:14:00+05:30,709.9000244140625,710.0,709.75,709.75,12093
2025-04-21 12:15:00+05:30,709.9500122070312,710.0,709.7000122070312,710.0,16621
2025-04-21 12:16:00+05:30,709.7000122070312,709.9000244140625,709.5499877929688,709.9000244140625,11354
2025-04-21 12:17:00+05:30,709.75,709.75,709.5999755859375,709.5999755859375,8592
2025-04-21 12:18:00+05:30,710.9000244140625,711.0,710.0499877929688,710.4500122070312,18400
2025-04-21 12:19:00+05:30,710.5999755859375,710.9000244140625,710.5,710.7999877929688,7616
2025-04-21 12:20:00+05:30,710.4000244140625,710.5,710.1500244140625,710.5,10936
2025-04-21 12:21:00+05:30,710.2000122070312,710.5,710.2000122070312,710.4000244140625,8588
2025-04-21 12:22:00+05:30,710.2000122070312,710.4000244140625,710.0,710.25,8932
2025-04-21 12:23:00+05:30,709.7000122070312,710.0999755859375,709.7000122070312,710.0999755859375,40836
2025-04-21 12:24:00+05:30,710.4500122070312,710.4500122070312,709.5499877929688,709.9500122070312,11236
2025-04-21 12:25:00+05:30,710.0,710.6500244140625,710.0,710.6500244140625,6397
2025-04-21 12:26:00+05:30,710.2000122070312,710.4500122070312,709.9000244140625,710.1500244140625,7988
2025-04-21 12:27:00+05:30,709.5499877929688,710.25,709.25,710.25,9240
2025-04-21 12:28:00+05:30,709.0499877929688,709.7000122070312,709.0499877929688,709.7000122070312,10620
2025-04-21 12:29:00+05:30,709.7000122070312,709.8499755859375,709.2000122070312,709.25,11330
2025-04-21 12:30:00+05:30,709.7000122070312,709.7999877929688,709.7000122070312,709.7999877929688,5681
2025-04-21 12:31:00+05:30,709.6500244140625,709.7000122070312,709.5999755859375,709.7000122070312,7333
2025-04-21 12:32:00+05:30,709.5499877929688,709.7000122070312,709.5499877929688,709.7000122070312,7486
2025-04-21 12:33:00+05:30,709.75,709.75,709.5999755859375,709.5999755859375,10670
2025-04-21 12:34:00+05:30,710.4000244140625,710.4500122070312,709.7000122070312,709.7000122070312,7441
2025-04-21 12:35:00+05:30,710.5,710.5,710.25,710.5,8927
2025-04-21 12:36:00+05:30,710.75,710.75,710.2000122070312,710.6500244140625,10258
2025-04-21 12:37:00+05:30,710.4000244140625,710.7000122070312,710.2000122070312,710.7000122070312,7329
2025-04-21 12:38:00+05:30,710.5499877929688,710.6500244140625,710.4500122070312,710.5,9800
2025-04-21 12:39:00+05:30,710.4500122070312,710.5999755859375,710.3499755859375,710.5999755859375,7236
2025-04-21 12:40:00+05:30,710.4000244140625,710.4500122070312,710.25,710.4500122070312,5391
2025-04-21 12:41:00+05:30,709.9000244140625,710.25,709.9000244140625,710.25,7193
2025-04-21 12:42:00+05:30,710.5,710.5,709.7999877929688,709.9000244140625,13236
2025-04-21 12:43:00+05:30,710.3499755859375,710.5999755859375,710.0999755859375,710.5,12332
2025-04-21 12:44:00+05:30,710.2999877929688,710.4500122070312,710.1500244140625,710.2999877929688,6186
2025-04-21 12:45:00+05:30,710.5,710.5,710.0499877929688,710.0999755859375,6903
2025-04-21 12:46:00+05:30,710.6500244140625,710.6500244140625,710.4000244140625,710.5499877929688,8072
2025-04-21 12:47:00+05:30,710.5,710.5999755859375,710.5,710.5499877929688,10546
2025-04-21 12:48:00+05:30,709.9000244140625,710.4500122070312,709.9000244140625,710.4000244140625,7194
2025-04-21 12:49:00+05:30,709.7999877929688,710.0999755859375,709.5499877929688,710.0499877929688,7991
2025-04-21 12:50:00+05:30,709.7000122070312,709.8499755859375,709.7000122070312,709.8499755859375,8602
2025-04-21 12:51:00+05:30,709.9000244140625,709.9500122070312,709.6500244140625,709.6500244140625,7953
2025-04-21 12:52:00+05:30,710.0,710.0499877929688,709.9000244140625,709.9500122070312,6887
2025-04-21 12:53:00+05:30,709.8499755859375,709.9500122070312,709.75,709.9500122070312,9748
2025-04-21 12:54:00+05:30,709.0,709.5,709.0,709.5,8332
2025-04-21 12:55:00+05:30,709.5,709.5,709.0999755859375,709.0999755859375,9702
2025-04-21 12:56:00+05:30,709.25,709.7000122070312,709.25,709.5,8183
2025-04-21 12:57:00+05:30,709.0499877929688,709.7000122070312,709.0499877929688,709.7000122070312,5287
2025-04-21 12:58:00+05:30,708.4000244140625,709.1500244140625,708.25,709.0499877929688,14264
2025-04-21 12:59:00+05:30,708.6500244140625,708.6500244140625,708.1500244140625,708.3499755859375,9911
2025-04-21 13:00:00+05:30,708.9000244140625,708.9500122070312,708.5499877929688,708.6500244140625,7130
2025-04-21 13:01:00+05:30,708.8499755859375,709.0499877929688,708.5999755859375,708.9000244140625,10221
2025-04-21 13:02:00+05:30,708.75,708.8499755859375,708.75,708.8499755859375,4614
2025-04-21 13:03:00+05:30,708.4000244140625,708.7000122070312,708.4000244140625,708.7000122070312,10376
2025-04-21 13:04:00+05:30,708.75,709.0,708.2000122070312,708.4000244140625,10647
2025-04-21 13:05:00+05:30,708.4500122070312,709.6500244140625,708.4500122070312,708.7000122070312,476436
2025-04-21 13:06:00+05:30,708.5,708.5499877929688,708.0999755859375,708.5,16334
2025-04-21 13:07:00+05:30,709.0,709.0,708.3499755859375,708.4000244140625,4946
2025-04-21 13:08:00+05:30,708.5,708.9500122070312,708.5,708.9000244140625,7627
2025-04-21 13:09:00+05:30,708.9500122070312,708.9500122070312,708.3499755859375,708.3499755859375,8596
2025-04-21 13:10:00+05:30,708.75,708.9000244140625,708.7000122070312,708.9000244140625,7724
2025-04-21 13:11:00+05:30,708.7000122070312,708.75,708.6500244140625,708.75,6636
2025-04-21 13:12:00+05:30,708.5999755859375,708.7000122070312,708.5999755859375,708.6500244140625,6874
2025-04-21 13:13:00+05:30,708.5499877929688,709.2999877929688,708.5499877929688,708.75,10560
2025-04-21 13:14:00+05:30,708.7999877929688,709.0499877929688,708.4000244140625,708.5999755859375,13944
2025-04-21 13:15:00+05:30,708.75,708.7999877929688,708.7000122070312,708.7000122070312,5644
2025-04-21 13:16:00+05:30,709.5,709.5,708.75,708.75,11729
2025-04-21 13:17:00+05:30,709.4000244140625,709.5499877929688,709.0499877929688,709.2999877929688,8380
2025-04-21 13:18:00+05:30,708.7999877929688,709.5999755859375,708.7999877929688,709.4500122070312,13649
2025-04-21 13:19:00+05:30,709.0,709.2999877929688,708.7999877929688,708.8499755859375,9352
2025-04-21 13:20:00+05:30,708.9000244140625,709.0,708.6500244140625,709.0,8281
2025-04-21 13:21:00+05:30,708.7999877929688,708.9000244140625,708.75,708.7999877929688,7827
2025-04-21 13:22:00+05:30,709.0,709.0499877929688,708.75,708.7999877929688,9836
2025-04-21 13:23:00+05:30,708.75,709.0499877929688,708.5,709.0499877929688,10497
2025-04-21 13:24:00+05:30,709.0499877929688,709.0499877929688,708.7000122070312,708.75,7756
2025-04-21 13:25:00+05:30,709.75,709.7999877929688,708.9500122070312,709.0,8835
2025-04-21 13:26:00+05:30,709.75,709.8499755859375,709.5,709.75,11981
2025-04-21 13:27:00+05:30,709.4500122070312,709.75,709.25,709.7000122070312,7225
2025-04-21 13:28:00+05:30,708.6500244140625,709.4500122070312,708.5999755859375,709.4500122070312,8488
2025-04-21 13:29:00+05:30,708.9000244140625,708.9000244140625,708.5499877929688,708.6500244140625,5849
2025-04-21 13:30:00+05:30,709.3499755859375,709.4000244140625,708.7999877929688,708.7999877929688,6495
2025-04-21 13:31:00+05:30,709.25,709.4000244140625,709.0499877929688,709.4000244140625,8526
2025-04-21 13:32:00+05:30,709.4000244140625,709.4000244140625,709.2000122070312,709.2000122070312,6768
2025-04-21 13:33:00+05:30,709.0499877929688,709.4000244140625,709.0499877929688,709.2999877929688,8467
2025-04-21 13:34:00+05:30,709.5999755859375,709.5999755859375,709.2000122070312,709.2000122070312,8547
2025-04-21 13:35:00+05:30,709.6500244140625,709.8499755859375,709.5499877929688,709.8499755859375,7185
2025-04-21 13:36:00+05:30,709.0999755859375,709.4500122070312,709.0,709.4500122070312,10069
2025-04-21 13:37:00+05:30,709.2000122070312,709.25,709.0499877929688,709.0999755859375,5793
2025-04-21 13:38:00+05:30,709.0,709.2999877929688,709.0,709.1500244140625,6101
2025-04-21 13:39:00+05:30,709.4000244140625,709.7000122070312,709.0,709.0499877929688,6592
2025-04-21 13:40:00+05:30,709.5499877929688,709.75,709.4000244140625,709.4000244140625,7324
2025-04-21 13:41:00+05:30,708.7999877929688,709.5,708.75,709.2999877929688,12732
2025-04-21 13:42:00+05:30,708.9500122070312,709.0499877929688,708.9000244140625,709.0,8544
2025-04-21 13:43:00+05:30,708.7000122070312,709.2000122070312,708.7000122070312,709.0,7155
2025-04-21 13:44:00+05:30,709.0499877929688,709.2999877929688,708.4500122070312,708.6500244140625,11909
2025-04-21 13:45:00+05:30,709.0,709.25,708.7000122070312,709.0499877929688,7170
2025-04-21 13:46:00+05:30,709.2000122070312,709.2999877929688,708.7999877929688,708.7999877929688,8099
2025-04-21 13:47:00+05:30,709.2000122070312,709.25,709.0499877929688,709.1500244140625,6681
2025-04-21 13:48:00+05:30,709.4500122070312,709.4500122070312,709.0499877929688,709.2000122070312,12576
2025-04-21 13:49:00+05:30,709.1500244140625,709.5999755859375,709.0999755859375,709.0999755859375,7641
2025-04-21 13:50:00+05:30,709.3499755859375,709.4500122070312,709.0,709.0,6118
2025-04-21 13:51:00+05:30,709.5,709.5,709.2999877929688,709.4000244140625,11351
2025-04-21 13:52:00+05:30,709.7999877929688,709.7999877929688,709.4500122070312,709.5999755859375,12903
2025-04-21 13:53:00+05:30,709.7999877929688,709.9500122070312,709.75,709.75,6973
2025-04-21 13:54:00+05:30,709.8499755859375,710.0,709.8499755859375,709.8499755859375,11096
2025-04-21 13:55:00+05:30,709.0499877929688,709.9000244140625,709.0499877929688,709.9000244140625,9521
2025-04-21 13:56:00+05:30,708.9000244140625,709.25,708.7000122070312,709.0499877929688,8181
2025-04-21 13:57:00+05:30,708.6500244140625,708.9000244140625,708.5999755859375,708.9000244140625,9236
2025-04-21 13:58:00+05:30,708.5999755859375,708.5999755859375,708.5,708.5999755859375,7806
2025-04-21 13:59:00+05:30,708.75,708.75,708.5499877929688,708.5999755859375,8391
2025-04-21 14:00:00+05:30,709.0999755859375,709.0999755859375,708.75,708.75,5987
2025-04-21 14:01:00+05:30,709.5499877929688,709.5499877929688,709.0999755859375,709.0999755859375,8422
2025-04-21 14:02:00+05:30,709.5,709.8499755859375,709.4000244140625,709.5,10374
2025-04-21 14:03:00+05:30,709.5499877929688,709.9000244140625,709.4000244140625,709.5,10212
2025-04-21 14:04:00+05:30,709.6500244140625,709.7000122070312,709.5999755859375,709.7000122070312,5755
2025-04-21 14:05:00+05:30,709.7000122070312,709.7000122070312,709.5499877929688,709.6500244140625,9072
2025-04-21 14:06:00+05:30,709.5,709.8499755859375,709.5,709.7999877929688,6704
2025-04-21 14:07:00+05:30,709.3499755859375,709.5999755859375,709.3499755859375,709.5999755859375,8352
2025-04-21 14:08:00+05:30,709.3499755859375,709.5499877929688,709.3499755859375,709.4000244140625,8604
2025-04-21 14:09:00+05:30,709.25,709.3499755859375,709.25,709.3499755859375,7250
2025-04-21 14:10:00+05:30,709.3499755859375,709.4500122070312,709.2000122070312,709.3499755859375,8300
2025-04-21 14:11:00+05:30,709.7000122070312,709.7000122070312,709.3499755859375,709.3499755859375,7397
2025-04-21 14:12:00+05:30,710.0,710.0999755859375,709.6500244140625,709.6500244140625,18386
2025-04-21 14:13:00+05:30,710.0499877929688,710.0999755859375,709.9500122070312,710.0999755859375,31741
2025-04-21 14:14:00+05:30,710.6500244140625,710.6500244140625,710.0,710.1500244140625,13640
2025-04-21 14:15:00+05:30,710.5999755859375,710.75,710.5499877929688,710.5999755859375,7197
2025-04-21 14:16:00+05:30,710.25,710.5,710.2000122070312,710.5,12013
2025-04-21 14:17:00+05:30,710.4000244140625,710.4500122070312,710.0,710.0,15071
2025-04-21 14:18:00+05:30,710.2000122070312,710.3499755859375,710.0499877929688,710.3499755859375,9220
2025-04-21 14:19:00+05:30,710.4500122070312,710.4500122070312,710.0,710.2000122070312,14233
2025-04-21 14:20:00+05:30,710.6500244140625,710.7999877929688,710.4000244140625,710.4500122070312,15274
2025-04-21 14:21:00+05:30,711.0499877929688,711.2000122070312,710.6500244140625,710.6500244140625,15739
2025-04-21 14:22:00+05:30,710.8499755859375,711.0,710.7999877929688,711.0,9401
2025-04-21 14:23:00+05:30,710.8499755859375,710.8499755859375,710.7999877929688,710.7999877929688,7808
2025-04-21 14:24:00+05:30,710.7999877929688,710.7999877929688,710.75,710.7999877929688,7621
2025-04-21 14:25:00+05:30,711.3499755859375,711.3499755859375,710.75,710.75,12524
2025-04-21 14:26:00+05:30,711.9000244140625,711.9000244140625,711.3499755859375,711.3499755859375,11923
2025-04-21 14:27:00+05:30,711.7000122070312,711.9000244140625,711.5,711.9000244140625,10510
2025-04-21 14:28:00+05:30,711.4000244140625,711.7000122070312,711.4000244140625,711.7000122070312,11214
2025-04-21 14:29:00+05:30,711.9000244140625,711.9000244140625,711.3499755859375,711.3499755859375,8248
2025-04-21 14:30:00+05:30,711.5,712.0,711.5,711.8499755859375,21738
2025-04-21 14:31:00+05:30,711.5999755859375,711.6500244140625,711.3499755859375,711.3499755859375,6866
2025-04-21 14:32:00+05:30,711.4500122070312,711.5999755859375,711.3499755859375,711.5999755859375,8118
2025-04-21 14:33:00+05:30,711.5499877929688,711.5499877929688,711.2999877929688,711.3499755859375,5784
2025-04-21 14:34:00+05:30,711.5999755859375,711.5999755859375,711.4500122070312,711.4500122070312,10241
2025-04-21 14:35:00+05:30,711.7999877929688,711.7999877929688,711.5499877929688,711.5999755859375,7528
2025-04-21 14:36:00+05:30,711.7000122070312,711.7999877929688,711.5499877929688,711.7999877929688,10951
2025-04-21 14:37:00+05:30,711.8499755859375,711.8499755859375,711.7000122070312,711.75,8326
2025-04-21 14:38:00+05:30,711.9000244140625,712.0,711.7999877929688,711.7999877929688,6962
2025-04-21 14:39:00+05:30,711.7999877929688,711.9000244140625,711.6500244140625,711.8499755859375,11459
2025-04-21 14:40:00+05:30,711.8499755859375,711.9500122070312,711.7999877929688,711.7999877929688,11101
2025-04-21 14:41:00+05:30,711.8499755859375,711.9500122070312,711.75,711.8499755859375,9375
2025-04-21 14:42:00+05:30,711.7999877929688,711.9500122070312,711.7999877929688,711.9500122070312,11939
2025-04-21 14:43:00+05:30,711.6500244140625,711.7000122070312,711.5,711.6500244140625,11409
2025-04-21 14:44:00+05:30,712.25,712.25,711.9000244140625,711.9000244140625,36538
2025-04-21 14:45:00+05:30,711.9000244140625,712.25,711.7000122070312,712.25,9207
2025-04-21 14:46:00+05:30,711.7000122070312,711.7999877929688,711.7000122070312,711.75,7599
2025-04-21 14:47:00+05:30,712.0,712.0,711.6500244140625,711.7000122070312,7682
2025-04-21 14:48:00+05:30,712.6500244140625,712.6500244140625,712.0,712.0,8254
2025-04-21 14:49:00+05:30,713.3499755859375,713.3499755859375,712.6500244140625,712.6500244140625,29736
2025-04-21 14:50:00+05:30,713.7000122070312,713.7000122070312,712.7000122070312,713.0499877929688,46832
2025-04-21 14:51:00+05:30,713.6500244140625,713.9500122070312,713.5499877929688,713.7000122070312,25162
2025-04-21 14:52:00+05:30,713.9500122070312,714.0999755859375,713.75,713.75,19789
2025-04-21 14:53:00+05:30,714.0499877929688,714.0499877929688,713.4000244140625,713.9500122070312,9477
2025-04-21 14:54:00+05:30,713.5,714.0,713.5,714.0,8936
2025-04-21 14:55:00+05:30,713.5499877929688,713.8499755859375,713.3499755859375,713.5,20343
2025-04-21 14:56:00+05:30,713.25,713.4000244140625,713.0999755859375,713.4000244140625,6886
2025-04-21 14:57:00+05:30,713.75,713.8499755859375,713.2000122070312,713.2000122070312,8087
2025-04-21 14:58:00+05:30,713.25,713.75,713.25,713.75,6139
2025-04-21 14:59:00+05:30,713.3499755859375,713.5499877929688,713.0999755859375,713.0999755859375,7998
2025-04-21 15:00:00+05:30,712.5,713.1500244140625,712.5,713.1500244140625,7304
2025-04-21 15:01:00+05:30,712.9500122070312,713.0,712.5999755859375,712.6500244140625,7629
2025-04-21 15:02:00+05:30,712.4500122070312,712.9000244140625,712.4000244140625,712.9000244140625,7040
2025-04-21 15:03:00+05:30,712.25,712.5499877929688,712.25,712.4500122070312,9705
2025-04-21 15:04:00+05:30,712.0999755859375,712.5499877929688,712.0999755859375,712.2999877929688,5326
2025-04-21 15:05:00+05:30,711.7999877929688,712.0999755859375,711.75,712.0999755859375,15342
2025-04-21 15:06:00+05:30,712.25,712.25,711.7000122070312,711.7000122070312,8298
2025-04-21 15:07:00+05:30,712.1500244140625,712.25,712.1500244140625,712.25,5902
2025-04-21 15:08:00+05:30,712.4000244140625,712.4500122070312,712.2000122070312,712.2000122070312,7458
2025-04-21 15:09:00+05:30,712.2999877929688,712.4500122070312,712.25,712.4000244140625,12542
2025-04-21 15:10:00+05:30,712.2999877929688,712.3499755859375,712.0999755859375,712.0999755859375,9304
2025-04-21 15:11:00+05:30,712.2999877929688,712.3499755859375,712.2999877929688,712.3499755859375,7220
2025-04-21 15:12:00+05:30,712.2000122070312,712.5,712.2000122070312,712.25,18096
2025-04-21 15:13:00+05:30,712.4500122070312,712.4500122070312,712.1500244140625,712.2000122070312,8445
2025-04-21 15:14:00+05:30,712.2999877929688,712.4500122070312,712.1500244140625,712.1500244140625,11127
2025-04-21 15:15:00+05:30,712.1500244140625,712.2999877929688,711.9500122070312,712.25,42222
2025-04-21 15:16:00+05:30,712.2000122070312,712.4500122070312,712.1500244140625,712.1500244140625,10839
2025-04-21 15:17:00+05:30,712.0999755859375,712.3499755859375,712.0999755859375,712.25,18211
2025-04-21 15:18:00+05:30,712.1500244140625,712.2000122070312,711.7999877929688,712.0,21999
2025-04-21 15:19:00+05:30,712.0999755859375,712.2999877929688,712.0999755859375,712.0999755859375,37101
2025-04-21 15:20:00+05:30,712.1500244140625,712.1500244140625,712.0499877929688,712.0999755859375,25173
2025-04-21 15:21:00+05:30,712.1500244140625,712.2000122070312,712.1500244140625,712.2000122070312,4070
2025-04-21 15:22:00+05:30,712.25,712.2999877929688,712.2000122070312,712.2000122070312,8692
2025-04-21 15:23:00+05:30,712.0499877929688,712.2000122070312,711.8499755859375,712.2000122070312,27780
2025-04-21 15:24:00+05:30,711.7999877929688,712.0499877929688,711.7999877929688,711.8499755859375,21815
2025-04-21 15:25:00+05:30,711.4500122070312,711.75,711.4500122070312,711.75,11254
2025-04-21 15:26:00+05:30,711.8499755859375,712.0999755859375,711.4500122070312,711.4500122070312,7361
2025-04-21 15:27:00+05:30,712.3499755859375,712.3499755859375,711.8499755859375,712.2000122070312,47632
2025-04-21 15:28:00+05:30,711.4000244140625,712.3499755859375,711.4000244140625,712.3499755859375,9449
2025-04-21 15:29:00+05:30,712.2000122070312,712.2000122070312,711.0,711.5,10179
2025-04-22 09:15:00+05:30,714.6500244140625,714.6500244140625,711.7000122070312,712.0499877929688,0
2025-04-22 09:16:00+05:30,712.1500244140625,714.6500244140625,712.0,714.0999755859375,29899
2025-04-22 09:17:00+05:30,712.0499877929688,712.5999755859375,712.0499877929688,712.1500244140625,66574
2025-04-22 09:18:00+05:30,710.9500122070312,712.0,710.25,711.75,22296
2025-04-22 09:19:00+05:30,711.0499877929688,711.4000244140625,710.6500244140625,711.4000244140625,10104
2025-04-22 09:20:00+05:30,713.7999877929688,713.7999877929688,711.2999877929688,711.7999877929688,10136
2025-04-22 09:21:00+05:30,713.5999755859375,713.5999755859375,712.5999755859375,713.5999755859375,7065
2025-04-22 09:22:00+05:30,713.9500122070312,714.9000244140625,713.25,713.2999877929688,12849
2025-04-22 09:23:00+05:30,711.75,713.5,711.75,713.1500244140625,8060
2025-04-22 09:24:00+05:30,712.4500122070312,712.5999755859375,711.75,711.75,6860
2025-04-22 09:25:00+05:30,713.2999877929688,713.2999877929688,711.7999877929688,711.7999877929688,10433
2025-04-22 09:26:00+05:30,713.8499755859375,714.5499877929688,713.5499877929688,713.9000244140625,13191
2025-04-22 09:27:00+05:30,712.3499755859375,713.8499755859375,712.2000122070312,713.8499755859375,41758
2025-04-22 09:28:00+05:30,713.7999877929688,713.7999877929688,712.4000244140625,713.0499877929688,9346
2025-04-22 09:29:00+05:30,713.2999877929688,713.75,712.3499755859375,713.7000122070312,7217
2025-04-22 09:30:00+05:30,713.2999877929688,713.2999877929688,713.0,713.25,17965
2025-04-22 09:31:00+05:30,713.7999877929688,713.7999877929688,713.3499755859375,713.5,9404
2025-04-22 09:32:00+05:30,714.2000122070312,714.25,713.9500122070312,713.9500122070312,7315
2025-04-22 09:33:00+05:30,713.5999755859375,714.25,713.2999877929688,714.25,15652
2025-04-22 09:34:00+05:30,713.0,713.5,713.0,713.5,6226
2025-04-22 09:35:00+05:30,712.7000122070312,712.9500122070312,712.7000122070312,712.9500122070312,6150
2025-04-22 09:36:00+05:30,712.0,713.3499755859375,712.0,713.3499755859375,15847
2025-04-22 09:37:00+05:30,712.7000122070312,713.0499877929688,712.0999755859375,712.0999755859375,5764
2025-04-22 09:38:00+05:30,712.9000244140625,712.9000244140625,712.0499877929688,712.0499877929688,5720
2025-04-22 09:39:00+05:30,712.6500244140625,712.9500122070312,712.5499877929688,712.6500244140625,11848
2025-04-22 09:40:00+05:30,711.5499877929688,712.8499755859375,711.4500122070312,712.5499877929688,7861
2025-04-22 09:41:00+05:30,710.0,711.5,710.0,711.5,8720
2025-04-22 09:42:00+05:30,710.0,710.4500122070312,710.0,710.0,13977
2025-04-22 09:43:00+05:30,710.9000244140625,710.9000244140625,710.25,710.5499877929688,9528
2025-04-22 09:44:00+05:30,711.9500122070312,711.9500122070312,710.3499755859375,710.3499755859375,16963
2025-04-22 09:45:00+05:30,711.7999877929688,712.2000122070312,711.5,711.8499755859375,7606
2025-04-22 09:46:00+05:30,712.3499755859375,712.4500122070312,711.9000244140625,711.9000244140625,3715
2025-04-22 09:47:00+05:30,712.25,712.2999877929688,711.9000244140625,711.9000244140625,5385
2025-04-22 09:48:00+05:30,711.5999755859375,712.25,711.5,712.25,22608
2025-04-22 09:49:00+05:30,711.7000122070312,711.9500122070312,711.5,711.5499877929688,9550
2025-04-22 09:50:00+05:30,711.2999877929688,711.7000122070312,710.8499755859375,711.7000122070312,7694
2025-04-22 09:51:00+05:30,710.7999877929688,711.25,710.7999877929688,711.0999755859375,4462
2025-04-22 09:52:00+05:30,710.3499755859375,711.5,710.3499755859375,711.0499877929688,5623
2025-04-22 09:53:00+05:30,710.2000122070312,710.4500122070312,710.0499877929688,710.3499755859375,9099
2025-04-22 09:54:00+05:30,710.0999755859375,710.4000244140625,710.0,710.0499877929688,6239
2025-04-22 09:55:00+05:30,710.0999755859375,710.4000244140625,710.0,710.0999755859375,11704
2025-04-22 09:56:00+05:30,710.0,710.5499877929688,710.0,710.0999755859375,11501
2025-04-22 09:57:00+05:30,710.7000122070312,710.7000122070312,709.9500122070312,709.9500122070312,4636
2025-04-22 09:58:00+05:30,710.4500122070312,710.9000244140625,710.25,710.7000122070312,3940
2025-04-22 09:59:00+05:30,710.3499755859375,710.7999877929688,710.0,710.4000244140625,10927
2025-04-22 10:00:00+05:30,710.0499877929688,710.4500122070312,710.0499877929688,710.3499755859375,6398
2025-04-22 10:01:00+05:30,710.3499755859375,710.4500122070312,710.0999755859375,710.0999755859375,2402
2025-04-22 10:02:00+05:30,710.3499755859375,710.3499755859375,710.0999755859375,710.0999755859375,5663
2025-04-22 10:03:00+05:30,710.0,710.4500122070312,710.0,710.4500122070312,7592
2025-04-22 10:04:00+05:30,710.25,710.25,710.0,710.0,3541
2025-04-22 10:05:00+05:30,710.0999755859375,710.3499755859375,709.9000244140625,709.9000244140625,3147
2025-04-22 10:06:00+05:30,710.5,710.6500244140625,710.2999877929688,710.5,3394
2025-04-22 10:07:00+05:30,710.4000244140625,710.4500122070312,710.2000122070312,710.4000244140625,2430
2025-04-22 10:08:00+05:30,711.2000122070312,711.2000122070312,710.0,710.2999877929688,15041
2025-04-22 10:09:00+05:30,711.2999877929688,711.5,711.0,711.4500122070312,6370
2025-04-22 10:10:00+05:30,711.0,711.3499755859375,710.6500244140625,711.0,55405
2025-04-22 10:11:00+05:30,711.0499877929688,711.1500244140625,710.5999755859375,711.0,7784
2025-04-22 10:12:00+05:30,711.4500122070312,711.5,710.75,710.75,6575
2025-04-22 10:13:00+05:30,711.2999877929688,711.4500122070312,710.9000244140625,711.2000122070312,5183
2025-04-22 10:14:00+05:30,711.4000244140625,711.5,711.2000122070312,711.2999877929688,30625
2025-04-22 10:15:00+05:30,711.4500122070312,711.4500122070312,711.0,711.2999877929688,18045
2025-04-22 10:16:00+05:30,711.4500122070312,711.5,711.4000244140625,711.4500122070312,937
2025-04-22 10:17:00+05:30,712.8499755859375,713.0,711.0,711.5,49406
2025-04-22 10:18:00+05:30,713.4500122070312,713.4500122070312,712.5499877929688,712.7999877929688,8492
2025-04-22 10:19:00+05:30,713.6500244140625,713.7000122070312,713.25,713.25,3484
2025-04-22 10:20:00+05:30,713.4500122070312,713.8499755859375,713.4500122070312,713.6500244140625,3883
2025-04-22 10:21:00+05:30,713.7000122070312,713.7999877929688,713.2999877929688,713.2999877929688,2506
2025-04-22 10:22:00+05:30,713.7999877929688,713.7999877929688,713.5999755859375,713.7000122070312,3550
2025-04-22 10:23:00+05:30,713.5,713.75,713.0499877929688,713.5,4930
2025-04-22 10:24:00+05:30,713.5999755859375,713.5999755859375,713.4500122070312,713.4500122070312,963
2025-04-22 10:25:00+05:30,714.2000122070312,714.2000122070312,713.6500244140625,713.7000122070312,10047
2025-04-22 10:26:00+05:30,714.25,714.5,714.0999755859375,714.0999755859375,5276
2025-04-22 10:27:00+05:30,714.5,714.5,714.2000122070312,714.2000122070312,3631
2025-04-22 10:28:00+05:30,714.5,714.5499877929688,714.3499755859375,714.5,9698
2025-04-22 10:29:00+05:30,715.6500244140625,715.7000122070312,714.5,714.5,19263
2025-04-22 10:30:00+05:30,715.2999877929688,715.7000122070312,715.2999877929688,715.5999755859375,4718
2025-04-22 10:31:00+05:30,715.2999877929688,715.5,715.2999877929688,715.2999877929688,4764
2025-04-22 10:32:00+05:30,716.4000244140625,716.4000244140625,715.3499755859375,715.5,45775
2025-04-22 10:33:00+05:30,716.4000244140625,716.5499877929688,716.0999755859375,716.2999877929688,8374
2025-04-22 10:34:00+05:30,716.0499877929688,716.4000244140625,715.7999877929688,716.0999755859375,4238
2025-04-22 10:35:00+05:30,716.3499755859375,716.3499755859375,716.0,716.0499877929688,1453
2025-04-22 10:36:00+05:30,716.4500122070312,716.4500122070312,716.1500244140625,716.2999877929688,4015
2025-04-22 10:37:00+05:30,716.4500122070312,716.5,716.3499755859375,716.4000244140625,5294
2025-04-22 10:38:00+05:30,715.9000244140625,716.2999877929688,715.7000122070312,716.2999877929688,5807
2025-04-22 10:39:00+05:30,715.75,716.0,715.75,715.9500122070312,3197
2025-04-22 10:40:00+05:30,716.2999877929688,716.3499755859375,715.4500122070312,715.7999877929688,6711
2025-04-22 10:41:00+05:30,716.0,716.2999877929688,716.0,716.2999877929688,3404
2025-04-22 10:42:00+05:30,716.0,716.2000122070312,715.9000244140625,715.9500122070312,3062
2025-04-22 10:43:00+05:30,716.0,716.0,715.9500122070312,715.9500122070312,1973
2025-04-22 10:44:00+05:30,716.25,716.25,716.0,716.0,2516
2025-04-22 10:45:00+05:30,716.0499877929688,716.4500122070312,715.75,716.0999755859375,21187
2025-04-22 10:46:00+05:30,716.2000122070312,716.2000122070312,716.1500244140625,716.1500244140625,1970
2025-04-22 10:47:00+05:30,716.0,716.2000122070312,715.7000122070312,716.0999755859375,5686
2025-04-22 10:48:00+05:30,716.0499877929688,716.2000122070312,715.9500122070312,716.2000122070312,2847
2025-04-22 10:49:00+05:30,716.1500244140625,716.2000122070312,716.0499877929688,716.0499877929688,2743
2025-04-22 10:50:00+05:30,716.0999755859375,716.2000122070312,715.8499755859375,716.0999755859375,4654
2025-04-22 10:51:00+05:30,716.0999755859375,716.2000122070312,716.0499877929688,716.0999755859375,4767
2025-04-22 10:52:00+05:30,716.2000122070312,716.2000122070312,716.0,716.0,1708
2025-04-22 10:53:00+05:30,716.2000122070312,716.2000122070312,716.1500244140625,716.2000122070312,1445
2025-04-22 10:54:00+05:30,716.9500122070312,717.0,716.2000122070312,716.2000122070312,16323
2025-04-22 10:55:00+05:30,716.8499755859375,717.0,716.8499755859375,717.0,2110
2025-04-22 10:56:00+05:30,715.9000244140625,716.9500122070312,715.6500244140625,716.9000244140625,8330
2025-04-22 10:57:00+05:30,716.2999877929688,716.5,715.9000244140625,716.0999755859375,2529
2025-04-22 10:58:00+05:30,717.0,717.0,716.2000122070312,716.2999877929688,2167
2025-04-22 10:59:00+05:30,717.1500244140625,717.5,716.7999877929688,716.8499755859375,17143
2025-04-22 11:00:00+05:30,717.5,717.5,716.9500122070312,717.2000122070312,4656
2025-04-22 11:01:00+05:30,717.4000244140625,717.4000244140625,717.25,717.4000244140625,3268
2025-04-22 11:02:00+05:30,717.1500244140625,717.4000244140625,717.1500244140625,717.25,1849
2025-04-22 11:03:00+05:30,717.4000244140625,717.4000244140625,717.0999755859375,717.1500244140625,2970
2025-04-22 11:04:00+05:30,717.4000244140625,717.4000244140625,717.3499755859375,717.4000244140625,2140
2025-04-22 11:05:00+05:30,717.3499755859375,717.4000244140625,717.2999877929688,717.4000244140625,2354
2025-04-22 11:06:00+05:30,717.0,717.3499755859375,716.75,717.3499755859375,5341
2025-04-22 11:07:00+05:30,716.5,717.0,716.5,717.0,9653
2025-04-22 11:08:00+05:30,716.6500244140625,716.6500244140625,716.4000244140625,716.5,1071
2025-04-22 11:09:00+05:30,716.4500122070312,716.5999755859375,716.4000244140625,716.5999755859375,1625
2025-04-22 11:10:00+05:30,716.7000122070312,716.7000122070312,716.2000122070312,716.4500122070312,7035
2025-04-22 11:11:00+05:30,716.4500122070312,716.7000122070312,716.25,716.7000122070312,13871
2025-04-22 11:12:00+05:30,715.9000244140625,716.2000122070312,715.8499755859375,716.2000122070312,8116
2025-04-22 11:13:00+05:30,716.0,716.2000122070312,715.9000244140625,715.9500122070312,7082
2025-04-22 11:14:00+05:30,716.3499755859375,716.3499755859375,716.0,716.0,3716
2025-04-22 11:15:00+05:30,716.1500244140625,716.2999877929688,715.7999877929688,716.25,3784
2025-04-22 11:16:00+05:30,716.25,716.25,716.1500244140625,716.1500244140625,1536
2025-04-22 11:17:00+05:30,716.4000244140625,716.4000244140625,716.2999877929688,716.2999877929688,4078
2025-04-22 11:18:00+05:30,716.5499877929688,716.9000244140625,716.3499755859375,716.4000244140625,6064
2025-04-22 11:19:00+05:30,716.4000244140625,716.4500122070312,716.2999877929688,716.4500122070312,16657
2025-04-22 11:20:00+05:30,716.5999755859375,716.5999755859375,716.4000244140625,716.4500122070312,2149
2025-04-22 11:21:00+05:30,716.5999755859375,716.5999755859375,716.5,716.5999755859375,1174
2025-04-22 11:22:00+05:30,716.7999877929688,716.7999877929688,716.5999755859375,716.5999755859375,3880
2025-04-22 11:23:00+05:30,716.7999877929688,716.9000244140625,716.75,716.7999877929688,8499
2025-04-22 11:24:00+05:30,716.9000244140625,716.9000244140625,716.6500244140625,716.75,5260
2025-04-22 11:25:00+05:30,716.5999755859375,716.8499755859375,716.4500122070312,716.7999877929688,4959
2025-04-22 11:26:00+05:30,716.5999755859375,716.5999755859375,716.5,716.5999755859375,1762
2025-04-22 11:27:00+05:30,716.5499877929688,716.5499877929688,716.5,716.5499877929688,2540
2025-04-22 11:28:00+05:30,716.2000122070312,716.5,715.9000244140625,716.5,4291
2025-04-22 11:29:00+05:30,716.4000244140625,716.5,716.25,716.25,3994
2025-04-22 11:30:00+05:30,716.0,716.4000244140625,715.4500122070312,716.4000244140625,6534
2025-04-22 11:31:00+05:30,716.7999877929688,716.7999877929688,716.2999877929688,716.2999877929688,11801
2025-04-22 11:32:00+05:30,717.5,717.5,716.9500122070312,716.9500122070312,27995
2025-04-22 11:33:00+05:30,717.4500122070312,717.5,717.4000244140625,717.4500122070312,1977
2025-04-22 11:34:00+05:30,716.5499877929688,717.4000244140625,716.5499877929688,717.4000244140625,8857
2025-04-22 11:35:00+05:30,716.5499877929688,716.9000244140625,716.2999877929688,716.4500122070312,3080
2025-04-22 11:36:00+05:30,716.9500122070312,716.9500122070312,716.5499877929688,716.5499877929688,1347
2025-04-22 11:37:00+05:30,717.0,717.0,716.9500122070312,716.9500122070312,2775
2025-04-22 11:38:00+05:30,717.0,717.0,716.9500122070312,716.9500122070312,1601
2025-04-22 11:39:00+05:30,716.9500122070312,717.0,716.9500122070312,717.0,1933
2025-04-22 11:40:00+05:30,716.9500122070312,717.0,716.9500122070312,716.9500122070312,3683
2025-04-22 11:41:00+05:30,717.3499755859375,717.4500122070312,716.8499755859375,716.8499755859375,8930
2025-04-22 11:42:00+05:30,717.4500122070312,717.4500122070312,717.4000244140625,717.4500122070312,3000
2025-04-22 11:43:00+05:30,717.5,717.5,717.4000244140625,717.4000244140625,1622
2025-04-22 11:44:00+05:30,717.2999877929688,717.5,717.2000122070312,717.5,4145
2025-04-22 11:45:00+05:30,717.5999755859375,717.5999755859375,717.4000244140625,717.4000244140625,5065
2025-04-22 11:46:00+05:30,717.5999755859375,717.75,717.5999755859375,717.5999755859375,2458
2025-04-22 11:47:00+05:30,717.7999877929688,717.7999877929688,717.6500244140625,717.6500244140625,1136
2025-04-22 11:48:00+05:30,717.5999755859375,717.7999877929688,717.5999755859375,717.75,2373
2025-04-22 11:49:00+05:30,717.5,717.5999755859375,717.5,717.5999755859375,1492
2025-04-22 11:50:00+05:30,717.5999755859375,717.5999755859375,717.5,717.5,2243
2025-04-22 11:51:00+05:30,717.0,717.5999755859375,716.9500122070312,717.5,2292
2025-04-22 11:52:00+05:30,717.5,717.5999755859375,717.0,717.0,3854
2025-04-22 11:53:00+05:30,717.5499877929688,717.5499877929688,717.4500122070312,717.5,2499
2025-04-22 11:54:00+05:30,717.6500244140625,717.6500244140625,717.5499877929688,717.6500244140625,2970
2025-04-22 11:55:00+05:30,717.7000122070312,717.7000122070312,717.5999755859375,717.6500244140625,2875
2025-04-22 11:56:00+05:30,718.3499755859375,718.5,717.75,717.75,21627
2025-04-22 11:57:00+05:30,718.2999877929688,718.3499755859375,718.0499877929688,718.3499755859375,5665
2025-04-22 11:58:00+05:30,718.2999877929688,718.2999877929688,718.1500244140625,718.2999877929688,11519
2025-04-22 11:59:00+05:30,718.0499877929688,718.2999877929688,717.8499755859375,718.2999877929688,3651
2025-04-22 12:00:00+05:30,718.7999877929688,718.7999877929688,717.75,718.2999877929688,11241
2025-04-22 12:01:00+05:30,719.9000244140625,719.9000244140625,718.9000244140625,718.9000244140625,49034
2025-04-22 12:02:00+05:30,720.3499755859375,721.0,719.7000122070312,719.9000244140625,46927
2025-04-22 12:03:00+05:30,720.75,721.0,720.25,720.3499755859375,17714
2025-04-22 12:04:00+05:30,720.9500122070312,721.0,720.5999755859375,720.7000122070312,6446
2025-04-22 12:05:00+05:30,720.9000244140625,720.9500122070312,720.0999755859375,720.9000244140625,8099
2025-04-22 12:06:00+05:30,720.9500122070312,720.9500122070312,720.5,720.9000244140625,5496
2025-04-22 12:07:00+05:30,720.9000244140625,720.9500122070312,720.6500244140625,720.8499755859375,7362
2025-04-22 12:08:00+05:30,721.0,721.0499877929688,720.9500122070312,720.9500122070312,6752
2025-04-22 12:09:00+05:30,721.75,721.7999877929688,721.1500244140625,721.1500244140625,17057
2025-04-22 12:10:00+05:30,720.9000244140625,721.75,720.5499877929688,721.7000122070312,14257
2025-04-22 12:11:00+05:30,720.5,720.9000244140625,720.2999877929688,720.9000244140625,4212
2025-04-22 12:12:00+05:30,720.0,720.5,720.0,720.5,6836
2025-04-22 12:13:00+05:30,720.4000244140625,720.4000244140625,719.8499755859375,720.0,16227
2025-04-22 12:14:00+05:30,720.0,720.3499755859375,720.0,720.3499755859375,9340
2025-04-22 12:15:00+05:30,720.0,720.0,719.9000244140625,720.0,2809
2025-04-22 12:16:00+05:30,720.0,720.0,719.9000244140625,720.0,3895
2025-04-22 12:17:00+05:30,720.0,720.0,719.9500122070312,720.0,10329
2025-04-22 12:18:00+05:30,719.9000244140625,720.0,719.75,720.0,5794
2025-04-22 12:19:00+05:30,719.8499755859375,719.8499755859375,719.6500244140625,719.8499755859375,1974
2025-04-22 12:20:00+05:30,719.2999877929688,719.9500122070312,719.25,719.8499755859375,7098
2025-04-22 12:21:00+05:30,719.0,719.2999877929688,718.6500244140625,719.2999877929688,5073
2025-04-22 12:22:00+05:30,719.0,719.2000122070312,718.8499755859375,718.8499755859375,3998
2025-04-22 12:23:00+05:30,719.4000244140625,719.4000244140625,719.2000122070312,719.2000122070312,3393
2025-04-22 12:24:00+05:30,719.75,719.9500122070312,719.4000244140625,719.4000244140625,6304
2025-04-22 12:25:00+05:30,719.5999755859375,719.75,719.5499877929688,719.75,2059
2025-04-22 12:26:00+05:30,719.7999877929688,719.9000244140625,719.75,719.75,3594
2025-04-22 12:27:00+05:30,719.4000244140625,719.7000122070312,719.2999877929688,719.7000122070312,4618
2025-04-22 12:28:00+05:30,719.5999755859375,719.7000122070312,719.4000244140625,719.4000244140625,2482
2025-04-22 12:29:00+05:30,719.7000122070312,719.75,719.5999755859375,719.5999755859375,2340
2025-04-22 12:30:00+05:30,719.4500122070312,719.9000244140625,719.4500122070312,719.7000122070312,4925
2025-04-22 12:31:00+05:30,719.2000122070312,719.5499877929688,719.2000122070312,719.4500122070312,3372
2025-04-22 12:32:00+05:30,719.25,719.4500122070312,719.1500244140625,719.2999877929688,3484
2025-04-22 12:33:00+05:30,719.4000244140625,719.4500122070312,719.25,719.4500122070312,5763
2025-04-22 12:34:00+05:30,719.4000244140625,719.4000244140625,719.1500244140625,719.4000244140625,1424
2025-04-22 12:35:00+05:30,719.4000244140625,719.4000244140625,719.0499877929688,719.4000244140625,3237
2025-04-22 12:36:00+05:30,719.5499877929688,719.5499877929688,719.2999877929688,719.4000244140625,2668
2025-04-22 12:37:00+05:30,719.5999755859375,719.6500244140625,719.4500122070312,719.5499877929688,2517
2025-04-22 12:38:00+05:30,719.5,719.5,719.4500122070312,719.5,2280
2025-04-22 12:39:00+05:30,719.4000244140625,719.5499877929688,719.4000244140625,719.5,2658
2025-04-22 12:40:00+05:30,719.3499755859375,719.5499877929688,719.3499755859375,719.4000244140625,4336
2025-04-22 12:41:00+05:30,719.0999755859375,719.3499755859375,719.0999755859375,719.2999877929688,2321
2025-04-22 12:42:00+05:30,718.7000122070312,719.0999755859375,718.7000122070312,719.0999755859375,1743
2025-04-22 12:43:00+05:30,718.7000122070312,718.7000122070312,718.5,718.7000122070312,1742
2025-04-22 12:44:00+05:30,718.5,718.7000122070312,718.4500122070312,718.7000122070312,1738
2025-04-22 12:45:00+05:30,718.0,718.5,718.0,718.5,3860
2025-04-22 12:46:00+05:30,717.7999877929688,718.0,717.75,718.0,11513
2025-04-22 12:47:00+05:30,717.0,718.1500244140625,716.9500122070312,717.9500122070312,6737
2025-04-22 12:48:00+05:30,717.0,717.0,716.9000244140625,717.0,3356
2025-04-22 12:49:00+05:30,716.5,716.75,716.5,716.6500244140625,5756
2025-04-22 12:50:00+05:30,716.0999755859375,716.8499755859375,716.0,716.5499877929688,7011
2025-04-22 12:51:00+05:30,716.0,716.3499755859375,715.9500122070312,716.25,3934
2025-04-22 12:52:00+05:30,715.9500122070312,716.0,715.9500122070312,716.0,2918
2025-04-22 12:53:00+05:30,716.5,716.5999755859375,716.0,716.0,3818
2025-04-22 12:54:00+05:30,716.5999755859375,717.25,716.4500122070312,716.5,4858
2025-04-22 12:55:00+05:30,716.6500244140625,716.7999877929688,716.4000244140625,716.5999755859375,3770
2025-04-22 12:56:00+05:30,716.5,716.7000122070312,716.4500122070312,716.6500244140625,3438
2025-04-22 12:57:00+05:30,716.7000122070312,716.9000244140625,716.4000244140625,716.4000244140625,2839
2025-04-22 12:58:00+05:30,716.2999877929688,716.7000122070312,716.2999877929688,716.7000122070312,5881
2025-04-22 12:59:00+05:30,716.0499877929688,716.3499755859375,716.0499877929688,716.3499755859375,4087
2025-04-22 13:00:00+05:30,715.8499755859375,716.0499877929688,715.75,716.0499877929688,2379
2025-04-22 13:01:00+05:30,715.9000244140625,715.9000244140625,715.4000244140625,715.8499755859375,3549
2025-04-22 13:02:00+05:30,716.4500122070312,716.4500122070312,715.9000244140625,715.9000244140625,3340
2025-04-22 13:03:00+05:30,716.9000244140625,716.9000244140625,716.4000244140625,716.4000244140625,3406
2025-04-22 13:04:00+05:30,716.75,716.9000244140625,716.75,716.9000244140625,1509
2025-04-22 13:05:00+05:30,716.75,716.7999877929688,716.75,716.7999877929688,2452
2025-04-22 13:06:00+05:30,716.3499755859375,716.75,716.3499755859375,716.75,2708
2025-04-22 13:07:00+05:30,716.5,716.75,716.5,716.5,3046
2025-04-22 13:08:00+05:30,716.5,716.5,716.4500122070312,716.5,2067
2025-04-22 13:09:00+05:30,716.5,716.5,716.4500122070312,716.5,2618
2025-04-22 13:10:00+05:30,716.5999755859375,716.5999755859375,716.5,716.5,3276
2025-04-22 13:11:00+05:30,716.5999755859375,716.8499755859375,716.5999755859375,716.5999755859375,2106
2025-04-22 13:12:00+05:30,716.75,716.7999877929688,716.3499755859375,716.75,1358
2025-04-22 13:13:00+05:30,716.5,716.6500244140625,716.5,716.6500244140625,2002
2025-04-22 13:14:00+05:30,716.2000122070312,716.6500244140625,716.2000122070312,716.5,5372
2025-04-22 13:15:00+05:30,715.5,716.2999877929688,715.4000244140625,716.2000122070312,7556
2025-04-22 13:16:00+05:30,715.0999755859375,715.5,714.8499755859375,715.4500122070312,9906
2025-04-22 13:17:00+05:30,716.5999755859375,716.9000244140625,714.9000244140625,715.0999755859375,6389
2025-04-22 13:18:00+05:30,716.3499755859375,716.5999755859375,716.2999877929688,716.5999755859375,1685
2025-04-22 13:19:00+05:30,716.2000122070312,716.2999877929688,716.2000122070312,716.2999877929688,2922
2025-04-22 13:20:00+05:30,716.2999877929688,716.4500122070312,716.0999755859375,716.2000122070312,2930
2025-04-22 13:21:00+05:30,716.4000244140625,716.4500122070312,716.1500244140625,716.1500244140625,2637
2025-04-22 13:22:00+05:30,716.6500244140625,716.75,716.4000244140625,716.4000244140625,5450
2025-04-22 13:23:00+05:30,716.75,716.9000244140625,716.5,716.5,2001
2025-04-22 13:24:00+05:30,716.5999755859375,716.75,716.5499877929688,716.75,1110
2025-04-22 13:25:00+05:30,716.7000122070312,716.75,716.4000244140625,716.5999755859375,1404
2025-04-22 13:26:00+05:30,716.5499877929688,716.5999755859375,716.2000122070312,716.5999755859375,3275
2025-04-22 13:27:00+05:30,716.0999755859375,716.5999755859375,716.0999755859375,716.4000244140625,6701
2025-04-22 13:28:00+05:30,716.2999877929688,716.2999877929688,716.0499877929688,716.0999755859375,2647
2025-04-22 13:29:00+05:30,716.4000244140625,716.4000244140625,716.2999877929688,716.2999877929688,2215
2025-04-22 13:30:00+05:30,716.1500244140625,716.5499877929688,716.1500244140625,716.4000244140625,1970
2025-04-22 13:31:00+05:30,715.5,715.9500122070312,715.1500244140625,715.9500122070312,5796
2025-04-22 13:32:00+05:30,715.3499755859375,715.5999755859375,715.0999755859375,715.2000122070312,3882
2025-04-22 13:33:00+05:30,715.0,715.3499755859375,714.9000244140625,715.3499755859375,4626
2025-04-22 13:34:00+05:30,715.0499877929688,715.1500244140625,714.9000244140625,715.0,4594
2025-04-22 13:35:00+05:30,714.9500122070312,715.0,714.9500122070312,715.0,1506
2025-04-22 13:36:00+05:30,715.2999877929688,715.3499755859375,715.0,715.0,12959
2025-04-22 13:37:00+05:30,715.0,715.7999877929688,715.0,715.5499877929688,3359
2025-04-22 13:38:00+05:30,715.0,715.0,714.9500122070312,715.0,1810
2025-04-22 13:39:00+05:30,715.0,715.5499877929688,715.0,715.0,55305
2025-04-22 13:40:00+05:30,714.5,715.0,714.4500122070312,714.9000244140625,6588
2025-04-22 13:41:00+05:30,714.5,714.5,714.5,714.5,2061
2025-04-22 13:42:00+05:30,715.0,715.0,714.5499877929688,714.75,17584
2025-04-22 13:43:00+05:30,715.0,715.0,714.9500122070312,715.0,2821
2025-04-22 13:44:00+05:30,715.0,715.0,714.9000244140625,715.0,9005
2025-04-22 13:45:00+05:30,715.0,715.0,714.9500122070312,715.0,1698
2025-04-22 13:46:00+05:30,715.0,715.0,714.9500122070312,715.0,2463
2025-04-22 13:47:00+05:30,714.7000122070312,715.0,714.7000122070312,715.0,4043
2025-04-22 13:48:00+05:30,714.7000122070312,714.7000122070312,714.6500244140625,714.7000122070312,1830
2025-04-22 13:49:00+05:30,714.5999755859375,714.8499755859375,714.5,714.7000122070312,2884
2025-04-22 13:50:00+05:30,714.5999755859375,714.5999755859375,714.5,714.5999755859375,1499
2025-04-22 13:51:00+05:30,714.5,714.5999755859375,714.5,714.5999755859375,2392
2025-04-22 13:52:00+05:30,714.2000122070312,714.5,713.8499755859375,714.5,7150
2025-04-22 13:53:00+05:30,714.3499755859375,714.3499755859375,713.9500122070312,714.0,2061
2025-04-22 13:54:00+05:30,713.9000244140625,714.4000244140625,713.9000244140625,714.3499755859375,3120
2025-04-22 13:55:00+05:30,714.5499877929688,714.5499877929688,713.9000244140625,713.9000244140625,3721
2025-04-22 13:56:00+05:30,714.5,714.8499755859375,714.3499755859375,714.8499755859375,3482
2025-04-22 13:57:00+05:30,715.0,715.0,714.4500122070312,714.5,1536
2025-04-22 13:58:00+05:30,715.0,715.0,714.4500122070312,714.7000122070312,7174
2025-04-22 13:59:00+05:30,714.9500122070312,715.0,714.9500122070312,715.0,3141
2025-04-22 14:00:00+05:30,714.9500122070312,715.0,714.8499755859375,714.9500122070312,3956
2025-04-22 14:01:00+05:30,714.8499755859375,714.9000244140625,714.75,714.9000244140625,2500
2025-04-22 14:02:00+05:30,715.0,715.0,714.8499755859375,714.9500122070312,2148
2025-04-22 14:03:00+05:30,714.9500122070312,715.0,714.9500122070312,715.0,975
2025-04-22 14:04:00+05:30,714.9500122070312,715.0,714.8499755859375,715.0,1988
2025-04-22 14:05:00+05:30,714.75,715.0,714.4500122070312,714.9500122070312,2623
2025-04-22 14:06:00+05:30,715.0,715.0,714.5,714.5,4915
2025-04-22 14:07:00+05:30,715.0,715.0,714.9000244140625,715.0,1155
2025-04-22 14:08:00+05:30,715.0,715.0,715.0,715.0,2157
2025-04-22 14:09:00+05:30,715.0,715.0,715.0,715.0,2238
2025-04-22 14:10:00+05:30,714.6500244140625,715.1500244140625,714.5999755859375,715.0,39945
2025-04-22 14:11:00+05:30,714.5999755859375,714.6500244140625,714.5499877929688,714.6500244140625,4625
2025-04-22 14:12:00+05:30,714.75,714.7999877929688,714.5,714.5,1527
2025-04-22 14:13:00+05:30,714.5,714.7999877929688,714.5,714.6500244140625,11522
2025-04-22 14:14:00+05:30,714.2999877929688,714.8499755859375,714.1500244140625,714.8499755859375,3094
2025-04-22 14:15:00+05:30,714.25,714.4500122070312,714.0,714.4000244140625,1876
2025-04-22 14:16:00+05:30,714.3499755859375,714.4000244140625,714.1500244140625,714.25,2180
2025-04-22 14:17:00+05:30,714.1500244140625,714.3499755859375,714.1500244140625,714.3499755859375,1334
2025-04-22 14:18:00+05:30,714.1500244140625,714.25,714.1500244140625,714.25,1658
2025-04-22 14:19:00+05:30,714.0,714.2999877929688,714.0,714.25,4436
2025-04-22 14:20:00+05:30,713.9500122070312,714.1500244140625,713.9000244140625,714.1500244140625,1982
2025-04-22 14:21:00+05:30,714.0499877929688,714.0499877929688,713.9000244140625,713.9500122070312,1593
2025-04-22 14:22:00+05:30,714.2999877929688,714.4000244140625,714.0,714.0,1227
2025-04-22 14:23:00+05:30,714.4000244140625,714.4500122070312,714.1500244140625,714.4000244140625,1594
2025-04-22 14:24:00+05:30,714.7000122070312,714.7000122070312,714.25,714.3499755859375,971
2025-04-22 14:25:00+05:30,714.7000122070312,714.7000122070312,714.5499877929688,714.5499877929688,956
2025-04-22 14:26:00+05:30,714.75,714.75,714.3499755859375,714.5999755859375,2975
2025-04-22 14:27:00+05:30,714.5999755859375,714.9500122070312,714.5999755859375,714.9500122070312,1692
2025-04-22 14:28:00+05:30,714.9500122070312,714.9500122070312,714.5999755859375,714.75,805
2025-04-22 14:29:00+05:30,714.9000244140625,714.9500122070312,714.5499877929688,714.9500122070312,2103
2025-04-22 14:30:00+05:30,714.9000244140625,714.9000244140625,714.2000122070312,714.9000244140625,3842
2025-04-22 14:31:00+05:30,714.7000122070312,714.9500122070312,714.7000122070312,714.9000244140625,1902
2025-04-22 14:32:00+05:30,714.75,714.7999877929688,714.4500122070312,714.7999877929688,1470
2025-04-22 14:33:00+05:30,714.4500122070312,714.75,714.4500122070312,714.75,2709
2025-04-22 14:34:00+05:30,714.1500244140625,714.2999877929688,714.0999755859375,714.2000122070312,2246
2025-04-22 14:35:00+05:30,714.2000122070312,714.2000122070312,714.0999755859375,714.1500244140625,1261
2025-04-22 14:36:00+05:30,714.6500244140625,714.7000122070312,714.2000122070312,714.2000122070312,1503
2025-04-22 14:37:00+05:30,714.8499755859375,714.8499755859375,714.5999755859375,714.7000122070312,1987
2025-04-22 14:38:00+05:30,715.25,715.3499755859375,714.9500122070312,715.0,3504
2025-04-22 14:39:00+05:30,715.2999877929688,715.2999877929688,715.1500244140625,715.25,2690
2025-04-22 14:40:00+05:30,715.0,715.2999877929688,715.0,715.2999877929688,1710
2025-04-22 14:41:00+05:30,715.8499755859375,715.9000244140625,715.0999755859375,715.25,2103
2025-04-22 14:42:00+05:30,715.3499755859375,715.8499755859375,715.3499755859375,715.5,6359
2025-04-22 14:43:00+05:30,715.4000244140625,715.5999755859375,715.1500244140625,715.5,1950
2025-04-22 14:44:00+05:30,715.1500244140625,715.4500122070312,715.1500244140625,715.4000244140625,752
2025-04-22 14:45:00+05:30,715.25,715.2999877929688,715.0499877929688,715.1500244140625,1518
2025-04-22 14:46:00+05:30,715.2999877929688,715.2999877929688,715.0499877929688,715.0499877929688,1037
2025-04-22 14:47:00+05:30,715.2000122070312,715.2000122070312,714.5,714.9500122070312,7353
2025-04-22 14:48:00+05:30,715.1500244140625,715.2000122070312,714.9000244140625,715.1500244140625,2231
2025-04-22 14:49:00+05:30,715.0,715.1500244140625,714.6500244140625,715.1500244140625,3029
2025-04-22 14:50:00+05:30,715.3499755859375,715.5499877929688,715.0,715.0,4555
2025-04-22 14:51:00+05:30,714.1500244140625,715.4000244140625,714.1500244140625,715.3499755859375,6207
2025-04-22 14:52:00+05:30,715.0499877929688,715.0499877929688,714.2999877929688,714.2999877929688,4469
2025-04-22 14:53:00+05:30,715.0499877929688,715.1500244140625,714.7000122070312,715.0499877929688,5529
2025-04-22 14:54:00+05:30,715.1500244140625,715.1500244140625,714.9000244140625,715.0499877929688,759
2025-04-22 14:55:00+05:30,715.2999877929688,715.3499755859375,715.1500244140625,715.1500244140625,2717
2025-04-22 14:56:00+05:30,715.7000122070312,715.7000122070312,715.0,715.0,5889
2025-04-22 14:57:00+05:30,715.3499755859375,715.7000122070312,715.2000122070312,715.4500122070312,4265
2025-04-22 14:58:00+05:30,715.1500244140625,715.25,715.0499877929688,715.0999755859375,2718
2025-04-22 14:59:00+05:30,714.75,715.25,714.75,715.2000122070312,4488
2025-04-22 15:00:00+05:30,714.8499755859375,715.2000122070312,714.7000122070312,714.7000122070312,5925
2025-04-22 15:01:00+05:30,714.7999877929688,714.9500122070312,714.6500244140625,714.9500122070312,4032
2025-04-22 15:02:00+05:30,714.7999877929688,714.9000244140625,714.6500244140625,714.9000244140625,4120
2025-04-22 15:03:00+05:30,715.25,715.4000244140625,715.0499877929688,715.0499877929688,5547
2025-04-22 15:04:00+05:30,715.6500244140625,716.0499877929688,715.2999877929688,715.2999877929688,11685
2025-04-22 15:05:00+05:30,715.1500244140625,715.5,715.0,715.5,3122
2025-04-22 15:06:00+05:30,715.1500244140625,715.2000122070312,714.75,715.0499877929688,16514
2025-04-22 15:07:00+05:30,714.6500244140625,714.9500122070312,714.5999755859375,714.9000244140625,5692
2025-04-22 15:08:00+05:30,714.4000244140625,714.5999755859375,714.3499755859375,714.5999755859375,9252
2025-04-22 15:09:00+05:30,714.6500244140625,714.6500244140625,714.2000122070312,714.4000244140625,6492
2025-04-22 15:10:00+05:30,714.6500244140625,714.8499755859375,714.2999877929688,714.3499755859375,11048
2025-04-22 15:11:00+05:30,714.2999877929688,714.6500244140625,714.25,714.6500244140625,7050
2025-04-22 15:12:00+05:30,714.5999755859375,714.5999755859375,714.2000122070312,714.25,7776
2025-04-22 15:13:00+05:30,714.5999755859375,714.7000122070312,714.5,714.5499877929688,8137
2025-04-22 15:14:00+05:30,714.75,714.9000244140625,714.4000244140625,714.4500122070312,8889
2025-04-22 15:15:00+05:30,714.0499877929688,714.6500244140625,714.0499877929688,714.4500122070312,26375
2025-04-22 15:16:00+05:30,713.6500244140625,714.5,713.5999755859375,714.5,19521
2025-04-22 15:17:00+05:30,713.5499877929688,713.9000244140625,713.5499877929688,713.9000244140625,5791
2025-04-22 15:18:00+05:30,713.2999877929688,713.7000122070312,713.0,713.5499877929688,16027
2025-04-22 15:19:00+05:30,712.4500122070312,713.2000122070312,712.3499755859375,712.9500122070312,8973
2025-04-22 15:20:00+05:30,711.2999877929688,712.4000244140625,711.2999877929688,712.4000244140625,13422
2025-04-22 15:21:00+05:30,710.7000122070312,711.2999877929688,710.7000122070312,711.2999877929688,8390
2025-04-22 15:22:00+05:30,710.5499877929688,710.7000122070312,710.25,710.5499877929688,14167
2025-04-22 15:23:00+05:30,709.7999877929688,710.5999755859375,709.7999877929688,710.5499877929688,15491
2025-04-22 15:24:00+05:30,709.9500122070312,710.0,709.7000122070312,710.0,25938
2025-04-22 15:25:00+05:30,709.7999877929688,709.9000244140625,709.75,709.9000244140625,8890
2025-04-22 15:26:00+05:30,710.4500122070312,710.4500122070312,709.9500122070312,709.9500122070312,21841
2025-04-22 15:27:00+05:30,710.7000122070312,710.7000122070312,710.0,710.4500122070312,18430
2025-04-22 15:28:00+05:30,708.7000122070312,710.9500122070312,708.7000122070312,710.2999877929688,24171
2025-04-22 15:29:00+05:30,712.5499877929688,712.5499877929688,708.5999755859375,709.9500122070312,11213
2025-04-24 09:15:00+05:30,710.2999877929688,713.9500122070312,709.8499755859375,713.9500122070312,0
2025-04-24 09:16:00+05:30,710.0499877929688,710.0499877929688,708.8499755859375,709.5999755859375,23247
2025-04-24 09:17:00+05:30,711.0999755859375,711.5999755859375,710.25,710.3499755859375,41597
2025-04-24 09:18:00+05:30,707.8499755859375,711.25,707.4500122070312,711.1500244140625,25158
2025-04-24 09:19:00+05:30,708.0999755859375,708.9500122070312,707.1500244140625,707.75,27945
2025-04-24 09:20:00+05:30,707.5,708.5,707.4500122070312,708.0999755859375,16812
2025-04-24 09:21:00+05:30,707.5499877929688,708.3499755859375,707.25,707.3499755859375,11616
2025-04-24 09:22:00+05:30,707.2999877929688,707.7000122070312,707.0499877929688,707.7000122070312,10134
2025-04-24 09:23:00+05:30,709.4000244140625,709.4000244140625,708.25,708.25,22387
2025-04-24 09:24:00+05:30,710.5999755859375,711.0,709.7999877929688,709.7999877929688,14020
2025-04-24 09:25:00+05:30,709.25,710.5999755859375,709.25,710.5499877929688,9413
2025-04-24 09:26:00+05:30,707.6500244140625,709.2000122070312,707.0999755859375,709.2000122070312,13703
2025-04-24 09:27:00+05:30,707.8499755859375,708.0499877929688,707.0499877929688,707.2000122070312,9535
2025-04-24 09:28:00+05:30,707.1500244140625,707.75,706.8499755859375,707.75,10392
2025-04-24 09:29:00+05:30,707.1500244140625,707.5,707.0499877929688,707.2000122070312,7850
2025-04-24 09:30:00+05:30,707.6500244140625,708.2000122070312,707.0499877929688,707.0499877929688,9806
2025-04-24 09:31:00+05:30,708.6500244140625,708.6500244140625,707.75,708.0,7352
2025-04-24 09:32:00+05:30,708.0,708.7999877929688,708.0,708.6500244140625,4958
2025-04-24 09:33:00+05:30,707.8499755859375,708.0999755859375,707.75,708.0999755859375,3171
2025-04-24 09:34:00+05:30,709.0,709.0,707.7999877929688,708.0999755859375,17773
2025-04-24 09:35:00+05:30,710.25,710.7000122070312,709.0499877929688,709.0499877929688,13233
2025-04-24 09:36:00+05:30,709.5,710.3499755859375,709.2999877929688,710.3499755859375,10676
2025-04-24 09:37:00+05:30,710.9500122070312,711.0,709.25,709.6500244140625,14957
2025-04-24 09:38:00+05:30,710.4500122070312,710.9500122070312,710.0999755859375,710.9500122070312,12210
2025-04-24 09:39:00+05:30,710.4500122070312,710.6500244140625,710.4000244140625,710.4000244140625,5672
2025-04-24 09:40:00+05:30,709.0999755859375,710.5499877929688,709.0999755859375,710.4500122070312,5883
2025-04-24 09:41:00+05:30,709.9500122070312,710.3499755859375,709.0,709.0499877929688,5837
2025-04-24 09:42:00+05:30,709.6500244140625,710.4500122070312,709.6500244140625,710.0,3410
2025-04-24 09:43:00+05:30,709.2999877929688,709.8499755859375,709.2000122070312,709.6500244140625,2931
2025-04-24 09:44:00+05:30,709.5999755859375,709.75,708.9500122070312,708.9500122070312,7372
2025-04-24 09:45:00+05:30,708.6500244140625,709.7000122070312,707.9500122070312,709.7000122070312,10809
2025-04-24 09:46:00+05:30,707.75,708.4500122070312,707.75,708.2999877929688,3330
2025-04-24 09:47:00+05:30,707.3499755859375,707.9500122070312,707.3499755859375,707.9500122070312,3417
2025-04-24 09:48:00+05:30,707.2999877929688,707.75,707.0499877929688,707.3499755859375,6119
2025-04-24 09:49:00+05:30,707.25,707.4500122070312,706.9500122070312,707.2999877929688,7008
2025-04-24 09:50:00+05:30,708.5999755859375,708.8499755859375,707.2000122070312,707.25,6084
2025-04-24 09:51:00+05:30,708.7000122070312,708.7000122070312,708.2999877929688,708.5999755859375,3510
2025-04-24 09:52:00+05:30,708.7000122070312,708.75,708.6500244140625,708.7000122070312,2288
2025-04-24 09:53:00+05:30,709.75,709.75,708.3499755859375,708.6500244140625,7806
2025-04-24 09:54:00+05:30,710.3499755859375,710.5499877929688,709.5,709.7999877929688,5899
2025-04-24 09:55:00+05:30,710.4500122070312,710.5499877929688,709.6500244140625,710.0999755859375,8386
2025-04-24 09:56:00+05:30,710.5499877929688,710.9000244140625,710.4500122070312,710.5499877929688,3983
2025-04-24 09:57:00+05:30,710.4000244140625,710.5999755859375,710.1500244140625,710.5999755859375,2525
2025-04-24 09:58:00+05:30,711.2000122070312,711.6500244140625,710.7000122070312,710.7000122070312,13777
2025-04-24 09:59:00+05:30,710.8499755859375,711.4000244140625,710.7000122070312,711.2000122070312,3963
2025-04-24 10:00:00+05:30,710.3499755859375,710.8499755859375,710.3499755859375,710.8499755859375,3779
2025-04-24 10:01:00+05:30,710.1500244140625,710.5999755859375,710.1500244140625,710.3499755859375,2430
2025-04-24 10:02:00+05:30,709.3499755859375,710.2000122070312,709.3499755859375,710.1500244140625,3165
2025-04-24 10:03:00+05:30,709.3499755859375,709.5499877929688,709.2000122070312,709.5499877929688,2189
2025-04-24 10:04:00+05:30,709.75,709.8499755859375,708.7000122070312,709.2000122070312,10111
2025-04-24 10:05:00+05:30,709.4500122070312,709.7000122070312,709.3499755859375,709.7000122070312,2077
2025-04-24 10:06:00+05:30,710.0,710.0,709.4000244140625,709.4500122070312,4170
2025-04-24 10:07:00+05:30,709.9000244140625,710.2999877929688,709.6500244140625,710.0,4953
2025-04-24 10:08:00+05:30,709.7999877929688,709.9500122070312,709.2000122070312,709.9000244140625,4955
2025-04-24 10:09:00+05:30,709.7000122070312,710.0999755859375,709.7000122070312,710.0,2179
2025-04-24 10:10:00+05:30,709.5,709.75,709.5,709.75,1014
2025-04-24 10:11:00+05:30,709.6500244140625,709.6500244140625,709.2999877929688,709.4500122070312,4425
2025-04-24 10:12:00+05:30,709.8499755859375,709.8499755859375,709.6500244140625,709.6500244140625,1300
2025-04-24 10:13:00+05:30,710.5999755859375,710.5999755859375,709.6500244140625,709.75,2790
2025-04-24 10:14:00+05:30,710.0999755859375,710.6500244140625,710.0999755859375,710.5999755859375,880
2025-04-24 10:15:00+05:30,710.0499877929688,710.25,710.0499877929688,710.2000122070312,1542
2025-04-24 10:16:00+05:30,710.7000122070312,711.0999755859375,710.0999755859375,710.0999755859375,9971
2025-04-24 10:17:00+05:30,710.3499755859375,710.9500122070312,710.3499755859375,710.9500122070312,3187
2025-04-24 10:18:00+05:30,709.5,710.4500122070312,709.5,710.4500122070312,1930
2025-04-24 10:19:00+05:30,709.9000244140625,710.25,709.2000122070312,709.4500122070312,7231
2025-04-24 10:20:00+05:30,709.5499877929688,709.9000244140625,709.4500122070312,709.9000244140625,793
2025-04-24 10:21:00+05:30,709.5999755859375,709.5999755859375,709.5,709.5499877929688,3338
2025-04-24 10:22:00+05:30,709.25,709.5999755859375,709.25,709.5999755859375,6916
2025-04-24 10:23:00+05:30,709.3499755859375,709.4000244140625,709.2999877929688,709.4000244140625,352
2025-04-24 10:24:00+05:30,708.8499755859375,709.3499755859375,708.8499755859375,709.25,2761
2025-04-24 10:25:00+05:30,710.75,710.75,708.8499755859375,708.8499755859375,5825
2025-04-24 10:26:00+05:30,710.0,710.6500244140625,709.8499755859375,710.6500244140625,3356
2025-04-24 10:27:00+05:30,709.7000122070312,710.0,709.7000122070312,709.9500122070312,1466
2025-04-24 10:28:00+05:30,709.0999755859375,709.7000122070312,709.0,709.7000122070312,2864
2025-04-24 10:29:00+05:30,709.25,709.6500244140625,709.0,709.0999755859375,2802
2025-04-24 10:30:00+05:30,709.3499755859375,709.3499755859375,709.25,709.25,3167
2025-04-24 10:31:00+05:30,709.9500122070312,709.9500122070312,709.5,709.5,2435
2025-04-24 10:32:00+05:30,712.0,712.0,709.9500122070312,709.9500122070312,25454
2025-04-24 10:33:00+05:30,711.75,712.0,711.75,711.9500122070312,3829
2025-04-24 10:34:00+05:30,711.4500122070312,711.7000122070312,711.0999755859375,711.7000122070312,9227
2025-04-24 10:35:00+05:30,711.4500122070312,711.5,711.4000244140625,711.5,880
2025-04-24 10:36:00+05:30,711.2999877929688,711.5,711.0999755859375,711.4500122070312,3394
2025-04-24 10:37:00+05:30,711.9000244140625,711.9500122070312,711.0999755859375,711.0999755859375,7182
2025-04-24 10:38:00+05:30,712.1500244140625,712.2000122070312,711.9500122070312,711.9500122070312,4506
2025-04-24 10:39:00+05:30,712.0,712.2000122070312,712.0,712.2000122070312,5636
2025-04-24 10:40:00+05:30,712.2000122070312,712.2000122070312,711.7999877929688,712.0499877929688,10781
2025-04-24 10:41:00+05:30,712.2000122070312,712.25,712.1500244140625,712.1500244140625,2005
2025-04-24 10:42:00+05:30,712.5,712.5,712.3499755859375,712.3499755859375,5048
2025-04-24 10:43:00+05:30,712.2000122070312,712.5499877929688,712.2000122070312,712.5,4617
2025-04-24 10:44:00+05:30,712.9500122070312,712.9500122070312,712.0999755859375,712.2000122070312,8839
2025-04-24 10:45:00+05:30,713.4500122070312,713.4500122070312,713.0499877929688,713.0499877929688,23533
2025-04-24 10:46:00+05:30,713.7999877929688,714.0,713.3499755859375,713.3499755859375,11789
2025-04-24 10:47:00+05:30,713.7999877929688,713.8499755859375,713.6500244140625,713.7999877929688,3014
2025-04-24 10:48:00+05:30,713.8499755859375,713.8499755859375,713.75,713.8499755859375,11114
2025-04-24 10:49:00+05:30,713.75,713.7999877929688,713.6500244140625,713.6500244140625,9952
2025-04-24 10:50:00+05:30,713.5999755859375,713.7999877929688,713.5,713.7999877929688,12595
2025-04-24 10:51:00+05:30,713.0499877929688,713.5,713.0499877929688,713.5,2813
2025-04-24 10:52:00+05:30,712.3499755859375,713.1500244140625,712.0,713.0,11685
2025-04-24 10:53:00+05:30,712.7000122070312,712.9000244140625,712.2000122070312,712.3499755859375,17742
2025-04-24 10:54:00+05:30,713.9000244140625,714.0,712.6500244140625,712.6500244140625,14818
2025-04-24 10:55:00+05:30,713.7999877929688,713.9000244140625,713.75,713.7999877929688,3245
2025-04-24 10:56:00+05:30,713.7000122070312,713.8499755859375,713.7000122070312,713.8499755859375,3628
2025-04-24 10:57:00+05:30,713.25,713.7000122070312,713.0,713.7000122070312,3323
2025-04-24 10:58:00+05:30,713.5499877929688,713.5999755859375,713.0,713.0,9160
2025-04-24 10:59:00+05:30,713.5999755859375,713.75,713.5999755859375,713.6500244140625,1902
2025-04-24 11:00:00+05:30,714.0,714.0,713.5499877929688,713.75,8313
2025-04-24 11:01:00+05:30,714.0999755859375,714.0999755859375,713.9000244140625,714.0499877929688,4662
2025-04-24 11:02:00+05:30,714.5999755859375,714.5999755859375,714.0,714.2000122070312,9667
2025-04-24 11:03:00+05:30,714.9000244140625,715.0,714.5499877929688,714.5999755859375,19705
2025-04-24 11:04:00+05:30,714.6500244140625,715.0,714.5499877929688,714.7999877929688,22102
2025-04-24 11:05:00+05:30,714.25,714.5,714.25,714.5,8797
2025-04-24 11:06:00+05:30,713.5499877929688,714.2000122070312,713.5499877929688,714.2000122070312,7213
2025-04-24 11:07:00+05:30,713.25,713.5999755859375,713.25,713.5999755859375,3745
2025-04-24 11:08:00+05:30,713.0499877929688,713.4000244140625,713.0,713.4000244140625,8150
2025-04-24 11:09:00+05:30,712.9000244140625,713.0999755859375,712.6500244140625,713.0999755859375,8980
2025-04-24 11:10:00+05:30,712.7000122070312,712.9000244140625,712.5999755859375,712.7000122070312,4297
2025-04-24 11:11:00+05:30,712.8499755859375,712.8499755859375,712.5499877929688,712.75,8433
2025-04-24 11:12:00+05:30,713.25,713.2999877929688,713.0999755859375,713.0999755859375,5263
2025-04-24 11:13:00+05:30,713.5999755859375,713.75,713.2000122070312,713.2000122070312,4307
2025-04-24 11:14:00+05:30,712.9500122070312,713.5999755859375,712.8499755859375,713.5999755859375,4514
2025-04-24 11:15:00+05:30,712.8499755859375,712.9000244140625,712.5999755859375,712.75,3161
2025-04-24 11:16:00+05:30,712.9500122070312,712.9500122070312,712.75,712.75,895
2025-04-24 11:17:00+05:30,712.6500244140625,712.9000244140625,712.2000122070312,712.9000244140625,3874
2025-04-24 11:18:00+05:30,712.7000122070312,712.7000122070312,712.5499877929688,712.5499877929688,4470
2025-04-24 11:19:00+05:30,712.4500122070312,712.7000122070312,712.4500122070312,712.7000122070312,1855
2025-04-24 11:20:00+05:30,711.5499877929688,712.5,711.5499877929688,712.4500122070312,9460
2025-04-24 11:21:00+05:30,712.4000244140625,712.4000244140625,711.5999755859375,711.5999755859375,7831
2025-04-24 11:22:00+05:30,712.8499755859375,712.8499755859375,712.4000244140625,712.4000244140625,2394
2025-04-24 11:23:00+05:30,712.4000244140625,712.9000244140625,712.4000244140625,712.8499755859375,5215
2025-04-24 11:24:00+05:30,712.5499877929688,712.5499877929688,712.4500122070312,712.4500122070312,1998
2025-04-24 11:25:00+05:30,712.5,712.5499877929688,712.4000244140625,712.5499877929688,3710
2025-04-24 11:26:00+05:30,712.2999877929688,712.5,712.25,712.5,1282
2025-04-24 11:27:00+05:30,712.2999877929688,712.5499877929688,712.0999755859375,712.2000122070312,10353
2025-04-24 11:28:00+05:30,712.2999877929688,712.2999877929688,712.2000122070312,712.25,2050
2025-04-24 11:29:00+05:30,712.5,712.5999755859375,712.2000122070312,712.2999877929688,4205
2025-04-24 11:30:00+05:30,712.7999877929688,712.7999877929688,712.4500122070312,712.5499877929688,3795
2025-04-24 11:31:00+05:30,712.7999877929688,712.8499755859375,712.75,712.7999877929688,961
2025-04-24 11:32:00+05:30,712.7999877929688,712.8499755859375,712.7999877929688,712.7999877929688,1203
2025-04-24 11:33:00+05:30,712.7999877929688,712.7999877929688,712.75,712.7999877929688,637
2025-04-24 11:34:00+05:30,712.75,712.75,712.5999755859375,712.75,1147
2025-04-24 11:35:00+05:30,712.6500244140625,712.75,712.6500244140625,712.6500244140625,1550
2025-04-24 11:36:00+05:30,712.5999755859375,712.7000122070312,712.5999755859375,712.6500244140625,1238
2025-04-24 11:37:00+05:30,712.6500244140625,712.7000122070312,712.5499877929688,712.5999755859375,2923
2025-04-24 11:38:00+05:30,712.1500244140625,712.6500244140625,712.1500244140625,712.6500244140625,2073
2025-04-24 11:39:00+05:30,712.2000122070312,712.2999877929688,712.1500244140625,712.1500244140625,882
2025-04-24 11:40:00+05:30,712.7000122070312,712.7000122070312,712.0999755859375,712.2000122070312,7353
2025-04-24 11:41:00+05:30,712.5999755859375,712.7999877929688,712.4500122070312,712.7999877929688,3217
2025-04-24 11:42:00+05:30,712.7000122070312,712.7000122070312,712.2999877929688,712.4000244140625,6736
2025-04-24 11:43:00+05:30,712.9500122070312,712.9500122070312,712.7000122070312,712.9000244140625,2866
2025-04-24 11:44:00+05:30,712.9500122070312,712.9500122070312,712.8499755859375,712.8499755859375,964
2025-04-24 11:45:00+05:30,713.0999755859375,713.3499755859375,712.9000244140625,712.9000244140625,18103
2025-04-24 11:46:00+05:30,713.5999755859375,713.6500244140625,713.0,713.0499877929688,1680
2025-04-24 11:47:00+05:30,713.2999877929688,713.6500244140625,713.0,713.5,10591
2025-04-24 11:48:00+05:30,714.4000244140625,714.5,713.3499755859375,713.3499755859375,26933
2025-04-24 11:49:00+05:30,714.4000244140625,714.4500122070312,714.0999755859375,714.0999755859375,4289
2025-04-24 11:50:00+05:30,714.4500122070312,714.4500122070312,714.2000122070312,714.2999877929688,1494
2025-04-24 11:51:00+05:30,714.2999877929688,714.9000244140625,714.2999877929688,714.4000244140625,13127
2025-04-24 11:52:00+05:30,714.7999877929688,714.9000244140625,714.5499877929688,714.5499877929688,1318
2025-04-24 11:53:00+05:30,714.9000244140625,714.9000244140625,714.7999877929688,714.7999877929688,739
2025-04-24 11:54:00+05:30,714.8499755859375,714.9000244140625,714.75,714.7999877929688,2968
2025-04-24 11:55:00+05:30,715.2999877929688,715.7000122070312,714.7999877929688,714.7999877929688,49522
2025-04-24 11:56:00+05:30,715.5499877929688,715.6500244140625,715.4000244140625,715.5,4581
2025-04-24 11:57:00+05:30,715.5,715.5999755859375,715.4500122070312,715.5999755859375,6411
2025-04-24 11:58:00+05:30,715.4500122070312,715.5,715.4500122070312,715.4500122070312,2885
2025-04-24 11:59:00+05:30,715.0499877929688,715.25,715.0,715.25,6723
2025-04-24 12:00:00+05:30,714.0499877929688,715.0,714.0,715.0,10039
2025-04-24 12:01:00+05:30,714.75,714.7999877929688,714.0,714.0499877929688,11940
2025-04-24 12:02:00+05:30,714.2000122070312,714.75,714.0499877929688,714.75,7296
2025-04-24 12:03:00+05:30,714.2000122070312,714.2000122070312,714.0999755859375,714.1500244140625,3720
2025-04-24 12:04:00+05:30,714.4000244140625,714.7999877929688,714.2000122070312,714.2000122070312,6412
2025-04-24 12:05:00+05:30,714.4000244140625,714.5499877929688,714.4000244140625,714.4000244140625,4676
2025-04-24 12:06:00+05:30,714.25,714.4500122070312,714.25,714.3499755859375,5645
2025-04-24 12:07:00+05:30,714.7999877929688,715.0,714.4000244140625,714.4000244140625,9338
2025-04-24 12:08:00+05:30,714.5999755859375,714.8499755859375,714.5499877929688,714.7999877929688,3992
2025-04-24 12:09:00+05:30,714.6500244140625,714.6500244140625,714.5499877929688,714.5499877929688,3723
2025-04-24 12:10:00+05:30,715.4500122070312,715.4500122070312,714.5999755859375,714.5999755859375,6276
2025-04-24 12:11:00+05:30,715.0999755859375,715.4500122070312,715.0,715.4000244140625,6482
2025-04-24 12:12:00+05:30,715.0499877929688,715.1500244140625,714.9500122070312,715.0999755859375,2671
2025-04-24 12:13:00+05:30,715.4500122070312,715.5,715.0,715.0,6536
2025-04-24 12:14:00+05:30,715.5,715.5499877929688,715.4500122070312,715.4500122070312,3164
2025-04-24 12:15:00+05:30,715.6500244140625,715.7999877929688,715.5499877929688,715.5499877929688,6506
2025-04-24 12:16:00+05:30,715.5499877929688,716.0,715.5499877929688,715.5999755859375,12205
2025-04-24 12:17:00+05:30,715.1500244140625,715.6500244140625,715.0999755859375,715.5999755859375,6704
2025-04-24 12:18:00+05:30,715.25,715.5999755859375,715.0,715.2000122070312,8941
2025-04-24 12:19:00+05:30,715.3499755859375,715.3499755859375,715.25,715.25,2964
2025-04-24 12:20:00+05:30,715.2000122070312,715.3499755859375,715.2000122070312,715.2999877929688,1479
2025-04-24 12:21:00+05:30,715.0,715.2000122070312,715.0,715.2000122070312,1860
2025-04-24 12:22:00+05:30,715.25,715.4500122070312,715.0499877929688,715.0499877929688,7222
2025-04-24 12:23:00+05:30,715.0,715.25,715.0,715.25,2725
2025-04-24 12:24:00+05:30,714.7000122070312,715.0,714.7000122070312,715.0,7453
2025-04-24 12:25:00+05:30,714.4000244140625,714.5999755859375,714.4000244140625,714.5499877929688,3407
2025-04-24 12:26:00+05:30,714.4000244140625,714.6500244140625,714.25,714.25,11342
2025-04-24 12:27:00+05:30,714.2000122070312,714.2999877929688,714.2000122070312,714.2000122070312,1816
2025-04-24 12:28:00+05:30,714.25,714.25,714.0,714.2000122070312,2748
2025-04-24 12:29:00+05:30,714.5,714.5,714.4000244140625,714.4000244140625,5348
2025-04-24 12:30:00+05:30,714.5499877929688,714.5499877929688,714.4500122070312,714.5,1597
2025-04-24 12:31:00+05:30,714.6500244140625,714.6500244140625,714.5,714.5,1915
2025-04-24 12:32:00+05:30,714.5,714.6500244140625,714.5,714.5499877929688,4454
2025-04-24 12:33:00+05:30,714.2999877929688,714.5,714.1500244140625,714.5,1653
2025-04-24 12:34:00+05:30,714.1500244140625,714.25,714.0499877929688,714.2000122070312,1262
2025-04-24 12:35:00+05:30,714.1500244140625,714.1500244140625,713.7999877929688,714.0999755859375,19150
2025-04-24 12:36:00+05:30,714.0999755859375,714.1500244140625,714.0,714.0999755859375,685
2025-04-24 12:37:00+05:30,714.0499877929688,714.2000122070312,714.0499877929688,714.0499877929688,7460
2025-04-24 12:38:00+05:30,714.2000122070312,714.2000122070312,714.0499877929688,714.0499877929688,973
2025-04-24 12:39:00+05:30,714.1500244140625,714.2000122070312,714.0999755859375,714.0999755859375,1347
2025-04-24 12:40:00+05:30,714.25,714.25,714.1500244140625,714.2000122070312,1855
2025-04-24 12:41:00+05:30,714.25,714.25,714.2000122070312,714.2000122070312,1912
2025-04-24 12:42:00+05:30,713.9500122070312,714.2999877929688,713.8499755859375,714.2000122070312,4343
2025-04-24 12:43:00+05:30,713.7000122070312,713.9000244140625,713.6500244140625,713.7999877929688,1952
2025-04-24 12:44:00+05:30,713.6500244140625,713.75,713.5499877929688,713.7000122070312,4365
2025-04-24 12:45:00+05:30,713.5499877929688,713.6500244140625,713.5499877929688,713.6500244140625,1391
2025-04-24 12:46:00+05:30,714.6500244140625,714.6500244140625,713.4500122070312,713.5499877929688,7662
2025-04-24 12:47:00+05:30,714.9500122070312,715.0,714.6500244140625,714.7999877929688,12286
2025-04-24 12:48:00+05:30,715.2999877929688,715.5999755859375,714.9500122070312,714.9500122070312,23683
2025-04-24 12:49:00+05:30,715.3499755859375,715.5999755859375,715.0499877929688,715.5499877929688,4723
2025-04-24 12:50:00+05:30,715.5499877929688,715.5499877929688,715.0999755859375,715.0999755859375,7895
2025-04-24 12:51:00+05:30,715.7000122070312,715.75,715.5,715.5,13679
2025-04-24 12:52:00+05:30,715.75,715.75,715.6500244140625,715.7000122070312,6623
2025-04-24 12:53:00+05:30,715.7000122070312,715.75,715.7000122070312,715.7000122070312,3819
2025-04-24 12:54:00+05:30,715.5,715.75,715.5,715.7000122070312,6116
2025-04-24 12:55:00+05:30,715.25,715.5499877929688,715.2000122070312,715.4000244140625,7882
2025-04-24 12:56:00+05:30,715.0,715.3499755859375,714.7999877929688,715.25,11269
2025-04-24 12:57:00+05:30,714.9500122070312,715.0499877929688,714.7000122070312,715.0,6633
2025-04-24 12:58:00+05:30,714.9500122070312,714.9500122070312,714.9000244140625,714.9000244140625,4271
2025-04-24 12:59:00+05:30,714.6500244140625,715.0,714.6500244140625,714.9500122070312,13799
2025-04-24 13:00:00+05:30,713.8499755859375,714.5999755859375,713.8499755859375,714.5999755859375,11645
2025-04-24 13:01:00+05:30,713.75,713.8499755859375,713.5499877929688,713.7999877929688,16716
2025-04-24 13:02:00+05:30,713.3499755859375,713.8499755859375,713.3499755859375,713.7999877929688,7848
2025-04-24 13:03:00+05:30,713.0,713.4000244140625,712.7999877929688,713.2999877929688,22993
2025-04-24 13:04:00+05:30,712.7999877929688,713.0499877929688,712.7000122070312,712.9500122070312,7995
2025-04-24 13:05:00+05:30,712.9000244140625,713.2000122070312,712.7000122070312,712.75,17294
2025-04-24 13:06:00+05:30,712.4000244140625,713.0499877929688,712.4000244140625,713.0,8748
2025-04-24 13:07:00+05:30,712.1500244140625,712.4500122070312,712.1500244140625,712.2999877929688,18889
2025-04-24 13:08:00+05:30,711.7999877929688,712.0999755859375,711.5499877929688,712.0999755859375,19887
2025-04-24 13:09:00+05:30,711.6500244140625,711.7999877929688,711.4500122070312,711.7999877929688,13763
2025-04-24 13:10:00+05:30,711.9000244140625,712.4000244140625,711.6500244140625,711.75,11007
2025-04-24 13:11:00+05:30,711.9500122070312,712.0,711.9000244140625,711.9000244140625,6976
2025-04-24 13:12:00+05:30,711.5,712.0,711.4500122070312,712.0,14898
2025-04-24 13:13:00+05:30,711.3499755859375,711.4000244140625,711.2999877929688,711.4000244140625,8873
2025-04-24 13:14:00+05:30,711.0499877929688,711.3499755859375,710.8499755859375,711.3499755859375,12109
2025-04-24 13:15:00+05:30,711.0,711.1500244140625,710.9500122070312,710.9500122070312,11305
2025-04-24 13:16:00+05:30,710.7999877929688,711.0,710.7999877929688,711.0,7665
2025-04-24 13:17:00+05:30,710.6500244140625,710.9000244140625,710.5,710.9000244140625,10288
2025-04-24 13:18:00+05:30,710.9000244140625,711.0,710.5,710.5999755859375,8955
2025-04-24 13:19:00+05:30,710.75,711.0,710.7000122070312,711.0,8285
2025-04-24 13:20:00+05:30,710.5999755859375,711.3499755859375,710.5499877929688,710.7000122070312,18771
2025-04-24 13:21:00+05:30,710.9500122070312,711.25,710.5499877929688,710.5999755859375,11211
2025-04-24 13:22:00+05:30,710.5,711.0,710.5,710.9500122070312,7646
2025-04-24 13:23:00+05:30,710.5,711.0,710.4500122070312,710.4500122070312,10701
2025-04-24 13:24:00+05:30,710.2000122070312,710.4500122070312,710.2000122070312,710.4500122070312,8962
2025-04-24 13:25:00+05:30,710.3499755859375,710.4000244140625,710.1500244140625,710.2999877929688,13188
2025-04-24 13:26:00+05:30,711.2000122070312,711.8499755859375,710.2999877929688,710.5,15734
2025-04-24 13:27:00+05:30,711.0999755859375,711.3499755859375,711.0,711.2999877929688,9488
2025-04-24 13:28:00+05:30,711.1500244140625,711.1500244140625,710.7000122070312,711.0999755859375,14679
2025-04-24 13:29:00+05:30,711.4000244140625,711.4500122070312,711.0999755859375,711.0999755859375,6218
2025-04-24 13:30:00+05:30,711.25,711.3499755859375,711.0999755859375,711.0999755859375,6186
2025-04-24 13:31:00+05:30,711.5,711.5499877929688,711.2999877929688,711.2999877929688,8392
2025-04-24 13:32:00+05:30,711.8499755859375,711.9500122070312,711.4500122070312,711.5499877929688,4254
2025-04-24 13:33:00+05:30,711.4000244140625,711.75,711.25,711.7000122070312,4314
2025-04-24 13:34:00+05:30,712.1500244140625,712.5,711.5,711.5,8620
2025-04-24 13:35:00+05:30,712.0,712.25,711.6500244140625,712.2000122070312,6853
2025-04-24 13:36:00+05:30,711.5999755859375,712.0,711.5999755859375,711.9500122070312,8372
2025-04-24 13:37:00+05:30,711.5,711.7000122070312,711.4500122070312,711.5999755859375,11220
2025-04-24 13:38:00+05:30,712.0,712.2000122070312,711.2999877929688,711.5,7520
2025-04-24 13:39:00+05:30,712.0499877929688,712.1500244140625,711.9000244140625,712.0499877929688,2021
2025-04-24 13:40:00+05:30,712.5,712.5499877929688,712.0499877929688,712.0499877929688,4531
2025-04-24 13:41:00+05:30,712.5999755859375,712.5999755859375,712.25,712.2999877929688,4390
2025-04-24 13:42:00+05:30,712.5,712.8499755859375,712.3499755859375,712.75,4066
2025-04-24 13:43:00+05:30,713.0,713.0,712.7000122070312,712.7000122070312,1403
2025-04-24 13:44:00+05:30,712.9500122070312,713.1500244140625,712.7000122070312,713.0,8340
2025-04-24 13:45:00+05:30,713.0499877929688,713.1500244140625,712.9500122070312,712.9500122070312,1463
2025-04-24 13:46:00+05:30,712.75,713.2000122070312,712.4500122070312,713.0,6108
2025-04-24 13:47:00+05:30,712.25,712.8499755859375,712.0999755859375,712.75,4911
2025-04-24 13:48:00+05:30,711.7999877929688,712.5,711.7000122070312,712.25,8617
2025-04-24 13:49:00+05:30,712.0,712.0499877929688,711.7999877929688,711.8499755859375,3131
2025-04-24 13:50:00+05:30,711.8499755859375,712.1500244140625,711.8499755859375,711.8499755859375,3496
2025-04-24 13:51:00+05:30,711.5499877929688,711.7999877929688,711.4500122070312,711.7999877929688,3492
2025-04-24 13:52:00+05:30,711.5999755859375,711.7999877929688,711.5499877929688,711.5499877929688,4658
2025-04-24 13:53:00+05:30,711.75,711.7999877929688,711.6500244140625,711.6500244140625,2370
2025-04-24 13:54:00+05:30,712.0999755859375,712.0999755859375,711.7999877929688,711.7999877929688,6809
2025-04-24 13:55:00+05:30,712.25,712.5,712.0999755859375,712.0999755859375,1352
2025-04-24 13:56:00+05:30,712.4500122070312,712.4500122070312,712.25,712.25,2387
2025-04-24 13:57:00+05:30,712.5499877929688,712.7000122070312,712.4500122070312,712.4500122070312,1937
2025-04-24 13:58:00+05:30,712.2000122070312,712.25,712.0,712.0,8166
2025-04-24 13:59:00+05:30,711.1500244140625,712.0999755859375,711.1500244140625,712.0,23543
2025-04-24 14:00:00+05:30,711.2000122070312,711.5,711.1500244140625,711.1500244140625,6669
2025-04-24 14:01:00+05:30,710.75,711.1500244140625,710.75,711.1500244140625,9645
2025-04-24 14:02:00+05:30,710.5499877929688,710.7000122070312,710.5499877929688,710.7000122070312,1933
2025-04-24 14:03:00+05:30,711.0,711.0,710.5999755859375,710.5999755859375,6379
2025-04-24 14:04:00+05:30,710.5999755859375,711.0999755859375,710.5499877929688,711.0499877929688,7176
2025-04-24 14:05:00+05:30,710.3499755859375,710.6500244140625,710.2000122070312,710.5499877929688,6513
2025-04-24 14:06:00+05:30,710.4000244140625,710.7000122070312,710.2999877929688,710.3499755859375,23077
2025-04-24 14:07:00+05:30,710.6500244140625,710.6500244140625,710.3499755859375,710.3499755859375,5877
2025-04-24 14:08:00+05:30,710.7999877929688,710.9000244140625,710.6500244140625,710.6500244140625,12529
2025-04-24 14:09:00+05:30,710.6500244140625,710.8499755859375,710.5,710.8499755859375,4816
2025-04-24 14:10:00+05:30,710.7000122070312,710.75,710.6500244140625,710.6500244140625,1684
2025-04-24 14:11:00+05:30,710.25,710.75,710.2000122070312,710.75,6068
2025-04-24 14:12:00+05:30,710.2999877929688,710.3499755859375,710.2999877929688,710.2999877929688,3022
2025-04-24 14:13:00+05:30,710.75,710.75,710.2999877929688,710.2999877929688,2746
2025-04-24 14:14:00+05:30,710.9000244140625,711.0,710.7999877929688,710.7999877929688,4924
2025-04-24 14:15:00+05:30,711.0999755859375,711.0999755859375,710.9000244140625,710.9000244140625,6235
2025-04-24 14:16:00+05:30,711.0499877929688,711.2999877929688,710.75,711.1500244140625,16609
2025-04-24 14:17:00+05:30,711.25,711.4500122070312,710.7999877929688,711.2000122070312,6556
2025-04-24 14:18:00+05:30,711.5499877929688,711.5499877929688,711.25,711.25,3062
2025-04-24 14:19:00+05:30,711.6500244140625,711.9000244140625,711.5499877929688,711.5499877929688,1767
2025-04-24 14:20:00+05:30,711.8499755859375,712.0,711.7000122070312,711.7000122070312,4818
2025-04-24 14:21:00+05:30,711.9500122070312,712.0,711.8499755859375,712.0,3610
2025-04-24 14:22:00+05:30,711.4500122070312,712.0,711.3499755859375,712.0,31223
2025-04-24 14:23:00+05:30,710.8499755859375,711.5,710.4500122070312,711.4500122070312,17030
2025-04-24 14:24:00+05:30,709.4500122070312,710.8499755859375,709.4500122070312,710.8499755859375,11272
2025-04-24 14:25:00+05:30,709.3499755859375,710.0,709.1500244140625,709.4500122070312,16160
2025-04-24 14:26:00+05:30,709.5,709.5,709.25,709.3499755859375,4095
2025-04-24 14:27:00+05:30,709.4000244140625,709.5,709.3499755859375,709.5,5926
2025-04-24 14:28:00+05:30,709.4000244140625,709.4500122070312,709.4000244140625,709.4000244140625,2546
2025-04-24 14:29:00+05:30,709.5,709.75,709.4000244140625,709.4000244140625,6698
2025-04-24 14:30:00+05:30,709.5499877929688,710.0,709.2999877929688,709.5,18176
2025-04-24 14:31:00+05:30,708.7999877929688,709.5999755859375,708.7999877929688,709.5499877929688,14665
2025-04-24 14:32:00+05:30,708.7999877929688,708.9000244140625,708.7000122070312,708.7999877929688,3505
2025-04-24 14:33:00+05:30,708.25,708.7999877929688,708.0999755859375,708.7000122070312,3836
2025-04-24 14:34:00+05:30,707.8499755859375,708.25,707.75,708.25,10050
2025-04-24 14:35:00+05:30,707.75,707.9000244140625,707.5999755859375,707.8499755859375,7814
2025-04-24 14:36:00+05:30,707.7000122070312,707.8499755859375,707.7000122070312,707.75,2344
2025-04-24 14:37:00+05:30,707.7000122070312,707.7999877929688,707.7000122070312,707.7000122070312,3402
2025-04-24 14:38:00+05:30,707.7000122070312,707.7999877929688,707.5499877929688,707.75,4639
2025-04-24 14:39:00+05:30,707.5,707.7999877929688,707.5,707.5999755859375,36408
2025-04-24 14:40:00+05:30,707.5,707.5999755859375,707.4500122070312,707.4500122070312,6236
2025-04-24 14:41:00+05:30,707.5,707.5499877929688,707.4500122070312,707.5,2140
2025-04-24 14:42:00+05:30,707.5,707.5499877929688,707.4000244140625,707.4500122070312,10013
2025-04-24 14:43:00+05:30,707.4500122070312,707.5499877929688,707.4500122070312,707.4500122070312,4558
2025-04-24 14:44:00+05:30,707.5999755859375,707.6500244140625,707.4500122070312,707.4500122070312,3917
2025-04-24 14:45:00+05:30,707.5999755859375,707.7999877929688,707.3499755859375,707.5999755859375,10526
2025-04-24 14:46:00+05:30,707.6500244140625,707.7999877929688,707.5999755859375,707.5999755859375,3506
2025-04-24 14:47:00+05:30,707.5,707.6500244140625,707.4000244140625,707.6500244140625,2828
2025-04-24 14:48:00+05:30,707.4000244140625,707.7000122070312,707.4000244140625,707.7000122070312,2188
2025-04-24 14:49:00+05:30,707.5,707.6500244140625,707.4000244140625,707.5999755859375,5402
2025-04-24 14:50:00+05:30,707.5999755859375,707.5999755859375,707.4000244140625,707.5999755859375,4739
2025-04-24 14:51:00+05:30,707.5,707.5999755859375,707.0,707.5,23265
2025-04-24 14:52:00+05:30,706.5499877929688,707.5499877929688,706.5499877929688,707.5,12395
2025-04-24 14:53:00+05:30,707.4500122070312,707.5999755859375,707.1500244140625,707.1500244140625,15667
2025-04-24 14:54:00+05:30,707.5499877929688,707.5999755859375,707.0999755859375,707.5,8937
2025-04-24 14:55:00+05:30,707.5499877929688,707.5999755859375,707.4500122070312,707.5499877929688,53909
2025-04-24 14:56:00+05:30,707.1500244140625,707.5999755859375,707.1500244140625,707.5499877929688,5063
2025-04-24 14:57:00+05:30,707.3499755859375,707.5,707.0999755859375,707.1500244140625,12615
2025-04-24 14:58:00+05:30,707.4000244140625,707.5,707.4000244140625,707.5,3071
2025-04-24 14:59:00+05:30,707.7000122070312,707.7000122070312,707.4000244140625,707.4000244140625,9802
2025-04-24 15:00:00+05:30,707.5999755859375,707.9500122070312,707.4000244140625,707.7000122070312,55270
2025-04-24 15:01:00+05:30,708.6500244140625,708.7000122070312,707.5999755859375,707.5999755859375,29550
2025-04-24 15:02:00+05:30,708.5499877929688,708.7000122070312,708.5499877929688,708.6500244140625,7645
2025-04-24 15:03:00+05:30,710.2000122070312,710.3499755859375,708.5499877929688,708.5499877929688,36986
2025-04-24 15:04:00+05:30,710.3499755859375,710.75,710.0999755859375,710.1500244140625,27529
2025-04-24 15:05:00+05:30,709.25,710.25,709.25,710.0999755859375,27694
2025-04-24 15:06:00+05:30,709.0499877929688,709.5499877929688,709.0499877929688,709.25,19578
2025-04-24 15:07:00+05:30,709.0499877929688,709.75,708.9500122070312,709.0499877929688,34013
2025-04-24 15:08:00+05:30,709.7999877929688,709.7999877929688,709.0999755859375,709.0999755859375,17247
2025-04-24 15:09:00+05:30,710.0999755859375,710.1500244140625,709.9000244140625,709.9500122070312,29532
2025-04-24 15:10:00+05:30,709.2999877929688,710.0999755859375,709.2999877929688,710.0999755859375,31643
2025-04-24 15:11:00+05:30,709.2000122070312,709.5499877929688,709.2000122070312,709.2999877929688,22220
2025-04-24 15:12:00+05:30,707.5499877929688,709.1500244140625,707.5499877929688,709.1500244140625,20503
2025-04-24 15:13:00+05:30,708.0,708.3499755859375,707.7000122070312,707.8499755859375,22575
2025-04-24 15:14:00+05:30,708.0,708.25,707.4000244140625,708.0,31352
2025-04-24 15:15:00+05:30,707.3499755859375,708.6500244140625,707.1500244140625,708.0,38283
2025-04-24 15:16:00+05:30,708.3499755859375,708.4000244140625,707.25,707.5499877929688,30719
2025-04-24 15:17:00+05:30,708.2999877929688,708.4000244140625,708.25,708.3499755859375,20215
2025-04-24 15:18:00+05:30,708.25,708.2999877929688,707.7999877929688,708.2999877929688,25918
2025-04-24 15:19:00+05:30,708.5,708.5,708.25,708.25,16256
2025-04-24 15:20:00+05:30,708.4500122070312,708.5,708.4500122070312,708.4500122070312,19962
2025-04-24 15:21:00+05:30,708.9500122070312,708.9500122070312,708.4000244140625,708.4500122070312,16636
2025-04-24 15:22:00+05:30,708.4500122070312,709.2999877929688,708.4000244140625,708.9500122070312,37060
2025-04-24 15:23:00+05:30,707.7000122070312,708.1500244140625,707.7000122070312,708.0,46685
2025-04-24 15:24:00+05:30,707.5,708.6500244140625,707.4000244140625,707.7000122070312,53064
2025-04-24 15:25:00+05:30,707.9500122070312,708.1500244140625,707.4500122070312,707.5,20032
2025-04-24 15:26:00+05:30,707.8499755859375,708.0,707.4000244140625,708.0,29519
2025-04-24 15:27:00+05:30,707.9500122070312,708.7000122070312,707.6500244140625,707.9000244140625,240760
2025-04-24 15:28:00+05:30,707.0,708.0,707.0,708.0,113991
2025-04-24 15:29:00+05:30,706.0999755859375,707.0499877929688,706.0999755859375,707.0499877929688,11788
2025-04-25 09:15:00+05:30,721.2999877929688,721.7999877929688,716.4000244140625,716.4000244140625,0
2025-04-25 09:16:00+05:30,730.0499877929688,731.2000122070312,721.2999877929688,721.5499877929688,119246
2025-04-25 09:17:00+05:30,730.0,733.2999877929688,729.0,730.0499877929688,91378
2025-04-25 09:18:00+05:30,729.0,729.9000244140625,727.5999755859375,729.4500122070312,54474
2025-04-25 09:19:00+05:30,730.2000122070312,731.0,729.2000122070312,729.5999755859375,59544
2025-04-25 09:20:00+05:30,729.5,730.1500244140625,728.6500244140625,730.0,34169
2025-04-25 09:21:00+05:30,728.8499755859375,729.5499877929688,728.0,729.0499877929688,40777
2025-04-25 09:22:00+05:30,727.0499877929688,728.7999877929688,726.4000244140625,728.0499877929688,51706
2025-04-25 09:23:00+05:30,727.6500244140625,730.25,726.5,726.75,91864
2025-04-25 09:24:00+05:30,726.6500244140625,728.4500122070312,726.5,727.6500244140625,23944
2025-04-25 09:25:00+05:30,722.9000244140625,726.9000244140625,722.5,726.9000244140625,44193
2025-04-25 09:26:00+05:30,720.8499755859375,723.4000244140625,720.5499877929688,722.8499755859375,34647
2025-04-25 09:27:00+05:30,725.9500122070312,725.9500122070312,720.5,721.1500244140625,36420
2025-04-25 09:28:00+05:30,725.4500122070312,727.75,725.25,726.4000244140625,28888
2025-04-25 09:29:00+05:30,722.8499755859375,725.9500122070312,722.5,725.25,19148
2025-04-25 09:30:00+05:30,721.3499755859375,723.7000122070312,721.0,722.75,21336
2025-04-25 09:31:00+05:30,718.8499755859375,720.7999877929688,717.4000244140625,720.6500244140625,68919
2025-04-25 09:32:00+05:30,717.25,720.9500122070312,717.25,718.7999877929688,30005
2025-04-25 09:33:00+05:30,718.2999877929688,719.2999877929688,716.9500122070312,717.0999755859375,25463
2025-04-25 09:34:00+05:30,717.7000122070312,718.9000244140625,717.5999755859375,718.3499755859375,15304
2025-04-25 09:35:00+05:30,716.7000122070312,718.0,716.25,717.7000122070312,19054
2025-04-25 09:36:00+05:30,715.5999755859375,717.0999755859375,715.2999877929688,716.7999877929688,24716
2025-04-25 09:37:00+05:30,714.5,716.0499877929688,714.0,716.0499877929688,31168
2025-04-25 09:38:00+05:30,714.5999755859375,716.0,714.5499877929688,714.6500244140625,48640
2025-04-25 09:39:00+05:30,713.1500244140625,714.7999877929688,713.0,714.5499877929688,14667
2025-04-25 09:40:00+05:30,714.0,714.0,712.7000122070312,713.0999755859375,13124
2025-04-25 09:41:00+05:30,714.1500244140625,714.5,713.9500122070312,714.5,6840
2025-04-25 09:42:00+05:30,713.0999755859375,714.5999755859375,713.0999755859375,714.3499755859375,10820
2025-04-25 09:43:00+05:30,714.5499877929688,714.5999755859375,713.5,713.5,8034
2025-04-25 09:44:00+05:30,714.4000244140625,715.2000122070312,714.2999877929688,714.5999755859375,16065
2025-04-25 09:45:00+05:30,714.7999877929688,714.7999877929688,713.9500122070312,714.3499755859375,10579
2025-04-25 09:46:00+05:30,715.0,715.0,714.3499755859375,714.5499877929688,11479
2025-04-25 09:47:00+05:30,714.75,715.0,714.25,714.25,18376
2025-04-25 09:48:00+05:30,714.9000244140625,715.25,714.25,714.9500122070312,30416
2025-04-25 09:49:00+05:30,715.0499877929688,715.25,714.2999877929688,715.25,20436
2025-04-25 09:50:00+05:30,713.2999877929688,715.0999755859375,713.0499877929688,715.0499877929688,11240
2025-04-25 09:51:00+05:30,714.0499877929688,714.7000122070312,713.2000122070312,713.5999755859375,11684
2025-04-25 09:52:00+05:30,714.4000244140625,715.25,714.25,714.25,10007
2025-04-25 09:53:00+05:30,712.8499755859375,713.8499755859375,712.2999877929688,713.5999755859375,25962
2025-04-25 09:54:00+05:30,712.3499755859375,713.0999755859375,712.0499877929688,713.0999755859375,19231
2025-04-25 09:55:00+05:30,711.3499755859375,712.4000244140625,711.3499755859375,712.0499877929688,20026
2025-04-25 09:56:00+05:30,710.2000122070312,712.0,710.0499877929688,711.7000122070312,27119
2025-04-25 09:57:00+05:30,710.4500122070312,710.4500122070312,710.0,710.2000122070312,14018
2025-04-25 09:58:00+05:30,710.1500244140625,710.5499877929688,710.0,710.2999877929688,8018
2025-04-25 09:59:00+05:30,709.7999877929688,710.0,709.5,710.0,14228
2025-04-25 10:00:00+05:30,707.5999755859375,709.5,707.5999755859375,709.5,21796
2025-04-25 10:01:00+05:30,707.6500244140625,708.1500244140625,707.5999755859375,707.75,25806
2025-04-25 10:02:00+05:30,707.75,708.1500244140625,707.5999755859375,707.7999877929688,16133
2025-04-25 10:03:00+05:30,706.2000122070312,707.5499877929688,706.0999755859375,707.5499877929688,19222
2025-04-25 10:04:00+05:30,705.5,706.3499755859375,705.5,706.3499755859375,8876
2025-04-25 10:05:00+05:30,705.4000244140625,706.4000244140625,705.4000244140625,706.1500244140625,15087
2025-04-25 10:06:00+05:30,705.7000122070312,705.7999877929688,705.0999755859375,705.75,9255
2025-04-25 10:07:00+05:30,706.3499755859375,708.0499877929688,705.7000122070312,705.7000122070312,12522
2025-04-25 10:08:00+05:30,705.9000244140625,706.75,705.9000244140625,706.5,5537
2025-04-25 10:09:00+05:30,706.2000122070312,706.2000122070312,705.4500122070312,705.6500244140625,7495
2025-04-25 10:10:00+05:30,707.0499877929688,707.0999755859375,706.5,706.5,14293
2025-04-25 10:11:00+05:30,705.5499877929688,706.9500122070312,705.5499877929688,706.6500244140625,18799
2025-04-25 10:12:00+05:30,702.7999877929688,705.8499755859375,702.7999877929688,705.8499755859375,31311
2025-04-25 10:13:00+05:30,704.7000122070312,704.7000122070312,702.7999877929688,702.7999877929688,24225
2025-04-25 10:14:00+05:30,704.5499877929688,705.4000244140625,704.5499877929688,704.7000122070312,7991
2025-04-25 10:15:00+05:30,705.7000122070312,705.9000244140625,704.2000122070312,704.5499877929688,8761
2025-04-25 10:16:00+05:30,703.75,705.0,703.75,705.0,13648
2025-04-25 10:17:00+05:30,703.7999877929688,704.2999877929688,703.5999755859375,703.9000244140625,11156
2025-04-25 10:18:00+05:30,703.5499877929688,703.9500122070312,703.25,703.7999877929688,10864
2025-04-25 10:19:00+05:30,704.0,704.0,703.1500244140625,703.2999877929688,6335
2025-04-25 10:20:00+05:30,701.8499755859375,703.8499755859375,701.4500122070312,703.8499755859375,29456
2025-04-25 10:21:00+05:30,702.2000122070312,702.4500122070312,701.25,701.75,9493
2025-04-25 10:22:00+05:30,702.0999755859375,702.3499755859375,701.5999755859375,702.0999755859375,15059
2025-04-25 10:23:00+05:30,703.25,703.5999755859375,702.25,702.3499755859375,8848
2025-04-25 10:24:00+05:30,703.5,703.7999877929688,702.7999877929688,703.4500122070312,8826
2025-04-25 10:25:00+05:30,701.5499877929688,703.1500244140625,701.5499877929688,703.1500244140625,8167
2025-04-25 10:26:00+05:30,700.7000122070312,701.5,700.7000122070312,701.2000122070312,10824
2025-04-25 10:27:00+05:30,699.5999755859375,700.7000122070312,699.5999755859375,700.4500122070312,51046
2025-04-25 10:28:00+05:30,700.2000122070312,700.4000244140625,699.25,699.4500122070312,10419
2025-04-25 10:29:00+05:30,699.9500122070312,700.5,699.5999755859375,700.4000244140625,9441
2025-04-25 10:30:00+05:30,699.8499755859375,700.25,699.5,699.6500244140625,7533
2025-04-25 10:31:00+05:30,700.75,700.75,699.0,699.5499877929688,12938
2025-04-25 10:32:00+05:30,700.6500244140625,701.9500122070312,700.6500244140625,701.0,10037
2025-04-25 10:33:00+05:30,700.0,700.7999877929688,700.0,700.6500244140625,1588
2025-04-25 10:34:00+05:30,699.1500244140625,699.4000244140625,699.0499877929688,699.0499877929688,13875
2025-04-25 10:35:00+05:30,699.7999877929688,700.0,699.0499877929688,699.25,6249
2025-04-25 10:36:00+05:30,699.7000122070312,700.5,699.7000122070312,699.9000244140625,6616
2025-04-25 10:37:00+05:30,700.0999755859375,700.3499755859375,699.7999877929688,700.0,7869
2025-04-25 10:38:00+05:30,700.2000122070312,700.5499877929688,699.9000244140625,700.5499877929688,5736
2025-04-25 10:39:00+05:30,700.2000122070312,700.2999877929688,700.0,700.0,11179
2025-04-25 10:40:00+05:30,699.8499755859375,700.5499877929688,699.8499755859375,700.25,16655
2025-04-25 10:41:00+05:30,700.6500244140625,701.0,700.2000122070312,700.2000122070312,8210
2025-04-25 10:42:00+05:30,700.2999877929688,701.0999755859375,700.2000122070312,700.5999755859375,4243
2025-04-25 10:43:00+05:30,700.2000122070312,701.0,700.0,700.25,7561
2025-04-25 10:44:00+05:30,700.4500122070312,700.7999877929688,700.2000122070312,700.2000122070312,24574
2025-04-25 10:45:00+05:30,700.0499877929688,700.5,699.7999877929688,700.2000122070312,7281
2025-04-25 10:46:00+05:30,700.0,700.4000244140625,699.7000122070312,700.4000244140625,10953
2025-04-25 10:47:00+05:30,699.9000244140625,700.4500122070312,699.9000244140625,700.0,3752
2025-04-25 10:48:00+05:30,700.5,700.5499877929688,699.7000122070312,700.0,4290
2025-04-25 10:49:00+05:30,699.7000122070312,700.25,699.7000122070312,700.25,3284
2025-04-25 10:50:00+05:30,700.0,700.4000244140625,699.7000122070312,699.7000122070312,18169
2025-04-25 10:51:00+05:30,699.7000122070312,700.5,699.7000122070312,700.0,11653
2025-04-25 10:52:00+05:30,699.9000244140625,699.9000244140625,699.25,699.7000122070312,8711
2025-04-25 10:53:00+05:30,699.5,700.2000122070312,699.5,699.5999755859375,5516
2025-04-25 10:54:00+05:30,699.5,699.6500244140625,699.0,699.6500244140625,27500
2025-04-25 10:55:00+05:30,698.7000122070312,699.5,698.2999877929688,699.0999755859375,24683
2025-04-25 10:56:00+05:30,698.7999877929688,699.5999755859375,698.5499877929688,698.9500122070312,6482
2025-04-25 10:57:00+05:30,698.75,698.7999877929688,698.5999755859375,698.7999877929688,1089
2025-04-25 10:58:00+05:30,698.75,698.8499755859375,698.75,698.8499755859375,2650
2025-04-25 10:59:00+05:30,699.0499877929688,699.5,698.7999877929688,699.0,4543
2025-04-25 11:00:00+05:30,698.2000122070312,699.4000244140625,698.2000122070312,699.4000244140625,8597
2025-04-25 11:01:00+05:30,698.1500244140625,698.9000244140625,698.1500244140625,698.2000122070312,3712
2025-04-25 11:02:00+05:30,697.7999877929688,698.25,697.5999755859375,698.25,8234
2025-04-25 11:03:00+05:30,697.3499755859375,697.75,697.2000122070312,697.2999877929688,14701
2025-04-25 11:04:00+05:30,696.6500244140625,697.5499877929688,696.6500244140625,697.2000122070312,5892
2025-04-25 11:05:00+05:30,697.0,697.25,696.5999755859375,696.7999877929688,4395
2025-04-25 11:06:00+05:30,697.5499877929688,697.6500244140625,697.25,697.25,14710
2025-04-25 11:07:00+05:30,697.75,697.9500122070312,697.7000122070312,697.7999877929688,4075
2025-04-25 11:08:00+05:30,698.0499877929688,698.0999755859375,697.5999755859375,697.9500122070312,2215
2025-04-25 11:09:00+05:30,697.9500122070312,698.75,697.9500122070312,698.3499755859375,4943
2025-04-25 11:10:00+05:30,697.75,698.0,697.7000122070312,697.9500122070312,1139
2025-04-25 11:11:00+05:30,696.7000122070312,697.7000122070312,696.5999755859375,697.7000122070312,4955
2025-04-25 11:12:00+05:30,696.7999877929688,697.0499877929688,696.4000244140625,697.0499877929688,3697
2025-04-25 11:13:00+05:30,697.1500244140625,697.1500244140625,696.7999877929688,696.7999877929688,1076
2025-04-25 11:14:00+05:30,697.25,697.5,696.9500122070312,697.1500244140625,3864
2025-04-25 11:15:00+05:30,697.4500122070312,697.7999877929688,697.25,697.7999877929688,2708
2025-04-25 11:16:00+05:30,697.2999877929688,697.8499755859375,697.2999877929688,697.6500244140625,823
2025-04-25 11:17:00+05:30,696.2000122070312,697.2999877929688,695.6500244140625,697.2999877929688,18862
2025-04-25 11:18:00+05:30,695.9500122070312,696.4000244140625,695.7999877929688,696.0999755859375,4879
2025-04-25 11:19:00+05:30,695.5999755859375,695.9500122070312,695.4000244140625,695.5499877929688,7014
2025-04-25 11:20:00+05:30,695.5999755859375,695.6500244140625,695.2999877929688,695.4000244140625,1816
2025-04-25 11:21:00+05:30,694.5999755859375,695.7000122070312,694.5999755859375,695.4000244140625,13830
2025-04-25 11:22:00+05:30,694.2999877929688,694.8499755859375,694.25,694.5999755859375,7785
2025-04-25 11:23:00+05:30,693.7999877929688,694.6500244140625,693.7999877929688,694.2999877929688,6346
2025-04-25 11:24:00+05:30,694.2000122070312,694.2999877929688,693.7999877929688,693.7999877929688,2126
2025-04-25 11:25:00+05:30,694.6500244140625,694.6500244140625,694.25,694.3499755859375,2727
2025-04-25 11:26:00+05:30,695.0,695.2000122070312,694.75,694.75,2550
2025-04-25 11:27:00+05:30,695.25,695.5999755859375,695.1500244140625,695.1500244140625,3582
2025-04-25 11:28:00+05:30,695.25,695.5499877929688,695.25,695.5499877929688,2504
2025-04-25 11:29:00+05:30,695.75,695.75,695.25,695.25,4121
2025-04-25 11:30:00+05:30,695.25,696.0,695.25,696.0,2867
2025-04-25 11:31:00+05:30,694.6500244140625,695.3499755859375,694.6500244140625,695.25,3642
2025-04-25 11:32:00+05:30,694.3499755859375,694.5999755859375,694.0,694.5999755859375,5011
2025-04-25 11:33:00+05:30,693.4000244140625,694.4000244140625,693.4000244140625,694.4000244140625,7925
2025-04-25 11:34:00+05:30,692.6500244140625,693.4000244140625,692.6500244140625,693.3499755859375,6731
2025-04-25 11:35:00+05:30,693.4500122070312,693.7999877929688,692.75,692.75,13966
2025-04-25 11:36:00+05:30,694.7000122070312,694.7000122070312,693.1500244140625,693.7000122070312,13836
2025-04-25 11:37:00+05:30,694.0499877929688,694.6500244140625,694.0499877929688,694.6500244140625,2075
2025-04-25 11:38:00+05:30,696.25,696.25,693.5999755859375,694.0499877929688,16038
2025-04-25 11:39:00+05:30,697.7000122070312,697.8499755859375,696.4000244140625,696.4000244140625,5850
2025-04-25 11:40:00+05:30,697.7000122070312,698.3499755859375,697.2999877929688,698.0999755859375,5103
2025-04-25 11:41:00+05:30,698.1500244140625,698.1500244140625,697.0999755859375,697.6500244140625,7174
2025-04-25 11:42:00+05:30,697.0999755859375,697.9500122070312,697.0,697.9000244140625,1955
2025-04-25 11:43:00+05:30,697.5,697.75,697.0999755859375,697.3499755859375,5508
2025-04-25 11:44:00+05:30,696.5499877929688,697.6500244140625,696.5499877929688,697.6500244140625,3766
2025-04-25 11:45:00+05:30,695.5499877929688,696.7999877929688,695.4000244140625,696.7999877929688,4059
2025-04-25 11:46:00+05:30,695.0999755859375,695.9500122070312,695.0999755859375,695.5499877929688,3516
2025-04-25 11:47:00+05:30,694.1500244140625,695.4000244140625,694.1500244140625,695.1500244140625,5896
2025-04-25 11:48:00+05:30,694.2999877929688,694.6500244140625,694.0,694.0,1043
2025-04-25 11:49:00+05:30,694.4500122070312,694.5999755859375,694.4500122070312,694.5499877929688,1932
2025-04-25 11:50:00+05:30,694.2000122070312,694.2000122070312,694.0,694.0,9006
2025-04-25 11:51:00+05:30,694.9000244140625,694.9000244140625,694.2000122070312,694.2000122070312,4472
2025-04-25 11:52:00+05:30,694.7999877929688,695.0,694.6500244140625,694.6500244140625,1384
2025-04-25 11:53:00+05:30,693.5999755859375,694.75,693.4500122070312,694.75,9236
2025-04-25 11:54:00+05:30,694.7999877929688,694.7999877929688,693.9500122070312,693.9500122070312,1724
2025-04-25 11:55:00+05:30,695.3499755859375,695.3499755859375,694.8499755859375,694.8499755859375,2247
2025-04-25 11:56:00+05:30,695.5,696.25,695.4000244140625,695.4500122070312,1330
2025-04-25 11:57:00+05:30,695.6500244140625,695.8499755859375,695.5,695.5,2834
2025-04-25 11:58:00+05:30,695.4500122070312,695.9500122070312,695.0,695.9500122070312,4863
2025-04-25 11:59:00+05:30,695.1500244140625,695.2999877929688,695.0999755859375,695.2999877929688,1629
2025-04-25 12:00:00+05:30,695.4500122070312,695.7999877929688,695.2999877929688,695.2999877929688,1098
2025-04-25 12:01:00+05:30,695.5,695.7999877929688,695.4000244140625,695.5499877929688,1023
2025-04-25 12:02:00+05:30,696.7999877929688,697.3499755859375,695.6500244140625,695.6500244140625,4008
2025-04-25 12:03:00+05:30,698.0,698.0,696.7999877929688,697.2000122070312,3184
2025-04-25 12:04:00+05:30,696.75,697.9500122070312,696.75,697.9500122070312,3481
2025-04-25 12:05:00+05:30,697.0,697.5,696.75,696.75,1074
2025-04-25 12:06:00+05:30,696.4000244140625,697.1500244140625,696.4000244140625,697.0,3690
2025-04-25 12:07:00+05:30,696.4500122070312,697.0,696.4500122070312,696.4500122070312,1239
2025-04-25 12:08:00+05:30,696.5499877929688,696.7000122070312,696.2000122070312,696.7000122070312,1666
2025-04-25 12:09:00+05:30,696.9000244140625,697.2000122070312,696.5,696.7999877929688,1322
2025-04-25 12:10:00+05:30,697.0999755859375,697.1500244140625,696.5999755859375,697.1500244140625,1804
2025-04-25 12:11:00+05:30,697.2000122070312,697.2999877929688,696.9500122070312,697.0499877929688,2874
2025-04-25 12:12:00+05:30,697.9000244140625,697.9000244140625,697.2000122070312,697.2999877929688,13195
2025-04-25 12:13:00+05:30,699.4000244140625,699.4500122070312,698.25,698.25,11788
2025-04-25 12:14:00+05:30,698.9000244140625,699.2999877929688,698.5,699.25,2143
2025-04-25 12:15:00+05:30,698.7999877929688,699.3499755859375,698.7999877929688,699.0999755859375,1697
2025-04-25 12:16:00+05:30,698.9000244140625,699.2999877929688,698.8499755859375,699.25,1475
2025-04-25 12:17:00+05:30,699.5,699.5,698.9000244140625,698.9000244140625,2055
2025-04-25 12:18:00+05:30,699.7000122070312,699.9500122070312,699.2999877929688,699.3499755859375,7562
2025-04-25 12:19:00+05:30,699.7999877929688,700.0,699.5999755859375,699.9500122070312,9888
2025-04-25 12:20:00+05:30,699.6500244140625,700.7999877929688,699.6500244140625,699.9000244140625,7114
2025-04-25 12:21:00+05:30,699.7000122070312,699.9000244140625,699.2000122070312,699.6500244140625,2012
2025-04-25 12:22:00+05:30,698.9500122070312,699.7000122070312,698.9500122070312,699.7000122070312,2776
2025-04-25 12:23:00+05:30,698.9500122070312,699.5,698.7000122070312,699.0,2710
2025-04-25 12:24:00+05:30,698.7999877929688,699.25,698.7000122070312,699.1500244140625,1976
2025-04-25 12:25:00+05:30,698.3499755859375,699.0,698.2999877929688,699.0,3648
2025-04-25 12:26:00+05:30,698.9500122070312,698.9500122070312,698.3499755859375,698.5999755859375,1709
2025-04-25 12:27:00+05:30,698.5499877929688,698.6500244140625,698.5,698.6500244140625,1370
2025-04-25 12:28:00+05:30,698.9000244140625,698.9000244140625,698.75,698.75,755
2025-04-25 12:29:00+05:30,697.8499755859375,698.5999755859375,697.4500122070312,698.5999755859375,5978
2025-04-25 12:30:00+05:30,698.4000244140625,698.4500122070312,697.8499755859375,697.8499755859375,653
2025-04-25 12:31:00+05:30,698.5,698.9000244140625,698.25,698.25,3941
2025-04-25 12:32:00+05:30,698.2000122070312,698.4000244140625,698.0,698.4000244140625,947
2025-04-25 12:33:00+05:30,698.4000244140625,698.7000122070312,698.1500244140625,698.1500244140625,1455
2025-04-25 12:34:00+05:30,698.4000244140625,698.4000244140625,698.2999877929688,698.4000244140625,903
2025-04-25 12:35:00+05:30,698.8499755859375,698.8499755859375,698.25,698.25,1892
2025-04-25 12:36:00+05:30,698.8499755859375,698.8499755859375,698.75,698.8499755859375,496
2025-04-25 12:37:00+05:30,699.7000122070312,699.7000122070312,698.8499755859375,698.8499755859375,3723
2025-04-25 12:38:00+05:30,699.25,699.9500122070312,699.25,699.5,4198
2025-04-25 12:39:00+05:30,699.7999877929688,699.7999877929688,699.0,699.0,898
2025-04-25 12:40:00+05:30,699.9500122070312,699.9500122070312,699.4000244140625,699.6500244140625,4762
2025-04-25 12:41:00+05:30,699.8499755859375,700.7000122070312,699.8499755859375,699.9500122070312,11076
2025-04-25 12:42:00+05:30,699.9500122070312,700.2000122070312,699.6500244140625,700.1500244140625,3752
2025-04-25 12:43:00+05:30,699.1500244140625,700.0499877929688,699.0999755859375,700.0499877929688,4753
2025-04-25 12:44:00+05:30,699.4500122070312,699.5499877929688,699.0499877929688,699.3499755859375,1101
2025-04-25 12:45:00+05:30,699.75,700.0,699.4500122070312,699.4500122070312,2436
2025-04-25 12:46:00+05:30,699.5999755859375,700.0,699.5499877929688,699.75,1727
2025-04-25 12:47:00+05:30,700.0,700.0,699.6500244140625,699.6500244140625,563
2025-04-25 12:48:00+05:30,699.9500122070312,700.2000122070312,699.8499755859375,699.8499755859375,4326
2025-04-25 12:49:00+05:30,700.2000122070312,700.2000122070312,700.0,700.0999755859375,1868
2025-04-25 12:50:00+05:30,699.7999877929688,700.0999755859375,699.5999755859375,699.9500122070312,1291
2025-04-25 12:51:00+05:30,699.0999755859375,699.7999877929688,699.0999755859375,699.7999877929688,2069
2025-04-25 12:52:00+05:30,699.5,699.5,699.0999755859375,699.0999755859375,1256
2025-04-25 12:53:00+05:30,699.5,699.5,699.3499755859375,699.5,720
2025-04-25 12:54:00+05:30,700.0,700.0,699.4500122070312,699.5,5523
2025-04-25 12:55:00+05:30,700.0,700.0,699.9000244140625,700.0,839
2025-04-25 12:56:00+05:30,700.0,700.0,699.9000244140625,700.0,4384
2025-04-25 12:57:00+05:30,700.0,700.2000122070312,699.8499755859375,700.0,4348
2025-04-25 12:58:00+05:30,700.2000122070312,700.4000244140625,699.9000244140625,700.1500244140625,5010
2025-04-25 12:59:00+05:30,700.4000244140625,700.4000244140625,700.0,700.4000244140625,2849
2025-04-25 13:00:00+05:30,700.5499877929688,700.5999755859375,700.1500244140625,700.4000244140625,1963
2025-04-25 13:01:00+05:30,700.8499755859375,700.9000244140625,700.4500122070312,700.5999755859375,13787
2025-04-25 13:02:00+05:30,699.9500122070312,700.75,699.9500122070312,700.75,11589
2025-04-25 13:03:00+05:30,700.0999755859375,700.2999877929688,699.5499877929688,699.5499877929688,4410
2025-04-25 13:04:00+05:30,700.2000122070312,700.2999877929688,700.0,700.0,2665
2025-04-25 13:05:00+05:30,700.0,700.4500122070312,700.0,700.2000122070312,3018
2025-04-25 13:06:00+05:30,700.0499877929688,700.2999877929688,700.0,700.2000122070312,2890
2025-04-25 13:07:00+05:30,700.6500244140625,700.9500122070312,700.0499877929688,700.0999755859375,4684
2025-04-25 13:08:00+05:30,700.0,700.7999877929688,699.7999877929688,700.7999877929688,3984
2025-04-25 13:09:00+05:30,701.0,701.2999877929688,700.0999755859375,700.25,11883
2025-04-25 13:10:00+05:30,701.0499877929688,701.3499755859375,701.0,701.0999755859375,2373
2025-04-25 13:11:00+05:30,702.25,702.4500122070312,701.2999877929688,701.2999877929688,23779
2025-04-25 13:12:00+05:30,702.5,702.5999755859375,701.8499755859375,702.1500244140625,10773
2025-04-25 13:13:00+05:30,702.7000122070312,702.9000244140625,702.4000244140625,702.5,3384
2025-04-25 13:14:00+05:30,703.0,703.0,702.4000244140625,702.5,7229
2025-04-25 13:15:00+05:30,702.7000122070312,703.0999755859375,702.7000122070312,703.0999755859375,1913
2025-04-25 13:16:00+05:30,703.2999877929688,703.5999755859375,702.9500122070312,703.0,5196
2025-04-25 13:17:00+05:30,703.25,703.75,703.0,703.5499877929688,3687
2025-04-25 13:18:00+05:30,703.7000122070312,703.7000122070312,703.2999877929688,703.2999877929688,2805
2025-04-25 13:19:00+05:30,703.1500244140625,703.5999755859375,703.1500244140625,703.5,3034
2025-04-25 13:20:00+05:30,703.0999755859375,703.2999877929688,703.0999755859375,703.2999877929688,1730
2025-04-25 13:21:00+05:30,703.2000122070312,703.2000122070312,702.7000122070312,703.1500244140625,2890
2025-04-25 13:22:00+05:30,703.6500244140625,703.7000122070312,703.1500244140625,703.4500122070312,1896
2025-04-25 13:23:00+05:30,704.0499877929688,704.0499877929688,703.4000244140625,703.4000244140625,7738
2025-04-25 13:24:00+05:30,704.1500244140625,704.3499755859375,703.9000244140625,704.3499755859375,3536
2025-04-25 13:25:00+05:30,703.4000244140625,704.1500244140625,703.4000244140625,704.1500244140625,2274
2025-04-25 13:26:00+05:30,703.8499755859375,703.8499755859375,703.0999755859375,703.5999755859375,11498
2025-04-25 13:27:00+05:30,703.1500244140625,703.8499755859375,703.0499877929688,703.8499755859375,1775
2025-04-25 13:28:00+05:30,702.6500244140625,703.1500244140625,702.6500244140625,703.1500244140625,3781
2025-04-25 13:29:00+05:30,702.5,702.8499755859375,702.25,702.6500244140625,6754
2025-04-25 13:30:00+05:30,702.9000244140625,703.4500122070312,702.5499877929688,702.5499877929688,10022
2025-04-25 13:31:00+05:30,703.4500122070312,703.9500122070312,703.0999755859375,703.0999755859375,4414
2025-04-25 13:32:00+05:30,703.5499877929688,703.75,703.2999877929688,703.75,1788
2025-04-25 13:33:00+05:30,703.8499755859375,703.9500122070312,703.2999877929688,703.5499877929688,2994
2025-04-25 13:34:00+05:30,704.4000244140625,704.5,703.8499755859375,703.8499755859375,5883
2025-04-25 13:35:00+05:30,704.5,704.5,704.0,704.1500244140625,1906
2025-04-25 13:36:00+05:30,704.3499755859375,704.7999877929688,704.2999877929688,704.2999877929688,4955
2025-04-25 13:37:00+05:30,704.3499755859375,704.7000122070312,704.0499877929688,704.5,3934
2025-04-25 13:38:00+05:30,704.2000122070312,704.5999755859375,704.2000122070312,704.3499755859375,1975
2025-04-25 13:39:00+05:30,703.9500122070312,704.5,703.75,704.4500122070312,3725
2025-04-25 13:40:00+05:30,704.4500122070312,704.4500122070312,703.9500122070312,703.9500122070312,2473
2025-04-25 13:41:00+05:30,704.8499755859375,704.9000244140625,704.3499755859375,704.3499755859375,4055
2025-04-25 13:42:00+05:30,703.6500244140625,704.9500122070312,703.2000122070312,704.9500122070312,12081
2025-04-25 13:43:00+05:30,703.4000244140625,703.4000244140625,702.5,703.25,5376
2025-04-25 13:44:00+05:30,703.4000244140625,703.8499755859375,703.0999755859375,703.5499877929688,3599
2025-04-25 13:45:00+05:30,703.4000244140625,703.6500244140625,703.1500244140625,703.6500244140625,1406
2025-04-25 13:46:00+05:30,703.0,703.4000244140625,702.8499755859375,703.3499755859375,3214
2025-04-25 13:47:00+05:30,703.5999755859375,703.5999755859375,702.8499755859375,703.2000122070312,2468
2025-04-25 13:48:00+05:30,703.7999877929688,703.9500122070312,703.5,703.5499877929688,1615
2025-04-25 13:49:00+05:30,703.9000244140625,703.9000244140625,703.5,703.7999877929688,2017
2025-04-25 13:50:00+05:30,704.7000122070312,704.7000122070312,703.7999877929688,704.0499877929688,4752
2025-04-25 13:51:00+05:30,704.4000244140625,704.7000122070312,704.0,704.6500244140625,4820
2025-04-25 13:52:00+05:30,703.9500122070312,704.4000244140625,703.9500122070312,704.1500244140625,2425
2025-04-25 13:53:00+05:30,703.7999877929688,704.25,703.7000122070312,704.0,2267
2025-04-25 13:54:00+05:30,704.0,704.1500244140625,703.7000122070312,704.1500244140625,1829
2025-04-25 13:55:00+05:30,703.7000122070312,704.25,703.5999755859375,704.0,6860
2025-04-25 13:56:00+05:30,705.2000122070312,705.2999877929688,703.7000122070312,703.7000122070312,10314
2025-04-25 13:57:00+05:30,705.2999877929688,705.5499877929688,705.2000122070312,705.2999877929688,4907
2025-04-25 13:58:00+05:30,706.0499877929688,706.0499877929688,705.5,705.5499877929688,9024
2025-04-25 13:59:00+05:30,706.4500122070312,706.5,706.0499877929688,706.2999877929688,3317
2025-04-25 14:00:00+05:30,706.2000122070312,706.9500122070312,706.2000122070312,706.9000244140625,12006
2025-04-25 14:01:00+05:30,706.2000122070312,706.5,705.9000244140625,706.0499877929688,6499
2025-04-25 14:02:00+05:30,706.1500244140625,706.1500244140625,706.0,706.0,8619
2025-04-25 14:03:00+05:30,705.75,706.2000122070312,705.75,706.0,8220
2025-04-25 14:04:00+05:30,705.7999877929688,706.0499877929688,705.7999877929688,705.9500122070312,16860
2025-04-25 14:05:00+05:30,706.0499877929688,706.0499877929688,705.8499755859375,706.0499877929688,5826
2025-04-25 14:06:00+05:30,705.9000244140625,706.1500244140625,705.9000244140625,706.1500244140625,5202
2025-04-25 14:07:00+05:30,705.5,706.1500244140625,705.5,706.1500244140625,25491
2025-04-25 14:08:00+05:30,706.0999755859375,706.7000122070312,705.7000122070312,705.7000122070312,7743
2025-04-25 14:09:00+05:30,704.5999755859375,706.2999877929688,704.5999755859375,706.2999877929688,41307
2025-04-25 14:10:00+05:30,705.5,705.5,704.6500244140625,705.2999877929688,5510
2025-04-25 14:11:00+05:30,705.9500122070312,706.2000122070312,705.5,705.5,10733
2025-04-25 14:12:00+05:30,705.4000244140625,706.0,705.2000122070312,706.0,12352
2025-04-25 14:13:00+05:30,706.2000122070312,706.2000122070312,705.2999877929688,705.5499877929688,4393
2025-04-25 14:14:00+05:30,706.7000122070312,706.7999877929688,706.25,706.25,3790
2025-04-25 14:15:00+05:30,706.7999877929688,706.8499755859375,706.5499877929688,706.7000122070312,2120
2025-04-25 14:16:00+05:30,707.5,707.5499877929688,706.8499755859375,706.8499755859375,6014
2025-04-25 14:17:00+05:30,706.7999877929688,707.25,706.7999877929688,706.8499755859375,5325
2025-04-25 14:18:00+05:30,706.5999755859375,707.0999755859375,706.5499877929688,707.0999755859375,2251
2025-04-25 14:19:00+05:30,706.25,706.5999755859375,706.2000122070312,706.5999755859375,2976
2025-04-25 14:20:00+05:30,706.25,706.25,706.0,706.0499877929688,2009
2025-04-25 14:21:00+05:30,706.0,706.4000244140625,706.0,706.3499755859375,2053
2025-04-25 14:22:00+05:30,706.0499877929688,706.25,706.0,706.25,1689
2025-04-25 14:23:00+05:30,706.0499877929688,706.1500244140625,705.9000244140625,706.1500244140625,9373
2025-04-25 14:24:00+05:30,706.2999877929688,706.2999877929688,706.0,706.0499877929688,12246
2025-04-25 14:25:00+05:30,706.0499877929688,706.5,706.0,706.5,2153
2025-04-25 14:26:00+05:30,706.0999755859375,706.2999877929688,706.0499877929688,706.1500244140625,6411
2025-04-25 14:27:00+05:30,705.8499755859375,706.2000122070312,705.8499755859375,706.0999755859375,1862
2025-04-25 14:28:00+05:30,705.8499755859375,706.0999755859375,705.8499755859375,705.9500122070312,8163
2025-04-25 14:29:00+05:30,706.0999755859375,706.0999755859375,706.0,706.0999755859375,1587
2025-04-25 14:30:00+05:30,706.0999755859375,706.5499877929688,706.0499877929688,706.5499877929688,4921
2025-04-25 14:31:00+05:30,706.2999877929688,706.2999877929688,706.0,706.0999755859375,6081
2025-04-25 14:32:00+05:30,706.0499877929688,706.2000122070312,705.7999877929688,705.9000244140625,9770
2025-04-25 14:33:00+05:30,705.9000244140625,706.0499877929688,705.5499877929688,705.8499755859375,22720
2025-04-25 14:34:00+05:30,706.0,706.0499877929688,705.7000122070312,705.7000122070312,4461
2025-04-25 14:35:00+05:30,706.0,706.2999877929688,706.0,706.0499877929688,1802
2025-04-25 14:36:00+05:30,705.6500244140625,706.2000122070312,705.2999877929688,706.0499877929688,18934
2025-04-25 14:37:00+05:30,705.4000244140625,705.6500244140625,705.0999755859375,705.6500244140625,4928
2025-04-25 14:38:00+05:30,706.0999755859375,706.0999755859375,705.5,705.5,4014
2025-04-25 14:39:00+05:30,706.5999755859375,706.9500122070312,706.0,706.0999755859375,4602
2025-04-25 14:40:00+05:30,706.5499877929688,706.5999755859375,706.2000122070312,706.5999755859375,1208
2025-04-25 14:41:00+05:30,706.25,706.5999755859375,706.25,706.25,2235
2025-04-25 14:42:00+05:30,705.9500122070312,706.5499877929688,705.9500122070312,706.4000244140625,2559
2025-04-25 14:43:00+05:30,706.2000122070312,706.2000122070312,705.9500122070312,706.0,1435
2025-04-25 14:44:00+05:30,706.6500244140625,706.7000122070312,706.2999877929688,706.5499877929688,3494
2025-04-25 14:45:00+05:30,706.0999755859375,706.6500244140625,705.8499755859375,706.6500244140625,9242
2025-04-25 14:46:00+05:30,705.8499755859375,706.25,705.8499755859375,706.0999755859375,5606
2025-04-25 14:47:00+05:30,706.0499877929688,706.0999755859375,705.7000122070312,706.0999755859375,17971
2025-04-25 14:48:00+05:30,706.1500244140625,706.1500244140625,705.8499755859375,706.0499877929688,4105
2025-04-25 14:49:00+05:30,706.4000244140625,706.4500122070312,706.1500244140625,706.1500244140625,2050
2025-04-25 14:50:00+05:30,706.9000244140625,706.9500122070312,706.5999755859375,706.5999755859375,6206
2025-04-25 14:51:00+05:30,706.9500122070312,707.0,706.6500244140625,706.6500244140625,2409
2025-04-25 14:52:00+05:30,707.5,707.5,706.7999877929688,706.9500122070312,7701
2025-04-25 14:53:00+05:30,707.4500122070312,707.5,707.2999877929688,707.5,3975
2025-04-25 14:54:00+05:30,707.2000122070312,707.4500122070312,706.7999877929688,707.4500122070312,4177
2025-04-25 14:55:00+05:30,707.2000122070312,707.25,706.75,707.2000122070312,3578
2025-04-25 14:56:00+05:30,707.7000122070312,707.9000244140625,707.2000122070312,707.2000122070312,7533
2025-04-25 14:57:00+05:30,707.5499877929688,707.9000244140625,707.5,707.7000122070312,3984
2025-04-25 14:58:00+05:30,707.2000122070312,707.5999755859375,707.0999755859375,707.3499755859375,2610
2025-04-25 14:59:00+05:30,706.4000244140625,707.3499755859375,706.4000244140625,707.3499755859375,3731
2025-04-25 15:00:00+05:30,707.1500244140625,707.75,706.6500244140625,706.6500244140625,8027
2025-04-25 15:01:00+05:30,706.6500244140625,707.0,706.3499755859375,706.7000122070312,11593
2025-04-25 15:02:00+05:30,706.3499755859375,706.6500244140625,706.2000122070312,706.6500244140625,4864
2025-04-25 15:03:00+05:30,706.5999755859375,706.5999755859375,706.3499755859375,706.3499755859375,5533
2025-04-25 15:04:00+05:30,706.3499755859375,706.4500122070312,706.0,706.4500122070312,5135
2025-04-25 15:05:00+05:30,705.5,706.1500244140625,705.5,706.1500244140625,4828
2025-04-25 15:06:00+05:30,705.6500244140625,705.7000122070312,705.3499755859375,705.4000244140625,6642
2025-04-25 15:07:00+05:30,705.4500122070312,705.9000244140625,705.4500122070312,705.5999755859375,4288
2025-04-25 15:08:00+05:30,705.75,705.9000244140625,705.5,705.6500244140625,9119
2025-04-25 15:09:00+05:30,705.7999877929688,706.0,705.5,706.0,6687
2025-04-25 15:10:00+05:30,705.8499755859375,705.8499755859375,705.5,705.8499755859375,13035
2025-04-25 15:11:00+05:30,705.7999877929688,705.9500122070312,705.5999755859375,705.8499755859375,5605
2025-04-25 15:12:00+05:30,705.4500122070312,705.7000122070312,705.4000244140625,705.7000122070312,3772
2025-04-25 15:13:00+05:30,704.9000244140625,705.2999877929688,704.7000122070312,705.2999877929688,7115
2025-04-25 15:14:00+05:30,704.5,704.7999877929688,704.5,704.7999877929688,6118
2025-04-25 15:15:00+05:30,704.25,704.7000122070312,704.0999755859375,704.4000244140625,18750
2025-04-25 15:16:00+05:30,704.3499755859375,704.5999755859375,704.0999755859375,704.5999755859375,17742
2025-04-25 15:17:00+05:30,704.6500244140625,705.0,704.0499877929688,704.0499877929688,14617
2025-04-25 15:18:00+05:30,703.9500122070312,704.75,703.7999877929688,704.75,23082
2025-04-25 15:19:00+05:30,703.7000122070312,704.2999877929688,703.7000122070312,704.0,11185
2025-04-25 15:20:00+05:30,703.4500122070312,703.9500122070312,703.25,703.5999755859375,17378
2025-04-25 15:21:00+05:30,704.2000122070312,704.2000122070312,703.2999877929688,703.5499877929688,15823
2025-04-25 15:22:00+05:30,704.0,704.1500244140625,703.5,703.5,8362
2025-04-25 15:23:00+05:30,702.75,704.0499877929688,702.75,704.0499877929688,19574
2025-04-25 15:24:00+05:30,702.75,703.0999755859375,702.3499755859375,702.75,7027
2025-04-25 15:25:00+05:30,703.3499755859375,703.8499755859375,702.5499877929688,702.5999755859375,16922
2025-04-25 15:26:00+05:30,703.5999755859375,703.9500122070312,703.4000244140625,703.4000244140625,5818
2025-04-25 15:27:00+05:30,704.5,704.5999755859375,703.7000122070312,703.75,6903
2025-04-25 15:28:00+05:30,703.9500122070312,704.5,703.9500122070312,704.5,8178
2025-04-25 15:29:00+05:30,702.7000122070312,704.5499877929688,702.3499755859375,704.2999877929688,18723
2025-04-28 09:15:00+05:30,705.0999755859375,706.9000244140625,702.7000122070312,702.7000122070312,0
2025-04-28 09:16:00+05:30,707.4500122070312,707.5,706.0499877929688,706.0499877929688,7602
2025-04-28 09:17:00+05:30,703.1500244140625,707.5999755859375,703.1500244140625,707.5999755859375,4655
2025-04-28 09:18:00+05:30,704.0499877929688,704.8499755859375,704.0499877929688,704.8499755859375,17933
2025-04-28 09:19:00+05:30,704.7000122070312,704.8499755859375,703.8499755859375,704.75,8776
2025-04-28 09:20:00+05:30,701.8499755859375,704.2000122070312,701.8499755859375,704.2000122070312,6875
2025-04-28 09:21:00+05:30,700.7000122070312,701.7000122070312,700.7000122070312,701.5499877929688,17130
2025-04-28 09:22:00+05:30,702.4500122070312,702.5,700.9500122070312,700.9500122070312,5631
2025-04-28 09:23:00+05:30,698.3499755859375,702.5499877929688,698.3499755859375,702.5499877929688,41226
2025-04-28 09:24:00+05:30,699.3499755859375,699.75,698.5999755859375,699.0999755859375,5060
2025-04-28 09:25:00+05:30,699.5499877929688,701.0499877929688,699.5499877929688,700.1500244140625,5428
2025-04-28 09:26:00+05:30,700.2000122070312,700.4000244140625,698.75,699.1500244140625,5268
2025-04-28 09:27:00+05:30,701.2999877929688,701.2999877929688,700.3499755859375,700.3499755859375,4397
2025-04-28 09:28:00+05:30,700.5499877929688,701.0499877929688,699.9500122070312,701.0499877929688,3245
2025-04-28 09:29:00+05:30,699.9500122070312,700.6500244140625,699.5,700.6500244140625,4339
2025-04-28 09:30:00+05:30,699.0999755859375,700.5,699.0999755859375,700.0499877929688,6122
2025-04-28 09:31:00+05:30,699.5999755859375,699.8499755859375,699.0999755859375,699.0999755859375,2871
2025-04-28 09:32:00+05:30,699.7000122070312,700.0,699.5999755859375,700.0,3493
2025-04-28 09:33:00+05:30,699.9500122070312,700.2000122070312,699.75,700.2000122070312,6426
2025-04-28 09:34:00+05:30,700.25,700.25,699.4500122070312,699.4500122070312,3909
2025-04-28 09:35:00+05:30,700.25,701.2000122070312,700.25,700.75,3518
2025-04-28 09:36:00+05:30,701.9500122070312,702.4000244140625,700.0,700.0,4527
2025-04-28 09:37:00+05:30,702.25,702.3499755859375,701.6500244140625,702.0,2242
2025-04-28 09:38:00+05:30,702.75,703.2000122070312,702.0499877929688,702.0499877929688,2602
2025-04-28 09:39:00+05:30,702.25,702.75,702.25,702.75,1144
2025-04-28 09:40:00+05:30,702.5,702.7999877929688,702.5,702.7999877929688,1415
2025-04-28 09:41:00+05:30,701.8499755859375,702.9000244140625,701.2999877929688,702.5999755859375,9743
2025-04-28 09:42:00+05:30,703.4500122070312,703.4500122070312,702.1500244140625,702.1500244140625,1431
2025-04-28 09:43:00+05:30,703.0,703.4500122070312,702.8499755859375,703.4500122070312,1768
2025-04-28 09:44:00+05:30,702.4500122070312,703.2000122070312,702.0999755859375,703.2000122070312,1916
2025-04-28 09:45:00+05:30,702.5499877929688,702.75,702.4500122070312,702.75,1502
2025-04-28 09:46:00+05:30,703.0999755859375,703.2000122070312,702.6500244140625,702.75,1357
2025-04-28 09:47:00+05:30,702.5999755859375,703.25,702.4500122070312,703.25,2174
2025-04-28 09:48:00+05:30,702.5,702.7000122070312,702.5,702.7000122070312,273
2025-04-28 09:49:00+05:30,703.0999755859375,703.0999755859375,702.4500122070312,702.4500122070312,2247
2025-04-28 09:50:00+05:30,704.0,704.4000244140625,703.4000244140625,703.4000244140625,6889
2025-04-28 09:51:00+05:30,704.5499877929688,704.7999877929688,704.0,704.0,3368
2025-04-28 09:52:00+05:30,704.5,704.5999755859375,704.2000122070312,704.2999877929688,1824
2025-04-28 09:53:00+05:30,703.4000244140625,704.5,703.4000244140625,704.5,3012
2025-04-28 09:54:00+05:30,703.25,703.5,703.0,703.3499755859375,964
2025-04-28 09:55:00+05:30,703.5999755859375,703.9000244140625,703.25,703.25,774
2025-04-28 09:56:00+05:30,703.6500244140625,703.9000244140625,703.4000244140625,703.5,1326
2025-04-28 09:57:00+05:30,704.1500244140625,704.5,703.5999755859375,703.5999755859375,983
2025-04-28 09:58:00+05:30,703.75,704.4500122070312,703.75,704.1500244140625,1877
2025-04-28 09:59:00+05:30,704.0499877929688,704.5999755859375,703.8499755859375,703.8499755859375,1263
2025-04-28 10:00:00+05:30,703.9500122070312,704.5,703.9500122070312,704.0499877929688,1410
2025-04-28 10:01:00+05:30,703.5999755859375,704.2000122070312,703.5999755859375,704.0499877929688,1255
2025-04-28 10:02:00+05:30,703.5499877929688,704.0999755859375,703.5499877929688,703.7999877929688,903
2025-04-28 10:03:00+05:30,703.5999755859375,704.0999755859375,703.3499755859375,703.75,1823
2025-04-28 10:04:00+05:30,704.0,704.0,703.4000244140625,703.6500244140625,682
2025-04-28 10:05:00+05:30,704.5,704.5,703.9000244140625,703.9000244140625,4141
2025-04-28 10:06:00+05:30,704.4000244140625,704.5499877929688,704.3499755859375,704.5,1513
2025-04-28 10:07:00+05:30,704.0499877929688,704.25,703.7999877929688,704.25,1017
2025-04-28 10:08:00+05:30,704.2000122070312,704.2000122070312,703.7000122070312,704.0499877929688,5095
2025-04-28 10:09:00+05:30,704.5499877929688,704.6500244140625,704.3499755859375,704.5999755859375,9375
2025-04-28 10:10:00+05:30,704.2000122070312,704.5999755859375,704.2000122070312,704.5999755859375,3702
2025-04-28 10:11:00+05:30,704.9000244140625,704.9000244140625,703.7000122070312,703.9000244140625,5791
2025-04-28 10:12:00+05:30,704.5499877929688,705.0499877929688,704.5499877929688,704.6500244140625,4603
2025-04-28 10:13:00+05:30,704.3499755859375,704.5999755859375,704.2000122070312,704.5499877929688,1257
2025-04-28 10:14:00+05:30,704.3499755859375,704.8499755859375,704.3499755859375,704.3499755859375,1377
2025-04-28 10:15:00+05:30,704.4500122070312,704.6500244140625,704.2999877929688,704.2999877929688,2097
2025-04-28 10:16:00+05:30,704.3499755859375,704.8499755859375,704.3499755859375,704.5999755859375,5090
2025-04-28 10:17:00+05:30,703.75,704.4000244140625,703.75,704.1500244140625,1348
2025-04-28 10:18:00+05:30,702.7000122070312,703.75,702.7000122070312,703.7000122070312,5555
2025-04-28 10:19:00+05:30,701.75,702.7000122070312,701.75,702.7000122070312,3136
2025-04-28 10:20:00+05:30,701.4000244140625,701.6500244140625,701.3499755859375,701.3499755859375,2353
2025-04-28 10:21:00+05:30,701.7999877929688,701.7999877929688,701.4000244140625,701.4000244140625,1082
2025-04-28 10:22:00+05:30,701.7000122070312,701.7000122070312,701.5999755859375,701.6500244140625,1117
2025-04-28 10:23:00+05:30,701.8499755859375,701.8499755859375,701.5499877929688,701.75,2383
2025-04-28 10:24:00+05:30,702.8499755859375,702.8499755859375,701.0999755859375,701.6500244140625,33998
2025-04-28 10:25:00+05:30,702.6500244140625,703.6500244140625,702.4500122070312,702.5,51143
2025-04-28 10:26:00+05:30,702.5499877929688,702.6500244140625,702.4500122070312,702.6500244140625,3312
2025-04-28 10:27:00+05:30,702.5499877929688,702.5999755859375,702.0999755859375,702.5999755859375,2443
2025-04-28 10:28:00+05:30,701.9500122070312,702.9000244140625,701.9500122070312,702.2999877929688,834
2025-04-28 10:29:00+05:30,701.5999755859375,702.0,701.5499877929688,701.5999755859375,1143
2025-04-28 10:30:00+05:30,702.4000244140625,702.5,701.5999755859375,701.5999755859375,4331
2025-04-28 10:31:00+05:30,702.7000122070312,702.75,702.1500244140625,702.2999877929688,1023
2025-04-28 10:32:00+05:30,702.25,702.75,702.25,702.4500122070312,1111
2025-04-28 10:33:00+05:30,702.2000122070312,702.7000122070312,702.2000122070312,702.5,564
2025-04-28 10:34:00+05:30,702.9500122070312,702.9500122070312,702.25,702.25,629
2025-04-28 10:35:00+05:30,702.5999755859375,703.0,702.4000244140625,703.0,580
2025-04-28 10:36:00+05:30,702.7999877929688,703.5499877929688,702.4000244140625,702.7000122070312,1996
2025-04-28 10:37:00+05:30,702.7000122070312,703.2000122070312,702.7000122070312,703.2000122070312,646
2025-04-28 10:38:00+05:30,702.9500122070312,703.2000122070312,702.6500244140625,702.7000122070312,1051
2025-04-28 10:39:00+05:30,703.2999877929688,703.5499877929688,702.9500122070312,703.0499877929688,1867
2025-04-28 10:40:00+05:30,703.8499755859375,703.8499755859375,703.1500244140625,703.25,816
2025-04-28 10:41:00+05:30,703.3499755859375,703.9000244140625,703.3499755859375,703.5499877929688,1524
2025-04-28 10:42:00+05:30,703.3499755859375,703.75,703.1500244140625,703.3499755859375,747
2025-04-28 10:43:00+05:30,703.5,703.5,703.3499755859375,703.3499755859375,671
2025-04-28 10:44:00+05:30,703.4000244140625,703.6500244140625,703.3499755859375,703.5,893
2025-04-28 10:45:00+05:30,703.0,703.2999877929688,702.9000244140625,703.25,2774
2025-04-28 10:46:00+05:30,702.7999877929688,703.2000122070312,702.7999877929688,703.0,1364
2025-04-28 10:47:00+05:30,702.3499755859375,703.0499877929688,702.2000122070312,702.7999877929688,1673
2025-04-28 10:48:00+05:30,702.8499755859375,703.0,702.1500244140625,702.1500244140625,362
2025-04-28 10:49:00+05:30,703.0999755859375,703.1500244140625,702.7999877929688,702.8499755859375,1174
2025-04-28 10:50:00+05:30,703.0499877929688,703.4000244140625,703.0499877929688,703.0999755859375,1204
2025-04-28 10:51:00+05:30,702.9500122070312,703.0499877929688,702.9000244140625,703.0499877929688,899
2025-04-28 10:52:00+05:30,702.9500122070312,703.1500244140625,702.8499755859375,702.9500122070312,741
2025-04-28 10:53:00+05:30,703.0499877929688,703.4000244140625,703.0499877929688,703.4000244140625,1403
2025-04-28 10:54:00+05:30,703.0,703.0999755859375,702.8499755859375,703.0499877929688,1575
2025-04-28 10:55:00+05:30,703.2000122070312,703.5,703.0499877929688,703.25,496
2025-04-28 10:56:00+05:30,702.7999877929688,703.5,702.7999877929688,703.2000122070312,2331
2025-04-28 10:57:00+05:30,703.0999755859375,703.3499755859375,702.9000244140625,702.9000244140625,1595
2025-04-28 10:58:00+05:30,702.6500244140625,703.5,702.0,703.0999755859375,7595
2025-04-28 10:59:00+05:30,702.75,703.0,702.25,702.2999877929688,3605
2025-04-28 11:00:00+05:30,702.1500244140625,703.0999755859375,702.0999755859375,702.75,1879
2025-04-28 11:01:00+05:30,701.5999755859375,702.4500122070312,701.5499877929688,702.4500122070312,3512
2025-04-28 11:02:00+05:30,702.25,702.25,701.5,701.5999755859375,1441
2025-04-28 11:03:00+05:30,701.8499755859375,702.5499877929688,701.8499755859375,702.3499755859375,1529
2025-04-28 11:04:00+05:30,701.8499755859375,701.9500122070312,701.5499877929688,701.5499877929688,1828
2025-04-28 11:05:00+05:30,701.4000244140625,701.75,701.4000244140625,701.75,1954
2025-04-28 11:06:00+05:30,701.4500122070312,701.5499877929688,701.0499877929688,701.4000244140625,3589
2025-04-28 11:07:00+05:30,701.75,701.9500122070312,701.2999877929688,701.4500122070312,2021
2025-04-28 11:08:00+05:30,701.4500122070312,702.0,701.4500122070312,702.0,1910
2025-04-28 11:09:00+05:30,701.4000244140625,701.9000244140625,701.2999877929688,701.4500122070312,1508
2025-04-28 11:10:00+05:30,702.0,702.0,701.3499755859375,701.4000244140625,2165
2025-04-28 11:11:00+05:30,701.5,702.0,701.5,701.9500122070312,4310
2025-04-28 11:12:00+05:30,701.2000122070312,701.5,701.0,701.2000122070312,6064
2025-04-28 11:13:00+05:30,700.8499755859375,701.2000122070312,700.8499755859375,701.0499877929688,4817
2025-04-28 11:14:00+05:30,700.4500122070312,700.7999877929688,700.25,700.7999877929688,5097
2025-04-28 11:15:00+05:30,700.7000122070312,701.0,700.4500122070312,700.7999877929688,1850
2025-04-28 11:16:00+05:30,700.25,700.9000244140625,700.25,700.7000122070312,2874
2025-04-28 11:17:00+05:30,700.4000244140625,700.7999877929688,700.0999755859375,700.4500122070312,2253
2025-04-28 11:18:00+05:30,700.0999755859375,700.4000244140625,700.0999755859375,700.4000244140625,1981
2025-04-28 11:19:00+05:30,701.2000122070312,701.2000122070312,700.2999877929688,700.5999755859375,2437
2025-04-28 11:20:00+05:30,702.4500122070312,702.4500122070312,701.1500244140625,701.2000122070312,6400
2025-04-28 11:21:00+05:30,702.0999755859375,702.5499877929688,701.9000244140625,702.5,2372
2025-04-28 11:22:00+05:30,701.5499877929688,702.2999877929688,701.5499877929688,701.7999877929688,1755
2025-04-28 11:23:00+05:30,701.5999755859375,701.9500122070312,701.2999877929688,701.5499877929688,1669
2025-04-28 11:24:00+05:30,702.0999755859375,702.0999755859375,701.5499877929688,701.75,2152
2025-04-28 11:25:00+05:30,702.0499877929688,702.2999877929688,701.7999877929688,702.0499877929688,1218
2025-04-28 11:26:00+05:30,701.7999877929688,702.25,701.7999877929688,702.25,1516
2025-04-28 11:27:00+05:30,702.2000122070312,702.2999877929688,702.0999755859375,702.0999755859375,1581
2025-04-28 11:28:00+05:30,702.4000244140625,702.4000244140625,702.2000122070312,702.2000122070312,1993
2025-04-28 11:29:00+05:30,703.0499877929688,703.2999877929688,702.3499755859375,702.3499755859375,8784
2025-04-28 11:30:00+05:30,703.2999877929688,703.9500122070312,703.0,703.2000122070312,5518
2025-04-28 11:31:00+05:30,702.7000122070312,703.0999755859375,702.7000122070312,702.9000244140625,1744
2025-04-28 11:32:00+05:30,702.9000244140625,703.0,702.2999877929688,703.0,2171
2025-04-28 11:33:00+05:30,702.4500122070312,702.9000244140625,702.2999877929688,702.5,2289
2025-04-28 11:34:00+05:30,702.7000122070312,703.0,702.6500244140625,703.0,2167
2025-04-28 11:35:00+05:30,702.5999755859375,703.0,702.5999755859375,702.8499755859375,1958
2025-04-28 11:36:00+05:30,702.7000122070312,702.9000244140625,702.5499877929688,702.9000244140625,962
2025-04-28 11:37:00+05:30,703.2999877929688,703.5499877929688,702.8499755859375,702.9000244140625,21268
2025-04-28 11:38:00+05:30,703.6500244140625,703.6500244140625,703.2999877929688,703.2999877929688,680
2025-04-28 11:39:00+05:30,703.75,703.9000244140625,703.5999755859375,703.6500244140625,3676
2025-04-28 11:40:00+05:30,703.9000244140625,704.0,703.75,703.75,832
2025-04-28 11:41:00+05:30,703.4000244140625,703.9000244140625,703.25,703.9000244140625,1499
2025-04-28 11:42:00+05:30,703.5,703.7999877929688,703.4500122070312,703.4500122070312,357
2025-04-28 11:43:00+05:30,703.5,703.6500244140625,703.5,703.6500244140625,1215
2025-04-28 11:44:00+05:30,702.4500122070312,703.5,702.4500122070312,703.3499755859375,2912
2025-04-28 11:45:00+05:30,702.4500122070312,702.5499877929688,702.2999877929688,702.5499877929688,871
2025-04-28 11:46:00+05:30,702.2999877929688,702.5499877929688,702.2999877929688,702.2999877929688,858
2025-04-28 11:47:00+05:30,702.0999755859375,702.5499877929688,702.0999755859375,702.2999877929688,991
2025-04-28 11:48:00+05:30,702.25,702.4000244140625,702.0999755859375,702.4000244140625,665
2025-04-28 11:49:00+05:30,702.0,702.4500122070312,701.9500122070312,702.4500122070312,8097
2025-04-28 11:50:00+05:30,701.8499755859375,702.0999755859375,701.8499755859375,701.9500122070312,611
2025-04-28 11:51:00+05:30,702.2000122070312,702.2000122070312,701.8499755859375,701.8499755859375,908
2025-04-28 11:52:00+05:30,701.9500122070312,701.9500122070312,701.9500122070312,701.9500122070312,339
2025-04-28 11:53:00+05:30,701.9000244140625,702.0,701.9000244140625,702.0,1825
2025-04-28 11:54:00+05:30,701.5,702.0,701.5,701.9000244140625,1414
2025-04-28 11:55:00+05:30,701.3499755859375,701.6500244140625,701.25,701.5,711
2025-04-28 11:56:00+05:30,701.8499755859375,701.9000244140625,701.4500122070312,701.75,1257
2025-04-28 11:57:00+05:30,701.5499877929688,701.8499755859375,701.4500122070312,701.8499755859375,446
2025-04-28 11:58:00+05:30,701.5,701.7999877929688,701.5,701.5499877929688,672
2025-04-28 11:59:00+05:30,701.5499877929688,701.5499877929688,701.4000244140625,701.5,2024
2025-04-28 12:00:00+05:30,702.2000122070312,702.2000122070312,701.7000122070312,701.8499755859375,3352
2025-04-28 12:01:00+05:30,703.0,703.2000122070312,702.0499877929688,702.25,5876
2025-04-28 12:02:00+05:30,703.4500122070312,703.5,703.2999877929688,703.2999877929688,2445
2025-04-28 12:03:00+05:30,704.0,704.0,703.4500122070312,703.4500122070312,6447
2025-04-28 12:04:00+05:30,704.0,704.4000244140625,703.6500244140625,704.0,6266
2025-04-28 12:05:00+05:30,704.5999755859375,704.7000122070312,704.1500244140625,704.4000244140625,8663
2025-04-28 12:06:00+05:30,703.6500244140625,704.75,703.6500244140625,704.5499877929688,6979
2025-04-28 12:07:00+05:30,703.5999755859375,703.75,703.2000122070312,703.6500244140625,2976
2025-04-28 12:08:00+05:30,703.0499877929688,704.0,703.0499877929688,703.5999755859375,2361
2025-04-28 12:09:00+05:30,703.0,703.0,702.2999877929688,702.9500122070312,2448
2025-04-28 12:10:00+05:30,702.6500244140625,703.0,702.5,703.0,1390
2025-04-28 12:11:00+05:30,702.9500122070312,702.9500122070312,702.5,702.8499755859375,1007
2025-04-28 12:12:00+05:30,703.25,703.5999755859375,703.0,703.0,13836
2025-04-28 12:13:00+05:30,703.2000122070312,703.75,703.2000122070312,703.25,2242
2025-04-28 12:14:00+05:30,703.0,703.25,702.75,703.25,2586
2025-04-28 12:15:00+05:30,703.5999755859375,703.5999755859375,703.0,703.0,1257
2025-04-28 12:16:00+05:30,703.8499755859375,703.8499755859375,703.4000244140625,703.5999755859375,1119
2025-04-28 12:17:00+05:30,704.0,704.0,703.7000122070312,703.9000244140625,1517
2025-04-28 12:18:00+05:30,704.0,704.0,703.7000122070312,704.0,1475
2025-04-28 12:19:00+05:30,704.5999755859375,704.6500244140625,703.8499755859375,703.8499755859375,7079
2025-04-28 12:20:00+05:30,704.8499755859375,704.8499755859375,704.5499877929688,704.5499877929688,3134
2025-04-28 12:21:00+05:30,704.5999755859375,704.7000122070312,704.4500122070312,704.7000122070312,3571
2025-04-28 12:22:00+05:30,704.5999755859375,704.9000244140625,704.2999877929688,704.5,8425
2025-04-28 12:23:00+05:30,704.4500122070312,704.5999755859375,704.25,704.5999755859375,3788
2025-04-28 12:24:00+05:30,704.2000122070312,704.4500122070312,704.0499877929688,704.4500122070312,1688
2025-04-28 12:25:00+05:30,704.2000122070312,704.2000122070312,704.0,704.2000122070312,4416
2025-04-28 12:26:00+05:30,704.2000122070312,704.2000122070312,704.0,704.2000122070312,857
2025-04-28 12:27:00+05:30,704.0499877929688,704.2000122070312,704.0,704.0499877929688,1275
2025-04-28 12:28:00+05:30,704.2000122070312,704.2000122070312,704.0499877929688,704.1500244140625,1400
2025-04-28 12:29:00+05:30,703.9000244140625,704.2000122070312,703.8499755859375,704.2000122070312,898
2025-04-28 12:30:00+05:30,704.2000122070312,704.2999877929688,704.0,704.2000122070312,809
2025-04-28 12:31:00+05:30,704.2999877929688,704.2999877929688,704.0999755859375,704.25,1376
2025-04-28 12:32:00+05:30,704.25,704.5,704.0999755859375,704.0999755859375,1621
2025-04-28 12:33:00+05:30,704.5,704.5999755859375,704.1500244140625,704.25,1451
2025-04-28 12:34:00+05:30,704.2999877929688,704.5999755859375,704.2999877929688,704.5999755859375,1150
2025-04-28 12:35:00+05:30,704.5999755859375,704.5999755859375,704.2000122070312,704.5499877929688,1085
2025-04-28 12:36:00+05:30,704.5999755859375,704.5999755859375,704.3499755859375,704.5499877929688,956
2025-04-28 12:37:00+05:30,703.75,704.5,703.5999755859375,704.5,1546
2025-04-28 12:38:00+05:30,704.0999755859375,704.1500244140625,703.4000244140625,703.4000244140625,1975
2025-04-28 12:39:00+05:30,703.4500122070312,704.0499877929688,703.4500122070312,704.0499877929688,1299
2025-04-28 12:40:00+05:30,703.4500122070312,703.8499755859375,703.1500244140625,703.8499755859375,1417
2025-04-28 12:41:00+05:30,703.0499877929688,703.5,703.0499877929688,703.5,1153
2025-04-28 12:42:00+05:30,703.0999755859375,703.4500122070312,702.8499755859375,703.4500122070312,2056
2025-04-28 12:43:00+05:30,703.3499755859375,703.3499755859375,702.6500244140625,702.9500122070312,1911
2025-04-28 12:44:00+05:30,702.8499755859375,703.2999877929688,702.7999877929688,703.25,1353
2025-04-28 12:45:00+05:30,702.9000244140625,703.25,702.8499755859375,703.0999755859375,2439
2025-04-28 12:46:00+05:30,702.9500122070312,703.2000122070312,702.9000244140625,703.0,1053
2025-04-28 12:47:00+05:30,703.3499755859375,703.3499755859375,702.8499755859375,702.9000244140625,948
2025-04-28 12:48:00+05:30,703.0499877929688,703.3499755859375,702.9000244140625,703.3499755859375,1429
2025-04-28 12:49:00+05:30,702.9500122070312,703.25,702.7999877929688,703.25,1479
2025-04-28 12:50:00+05:30,702.9000244140625,703.25,702.8499755859375,703.25,790
2025-04-28 12:51:00+05:30,702.75,703.5499877929688,702.75,703.2000122070312,1478
2025-04-28 12:52:00+05:30,703.0499877929688,703.0499877929688,702.8499755859375,702.9000244140625,900
2025-04-28 12:53:00+05:30,702.9000244140625,703.3499755859375,702.9000244140625,703.3499755859375,978
2025-04-28 12:54:00+05:30,702.8499755859375,703.25,702.8499755859375,703.25,1026
2025-04-28 12:55:00+05:30,702.7999877929688,702.9000244140625,702.7000122070312,702.9000244140625,1417
2025-04-28 12:56:00+05:30,703.0,703.0,702.5499877929688,702.7000122070312,2144
2025-04-28 12:57:00+05:30,702.6500244140625,703.1500244140625,702.6500244140625,702.9500122070312,971
2025-04-28 12:58:00+05:30,703.25,703.5,702.7999877929688,703.0,1698
2025-04-28 12:59:00+05:30,703.2000122070312,703.5999755859375,703.2000122070312,703.5,856
2025-04-28 13:00:00+05:30,703.5499877929688,703.5499877929688,703.1500244140625,703.4000244140625,1876
2025-04-28 13:01:00+05:30,703.8499755859375,704.1500244140625,703.3499755859375,703.5499877929688,2966
2025-04-28 13:02:00+05:30,703.7000122070312,703.7999877929688,703.25,703.7999877929688,1434
2025-04-28 13:03:00+05:30,703.1500244140625,703.8499755859375,703.0,703.7000122070312,1143
2025-04-28 13:04:00+05:30,702.9000244140625,703.0999755859375,702.5999755859375,702.9500122070312,1340
2025-04-28 13:05:00+05:30,702.9500122070312,702.9500122070312,702.5499877929688,702.5499877929688,1052
2025-04-28 13:06:00+05:30,702.7999877929688,702.9500122070312,702.5,702.9500122070312,1673
2025-04-28 13:07:00+05:30,702.4500122070312,702.7999877929688,702.4500122070312,702.7999877929688,3044
2025-04-28 13:08:00+05:30,702.5,702.5499877929688,702.1500244140625,702.5499877929688,1603
2025-04-28 13:09:00+05:30,702.9500122070312,702.9500122070312,702.5,702.7000122070312,2142
2025-04-28 13:10:00+05:30,703.1500244140625,703.1500244140625,702.7000122070312,702.7000122070312,1318
2025-04-28 13:11:00+05:30,702.9000244140625,703.25,702.8499755859375,703.25,1133
2025-04-28 13:12:00+05:30,702.9500122070312,702.9500122070312,702.3499755859375,702.9000244140625,1683
2025-04-28 13:13:00+05:30,702.9000244140625,702.9000244140625,702.6500244140625,702.9000244140625,1259
2025-04-28 13:14:00+05:30,702.7999877929688,702.7999877929688,702.5499877929688,702.7000122070312,1106
2025-04-28 13:15:00+05:30,703.25,703.25,702.5499877929688,702.7999877929688,980
2025-04-28 13:16:00+05:30,703.3499755859375,703.5,702.8499755859375,703.2000122070312,973
2025-04-28 13:17:00+05:30,703.2999877929688,703.6500244140625,703.2999877929688,703.3499755859375,2228
2025-04-28 13:18:00+05:30,703.25,703.4500122070312,703.0,703.25,1971
2025-04-28 13:19:00+05:30,702.5999755859375,703.3499755859375,702.5999755859375,703.3499755859375,1270
2025-04-28 13:20:00+05:30,702.6500244140625,702.7000122070312,702.4000244140625,702.5999755859375,1314
2025-04-28 13:21:00+05:30,703.0,703.0999755859375,702.5,702.75,1034
2025-04-28 13:22:00+05:30,702.6500244140625,702.8499755859375,702.5999755859375,702.5999755859375,1432
2025-04-28 13:23:00+05:30,702.75,702.9000244140625,702.5499877929688,702.7000122070312,1238
2025-04-28 13:24:00+05:30,703.0,703.0,702.6500244140625,702.6500244140625,1104
2025-04-28 13:25:00+05:30,702.7000122070312,702.9500122070312,702.4000244140625,702.9500122070312,1531
2025-04-28 13:26:00+05:30,703.0,703.0,702.4000244140625,702.5999755859375,1676
2025-04-28 13:27:00+05:30,703.2000122070312,703.3499755859375,702.75,703.0,2279
2025-04-28 13:28:00+05:30,703.0,703.5,703.0,703.1500244140625,5423
2025-04-28 13:29:00+05:30,702.6500244140625,703.4000244140625,702.4500122070312,703.0999755859375,2661
2025-04-28 13:30:00+05:30,702.7999877929688,702.8499755859375,702.4500122070312,702.6500244140625,1166
2025-04-28 13:31:00+05:30,702.4000244140625,702.7999877929688,702.3499755859375,702.7999877929688,826
2025-04-28 13:32:00+05:30,702.75,702.75,702.4500122070312,702.4500122070312,831
2025-04-28 13:33:00+05:30,702.7000122070312,702.9500122070312,702.5,702.75,1046
2025-04-28 13:34:00+05:30,702.9500122070312,703.0,702.7999877929688,702.7999877929688,996
2025-04-28 13:35:00+05:30,702.7000122070312,703.0,702.5999755859375,702.7000122070312,1147
2025-04-28 13:36:00+05:30,703.1500244140625,703.1500244140625,702.6500244140625,702.6500244140625,1414
2025-04-28 13:37:00+05:30,703.0499877929688,703.5,702.7999877929688,703.5,1018
2025-04-28 13:38:00+05:30,702.9000244140625,703.0,702.6500244140625,702.9500122070312,1522
2025-04-28 13:39:00+05:30,702.9000244140625,703.2000122070312,702.8499755859375,703.2000122070312,3220
2025-04-28 13:40:00+05:30,703.1500244140625,703.1500244140625,702.8499755859375,702.9000244140625,892
2025-04-28 13:41:00+05:30,702.8499755859375,703.2000122070312,702.8499755859375,702.9000244140625,1152
2025-04-28 13:42:00+05:30,703.25,703.25,702.8499755859375,703.1500244140625,1332
2025-04-28 13:43:00+05:30,703.4500122070312,703.4500122070312,703.0999755859375,703.2000122070312,2261
2025-04-28 13:44:00+05:30,703.2000122070312,703.5,703.2000122070312,703.4500122070312,1237
2025-04-28 13:45:00+05:30,703.5,703.5,703.2000122070312,703.2000122070312,1059
2025-04-28 13:46:00+05:30,703.2999877929688,703.5,702.9500122070312,703.5,3098
2025-04-28 13:47:00+05:30,703.25,703.3499755859375,702.9500122070312,703.3499755859375,1471
2025-04-28 13:48:00+05:30,702.7999877929688,703.25,702.5,703.25,3207
2025-04-28 13:49:00+05:30,702.9500122070312,702.9500122070312,702.5499877929688,702.7999877929688,794
2025-04-28 13:50:00+05:30,702.9500122070312,702.9500122070312,702.7000122070312,702.9500122070312,1323
2025-04-28 13:51:00+05:30,702.7999877929688,702.9500122070312,702.5999755859375,702.9000244140625,1818
2025-04-28 13:52:00+05:30,702.7000122070312,702.9500122070312,702.5999755859375,702.5999755859375,932
2025-04-28 13:53:00+05:30,702.5499877929688,702.7999877929688,702.5499877929688,702.7000122070312,1062
2025-04-28 13:54:00+05:30,702.4500122070312,702.6500244140625,702.3499755859375,702.5499877929688,1245
2025-04-28 13:55:00+05:30,702.7000122070312,702.8499755859375,702.3499755859375,702.7000122070312,2215
2025-04-28 13:56:00+05:30,702.8499755859375,702.9500122070312,702.4000244140625,702.75,1537
2025-04-28 13:57:00+05:30,702.5999755859375,702.8499755859375,702.5499877929688,702.8499755859375,1159
2025-04-28 13:58:00+05:30,702.0999755859375,702.5999755859375,702.0999755859375,702.5,1436
2025-04-28 13:59:00+05:30,702.0999755859375,702.3499755859375,702.0999755859375,702.3499755859375,983
2025-04-28 14:00:00+05:30,702.25,702.3499755859375,702.0999755859375,702.2999877929688,1322
2025-04-28 14:01:00+05:30,701.7000122070312,702.25,701.7000122070312,702.25,3485
2025-04-28 14:02:00+05:30,701.7999877929688,702.0,701.7999877929688,701.8499755859375,2456
2025-04-28 14:03:00+05:30,702.0,702.2000122070312,701.7999877929688,702.0,2412
2025-04-28 14:04:00+05:30,702.0999755859375,702.2000122070312,701.9000244140625,702.0,1064
2025-04-28 14:05:00+05:30,701.4000244140625,702.0999755859375,701.25,702.0999755859375,2436
2025-04-28 14:06:00+05:30,701.4000244140625,701.9000244140625,701.25,701.7000122070312,2548
2025-04-28 14:07:00+05:30,701.3499755859375,701.75,701.3499755859375,701.7000122070312,655
2025-04-28 14:08:00+05:30,701.25,701.75,700.8499755859375,701.5,3315
2025-04-28 14:09:00+05:30,700.9500122070312,701.4500122070312,700.8499755859375,700.9500122070312,5250
2025-04-28 14:10:00+05:30,701.2000122070312,701.6500244140625,701.0,701.1500244140625,1172
2025-04-28 14:11:00+05:30,701.2999877929688,701.4500122070312,701.0499877929688,701.0499877929688,1021
2025-04-28 14:12:00+05:30,701.5499877929688,701.5999755859375,701.0999755859375,701.0999755859375,2023
2025-04-28 14:13:00+05:30,701.5999755859375,701.7999877929688,701.25,701.3499755859375,1209
2025-04-28 14:14:00+05:30,701.75,701.7999877929688,701.4500122070312,701.5999755859375,1711
2025-04-28 14:15:00+05:30,701.7000122070312,701.75,701.5499877929688,701.6500244140625,1533
2025-04-28 14:16:00+05:30,701.7000122070312,701.7000122070312,701.4000244140625,701.4500122070312,658
2025-04-28 14:17:00+05:30,701.4000244140625,701.7000122070312,701.4000244140625,701.4000244140625,1260
2025-04-28 14:18:00+05:30,701.1500244140625,701.5999755859375,701.0499877929688,701.25,1935
2025-04-28 14:19:00+05:30,701.4500122070312,701.5499877929688,701.25,701.4000244140625,726
2025-04-28 14:20:00+05:30,701.2999877929688,701.4500122070312,701.0,701.4000244140625,1271
2025-04-28 14:21:00+05:30,701.2999877929688,701.4500122070312,701.25,701.4500122070312,759
2025-04-28 14:22:00+05:30,701.2999877929688,701.2999877929688,700.7999877929688,701.2999877929688,1179
2025-04-28 14:23:00+05:30,701.3499755859375,701.5999755859375,701.0,701.0,634
2025-04-28 14:24:00+05:30,700.9000244140625,701.3499755859375,700.9000244140625,701.3499755859375,1195
2025-04-28 14:25:00+05:30,701.7999877929688,701.8499755859375,700.7999877929688,700.7999877929688,5799
2025-04-28 14:26:00+05:30,701.7999877929688,702.0,701.4500122070312,701.5499877929688,3906
2025-04-28 14:27:00+05:30,702.0999755859375,702.0999755859375,701.6500244140625,701.8499755859375,2849
2025-04-28 14:28:00+05:30,702.0999755859375,702.3499755859375,702.0,702.2999877929688,13568
2025-04-28 14:29:00+05:30,703.1500244140625,703.1500244140625,702.0,702.0,7678
2025-04-28 14:30:00+05:30,703.1500244140625,703.6500244140625,703.0,703.0,4440
2025-04-28 14:31:00+05:30,702.8499755859375,703.1500244140625,702.5999755859375,703.1500244140625,1842
2025-04-28 14:32:00+05:30,703.5,703.5,702.7000122070312,702.7000122070312,5095
2025-04-28 14:33:00+05:30,704.0,704.4500122070312,703.75,704.0,11116
2025-04-28 14:34:00+05:30,704.3499755859375,704.4000244140625,703.9500122070312,704.3499755859375,2020
2025-04-28 14:35:00+05:30,704.4000244140625,704.4000244140625,703.9500122070312,704.2999877929688,2261
2025-04-28 14:36:00+05:30,703.75,704.4000244140625,703.5499877929688,704.4000244140625,1685
2025-04-28 14:37:00+05:30,703.6500244140625,703.75,703.5,703.5,2282
2025-04-28 14:38:00+05:30,703.4000244140625,703.5499877929688,703.25,703.4500122070312,1758
2025-04-28 14:39:00+05:30,702.7999877929688,703.4000244140625,702.7999877929688,703.4000244140625,1214
2025-04-28 14:40:00+05:30,702.5499877929688,703.0499877929688,702.5499877929688,702.9000244140625,1308
2025-04-28 14:41:00+05:30,702.4500122070312,702.9500122070312,702.1500244140625,702.7000122070312,2204
2025-04-28 14:42:00+05:30,702.0999755859375,702.75,702.0499877929688,702.3499755859375,2002
2025-04-28 14:43:00+05:30,702.4500122070312,702.7999877929688,702.0499877929688,702.0499877929688,2354
2025-04-28 14:44:00+05:30,702.2999877929688,702.4500122070312,701.9500122070312,702.4500122070312,1382
2025-04-28 14:45:00+05:30,702.0,702.2999877929688,701.9000244140625,702.2999877929688,840
2025-04-28 14:46:00+05:30,701.9000244140625,702.2999877929688,701.9000244140625,702.0,1639
2025-04-28 14:47:00+05:30,701.7000122070312,702.0,701.7000122070312,702.0,1990
2025-04-28 14:48:00+05:30,701.9000244140625,702.0,701.5999755859375,702.0,3829
2025-04-28 14:49:00+05:30,702.3499755859375,702.4000244140625,701.7000122070312,702.0,3764
2025-04-28 14:50:00+05:30,701.5499877929688,702.0999755859375,701.2999877929688,702.0999755859375,2375
2025-04-28 14:51:00+05:30,701.5999755859375,701.75,701.2999877929688,701.5499877929688,518
2025-04-28 14:52:00+05:30,701.1500244140625,701.7000122070312,701.1500244140625,701.5499877929688,2660
2025-04-28 14:53:00+05:30,701.2999877929688,701.5,701.1500244140625,701.2000122070312,6699
2025-04-28 14:54:00+05:30,702.0,702.0,701.2000122070312,701.4500122070312,4651
2025-04-28 14:55:00+05:30,704.5,704.5,701.8499755859375,702.0,16968
2025-04-28 14:56:00+05:30,709.6500244140625,709.6500244140625,704.2999877929688,704.5,96725
2025-04-28 14:57:00+05:30,713.8499755859375,713.9500122070312,708.2000122070312,709.7999877929688,80137
2025-04-28 14:58:00+05:30,710.75,714.4000244140625,710.0999755859375,713.75,83591
2025-04-28 14:59:00+05:30,713.2000122070312,713.6500244140625,709.5999755859375,710.75,30415
2025-04-28 15:00:00+05:30,711.5,713.1500244140625,711.25,713.1500244140625,48940
2025-04-28 15:01:00+05:30,708.4000244140625,711.5999755859375,708.25,711.5999755859375,18610
2025-04-28 15:02:00+05:30,708.9000244140625,710.9000244140625,708.4500122070312,708.7000122070312,23270
2025-04-28 15:03:00+05:30,708.7999877929688,709.3499755859375,708.3499755859375,709.2999877929688,32501
2025-04-28 15:04:00+05:30,711.25,711.4500122070312,708.0,708.75,20562
2025-04-28 15:05:00+05:30,712.0,712.4500122070312,710.0999755859375,711.3499755859375,80167
2025-04-28 15:06:00+05:30,714.0,714.25,712.0,712.0999755859375,86931
2025-04-28 15:07:00+05:30,712.0,714.4000244140625,712.0,714.0499877929688,63597
2025-04-28 15:08:00+05:30,711.25,712.5999755859375,711.0,711.7000122070312,11280
2025-04-28 15:09:00+05:30,709.9000244140625,711.3499755859375,709.7999877929688,711.25,10848
2025-04-28 15:10:00+05:30,710.0999755859375,710.7000122070312,710.0,710.4500122070312,14944
2025-04-28 15:11:00+05:30,710.3499755859375,710.5999755859375,709.5999755859375,710.0499877929688,13446
2025-04-28 15:12:00+05:30,710.6500244140625,711.0499877929688,709.9000244140625,710.2000122070312,11713
2025-04-28 15:13:00+05:30,710.4500122070312,710.7000122070312,709.5,710.6500244140625,12464
2025-04-28 15:14:00+05:30,711.25,711.5999755859375,710.4500122070312,710.4500122070312,11472
2025-04-28 15:15:00+05:30,711.5999755859375,711.75,710.75,711.2000122070312,14790
2025-04-28 15:16:00+05:30,710.6500244140625,711.4000244140625,710.6500244140625,711.4000244140625,10704
2025-04-28 15:17:00+05:30,709.9000244140625,710.7999877929688,709.9000244140625,710.6500244140625,12040
2025-04-28 15:18:00+05:30,709.8499755859375,710.2999877929688,709.5499877929688,709.8499755859375,12957
2025-04-28 15:19:00+05:30,709.9500122070312,710.4500122070312,709.8499755859375,709.9000244140625,11801
2025-04-28 15:20:00+05:30,710.2999877929688,710.3499755859375,709.7000122070312,709.9500122070312,10178
2025-04-28 15:21:00+05:30,710.2999877929688,710.7999877929688,710.2999877929688,710.3499755859375,10664
2025-04-28 15:22:00+05:30,708.4500122070312,710.0499877929688,708.3499755859375,710.0,13652
2025-04-28 15:23:00+05:30,708.2999877929688,708.7000122070312,708.2000122070312,708.4500122070312,10495
2025-04-28 15:24:00+05:30,707.75,708.4000244140625,707.5999755859375,708.2999877929688,17698
2025-04-28 15:25:00+05:30,706.5999755859375,707.7999877929688,706.5,707.75,16337
2025-04-28 15:26:00+05:30,707.75,707.9500122070312,706.5,706.5999755859375,8850
2025-04-28 15:27:00+05:30,707.7999877929688,707.8499755859375,707.1500244140625,707.75,11550
2025-04-28 15:28:00+05:30,707.0,708.0,705.6500244140625,707.8499755859375,6343
2025-04-28 15:29:00+05:30,707.6500244140625,707.6500244140625,705.0,706.9500122070312,3673
2025-04-29 09:15:00+05:30,712.0,717.9000244140625,711.0499877929688,714.0,0
2025-04-29 09:16:00+05:30,712.75,713.4000244140625,710.5,710.5499877929688,22712
2025-04-29 09:17:00+05:30,709.9000244140625,714.4000244140625,709.5999755859375,712.9500122070312,22712
2025-04-29 09:18:00+05:30,711.1500244140625,711.1500244140625,709.2999877929688,710.25,10302
2025-04-29 09:19:00+05:30,711.25,711.5,710.9000244140625,711.1500244140625,12020
2025-04-29 09:20:00+05:30,710.25,710.9500122070312,709.2999877929688,710.5,7350
2025-04-29 09:21:00+05:30,710.0499877929688,710.2999877929688,709.7000122070312,710.2000122070312,7718
2025-04-29 09:22:00+05:30,709.8499755859375,710.25,709.4500122070312,710.25,7569
2025-04-29 09:23:00+05:30,710.0,710.0,709.5,709.7999877929688,2241
2025-04-29 09:24:00+05:30,711.8499755859375,712.0,710.0,710.0,13321
2025-04-29 09:25:00+05:30,711.8499755859375,712.4000244140625,711.1500244140625,711.5999755859375,19874
2025-04-29 09:26:00+05:30,712.0,712.3499755859375,711.2999877929688,711.8499755859375,16934
2025-04-29 09:27:00+05:30,711.6500244140625,711.7999877929688,711.6500244140625,711.7999877929688,17743
2025-04-29 09:28:00+05:30,712.5499877929688,712.5499877929688,711.5,711.6500244140625,8427
2025-04-29 09:29:00+05:30,711.3499755859375,712.0,710.9000244140625,712.0,5040
2025-04-29 09:30:00+05:30,712.0,712.2000122070312,711.25,711.4500122070312,6104
2025-04-29 09:31:00+05:30,712.1500244140625,713.3499755859375,711.6500244140625,712.0499877929688,6381
2025-04-29 09:32:00+05:30,712.9000244140625,713.2999877929688,712.0499877929688,712.0499877929688,4917
2025-04-29 09:33:00+05:30,712.7000122070312,713.3499755859375,712.5499877929688,713.3499755859375,2914
2025-04-29 09:34:00+05:30,711.7999877929688,713.0999755859375,711.7999877929688,712.8499755859375,6636
2025-04-29 09:35:00+05:30,712.2999877929688,712.4500122070312,711.4000244140625,712.0999755859375,13078
2025-04-29 09:36:00+05:30,713.1500244140625,713.2999877929688,712.0,712.0,13526
2025-04-29 09:37:00+05:30,714.0,714.0,711.8499755859375,713.1500244140625,3093
2025-04-29 09:38:00+05:30,713.0,714.0,712.8499755859375,714.0,4664
2025-04-29 09:39:00+05:30,712.7999877929688,713.2999877929688,712.6500244140625,713.1500244140625,3470
2025-04-29 09:40:00+05:30,712.5999755859375,712.75,712.4500122070312,712.5,1270
2025-04-29 09:41:00+05:30,711.5499877929688,712.6500244140625,710.8499755859375,712.4500122070312,10947
2025-04-29 09:42:00+05:30,714.0,714.0,710.5,711.25,35357
2025-04-29 09:43:00+05:30,712.25,714.2000122070312,712.25,714.0,35616
2025-04-29 09:44:00+05:30,711.0,712.2000122070312,710.8499755859375,712.1500244140625,4740
2025-04-29 09:45:00+05:30,711.5,712.4500122070312,710.7999877929688,711.0499877929688,4014
2025-04-29 09:46:00+05:30,710.5999755859375,711.5499877929688,710.5999755859375,711.5499877929688,3568
2025-04-29 09:47:00+05:30,710.7999877929688,710.7999877929688,710.4000244140625,710.7000122070312,2223
2025-04-29 09:48:00+05:30,710.25,710.6500244140625,710.25,710.5,2667
2025-04-29 09:49:00+05:30,710.25,710.5499877929688,709.9000244140625,710.0,3080
2025-04-29 09:50:00+05:30,709.0499877929688,710.0999755859375,709.0499877929688,710.0999755859375,3309
2025-04-29 09:51:00+05:30,709.4500122070312,709.5999755859375,709.0,709.2000122070312,3103
2025-04-29 09:52:00+05:30,709.5499877929688,710.0,709.5499877929688,709.6500244140625,4741
2025-04-29 09:53:00+05:30,710.4000244140625,710.4000244140625,709.0999755859375,709.0999755859375,3272
2025-04-29 09:54:00+05:30,710.4000244140625,710.4500122070312,710.0499877929688,710.1500244140625,1885
2025-04-29 09:55:00+05:30,712.0,712.0499877929688,710.3499755859375,710.3499755859375,6015
2025-04-29 09:56:00+05:30,711.5499877929688,711.9500122070312,710.9500122070312,711.9500122070312,2817
2025-04-29 09:57:00+05:30,711.0499877929688,711.7000122070312,710.9500122070312,711.7000122070312,1941
2025-04-29 09:58:00+05:30,710.7999877929688,711.0499877929688,710.75,711.0499877929688,1654
2025-04-29 09:59:00+05:30,710.5999755859375,710.9000244140625,710.4500122070312,710.7999877929688,2679
2025-04-29 10:00:00+05:30,711.0,711.2999877929688,710.2999877929688,710.5,6452
2025-04-29 10:01:00+05:30,711.1500244140625,711.4500122070312,710.5,710.7000122070312,3090
2025-04-29 10:02:00+05:30,710.7999877929688,711.25,710.6500244140625,711.2000122070312,10853
2025-04-29 10:03:00+05:30,711.0,711.1500244140625,710.7999877929688,710.9000244140625,2237
2025-04-29 10:04:00+05:30,710.4500122070312,711.0,710.4500122070312,710.9000244140625,2046
2025-04-29 10:05:00+05:30,710.25,710.4500122070312,710.25,710.4500122070312,2445
2025-04-29 10:06:00+05:30,709.75,710.1500244140625,709.25,710.1500244140625,1957
2025-04-29 10:07:00+05:30,710.2000122070312,710.3499755859375,709.75,709.75,4809
2025-04-29 10:08:00+05:30,711.5999755859375,711.5999755859375,710.0999755859375,710.2000122070312,8816
2025-04-29 10:09:00+05:30,710.5499877929688,711.7000122070312,710.5499877929688,711.7000122070312,3304
2025-04-29 10:10:00+05:30,710.8499755859375,711.0499877929688,710.2000122070312,710.7000122070312,2810
2025-04-29 10:11:00+05:30,711.3499755859375,711.4000244140625,710.9000244140625,710.9000244140625,4826
2025-04-29 10:12:00+05:30,710.3499755859375,710.9000244140625,710.25,710.9000244140625,2600
2025-04-29 10:13:00+05:30,710.9500122070312,711.0,710.2000122070312,710.4000244140625,2224
2025-04-29 10:14:00+05:30,710.5499877929688,711.0,710.5499877929688,710.7999877929688,2382
2025-04-29 10:15:00+05:30,710.2000122070312,710.75,710.2000122070312,710.75,2050
2025-04-29 10:16:00+05:30,709.7999877929688,710.6500244140625,709.5499877929688,710.4000244140625,2745
2025-04-29 10:17:00+05:30,709.9500122070312,710.0,709.6500244140625,709.75,725
2025-04-29 10:18:00+05:30,710.0,710.0,709.9500122070312,710.0,667
2025-04-29 10:19:00+05:30,709.5499877929688,710.0,709.5499877929688,709.9500122070312,2365
2025-04-29 10:20:00+05:30,709.7000122070312,709.7000122070312,709.25,709.5999755859375,1952
2025-04-29 10:21:00+05:30,710.3499755859375,710.3499755859375,709.7999877929688,709.7999877929688,986
2025-04-29 10:22:00+05:30,710.5999755859375,710.9000244140625,710.2999877929688,710.3499755859375,1194
2025-04-29 10:23:00+05:30,711.8499755859375,711.8499755859375,710.6500244140625,710.7000122070312,3783
2025-04-29 10:24:00+05:30,712.3499755859375,712.6500244140625,711.75,711.8499755859375,4731
2025-04-29 10:25:00+05:30,712.0,712.1500244140625,711.5999755859375,712.0,1560
2025-04-29 10:26:00+05:30,712.4000244140625,712.4000244140625,711.5999755859375,711.9000244140625,1767
2025-04-29 10:27:00+05:30,711.75,712.4000244140625,711.75,712.2999877929688,4755
2025-04-29 10:28:00+05:30,711.5499877929688,712.0499877929688,711.5499877929688,711.5499877929688,2442
2025-04-29 10:29:00+05:30,711.9500122070312,711.9500122070312,711.25,711.75,434
2025-04-29 10:30:00+05:30,710.9500122070312,712.0,710.7999877929688,712.0,5285
2025-04-29 10:31:00+05:30,710.9500122070312,711.0999755859375,710.7000122070312,711.0999755859375,999
2025-04-29 10:32:00+05:30,711.0,711.25,710.5499877929688,710.9500122070312,2532
2025-04-29 10:33:00+05:30,710.4000244140625,711.25,710.2999877929688,711.0,1649
2025-04-29 10:34:00+05:30,709.9000244140625,710.0,709.4000244140625,710.0,3738
2025-04-29 10:35:00+05:30,710.2000122070312,710.2000122070312,709.9000244140625,709.9000244140625,4198
2025-04-29 10:36:00+05:30,710.7999877929688,710.8499755859375,710.25,710.25,1305
2025-04-29 10:37:00+05:30,710.4500122070312,710.75,710.4000244140625,710.75,1129
2025-04-29 10:38:00+05:30,711.1500244140625,711.1500244140625,710.5499877929688,710.5499877929688,1451
2025-04-29 10:39:00+05:30,710.8499755859375,711.1500244140625,710.75,711.1500244140625,1331
2025-04-29 10:40:00+05:30,710.3499755859375,710.9000244140625,710.3499755859375,710.75,1174
2025-04-29 10:41:00+05:30,710.5499877929688,710.5499877929688,710.25,710.4500122070312,972
2025-04-29 10:42:00+05:30,710.0499877929688,710.6500244140625,710.0,710.6500244140625,1607
2025-04-29 10:43:00+05:30,710.4000244140625,710.5,710.0,710.0,749
2025-04-29 10:44:00+05:30,710.0999755859375,710.5499877929688,710.0499877929688,710.4000244140625,1549
2025-04-29 10:45:00+05:30,710.5499877929688,710.5999755859375,710.2000122070312,710.2000122070312,2480
2025-04-29 10:46:00+05:30,709.9500122070312,710.4500122070312,709.75,710.4500122070312,2139
2025-04-29 10:47:00+05:30,710.0499877929688,710.4500122070312,709.9000244140625,709.9000244140625,1936
2025-04-29 10:48:00+05:30,710.2000122070312,710.2000122070312,710.0,710.0499877929688,696
2025-04-29 10:49:00+05:30,710.2999877929688,710.2999877929688,710.2000122070312,710.2000122070312,1026
2025-04-29 10:50:00+05:30,710.0999755859375,710.25,710.0,710.25,1065
2025-04-29 10:51:00+05:30,709.7999877929688,710.4500122070312,709.7999877929688,710.0999755859375,3675
2025-04-29 10:52:00+05:30,709.9500122070312,710.0,709.9000244140625,709.9000244140625,1018
2025-04-29 10:53:00+05:30,709.75,710.0,709.5499877929688,709.9500122070312,2570
2025-04-29 10:54:00+05:30,709.7000122070312,709.7999877929688,709.5,709.75,1210
2025-04-29 10:55:00+05:30,709.9000244140625,709.9500122070312,709.7000122070312,709.7000122070312,861
2025-04-29 10:56:00+05:30,710.0,710.0,709.75,709.75,940
2025-04-29 10:57:00+05:30,709.7999877929688,709.9000244140625,709.5999755859375,709.9000244140625,1555
2025-04-29 10:58:00+05:30,709.75,709.9500122070312,709.7000122070312,709.9000244140625,1355
2025-04-29 10:59:00+05:30,708.75,709.8499755859375,708.75,709.8499755859375,4027
2025-04-29 11:00:00+05:30,709.2999877929688,709.4000244140625,708.75,708.9000244140625,1920
2025-04-29 11:01:00+05:30,708.75,709.3499755859375,708.5999755859375,709.2999877929688,1762
2025-04-29 11:02:00+05:30,708.7999877929688,708.9500122070312,708.5999755859375,708.8499755859375,1035
2025-04-29 11:03:00+05:30,708.5499877929688,708.8499755859375,708.5499877929688,708.7999877929688,2722
2025-04-29 11:04:00+05:30,709.2000122070312,709.25,708.4000244140625,708.5,2611
2025-04-29 11:05:00+05:30,709.0999755859375,709.25,708.75,709.2000122070312,1456
2025-04-29 11:06:00+05:30,709.9000244140625,709.9000244140625,709.2000122070312,709.2000122070312,4032
2025-04-29 11:07:00+05:30,709.9000244140625,709.9000244140625,709.6500244140625,709.75,618
2025-04-29 11:08:00+05:30,710.0,710.5499877929688,709.7999877929688,709.9000244140625,13947
2025-04-29 11:09:00+05:30,709.7999877929688,709.9500122070312,709.7000122070312,709.9500122070312,901
2025-04-29 11:10:00+05:30,709.9500122070312,709.9500122070312,709.7999877929688,709.7999877929688,1037
2025-04-29 11:11:00+05:30,709.9500122070312,710.0,709.7999877929688,710.0,1275
2025-04-29 11:12:00+05:30,710.0,710.0499877929688,709.75,709.9500122070312,1739
2025-04-29 11:13:00+05:30,709.5999755859375,710.0499877929688,709.5999755859375,710.0,2793
2025-04-29 11:14:00+05:30,709.8499755859375,709.9500122070312,709.7000122070312,709.7000122070312,1378
2025-04-29 11:15:00+05:30,709.2000122070312,709.8499755859375,709.2000122070312,709.7999877929688,4657
2025-04-29 11:16:00+05:30,708.3499755859375,709.2000122070312,708.3499755859375,709.2000122070312,4743
2025-04-29 11:17:00+05:30,709.0999755859375,709.2000122070312,708.1500244140625,708.3499755859375,33237
2025-04-29 11:18:00+05:30,710.0499877929688,710.2999877929688,709.75,709.75,14614
2025-04-29 11:19:00+05:30,709.9500122070312,710.0999755859375,709.5999755859375,709.9500122070312,7702
2025-04-29 11:20:00+05:30,710.4000244140625,710.5999755859375,709.8499755859375,709.9500122070312,2516
2025-04-29 11:21:00+05:30,710.2000122070312,710.2999877929688,709.5999755859375,710.0999755859375,3106
2025-04-29 11:22:00+05:30,710.0,710.3499755859375,709.9000244140625,710.3499755859375,2223
2025-04-29 11:23:00+05:30,709.8499755859375,710.0999755859375,709.8499755859375,709.9500122070312,1058
2025-04-29 11:24:00+05:30,709.75,709.8499755859375,709.5,709.8499755859375,3851
2025-04-29 11:25:00+05:30,710.0,710.0,709.5999755859375,709.75,1260
2025-04-29 11:26:00+05:30,710.0,710.25,709.7999877929688,710.25,2330
2025-04-29 11:27:00+05:30,710.0999755859375,710.0999755859375,709.9500122070312,710.0499877929688,963
2025-04-29 11:28:00+05:30,709.9500122070312,710.3499755859375,709.8499755859375,710.1500244140625,1353
2025-04-29 11:29:00+05:30,709.7999877929688,709.9500122070312,709.5,709.9500122070312,2476
2025-04-29 11:30:00+05:30,709.7999877929688,709.9000244140625,709.7000122070312,709.9000244140625,1052
2025-04-29 11:31:00+05:30,709.75,709.7999877929688,709.7000122070312,709.75,2097
2025-04-29 11:32:00+05:30,709.6500244140625,709.75,709.5,709.6500244140625,2575
2025-04-29 11:33:00+05:30,710.0499877929688,710.2000122070312,709.7000122070312,709.7000122070312,1541
2025-04-29 11:34:00+05:30,710.0,710.2000122070312,709.8499755859375,710.2000122070312,1604
2025-04-29 11:35:00+05:30,710.0499877929688,710.2000122070312,709.75,710.0,1166
2025-04-29 11:36:00+05:30,709.8499755859375,710.25,709.75,710.25,969
2025-04-29 11:37:00+05:30,709.7000122070312,710.3499755859375,709.7000122070312,709.9500122070312,2933
2025-04-29 11:38:00+05:30,710.5,710.5,709.7000122070312,709.7999877929688,4489
2025-04-29 11:39:00+05:30,710.2999877929688,710.5999755859375,710.2999877929688,710.5,1355
2025-04-29 11:40:00+05:30,710.25,710.2999877929688,710.0999755859375,710.2999877929688,1511
2025-04-29 11:41:00+05:30,709.9000244140625,710.0999755859375,709.4000244140625,710.0999755859375,18583
2025-04-29 11:42:00+05:30,709.9500122070312,710.0999755859375,709.7000122070312,710.0,1676
2025-04-29 11:43:00+05:30,709.8499755859375,710.0,709.5999755859375,710.0,1277
2025-04-29 11:44:00+05:30,710.5,710.5,709.75,709.8499755859375,972
2025-04-29 11:45:00+05:30,710.3499755859375,710.75,710.0499877929688,710.7000122070312,2909
2025-04-29 11:46:00+05:30,710.3499755859375,710.5,710.0999755859375,710.2999877929688,939
2025-04-29 11:47:00+05:30,709.9500122070312,710.3499755859375,709.9500122070312,710.3499755859375,3508
2025-04-29 11:48:00+05:30,710.1500244140625,710.1500244140625,709.9500122070312,710.0,3988
2025-04-29 11:49:00+05:30,710.0,710.1500244140625,710.0,710.0999755859375,827
2025-04-29 11:50:00+05:30,710.2000122070312,710.2000122070312,709.7999877929688,709.9000244140625,1066
2025-04-29 11:51:00+05:30,709.75,710.2000122070312,709.7000122070312,710.2000122070312,1434
2025-04-29 11:52:00+05:30,709.8499755859375,709.9000244140625,709.6500244140625,709.7000122070312,865
2025-04-29 11:53:00+05:30,709.9000244140625,709.9500122070312,709.7000122070312,709.9000244140625,717
2025-04-29 11:54:00+05:30,709.5999755859375,709.9000244140625,709.5999755859375,709.9000244140625,2043
2025-04-29 11:55:00+05:30,709.5,709.7000122070312,709.5,709.5999755859375,2753
2025-04-29 11:56:00+05:30,710.2999877929688,710.2999877929688,709.5999755859375,709.6500244140625,3753
2025-04-29 11:57:00+05:30,709.9000244140625,710.4500122070312,709.8499755859375,710.2999877929688,1857
2025-04-29 11:58:00+05:30,709.9500122070312,710.0,709.7000122070312,709.7999877929688,658
2025-04-29 11:59:00+05:30,709.5,710.0499877929688,709.5,709.9000244140625,1684
2025-04-29 12:00:00+05:30,709.6500244140625,709.6500244140625,709.3499755859375,709.6500244140625,5665
2025-04-29 12:01:00+05:30,709.75,709.9500122070312,709.4500122070312,709.5999755859375,1608
2025-04-29 12:02:00+05:30,710.25,710.25,709.7000122070312,709.7000122070312,1192
2025-04-29 12:03:00+05:30,709.9500122070312,710.2000122070312,709.9000244140625,710.2000122070312,928
2025-04-29 12:04:00+05:30,710.0999755859375,710.2000122070312,710.0,710.0,978
2025-04-29 12:05:00+05:30,710.2000122070312,710.25,710.0999755859375,710.2000122070312,813
2025-04-29 12:06:00+05:30,710.25,710.3499755859375,710.25,710.25,1130
2025-04-29 12:07:00+05:30,710.75,710.75,710.0999755859375,710.2999877929688,2064
2025-04-29 12:08:00+05:30,710.5499877929688,710.7000122070312,710.2999877929688,710.7000122070312,1266
2025-04-29 12:09:00+05:30,710.5,710.5999755859375,710.5,710.5,1106
2025-04-29 12:10:00+05:30,710.3499755859375,710.4000244140625,710.2000122070312,710.25,591
2025-04-29 12:11:00+05:30,710.25,710.4000244140625,710.2000122070312,710.3499755859375,1053
2025-04-29 12:12:00+05:30,710.3499755859375,710.4000244140625,710.3499755859375,710.3499755859375,1066
2025-04-29 12:13:00+05:30,710.4000244140625,710.4500122070312,710.2000122070312,710.3499755859375,714
2025-04-29 12:14:00+05:30,710.4500122070312,710.5,710.4000244140625,710.4000244140625,803
2025-04-29 12:15:00+05:30,710.4500122070312,710.5,710.4500122070312,710.4500122070312,1465
2025-04-29 12:16:00+05:30,710.8499755859375,711.0,710.4500122070312,710.4500122070312,3557
2025-04-29 12:17:00+05:30,711.0,711.0999755859375,710.25,710.75,97811
2025-04-29 12:18:00+05:30,711.1500244140625,711.1500244140625,710.9500122070312,710.9500122070312,1115
2025-04-29 12:19:00+05:30,711.2000122070312,711.25,711.0999755859375,711.0999755859375,966
2025-04-29 12:20:00+05:30,711.1500244140625,711.25,711.1500244140625,711.2000122070312,1070
2025-04-29 12:21:00+05:30,711.0,711.25,711.0,711.2000122070312,1855
2025-04-29 12:22:00+05:30,711.5999755859375,711.75,711.0999755859375,711.0999755859375,4496
2025-04-29 12:23:00+05:30,711.0999755859375,711.6500244140625,711.0,711.6500244140625,4039
2025-04-29 12:24:00+05:30,711.1500244140625,711.2999877929688,711.0999755859375,711.0999755859375,1445
2025-04-29 12:25:00+05:30,711.3499755859375,711.3499755859375,711.25,711.25,834
2025-04-29 12:26:00+05:30,711.25,711.3499755859375,711.25,711.2999877929688,898
2025-04-29 12:27:00+05:30,711.0,711.25,711.0,711.25,75395
2025-04-29 12:28:00+05:30,711.0,711.4500122070312,711.0,711.0,10368
2025-04-29 12:29:00+05:30,710.75,711.0499877929688,710.1500244140625,711.0,104074
2025-04-29 12:30:00+05:30,711.0,711.0,710.5,710.75,2286
2025-04-29 12:31:00+05:30,711.0,711.0,710.7999877929688,710.9500122070312,1152
2025-04-29 12:32:00+05:30,710.8499755859375,711.0,710.7999877929688,710.9500122070312,1168
2025-04-29 12:33:00+05:30,710.7999877929688,711.0,710.7999877929688,710.9500122070312,2115
2025-04-29 12:34:00+05:30,711.0499877929688,711.0499877929688,710.9500122070312,711.0499877929688,2029
2025-04-29 12:35:00+05:30,710.0,711.0,710.0,711.0,4531
2025-04-29 12:36:00+05:30,710.1500244140625,710.4000244140625,709.9000244140625,710.0499877929688,3752
2025-04-29 12:37:00+05:30,710.5499877929688,710.6500244140625,710.2999877929688,710.4000244140625,3234
2025-04-29 12:38:00+05:30,710.0999755859375,710.9000244140625,710.0499877929688,710.75,1449
2025-04-29 12:39:00+05:30,710.1500244140625,710.2000122070312,710.0499877929688,710.2000122070312,595
2025-04-29 12:40:00+05:30,710.0999755859375,710.25,710.0499877929688,710.1500244140625,1497
2025-04-29 12:41:00+05:30,709.25,710.0499877929688,709.25,710.0499877929688,4210
2025-04-29 12:42:00+05:30,708.5999755859375,709.1500244140625,708.5499877929688,709.1500244140625,2894
2025-04-29 12:43:00+05:30,708.5499877929688,708.8499755859375,708.4000244140625,708.8499755859375,1810
2025-04-29 12:44:00+05:30,708.3499755859375,708.5999755859375,708.3499755859375,708.5,1614
2025-04-29 12:45:00+05:30,707.8499755859375,708.1500244140625,707.6500244140625,708.1500244140625,6495
2025-04-29 12:46:00+05:30,708.0,708.0499877929688,707.7999877929688,707.8499755859375,1566
2025-04-29 12:47:00+05:30,707.5999755859375,708.4000244140625,707.5999755859375,708.4000244140625,5210
2025-04-29 12:48:00+05:30,707.4000244140625,707.75,707.0,707.5499877929688,6673
2025-04-29 12:49:00+05:30,707.1500244140625,707.5,707.0499877929688,707.5,1274
2025-04-29 12:50:00+05:30,707.2000122070312,707.4000244140625,707.0499877929688,707.2999877929688,2676
2025-04-29 12:51:00+05:30,708.3499755859375,708.3499755859375,707.2000122070312,707.3499755859375,3240
2025-04-29 12:52:00+05:30,708.0999755859375,708.6500244140625,708.0499877929688,708.3499755859375,2083
2025-04-29 12:53:00+05:30,708.0499877929688,708.4000244140625,707.7999877929688,708.0499877929688,2455
2025-04-29 12:54:00+05:30,708.5999755859375,708.5999755859375,708.0999755859375,708.0999755859375,988
2025-04-29 12:55:00+05:30,708.0999755859375,708.5499877929688,708.0999755859375,708.5499877929688,3211
2025-04-29 12:56:00+05:30,708.4500122070312,708.5999755859375,708.0,708.0,1502
2025-04-29 12:57:00+05:30,708.3499755859375,708.75,708.2000122070312,708.75,2137
2025-04-29 12:58:00+05:30,708.0499877929688,708.4500122070312,708.0499877929688,708.4500122070312,1620
2025-04-29 12:59:00+05:30,708.0999755859375,708.1500244140625,708.0,708.0999755859375,2574
2025-04-29 13:00:00+05:30,708.2999877929688,708.5,708.2999877929688,708.3499755859375,1620
2025-04-29 13:01:00+05:30,709.0,709.0,708.2999877929688,708.5,3913
2025-04-29 13:02:00+05:30,708.2999877929688,708.9000244140625,708.2000122070312,708.9000244140625,1810
2025-04-29 13:03:00+05:30,709.0999755859375,709.0999755859375,708.2000122070312,708.5499877929688,6620
2025-04-29 13:04:00+05:30,709.9500122070312,709.9500122070312,708.7999877929688,708.9000244140625,35816
2025-04-29 13:05:00+05:30,710.0,710.1500244140625,709.5,709.9500122070312,19652
2025-04-29 13:06:00+05:30,709.6500244140625,710.0499877929688,709.5,710.0,4921
2025-04-29 13:07:00+05:30,709.9500122070312,709.9500122070312,709.5499877929688,709.7999877929688,795
2025-04-29 13:08:00+05:30,709.75,709.9500122070312,709.75,709.9000244140625,1283
2025-04-29 13:09:00+05:30,710.1500244140625,710.1500244140625,709.75,710.0499877929688,1898
2025-04-29 13:10:00+05:30,710.4500122070312,710.6500244140625,710.0,710.2000122070312,1398
2025-04-29 13:11:00+05:30,710.0,710.5,710.0,710.5,2962
2025-04-29 13:12:00+05:30,710.0,710.1500244140625,710.0,710.0499877929688,926
2025-04-29 13:13:00+05:30,710.0999755859375,710.1500244140625,710.0,710.0999755859375,806
2025-04-29 13:14:00+05:30,710.0,710.0999755859375,710.0,710.0999755859375,1150
2025-04-29 13:15:00+05:30,709.9500122070312,710.1500244140625,709.7000122070312,710.0999755859375,13829
2025-04-29 13:16:00+05:30,709.8499755859375,710.0999755859375,709.5,710.0999755859375,1739
2025-04-29 13:17:00+05:30,709.7000122070312,710.0,709.5,709.75,14379
2025-04-29 13:18:00+05:30,710.0499877929688,710.0499877929688,709.9000244140625,709.9000244140625,2298
2025-04-29 13:19:00+05:30,710.0,710.1500244140625,710.0,710.0,1681
2025-04-29 13:20:00+05:30,710.0,710.1500244140625,710.0,710.0499877929688,6216
2025-04-29 13:21:00+05:30,710.1500244140625,710.3499755859375,710.0499877929688,710.0999755859375,1416
2025-04-29 13:22:00+05:30,709.4000244140625,710.25,709.2000122070312,710.25,33047
2025-04-29 13:23:00+05:30,709.2999877929688,709.9000244140625,709.1500244140625,709.6500244140625,5068
2025-04-29 13:24:00+05:30,709.25,710.0999755859375,709.25,709.4000244140625,31223
2025-04-29 13:25:00+05:30,709.8499755859375,710.0,708.9500122070312,709.4000244140625,27446
2025-04-29 13:26:00+05:30,710.3499755859375,710.3499755859375,709.8499755859375,709.9500122070312,1790
2025-04-29 13:27:00+05:30,710.2999877929688,710.5499877929688,710.0499877929688,710.2000122070312,2085
2025-04-29 13:28:00+05:30,710.0,710.2000122070312,710.0,710.2000122070312,2070
2025-04-29 13:29:00+05:30,710.0,710.1500244140625,710.0,710.0,1895
2025-04-29 13:30:00+05:30,710.0999755859375,710.2000122070312,710.0,710.0999755859375,1988
2025-04-29 13:31:00+05:30,710.4500122070312,710.5999755859375,710.0,710.0499877929688,4845
2025-04-29 13:32:00+05:30,710.25,710.5,710.0499877929688,710.25,2595
2025-04-29 13:33:00+05:30,710.8499755859375,711.0,710.4000244140625,710.4000244140625,2157
2025-04-29 13:34:00+05:30,711.0999755859375,711.0999755859375,710.8499755859375,711.0,4962
2025-04-29 13:35:00+05:30,711.4000244140625,711.5499877929688,711.0499877929688,711.25,4433
2025-04-29 13:36:00+05:30,711.3499755859375,711.5,711.1500244140625,711.4000244140625,2103
2025-04-29 13:37:00+05:30,711.2999877929688,711.5499877929688,711.25,711.3499755859375,2106
2025-04-29 13:38:00+05:30,711.2999877929688,711.3499755859375,711.1500244140625,711.2999877929688,2043
2025-04-29 13:39:00+05:30,711.25,711.4500122070312,711.1500244140625,711.4500122070312,2059
2025-04-29 13:40:00+05:30,711.1500244140625,711.2999877929688,711.0499877929688,711.0499877929688,1891
2025-04-29 13:41:00+05:30,711.2000122070312,711.3499755859375,710.7999877929688,711.3499755859375,2050
2025-04-29 13:42:00+05:30,711.1500244140625,711.4500122070312,710.9500122070312,711.0,2155
2025-04-29 13:43:00+05:30,710.9500122070312,711.25,710.8499755859375,711.2000122070312,1948
2025-04-29 13:44:00+05:30,711.3499755859375,711.4000244140625,711.0499877929688,711.0999755859375,2045
2025-04-29 13:45:00+05:30,711.1500244140625,711.3499755859375,710.9500122070312,711.3499755859375,1755
2025-04-29 13:46:00+05:30,711.0499877929688,711.1500244140625,710.9500122070312,711.0999755859375,2822
2025-04-29 13:47:00+05:30,710.7999877929688,711.0999755859375,710.7000122070312,711.0999755859375,1060
2025-04-29 13:48:00+05:30,710.9000244140625,711.0499877929688,710.8499755859375,711.0,4210
2025-04-29 13:49:00+05:30,711.0499877929688,711.0999755859375,710.8499755859375,711.0499877929688,2781
2025-04-29 13:50:00+05:30,711.0999755859375,711.1500244140625,710.9500122070312,711.0499877929688,2578
2025-04-29 13:51:00+05:30,711.25,711.25,711.0999755859375,711.1500244140625,1549
2025-04-29 13:52:00+05:30,711.1500244140625,711.25,711.0499877929688,711.2000122070312,3368
2025-04-29 13:53:00+05:30,711.4000244140625,711.4000244140625,711.1500244140625,711.1500244140625,2186
2025-04-29 13:54:00+05:30,712.0,712.0,711.3499755859375,711.3499755859375,5616
2025-04-29 13:55:00+05:30,711.9500122070312,712.0499877929688,711.9000244140625,711.9500122070312,1419
2025-04-29 13:56:00+05:30,711.4000244140625,712.0,711.2999877929688,712.0,5351
2025-04-29 13:57:00+05:30,711.9000244140625,712.0999755859375,711.3499755859375,711.6500244140625,3436
2025-04-29 13:58:00+05:30,712.1500244140625,712.1500244140625,711.9000244140625,712.0499877929688,1212
2025-04-29 13:59:00+05:30,712.5,712.5,712.1500244140625,712.1500244140625,5193
2025-04-29 14:00:00+05:30,713.7999877929688,713.7999877929688,712.5,712.5499877929688,4626
2025-04-29 14:01:00+05:30,714.2000122070312,714.5,713.6500244140625,713.7999877929688,7471
2025-04-29 14:02:00+05:30,714.0,714.5,713.7999877929688,714.4000244140625,4535
2025-04-29 14:03:00+05:30,713.9000244140625,714.0,713.7999877929688,713.7999877929688,1562
2025-04-29 14:04:00+05:30,713.75,713.8499755859375,713.7000122070312,713.7999877929688,2371
2025-04-29 14:05:00+05:30,713.8499755859375,713.8499755859375,713.4500122070312,713.5,2685
2025-04-29 14:06:00+05:30,713.9500122070312,713.9500122070312,713.5,713.7999877929688,4043
2025-04-29 14:07:00+05:30,713.9000244140625,714.0,713.7000122070312,714.0,3184
2025-04-29 14:08:00+05:30,714.0,714.0,713.7000122070312,713.8499755859375,5216
2025-04-29 14:09:00+05:30,714.5,714.7000122070312,714.1500244140625,714.2999877929688,5153
2025-04-29 14:10:00+05:30,714.2999877929688,714.4500122070312,714.0499877929688,714.4500122070312,2498
2025-04-29 14:11:00+05:30,714.2999877929688,714.7000122070312,714.1500244140625,714.2999877929688,4348
2025-04-29 14:12:00+05:30,714.2999877929688,714.6500244140625,714.1500244140625,714.5,2645
2025-04-29 14:13:00+05:30,714.4000244140625,714.5499877929688,714.25,714.4500122070312,2872
2025-04-29 14:14:00+05:30,714.2999877929688,714.5,714.1500244140625,714.5,3118
2025-04-29 14:15:00+05:30,715.0499877929688,715.2000122070312,714.0999755859375,714.1500244140625,22931
2025-04-29 14:16:00+05:30,714.6500244140625,715.1500244140625,714.5,715.0499877929688,8375
2025-04-29 14:17:00+05:30,714.9500122070312,715.0499877929688,714.3499755859375,714.8499755859375,2713
2025-04-29 14:18:00+05:30,715.25,715.25,714.7999877929688,714.9500122070312,3009
2025-04-29 14:19:00+05:30,715.0,715.2999877929688,714.9500122070312,715.25,2918
2025-04-29 14:20:00+05:30,714.9000244140625,715.1500244140625,714.9000244140625,715.0,2993
2025-04-29 14:21:00+05:30,715.0,715.0999755859375,714.9500122070312,715.0499877929688,2552
2025-04-29 14:22:00+05:30,714.25,715.0,714.25,715.0,4264
2025-04-29 14:23:00+05:30,713.7000122070312,714.3499755859375,713.5499877929688,714.25,4133
2025-04-29 14:24:00+05:30,713.25,713.7000122070312,713.0999755859375,713.5499877929688,2048
2025-04-29 14:25:00+05:30,713.9000244140625,713.9500122070312,713.3499755859375,713.3499755859375,5350
2025-04-29 14:26:00+05:30,713.7000122070312,713.75,713.3499755859375,713.6500244140625,3686
2025-04-29 14:27:00+05:30,713.25,713.7000122070312,713.25,713.7000122070312,4053
2025-04-29 14:28:00+05:30,712.7000122070312,713.3499755859375,712.6500244140625,713.2999877929688,1908
2025-04-29 14:29:00+05:30,713.2000122070312,713.2000122070312,712.25,712.5999755859375,11205
2025-04-29 14:30:00+05:30,714.6500244140625,714.6500244140625,713.3499755859375,713.5,18033
2025-04-29 14:31:00+05:30,714.75,714.7999877929688,714.1500244140625,714.5,4531
2025-04-29 14:32:00+05:30,715.2999877929688,715.6500244140625,714.2999877929688,714.75,12432
2025-04-29 14:33:00+05:30,715.6500244140625,715.7999877929688,714.9500122070312,715.2000122070312,15271
2025-04-29 14:34:00+05:30,716.8499755859375,716.9500122070312,715.3499755859375,715.3499755859375,22258
2025-04-29 14:35:00+05:30,716.7000122070312,717.0,716.3499755859375,717.0,9378
2025-04-29 14:36:00+05:30,716.5499877929688,716.9000244140625,716.25,716.75,7089
2025-04-29 14:37:00+05:30,717.75,717.75,716.25,716.6500244140625,36973
2025-04-29 14:38:00+05:30,717.5999755859375,717.9000244140625,716.9500122070312,717.2999877929688,8133
2025-04-29 14:39:00+05:30,717.5999755859375,717.8499755859375,717.4500122070312,717.5999755859375,3326
2025-04-29 14:40:00+05:30,717.75,717.9000244140625,717.6500244140625,717.7000122070312,3680
2025-04-29 14:41:00+05:30,718.7999877929688,718.7999877929688,717.75,717.75,28550
2025-04-29 14:42:00+05:30,718.9500122070312,719.0,717.9500122070312,718.75,22410
2025-04-29 14:43:00+05:30,718.75,719.0,718.3499755859375,718.9000244140625,10630
2025-04-29 14:44:00+05:30,718.7000122070312,718.7999877929688,718.3499755859375,718.75,8784
2025-04-29 14:45:00+05:30,718.3499755859375,718.9000244140625,718.3499755859375,718.7000122070312,5712
2025-04-29 14:46:00+05:30,717.5999755859375,718.5,717.5999755859375,718.3499755859375,12544
2025-04-29 14:47:00+05:30,717.5999755859375,717.9000244140625,717.3499755859375,717.7000122070312,9357
2025-04-29 14:48:00+05:30,717.8499755859375,718.2999877929688,717.6500244140625,717.75,14213
2025-04-29 14:49:00+05:30,717.6500244140625,718.0999755859375,717.4500122070312,718.0999755859375,6256
2025-04-29 14:50:00+05:30,718.0,718.0999755859375,717.5999755859375,717.6500244140625,18427
2025-04-29 14:51:00+05:30,717.7000122070312,718.2000122070312,717.4500122070312,718.0,8212
2025-04-29 14:52:00+05:30,718.2000122070312,718.5,717.5,717.6500244140625,24915
2025-04-29 14:53:00+05:30,717.4000244140625,718.2000122070312,717.3499755859375,717.9500122070312,14649
2025-04-29 14:54:00+05:30,718.0999755859375,718.2000122070312,717.3499755859375,717.4000244140625,7232
2025-04-29 14:55:00+05:30,718.0,718.4000244140625,717.5,718.1500244140625,8467
2025-04-29 14:56:00+05:30,717.6500244140625,718.0,717.5,718.0,4969
2025-04-29 14:57:00+05:30,716.8499755859375,717.6500244140625,716.7000122070312,717.5,16109
2025-04-29 14:58:00+05:30,716.75,717.0999755859375,716.5499877929688,716.75,5929
2025-04-29 14:59:00+05:30,716.5999755859375,717.25,716.5999755859375,716.6500244140625,6565
2025-04-29 15:00:00+05:30,716.5999755859375,716.75,716.5999755859375,716.75,17350
2025-04-29 15:01:00+05:30,715.5499877929688,716.6500244140625,715.5,716.6500244140625,15154
2025-04-29 15:02:00+05:30,715.4000244140625,715.5,715.1500244140625,715.2999877929688,14553
2025-04-29 15:03:00+05:30,715.75,716.25,715.3499755859375,715.4000244140625,27597
2025-04-29 15:04:00+05:30,716.9500122070312,717.4500122070312,715.4000244140625,715.9000244140625,26880
2025-04-29 15:05:00+05:30,716.25,717.0499877929688,715.9000244140625,716.9500122070312,11069
2025-04-29 15:06:00+05:30,716.5,716.5,716.2000122070312,716.2000122070312,20753
2025-04-29 15:07:00+05:30,716.8499755859375,716.8499755859375,716.3499755859375,716.4000244140625,15916
2025-04-29 15:08:00+05:30,716.0,716.8499755859375,716.0,716.8499755859375,9437
2025-04-29 15:09:00+05:30,716.5999755859375,716.7999877929688,715.7000122070312,716.0,19464
2025-04-29 15:10:00+05:30,716.4000244140625,716.9500122070312,716.4000244140625,716.6500244140625,10590
2025-04-29 15:11:00+05:30,715.8499755859375,716.4000244140625,715.8499755859375,716.4000244140625,16354
2025-04-29 15:12:00+05:30,715.7000122070312,716.1500244140625,715.6500244140625,716.0999755859375,11782
2025-04-29 15:13:00+05:30,715.0499877929688,715.7999877929688,715.0499877929688,715.75,11599
2025-04-29 15:14:00+05:30,715.9000244140625,715.9500122070312,715.5499877929688,715.5499877929688,17746
2025-04-29 15:15:00+05:30,715.8499755859375,715.9000244140625,715.4000244140625,715.9000244140625,12181
2025-04-29 15:16:00+05:30,715.0999755859375,715.5,715.0,715.4500122070312,13077
2025-04-29 15:17:00+05:30,715.0,715.5,714.75,715.5,13827
2025-04-29 15:18:00+05:30,714.7000122070312,715.0,714.2999877929688,714.8499755859375,16216
2025-04-29 15:19:00+05:30,713.8499755859375,714.7000122070312,713.8499755859375,714.4500122070312,12606
2025-04-29 15:20:00+05:30,714.0499877929688,714.2000122070312,714.0,714.1500244140625,18792
2025-04-29 15:21:00+05:30,713.5999755859375,714.0,713.5999755859375,714.0,9535
2025-04-29 15:22:00+05:30,713.7000122070312,713.7000122070312,713.2000122070312,713.5999755859375,23707
2025-04-29 15:23:00+05:30,713.2000122070312,713.7999877929688,713.1500244140625,713.7000122070312,15905
2025-04-29 15:24:00+05:30,713.0499877929688,714.0,712.8499755859375,713.2000122070312,33355
2025-04-29 15:25:00+05:30,713.0499877929688,713.7000122070312,713.0499877929688,713.25,16760
2025-04-29 15:26:00+05:30,713.5999755859375,713.6500244140625,713.0,713.0,12288
2025-04-29 15:27:00+05:30,713.25,713.5499877929688,712.9500122070312,713.5499877929688,14623
2025-04-29 15:28:00+05:30,714.5,714.5,712.5499877929688,713.5,12709
2025-04-29 15:29:00+05:30,714.9500122070312,715.0,713.7000122070312,714.4500122070312,7976
2025-04-30 09:15:00+05:30,713.5499877929688,714.5499877929688,713.0999755859375,713.5499877929688,0
2025-04-30 09:16:00+05:30,717.4000244140625,717.4000244140625,713.7000122070312,715.0499877929688,15631
2025-04-30 09:17:00+05:30,717.7999877929688,718.0,716.5999755859375,716.75,17804
2025-04-30 09:18:00+05:30,718.5,718.5,717.25,717.9500122070312,9312
2025-04-30 09:19:00+05:30,720.5999755859375,720.5999755859375,718.25,718.25,34522
2025-04-30 09:20:00+05:30,722.0,722.5999755859375,720.6500244140625,720.7000122070312,18073
2025-04-30 09:21:00+05:30,722.0999755859375,722.0999755859375,720.8499755859375,722.0999755859375,11734
2025-04-30 09:22:00+05:30,721.2999877929688,723.0,721.0,722.8499755859375,27612
2025-04-30 09:23:00+05:30,722.2000122070312,723.2000122070312,721.7999877929688,721.7999877929688,25016
2025-04-30 09:24:00+05:30,723.4000244140625,723.5,722.0999755859375,722.4500122070312,28123
2025-04-30 09:25:00+05:30,722.1500244140625,724.3499755859375,722.0,723.4000244140625,29330
2025-04-30 09:26:00+05:30,722.2000122070312,723.6500244140625,721.7999877929688,722.5999755859375,30784
2025-04-30 09:27:00+05:30,721.7000122070312,722.75,721.0,722.1500244140625,21639
2025-04-30 09:28:00+05:30,722.5999755859375,722.9500122070312,721.2999877929688,721.8499755859375,7060
2025-04-30 09:29:00+05:30,722.7999877929688,723.5,722.1500244140625,722.25,22151
2025-04-30 09:30:00+05:30,724.9000244140625,724.9000244140625,723.4500122070312,723.4500122070312,22527
2025-04-30 09:31:00+05:30,726.5499877929688,726.9500122070312,724.5499877929688,725.0,53571
2025-04-30 09:32:00+05:30,725.5,726.7999877929688,725.25,726.5999755859375,27289
2025-04-30 09:33:00+05:30,726.5999755859375,726.5999755859375,725.25,725.7999877929688,14711
2025-04-30 09:34:00+05:30,724.3499755859375,726.4500122070312,724.3499755859375,726.4000244140625,20066
2025-04-30 09:35:00+05:30,724.9000244140625,725.0999755859375,723.6500244140625,724.5999755859375,15858
2025-04-30 09:36:00+05:30,725.75,725.9000244140625,724.7999877929688,724.7999877929688,14427
2025-04-30 09:37:00+05:30,726.4000244140625,726.75,725.5,725.7999877929688,20867
2025-04-30 09:38:00+05:30,726.4500122070312,727.0,726.0999755859375,726.4000244140625,16898
2025-04-30 09:39:00+05:30,726.0,727.0,726.0,726.75,16139
2025-04-30 09:40:00+05:30,725.7999877929688,726.5,725.1500244140625,725.4000244140625,12228
2025-04-30 09:41:00+05:30,725.5,726.0,725.3499755859375,725.75,10421
2025-04-30 09:42:00+05:30,726.0,726.0,725.7000122070312,725.75,5782
2025-04-30 09:43:00+05:30,725.7999877929688,726.1500244140625,725.4000244140625,726.0,10965
2025-04-30 09:44:00+05:30,727.9000244140625,727.9000244140625,726.0499877929688,726.0499877929688,24104
2025-04-30 09:45:00+05:30,727.8499755859375,727.9000244140625,726.9000244140625,727.7000122070312,25003
2025-04-30 09:46:00+05:30,729.25,729.75,727.5499877929688,727.5499877929688,37526
2025-04-30 09:47:00+05:30,729.25,729.4500122070312,728.4500122070312,729.1500244140625,14992
2025-04-30 09:48:00+05:30,731.4000244140625,731.9000244140625,729.3499755859375,729.5,68424
2025-04-30 09:49:00+05:30,732.5499877929688,732.5499877929688,731.2000122070312,731.5999755859375,40657
2025-04-30 09:50:00+05:30,734.25,734.7000122070312,731.5,732.5499877929688,105164
2025-04-30 09:51:00+05:30,734.8499755859375,734.9500122070312,734.0,734.0,53981
2025-04-30 09:52:00+05:30,736.4000244140625,736.4000244140625,734.5,734.5,61803
2025-04-30 09:53:00+05:30,735.0,736.5,735.0,736.0,38997
2025-04-30 09:54:00+05:30,735.5999755859375,736.6500244140625,735.2000122070312,735.2000122070312,34748
2025-04-30 09:55:00+05:30,735.0,735.9500122070312,735.0,735.6500244140625,13522
2025-04-30 09:56:00+05:30,733.0499877929688,735.4000244140625,732.5,735.0,40626
2025-04-30 09:57:00+05:30,732.5499877929688,733.25,732.25,733.25,40604
2025-04-30 09:58:00+05:30,734.8499755859375,734.8499755859375,732.2000122070312,732.2000122070312,32089
2025-04-30 09:59:00+05:30,733.5,734.9000244140625,733.5,734.7999877929688,11419
2025-04-30 10:00:00+05:30,733.5,734.5999755859375,733.0499877929688,733.9000244140625,17797
2025-04-30 10:01:00+05:30,734.0499877929688,734.2999877929688,733.25,733.5,18658
2025-04-30 10:02:00+05:30,734.0999755859375,734.4500122070312,733.6500244140625,734.0499877929688,27124
2025-04-30 10:03:00+05:30,733.7000122070312,734.2000122070312,733.7000122070312,734.2000122070312,15116
2025-04-30 10:04:00+05:30,733.5,733.75,733.25,733.5999755859375,21565
2025-04-30 10:05:00+05:30,733.0999755859375,733.4500122070312,733.0999755859375,733.1500244140625,8429
2025-04-30 10:06:00+05:30,734.25,734.4000244140625,733.1500244140625,733.1500244140625,16234
2025-04-30 10:07:00+05:30,732.5999755859375,734.7999877929688,732.5999755859375,734.25,15495
2025-04-30 10:08:00+05:30,732.6500244140625,733.0,732.4000244140625,733.0,11459
2025-04-30 10:09:00+05:30,732.5,732.7999877929688,732.2000122070312,732.7999877929688,6917
2025-04-30 10:10:00+05:30,731.5499877929688,732.9000244140625,731.5,732.7000122070312,23357
2025-04-30 10:11:00+05:30,730.6500244140625,731.5499877929688,730.5499877929688,731.5499877929688,15340
2025-04-30 10:12:00+05:30,731.0999755859375,731.5,730.6500244140625,730.6500244140625,12610
2025-04-30 10:13:00+05:30,732.2999877929688,732.5,730.7999877929688,731.25,21762
2025-04-30 10:14:00+05:30,733.6500244140625,734.0,732.2000122070312,732.2000122070312,13157
2025-04-30 10:15:00+05:30,733.2999877929688,734.4500122070312,733.0,733.5999755859375,25702
2025-04-30 10:16:00+05:30,733.2999877929688,733.7000122070312,732.0,733.2999877929688,6783
2025-04-30 10:17:00+05:30,732.9000244140625,734.0,732.5499877929688,733.0,31025
2025-04-30 10:18:00+05:30,732.5499877929688,733.2000122070312,732.2000122070312,733.0,4210
2025-04-30 10:19:00+05:30,733.5,733.7000122070312,732.2000122070312,732.2000122070312,8638
2025-04-30 10:20:00+05:30,733.0,733.9000244140625,733.0,733.2000122070312,6257
2025-04-30 10:21:00+05:30,732.8499755859375,733.2999877929688,732.5999755859375,733.25,6361
2025-04-30 10:22:00+05:30,733.0499877929688,733.5,732.4500122070312,732.8499755859375,18367
2025-04-30 10:23:00+05:30,732.4000244140625,733.2999877929688,732.0499877929688,732.9500122070312,20744
2025-04-30 10:24:00+05:30,732.75,733.3499755859375,732.2999877929688,732.6500244140625,13903
2025-04-30 10:25:00+05:30,732.7000122070312,732.7999877929688,732.2000122070312,732.75,3601
2025-04-30 10:26:00+05:30,732.0499877929688,732.9000244140625,732.0499877929688,732.4000244140625,21304
2025-04-30 10:27:00+05:30,732.1500244140625,732.7999877929688,732.0499877929688,732.0499877929688,12488
2025-04-30 10:28:00+05:30,732.1500244140625,732.3499755859375,731.9500122070312,732.1500244140625,13760
2025-04-30 10:29:00+05:30,731.9500122070312,732.25,731.5999755859375,732.25,5809
2025-04-30 10:30:00+05:30,732.0999755859375,732.4000244140625,731.9000244140625,731.9000244140625,8361
2025-04-30 10:31:00+05:30,732.0,732.4000244140625,732.0,732.0999755859375,12220
2025-04-30 10:32:00+05:30,732.0999755859375,732.2000122070312,731.9000244140625,732.2000122070312,11563
2025-04-30 10:33:00+05:30,732.4500122070312,732.5,732.0999755859375,732.0999755859375,3655
2025-04-30 10:34:00+05:30,732.3499755859375,732.7000122070312,732.2999877929688,732.4500122070312,4358
2025-04-30 10:35:00+05:30,732.7999877929688,732.7999877929688,732.3499755859375,732.7000122070312,10122
2025-04-30 10:36:00+05:30,732.9500122070312,733.4000244140625,732.7999877929688,732.8499755859375,10739
2025-04-30 10:37:00+05:30,733.4500122070312,733.5,733.0499877929688,733.1500244140625,6363
2025-04-30 10:38:00+05:30,733.25,733.4500122070312,733.0999755859375,733.4500122070312,4505
2025-04-30 10:39:00+05:30,733.2000122070312,733.2999877929688,733.0,733.25,3828
2025-04-30 10:40:00+05:30,733.9500122070312,734.0,733.2999877929688,733.5,8338
2025-04-30 10:41:00+05:30,734.0,734.4000244140625,733.3499755859375,733.9000244140625,29940
2025-04-30 10:42:00+05:30,734.0,734.2999877929688,733.75,734.0,15608
2025-04-30 10:43:00+05:30,733.9000244140625,734.1500244140625,733.75,733.9500122070312,13233
2025-04-30 10:44:00+05:30,734.3499755859375,734.5,733.9000244140625,733.9000244140625,15281
2025-04-30 10:45:00+05:30,734.0,734.75,733.9000244140625,734.2999877929688,67553
2025-04-30 10:46:00+05:30,733.6500244140625,734.0,733.5499877929688,734.0,4920
2025-04-30 10:47:00+05:30,733.9500122070312,734.0,733.5999755859375,734.0,7434
2025-04-30 10:48:00+05:30,732.8499755859375,733.8499755859375,732.8499755859375,733.8499755859375,6115
2025-04-30 10:49:00+05:30,732.5499877929688,733.2999877929688,732.5499877929688,732.8499755859375,16650
2025-04-30 10:50:00+05:30,732.7999877929688,733.25,732.5499877929688,732.5999755859375,13920
2025-04-30 10:51:00+05:30,732.9000244140625,733.0999755859375,732.5499877929688,732.7000122070312,6575
2025-04-30 10:52:00+05:30,733.0,733.2999877929688,732.9500122070312,733.25,7598
2025-04-30 10:53:00+05:30,732.5999755859375,733.5,732.5499877929688,733.5,10840
2025-04-30 10:54:00+05:30,732.9000244140625,733.0999755859375,732.75,732.9000244140625,9708
2025-04-30 10:55:00+05:30,733.2000122070312,733.2000122070312,732.9000244140625,732.9000244140625,11182
2025-04-30 10:56:00+05:30,733.5,733.5,733.3499755859375,733.4500122070312,2307
2025-04-30 10:57:00+05:30,732.9500122070312,733.4500122070312,732.9500122070312,733.3499755859375,10656
2025-04-30 10:58:00+05:30,732.9500122070312,733.2000122070312,732.5999755859375,733.0,3041
2025-04-30 10:59:00+05:30,732.4500122070312,732.8499755859375,732.4500122070312,732.8499755859375,11596
2025-04-30 11:00:00+05:30,733.25,733.4000244140625,732.1500244140625,732.4500122070312,10728
2025-04-30 11:01:00+05:30,733.2999877929688,733.4500122070312,733.0999755859375,733.4500122070312,3167
2025-04-30 11:02:00+05:30,733.75,733.8499755859375,733.2999877929688,733.2999877929688,4145
2025-04-30 11:03:00+05:30,735.0999755859375,735.0999755859375,734.0999755859375,734.0999755859375,31978
2025-04-30 11:04:00+05:30,736.5499877929688,737.0,735.2999877929688,735.2999877929688,65628
2025-04-30 11:05:00+05:30,735.9000244140625,737.25,735.9000244140625,736.5999755859375,40847
2025-04-30 11:06:00+05:30,736.2000122070312,736.5,736.0,736.2000122070312,10745
2025-04-30 11:07:00+05:30,736.4000244140625,736.5,736.0,736.2000122070312,15308
2025-04-30 11:08:00+05:30,736.4000244140625,736.4000244140625,736.0999755859375,736.3499755859375,5898
2025-04-30 11:09:00+05:30,736.1500244140625,736.4000244140625,736.1500244140625,736.1500244140625,6687
2025-04-30 11:10:00+05:30,736.3499755859375,736.3499755859375,736.0499877929688,736.0999755859375,12594
2025-04-30 11:11:00+05:30,735.5499877929688,736.0499877929688,734.7000122070312,736.0499877929688,25399
2025-04-30 11:12:00+05:30,735.4000244140625,735.9000244140625,735.0499877929688,735.5999755859375,10225
2025-04-30 11:13:00+05:30,735.5499877929688,735.7999877929688,735.2000122070312,735.3499755859375,13373
2025-04-30 11:14:00+05:30,734.7000122070312,735.75,734.5999755859375,735.4500122070312,9012
2025-04-30 11:15:00+05:30,735.1500244140625,735.5499877929688,734.5999755859375,734.9000244140625,6397
2025-04-30 11:16:00+05:30,735.5999755859375,735.9500122070312,735.0499877929688,735.0499877929688,10644
2025-04-30 11:17:00+05:30,734.6500244140625,736.0,734.6500244140625,736.0,11977
2025-04-30 11:18:00+05:30,735.0999755859375,735.4000244140625,734.5999755859375,734.5999755859375,21366
2025-04-30 11:19:00+05:30,734.6500244140625,735.2999877929688,734.4000244140625,735.0499877929688,7768
2025-04-30 11:20:00+05:30,733.5999755859375,734.6500244140625,733.1500244140625,734.5999755859375,30887
2025-04-30 11:21:00+05:30,733.5999755859375,733.9500122070312,733.1500244140625,733.5499877929688,11102
2025-04-30 11:22:00+05:30,732.9000244140625,733.8499755859375,732.4000244140625,733.4000244140625,26145
2025-04-30 11:23:00+05:30,733.2999877929688,733.2999877929688,732.5499877929688,732.9000244140625,13735
2025-04-30 11:24:00+05:30,733.3499755859375,733.5499877929688,733.0,733.2999877929688,5860
2025-04-30 11:25:00+05:30,733.2000122070312,733.8499755859375,732.9000244140625,733.4000244140625,5534
2025-04-30 11:26:00+05:30,732.2000122070312,733.2999877929688,732.2000122070312,733.0499877929688,8131
2025-04-30 11:27:00+05:30,732.6500244140625,732.9500122070312,732.0,732.25,7624
2025-04-30 11:28:00+05:30,732.9000244140625,733.0,732.5,732.6500244140625,5082
2025-04-30 11:29:00+05:30,733.4500122070312,733.4500122070312,732.9500122070312,732.9500122070312,4130
2025-04-30 11:30:00+05:30,733.1500244140625,733.7000122070312,732.9000244140625,733.4500122070312,4582
2025-04-30 11:31:00+05:30,732.9000244140625,733.3499755859375,732.75,733.3499755859375,4307
2025-04-30 11:32:00+05:30,732.9500122070312,733.5999755859375,732.6500244140625,733.0,9301
2025-04-30 11:33:00+05:30,732.25,732.75,732.0499877929688,732.5999755859375,7205
2025-04-30 11:34:00+05:30,732.6500244140625,733.25,732.2000122070312,732.2000122070312,12690
2025-04-30 11:35:00+05:30,733.0,733.0,732.5,732.7999877929688,1326
2025-04-30 11:36:00+05:30,733.25,733.4000244140625,732.7000122070312,733.0,5753
2025-04-30 11:37:00+05:30,733.8499755859375,734.0,732.8499755859375,733.4500122070312,10225
2025-04-30 11:38:00+05:30,733.5,733.9000244140625,733.2000122070312,733.9000244140625,2633
2025-04-30 11:39:00+05:30,733.6500244140625,733.7000122070312,733.25,733.4500122070312,1478
2025-04-30 11:40:00+05:30,733.8499755859375,734.2000122070312,733.7000122070312,733.7000122070312,3276
2025-04-30 11:41:00+05:30,733.5499877929688,734.5999755859375,733.25,734.1500244140625,11081
2025-04-30 11:42:00+05:30,734.7999877929688,734.9000244140625,733.5499877929688,733.7000122070312,2544
2025-04-30 11:43:00+05:30,735.25,735.25,734.5999755859375,734.7999877929688,30338
2025-04-30 11:44:00+05:30,735.0499877929688,735.25,734.9000244140625,734.9000244140625,22160
2025-04-30 11:45:00+05:30,735.25,735.4000244140625,735.0,735.25,21872
2025-04-30 11:46:00+05:30,735.0499877929688,735.25,735.0,735.25,22508
2025-04-30 11:47:00+05:30,735.2000122070312,735.25,735.0499877929688,735.0499877929688,7637
2025-04-30 11:48:00+05:30,735.0999755859375,735.25,735.0999755859375,735.0999755859375,16933
2025-04-30 11:49:00+05:30,735.2000122070312,735.25,735.0999755859375,735.25,15886
2025-04-30 11:50:00+05:30,735.25,735.5,735.0999755859375,735.25,9000
2025-04-30 11:51:00+05:30,735.2000122070312,735.25,735.0999755859375,735.2000122070312,16366
2025-04-30 11:52:00+05:30,735.1500244140625,735.25,735.0499877929688,735.2000122070312,21087
2025-04-30 11:53:00+05:30,735.25,735.25,735.0499877929688,735.0499877929688,5815
2025-04-30 11:54:00+05:30,735.25,735.25,735.0999755859375,735.25,9345
2025-04-30 11:55:00+05:30,735.2000122070312,735.25,735.0999755859375,735.25,7660
2025-04-30 11:56:00+05:30,735.25,735.25,735.0999755859375,735.25,7792
2025-04-30 11:57:00+05:30,735.25,735.25,735.0999755859375,735.1500244140625,9033
2025-04-30 11:58:00+05:30,735.2000122070312,735.4500122070312,735.0999755859375,735.0999755859375,11162
2025-04-30 11:59:00+05:30,735.8499755859375,735.8499755859375,735.2000122070312,735.25,14140
2025-04-30 12:00:00+05:30,736.2999877929688,736.5499877929688,735.7000122070312,736.2000122070312,20270
2025-04-30 12:01:00+05:30,737.1500244140625,737.1500244140625,736.2000122070312,736.25,62312
2025-04-30 12:02:00+05:30,737.0999755859375,737.5,736.9500122070312,737.2000122070312,19123
2025-04-30 12:03:00+05:30,737.25,737.3499755859375,737.0,737.0999755859375,46257
2025-04-30 12:04:00+05:30,737.8499755859375,737.8499755859375,737.0,737.2999877929688,17040
2025-04-30 12:05:00+05:30,737.7000122070312,737.75,737.4500122070312,737.5499877929688,9156
2025-04-30 12:06:00+05:30,737.0,738.0,737.0,737.75,45898
2025-04-30 12:07:00+05:30,737.1500244140625,737.5,737.0,737.4500122070312,29353
2025-04-30 12:08:00+05:30,737.5999755859375,737.75,737.1500244140625,737.2000122070312,7316
2025-04-30 12:09:00+05:30,737.4000244140625,737.5999755859375,737.0,737.5999755859375,11471
2025-04-30 12:10:00+05:30,737.0,737.4500122070312,736.7999877929688,737.4500122070312,19853
2025-04-30 12:11:00+05:30,737.2000122070312,737.3499755859375,737.0,737.1500244140625,4816
2025-04-30 12:12:00+05:30,737.2999877929688,737.4500122070312,737.1500244140625,737.2000122070312,4910
2025-04-30 12:13:00+05:30,737.5,737.7999877929688,737.4000244140625,737.4500122070312,29888
2025-04-30 12:14:00+05:30,737.9000244140625,738.1500244140625,737.5,737.9500122070312,14162
2025-04-30 12:15:00+05:30,738.4000244140625,738.4500122070312,737.6500244140625,737.6500244140625,8651
2025-04-30 12:16:00+05:30,738.5,738.8499755859375,738.0,738.4500122070312,52817
2025-04-30 12:17:00+05:30,738.5,738.8499755859375,738.4500122070312,738.5,28552
2025-04-30 12:18:00+05:30,739.1500244140625,739.5999755859375,739.0,739.0,55623
2025-04-30 12:19:00+05:30,739.0999755859375,739.3499755859375,739.0,739.1500244140625,20020
2025-04-30 12:20:00+05:30,739.1500244140625,739.25,739.0999755859375,739.1500244140625,17484
2025-04-30 12:21:00+05:30,739.1500244140625,739.5,739.0999755859375,739.0999755859375,11834
2025-04-30 12:22:00+05:30,739.0,739.2999877929688,739.0,739.2999877929688,43767
2025-04-30 12:23:00+05:30,739.0,739.1500244140625,738.7000122070312,739.1500244140625,48243
2025-04-30 12:24:00+05:30,739.2999877929688,739.3499755859375,738.8499755859375,739.0499877929688,12478
2025-04-30 12:25:00+05:30,739.0,739.4500122070312,739.0,739.2999877929688,9520
2025-04-30 12:26:00+05:30,739.25,739.2999877929688,739.0,739.0,7662
2025-04-30 12:27:00+05:30,739.1500244140625,739.4500122070312,739.0,739.25,15416
2025-04-30 12:28:00+05:30,739.0,739.2999877929688,739.0,739.1500244140625,28606
2025-04-30 12:29:00+05:30,737.2999877929688,739.0999755859375,737.25,739.0,39774
2025-04-30 12:30:00+05:30,737.7999877929688,737.9000244140625,737.25,737.2999877929688,12002
2025-04-30 12:31:00+05:30,737.8499755859375,737.9500122070312,737.5,737.8499755859375,7508
2025-04-30 12:32:00+05:30,738.25,738.3499755859375,737.5499877929688,737.8499755859375,10934
2025-04-30 12:33:00+05:30,738.7000122070312,738.7000122070312,738.0999755859375,738.2999877929688,10157
2025-04-30 12:34:00+05:30,738.2999877929688,738.7999877929688,738.2000122070312,738.5999755859375,6640
2025-04-30 12:35:00+05:30,738.0,738.2999877929688,738.0,738.1500244140625,9404
2025-04-30 12:36:00+05:30,738.4000244140625,738.4500122070312,738.0,738.0,3948
2025-04-30 12:37:00+05:30,738.2000122070312,738.4000244140625,738.1500244140625,738.1500244140625,4656
2025-04-30 12:38:00+05:30,738.2000122070312,738.3499755859375,738.1500244140625,738.2999877929688,6207
2025-04-30 12:39:00+05:30,737.4500122070312,738.4000244140625,737.2000122070312,738.2000122070312,6479
2025-04-30 12:40:00+05:30,737.4000244140625,737.5499877929688,737.0,737.25,12244
2025-04-30 12:41:00+05:30,737.5499877929688,737.9500122070312,737.25,737.4500122070312,2732
2025-04-30 12:42:00+05:30,737.3499755859375,737.6500244140625,737.0,737.5499877929688,5370
2025-04-30 12:43:00+05:30,737.3499755859375,737.75,737.0499877929688,737.75,4169
2025-04-30 12:44:00+05:30,737.25,737.5,737.0,737.3499755859375,7675
2025-04-30 12:45:00+05:30,737.6500244140625,737.7000122070312,737.0499877929688,737.4500122070312,3679
2025-04-30 12:46:00+05:30,737.9000244140625,738.0,737.3499755859375,737.6500244140625,4807
2025-04-30 12:47:00+05:30,737.9500122070312,737.9500122070312,737.7000122070312,737.9500122070312,2820
2025-04-30 12:48:00+05:30,737.9000244140625,737.9500122070312,737.5,737.9500122070312,2711
2025-04-30 12:49:00+05:30,737.5999755859375,737.9500122070312,737.5999755859375,737.9500122070312,2177
2025-04-30 12:50:00+05:30,737.7000122070312,737.8499755859375,737.5499877929688,737.7000122070312,4670
2025-04-30 12:51:00+05:30,737.6500244140625,737.7999877929688,737.5499877929688,737.75,3511
2025-04-30 12:52:00+05:30,737.8499755859375,737.8499755859375,737.5,737.5499877929688,7403
2025-04-30 12:53:00+05:30,737.5999755859375,737.8499755859375,737.5999755859375,737.7999877929688,2669
2025-04-30 12:54:00+05:30,737.7999877929688,737.7999877929688,737.5499877929688,737.5999755859375,3708
2025-04-30 12:55:00+05:30,738.25,738.3499755859375,737.7999877929688,737.8499755859375,11414
2025-04-30 12:56:00+05:30,738.6500244140625,738.7999877929688,738.25,738.5,11238
2025-04-30 12:57:00+05:30,738.0499877929688,738.5999755859375,738.0,738.5,5565
2025-04-30 12:58:00+05:30,738.25,738.4000244140625,738.0499877929688,738.1500244140625,3168
2025-04-30 12:59:00+05:30,737.5499877929688,738.25,737.3499755859375,738.25,16339
2025-04-30 13:00:00+05:30,737.4000244140625,737.5999755859375,737.1500244140625,737.2999877929688,8183
2025-04-30 13:01:00+05:30,737.4500122070312,737.5999755859375,737.0,737.4000244140625,2848
2025-04-30 13:02:00+05:30,737.7999877929688,738.0,737.25,737.25,4717
2025-04-30 13:03:00+05:30,738.0,738.0,737.6500244140625,737.7999877929688,3811
2025-04-30 13:04:00+05:30,737.5999755859375,737.9500122070312,737.5499877929688,737.9500122070312,3454
2025-04-30 13:05:00+05:30,738.4000244140625,738.4000244140625,737.5999755859375,737.5999755859375,15466
2025-04-30 13:06:00+05:30,738.0,738.5499877929688,737.7999877929688,738.5,12726
2025-04-30 13:07:00+05:30,737.5499877929688,738.2999877929688,737.5499877929688,738.1500244140625,4152
2025-04-30 13:08:00+05:30,737.5499877929688,737.9500122070312,737.2999877929688,737.5999755859375,3911
2025-04-30 13:09:00+05:30,737.7999877929688,738.0,737.4000244140625,737.5,4826
2025-04-30 13:10:00+05:30,737.75,738.0,737.5,737.7999877929688,2259
2025-04-30 13:11:00+05:30,737.75,737.7999877929688,737.6500244140625,737.75,2901
2025-04-30 13:12:00+05:30,737.7999877929688,737.7999877929688,737.5499877929688,737.75,5989
2025-04-30 13:13:00+05:30,737.6500244140625,737.8499755859375,737.5,737.5,7372
2025-04-30 13:14:00+05:30,737.9500122070312,737.9500122070312,737.3499755859375,737.75,3587
2025-04-30 13:15:00+05:30,738.0,738.0,737.5499877929688,737.9500122070312,4683
2025-04-30 13:16:00+05:30,737.9500122070312,738.0,737.5,738.0,4718
2025-04-30 13:17:00+05:30,737.9500122070312,738.1500244140625,737.5999755859375,737.9500122070312,15038
2025-04-30 13:18:00+05:30,738.2999877929688,738.4000244140625,737.9500122070312,737.9500122070312,7389
2025-04-30 13:19:00+05:30,738.4000244140625,738.4000244140625,738.0,738.2999877929688,3532
2025-04-30 13:20:00+05:30,738.0999755859375,738.5,738.0999755859375,738.4000244140625,6813
2025-04-30 13:21:00+05:30,738.5,738.5,738.1500244140625,738.3499755859375,4156
2025-04-30 13:22:00+05:30,738.7000122070312,738.7000122070312,738.4000244140625,738.5,8319
2025-04-30 13:23:00+05:30,738.8499755859375,738.8499755859375,738.5,738.5999755859375,6613
2025-04-30 13:24:00+05:30,738.5,738.8499755859375,738.5,738.75,6224
2025-04-30 13:25:00+05:30,738.0,738.6500244140625,738.0,738.6500244140625,4629
2025-04-30 13:26:00+05:30,738.4000244140625,738.4500122070312,737.7999877929688,738.2999877929688,15929
2025-04-30 13:27:00+05:30,738.25,738.4000244140625,738.0,738.0999755859375,3172
2025-04-30 13:28:00+05:30,738.5,738.5499877929688,738.25,738.4000244140625,7199
2025-04-30 13:29:00+05:30,738.4000244140625,738.5,738.1500244140625,738.3499755859375,4182
2025-04-30 13:30:00+05:30,738.5,738.5999755859375,738.2999877929688,738.4000244140625,5770
2025-04-30 13:31:00+05:30,738.7999877929688,739.0,738.5499877929688,738.5499877929688,21836
2025-04-30 13:32:00+05:30,738.7999877929688,738.9000244140625,738.6500244140625,738.6500244140625,3286
2025-04-30 13:33:00+05:30,738.7999877929688,739.0999755859375,738.5499877929688,738.7999877929688,11271
2025-04-30 13:34:00+05:30,738.8499755859375,739.2999877929688,738.5999755859375,738.9500122070312,11485
2025-04-30 13:35:00+05:30,738.9500122070312,739.1500244140625,738.5499877929688,738.7999877929688,7383
2025-04-30 13:36:00+05:30,738.75,739.0,738.5999755859375,738.9500122070312,4283
2025-04-30 13:37:00+05:30,739.0999755859375,739.4000244140625,738.8499755859375,738.8499755859375,14889
2025-04-30 13:38:00+05:30,739.25,739.5,739.0999755859375,739.3499755859375,8728
2025-04-30 13:39:00+05:30,739.5499877929688,739.9000244140625,739.1500244140625,739.25,13763
2025-04-30 13:40:00+05:30,739.9500122070312,740.0,739.0,739.1500244140625,142732
2025-04-30 13:41:00+05:30,739.7000122070312,740.0499877929688,739.4500122070312,740.0499877929688,6807
2025-04-30 13:42:00+05:30,740.0999755859375,740.25,739.5999755859375,739.7000122070312,23467
2025-04-30 13:43:00+05:30,739.9000244140625,740.2000122070312,739.5499877929688,740.2000122070312,14529
2025-04-30 13:44:00+05:30,740.25,740.3499755859375,739.5499877929688,739.75,8718
2025-04-30 13:45:00+05:30,740.0499877929688,740.4000244140625,739.7999877929688,740.2000122070312,12629
2025-04-30 13:46:00+05:30,740.0,740.0499877929688,739.9000244140625,740.0499877929688,10504
2025-04-30 13:47:00+05:30,739.8499755859375,740.0,739.75,740.0,15063
2025-04-30 13:48:00+05:30,739.9500122070312,740.0,739.5999755859375,740.0,6493
2025-04-30 13:49:00+05:30,740.0,740.5,739.75,739.9500122070312,14837
2025-04-30 13:50:00+05:30,739.9000244140625,740.0499877929688,739.5999755859375,740.0,7379
2025-04-30 13:51:00+05:30,740.3499755859375,740.75,739.8499755859375,739.9000244140625,19719
2025-04-30 13:52:00+05:30,740.7999877929688,740.9000244140625,740.4000244140625,740.4000244140625,10527
2025-04-30 13:53:00+05:30,740.7000122070312,740.7999877929688,740.3499755859375,740.5,10088
2025-04-30 13:54:00+05:30,740.0499877929688,740.7999877929688,740.0499877929688,740.4000244140625,8535
2025-04-30 13:55:00+05:30,740.1500244140625,740.5,740.0499877929688,740.0499877929688,8101
2025-04-30 13:56:00+05:30,740.4500122070312,740.4500122070312,739.9500122070312,740.0,13474
2025-04-30 13:57:00+05:30,740.8499755859375,740.9500122070312,740.0999755859375,740.4000244140625,15758
2025-04-30 13:58:00+05:30,740.6500244140625,741.0,739.7999877929688,740.9500122070312,84125
2025-04-30 13:59:00+05:30,740.7999877929688,740.9000244140625,740.2999877929688,740.5999755859375,16117
2025-04-30 14:00:00+05:30,739.8499755859375,741.0,739.8499755859375,740.75,13175
2025-04-30 14:01:00+05:30,740.0999755859375,740.4000244140625,739.9500122070312,740.0999755859375,4625
2025-04-30 14:02:00+05:30,740.5,740.5,740.0999755859375,740.1500244140625,6686
2025-04-30 14:03:00+05:30,740.0,740.5,740.0,740.2000122070312,5382
2025-04-30 14:04:00+05:30,739.9500122070312,740.0999755859375,739.6500244140625,740.0,20534
2025-04-30 14:05:00+05:30,740.0,740.0999755859375,739.75,739.9500122070312,7222
2025-04-30 14:06:00+05:30,739.7000122070312,740.0,739.6500244140625,739.9000244140625,4216
2025-04-30 14:07:00+05:30,740.0999755859375,740.0999755859375,739.2999877929688,739.7000122070312,20215
2025-04-30 14:08:00+05:30,739.9000244140625,739.9500122070312,739.5499877929688,739.9500122070312,4465
2025-04-30 14:09:00+05:30,739.9000244140625,739.9500122070312,739.7999877929688,739.9000244140625,4422
2025-04-30 14:10:00+05:30,740.0,740.1500244140625,739.75,739.9000244140625,13092
2025-04-30 14:11:00+05:30,739.75,740.2000122070312,739.75,740.2000122070312,6278
2025-04-30 14:12:00+05:30,740.0,740.0,739.75,739.8499755859375,8658
2025-04-30 14:13:00+05:30,740.0999755859375,740.0999755859375,739.75,740.0,11438
2025-04-30 14:14:00+05:30,740.3499755859375,740.4000244140625,740.0999755859375,740.1500244140625,7776
2025-04-30 14:15:00+05:30,740.4000244140625,740.5,740.4000244140625,740.5,6293
2025-04-30 14:16:00+05:30,740.2999877929688,740.4500122070312,740.0,740.4500122070312,9845
2025-04-30 14:17:00+05:30,740.3499755859375,740.3499755859375,740.0499877929688,740.2999877929688,4070
2025-04-30 14:18:00+05:30,740.0999755859375,740.5999755859375,740.0,740.4500122070312,9226
2025-04-30 14:19:00+05:30,740.0999755859375,740.0999755859375,739.4000244140625,740.0,34596
2025-04-30 14:20:00+05:30,740.2999877929688,740.5999755859375,740.0,740.0,11939
2025-04-30 14:21:00+05:30,740.1500244140625,740.4500122070312,740.0,740.25,11523
2025-04-30 14:22:00+05:30,739.75,740.2999877929688,739.75,740.1500244140625,6914
2025-04-30 14:23:00+05:30,739.9000244140625,740.0,739.9000244140625,739.9000244140625,6890
2025-04-30 14:24:00+05:30,740.4000244140625,740.4500122070312,739.9000244140625,740.0,8960
2025-04-30 14:25:00+05:30,740.2000122070312,740.4500122070312,740.0499877929688,740.4500122070312,8534
2025-04-30 14:26:00+05:30,739.8499755859375,740.0999755859375,739.7999877929688,740.0,12003
2025-04-30 14:27:00+05:30,740.0999755859375,740.25,739.8499755859375,739.8499755859375,11362
2025-04-30 14:28:00+05:30,740.0,740.0999755859375,740.0,740.0499877929688,5807
2025-04-30 14:29:00+05:30,739.7000122070312,740.0999755859375,739.7000122070312,740.0499877929688,8033
2025-04-30 14:30:00+05:30,740.0999755859375,740.0999755859375,739.5,739.5999755859375,16033
2025-04-30 14:31:00+05:30,739.8499755859375,740.0499877929688,739.5499877929688,740.0499877929688,9795
2025-04-30 14:32:00+05:30,739.7999877929688,739.7999877929688,739.2999877929688,739.7000122070312,15122
2025-04-30 14:33:00+05:30,739.9500122070312,739.9500122070312,739.5,739.8499755859375,21689
2025-04-30 14:34:00+05:30,739.9000244140625,740.0,739.5499877929688,739.9500122070312,23108
2025-04-30 14:35:00+05:30,740.5499877929688,740.5499877929688,739.9000244140625,739.9000244140625,18530
2025-04-30 14:36:00+05:30,740.5499877929688,740.5499877929688,740.4000244140625,740.4000244140625,11373
2025-04-30 14:37:00+05:30,741.0,741.0,740.4000244140625,740.5,13172
2025-04-30 14:38:00+05:30,740.7999877929688,741.0,740.6500244140625,741.0,11645
2025-04-30 14:39:00+05:30,741.4000244140625,741.4000244140625,740.7999877929688,740.7999877929688,31154
2025-04-30 14:40:00+05:30,740.9000244140625,741.5,740.7999877929688,741.4500122070312,14510
2025-04-30 14:41:00+05:30,740.5499877929688,740.9000244140625,740.2000122070312,740.9000244140625,10174
2025-04-30 14:42:00+05:30,740.0999755859375,740.6500244140625,740.0999755859375,740.5999755859375,8384
2025-04-30 14:43:00+05:30,739.8499755859375,740.0499877929688,739.75,740.0499877929688,12636
2025-04-30 14:44:00+05:30,740.2000122070312,740.4000244140625,739.7999877929688,739.7999877929688,9726
2025-04-30 14:45:00+05:30,740.4000244140625,740.4000244140625,740.2000122070312,740.4000244140625,2971
2025-04-30 14:46:00+05:30,740.0499877929688,740.4500122070312,740.0,740.4500122070312,19259
2025-04-30 14:47:00+05:30,740.2999877929688,740.2999877929688,739.7000122070312,740.1500244140625,40289
2025-04-30 14:48:00+05:30,740.25,740.25,740.0,740.25,11734
2025-04-30 14:49:00+05:30,740.1500244140625,740.2000122070312,740.0999755859375,740.0999755859375,7657
2025-04-30 14:50:00+05:30,740.4500122070312,740.4500122070312,740.0,740.0499877929688,10153
2025-04-30 14:51:00+05:30,740.4500122070312,740.5,740.1500244140625,740.1500244140625,8090
2025-04-30 14:52:00+05:30,740.0499877929688,740.3499755859375,740.0499877929688,740.1500244140625,6914
2025-04-30 14:53:00+05:30,740.2999877929688,740.2999877929688,740.0499877929688,740.2000122070312,13617
2025-04-30 14:54:00+05:30,740.0499877929688,740.3499755859375,740.0499877929688,740.3499755859375,6648
2025-04-30 14:55:00+05:30,740.0,740.0999755859375,740.0,740.0499877929688,15849
2025-04-30 14:56:00+05:30,740.0499877929688,740.0499877929688,740.0,740.0,25452
2025-04-30 14:57:00+05:30,740.4500122070312,740.5,740.0499877929688,740.0499877929688,25414
2025-04-30 14:58:00+05:30,741.2999877929688,742.2999877929688,740.4000244140625,740.4000244140625,102722
2025-04-30 14:59:00+05:30,740.6500244140625,741.0,740.3499755859375,740.9000244140625,14279
2025-04-30 15:00:00+05:30,740.0999755859375,741.2000122070312,740.0,740.5,71851
2025-04-30 15:01:00+05:30,740.0499877929688,740.0999755859375,740.0,740.0999755859375,48797
2025-04-30 15:02:00+05:30,740.0,740.0499877929688,740.0,740.0,60741
2025-04-30 15:03:00+05:30,742.0,742.0,740.0499877929688,740.0499877929688,79023
2025-04-30 15:04:00+05:30,742.5499877929688,742.9500122070312,741.4500122070312,741.75,114447
2025-04-30 15:05:00+05:30,743.0,743.5,742.3499755859375,742.5999755859375,202168
2025-04-30 15:06:00+05:30,743.0,743.0499877929688,742.9000244140625,743.0,118799
2025-04-30 15:07:00+05:30,743.0,743.0499877929688,742.9000244140625,743.0,182944
2025-04-30 15:08:00+05:30,743.0499877929688,743.2000122070312,742.6500244140625,742.9500122070312,98304
2025-04-30 15:09:00+05:30,743.0499877929688,743.2000122070312,743.0,743.0,150687
2025-04-30 15:10:00+05:30,743.0499877929688,743.0499877929688,743.0,743.0,60380
2025-04-30 15:11:00+05:30,743.0,743.0499877929688,743.0,743.0499877929688,64326
2025-04-30 15:12:00+05:30,743.4500122070312,743.4500122070312,743.0,743.0,98463
2025-04-30 15:13:00+05:30,745.0,745.0,743.2999877929688,743.2999877929688,161022
2025-04-30 15:14:00+05:30,744.5,745.0,744.4000244140625,745.0,129296
2025-04-30 15:15:00+05:30,744.4500122070312,744.9500122070312,744.0499877929688,744.4500122070312,114108
2025-04-30 15:16:00+05:30,743.25,744.4500122070312,743.25,744.4500122070312,157695
2025-04-30 15:17:00+05:30,745.2999877929688,745.2999877929688,743.1500244140625,743.2000122070312,142250
2025-04-30 15:18:00+05:30,745.0,745.5499877929688,744.9000244140625,745.2999877929688,173431
2025-04-30 15:19:00+05:30,745.1500244140625,745.3499755859375,745.0,745.0,136227
2025-04-30 15:20:00+05:30,745.0499877929688,745.2000122070312,745.0,745.0499877929688,100244
2025-04-30 15:21:00+05:30,745.0499877929688,745.0999755859375,745.0,745.0499877929688,105356
2025-04-30 15:22:00+05:30,744.5,745.0,744.5,745.0,114127
2025-04-30 15:23:00+05:30,744.5999755859375,744.6500244140625,744.4500122070312,744.5499877929688,74200
2025-04-30 15:24:00+05:30,744.0,744.5999755859375,743.9500122070312,744.5999755859375,108667
2025-04-30 15:25:00+05:30,743.0,744.0,743.0,744.0,71213
2025-04-30 15:26:00+05:30,742.5999755859375,743.0499877929688,742.5499877929688,743.0499877929688,95628
2025-04-30 15:27:00+05:30,743.9500122070312,743.9500122070312,742.5999755859375,742.6500244140625,80498
2025-04-30 15:28:00+05:30,745.0999755859375,745.6500244140625,744.4500122070312,744.4500122070312,204856
2025-04-30 15:29:00+05:30,743.7000122070312,745.4000244140625,741.2000122070312,745.0499877929688,107879
