Datetime,Close,High,Low,Open,Volume
2025-04-08 09:15:00+05:30,2583.949951171875,2589.89990234375,2575.64990234375,2589.89990234375,0
2025-04-08 09:16:00+05:30,2563.050048828125,2582.550048828125,2556.0,2582.550048828125,3076
2025-04-08 09:17:00+05:30,2560.699951171875,2564.300048828125,2558.050048828125,2564.300048828125,745
2025-04-08 09:18:00+05:30,2561.5,2570.449951171875,2561.5,2567.60009765625,783
2025-04-08 09:19:00+05:30,2561.5,2568.10009765625,2561.5,2562.0,1313
2025-04-08 09:20:00+05:30,2560.5,2563.699951171875,2560.0,2563.39990234375,588
2025-04-08 09:21:00+05:30,2553.10009765625,2564.199951171875,2553.10009765625,2563.300048828125,1119
2025-04-08 09:22:00+05:30,2563.0,2563.0,2553.10009765625,2558.10009765625,399
2025-04-08 09:23:00+05:30,2563.0,2569.0,2560.39990234375,2560.39990234375,1484
2025-04-08 09:24:00+05:30,2553.199951171875,2563.25,2553.199951171875,2561.0,531
2025-04-08 09:25:00+05:30,2562.0,2562.0,2553.35009765625,2556.800048828125,86
2025-04-08 09:26:00+05:30,2559.60009765625,2563.199951171875,2557.60009765625,2563.199951171875,169
2025-04-08 09:27:00+05:30,2564.949951171875,2565.14990234375,2560.199951171875,2565.14990234375,433
2025-04-08 09:28:00+05:30,2563.699951171875,2566.449951171875,2563.14990234375,2563.14990234375,199
2025-04-08 09:29:00+05:30,2572.0,2573.14990234375,2567.25,2567.25,642
2025-04-08 09:30:00+05:30,2561.300048828125,2570.800048828125,2560.0,2570.800048828125,0
2025-04-08 09:31:00+05:30,2560.0,2566.949951171875,2560.0,2565.5,258
2025-04-08 09:32:00+05:30,2565.949951171875,2566.25,2562.949951171875,2563.5,208
2025-04-08 09:33:00+05:30,2559.75,2565.949951171875,2559.75,2565.949951171875,26
2025-04-08 09:34:00+05:30,2556.0,2564.89990234375,2556.0,2561.85009765625,47
2025-04-08 09:35:00+05:30,2558.699951171875,2559.949951171875,2553.75,2556.10009765625,92
2025-04-08 09:36:00+05:30,2554.89990234375,2558.699951171875,2554.89990234375,2558.5,144
2025-04-08 09:37:00+05:30,2551.199951171875,2558.300048828125,2551.199951171875,2558.300048828125,121
2025-04-08 09:38:00+05:30,2551.300048828125,2551.75,2550.25,2551.0,930
2025-04-08 09:39:00+05:30,2547.199951171875,2551.75,2547.199951171875,2547.800048828125,106
2025-04-08 09:40:00+05:30,2544.199951171875,2546.949951171875,2541.14990234375,2546.949951171875,723
2025-04-08 09:41:00+05:30,2543.949951171875,2548.25,2541.35009765625,2541.35009765625,21
2025-04-08 09:42:00+05:30,2548.800048828125,2548.800048828125,2545.85009765625,2545.85009765625,16
2025-04-08 09:43:00+05:30,2548.800048828125,2548.800048828125,2547.60009765625,2547.60009765625,112
2025-04-08 09:44:00+05:30,2537.949951171875,2544.39990234375,2533.89990234375,2544.39990234375,1534
2025-04-08 09:45:00+05:30,2544.39990234375,2548.35009765625,2537.949951171875,2537.949951171875,74
2025-04-08 09:46:00+05:30,2547.60009765625,2547.60009765625,2543.10009765625,2543.10009765625,239
2025-04-08 09:47:00+05:30,2550.050048828125,2550.050048828125,2545.75,2548.0,441
2025-04-08 09:48:00+05:30,2545.89990234375,2550.699951171875,2544.050048828125,2550.699951171875,103
2025-04-08 09:49:00+05:30,2551.0,2554.25,2551.0,2553.0,518
2025-04-08 09:50:00+05:30,2554.39990234375,2554.5,2551.35009765625,2551.35009765625,65
2025-04-08 09:51:00+05:30,2559.949951171875,2559.949951171875,2554.85009765625,2554.85009765625,128
2025-04-08 09:52:00+05:30,2554.449951171875,2558.449951171875,2553.60009765625,2557.75,13
2025-04-08 09:53:00+05:30,2556.0,2556.14990234375,2552.25,2552.25,160
2025-04-08 09:54:00+05:30,2563.35009765625,2563.35009765625,2560.64990234375,2560.64990234375,178
2025-04-08 09:55:00+05:30,2561.25,2563.300048828125,2557.0,2563.300048828125,61
2025-04-08 09:56:00+05:30,2553.699951171875,2558.64990234375,2553.699951171875,2558.64990234375,64
2025-04-08 09:57:00+05:30,2553.550048828125,2553.550048828125,2551.25,2551.25,209
2025-04-08 09:58:00+05:30,2558.39990234375,2558.39990234375,2556.199951171875,2556.199951171875,33
2025-04-08 09:59:00+05:30,2554.5,2558.39990234375,2554.5,2558.39990234375,6
2025-04-08 10:00:00+05:30,2553.75,2553.75,2553.75,2553.75,15
2025-04-08 10:01:00+05:30,2555.60009765625,2557.85009765625,2552.64990234375,2555.0,81
2025-04-08 10:02:00+05:30,2552.050048828125,2552.699951171875,2551.25,2552.699951171875,75
2025-04-08 10:03:00+05:30,2552.14990234375,2555.199951171875,2552.14990234375,2555.199951171875,55
2025-04-08 10:04:00+05:30,2551.39990234375,2552.050048828125,2551.39990234375,2552.050048828125,61
2025-04-08 10:05:00+05:30,2550.800048828125,2554.449951171875,2550.800048828125,2554.449951171875,241
2025-04-08 10:06:00+05:30,2550.800048828125,2550.800048828125,2550.800048828125,2550.800048828125,0
2025-04-08 10:07:00+05:30,2543.300048828125,2549.14990234375,2540.800048828125,2549.14990234375,448
2025-04-08 10:08:00+05:30,2540.699951171875,2545.199951171875,2540.64990234375,2545.199951171875,86
2025-04-08 10:09:00+05:30,2542.0,2542.89990234375,2542.0,2542.85009765625,15
2025-04-08 10:10:00+05:30,2540.14990234375,2542.0,2540.14990234375,2542.0,117
2025-04-08 10:11:00+05:30,2542.75,2542.75,2540.14990234375,2540.14990234375,139
2025-04-08 10:12:00+05:30,2540.699951171875,2540.699951171875,2540.699951171875,2540.699951171875,8
2025-04-08 10:13:00+05:30,2543.89990234375,2543.89990234375,2541.0,2541.0,8
2025-04-08 10:14:00+05:30,2545.699951171875,2546.300048828125,2545.699951171875,2546.300048828125,13
2025-04-08 10:15:00+05:30,2548.64990234375,2551.949951171875,2547.14990234375,2547.14990234375,153
2025-04-08 10:16:00+05:30,2550.550048828125,2556.10009765625,2550.550048828125,2552.89990234375,271
2025-04-08 10:17:00+05:30,2547.0,2550.550048828125,2547.0,2550.550048828125,23
2025-04-08 10:18:00+05:30,2545.0,2545.0,2545.0,2545.0,8
2025-04-08 10:19:00+05:30,2541.35009765625,2541.35009765625,2541.0,2541.0,314
2025-04-08 10:20:00+05:30,2540.39990234375,2540.449951171875,2540.35009765625,2540.449951171875,349
2025-04-08 10:21:00+05:30,2543.64990234375,2543.64990234375,2542.5,2542.5,13
2025-04-08 10:22:00+05:30,2546.35009765625,2546.35009765625,2540.699951171875,2540.699951171875,103
2025-04-08 10:23:00+05:30,2544.85009765625,2544.85009765625,2544.0,2544.85009765625,27
2025-04-08 10:24:00+05:30,2544.050048828125,2546.25,2542.60009765625,2542.60009765625,24
2025-04-08 10:25:00+05:30,2541.300048828125,2544.050048828125,2541.300048828125,2544.050048828125,31
2025-04-08 10:26:00+05:30,2543.0,2543.0,2543.0,2543.0,3
2025-04-08 10:27:00+05:30,2547.35009765625,2547.39990234375,2544.050048828125,2544.050048828125,23
2025-04-08 10:28:00+05:30,2540.64990234375,2543.0,2540.64990234375,2543.0,55
2025-04-08 10:29:00+05:30,2549.25,2549.25,2544.300048828125,2544.300048828125,175
2025-04-08 10:30:00+05:30,2549.199951171875,2549.199951171875,2549.199951171875,2549.199951171875,66
2025-04-08 10:32:00+05:30,2543.39990234375,2544.75,2543.39990234375,2544.75,22
2025-04-08 10:33:00+05:30,2549.550048828125,2549.60009765625,2543.5,2543.5,246
2025-04-08 10:34:00+05:30,2541.25,2552.14990234375,2541.25,2551.300048828125,262
2025-04-08 10:35:00+05:30,2535.39990234375,2545.199951171875,2533.0,2541.35009765625,414
2025-04-08 10:36:00+05:30,2530.64990234375,2534.0,2527.699951171875,2534.0,56
2025-04-08 10:37:00+05:30,2528.300048828125,2529.60009765625,2528.300048828125,2529.60009765625,267
2025-04-08 10:38:00+05:30,2520.39990234375,2525.0,2520.39990234375,2525.0,233
2025-04-08 10:39:00+05:30,2521.75,2521.75,2520.39990234375,2520.39990234375,5
2025-04-08 10:40:00+05:30,2522.050048828125,2522.050048828125,2522.050048828125,2522.050048828125,20
2025-04-08 10:41:00+05:30,2525.5,2525.699951171875,2522.85009765625,2522.85009765625,36
2025-04-08 10:42:00+05:30,2521.300048828125,2523.199951171875,2521.300048828125,2523.199951171875,55
2025-04-08 10:43:00+05:30,2524.800048828125,2524.800048828125,2523.199951171875,2523.199951171875,10
2025-04-08 10:44:00+05:30,2526.60009765625,2526.60009765625,2526.60009765625,2526.60009765625,77
2025-04-08 10:45:00+05:30,2523.199951171875,2525.75,2522.10009765625,2525.75,32
2025-04-08 10:46:00+05:30,2518.699951171875,2523.75,2518.699951171875,2523.199951171875,164
2025-04-08 10:48:00+05:30,2517.10009765625,2517.10009765625,2516.050048828125,2516.050048828125,7
2025-04-08 10:49:00+05:30,2513.60009765625,2517.10009765625,2513.60009765625,2517.10009765625,174
2025-04-08 10:50:00+05:30,2516.800048828125,2518.699951171875,2516.800048828125,2518.0,63
2025-04-08 10:51:00+05:30,2521.199951171875,2521.199951171875,2519.449951171875,2519.449951171875,35
2025-04-08 10:52:00+05:30,2521.800048828125,2521.800048828125,2521.800048828125,2521.800048828125,22
2025-04-08 10:53:00+05:30,2527.25,2527.25,2519.10009765625,2519.10009765625,663
2025-04-08 10:54:00+05:30,2555.949951171875,2555.949951171875,2529.949951171875,2529.949951171875,1847
2025-04-08 10:55:00+05:30,2560.0,2566.64990234375,2555.0,2555.949951171875,2828
2025-04-08 10:56:00+05:30,2553.5,2556.5,2552.85009765625,2556.5,0
2025-04-08 10:57:00+05:30,2550.449951171875,2550.949951171875,2550.449951171875,2550.85009765625,27
2025-04-08 10:58:00+05:30,2557.199951171875,2563.60009765625,2553.800048828125,2553.800048828125,1123
2025-04-08 10:59:00+05:30,2560.800048828125,2561.300048828125,2557.199951171875,2561.199951171875,21
2025-04-08 11:00:00+05:30,2557.699951171875,2557.699951171875,2557.699951171875,2557.699951171875,16
2025-04-08 11:01:00+05:30,2558.949951171875,2558.949951171875,2557.0,2557.35009765625,897
2025-04-08 11:02:00+05:30,2560.800048828125,2560.800048828125,2559.85009765625,2559.85009765625,8
2025-04-08 11:03:00+05:30,2557.5,2563.14990234375,2557.5,2563.14990234375,121
2025-04-08 11:04:00+05:30,2553.949951171875,2557.5,2553.949951171875,2557.5,278
2025-04-08 11:05:00+05:30,2550.89990234375,2553.949951171875,2550.89990234375,2553.949951171875,2
2025-04-08 11:06:00+05:30,2556.85009765625,2556.85009765625,2551.5,2551.5,13
2025-04-08 11:07:00+05:30,2556.64990234375,2559.60009765625,2554.10009765625,2559.39990234375,245
2025-04-08 11:08:00+05:30,2559.0,2559.0,2553.14990234375,2553.14990234375,303
2025-04-08 11:09:00+05:30,2560.800048828125,2562.0,2560.050048828125,2560.050048828125,16
2025-04-08 11:10:00+05:30,2556.449951171875,2559.550048828125,2556.449951171875,2559.0,16
2025-04-08 11:11:00+05:30,2550.550048828125,2555.199951171875,2550.550048828125,2555.199951171875,8
2025-04-08 11:12:00+05:30,2555.449951171875,2555.550048828125,2555.449951171875,2555.550048828125,8
2025-04-08 11:13:00+05:30,2551.5,2551.85009765625,2551.5,2551.85009765625,10
2025-04-08 11:14:00+05:30,2550.550048828125,2554.64990234375,2550.550048828125,2554.64990234375,321
2025-04-08 11:15:00+05:30,2547.60009765625,2551.199951171875,2544.550048828125,2544.550048828125,90
2025-04-08 11:16:00+05:30,2552.35009765625,2552.35009765625,2550.0,2550.0,0
2025-04-08 11:17:00+05:30,2547.85009765625,2552.39990234375,2547.85009765625,2550.35009765625,12
2025-04-08 11:18:00+05:30,2547.60009765625,2553.550048828125,2547.60009765625,2547.949951171875,76
2025-04-08 11:19:00+05:30,2551.800048828125,2551.800048828125,2547.85009765625,2547.85009765625,50
2025-04-08 11:20:00+05:30,2551.5,2551.5,2545.199951171875,2545.199951171875,328
2025-04-08 11:21:00+05:30,2550.85009765625,2553.699951171875,2550.85009765625,2552.050048828125,215
2025-04-08 11:22:00+05:30,2554.550048828125,2554.550048828125,2550.300048828125,2550.300048828125,27
2025-04-08 11:23:00+05:30,2554.85009765625,2554.85009765625,2554.85009765625,2554.85009765625,80
2025-04-08 11:24:00+05:30,2575.0,2575.0,2562.10009765625,2562.10009765625,3716
2025-04-08 11:25:00+05:30,2580.39990234375,2580.39990234375,2571.199951171875,2571.60009765625,2250
2025-04-08 11:26:00+05:30,2578.64990234375,2582.60009765625,2577.35009765625,2577.699951171875,528
2025-04-08 11:27:00+05:30,2571.60009765625,2577.050048828125,2571.60009765625,2577.050048828125,20
2025-04-08 11:28:00+05:30,2569.949951171875,2569.949951171875,2563.550048828125,2567.64990234375,148
2025-04-08 11:29:00+05:30,2572.60009765625,2572.60009765625,2567.64990234375,2567.64990234375,90
2025-04-08 11:30:00+05:30,2579.0,2579.949951171875,2573.85009765625,2573.85009765625,461
2025-04-08 11:31:00+05:30,2579.64990234375,2579.64990234375,2574.050048828125,2574.050048828125,66
2025-04-08 11:32:00+05:30,2575.449951171875,2576.300048828125,2575.449951171875,2576.300048828125,14
2025-04-08 11:33:00+05:30,2587.35009765625,2587.35009765625,2572.800048828125,2572.800048828125,858
2025-04-08 11:34:00+05:30,2586.0,2587.199951171875,2582.0,2587.0,1690
2025-04-08 11:35:00+05:30,2592.0,2592.0,2585.0,2585.0,913
2025-04-08 11:36:00+05:30,2588.0,2592.0,2586.199951171875,2592.0,540
2025-04-08 11:37:00+05:30,2588.0,2591.800048828125,2586.0,2590.699951171875,692
2025-04-08 11:38:00+05:30,2585.89990234375,2586.64990234375,2583.89990234375,2586.0,147
2025-04-08 11:39:00+05:30,2584.39990234375,2585.300048828125,2583.0,2584.050048828125,393
2025-04-08 11:40:00+05:30,2583.14990234375,2584.0,2583.0,2583.0,317
2025-04-08 11:41:00+05:30,2587.85009765625,2588.0,2583.050048828125,2583.14990234375,793
2025-04-08 11:42:00+05:30,2583.699951171875,2588.35009765625,2581.199951171875,2588.0,83
2025-04-08 11:43:00+05:30,2583.449951171875,2584.60009765625,2581.949951171875,2581.949951171875,108
2025-04-08 11:44:00+05:30,2583.5,2583.949951171875,2580.35009765625,2583.949951171875,125
2025-04-08 11:45:00+05:30,2584.60009765625,2584.60009765625,2583.449951171875,2583.449951171875,22
2025-04-08 11:46:00+05:30,2585.949951171875,2586.0,2584.14990234375,2586.0,140
2025-04-08 11:47:00+05:30,2588.0,2588.0,2586.0,2586.0,1047
2025-04-08 11:48:00+05:30,2587.699951171875,2588.75,2587.199951171875,2587.199951171875,122
2025-04-08 11:49:00+05:30,2587.85009765625,2587.85009765625,2583.89990234375,2583.89990234375,83
2025-04-08 11:50:00+05:30,2583.800048828125,2586.449951171875,2583.800048828125,2584.10009765625,56
2025-04-08 12:06:00+05:30,2588.75,2588.75,2586.199951171875,2586.199951171875,3078
2025-04-08 12:07:00+05:30,2589.14990234375,2589.449951171875,2588.89990234375,2588.89990234375,55
2025-04-08 12:08:00+05:30,2589.300048828125,2589.699951171875,2585.60009765625,2585.60009765625,77
2025-04-08 12:09:00+05:30,2589.85009765625,2589.89990234375,2587.699951171875,2589.89990234375,64
2025-04-08 12:10:00+05:30,2595.699951171875,2595.699951171875,2592.300048828125,2593.14990234375,394
2025-04-08 12:11:00+05:30,2595.699951171875,2595.699951171875,2593.35009765625,2595.699951171875,46
2025-04-08 12:12:00+05:30,2598.89990234375,2598.89990234375,2595.0,2595.699951171875,406
2025-04-08 12:13:00+05:30,2597.0,2597.949951171875,2597.0,2597.199951171875,37
2025-04-08 12:14:00+05:30,2606.800048828125,2607.35009765625,2598.14990234375,2598.89990234375,1181
2025-04-08 12:15:00+05:30,2605.050048828125,2605.550048828125,2601.89990234375,2605.35009765625,250
2025-04-08 12:16:00+05:30,2605.35009765625,2606.199951171875,2605.35009765625,2606.199951171875,31
2025-04-08 12:17:00+05:30,2605.0,2605.0,2601.39990234375,2601.39990234375,454
2025-04-08 12:18:00+05:30,2605.199951171875,2605.449951171875,2600.14990234375,2603.050048828125,537
2025-04-08 12:19:00+05:30,2605.10009765625,2605.550048828125,2602.050048828125,2605.39990234375,214
2025-04-08 12:20:00+05:30,2608.0,2608.0,2605.14990234375,2605.14990234375,49
2025-04-08 12:21:00+05:30,2608.0,2608.0,2607.85009765625,2608.0,202
2025-04-08 12:22:00+05:30,2607.85009765625,2608.0,2607.699951171875,2608.0,128
2025-04-08 12:23:00+05:30,2608.0,2608.0,2607.35009765625,2607.35009765625,150
2025-04-08 12:24:00+05:30,2609.0,2609.0,2605.800048828125,2608.0,578
2025-04-08 12:25:00+05:30,2614.75,2615.0,2611.300048828125,2611.300048828125,478
2025-04-08 12:26:00+05:30,2609.89990234375,2615.0,2609.75,2613.0,456
2025-04-08 12:27:00+05:30,2606.35009765625,2609.699951171875,2606.35009765625,2609.10009765625,304
2025-04-08 12:28:00+05:30,2607.550048828125,2607.60009765625,2603.10009765625,2606.800048828125,114
2025-04-08 12:29:00+05:30,2612.35009765625,2614.85009765625,2607.85009765625,2607.85009765625,191
2025-04-08 12:30:00+05:30,2614.39990234375,2614.39990234375,2611.39990234375,2611.39990234375,153
2025-04-08 12:31:00+05:30,2615.050048828125,2616.5,2611.699951171875,2615.85009765625,546
2025-04-08 12:32:00+05:30,2616.800048828125,2616.800048828125,2614.14990234375,2614.300048828125,127
2025-04-08 12:33:00+05:30,2620.550048828125,2620.550048828125,2614.35009765625,2614.35009765625,594
2025-04-08 12:34:00+05:30,2619.89990234375,2619.949951171875,2616.0,2617.800048828125,427
2025-04-08 12:35:00+05:30,2617.699951171875,2620.550048828125,2616.949951171875,2620.39990234375,116
2025-04-08 12:36:00+05:30,2617.199951171875,2619.699951171875,2616.449951171875,2619.550048828125,53
2025-04-08 12:37:00+05:30,2615.800048828125,2617.449951171875,2613.199951171875,2617.449951171875,36
2025-04-08 12:38:00+05:30,2614.550048828125,2616.050048828125,2613.300048828125,2616.050048828125,89
2025-04-08 12:39:00+05:30,2613.800048828125,2613.800048828125,2611.39990234375,2611.89990234375,102
2025-04-08 12:40:00+05:30,2612.800048828125,2613.85009765625,2611.25,2613.699951171875,291
2025-04-08 12:41:00+05:30,2614.550048828125,2614.550048828125,2613.0,2613.60009765625,639
2025-04-08 12:42:00+05:30,2620.0,2620.0,2613.89990234375,2614.25,365
2025-04-08 12:43:00+05:30,2620.0,2620.0,2617.39990234375,2617.39990234375,90
2025-04-08 12:44:00+05:30,2624.449951171875,2625.0,2617.89990234375,2617.89990234375,262
2025-04-08 12:45:00+05:30,2623.699951171875,2626.050048828125,2620.75,2626.0,338
2025-04-08 12:46:00+05:30,2622.0,2624.0,2621.14990234375,2623.699951171875,298
2025-04-08 12:47:00+05:30,2624.0,2624.39990234375,2622.449951171875,2622.449951171875,40
2025-04-08 12:48:00+05:30,2625.60009765625,2625.949951171875,2622.199951171875,2624.0,178
2025-04-08 12:49:00+05:30,2625.60009765625,2625.60009765625,2623.25,2623.25,45
2025-04-08 12:50:00+05:30,2627.85009765625,2627.85009765625,2623.10009765625,2623.10009765625,108
2025-04-08 12:51:00+05:30,2627.550048828125,2629.0,2623.5,2627.85009765625,892
2025-04-08 12:52:00+05:30,2626.5,2628.5,2626.5,2628.0,172
2025-04-08 12:53:00+05:30,2626.050048828125,2629.800048828125,2624.25,2629.800048828125,365
2025-04-08 12:54:00+05:30,2625.050048828125,2629.0,2625.050048828125,2628.35009765625,118
2025-04-08 12:55:00+05:30,2627.800048828125,2627.800048828125,2626.85009765625,2626.85009765625,238
2025-04-08 12:56:00+05:30,2632.5,2633.0,2626.449951171875,2626.449951171875,260
2025-04-08 12:57:00+05:30,2634.449951171875,2635.0,2631.14990234375,2631.14990234375,283
2025-04-08 12:58:00+05:30,2631.550048828125,2634.800048828125,2631.550048828125,2634.449951171875,98
2025-04-08 12:59:00+05:30,2633.949951171875,2634.449951171875,2631.39990234375,2631.39990234375,133
2025-04-08 13:00:00+05:30,2633.85009765625,2634.449951171875,2632.550048828125,2634.0,233
2025-04-08 13:01:00+05:30,2631.449951171875,2633.85009765625,2628.0,2633.85009765625,418
2025-04-08 13:02:00+05:30,2637.14990234375,2637.14990234375,2631.550048828125,2631.550048828125,307
2025-04-08 13:03:00+05:30,2638.25,2639.0,2635.550048828125,2639.0,224
2025-04-08 13:04:00+05:30,2637.949951171875,2639.0,2634.449951171875,2639.0,141
2025-04-08 13:05:00+05:30,2636.39990234375,2638.5,2636.39990234375,2637.800048828125,319
2025-04-08 13:06:00+05:30,2642.10009765625,2643.60009765625,2635.85009765625,2638.5,740
2025-04-08 13:07:00+05:30,2641.89990234375,2644.699951171875,2641.89990234375,2644.699951171875,599
2025-04-08 13:08:00+05:30,2635.85009765625,2642.0,2635.85009765625,2642.0,302
2025-04-08 13:09:00+05:30,2634.10009765625,2638.85009765625,2633.75,2635.39990234375,226
2025-04-08 13:10:00+05:30,2640.5,2643.300048828125,2635.85009765625,2635.85009765625,156
2025-04-08 13:11:00+05:30,2642.39990234375,2644.800048828125,2642.39990234375,2643.0,307
2025-04-08 13:12:00+05:30,2643.949951171875,2643.949951171875,2639.10009765625,2639.699951171875,214
2025-04-08 13:13:00+05:30,2645.0,2645.0,2642.64990234375,2645.0,137
2025-04-08 13:14:00+05:30,2640.35009765625,2644.60009765625,2640.35009765625,2642.75,215
2025-04-08 13:15:00+05:30,2644.89990234375,2644.89990234375,2641.300048828125,2641.300048828125,128
2025-04-08 13:16:00+05:30,2643.800048828125,2644.64990234375,2638.550048828125,2641.050048828125,1588
2025-04-08 13:17:00+05:30,2642.699951171875,2643.64990234375,2640.60009765625,2641.60009765625,40
2025-04-08 13:18:00+05:30,2644.5,2644.5,2640.0,2642.85009765625,143
2025-04-08 13:19:00+05:30,2638.0,2643.949951171875,2636.39990234375,2643.949951171875,1043
2025-04-08 13:20:00+05:30,2639.25,2640.85009765625,2637.14990234375,2640.85009765625,132
2025-04-08 13:21:00+05:30,2637.699951171875,2639.75,2635.64990234375,2639.75,168
2025-04-08 13:22:00+05:30,2640.0,2640.0,2638.050048828125,2638.050048828125,512
2025-04-08 13:23:00+05:30,2639.25,2640.14990234375,2639.25,2640.14990234375,51
2025-04-08 13:24:00+05:30,2640.449951171875,2640.449951171875,2637.89990234375,2638.050048828125,89
2025-04-08 13:25:00+05:30,2642.800048828125,2642.85009765625,2640.10009765625,2642.85009765625,46
2025-04-08 13:26:00+05:30,2642.85009765625,2644.0,2639.0,2643.0,318
2025-04-08 13:27:00+05:30,2636.35009765625,2637.14990234375,2634.449951171875,2637.14990234375,168
2025-04-08 13:28:00+05:30,2635.949951171875,2637.14990234375,2633.10009765625,2637.14990234375,247
2025-04-08 13:29:00+05:30,2638.449951171875,2638.449951171875,2632.050048828125,2632.050048828125,232
2025-04-08 13:30:00+05:30,2639.300048828125,2639.300048828125,2636.64990234375,2639.300048828125,47
2025-04-08 13:31:00+05:30,2634.35009765625,2641.949951171875,2631.25,2641.949951171875,574
2025-04-08 13:32:00+05:30,2628.449951171875,2634.35009765625,2626.050048828125,2634.35009765625,410
2025-04-08 13:33:00+05:30,2632.25,2633.0,2625.0,2625.85009765625,181
2025-04-08 13:34:00+05:30,2631.85009765625,2632.14990234375,2631.85009765625,2632.14990234375,31
2025-04-08 13:35:00+05:30,2628.550048828125,2631.0,2628.39990234375,2628.39990234375,41
2025-04-08 13:36:00+05:30,2628.300048828125,2631.0,2628.300048828125,2631.0,257
2025-04-08 13:37:00+05:30,2624.85009765625,2628.35009765625,2624.050048828125,2628.35009765625,254
2025-04-08 13:38:00+05:30,2624.14990234375,2626.550048828125,2619.60009765625,2619.60009765625,246
2025-04-08 13:39:00+05:30,2620.75,2623.35009765625,2617.89990234375,2623.35009765625,148
2025-04-08 13:40:00+05:30,2605.550048828125,2618.050048828125,2602.10009765625,2617.25,2534
2025-04-08 13:41:00+05:30,2608.64990234375,2608.699951171875,2602.550048828125,2604.300048828125,503
2025-04-08 13:42:00+05:30,2608.89990234375,2608.89990234375,2603.75,2603.75,457
2025-04-08 13:43:00+05:30,2607.64990234375,2609.300048828125,2605.14990234375,2609.300048828125,166
2025-04-08 13:44:00+05:30,2607.39990234375,2607.5,2605.14990234375,2607.5,49
2025-04-08 13:45:00+05:30,2605.0,2609.5,2603.75,2605.0,639
2025-04-08 13:46:00+05:30,2605.5,2605.75,2596.800048828125,2605.14990234375,291
2025-04-08 13:47:00+05:30,2604.25,2606.699951171875,2602.550048828125,2606.35009765625,146
2025-04-08 13:48:00+05:30,2597.64990234375,2604.300048828125,2593.39990234375,2604.300048828125,153
2025-04-08 13:49:00+05:30,2597.800048828125,2598.0,2594.64990234375,2594.64990234375,373
2025-04-08 13:50:00+05:30,2610.0,2610.0,2592.89990234375,2593.5,944
2025-04-08 13:51:00+05:30,2612.85009765625,2613.0,2610.0,2613.0,1257
2025-04-08 13:52:00+05:30,2603.0,2612.949951171875,2595.199951171875,2612.949951171875,797
2025-04-08 13:53:00+05:30,2602.5,2602.5,2597.89990234375,2599.14990234375,98
2025-04-08 13:54:00+05:30,2600.949951171875,2603.050048828125,2600.949951171875,2603.050048828125,647
2025-04-08 13:55:00+05:30,2603.449951171875,2605.199951171875,2600.949951171875,2600.949951171875,53
2025-04-08 13:56:00+05:30,2605.10009765625,2605.199951171875,2603.5,2605.199951171875,93
2025-04-08 13:57:00+05:30,2604.75,2605.300048828125,2600.35009765625,2604.89990234375,97
2025-04-08 13:58:00+05:30,2605.0,2605.199951171875,2604.85009765625,2605.199951171875,56
2025-04-08 13:59:00+05:30,2603.75,2605.0,2600.0,2605.0,59
2025-04-08 14:00:00+05:30,2604.85009765625,2604.85009765625,2603.800048828125,2603.800048828125,54
2025-04-08 14:01:00+05:30,2608.64990234375,2608.75,2602.35009765625,2604.85009765625,267
2025-04-08 14:02:00+05:30,2608.300048828125,2608.300048828125,2607.25,2608.0,110
2025-04-08 14:03:00+05:30,2603.64990234375,2605.199951171875,2601.25,2605.199951171875,91
2025-04-08 14:04:00+05:30,2603.550048828125,2604.75,2600.85009765625,2604.75,38
2025-04-08 14:05:00+05:30,2593.85009765625,2599.64990234375,2593.75,2599.050048828125,72
2025-04-08 14:06:00+05:30,2601.14990234375,2601.39990234375,2596.60009765625,2599.0,84
2025-04-08 14:07:00+05:30,2601.0,2601.0,2597.0,2598.699951171875,1171
2025-04-08 14:08:00+05:30,2604.550048828125,2606.949951171875,2604.550048828125,2604.89990234375,0
2025-04-08 14:09:00+05:30,2606.0,2607.0,2600.0,2607.0,397
2025-04-08 14:10:00+05:30,2604.60009765625,2605.85009765625,2604.60009765625,2605.85009765625,15
2025-04-08 14:11:00+05:30,2604.85009765625,2604.85009765625,2604.699951171875,2604.699951171875,29
2025-04-08 14:12:00+05:30,2604.449951171875,2607.0,2601.550048828125,2603.949951171875,142
2025-04-08 14:13:00+05:30,2602.75,2607.39990234375,2602.75,2604.25,90
2025-04-08 14:14:00+05:30,2602.85009765625,2605.89990234375,2601.85009765625,2603.300048828125,103
2025-04-08 14:15:00+05:30,2606.199951171875,2606.35009765625,2603.25,2603.449951171875,51
2025-04-08 14:16:00+05:30,2601.199951171875,2606.949951171875,2601.199951171875,2603.949951171875,59
2025-04-08 14:17:00+05:30,2602.449951171875,2605.25,2602.050048828125,2604.39990234375,99
2025-04-08 14:18:00+05:30,2602.449951171875,2606.5,2602.449951171875,2603.14990234375,115
2025-04-08 14:19:00+05:30,2602.60009765625,2605.0,2602.60009765625,2605.0,67
2025-04-08 14:20:00+05:30,2602.300048828125,2605.0,2602.300048828125,2604.85009765625,111
2025-04-08 14:21:00+05:30,2601.050048828125,2604.550048828125,2601.0,2604.550048828125,62
2025-04-08 14:22:00+05:30,2605.0,2605.0,2601.050048828125,2601.050048828125,154
2025-04-08 14:23:00+05:30,2603.800048828125,2605.0,2601.39990234375,2605.0,47
2025-04-08 14:24:00+05:30,2607.89990234375,2607.89990234375,2604.10009765625,2605.89990234375,89
2025-04-08 14:25:00+05:30,2607.89990234375,2607.89990234375,2605.25,2607.89990234375,54
2025-04-08 14:26:00+05:30,2606.89990234375,2607.550048828125,2606.89990234375,2607.25,21
2025-04-08 14:27:00+05:30,2606.800048828125,2607.25,2606.800048828125,2607.199951171875,23
2025-04-08 14:28:00+05:30,2603.199951171875,2605.89990234375,2601.800048828125,2602.050048828125,828
2025-04-08 14:29:00+05:30,2605.75,2605.75,2603.0,2603.300048828125,229
2025-04-08 14:30:00+05:30,2602.699951171875,2605.75,2600.0,2605.75,390
2025-04-08 14:31:00+05:30,2597.60009765625,2604.25,2597.60009765625,2604.25,3622
2025-04-08 14:32:00+05:30,2597.39990234375,2600.0,2597.050048828125,2599.449951171875,183
2025-04-08 14:33:00+05:30,2601.75,2601.75,2597.550048828125,2597.550048828125,82
2025-04-08 14:34:00+05:30,2601.14990234375,2602.050048828125,2601.14990234375,2601.89990234375,156
2025-04-08 14:35:00+05:30,2600.550048828125,2600.550048828125,2600.0,2600.0,62
2025-04-08 14:36:00+05:30,2599.199951171875,2600.5,2596.64990234375,2600.5,192
2025-04-08 14:37:00+05:30,2600.5,2600.5,2599.199951171875,2599.199951171875,82
2025-04-08 14:38:00+05:30,2601.199951171875,2601.199951171875,2601.0,2601.199951171875,243
2025-04-08 14:39:00+05:30,2602.449951171875,2604.35009765625,2599.199951171875,2599.199951171875,258
2025-04-08 14:40:00+05:30,2602.14990234375,2604.5,2598.800048828125,2602.0,1485
2025-04-08 14:41:00+05:30,2600.75,2600.75,2599.0,2599.0,31
2025-04-08 14:42:00+05:30,2596.449951171875,2600.0,2596.449951171875,2600.0,1013
2025-04-08 14:43:00+05:30,2600.0,2600.0,2598.949951171875,2598.949951171875,296
2025-04-08 14:44:00+05:30,2599.800048828125,2601.39990234375,2596.75,2601.39990234375,112
2025-04-08 14:45:00+05:30,2599.10009765625,2599.10009765625,2599.10009765625,2599.10009765625,30
2025-04-08 14:46:00+05:30,2599.949951171875,2599.949951171875,2597.0,2599.10009765625,36
2025-04-08 14:47:00+05:30,2598.949951171875,2600.0,2596.25,2599.85009765625,70
2025-04-08 14:48:00+05:30,2597.14990234375,2599.0,2596.449951171875,2599.0,126
2025-04-08 14:49:00+05:30,2592.89990234375,2599.0,2592.89990234375,2599.0,467
2025-04-08 14:50:00+05:30,2596.800048828125,2597.85009765625,2595.300048828125,2595.300048828125,464
2025-04-08 14:51:00+05:30,2599.0,2599.0,2596.89990234375,2598.85009765625,19
2025-04-08 14:52:00+05:30,2599.949951171875,2599.949951171875,2597.89990234375,2599.949951171875,52
2025-04-08 14:53:00+05:30,2597.0,2599.39990234375,2597.0,2599.39990234375,133
2025-04-08 14:54:00+05:30,2599.85009765625,2600.0,2597.10009765625,2600.0,303
2025-04-08 14:55:00+05:30,2602.60009765625,2602.60009765625,2598.10009765625,2598.10009765625,234
2025-04-08 14:56:00+05:30,2600.800048828125,2602.800048828125,2600.64990234375,2602.800048828125,74
2025-04-08 14:57:00+05:30,2598.949951171875,2603.25,2598.949951171875,2600.64990234375,852
2025-04-08 14:58:00+05:30,2599.949951171875,2600.550048828125,2598.85009765625,2598.85009765625,173
2025-04-08 14:59:00+05:30,2599.35009765625,2600.0,2598.85009765625,2598.85009765625,84
2025-04-08 15:00:00+05:30,2599.550048828125,2600.0,2598.300048828125,2600.0,47
2025-04-08 15:01:00+05:30,2599.64990234375,2600.0,2598.64990234375,2600.0,330
2025-04-08 15:02:00+05:30,2599.949951171875,2599.949951171875,2598.10009765625,2599.64990234375,41
2025-04-08 15:03:00+05:30,2600.0,2600.0,2598.5,2598.75,76
2025-04-08 15:04:00+05:30,2599.300048828125,2600.0,2598.14990234375,2600.0,124
2025-04-08 15:05:00+05:30,2599.85009765625,2599.89990234375,2597.800048828125,2597.800048828125,51
2025-04-08 15:06:00+05:30,2599.89990234375,2599.89990234375,2597.35009765625,2597.35009765625,42
2025-04-08 15:07:00+05:30,2601.300048828125,2601.300048828125,2597.199951171875,2597.199951171875,257
2025-04-08 15:08:00+05:30,2602.5,2603.0,2598.949951171875,2600.449951171875,295
2025-04-08 15:09:00+05:30,2602.699951171875,2602.699951171875,2600.25,2602.300048828125,80
2025-04-08 15:10:00+05:30,2603.25,2603.25,2602.0,2603.0,339
2025-04-08 15:11:00+05:30,2604.449951171875,2604.449951171875,2603.300048828125,2603.300048828125,59
2025-04-08 15:12:00+05:30,2600.800048828125,2605.800048828125,2600.800048828125,2605.800048828125,414
2025-04-08 15:13:00+05:30,2601.39990234375,2605.75,2599.0,2601.0,612
2025-04-08 15:14:00+05:30,2603.550048828125,2604.0,2603.5,2603.5,47
2025-04-08 15:15:00+05:30,2600.89990234375,2601.0,2598.35009765625,2600.0,733
2025-04-08 15:16:00+05:30,2602.14990234375,2604.0,2599.64990234375,2601.5,159
2025-04-08 15:17:00+05:30,2601.949951171875,2602.10009765625,2601.949951171875,2602.10009765625,84
2025-04-08 15:18:00+05:30,2624.39990234375,2624.39990234375,2597.5,2604.85009765625,4601
2025-04-08 15:19:00+05:30,2610.10009765625,2631.0,2608.64990234375,2628.35009765625,1521
2025-04-08 15:20:00+05:30,2604.550048828125,2614.60009765625,2604.550048828125,2610.0,1541
2025-04-08 15:21:00+05:30,2611.14990234375,2614.0,2605.300048828125,2607.199951171875,1047
2025-04-08 15:22:00+05:30,2613.449951171875,2614.0,2610.449951171875,2614.0,701
2025-04-08 15:23:00+05:30,2610.14990234375,2614.0,2610.14990234375,2612.949951171875,133
2025-04-08 15:24:00+05:30,2613.949951171875,2613.949951171875,2609.300048828125,2609.300048828125,344
2025-04-08 15:25:00+05:30,2613.89990234375,2614.449951171875,2613.89990234375,2614.0,254
2025-04-08 15:26:00+05:30,2609.89990234375,2613.800048828125,2606.050048828125,2613.5,686
2025-04-08 15:27:00+05:30,2619.85009765625,2620.0,2600.0,2609.800048828125,1577
2025-04-08 15:28:00+05:30,2610.10009765625,2620.0,2606.89990234375,2620.0,232
2025-04-08 15:29:00+05:30,2610.199951171875,2613.60009765625,2592.14990234375,2613.60009765625,577
2025-04-09 09:15:00+05:30,2601.25,2607.75,2578.39990234375,2607.75,0
2025-04-09 09:16:00+05:30,2589.14990234375,2603.85009765625,2589.14990234375,2592.050048828125,1269
2025-04-09 09:17:00+05:30,2570.449951171875,2590.0,2569.949951171875,2582.300048828125,687
2025-04-09 09:18:00+05:30,2576.300048828125,2576.300048828125,2565.35009765625,2575.550048828125,811
2025-04-09 09:19:00+05:30,2559.60009765625,2573.85009765625,2559.60009765625,2573.35009765625,517
2025-04-09 09:20:00+05:30,2555.0,2567.449951171875,2555.0,2565.25,791
2025-04-09 09:21:00+05:30,2551.14990234375,2557.25,2551.14990234375,2556.0,796
2025-04-09 09:22:00+05:30,2547.85009765625,2552.39990234375,2541.0,2552.39990234375,314
2025-04-09 09:23:00+05:30,2548.699951171875,2549.300048828125,2547.449951171875,2547.89990234375,185
2025-04-09 09:24:00+05:30,2535.64990234375,2546.5,2532.449951171875,2546.5,1471
2025-04-09 09:25:00+05:30,2530.10009765625,2536.449951171875,2530.10009765625,2532.449951171875,1110
2025-04-09 09:26:00+05:30,2527.300048828125,2532.449951171875,2527.300048828125,2532.449951171875,235
2025-04-09 09:27:00+05:30,2540.199951171875,2540.199951171875,2530.85009765625,2530.85009765625,280
2025-04-09 09:28:00+05:30,2545.39990234375,2547.699951171875,2543.25,2546.89990234375,522
2025-04-09 09:29:00+05:30,2547.89990234375,2547.89990234375,2543.25,2543.25,197
2025-04-09 09:30:00+05:30,2529.449951171875,2546.85009765625,2529.449951171875,2546.85009765625,1292
2025-04-09 09:31:00+05:30,2523.949951171875,2525.949951171875,2523.0,2523.0,347
2025-04-09 09:32:00+05:30,2519.5,2523.39990234375,2517.39990234375,2520.35009765625,2904
2025-04-09 09:33:00+05:30,2530.35009765625,2530.35009765625,2519.550048828125,2519.550048828125,357
2025-04-09 09:34:00+05:30,2526.199951171875,2529.14990234375,2524.75,2529.14990234375,135
2025-04-09 09:35:00+05:30,2530.300048828125,2532.25,2526.60009765625,2526.60009765625,77
2025-04-09 09:36:00+05:30,2533.949951171875,2534.75,2530.550048828125,2534.60009765625,294
2025-04-09 09:37:00+05:30,2525.300048828125,2531.050048828125,2525.300048828125,2531.050048828125,334
2025-04-09 09:38:00+05:30,2528.449951171875,2528.60009765625,2522.949951171875,2528.60009765625,145
2025-04-09 09:39:00+05:30,2529.800048828125,2530.949951171875,2529.800048828125,2530.949951171875,212
2025-04-09 09:40:00+05:30,2529.800048828125,2529.800048828125,2525.300048828125,2525.300048828125,189
2025-04-09 09:41:00+05:30,2519.25,2529.75,2513.35009765625,2529.75,1285
2025-04-09 09:42:00+05:30,2519.199951171875,2519.25,2515.85009765625,2519.0,171
2025-04-09 09:43:00+05:30,2528.25,2528.60009765625,2517.300048828125,2517.300048828125,1512
2025-04-09 09:44:00+05:30,2529.89990234375,2529.89990234375,2525.75,2525.75,105
2025-04-09 09:45:00+05:30,2521.5,2530.85009765625,2521.5,2530.0,287
2025-04-09 09:46:00+05:30,2522.85009765625,2522.85009765625,2522.85009765625,2522.85009765625,5
2025-04-09 09:47:00+05:30,2523.35009765625,2523.949951171875,2521.5,2522.85009765625,163
2025-04-09 09:48:00+05:30,2524.64990234375,2524.64990234375,2522.64990234375,2524.0,20
2025-04-09 09:49:00+05:30,2516.25,2524.85009765625,2516.25,2524.85009765625,387
2025-04-09 09:50:00+05:30,2522.60009765625,2522.60009765625,2519.699951171875,2519.699951171875,425
2025-04-09 09:51:00+05:30,2518.0,2519.39990234375,2518.0,2519.39990234375,252
2025-04-09 09:52:00+05:30,2519.39990234375,2519.39990234375,2515.14990234375,2515.5,584
2025-04-09 09:53:00+05:30,2519.800048828125,2520.0,2518.60009765625,2520.0,144
2025-04-09 09:54:00+05:30,2517.14990234375,2520.0,2517.14990234375,2519.800048828125,140
2025-04-09 09:55:00+05:30,2512.050048828125,2515.199951171875,2512.050048828125,2515.199951171875,267
2025-04-09 09:56:00+05:30,2505.949951171875,2511.60009765625,2504.14990234375,2510.25,1363
2025-04-09 09:57:00+05:30,2505.699951171875,2509.949951171875,2505.5,2505.5,142
2025-04-09 09:58:00+05:30,2512.75,2513.0,2505.449951171875,2505.449951171875,281
2025-04-09 09:59:00+05:30,2513.5,2513.5,2513.5,2513.5,10
2025-04-09 10:00:00+05:30,2514.699951171875,2518.050048828125,2513.85009765625,2513.85009765625,96
2025-04-09 10:01:00+05:30,2509.199951171875,2515.0,2507.64990234375,2515.0,207
2025-04-09 10:02:00+05:30,2511.550048828125,2514.050048828125,2508.699951171875,2508.699951171875,80
2025-04-09 10:03:00+05:30,2509.64990234375,2509.64990234375,2508.85009765625,2509.64990234375,37
2025-04-09 10:04:00+05:30,2515.449951171875,2515.449951171875,2509.75,2509.75,22
2025-04-09 10:05:00+05:30,2514.300048828125,2515.64990234375,2512.550048828125,2513.0,153
2025-04-09 10:06:00+05:30,2512.0,2518.550048828125,2512.0,2514.39990234375,124
2025-04-09 10:07:00+05:30,2508.39990234375,2512.14990234375,2508.39990234375,2511.35009765625,466
2025-04-09 10:08:00+05:30,2509.199951171875,2513.5,2508.25,2508.39990234375,87
2025-04-09 10:09:00+05:30,2508.0,2510.0,2508.0,2509.0,123
2025-04-09 10:10:00+05:30,2504.25,2507.89990234375,2504.199951171875,2507.89990234375,369
2025-04-09 10:11:00+05:30,2504.25,2507.949951171875,2504.25,2507.35009765625,230
2025-04-09 10:12:00+05:30,2496.0,2504.5,2496.0,2504.25,838
2025-04-09 10:13:00+05:30,2493.39990234375,2496.0,2493.0,2496.0,50
2025-04-09 10:14:00+05:30,2493.949951171875,2496.89990234375,2493.35009765625,2493.449951171875,216
2025-04-09 10:15:00+05:30,2494.10009765625,2496.35009765625,2493.699951171875,2496.35009765625,138
2025-04-09 10:16:00+05:30,2497.89990234375,2497.89990234375,2493.0,2494.10009765625,260
2025-04-09 10:17:00+05:30,2489.199951171875,2495.35009765625,2488.0,2495.10009765625,770
2025-04-09 10:18:00+05:30,2494.39990234375,2494.39990234375,2490.199951171875,2490.800048828125,91
2025-04-09 10:19:00+05:30,2498.14990234375,2498.14990234375,2491.5,2491.5,1007
2025-04-09 10:20:00+05:30,2500.0,2504.35009765625,2497.5,2498.25,248
2025-04-09 10:21:00+05:30,2502.550048828125,2505.449951171875,2501.050048828125,2501.300048828125,74
2025-04-09 10:22:00+05:30,2504.550048828125,2505.60009765625,2503.25,2503.39990234375,44
2025-04-09 10:23:00+05:30,2507.0,2507.0,2503.25,2504.550048828125,120
2025-04-09 10:24:00+05:30,2512.0,2512.0,2505.050048828125,2505.050048828125,137
2025-04-09 10:25:00+05:30,2505.75,2511.199951171875,2505.64990234375,2509.39990234375,650
2025-04-09 10:26:00+05:30,2509.25,2513.800048828125,2505.300048828125,2505.949951171875,164
2025-04-09 10:27:00+05:30,2509.800048828125,2512.199951171875,2508.14990234375,2508.14990234375,135
2025-04-09 10:28:00+05:30,2509.949951171875,2511.60009765625,2509.85009765625,2511.60009765625,21
2025-04-09 10:29:00+05:30,2505.050048828125,2510.300048828125,2505.0,2509.449951171875,205
2025-04-09 10:30:00+05:30,2505.25,2506.550048828125,2505.0,2505.050048828125,21
2025-04-09 10:31:00+05:30,2502.5,2505.199951171875,2502.5,2505.199951171875,40
2025-04-09 10:32:00+05:30,2505.199951171875,2506.300048828125,2502.0,2502.0,26
2025-04-09 10:33:00+05:30,2505.14990234375,2506.550048828125,2504.050048828125,2504.85009765625,14
2025-04-09 10:34:00+05:30,2503.25,2506.800048828125,2501.35009765625,2505.199951171875,130
2025-04-09 10:35:00+05:30,2496.0,2503.550048828125,2496.0,2501.199951171875,279
2025-04-09 10:36:00+05:30,2502.199951171875,2502.800048828125,2496.300048828125,2497.050048828125,171
2025-04-09 10:37:00+05:30,2503.10009765625,2503.10009765625,2502.14990234375,2502.14990234375,46
2025-04-09 10:55:00+05:30,2529.0,2529.0,2526.050048828125,2526.050048828125,3339
2025-04-09 10:56:00+05:30,2526.60009765625,2530.800048828125,2526.60009765625,2527.89990234375,69
2025-04-09 10:57:00+05:30,2529.949951171875,2529.949951171875,2527.10009765625,2527.10009765625,82
2025-04-09 10:58:00+05:30,2528.800048828125,2530.75,2528.5,2529.64990234375,14
2025-04-09 10:59:00+05:30,2527.0,2528.5,2527.0,2528.5,20
2025-04-09 11:00:00+05:30,2528.050048828125,2528.25,2528.0,2528.25,57
2025-04-09 11:01:00+05:30,2520.0,2527.10009765625,2520.0,2527.10009765625,910
2025-04-09 11:02:00+05:30,2520.14990234375,2521.60009765625,2520.0,2520.0,2864
2025-04-09 11:03:00+05:30,2527.949951171875,2527.949951171875,2521.800048828125,2521.800048828125,864
2025-04-09 11:05:00+05:30,2525.300048828125,2525.300048828125,2525.300048828125,2525.300048828125,14
2025-04-09 11:06:00+05:30,2522.10009765625,2529.25,2522.10009765625,2529.25,130
2025-04-09 11:07:00+05:30,2521.0,2524.75,2521.0,2524.75,553
2025-04-09 11:08:00+05:30,2525.75,2525.75,2525.75,2525.75,7
2025-04-09 11:09:00+05:30,2523.0,2525.75,2523.0,2525.75,38
2025-04-09 11:10:00+05:30,2522.0,2522.0,2522.0,2522.0,188
2025-04-09 11:11:00+05:30,2525.60009765625,2525.60009765625,2525.60009765625,2525.60009765625,0
2025-04-09 11:12:00+05:30,2524.5,2524.5,2521.949951171875,2521.949951171875,72
2025-04-09 11:13:00+05:30,2522.449951171875,2522.449951171875,2522.449951171875,2522.449951171875,1
2025-04-09 11:14:00+05:30,2524.0,2524.0,2524.0,2524.0,1
2025-04-09 11:15:00+05:30,2522.0,2522.0,2522.0,2522.0,73
2025-04-09 11:16:00+05:30,2524.0,2524.0,2524.0,2524.0,0
2025-04-09 11:17:00+05:30,2524.10009765625,2524.10009765625,2524.0,2524.0,5
2025-04-09 11:18:00+05:30,2526.89990234375,2526.89990234375,2524.5,2524.5,100
2025-04-09 11:19:00+05:30,2523.85009765625,2528.25,2523.85009765625,2528.25,16
2025-04-09 11:20:00+05:30,2521.199951171875,2525.89990234375,2521.14990234375,2525.89990234375,73
2025-04-09 11:22:00+05:30,2522.10009765625,2522.10009765625,2522.10009765625,2522.10009765625,6
2025-04-09 11:23:00+05:30,2523.64990234375,2525.35009765625,2523.64990234375,2525.35009765625,55
2025-04-09 11:24:00+05:30,2524.800048828125,2524.800048828125,2524.800048828125,2524.800048828125,1
2025-04-09 11:25:00+05:30,2525.550048828125,2527.699951171875,2525.550048828125,2527.699951171875,79
2025-04-09 11:26:00+05:30,2525.550048828125,2525.550048828125,2525.550048828125,2525.550048828125,5
2025-04-09 11:27:00+05:30,2525.699951171875,2525.699951171875,2524.60009765625,2525.10009765625,152
2025-04-09 11:28:00+05:30,2527.0,2527.0,2525.0,2526.300048828125,277
2025-04-09 11:30:00+05:30,2532.0,2532.0,2530.0,2530.0,251
2025-04-09 11:31:00+05:30,2534.75,2534.75,2532.0,2532.0,5
2025-04-09 11:32:00+05:30,2539.85009765625,2539.85009765625,2536.85009765625,2536.85009765625,326
2025-04-09 11:33:00+05:30,2537.0,2538.699951171875,2537.0,2538.0,48
2025-04-09 11:34:00+05:30,2536.300048828125,2536.550048828125,2536.25,2536.25,139
2025-04-09 11:35:00+05:30,2537.0,2540.39990234375,2537.0,2539.75,57
2025-04-09 11:36:00+05:30,2536.0,2538.85009765625,2536.0,2536.5,28
2025-04-09 11:37:00+05:30,2536.0,2536.0,2536.0,2536.0,4
2025-04-09 11:38:00+05:30,2535.050048828125,2536.449951171875,2535.050048828125,2536.0,57
2025-04-09 11:39:00+05:30,2538.449951171875,2538.449951171875,2534.64990234375,2534.64990234375,49
2025-04-09 11:40:00+05:30,2536.39990234375,2537.699951171875,2536.39990234375,2537.699951171875,45
2025-04-09 11:41:00+05:30,2535.949951171875,2536.35009765625,2535.300048828125,2536.35009765625,60
2025-04-09 11:42:00+05:30,2532.75,2533.699951171875,2532.75,2533.699951171875,331
2025-04-09 11:43:00+05:30,2533.699951171875,2533.699951171875,2533.699951171875,2533.699951171875,43
2025-04-09 11:44:00+05:30,2537.14990234375,2537.14990234375,2537.14990234375,2537.14990234375,0
2025-04-09 11:45:00+05:30,2535.550048828125,2539.75,2535.550048828125,2539.75,105
2025-04-09 11:47:00+05:30,2536.449951171875,2536.449951171875,2536.199951171875,2536.199951171875,2
2025-04-09 11:48:00+05:30,2535.5,2535.800048828125,2535.5,2535.800048828125,12
2025-04-09 11:49:00+05:30,2536.75,2538.14990234375,2536.75,2538.14990234375,12
2025-04-09 11:50:00+05:30,2532.14990234375,2537.0,2532.14990234375,2537.0,57
2025-04-09 11:51:00+05:30,2535.949951171875,2535.949951171875,2535.949951171875,2535.949951171875,111
2025-04-09 11:53:00+05:30,2535.85009765625,2535.85009765625,2535.85009765625,2535.85009765625,2
2025-04-09 11:54:00+05:30,2535.85009765625,2535.85009765625,2535.85009765625,2535.85009765625,2
2025-04-09 11:56:00+05:30,2535.85009765625,2535.85009765625,2535.85009765625,2535.85009765625,1
2025-04-09 11:59:00+05:30,2535.85009765625,2535.85009765625,2535.85009765625,2535.85009765625,25
2025-04-09 12:01:00+05:30,2527.14990234375,2527.14990234375,2527.14990234375,2527.14990234375,45
2025-04-09 12:02:00+05:30,2526.699951171875,2526.699951171875,2526.699951171875,2526.699951171875,1
2025-04-09 12:04:00+05:30,2529.0,2529.0,2526.85009765625,2526.85009765625,139
2025-04-09 12:05:00+05:30,2529.050048828125,2531.64990234375,2529.050048828125,2529.449951171875,36
2025-04-09 12:06:00+05:30,2532.85009765625,2532.85009765625,2532.75,2532.75,302
2025-04-09 12:09:00+05:30,2535.300048828125,2535.300048828125,2530.60009765625,2530.60009765625,91
2025-04-09 12:10:00+05:30,2533.0,2533.0,2533.0,2533.0,14
2025-04-09 12:11:00+05:30,2531.85009765625,2534.35009765625,2531.85009765625,2533.0,21
2025-04-09 12:12:00+05:30,2530.050048828125,2530.85009765625,2530.050048828125,2530.85009765625,136
2025-04-09 12:13:00+05:30,2532.35009765625,2532.35009765625,2530.050048828125,2530.050048828125,35
2025-04-09 12:15:00+05:30,2530.699951171875,2530.699951171875,2530.050048828125,2530.050048828125,59
2025-04-09 12:16:00+05:30,2532.60009765625,2532.60009765625,2532.60009765625,2532.60009765625,1
2025-04-09 12:17:00+05:30,2532.0,2532.0,2531.75,2531.75,551
2025-04-09 12:18:00+05:30,2532.050048828125,2532.050048828125,2532.050048828125,2532.050048828125,51
2025-04-09 12:20:00+05:30,2535.050048828125,2535.050048828125,2531.949951171875,2532.050048828125,2134
2025-04-09 12:21:00+05:30,2536.10009765625,2538.0,2536.10009765625,2538.0,46
2025-04-09 12:22:00+05:30,2535.10009765625,2536.5,2535.10009765625,2536.5,11
2025-04-09 12:23:00+05:30,2531.60009765625,2531.60009765625,2531.60009765625,2531.60009765625,4
2025-04-09 12:24:00+05:30,2532.0,2532.0,2532.0,2532.0,17
2025-04-09 12:25:00+05:30,2532.050048828125,2532.050048828125,2532.050048828125,2532.050048828125,31
2025-04-09 12:26:00+05:30,2534.0,2536.5,2534.0,2536.5,123
2025-04-09 12:27:00+05:30,2537.699951171875,2537.699951171875,2537.699951171875,2537.699951171875,14
2025-04-09 12:28:00+05:30,2538.0,2538.0,2538.0,2538.0,128
2025-04-09 12:29:00+05:30,2530.449951171875,2535.0,2530.449951171875,2535.0,138
2025-04-09 12:32:00+05:30,2534.0,2534.0,2534.0,2534.0,0
2025-04-09 12:33:00+05:30,2533.949951171875,2533.949951171875,2533.949951171875,2533.949951171875,19
2025-04-09 12:34:00+05:30,2535.0,2535.0,2533.949951171875,2533.949951171875,24
2025-04-09 12:35:00+05:30,2535.0,2535.0,2535.0,2535.0,2
2025-04-09 12:36:00+05:30,2535.0,2535.0,2535.0,2535.0,40
2025-04-09 12:37:00+05:30,2537.39990234375,2538.25,2537.39990234375,2537.800048828125,50
2025-04-09 12:38:00+05:30,2536.0,2536.0,2535.699951171875,2535.699951171875,13
2025-04-09 12:39:00+05:30,2530.75,2535.0,2530.75,2535.0,78
2025-04-09 12:41:00+05:30,2530.75,2532.0,2530.75,2532.0,0
2025-04-09 12:42:00+05:30,2530.75,2530.75,2530.75,2530.75,2
2025-04-09 12:44:00+05:30,2530.050048828125,2532.0,2530.050048828125,2532.0,222
2025-04-09 12:45:00+05:30,2530.050048828125,2530.050048828125,2530.050048828125,2530.050048828125,34
2025-04-09 12:46:00+05:30,2530.14990234375,2530.14990234375,2530.14990234375,2530.14990234375,0
2025-04-09 12:47:00+05:30,2532.25,2532.25,2532.25,2532.25,98
2025-04-09 12:48:00+05:30,2533.0,2533.0,2533.0,2533.0,9
2025-04-09 12:50:00+05:30,2532.75,2532.75,2532.75,2532.75,18
2025-04-09 12:51:00+05:30,2532.75,2532.75,2532.75,2532.75,0
2025-04-09 12:53:00+05:30,2532.75,2532.75,2532.75,2532.75,10
2025-04-09 12:56:00+05:30,2525.35009765625,2529.0,2525.35009765625,2529.0,181
2025-04-09 12:57:00+05:30,2524.300048828125,2524.300048828125,2524.300048828125,2524.300048828125,22
2025-04-09 12:58:00+05:30,2527.0,2527.0,2527.0,2527.0,3
2025-04-09 12:59:00+05:30,2528.800048828125,2528.800048828125,2527.0,2527.0,10
2025-04-09 13:00:00+05:30,2528.800048828125,2528.800048828125,2527.0,2527.0,12
2025-04-09 13:01:00+05:30,2528.699951171875,2529.64990234375,2527.14990234375,2529.64990234375,116
2025-04-09 13:02:00+05:30,2526.300048828125,2526.300048828125,2520.14990234375,2525.0,186
2025-04-09 13:03:00+05:30,2526.64990234375,2526.64990234375,2526.199951171875,2526.199951171875,3
2025-04-09 13:05:00+05:30,2524.949951171875,2524.949951171875,2524.949951171875,2524.949951171875,7
2025-04-09 13:06:00+05:30,2524.800048828125,2524.800048828125,2522.300048828125,2524.800048828125,134
2025-04-09 13:08:00+05:30,2525.0,2525.0,2522.800048828125,2522.800048828125,7
2025-04-09 13:09:00+05:30,2524.949951171875,2524.949951171875,2522.75,2524.89990234375,14
2025-04-09 13:10:00+05:30,2522.800048828125,2524.949951171875,2522.14990234375,2524.949951171875,83
2025-04-09 13:11:00+05:30,2522.25,2522.25,2522.25,2522.25,58
2025-04-09 13:13:00+05:30,2524.14990234375,2524.14990234375,2522.199951171875,2522.199951171875,9
2025-04-09 13:14:00+05:30,2522.199951171875,2524.199951171875,2522.199951171875,2524.199951171875,29
2025-04-09 13:16:00+05:30,2521.949951171875,2521.949951171875,2521.949951171875,2521.949951171875,8
2025-04-09 13:18:00+05:30,2521.949951171875,2524.85009765625,2521.449951171875,2521.64990234375,725
2025-04-09 13:19:00+05:30,2520.60009765625,2524.10009765625,2520.60009765625,2524.10009765625,44
2025-04-09 13:20:00+05:30,2523.39990234375,2523.550048828125,2523.39990234375,2523.550048828125,5
2025-04-09 13:21:00+05:30,2520.0,2523.050048828125,2520.0,2523.050048828125,45
2025-04-09 13:22:00+05:30,2520.050048828125,2520.050048828125,2520.050048828125,2520.050048828125,8
2025-04-09 13:23:00+05:30,2520.0,2520.0,2519.0,2520.0,493
2025-04-09 13:24:00+05:30,2520.0,2520.0,2520.0,2520.0,0
2025-04-09 13:25:00+05:30,2521.800048828125,2521.800048828125,2521.050048828125,2521.050048828125,33
2025-04-09 13:26:00+05:30,2520.0,2520.0,2520.0,2520.0,9
2025-04-09 13:27:00+05:30,2522.800048828125,2522.800048828125,2522.0,2522.0,11
2025-04-09 13:28:00+05:30,2522.0,2522.800048828125,2522.0,2522.800048828125,28
2025-04-09 13:29:00+05:30,2520.0,2521.0,2520.0,2521.0,177
2025-04-09 13:31:00+05:30,2522.449951171875,2522.449951171875,2522.449951171875,2522.449951171875,0
2025-04-09 13:32:00+05:30,2522.85009765625,2522.85009765625,2521.0,2521.0,0
2025-04-09 13:33:00+05:30,2521.050048828125,2522.949951171875,2521.050048828125,2521.050048828125,43
2025-04-09 13:34:00+05:30,2520.0,2521.050048828125,2520.0,2521.050048828125,99
2025-04-09 13:35:00+05:30,2520.0,2520.0,2520.0,2520.0,72
2025-04-09 13:37:00+05:30,2520.0,2520.0,2520.0,2520.0,31
2025-04-09 13:38:00+05:30,2522.699951171875,2522.699951171875,2521.0,2521.0,12
2025-04-09 13:39:00+05:30,2523.0,2523.0,2523.0,2523.0,1
2025-04-09 13:40:00+05:30,2523.75,2523.75,2523.75,2523.75,53
2025-04-09 13:41:00+05:30,2521.25,2521.39990234375,2521.25,2521.39990234375,3
2025-04-09 13:42:00+05:30,2521.0,2521.449951171875,2521.0,2521.449951171875,9
2025-04-09 13:43:00+05:30,2520.0,2520.050048828125,2520.0,2520.050048828125,129
2025-04-09 13:44:00+05:30,2521.25,2521.25,2521.25,2521.25,0
2025-04-09 13:45:00+05:30,2520.0,2520.0,2520.0,2520.0,49
2025-04-09 13:46:00+05:30,2520.0,2520.0,2519.949951171875,2519.949951171875,66
2025-04-09 13:47:00+05:30,2522.35009765625,2522.35009765625,2520.0,2520.0,151
2025-04-09 13:49:00+05:30,2520.39990234375,2520.60009765625,2520.39990234375,2520.60009765625,3
2025-04-09 13:50:00+05:30,2520.10009765625,2520.39990234375,2520.0,2520.39990234375,311
2025-04-09 13:51:00+05:30,2524.699951171875,2524.699951171875,2520.10009765625,2520.10009765625,106
2025-04-09 13:52:00+05:30,2524.10009765625,2524.10009765625,2524.10009765625,2524.10009765625,9
2025-04-09 13:53:00+05:30,2521.0,2524.10009765625,2521.0,2524.10009765625,42
2025-04-09 13:54:00+05:30,2520.35009765625,2520.699951171875,2520.300048828125,2520.699951171875,68
2025-04-09 13:56:00+05:30,2520.64990234375,2520.64990234375,2520.64990234375,2520.64990234375,0
2025-04-09 13:57:00+05:30,2520.14990234375,2520.14990234375,2520.14990234375,2520.14990234375,278
2025-04-09 13:58:00+05:30,2520.64990234375,2520.64990234375,2520.64990234375,2520.64990234375,0
2025-04-09 13:59:00+05:30,2520.64990234375,2520.64990234375,2520.64990234375,2520.64990234375,20
2025-04-09 14:00:00+05:30,2520.5,2520.75,2520.5,2520.75,151
2025-04-09 14:01:00+05:30,2520.5,2520.5,2520.5,2520.5,0
2025-04-09 14:03:00+05:30,2520.0,2520.75,2520.0,2520.75,173
2025-04-09 14:04:00+05:30,2522.0,2522.0,2521.800048828125,2521.949951171875,9
2025-04-09 14:05:00+05:30,2520.0,2522.0,2520.0,2522.0,11
2025-04-09 14:06:00+05:30,2522.25,2522.25,2520.0,2520.0,73
2025-04-09 14:07:00+05:30,2523.199951171875,2523.199951171875,2520.300048828125,2520.300048828125,10
2025-04-09 14:08:00+05:30,2521.0,2521.0,2520.64990234375,2520.64990234375,98
2025-04-09 14:09:00+05:30,2520.0,2521.0,2520.0,2521.0,37
2025-04-09 14:10:00+05:30,2520.14990234375,2520.14990234375,2520.14990234375,2520.14990234375,0
2025-04-09 14:11:00+05:30,2519.0,2520.0,2519.0,2520.0,235
2025-04-09 14:12:00+05:30,2523.25,2523.25,2523.25,2523.25,0
2025-04-09 14:13:00+05:30,2505.10009765625,2520.14990234375,2504.949951171875,2520.14990234375,890
2025-04-09 14:14:00+05:30,2509.10009765625,2509.10009765625,2508.85009765625,2509.10009765625,7
2025-04-09 14:15:00+05:30,2510.0,2510.0,2509.10009765625,2509.10009765625,1
2025-04-09 14:16:00+05:30,2509.300048828125,2510.14990234375,2503.35009765625,2510.14990234375,357
2025-04-09 14:17:00+05:30,2505.800048828125,2505.800048828125,2505.800048828125,2505.800048828125,58
2025-04-09 14:18:00+05:30,2508.39990234375,2508.39990234375,2506.300048828125,2508.39990234375,62
2025-04-09 14:19:00+05:30,2506.300048828125,2506.300048828125,2506.300048828125,2506.300048828125,0
2025-04-09 14:20:00+05:30,2505.35009765625,2505.35009765625,2505.35009765625,2505.35009765625,56
2025-04-09 14:21:00+05:30,2505.800048828125,2505.800048828125,2505.800048828125,2505.800048828125,33
2025-04-09 14:23:00+05:30,2506.25,2508.800048828125,2506.10009765625,2506.10009765625,30
2025-04-09 14:24:00+05:30,2501.0,2506.25,2501.0,2506.25,234
2025-04-09 14:25:00+05:30,2503.75,2503.75,2500.050048828125,2501.0,195
2025-04-09 14:27:00+05:30,2502.64990234375,2502.64990234375,2502.64990234375,2502.64990234375,2
2025-04-09 14:29:00+05:30,2501.0,2502.60009765625,2501.0,2502.60009765625,52
2025-04-09 14:30:00+05:30,2502.75,2502.75,2502.5,2502.5,20
2025-04-09 14:31:00+05:30,2495.75,2501.0,2495.75,2500.550048828125,186
2025-04-09 14:32:00+05:30,2496.10009765625,2498.300048828125,2495.949951171875,2495.949951171875,27
2025-04-09 14:33:00+05:30,2497.800048828125,2497.800048828125,2495.85009765625,2495.85009765625,12
2025-04-09 14:34:00+05:30,2494.550048828125,2497.550048828125,2494.550048828125,2495.14990234375,170
2025-04-09 14:35:00+05:30,2491.35009765625,2494.949951171875,2491.35009765625,2494.949951171875,132
2025-04-09 14:36:00+05:30,2491.35009765625,2492.0,2491.10009765625,2491.10009765625,84
2025-04-09 14:37:00+05:30,2486.14990234375,2490.64990234375,2486.10009765625,2490.64990234375,735
2025-04-09 14:38:00+05:30,2488.800048828125,2488.800048828125,2486.199951171875,2486.199951171875,54
2025-04-09 14:39:00+05:30,2486.10009765625,2486.10009765625,2484.050048828125,2484.050048828125,210
2025-04-09 14:40:00+05:30,2488.64990234375,2488.800048828125,2486.10009765625,2486.10009765625,247
2025-04-09 14:41:00+05:30,2486.050048828125,2489.85009765625,2486.050048828125,2489.85009765625,312
2025-04-09 14:42:00+05:30,2488.0,2488.0,2488.0,2488.0,19
2025-04-09 14:43:00+05:30,2487.64990234375,2488.0,2484.5,2488.0,115
2025-04-09 14:44:00+05:30,2488.199951171875,2488.60009765625,2485.64990234375,2488.60009765625,321
2025-04-09 14:45:00+05:30,2484.85009765625,2484.85009765625,2484.85009765625,2484.85009765625,83
2025-04-09 14:46:00+05:30,2484.050048828125,2487.699951171875,2484.050048828125,2487.699951171875,232
2025-04-09 14:47:00+05:30,2485.0,2485.75,2484.0,2484.0,101
2025-04-09 14:48:00+05:30,2484.050048828125,2486.39990234375,2484.0,2485.0,36
2025-04-09 14:49:00+05:30,2484.050048828125,2484.050048828125,2484.050048828125,2484.050048828125,30
2025-04-09 14:50:00+05:30,2486.39990234375,2486.39990234375,2484.14990234375,2486.39990234375,167
2025-04-09 14:51:00+05:30,2482.0,2487.449951171875,2482.0,2486.39990234375,403
2025-04-09 14:52:00+05:30,2480.0,2481.35009765625,2480.0,2481.35009765625,274
2025-04-09 14:53:00+05:30,2483.10009765625,2483.10009765625,2480.10009765625,2480.10009765625,7
2025-04-09 14:54:00+05:30,2480.5,2483.85009765625,2480.39990234375,2483.300048828125,159
2025-04-09 14:55:00+05:30,2483.64990234375,2483.64990234375,2483.5,2483.60009765625,53
2025-04-09 14:56:00+05:30,2482.14990234375,2483.5,2480.0,2483.5,104
2025-04-09 14:57:00+05:30,2484.14990234375,2486.14990234375,2480.14990234375,2480.14990234375,61
2025-04-09 14:58:00+05:30,2484.0,2486.550048828125,2483.39990234375,2486.550048828125,59
2025-04-09 14:59:00+05:30,2488.0,2488.0,2484.050048828125,2484.050048828125,231
2025-04-09 15:00:00+05:30,2487.0,2487.0,2485.0,2485.35009765625,147
2025-04-09 15:01:00+05:30,2483.699951171875,2487.0,2483.699951171875,2487.0,164
2025-04-09 15:02:00+05:30,2484.050048828125,2486.10009765625,2483.699951171875,2483.699951171875,44
2025-04-09 15:03:00+05:30,2482.35009765625,2486.449951171875,2481.10009765625,2484.75,200
2025-04-09 15:04:00+05:30,2483.60009765625,2484.25,2481.0,2484.25,157
2025-04-09 15:05:00+05:30,2484.10009765625,2484.10009765625,2481.050048828125,2483.64990234375,208
2025-04-09 15:06:00+05:30,2484.050048828125,2484.050048828125,2481.25,2481.89990234375,39
2025-04-09 15:07:00+05:30,2482.449951171875,2486.35009765625,2482.449951171875,2485.550048828125,185
2025-04-09 15:08:00+05:30,2484.85009765625,2485.25,2482.5,2482.60009765625,73
2025-04-09 15:09:00+05:30,2485.0,2485.0,2482.35009765625,2483.25,332
2025-04-09 15:10:00+05:30,2484.85009765625,2485.800048828125,2483.25,2485.0,73
2025-04-09 15:11:00+05:30,2484.0,2484.85009765625,2484.0,2484.85009765625,40
2025-04-09 15:12:00+05:30,2485.449951171875,2485.449951171875,2483.39990234375,2484.0,308
2025-04-09 15:13:00+05:30,2485.949951171875,2486.0,2483.75,2483.75,29
2025-04-09 15:14:00+05:30,2488.89990234375,2488.89990234375,2485.949951171875,2485.949951171875,162
2025-04-09 15:15:00+05:30,2489.5,2489.5,2486.050048828125,2488.050048828125,256
2025-04-09 15:16:00+05:30,2483.75,2488.800048828125,2483.75,2485.949951171875,225
2025-04-09 15:17:00+05:30,2486.0,2486.0,2482.85009765625,2485.14990234375,180
2025-04-09 15:18:00+05:30,2484.550048828125,2485.050048828125,2481.39990234375,2481.39990234375,738
2025-04-09 15:19:00+05:30,2483.699951171875,2484.0,2482.14990234375,2484.0,31
2025-04-09 15:20:00+05:30,2481.89990234375,2483.449951171875,2480.0,2482.0,1054
2025-04-09 15:21:00+05:30,2477.60009765625,2481.89990234375,2476.800048828125,2481.89990234375,381
2025-04-09 15:22:00+05:30,2478.85009765625,2480.0,2476.39990234375,2478.949951171875,150
2025-04-09 15:23:00+05:30,2478.10009765625,2480.0,2478.10009765625,2479.949951171875,294
2025-04-09 15:24:00+05:30,2480.0,2480.0,2480.0,2480.0,647
2025-04-09 15:25:00+05:30,2488.0,2488.0,2483.0,2483.0,359
2025-04-09 15:26:00+05:30,2488.0,2488.0,2483.25,2487.89990234375,293
2025-04-09 15:27:00+05:30,2490.0,2491.0,2487.949951171875,2488.0,139
2025-04-09 15:28:00+05:30,2493.89990234375,2493.89990234375,2488.64990234375,2488.64990234375,718
2025-04-09 15:29:00+05:30,2496.10009765625,2500.949951171875,2494.0,2494.0,354
2025-04-11 09:15:00+05:30,2564.64990234375,2584.699951171875,2553.300048828125,2584.699951171875,0
2025-04-11 09:16:00+05:30,2570.39990234375,2570.39990234375,2550.14990234375,2550.14990234375,2250
2025-04-11 09:17:00+05:30,2554.5,2564.64990234375,2548.85009765625,2564.64990234375,1486
2025-04-11 09:18:00+05:30,2549.0,2560.0,2548.550048828125,2560.0,1028
2025-04-11 09:19:00+05:30,2544.0,2551.10009765625,2538.199951171875,2547.14990234375,2061
2025-04-11 09:20:00+05:30,2533.5,2543.800048828125,2531.14990234375,2543.800048828125,1005
2025-04-11 09:21:00+05:30,2538.550048828125,2539.5,2535.050048828125,2538.89990234375,117
2025-04-11 09:22:00+05:30,2536.35009765625,2540.0,2536.35009765625,2538.0,231
2025-04-11 09:23:00+05:30,2545.89990234375,2545.89990234375,2533.25,2533.25,804
2025-04-11 09:24:00+05:30,2547.85009765625,2547.85009765625,2542.800048828125,2542.800048828125,456
2025-04-11 09:25:00+05:30,2550.0,2552.300048828125,2547.0,2551.60009765625,491
2025-04-11 09:26:00+05:30,2548.10009765625,2553.949951171875,2546.300048828125,2546.300048828125,448
2025-04-11 09:27:00+05:30,2543.550048828125,2549.14990234375,2540.5,2548.0,1210
2025-04-11 09:28:00+05:30,2550.39990234375,2554.10009765625,2543.449951171875,2543.449951171875,127
2025-04-11 09:29:00+05:30,2553.449951171875,2555.0,2550.39990234375,2555.0,94
2025-04-11 09:30:00+05:30,2549.39990234375,2555.75,2549.39990234375,2555.0,262
2025-04-11 09:31:00+05:30,2549.25,2553.64990234375,2549.10009765625,2553.64990234375,654
2025-04-11 09:32:00+05:30,2549.60009765625,2552.64990234375,2547.89990234375,2547.89990234375,122
2025-04-11 09:33:00+05:30,2551.64990234375,2552.85009765625,2549.949951171875,2552.449951171875,52
2025-04-11 09:34:00+05:30,2551.699951171875,2551.699951171875,2548.64990234375,2548.64990234375,24
2025-04-11 09:35:00+05:30,2550.449951171875,2555.0,2549.199951171875,2552.699951171875,192
2025-04-11 09:36:00+05:30,2550.449951171875,2556.0,2550.449951171875,2556.0,169
2025-04-11 09:37:00+05:30,2548.89990234375,2552.050048828125,2548.0,2552.050048828125,105
2025-04-11 09:38:00+05:30,2549.449951171875,2549.800048828125,2549.35009765625,2549.800048828125,76
2025-04-11 09:39:00+05:30,2543.60009765625,2545.0,2543.0,2545.0,98
2025-04-11 09:40:00+05:30,2544.0,2547.800048828125,2540.0,2543.64990234375,283
2025-04-11 09:41:00+05:30,2548.800048828125,2548.800048828125,2543.64990234375,2543.64990234375,86
2025-04-11 09:42:00+05:30,2549.39990234375,2552.39990234375,2548.39990234375,2552.39990234375,35
2025-04-11 09:43:00+05:30,2553.449951171875,2553.449951171875,2546.449951171875,2550.0,478
2025-04-11 09:44:00+05:30,2551.300048828125,2552.550048828125,2551.300048828125,2552.550048828125,4
2025-04-11 09:45:00+05:30,2550.050048828125,2551.949951171875,2549.14990234375,2550.0,69
2025-04-11 09:46:00+05:30,2548.199951171875,2550.050048828125,2547.5,2550.050048828125,36
2025-04-11 09:47:00+05:30,2548.699951171875,2548.699951171875,2546.449951171875,2547.35009765625,176
2025-04-11 09:48:00+05:30,2547.14990234375,2547.5,2547.0,2547.5,117
2025-04-11 09:49:00+05:30,2550.35009765625,2550.35009765625,2547.5,2547.5,0
2025-04-11 09:50:00+05:30,2545.300048828125,2547.300048828125,2545.300048828125,2547.300048828125,24
2025-04-11 09:51:00+05:30,2545.60009765625,2545.60009765625,2545.60009765625,2545.60009765625,1
2025-04-11 09:52:00+05:30,2549.25,2549.25,2549.25,2549.25,13
2025-04-11 09:53:00+05:30,2549.0,2549.550048828125,2546.949951171875,2549.550048828125,279
2025-04-11 09:54:00+05:30,2543.0,2549.0,2543.0,2546.699951171875,847
2025-04-11 09:55:00+05:30,2543.25,2545.60009765625,2543.0,2544.35009765625,28
2025-04-11 09:56:00+05:30,2537.75,2542.449951171875,2537.75,2542.449951171875,677
2025-04-11 09:57:00+05:30,2536.050048828125,2539.85009765625,2535.800048828125,2539.85009765625,164
2025-04-11 09:58:00+05:30,2537.35009765625,2538.35009765625,2537.35009765625,2538.35009765625,439
2025-04-11 09:59:00+05:30,2535.0,2535.89990234375,2535.0,2535.89990234375,27
2025-04-11 10:00:00+05:30,2538.14990234375,2538.14990234375,2535.699951171875,2537.949951171875,54
2025-04-11 10:01:00+05:30,2535.5,2537.949951171875,2535.0,2535.0,6
2025-04-11 10:02:00+05:30,2538.550048828125,2538.550048828125,2538.550048828125,2538.550048828125,32
2025-04-11 10:03:00+05:30,2537.14990234375,2539.0,2537.0,2538.75,61
2025-04-11 10:04:00+05:30,2540.14990234375,2540.699951171875,2540.14990234375,2540.699951171875,63
2025-04-11 10:05:00+05:30,2542.5,2542.5,2542.5,2542.5,6
2025-04-11 10:06:00+05:30,2539.449951171875,2541.199951171875,2539.449951171875,2541.050048828125,157
2025-04-11 10:08:00+05:30,2540.0,2540.0,2538.0,2538.0,64
2025-04-11 10:09:00+05:30,2541.5,2542.050048828125,2540.449951171875,2540.449951171875,11
2025-04-11 10:10:00+05:30,2538.550048828125,2541.0,2538.550048828125,2541.0,1
2025-04-11 10:11:00+05:30,2541.199951171875,2541.199951171875,2541.199951171875,2541.199951171875,1
2025-04-11 10:12:00+05:30,2541.5,2541.5,2538.0,2538.0,116
2025-04-11 10:13:00+05:30,2542.60009765625,2542.60009765625,2539.800048828125,2539.800048828125,24
2025-04-11 10:15:00+05:30,2544.449951171875,2544.449951171875,2542.449951171875,2542.449951171875,143
2025-04-11 10:17:00+05:30,2541.300048828125,2543.199951171875,2540.14990234375,2540.14990234375,65
2025-04-11 10:18:00+05:30,2540.0,2542.89990234375,2540.0,2540.050048828125,119
2025-04-11 10:19:00+05:30,2541.64990234375,2541.64990234375,2537.60009765625,2537.60009765625,206
2025-04-11 10:20:00+05:30,2539.199951171875,2540.0,2539.199951171875,2540.0,34
2025-04-11 10:21:00+05:30,2539.35009765625,2539.35009765625,2539.300048828125,2539.300048828125,8
2025-04-11 10:22:00+05:30,2538.10009765625,2538.10009765625,2536.14990234375,2536.14990234375,5
2025-04-11 10:23:00+05:30,2539.0,2539.0,2539.0,2539.0,104
2025-04-11 10:24:00+05:30,2535.300048828125,2539.5,2534.949951171875,2539.5,508
2025-04-11 10:26:00+05:30,2538.199951171875,2538.199951171875,2537.5,2537.5,7
2025-04-11 10:28:00+05:30,2538.14990234375,2538.35009765625,2538.14990234375,2538.300048828125,15
2025-04-11 10:29:00+05:30,2538.5,2538.5,2535.89990234375,2538.14990234375,26
2025-04-11 10:30:00+05:30,2537.300048828125,2538.25,2537.300048828125,2538.25,15
2025-04-11 10:31:00+05:30,2539.5,2539.5,2539.5,2539.5,584
2025-04-11 10:32:00+05:30,2541.5,2541.5,2541.5,2541.5,1
2025-04-11 10:33:00+05:30,2540.199951171875,2541.75,2540.199951171875,2541.75,110
2025-04-11 10:35:00+05:30,2539.85009765625,2540.60009765625,2539.85009765625,2540.14990234375,210
2025-04-11 10:36:00+05:30,2538.449951171875,2541.0,2538.449951171875,2541.0,147
2025-04-11 10:37:00+05:30,2538.449951171875,2539.14990234375,2535.5,2535.5,226
2025-04-11 10:38:00+05:30,2535.949951171875,2535.949951171875,2535.949951171875,2535.949951171875,5
2025-04-11 10:39:00+05:30,2536.800048828125,2536.800048828125,2534.699951171875,2535.0,78
2025-04-11 10:40:00+05:30,2539.300048828125,2539.300048828125,2537.25,2537.25,23
2025-04-11 10:42:00+05:30,2544.300048828125,2544.300048828125,2537.25,2537.25,138
2025-04-11 10:43:00+05:30,2547.300048828125,2547.300048828125,2546.949951171875,2546.949951171875,307
2025-04-11 10:44:00+05:30,2548.25,2548.25,2547.449951171875,2547.449951171875,64
2025-04-11 10:45:00+05:30,2550.449951171875,2550.449951171875,2550.449951171875,2550.449951171875,126
2025-04-11 10:46:00+05:30,2545.699951171875,2547.050048828125,2545.699951171875,2547.050048828125,0
2025-04-11 10:47:00+05:30,2545.699951171875,2545.75,2545.699951171875,2545.75,13
2025-04-11 10:48:00+05:30,2548.300048828125,2548.300048828125,2548.300048828125,2548.300048828125,3
2025-04-11 10:49:00+05:30,2551.0,2551.050048828125,2549.949951171875,2549.949951171875,17
2025-04-11 10:50:00+05:30,2551.0,2551.0,2551.0,2551.0,48
2025-04-11 10:53:00+05:30,2551.89990234375,2551.89990234375,2551.5,2551.5,8
2025-04-11 10:54:00+05:30,2552.35009765625,2552.35009765625,2551.949951171875,2551.949951171875,153
2025-04-11 10:55:00+05:30,2549.10009765625,2554.75,2549.10009765625,2549.699951171875,717
2025-04-11 10:56:00+05:30,2548.300048828125,2548.300048828125,2545.5,2545.5,56
2025-04-11 10:58:00+05:30,2548.050048828125,2548.550048828125,2545.89990234375,2545.89990234375,22
2025-04-11 10:59:00+05:30,2547.300048828125,2549.300048828125,2547.300048828125,2549.300048828125,3
2025-04-11 11:00:00+05:30,2548.800048828125,2548.800048828125,2548.800048828125,2548.800048828125,3
2025-04-11 11:01:00+05:30,2548.800048828125,2548.800048828125,2548.800048828125,2548.800048828125,2
2025-04-11 11:02:00+05:30,2549.85009765625,2550.0,2549.0,2549.0,5
2025-04-11 11:03:00+05:30,2547.75,2548.800048828125,2547.75,2548.800048828125,710
2025-04-11 11:04:00+05:30,2546.25,2548.25,2546.25,2547.75,43
2025-04-11 11:05:00+05:30,2548.0,2549.800048828125,2547.199951171875,2547.199951171875,19
2025-04-11 11:06:00+05:30,2547.449951171875,2550.0,2547.25,2547.25,29
2025-04-11 11:07:00+05:30,2549.0,2551.10009765625,2549.0,2549.0,9
2025-04-11 11:08:00+05:30,2548.949951171875,2551.25,2548.050048828125,2551.25,96
2025-04-11 11:09:00+05:30,2551.300048828125,2551.300048828125,2551.300048828125,2551.300048828125,3
2025-04-11 11:11:00+05:30,2547.14990234375,2548.949951171875,2546.550048828125,2548.949951171875,34
2025-04-11 11:12:00+05:30,2550.449951171875,2550.449951171875,2545.550048828125,2545.550048828125,16
2025-04-11 11:13:00+05:30,2550.050048828125,2551.0,2546.050048828125,2550.949951171875,170
2025-04-11 11:14:00+05:30,2547.14990234375,2550.050048828125,2547.10009765625,2550.050048828125,13
2025-04-11 11:15:00+05:30,2543.75,2544.050048828125,2541.75,2544.050048828125,210
2025-04-11 11:17:00+05:30,2543.10009765625,2543.10009765625,2543.0,2543.0,18
2025-04-11 11:18:00+05:30,2541.050048828125,2541.050048828125,2540.449951171875,2540.449951171875,11
2025-04-11 11:19:00+05:30,2539.800048828125,2539.800048828125,2538.800048828125,2538.800048828125,121
2025-04-11 11:20:00+05:30,2540.050048828125,2540.050048828125,2540.050048828125,2540.050048828125,0
2025-04-11 11:22:00+05:30,2542.39990234375,2542.39990234375,2542.39990234375,2542.39990234375,53
2025-04-11 11:24:00+05:30,2546.050048828125,2548.60009765625,2540.75,2540.75,836
2025-04-11 11:25:00+05:30,2547.89990234375,2547.89990234375,2546.050048828125,2546.050048828125,23
2025-04-11 11:28:00+05:30,2544.199951171875,2544.199951171875,2544.199951171875,2544.199951171875,2
2025-04-11 11:30:00+05:30,2544.10009765625,2544.10009765625,2542.800048828125,2544.0,38
2025-04-11 11:31:00+05:30,2541.64990234375,2544.0,2541.64990234375,2541.949951171875,26
2025-04-11 11:32:00+05:30,2542.0,2542.0,2541.0,2541.60009765625,19
2025-04-11 11:33:00+05:30,2544.0,2544.0,2544.0,2544.0,0
2025-04-11 11:34:00+05:30,2542.0,2542.10009765625,2542.0,2542.10009765625,17
2025-04-11 11:36:00+05:30,2547.199951171875,2547.199951171875,2546.39990234375,2546.39990234375,74
2025-04-11 11:37:00+05:30,2547.949951171875,2550.0,2547.949951171875,2550.0,237
2025-04-11 11:38:00+05:30,2549.35009765625,2549.35009765625,2548.199951171875,2548.199951171875,88
2025-04-11 11:39:00+05:30,2548.85009765625,2548.85009765625,2548.449951171875,2548.449951171875,0
2025-04-11 11:40:00+05:30,2548.199951171875,2548.199951171875,2547.0,2547.0,2
2025-04-11 11:41:00+05:30,2545.85009765625,2545.85009765625,2545.85009765625,2545.85009765625,4
2025-04-11 11:42:00+05:30,2547.699951171875,2547.699951171875,2546.050048828125,2546.050048828125,21
2025-04-11 11:46:00+05:30,2547.14990234375,2547.14990234375,2545.85009765625,2546.0,7
2025-04-11 11:47:00+05:30,2547.14990234375,2547.14990234375,2545.60009765625,2547.10009765625,4
2025-04-11 11:48:00+05:30,2549.5,2549.85009765625,2547.85009765625,2547.85009765625,36
2025-04-11 11:50:00+05:30,2547.14990234375,2547.14990234375,2547.14990234375,2547.14990234375,3
2025-04-11 11:51:00+05:30,2549.14990234375,2549.14990234375,2549.050048828125,2549.050048828125,26
2025-04-11 11:52:00+05:30,2548.85009765625,2548.85009765625,2548.85009765625,2548.85009765625,47
2025-04-11 11:53:00+05:30,2549.199951171875,2549.199951171875,2549.199951171875,2549.199951171875,229
2025-04-11 11:54:00+05:30,2545.0,2546.0,2545.0,2546.0,98
2025-04-11 11:56:00+05:30,2545.449951171875,2545.449951171875,2545.449951171875,2545.449951171875,11
2025-04-11 11:57:00+05:30,2547.75,2547.75,2547.75,2547.75,0
2025-04-11 11:58:00+05:30,2549.75,2550.0,2547.800048828125,2547.800048828125,155
2025-04-11 11:59:00+05:30,2548.85009765625,2548.85009765625,2548.85009765625,2548.85009765625,6
2025-04-11 12:01:00+05:30,2546.300048828125,2546.300048828125,2546.10009765625,2546.10009765625,5
2025-04-11 12:03:00+05:30,2546.300048828125,2546.300048828125,2546.300048828125,2546.300048828125,12
2025-04-11 12:04:00+05:30,2547.199951171875,2547.199951171875,2547.199951171875,2547.199951171875,4
2025-04-11 12:05:00+05:30,2547.699951171875,2547.699951171875,2547.699951171875,2547.699951171875,10
2025-04-11 12:06:00+05:30,2550.64990234375,2550.64990234375,2547.699951171875,2547.699951171875,53
2025-04-11 12:07:00+05:30,2550.699951171875,2550.699951171875,2550.699951171875,2550.699951171875,26
2025-04-11 12:08:00+05:30,2550.89990234375,2550.89990234375,2550.85009765625,2550.85009765625,8
2025-04-11 12:09:00+05:30,2549.800048828125,2550.89990234375,2549.800048828125,2550.89990234375,31
2025-04-11 12:12:00+05:30,2549.800048828125,2549.800048828125,2549.75,2549.75,11
2025-04-11 12:13:00+05:30,2551.949951171875,2551.949951171875,2549.75,2549.75,3
2025-04-11 12:14:00+05:30,2548.949951171875,2549.300048828125,2548.949951171875,2549.300048828125,12
2025-04-11 12:15:00+05:30,2552.25,2552.25,2550.699951171875,2552.0,5
2025-04-11 12:16:00+05:30,2552.85009765625,2552.85009765625,2552.85009765625,2552.85009765625,10
2025-04-11 12:17:00+05:30,2554.0,2554.0,2554.0,2554.0,5
2025-04-11 12:18:00+05:30,2553.050048828125,2553.050048828125,2552.25,2552.25,34
2025-04-11 12:19:00+05:30,2550.0,2550.0,2548.199951171875,2548.199951171875,273
2025-04-11 12:20:00+05:30,2551.85009765625,2551.85009765625,2548.64990234375,2550.0,54
2025-04-11 12:21:00+05:30,2550.449951171875,2552.050048828125,2550.449951171875,2552.050048828125,95
2025-04-11 12:22:00+05:30,2549.5,2549.5,2546.800048828125,2548.0,53
2025-04-11 12:23:00+05:30,2549.800048828125,2549.800048828125,2546.949951171875,2546.949951171875,21
2025-04-11 12:24:00+05:30,2547.449951171875,2547.449951171875,2547.449951171875,2547.449951171875,1
2025-04-11 12:25:00+05:30,2547.25,2548.75,2547.25,2548.75,2
2025-04-11 12:26:00+05:30,2547.449951171875,2547.449951171875,2546.800048828125,2546.800048828125,54
2025-04-11 12:28:00+05:30,2548.300048828125,2548.300048828125,2548.300048828125,2548.300048828125,0
2025-04-11 12:29:00+05:30,2546.300048828125,2548.550048828125,2546.300048828125,2548.550048828125,68
2025-04-11 12:30:00+05:30,2545.199951171875,2545.199951171875,2544.85009765625,2545.0,120
2025-04-11 12:31:00+05:30,2545.0,2545.199951171875,2545.0,2545.199951171875,15
2025-04-11 12:32:00+05:30,2545.89990234375,2545.89990234375,2543.300048828125,2543.300048828125,9
2025-04-11 12:33:00+05:30,2545.85009765625,2545.85009765625,2545.85009765625,2545.85009765625,9
2025-04-11 12:34:00+05:30,2541.60009765625,2542.800048828125,2541.60009765625,2542.800048828125,28
2025-04-11 12:36:00+05:30,2541.800048828125,2541.800048828125,2541.800048828125,2541.800048828125,11
2025-04-11 12:37:00+05:30,2544.300048828125,2544.300048828125,2544.300048828125,2544.300048828125,102
2025-04-11 12:38:00+05:30,2543.39990234375,2543.39990234375,2543.39990234375,2543.39990234375,19
2025-04-11 12:40:00+05:30,2545.699951171875,2545.699951171875,2545.699951171875,2545.699951171875,0
2025-04-11 12:41:00+05:30,2545.75,2545.75,2545.75,2545.75,1
2025-04-11 12:42:00+05:30,2549.699951171875,2549.699951171875,2548.10009765625,2548.10009765625,306
2025-04-11 12:43:00+05:30,2547.300048828125,2547.300048828125,2547.300048828125,2547.300048828125,5
2025-04-11 12:44:00+05:30,2549.5,2549.5,2546.89990234375,2546.89990234375,16
2025-04-11 12:48:00+05:30,2549.300048828125,2549.300048828125,2549.300048828125,2549.300048828125,16
2025-04-11 12:49:00+05:30,2548.550048828125,2548.550048828125,2548.550048828125,2548.550048828125,0
2025-04-11 12:50:00+05:30,2546.39990234375,2548.550048828125,2546.39990234375,2548.550048828125,42
2025-04-11 12:51:00+05:30,2548.25,2548.300048828125,2545.25,2546.35009765625,26
2025-04-11 12:53:00+05:30,2548.14990234375,2548.14990234375,2546.10009765625,2546.10009765625,372
2025-04-11 12:55:00+05:30,2546.050048828125,2546.050048828125,2543.39990234375,2545.35009765625,342
2025-04-11 12:56:00+05:30,2546.050048828125,2546.050048828125,2546.050048828125,2546.050048828125,2
2025-04-11 12:57:00+05:30,2549.25,2549.25,2549.25,2549.25,2
2025-04-11 12:58:00+05:30,2549.449951171875,2549.449951171875,2549.14990234375,2549.14990234375,8
2025-04-11 13:01:00+05:30,2550.449951171875,2550.449951171875,2549.25,2549.25,51
2025-04-11 13:02:00+05:30,2547.75,2547.75,2547.75,2547.75,1
2025-04-11 13:03:00+05:30,2549.800048828125,2549.800048828125,2549.800048828125,2549.800048828125,102
2025-04-11 13:04:00+05:30,2548.64990234375,2548.64990234375,2548.449951171875,2548.449951171875,3
2025-04-11 13:06:00+05:30,2550.949951171875,2551.14990234375,2550.949951171875,2551.14990234375,13
2025-04-11 13:07:00+05:30,2553.050048828125,2553.050048828125,2549.14990234375,2549.14990234375,107
2025-04-11 13:08:00+05:30,2552.699951171875,2552.699951171875,2549.25,2549.25,104
2025-04-11 13:09:00+05:30,2552.0,2552.0,2552.0,2552.0,23
2025-04-11 13:10:00+05:30,2552.199951171875,2552.199951171875,2552.199951171875,2552.199951171875,1
2025-04-11 13:12:00+05:30,2548.050048828125,2548.050048828125,2548.050048828125,2548.050048828125,76
2025-04-11 13:13:00+05:30,2568.300048828125,2568.300048828125,2550.0,2550.0,1817
2025-04-11 13:14:00+05:30,2562.699951171875,2568.75,2562.699951171875,2568.75,205
2025-04-11 13:15:00+05:30,2565.300048828125,2566.0,2562.35009765625,2566.0,86
2025-04-11 13:16:00+05:30,2569.550048828125,2570.5,2566.550048828125,2566.550048828125,220
2025-04-11 13:17:00+05:30,2572.550048828125,2572.85009765625,2572.050048828125,2572.85009765625,137
2025-04-11 13:18:00+05:30,2565.60009765625,2567.39990234375,2565.60009765625,2567.39990234375,29
2025-04-11 13:19:00+05:30,2568.0,2568.199951171875,2567.0,2567.0,267
2025-04-11 13:20:00+05:30,2567.5,2568.39990234375,2567.5,2568.39990234375,166
2025-04-11 13:21:00+05:30,2564.0,2567.0,2564.0,2567.0,418
2025-04-11 13:23:00+05:30,2563.949951171875,2563.949951171875,2560.5,2560.5,64
2025-04-11 13:24:00+05:30,2573.550048828125,2573.550048828125,2564.0,2564.0,251
2025-04-11 13:25:00+05:30,2579.699951171875,2582.0,2575.199951171875,2582.0,821
2025-04-11 13:26:00+05:30,2580.050048828125,2581.89990234375,2576.050048828125,2576.35009765625,491
2025-04-11 13:27:00+05:30,2577.60009765625,2582.60009765625,2577.60009765625,2582.60009765625,360
2025-04-11 13:28:00+05:30,2576.25,2576.25,2576.25,2576.25,1
2025-04-11 13:29:00+05:30,2578.550048828125,2578.550048828125,2576.35009765625,2576.35009765625,61
2025-04-11 13:30:00+05:30,2577.5,2577.5,2576.25,2576.25,396
2025-04-11 13:31:00+05:30,2572.60009765625,2576.199951171875,2571.800048828125,2576.199951171875,480
2025-04-11 13:32:00+05:30,2572.64990234375,2575.10009765625,2572.64990234375,2575.10009765625,120
2025-04-11 13:33:00+05:30,2572.5,2572.5,2572.5,2572.5,104
2025-04-11 13:34:00+05:30,2570.550048828125,2574.25,2570.550048828125,2573.699951171875,100
2025-04-11 13:35:00+05:30,2570.60009765625,2570.60009765625,2568.10009765625,2568.10009765625,40
2025-04-11 13:36:00+05:30,2574.300048828125,2574.300048828125,2572.10009765625,2572.25,19
2025-04-11 13:37:00+05:30,2571.14990234375,2571.14990234375,2569.0,2569.0,90
2025-04-11 13:39:00+05:30,2573.85009765625,2574.550048828125,2573.85009765625,2574.550048828125,106
2025-04-11 13:40:00+05:30,2574.75,2574.75,2574.75,2574.75,31
2025-04-11 13:41:00+05:30,2574.300048828125,2574.300048828125,2573.14990234375,2573.14990234375,66
2025-04-11 13:42:00+05:30,2575.050048828125,2575.050048828125,2571.64990234375,2571.64990234375,320
2025-04-11 13:43:00+05:30,2579.25,2579.85009765625,2578.64990234375,2578.699951171875,108
2025-04-11 13:44:00+05:30,2579.25,2580.0,2579.25,2579.25,92
2025-04-11 13:45:00+05:30,2578.449951171875,2582.0,2578.449951171875,2582.0,525
2025-04-11 13:46:00+05:30,2580.75,2580.75,2580.60009765625,2580.60009765625,164
2025-04-11 13:47:00+05:30,2583.60009765625,2583.60009765625,2582.5,2582.5,100
2025-04-11 13:48:00+05:30,2578.0,2582.0,2578.0,2581.89990234375,140
2025-04-11 13:49:00+05:30,2578.0,2578.0,2578.0,2578.0,0
2025-04-11 13:50:00+05:30,2580.050048828125,2580.14990234375,2578.0,2580.14990234375,59
2025-04-11 13:51:00+05:30,2580.75,2580.85009765625,2580.75,2580.85009765625,72
2025-04-11 13:52:00+05:30,2582.0,2582.0,2580.85009765625,2580.85009765625,75
2025-04-11 13:53:00+05:30,2582.0,2588.0,2582.0,2582.0,1488
2025-04-11 13:54:00+05:30,2580.199951171875,2584.89990234375,2577.550048828125,2584.89990234375,1667
2025-04-11 13:55:00+05:30,2582.199951171875,2582.199951171875,2582.199951171875,2582.199951171875,407
2025-04-11 13:56:00+05:30,2580.0,2580.0,2580.0,2580.0,94
2025-04-11 13:57:00+05:30,2582.0,2582.0,2582.0,2582.0,138
2025-04-11 13:58:00+05:30,2587.550048828125,2587.550048828125,2580.14990234375,2580.14990234375,749
2025-04-11 13:59:00+05:30,2597.050048828125,2597.25,2590.0,2590.0,1009
2025-04-11 14:00:00+05:30,2593.14990234375,2595.25,2590.39990234375,2591.64990234375,796
2025-04-11 14:01:00+05:30,2591.39990234375,2594.0,2590.0,2593.5,368
2025-04-11 14:02:00+05:30,2592.800048828125,2592.800048828125,2592.800048828125,2592.800048828125,14
2025-04-11 14:03:00+05:30,2580.050048828125,2590.800048828125,2580.050048828125,2590.14990234375,1252
2025-04-11 14:04:00+05:30,2585.64990234375,2585.85009765625,2580.0,2580.0,76
2025-04-11 14:05:00+05:30,2583.35009765625,2583.35009765625,2582.85009765625,2582.85009765625,31
2025-04-11 14:06:00+05:30,2582.0,2583.35009765625,2582.0,2583.35009765625,78
2025-04-11 14:07:00+05:30,2587.5,2587.5,2581.39990234375,2581.39990234375,556
2025-04-11 14:08:00+05:30,2594.949951171875,2595.0,2588.699951171875,2588.699951171875,88
2025-04-11 14:09:00+05:30,2592.0,2594.0,2592.0,2594.0,217
2025-04-11 14:10:00+05:30,2586.14990234375,2592.0,2586.14990234375,2592.0,110
2025-04-11 14:11:00+05:30,2585.199951171875,2585.199951171875,2584.300048828125,2584.300048828125,142
2025-04-11 14:12:00+05:30,2590.85009765625,2591.60009765625,2586.85009765625,2586.85009765625,43
2025-04-11 14:13:00+05:30,2590.0,2591.35009765625,2588.14990234375,2591.35009765625,131
2025-04-11 14:14:00+05:30,2590.10009765625,2595.0,2588.0,2588.0,737
2025-04-11 14:15:00+05:30,2593.64990234375,2593.64990234375,2590.199951171875,2590.199951171875,21
2025-04-11 14:16:00+05:30,2596.0,2596.0,2593.64990234375,2594.199951171875,418
2025-04-11 14:17:00+05:30,2608.0,2608.0,2594.199951171875,2596.0,977
2025-04-11 14:18:00+05:30,2613.0,2614.14990234375,2608.699951171875,2609.5,872
2025-04-11 14:19:00+05:30,2602.75,2611.0,2599.949951171875,2611.0,990
2025-04-11 14:20:00+05:30,2602.449951171875,2607.300048828125,2602.449951171875,2603.199951171875,415
2025-04-11 14:21:00+05:30,2598.60009765625,2603.0,2598.60009765625,2603.0,37
2025-04-11 14:22:00+05:30,2605.14990234375,2605.14990234375,2598.89990234375,2598.89990234375,120
2025-04-11 14:23:00+05:30,2598.64990234375,2601.300048828125,2598.64990234375,2601.300048828125,148
2025-04-11 14:24:00+05:30,2606.199951171875,2607.449951171875,2598.64990234375,2598.64990234375,569
2025-04-11 14:25:00+05:30,2609.35009765625,2612.0,2607.699951171875,2609.39990234375,272
2025-04-11 14:26:00+05:30,2599.10009765625,2602.300048828125,2599.10009765625,2600.75,246
2025-04-11 14:27:00+05:30,2603.449951171875,2603.60009765625,2601.199951171875,2601.199951171875,114
2025-04-11 14:28:00+05:30,2599.0,2603.35009765625,2599.0,2603.0,119
2025-04-11 14:29:00+05:30,2587.0,2598.199951171875,2587.0,2598.199951171875,1209
2025-04-11 14:30:00+05:30,2594.25,2594.25,2590.85009765625,2590.85009765625,205
2025-04-11 14:31:00+05:30,2591.35009765625,2594.949951171875,2591.050048828125,2594.949951171875,51
2025-04-11 14:32:00+05:30,2590.85009765625,2590.85009765625,2587.800048828125,2587.800048828125,125
2025-04-11 14:33:00+05:30,2591.39990234375,2592.300048828125,2589.89990234375,2590.14990234375,245
2025-04-11 14:34:00+05:30,2591.0,2591.0,2590.0,2590.14990234375,190
2025-04-11 14:35:00+05:30,2582.5,2591.449951171875,2582.5,2591.0,1806
2025-04-11 14:36:00+05:30,2572.199951171875,2579.199951171875,2572.199951171875,2579.199951171875,684
2025-04-11 14:37:00+05:30,2561.0,2574.35009765625,2551.25,2573.800048828125,645
2025-04-11 14:38:00+05:30,2565.0,2566.0,2563.199951171875,2563.199951171875,931
2025-04-11 14:39:00+05:30,2566.0,2566.800048828125,2565.050048828125,2565.050048828125,504
2025-04-11 14:40:00+05:30,2566.050048828125,2566.050048828125,2566.050048828125,2566.050048828125,0
2025-04-11 14:41:00+05:30,2567.550048828125,2567.550048828125,2567.550048828125,2567.550048828125,1
2025-04-11 14:42:00+05:30,2567.85009765625,2567.89990234375,2567.550048828125,2567.550048828125,36
2025-04-11 14:43:00+05:30,2569.050048828125,2569.050048828125,2565.199951171875,2565.199951171875,347
2025-04-11 14:44:00+05:30,2566.699951171875,2567.39990234375,2562.5,2567.39990234375,226
2025-04-11 14:45:00+05:30,2570.39990234375,2570.39990234375,2568.199951171875,2568.199951171875,105
2025-04-11 14:46:00+05:30,2572.5,2572.5,2568.199951171875,2570.800048828125,231
2025-04-11 14:47:00+05:30,2568.199951171875,2568.199951171875,2568.199951171875,2568.199951171875,3
2025-04-11 14:48:00+05:30,2569.949951171875,2569.949951171875,2569.949951171875,2569.949951171875,5
2025-04-11 14:49:00+05:30,2569.800048828125,2569.89990234375,2569.800048828125,2569.89990234375,4
2025-04-11 14:50:00+05:30,2581.85009765625,2581.85009765625,2570.0,2570.0,478
2025-04-11 14:51:00+05:30,2580.39990234375,2583.949951171875,2579.10009765625,2583.949951171875,137
2025-04-11 14:52:00+05:30,2580.0,2581.199951171875,2580.0,2581.050048828125,200
2025-04-11 14:53:00+05:30,2578.64990234375,2580.0,2578.64990234375,2580.0,252
2025-04-11 14:54:00+05:30,2582.0,2582.0,2580.0,2580.050048828125,150
2025-04-11 14:55:00+05:30,2584.0,2587.300048828125,2583.5,2584.699951171875,314
2025-04-11 14:56:00+05:30,2579.5,2582.89990234375,2577.25,2582.89990234375,106
2025-04-11 14:58:00+05:30,2577.60009765625,2579.300048828125,2577.60009765625,2579.300048828125,4
2025-04-11 14:59:00+05:30,2584.449951171875,2585.0,2579.199951171875,2579.199951171875,396
2025-04-11 15:00:00+05:30,2582.60009765625,2583.14990234375,2581.89990234375,2583.14990234375,433
2025-04-11 15:01:00+05:30,2584.199951171875,2588.699951171875,2582.60009765625,2582.60009765625,692
2025-04-11 15:02:00+05:30,2580.949951171875,2585.0,2580.89990234375,2585.0,282
2025-04-11 15:03:00+05:30,2582.300048828125,2582.35009765625,2581.449951171875,2581.449951171875,139
2025-04-11 15:04:00+05:30,2577.85009765625,2580.5,2577.35009765625,2580.5,176
2025-04-11 15:05:00+05:30,2593.949951171875,2599.0,2578.0,2578.0,2662
2025-04-11 15:06:00+05:30,2594.25,2594.89990234375,2593.699951171875,2593.800048828125,109
2025-04-11 15:07:00+05:30,2595.0,2595.0,2590.60009765625,2590.60009765625,446
2025-04-11 15:08:00+05:30,2585.0,2592.39990234375,2583.300048828125,2592.39990234375,870
2025-04-11 15:09:00+05:30,2587.949951171875,2587.949951171875,2585.050048828125,2586.5,245
2025-04-11 15:10:00+05:30,2594.10009765625,2594.10009765625,2585.85009765625,2589.89990234375,952
2025-04-11 15:11:00+05:30,2609.35009765625,2610.35009765625,2596.89990234375,2596.89990234375,1328
2025-04-11 15:12:00+05:30,2612.39990234375,2613.0,2603.5,2605.0,2379
2025-04-11 15:13:00+05:30,2618.0,2620.0,2614.800048828125,2619.0,896
2025-04-11 15:14:00+05:30,2618.0,2618.0,2613.14990234375,2618.0,287
2025-04-11 15:15:00+05:30,2617.35009765625,2618.0,2616.449951171875,2618.0,247
2025-04-11 15:16:00+05:30,2615.5,2616.050048828125,2613.050048828125,2616.0,176
2025-04-11 15:17:00+05:30,2611.800048828125,2614.300048828125,2610.0,2614.14990234375,626
2025-04-11 15:18:00+05:30,2610.10009765625,2613.85009765625,2606.89990234375,2612.0,1555
2025-04-11 15:19:00+05:30,2611.300048828125,2613.800048828125,2606.35009765625,2608.14990234375,575
2025-04-11 15:20:00+05:30,2601.199951171875,2610.0,2601.199951171875,2610.0,556
2025-04-11 15:21:00+05:30,2594.85009765625,2596.199951171875,2594.10009765625,2594.10009765625,381
2025-04-11 15:22:00+05:30,2594.10009765625,2599.949951171875,2594.10009765625,2595.449951171875,451
2025-04-11 15:23:00+05:30,2598.64990234375,2599.25,2593.64990234375,2594.550048828125,272
2025-04-11 15:24:00+05:30,2599.800048828125,2602.0,2599.699951171875,2599.699951171875,303
2025-04-11 15:25:00+05:30,2594.199951171875,2598.14990234375,2594.199951171875,2597.300048828125,201
2025-04-11 15:26:00+05:30,2593.10009765625,2594.85009765625,2592.800048828125,2594.64990234375,168
2025-04-11 15:27:00+05:30,2594.10009765625,2594.89990234375,2590.0,2590.0,568
2025-04-11 15:28:00+05:30,2591.949951171875,2594.0,2588.10009765625,2588.10009765625,681
2025-04-11 15:29:00+05:30,2593.5,2594.0,2587.75,2587.75,301
2025-04-16 09:15:00+05:30,2731.800048828125,2749.0,2720.800048828125,2749.0,0
2025-04-16 09:16:00+05:30,2752.0,2752.0,2721.0,2721.0,1044
2025-04-16 09:17:00+05:30,2764.89990234375,2769.0,2751.800048828125,2751.800048828125,2857
2025-04-16 09:18:00+05:30,2748.5,2755.60009765625,2746.39990234375,2755.60009765625,613
2025-04-16 09:19:00+05:30,2742.800048828125,2751.699951171875,2741.199951171875,2751.199951171875,383
2025-04-16 09:20:00+05:30,2742.0,2746.0,2742.0,2742.89990234375,516
2025-04-16 09:21:00+05:30,2748.199951171875,2749.5,2737.800048828125,2743.10009765625,804
2025-04-16 09:22:00+05:30,2748.10009765625,2750.89990234375,2746.10009765625,2750.89990234375,301
2025-04-16 09:23:00+05:30,2752.89990234375,2752.89990234375,2745.699951171875,2745.699951171875,465
2025-04-16 09:24:00+05:30,2752.300048828125,2753.5,2751.89990234375,2752.89990234375,174
2025-04-16 09:25:00+05:30,2747.0,2753.699951171875,2745.699951171875,2753.699951171875,68
2025-04-16 09:26:00+05:30,2742.699951171875,2746.89990234375,2740.0,2746.89990234375,163
2025-04-16 09:27:00+05:30,2748.199951171875,2748.199951171875,2739.39990234375,2739.39990234375,182
2025-04-16 09:28:00+05:30,2745.0,2745.89990234375,2741.10009765625,2745.89990234375,38
2025-04-16 09:29:00+05:30,2744.300048828125,2747.699951171875,2744.300048828125,2747.699951171875,226
2025-04-16 09:30:00+05:30,2739.39990234375,2745.199951171875,2739.39990234375,2744.39990234375,844
2025-04-16 09:31:00+05:30,2749.10009765625,2750.0,2747.199951171875,2748.60009765625,312
2025-04-16 09:32:00+05:30,2750.10009765625,2753.10009765625,2750.10009765625,2753.10009765625,454
2025-04-16 09:33:00+05:30,2750.699951171875,2751.39990234375,2746.39990234375,2747.699951171875,655
2025-04-16 09:34:00+05:30,2741.800048828125,2745.39990234375,2741.800048828125,2745.39990234375,151
2025-04-16 09:35:00+05:30,2745.0,2745.0,2741.800048828125,2741.800048828125,323
2025-04-16 09:36:00+05:30,2748.10009765625,2750.5,2748.10009765625,2750.5,128
2025-04-16 09:37:00+05:30,2748.10009765625,2748.10009765625,2745.800048828125,2745.800048828125,78
2025-04-16 09:38:00+05:30,2744.60009765625,2748.199951171875,2744.60009765625,2748.199951171875,413
2025-04-16 09:39:00+05:30,2749.199951171875,2749.39990234375,2747.39990234375,2747.39990234375,9
2025-04-16 09:40:00+05:30,2759.5,2759.5,2755.89990234375,2755.89990234375,605
2025-04-16 09:41:00+05:30,2762.800048828125,2763.699951171875,2760.39990234375,2760.39990234375,218
2025-04-16 09:42:00+05:30,2766.800048828125,2766.800048828125,2760.39990234375,2763.0,726
2025-04-16 09:43:00+05:30,2760.300048828125,2766.199951171875,2760.300048828125,2766.199951171875,252
2025-04-16 09:44:00+05:30,2767.199951171875,2767.199951171875,2763.0,2763.0,174
2025-04-16 09:45:00+05:30,2762.300048828125,2764.89990234375,2762.300048828125,2764.89990234375,63
2025-04-16 09:46:00+05:30,2761.300048828125,2762.800048828125,2761.300048828125,2762.300048828125,30
2025-04-16 09:47:00+05:30,2764.60009765625,2765.0,2764.60009765625,2765.0,98
2025-04-16 09:48:00+05:30,2765.5,2765.5,2764.199951171875,2764.199951171875,129
2025-04-16 09:49:00+05:30,2764.89990234375,2764.89990234375,2762.0,2762.0,38
2025-04-16 09:50:00+05:30,2757.0,2760.0,2757.0,2760.0,299
2025-04-16 09:51:00+05:30,2757.0,2757.0,2757.0,2757.0,7
2025-04-16 09:52:00+05:30,2760.39990234375,2760.699951171875,2760.39990234375,2760.699951171875,83
2025-04-16 09:53:00+05:30,2757.800048828125,2760.0,2757.800048828125,2760.0,17
2025-04-16 09:54:00+05:30,2757.0,2759.60009765625,2757.0,2759.60009765625,33
2025-04-16 09:55:00+05:30,2757.300048828125,2757.300048828125,2757.300048828125,2757.300048828125,15
2025-04-16 09:56:00+05:30,2757.5,2757.5,2757.5,2757.5,22
2025-04-16 09:57:00+05:30,2758.89990234375,2762.10009765625,2758.89990234375,2762.10009765625,55
2025-04-16 09:58:00+05:30,2756.39990234375,2758.10009765625,2756.39990234375,2758.10009765625,107
2025-04-16 09:59:00+05:30,2758.300048828125,2758.800048828125,2755.699951171875,2758.800048828125,11
2025-04-16 10:00:00+05:30,2760.300048828125,2760.300048828125,2757.800048828125,2757.800048828125,636
2025-04-16 10:01:00+05:30,2763.0,2763.0,2760.60009765625,2760.60009765625,451
2025-04-16 10:02:00+05:30,2763.300048828125,2763.300048828125,2760.0,2760.0,231
2025-04-16 10:03:00+05:30,2762.0,2762.0,2760.0,2760.0,111
2025-04-16 10:04:00+05:30,2756.10009765625,2765.0,2756.10009765625,2765.0,312
2025-04-16 10:05:00+05:30,2754.300048828125,2754.300048828125,2752.0,2753.699951171875,197
2025-04-16 10:06:00+05:30,2751.10009765625,2751.10009765625,2751.0,2751.0,19
2025-04-16 10:07:00+05:30,2755.800048828125,2755.800048828125,2753.699951171875,2754.300048828125,219
2025-04-16 10:08:00+05:30,2755.800048828125,2755.800048828125,2755.800048828125,2755.800048828125,4
2025-04-16 10:09:00+05:30,2757.60009765625,2757.60009765625,2757.39990234375,2757.39990234375,32
2025-04-16 10:10:00+05:30,2753.699951171875,2757.0,2753.699951171875,2757.0,37
2025-04-16 10:11:00+05:30,2757.89990234375,2757.89990234375,2757.0,2757.0,9
2025-04-16 10:12:00+05:30,2755.39990234375,2756.800048828125,2752.89990234375,2756.800048828125,76
2025-04-16 10:13:00+05:30,2754.39990234375,2754.39990234375,2754.39990234375,2754.39990234375,970
2025-04-16 10:14:00+05:30,2756.199951171875,2757.0,2754.60009765625,2754.60009765625,0
2025-04-16 10:15:00+05:30,2754.39990234375,2756.699951171875,2754.39990234375,2754.89990234375,141
2025-04-16 10:16:00+05:30,2743.199951171875,2752.5,2743.199951171875,2752.5,1046
2025-04-16 10:17:00+05:30,2739.39990234375,2746.0,2739.39990234375,2742.0,1166
2025-04-16 10:18:00+05:30,2740.10009765625,2743.300048828125,2738.0,2738.0,277
2025-04-16 10:19:00+05:30,2740.199951171875,2742.10009765625,2740.199951171875,2742.0,330
2025-04-16 10:20:00+05:30,2735.39990234375,2740.10009765625,2734.60009765625,2740.10009765625,641
2025-04-16 10:21:00+05:30,2734.0,2737.5,2733.10009765625,2736.5,546
2025-04-16 10:22:00+05:30,2737.300048828125,2738.0,2732.699951171875,2732.699951171875,250
2025-04-16 10:23:00+05:30,2737.0,2741.199951171875,2737.0,2738.0,167
2025-04-16 10:24:00+05:30,2737.5,2740.0,2737.0,2740.0,70
2025-04-16 10:25:00+05:30,2737.199951171875,2739.300048828125,2737.199951171875,2737.5,0
2025-04-16 10:26:00+05:30,2735.300048828125,2737.0,2735.199951171875,2737.0,252
2025-04-16 10:27:00+05:30,2738.300048828125,2742.10009765625,2736.800048828125,2738.199951171875,94
2025-04-16 10:28:00+05:30,2745.0,2745.0,2741.699951171875,2741.699951171875,45
2025-04-16 10:29:00+05:30,2761.0,2761.0,2746.39990234375,2746.89990234375,817
2025-04-16 10:30:00+05:30,2774.0,2778.199951171875,2765.5,2765.5,1754
2025-04-16 10:31:00+05:30,2766.300048828125,2779.10009765625,2766.300048828125,2777.89990234375,947
2025-04-16 10:32:00+05:30,2765.10009765625,2765.10009765625,2764.199951171875,2765.0,125
2025-04-16 10:33:00+05:30,2767.0,2768.800048828125,2765.699951171875,2765.699951171875,316
2025-04-16 10:34:00+05:30,2763.0,2766.699951171875,2763.0,2766.699951171875,28
2025-04-16 10:35:00+05:30,2763.5,2763.5,2761.10009765625,2761.10009765625,30
2025-04-16 10:37:00+05:30,2758.0,2762.199951171875,2758.0,2760.39990234375,63
2025-04-16 10:38:00+05:30,2758.0,2758.0,2755.5,2755.5,28
2025-04-16 10:39:00+05:30,2759.39990234375,2759.89990234375,2758.89990234375,2758.89990234375,20
2025-04-16 10:40:00+05:30,2761.300048828125,2763.10009765625,2757.10009765625,2759.39990234375,267
2025-04-16 10:41:00+05:30,2764.10009765625,2764.10009765625,2761.0,2761.0,313
2025-04-16 10:42:00+05:30,2764.10009765625,2764.10009765625,2762.0,2763.89990234375,54
2025-04-16 10:43:00+05:30,2765.0,2765.39990234375,2765.0,2765.39990234375,23
2025-04-16 10:44:00+05:30,2767.10009765625,2767.10009765625,2764.10009765625,2765.199951171875,59
2025-04-16 10:45:00+05:30,2764.89990234375,2764.89990234375,2764.89990234375,2764.89990234375,17
2025-04-16 10:46:00+05:30,2757.0,2757.60009765625,2753.699951171875,2755.60009765625,1065
2025-04-16 10:47:00+05:30,2755.800048828125,2757.89990234375,2754.800048828125,2757.0,554
2025-04-16 10:48:00+05:30,2756.0,2756.0,2755.300048828125,2755.300048828125,1128
2025-04-16 10:49:00+05:30,2755.89990234375,2755.89990234375,2753.0,2755.89990234375,37
2025-04-16 10:51:00+05:30,2758.0,2758.0,2755.89990234375,2755.89990234375,134
2025-04-16 10:52:00+05:30,2759.699951171875,2759.699951171875,2759.699951171875,2759.699951171875,86
2025-04-16 10:53:00+05:30,2757.10009765625,2759.699951171875,2757.10009765625,2759.699951171875,0
2025-04-16 10:54:00+05:30,2748.89990234375,2757.699951171875,2748.89990234375,2757.699951171875,1566
2025-04-16 10:55:00+05:30,2749.800048828125,2750.199951171875,2745.699951171875,2745.699951171875,140
2025-04-16 10:56:00+05:30,2748.89990234375,2750.800048828125,2748.89990234375,2750.800048828125,34
2025-04-16 10:57:00+05:30,2748.199951171875,2748.199951171875,2748.199951171875,2748.199951171875,1
2025-04-16 10:58:00+05:30,2748.60009765625,2751.5,2748.60009765625,2751.5,14
2025-04-16 10:59:00+05:30,2748.5,2748.5,2748.5,2748.5,2
2025-04-16 11:00:00+05:30,2744.89990234375,2748.10009765625,2744.300048828125,2747.699951171875,164
2025-04-16 11:01:00+05:30,2744.89990234375,2744.89990234375,2744.300048828125,2744.300048828125,159
2025-04-16 11:02:00+05:30,2744.89990234375,2744.89990234375,2742.39990234375,2744.89990234375,162
2025-04-16 11:03:00+05:30,2743.10009765625,2743.10009765625,2742.0,2742.39990234375,0
2025-04-16 11:04:00+05:30,2742.0,2744.39990234375,2742.0,2744.39990234375,27
2025-04-16 11:05:00+05:30,2741.0,2742.199951171875,2741.0,2742.199951171875,231
2025-04-16 11:06:00+05:30,2742.39990234375,2744.5,2740.5,2744.5,33
2025-04-16 11:07:00+05:30,2743.60009765625,2747.0,2743.60009765625,2744.60009765625,47
2025-04-16 11:08:00+05:30,2745.39990234375,2745.39990234375,2742.10009765625,2742.10009765625,100
2025-04-16 11:09:00+05:30,2745.89990234375,2745.89990234375,2745.89990234375,2745.89990234375,2
2025-04-16 11:11:00+05:30,2747.60009765625,2747.60009765625,2747.60009765625,2747.60009765625,1
2025-04-16 11:12:00+05:30,2749.0,2749.5,2748.699951171875,2749.5,95
2025-04-16 11:14:00+05:30,2749.699951171875,2749.699951171875,2749.699951171875,2749.699951171875,10
2025-04-16 11:16:00+05:30,2748.0,2748.0,2748.0,2748.0,1
2025-04-16 11:17:00+05:30,2748.699951171875,2748.699951171875,2748.699951171875,2748.699951171875,1
2025-04-16 11:18:00+05:30,2748.5,2748.5,2745.800048828125,2745.800048828125,11
2025-04-16 11:21:00+05:30,2747.89990234375,2747.89990234375,2747.89990234375,2747.89990234375,3
2025-04-16 11:22:00+05:30,2775.0,2775.0,2747.60009765625,2747.60009765625,1251
2025-04-16 11:23:00+05:30,2777.199951171875,2778.5,2768.89990234375,2774.0,935
2025-04-16 11:24:00+05:30,2771.800048828125,2771.800048828125,2771.800048828125,2771.800048828125,53
2025-04-16 11:25:00+05:30,2769.60009765625,2773.300048828125,2769.60009765625,2773.300048828125,57
2025-04-16 11:26:00+05:30,2769.199951171875,2771.199951171875,2769.199951171875,2771.199951171875,52
2025-04-16 11:27:00+05:30,2767.5,2767.5,2765.0,2765.0,131
2025-04-16 11:28:00+05:30,2765.0,2767.10009765625,2765.0,2767.10009765625,0
2025-04-16 11:29:00+05:30,2761.39990234375,2766.39990234375,2761.39990234375,2761.5,118
2025-04-16 11:30:00+05:30,2763.0,2763.0,2763.0,2763.0,0
2025-04-16 11:31:00+05:30,2765.0,2765.0,2763.39990234375,2763.39990234375,202
2025-04-16 11:32:00+05:30,2765.10009765625,2765.10009765625,2762.699951171875,2762.699951171875,26
2025-04-16 11:33:00+05:30,2765.800048828125,2765.800048828125,2762.800048828125,2762.800048828125,15
2025-04-16 11:34:00+05:30,2767.300048828125,2767.89990234375,2767.300048828125,2767.89990234375,76
2025-04-16 11:35:00+05:30,2764.800048828125,2764.800048828125,2764.800048828125,2764.800048828125,35
2025-04-16 11:36:00+05:30,2756.60009765625,2756.60009765625,2756.60009765625,2756.60009765625,590
2025-04-16 11:37:00+05:30,2758.89990234375,2758.89990234375,2755.5,2755.5,1087
2025-04-16 11:39:00+05:30,2755.0,2757.199951171875,2755.0,2757.199951171875,379
2025-04-16 11:40:00+05:30,2751.10009765625,2751.10009765625,2746.300048828125,2750.10009765625,178
2025-04-16 11:41:00+05:30,2748.89990234375,2748.89990234375,2748.5,2748.5,21
2025-04-16 11:42:00+05:30,2749.699951171875,2749.699951171875,2749.699951171875,2749.699951171875,0
2025-04-16 11:44:00+05:30,2760.199951171875,2760.199951171875,2750.0,2750.0,237
2025-04-16 11:45:00+05:30,2756.39990234375,2756.5,2756.39990234375,2756.5,1
2025-04-16 11:46:00+05:30,2760.0,2760.199951171875,2759.39990234375,2759.39990234375,37
2025-04-16 11:47:00+05:30,2759.800048828125,2759.800048828125,2757.10009765625,2757.10009765625,13
2025-04-16 11:49:00+05:30,2759.800048828125,2759.800048828125,2756.5,2756.5,24
2025-04-16 11:50:00+05:30,2758.39990234375,2758.39990234375,2758.39990234375,2758.39990234375,1
2025-04-16 11:52:00+05:30,2758.0,2761.60009765625,2758.0,2760.199951171875,215
2025-04-16 11:53:00+05:30,2758.39990234375,2759.5,2758.39990234375,2759.5,3
2025-04-16 11:54:00+05:30,2759.89990234375,2760.10009765625,2759.699951171875,2759.699951171875,58
2025-04-16 11:55:00+05:30,2761.10009765625,2761.10009765625,2757.89990234375,2757.89990234375,30
2025-04-16 11:56:00+05:30,2758.0,2758.0,2758.0,2758.0,13
2025-04-16 11:57:00+05:30,2759.5,2759.5,2759.5,2759.5,32
2025-04-16 11:58:00+05:30,2755.0,2755.0,2755.0,2755.0,4
2025-04-16 12:00:00+05:30,2755.0,2755.0,2753.800048828125,2753.800048828125,9
2025-04-16 12:01:00+05:30,2755.0,2755.0,2755.0,2755.0,28
2025-04-16 12:02:00+05:30,2759.300048828125,2759.300048828125,2759.300048828125,2759.300048828125,188
2025-04-16 12:03:00+05:30,2758.5,2758.5,2758.5,2758.5,7
2025-04-16 12:04:00+05:30,2758.60009765625,2758.60009765625,2758.60009765625,2758.60009765625,27
2025-04-16 12:05:00+05:30,2759.0,2759.0,2759.0,2759.0,20
2025-04-16 12:07:00+05:30,2758.39990234375,2758.39990234375,2758.0,2758.39990234375,3
2025-04-16 12:08:00+05:30,2755.800048828125,2756.60009765625,2755.800048828125,2756.60009765625,21
2025-04-16 12:09:00+05:30,2755.89990234375,2755.89990234375,2755.89990234375,2755.89990234375,11
2025-04-16 12:10:00+05:30,2765.5,2766.10009765625,2757.89990234375,2757.89990234375,1064
2025-04-16 12:11:00+05:30,2764.300048828125,2764.300048828125,2763.89990234375,2764.300048828125,3
2025-04-16 12:12:00+05:30,2761.199951171875,2761.800048828125,2761.199951171875,2761.800048828125,65
2025-04-16 12:13:00+05:30,2762.39990234375,2762.39990234375,2761.60009765625,2761.60009765625,15
2025-04-16 12:16:00+05:30,2761.89990234375,2761.89990234375,2761.89990234375,2761.89990234375,8
2025-04-16 12:18:00+05:30,2768.10009765625,2768.10009765625,2765.10009765625,2765.10009765625,152
2025-04-16 12:19:00+05:30,2765.5,2765.5,2765.5,2765.5,3
2025-04-16 12:20:00+05:30,2763.699951171875,2763.699951171875,2763.699951171875,2763.699951171875,6
2025-04-16 12:21:00+05:30,2763.699951171875,2763.699951171875,2763.699951171875,2763.699951171875,23
2025-04-16 12:22:00+05:30,2766.60009765625,2766.60009765625,2766.60009765625,2766.60009765625,5
2025-04-16 12:23:00+05:30,2765.0,2767.60009765625,2765.0,2767.60009765625,23
2025-04-16 12:24:00+05:30,2764.199951171875,2765.0,2764.199951171875,2765.0,30
2025-04-16 12:26:00+05:30,2761.5,2761.5,2761.5,2761.5,5
2025-04-16 12:27:00+05:30,2757.199951171875,2757.199951171875,2757.199951171875,2757.199951171875,208
2025-04-16 12:28:00+05:30,2761.5,2761.5,2759.0,2760.199951171875,65
2025-04-16 12:29:00+05:30,2760.199951171875,2762.89990234375,2760.199951171875,2762.89990234375,12
2025-04-16 12:30:00+05:30,2760.0,2760.0,2760.0,2760.0,5
2025-04-16 12:32:00+05:30,2758.5,2758.5,2758.5,2758.5,255
2025-04-16 12:33:00+05:30,2760.0,2760.0,2760.0,2760.0,33
2025-04-16 12:35:00+05:30,2759.89990234375,2761.89990234375,2758.699951171875,2761.89990234375,52
2025-04-16 12:36:00+05:30,2757.89990234375,2757.89990234375,2757.89990234375,2757.89990234375,53
2025-04-16 12:37:00+05:30,2761.0,2761.0,2758.39990234375,2758.39990234375,10
2025-04-16 12:38:00+05:30,2761.39990234375,2761.39990234375,2761.0,2761.0,37
2025-04-16 12:39:00+05:30,2759.5,2761.300048828125,2759.5,2759.800048828125,29
2025-04-16 12:40:00+05:30,2760.0,2760.5,2759.0,2759.0,38
2025-04-16 12:41:00+05:30,2760.0,2760.39990234375,2760.0,2760.0,45
2025-04-16 12:42:00+05:30,2761.300048828125,2761.300048828125,2761.199951171875,2761.199951171875,0
2025-04-16 12:44:00+05:30,2758.89990234375,2761.800048828125,2758.89990234375,2761.800048828125,24
2025-04-16 12:45:00+05:30,2760.0,2760.0,2760.0,2760.0,87
2025-04-16 12:46:00+05:30,2759.60009765625,2759.60009765625,2757.199951171875,2758.0,16
2025-04-16 12:48:00+05:30,2757.800048828125,2757.800048828125,2756.0,2756.800048828125,46
2025-04-16 12:50:00+05:30,2754.10009765625,2757.800048828125,2754.0,2756.10009765625,335
2025-04-16 12:52:00+05:30,2753.199951171875,2754.10009765625,2753.199951171875,2754.10009765625,14
2025-04-16 12:53:00+05:30,2756.60009765625,2756.60009765625,2752.10009765625,2753.300048828125,35
2025-04-16 12:55:00+05:30,2756.5,2756.5,2754.199951171875,2754.199951171875,3
2025-04-16 12:56:00+05:30,2757.800048828125,2757.800048828125,2757.800048828125,2757.800048828125,231
2025-04-16 12:57:00+05:30,2759.300048828125,2762.5,2759.300048828125,2761.199951171875,247
2025-04-16 13:01:00+05:30,2757.199951171875,2757.199951171875,2757.199951171875,2757.199951171875,0
2025-04-16 13:02:00+05:30,2759.300048828125,2759.300048828125,2759.300048828125,2759.300048828125,2
2025-04-16 13:03:00+05:30,2755.5,2757.60009765625,2755.5,2757.60009765625,73
2025-04-16 13:05:00+05:30,2757.800048828125,2758.199951171875,2757.800048828125,2758.199951171875,56
2025-04-16 13:07:00+05:30,2752.39990234375,2756.10009765625,2752.39990234375,2756.10009765625,85
2025-04-16 13:08:00+05:30,2754.0,2754.0,2752.39990234375,2752.39990234375,3
2025-04-16 13:10:00+05:30,2752.39990234375,2752.39990234375,2752.39990234375,2752.39990234375,219
2025-04-16 13:11:00+05:30,2753.0,2753.0,2751.5,2752.39990234375,16
2025-04-16 13:12:00+05:30,2759.60009765625,2759.60009765625,2754.89990234375,2754.89990234375,472
2025-04-16 13:13:00+05:30,2758.60009765625,2758.60009765625,2758.60009765625,2758.60009765625,1
2025-04-16 13:14:00+05:30,2759.800048828125,2759.800048828125,2759.800048828125,2759.800048828125,39
2025-04-16 13:15:00+05:30,2759.39990234375,2761.800048828125,2759.0,2759.0,30
2025-04-16 13:17:00+05:30,2764.800048828125,2764.800048828125,2764.800048828125,2764.800048828125,206
2025-04-16 13:18:00+05:30,2759.0,2760.60009765625,2759.0,2760.60009765625,31
2025-04-16 13:19:00+05:30,2759.0,2759.0,2759.0,2759.0,77
2025-04-16 13:20:00+05:30,2758.5,2759.0,2758.5,2759.0,88
2025-04-16 13:21:00+05:30,2758.5,2760.10009765625,2758.5,2760.10009765625,0
2025-04-16 13:22:00+05:30,2761.300048828125,2761.300048828125,2761.300048828125,2761.300048828125,2
2025-04-16 13:23:00+05:30,2762.199951171875,2762.199951171875,2762.199951171875,2762.199951171875,31
2025-04-16 13:24:00+05:30,2757.0,2758.5,2757.0,2758.5,33
2025-04-16 13:25:00+05:30,2757.0,2757.0,2757.0,2757.0,3
2025-04-16 13:26:00+05:30,2755.300048828125,2756.199951171875,2755.300048828125,2756.199951171875,110
2025-04-16 13:27:00+05:30,2752.699951171875,2755.39990234375,2752.699951171875,2755.39990234375,2
2025-04-16 13:28:00+05:30,2750.0,2752.10009765625,2750.0,2752.10009765625,475
2025-04-16 13:29:00+05:30,2749.60009765625,2750.800048828125,2746.39990234375,2750.39990234375,1138
2025-04-16 13:31:00+05:30,2746.699951171875,2746.699951171875,2746.699951171875,2746.699951171875,7
2025-04-16 13:33:00+05:30,2746.800048828125,2747.10009765625,2746.800048828125,2747.10009765625,5
2025-04-16 13:34:00+05:30,2748.0,2748.39990234375,2746.89990234375,2746.89990234375,91
2025-04-16 13:36:00+05:30,2749.10009765625,2750.0,2747.60009765625,2747.60009765625,26
2025-04-16 13:37:00+05:30,2747.699951171875,2747.699951171875,2747.5,2747.5,52
2025-04-16 13:38:00+05:30,2747.60009765625,2747.60009765625,2747.5,2747.5,16
2025-04-16 13:39:00+05:30,2748.199951171875,2750.800048828125,2748.199951171875,2750.800048828125,29
2025-04-16 13:40:00+05:30,2749.10009765625,2749.10009765625,2748.39990234375,2748.39990234375,9
2025-04-16 13:41:00+05:30,2750.0,2750.0,2750.0,2750.0,201
2025-04-16 13:42:00+05:30,2752.199951171875,2752.199951171875,2752.199951171875,2752.199951171875,0
2025-04-16 13:44:00+05:30,2750.10009765625,2752.0,2750.10009765625,2752.0,58
2025-04-16 13:45:00+05:30,2750.10009765625,2750.10009765625,2750.10009765625,2750.10009765625,0
2025-04-16 13:46:00+05:30,2750.0,2752.0,2749.300048828125,2752.0,59
2025-04-16 13:48:00+05:30,2752.89990234375,2753.10009765625,2752.89990234375,2753.10009765625,4
2025-04-16 13:49:00+05:30,2750.0,2750.0,2750.0,2750.0,2
2025-04-16 13:50:00+05:30,2755.60009765625,2755.60009765625,2755.60009765625,2755.60009765625,201
2025-04-16 13:51:00+05:30,2750.800048828125,2750.800048828125,2750.800048828125,2750.800048828125,22
2025-04-16 13:52:00+05:30,2750.699951171875,2750.699951171875,2750.699951171875,2750.699951171875,1
2025-04-16 13:53:00+05:30,2749.699951171875,2752.199951171875,2749.699951171875,2752.199951171875,14
2025-04-16 13:54:00+05:30,2751.89990234375,2751.89990234375,2749.300048828125,2751.89990234375,223
2025-04-16 13:55:00+05:30,2760.0,2760.0,2751.300048828125,2751.300048828125,256
2025-04-16 13:56:00+05:30,2760.0,2763.199951171875,2760.0,2760.39990234375,79
2025-04-16 13:57:00+05:30,2763.89990234375,2769.300048828125,2762.89990234375,2762.89990234375,367
2025-04-16 13:58:00+05:30,2758.60009765625,2763.39990234375,2758.60009765625,2763.39990234375,52
2025-04-16 13:59:00+05:30,2754.5,2757.300048828125,2754.5,2757.300048828125,46
2025-04-16 14:00:00+05:30,2765.0,2765.0,2757.199951171875,2764.0,177
2025-04-16 14:01:00+05:30,2763.0,2765.0,2760.800048828125,2765.0,74
2025-04-16 14:02:00+05:30,2764.89990234375,2765.0,2763.0,2765.0,149
2025-04-16 14:03:00+05:30,2760.800048828125,2764.89990234375,2760.60009765625,2762.10009765625,95
2025-04-16 14:04:00+05:30,2762.60009765625,2763.300048828125,2759.699951171875,2759.699951171875,90
2025-04-16 14:05:00+05:30,2757.800048828125,2762.0,2757.800048828125,2762.0,367
2025-04-16 14:06:00+05:30,2761.0,2762.0,2760.699951171875,2760.699951171875,120
2025-04-16 14:07:00+05:30,2754.10009765625,2761.0,2754.10009765625,2761.0,925
2025-04-16 14:08:00+05:30,2752.800048828125,2752.800048828125,2752.800048828125,2752.800048828125,9
2025-04-16 14:09:00+05:30,2752.699951171875,2755.5,2752.699951171875,2755.5,104
2025-04-16 14:10:00+05:30,2753.60009765625,2753.60009765625,2752.0,2752.0,36
2025-04-16 14:11:00+05:30,2751.300048828125,2755.5,2751.300048828125,2754.300048828125,34
2025-04-16 14:12:00+05:30,2752.800048828125,2752.800048828125,2752.800048828125,2752.800048828125,2
2025-04-16 14:13:00+05:30,2756.60009765625,2756.60009765625,2754.699951171875,2754.699951171875,19
2025-04-16 14:14:00+05:30,2756.0,2756.0,2754.199951171875,2754.199951171875,54
2025-04-16 14:15:00+05:30,2755.39990234375,2755.5,2752.89990234375,2755.5,72
2025-04-16 14:16:00+05:30,2755.39990234375,2756.89990234375,2755.39990234375,2756.89990234375,66
2025-04-16 14:18:00+05:30,2755.800048828125,2755.800048828125,2754.5,2754.5,10
2025-04-16 14:19:00+05:30,2755.89990234375,2755.89990234375,2753.199951171875,2755.39990234375,6
2025-04-16 14:20:00+05:30,2755.89990234375,2755.89990234375,2755.89990234375,2755.89990234375,2
2025-04-16 14:21:00+05:30,2756.0,2756.199951171875,2756.0,2756.199951171875,130
2025-04-16 14:22:00+05:30,2758.10009765625,2759.39990234375,2758.10009765625,2758.89990234375,58
2025-04-16 14:23:00+05:30,2758.39990234375,2759.699951171875,2758.39990234375,2759.699951171875,79
2025-04-16 14:24:00+05:30,2751.10009765625,2756.199951171875,2751.10009765625,2756.199951171875,52
2025-04-16 14:25:00+05:30,2753.89990234375,2753.89990234375,2753.89990234375,2753.89990234375,120
2025-04-16 14:26:00+05:30,2755.60009765625,2755.60009765625,2753.60009765625,2753.60009765625,25
2025-04-16 14:27:00+05:30,2758.5,2758.5,2758.5,2758.5,99
2025-04-16 14:28:00+05:30,2754.10009765625,2757.10009765625,2754.10009765625,2757.10009765625,7
2025-04-16 14:29:00+05:30,2753.300048828125,2753.300048828125,2753.300048828125,2753.300048828125,218
2025-04-16 14:30:00+05:30,2753.10009765625,2756.89990234375,2753.10009765625,2756.89990234375,40
2025-04-16 14:32:00+05:30,2755.5,2758.199951171875,2755.5,2758.199951171875,171
2025-04-16 14:34:00+05:30,2754.699951171875,2757.800048828125,2754.699951171875,2754.800048828125,19
2025-04-16 14:35:00+05:30,2752.5,2757.199951171875,2752.5,2755.0,51
2025-04-16 14:36:00+05:30,2757.199951171875,2757.199951171875,2753.199951171875,2753.199951171875,53
2025-04-16 14:37:00+05:30,2753.0,2753.0,2753.0,2753.0,48
2025-04-16 14:38:00+05:30,2757.199951171875,2758.199951171875,2753.699951171875,2753.699951171875,324
2025-04-16 14:39:00+05:30,2754.39990234375,2757.300048828125,2754.39990234375,2757.300048828125,3
2025-04-16 14:40:00+05:30,2753.89990234375,2754.39990234375,2753.89990234375,2754.39990234375,26
2025-04-16 14:41:00+05:30,2759.0,2759.0,2753.800048828125,2753.800048828125,124
2025-04-16 14:42:00+05:30,2758.39990234375,2758.39990234375,2758.39990234375,2758.39990234375,0
2025-04-16 14:43:00+05:30,2754.0,2754.199951171875,2753.5,2754.199951171875,38
2025-04-16 14:44:00+05:30,2756.800048828125,2756.800048828125,2755.39990234375,2755.39990234375,4
2025-04-16 14:45:00+05:30,2755.5,2758.199951171875,2755.5,2758.199951171875,76
2025-04-16 14:46:00+05:30,2754.300048828125,2754.300048828125,2754.300048828125,2754.300048828125,5
2025-04-16 14:47:00+05:30,2755.0,2755.0,2755.0,2755.0,2
2025-04-16 14:48:00+05:30,2753.5,2755.0,2753.5,2755.0,57
2025-04-16 14:49:00+05:30,2752.89990234375,2752.89990234375,2752.39990234375,2752.39990234375,49
2025-04-16 14:50:00+05:30,2755.300048828125,2756.5,2753.0,2756.5,16
2025-04-16 14:51:00+05:30,2753.0,2753.0,2753.0,2753.0,14
2025-04-16 14:52:00+05:30,2753.5,2753.5,2753.0,2753.0,3
2025-04-16 14:53:00+05:30,2753.0,2755.0,2753.0,2755.0,10
2025-04-16 14:54:00+05:30,2755.0,2755.0,2755.0,2755.0,314
2025-04-16 14:55:00+05:30,2755.0,2755.0,2752.199951171875,2752.199951171875,0
2025-04-16 14:56:00+05:30,2755.0,2755.300048828125,2752.199951171875,2755.300048828125,612
2025-04-16 14:57:00+05:30,2755.0,2755.0,2752.39990234375,2753.199951171875,16
2025-04-16 14:58:00+05:30,2755.0,2755.10009765625,2755.0,2755.0,14
2025-04-16 14:59:00+05:30,2755.10009765625,2756.0,2755.0,2755.0,35
2025-04-16 15:00:00+05:30,2759.89990234375,2759.89990234375,2756.0,2757.0,209
2025-04-16 15:01:00+05:30,2760.0,2760.0,2757.89990234375,2760.0,122
2025-04-16 15:02:00+05:30,2755.0,2760.0,2752.10009765625,2760.0,423
2025-04-16 15:03:00+05:30,2755.89990234375,2755.89990234375,2755.89990234375,2755.89990234375,5
2025-04-16 15:04:00+05:30,2753.0,2758.5,2753.0,2754.10009765625,195
2025-04-16 15:05:00+05:30,2752.0,2755.89990234375,2752.0,2755.89990234375,100
2025-04-16 15:06:00+05:30,2755.0,2755.0,2751.89990234375,2752.10009765625,171
2025-04-16 15:07:00+05:30,2754.0,2754.0,2751.5,2751.5,26
2025-04-16 15:08:00+05:30,2753.300048828125,2753.300048828125,2753.0,2753.0,184
2025-04-16 15:09:00+05:30,2751.89990234375,2752.300048828125,2751.5,2752.10009765625,128
2025-04-16 15:10:00+05:30,2752.60009765625,2753.0,2751.699951171875,2751.699951171875,150
2025-04-16 15:11:00+05:30,2747.10009765625,2752.5,2747.10009765625,2752.5,591
2025-04-16 15:12:00+05:30,2749.0,2751.300048828125,2749.0,2750.0,185
2025-04-16 15:13:00+05:30,2753.0,2753.0,2749.0,2749.0,378
2025-04-16 15:14:00+05:30,2752.800048828125,2755.0,2752.699951171875,2755.0,119
2025-04-16 15:15:00+05:30,2760.0,2763.800048828125,2755.89990234375,2755.89990234375,726
2025-04-16 15:16:00+05:30,2758.300048828125,2760.300048828125,2756.89990234375,2760.300048828125,138
2025-04-16 15:17:00+05:30,2756.699951171875,2758.300048828125,2754.300048828125,2757.699951171875,151
2025-04-16 15:18:00+05:30,2758.300048828125,2758.699951171875,2756.10009765625,2758.699951171875,178
2025-04-16 15:19:00+05:30,2756.10009765625,2757.199951171875,2755.300048828125,2755.5,90
2025-04-16 15:20:00+05:30,2752.800048828125,2760.39990234375,2752.800048828125,2756.89990234375,620
2025-04-16 15:21:00+05:30,2753.5,2754.39990234375,2753.5,2753.5,56
2025-04-16 15:22:00+05:30,2754.699951171875,2754.699951171875,2752.699951171875,2752.699951171875,120
2025-04-16 15:23:00+05:30,2754.699951171875,2755.0,2749.60009765625,2755.0,188
2025-04-16 15:24:00+05:30,2756.0,2757.0,2750.199951171875,2754.699951171875,367
2025-04-16 15:25:00+05:30,2757.800048828125,2758.0,2756.0,2756.0,152
2025-04-16 15:26:00+05:30,2757.89990234375,2757.89990234375,2754.199951171875,2754.199951171875,390
2025-04-16 15:27:00+05:30,2758.0,2760.0,2755.5,2760.0,472
2025-04-16 15:28:00+05:30,2758.0,2758.0,2755.0,2755.10009765625,321
2025-04-16 15:29:00+05:30,2760.0,2760.0,2755.10009765625,2758.0,562
2025-04-17 09:15:00+05:30,2762.800048828125,2762.800048828125,2754.10009765625,2755.5,0
2025-04-17 09:16:00+05:30,2774.10009765625,2778.699951171875,2763.60009765625,2763.60009765625,1068
2025-04-17 09:17:00+05:30,2798.39990234375,2799.89990234375,2771.10009765625,2771.10009765625,3193
2025-04-17 09:18:00+05:30,2799.0,2810.699951171875,2799.0,2808.0,4821
2025-04-17 09:19:00+05:30,2813.300048828125,2816.0,2795.300048828125,2795.300048828125,2771
2025-04-17 09:20:00+05:30,2823.60009765625,2823.60009765625,2813.10009765625,2813.10009765625,1972
2025-04-17 09:21:00+05:30,2809.199951171875,2824.39990234375,2809.199951171875,2824.39990234375,1284
2025-04-17 09:22:00+05:30,2809.39990234375,2818.39990234375,2795.60009765625,2802.10009765625,2367
2025-04-17 09:23:00+05:30,2823.699951171875,2823.699951171875,2804.39990234375,2810.0,1513
2025-04-17 09:24:00+05:30,2817.5,2822.0,2817.5,2821.800048828125,3220
2025-04-17 09:25:00+05:30,2829.199951171875,2829.60009765625,2817.699951171875,2817.699951171875,1445
2025-04-17 09:26:00+05:30,2824.89990234375,2829.60009765625,2821.60009765625,2828.0,568
2025-04-17 09:27:00+05:30,2834.699951171875,2834.699951171875,2823.199951171875,2823.199951171875,935
2025-04-17 09:28:00+05:30,2832.800048828125,2841.199951171875,2832.800048828125,2838.0,2413
2025-04-17 09:29:00+05:30,2832.699951171875,2834.10009765625,2830.60009765625,2830.800048828125,1904
2025-04-17 09:30:00+05:30,2845.199951171875,2845.199951171875,2833.300048828125,2833.300048828125,2110
2025-04-17 09:31:00+05:30,2842.10009765625,2847.89990234375,2838.39990234375,2838.39990234375,2128
2025-04-17 09:32:00+05:30,2837.10009765625,2844.5,2835.699951171875,2839.10009765625,1030
2025-04-17 09:33:00+05:30,2840.10009765625,2845.300048828125,2838.5,2839.39990234375,1628
2025-04-17 09:34:00+05:30,2835.0,2839.5,2832.10009765625,2839.5,245
2025-04-17 09:35:00+05:30,2828.199951171875,2834.800048828125,2827.5,2832.10009765625,1055
2025-04-17 09:36:00+05:30,2827.5,2827.89990234375,2827.0,2827.10009765625,690
2025-04-17 09:37:00+05:30,2835.0,2835.0,2827.10009765625,2827.10009765625,549
2025-04-17 09:38:00+05:30,2833.39990234375,2833.39990234375,2827.60009765625,2832.89990234375,1715
2025-04-17 09:39:00+05:30,2836.60009765625,2844.800048828125,2833.89990234375,2833.89990234375,1101
2025-04-17 09:40:00+05:30,2851.10009765625,2856.10009765625,2838.39990234375,2838.39990234375,4644
2025-04-17 09:41:00+05:30,2858.0,2858.0,2852.5,2852.5,1978
2025-04-17 09:42:00+05:30,2851.5,2853.60009765625,2850.10009765625,2853.60009765625,398
2025-04-17 09:43:00+05:30,2865.0,2865.0,2850.89990234375,2850.89990234375,1948
2025-04-17 09:44:00+05:30,2874.199951171875,2875.0,2868.800048828125,2868.89990234375,2248
2025-04-17 09:45:00+05:30,2872.89990234375,2873.800048828125,2870.5,2870.5,1455
2025-04-17 09:46:00+05:30,2867.699951171875,2871.10009765625,2864.0,2868.0,1434
2025-04-17 09:47:00+05:30,2851.39990234375,2870.0,2851.39990234375,2870.0,2492
2025-04-17 09:48:00+05:30,2856.89990234375,2856.89990234375,2852.5,2854.0,698
2025-04-17 09:49:00+05:30,2862.60009765625,2862.699951171875,2856.0,2856.0,479
2025-04-17 09:50:00+05:30,2856.5,2862.199951171875,2856.5,2862.199951171875,262
2025-04-17 09:51:00+05:30,2862.0,2862.0,2856.0,2858.0,631
2025-04-17 09:52:00+05:30,2858.300048828125,2860.300048828125,2855.60009765625,2856.199951171875,380
2025-04-17 09:53:00+05:30,2856.60009765625,2859.0,2855.60009765625,2859.0,191
2025-04-17 09:54:00+05:30,2859.0,2861.89990234375,2856.800048828125,2859.0,372
2025-04-17 09:55:00+05:30,2859.0,2862.0,2859.0,2861.800048828125,340
2025-04-17 09:56:00+05:30,2860.10009765625,2862.0,2857.0,2857.0,530
2025-04-17 09:57:00+05:30,2859.60009765625,2861.699951171875,2857.60009765625,2861.699951171875,204
2025-04-17 09:58:00+05:30,2856.5,2861.0,2855.0,2856.0,479
2025-04-17 09:59:00+05:30,2855.699951171875,2857.800048828125,2853.699951171875,2856.60009765625,331
2025-04-17 10:00:00+05:30,2855.0,2857.10009765625,2855.0,2856.60009765625,229
2025-04-17 10:01:00+05:30,2850.699951171875,2852.5,2850.0,2852.5,615
2025-04-17 10:02:00+05:30,2847.300048828125,2853.39990234375,2846.0,2851.199951171875,571
2025-04-17 10:03:00+05:30,2848.300048828125,2848.39990234375,2847.300048828125,2848.39990234375,2
2025-04-17 10:04:00+05:30,2845.0,2847.300048828125,2845.0,2847.300048828125,187
2025-04-17 10:05:00+05:30,2843.10009765625,2848.199951171875,2843.10009765625,2846.60009765625,403
2025-04-17 10:06:00+05:30,2841.10009765625,2843.699951171875,2841.10009765625,2841.199951171875,225
2025-04-17 10:07:00+05:30,2834.0,2841.10009765625,2834.0,2841.10009765625,493
2025-04-17 10:08:00+05:30,2840.0,2840.0,2835.89990234375,2835.89990234375,160
2025-04-17 10:09:00+05:30,2830.0,2839.89990234375,2830.0,2839.89990234375,742
2025-04-17 10:10:00+05:30,2825.5,2830.0,2825.5,2830.0,1361
2025-04-17 10:11:00+05:30,2821.0,2828.0,2821.0,2827.800048828125,911
2025-04-17 10:12:00+05:30,2825.60009765625,2825.89990234375,2822.0,2822.0,1048
2025-04-17 10:13:00+05:30,2828.0,2828.5,2825.60009765625,2826.5,605
2025-04-17 10:14:00+05:30,2828.5,2832.0,2828.5,2830.89990234375,408
2025-04-17 10:15:00+05:30,2827.800048828125,2831.0,2827.800048828125,2830.0,208
2025-04-17 10:16:00+05:30,2825.89990234375,2837.199951171875,2825.89990234375,2837.199951171875,971
2025-04-17 10:17:00+05:30,2822.10009765625,2824.0,2822.10009765625,2823.39990234375,144
2025-04-17 10:18:00+05:30,2818.60009765625,2821.199951171875,2818.199951171875,2821.0,726
2025-04-17 10:19:00+05:30,2810.300048828125,2817.5,2810.300048828125,2817.5,810
2025-04-17 10:20:00+05:30,2802.0,2809.89990234375,2800.89990234375,2807.199951171875,1035
2025-04-17 10:21:00+05:30,2796.5,2804.199951171875,2796.5,2801.89990234375,2071
2025-04-17 10:22:00+05:30,2786.0,2795.0,2786.0,2795.0,1719
2025-04-17 10:23:00+05:30,2782.39990234375,2788.0,2779.199951171875,2788.0,1210
2025-04-17 10:24:00+05:30,2782.39990234375,2782.39990234375,2775.0,2777.199951171875,626
2025-04-17 10:25:00+05:30,2784.89990234375,2785.60009765625,2782.0,2782.0,815
2025-04-17 10:26:00+05:30,2785.0,2789.0,2784.39990234375,2784.39990234375,2067
2025-04-17 10:27:00+05:30,2783.199951171875,2783.39990234375,2780.10009765625,2781.0,0
2025-04-17 10:28:00+05:30,2785.60009765625,2785.60009765625,2781.0,2782.699951171875,275
2025-04-17 10:29:00+05:30,2781.0,2785.300048828125,2781.0,2785.300048828125,305
2025-04-17 10:30:00+05:30,2777.60009765625,2783.60009765625,2777.300048828125,2781.60009765625,1703
2025-04-17 10:31:00+05:30,2776.0,2777.0,2771.60009765625,2777.0,559
2025-04-17 10:32:00+05:30,2778.300048828125,2781.0,2773.699951171875,2773.699951171875,349
2025-04-17 10:33:00+05:30,2781.39990234375,2782.699951171875,2778.300048828125,2778.300048828125,159
2025-04-17 10:34:00+05:30,2781.199951171875,2781.39990234375,2780.0,2781.39990234375,38
2025-04-17 10:35:00+05:30,2780.39990234375,2781.5,2780.39990234375,2781.5,76
2025-04-17 10:36:00+05:30,2786.10009765625,2786.10009765625,2781.39990234375,2781.39990234375,773
2025-04-17 10:37:00+05:30,2789.89990234375,2792.300048828125,2783.0,2786.0,831
2025-04-17 10:38:00+05:30,2802.10009765625,2802.10009765625,2788.199951171875,2788.199951171875,1146
2025-04-17 10:39:00+05:30,2807.699951171875,2811.10009765625,2803.699951171875,2803.699951171875,1443
2025-04-17 10:40:00+05:30,2807.699951171875,2807.699951171875,2805.0,2805.0,36
2025-04-17 10:41:00+05:30,2811.10009765625,2813.0,2811.10009765625,2812.800048828125,467
2025-04-17 10:42:00+05:30,2815.5,2817.39990234375,2810.89990234375,2817.39990234375,307
2025-04-17 10:43:00+05:30,2814.60009765625,2814.800048828125,2812.10009765625,2812.10009765625,174
2025-04-17 10:44:00+05:30,2815.699951171875,2815.699951171875,2814.5,2815.699951171875,189
2025-04-17 10:45:00+05:30,2815.0,2815.0,2812.800048828125,2813.39990234375,1049
2025-04-17 10:46:00+05:30,2814.199951171875,2817.300048828125,2814.199951171875,2817.300048828125,139
2025-04-17 10:47:00+05:30,2813.60009765625,2813.60009765625,2810.39990234375,2813.0,82
2025-04-17 10:48:00+05:30,2810.0,2810.60009765625,2810.0,2810.60009765625,16
2025-04-17 10:49:00+05:30,2810.0,2810.0,2810.0,2810.0,79
2025-04-17 10:50:00+05:30,2808.199951171875,2810.60009765625,2808.199951171875,2810.60009765625,278
2025-04-17 10:51:00+05:30,2805.5,2807.39990234375,2805.5,2807.39990234375,495
2025-04-17 10:52:00+05:30,2809.10009765625,2809.60009765625,2806.10009765625,2809.60009765625,42
2025-04-17 10:53:00+05:30,2809.60009765625,2811.0,2809.60009765625,2811.0,112
2025-04-17 10:54:00+05:30,2800.0,2809.800048828125,2800.0,2806.699951171875,499
2025-04-17 10:55:00+05:30,2800.89990234375,2802.800048828125,2800.0,2800.0,25
2025-04-17 10:56:00+05:30,2802.60009765625,2802.60009765625,2800.39990234375,2800.39990234375,62
2025-04-17 10:58:00+05:30,2801.699951171875,2804.0,2801.699951171875,2801.699951171875,188
2025-04-17 10:59:00+05:30,2797.60009765625,2800.0,2796.5,2799.60009765625,217
2025-04-17 11:00:00+05:30,2797.60009765625,2797.60009765625,2796.89990234375,2796.89990234375,32
2025-04-17 11:01:00+05:30,2798.39990234375,2798.39990234375,2797.800048828125,2797.800048828125,129
2025-04-17 11:02:00+05:30,2797.199951171875,2798.39990234375,2797.199951171875,2798.39990234375,709
2025-04-17 11:03:00+05:30,2791.10009765625,2796.5,2791.10009765625,2796.5,245
2025-04-17 11:04:00+05:30,2794.199951171875,2794.199951171875,2792.199951171875,2792.199951171875,47
2025-04-17 11:05:00+05:30,2795.300048828125,2797.699951171875,2793.89990234375,2793.89990234375,42
2025-04-17 11:06:00+05:30,2795.0,2795.300048828125,2795.0,2795.300048828125,46
2025-04-17 11:07:00+05:30,2799.800048828125,2799.800048828125,2795.0,2795.0,87
2025-04-17 11:08:00+05:30,2803.699951171875,2803.699951171875,2800.0,2800.199951171875,133
2025-04-17 11:09:00+05:30,2803.300048828125,2805.39990234375,2803.300048828125,2803.39990234375,118
2025-04-17 11:10:00+05:30,2796.199951171875,2800.0,2796.199951171875,2800.0,219
2025-04-17 11:11:00+05:30,2796.199951171875,2799.10009765625,2796.199951171875,2799.10009765625,14
2025-04-17 11:12:00+05:30,2798.60009765625,2798.60009765625,2798.60009765625,2798.60009765625,1
2025-04-17 11:13:00+05:30,2797.699951171875,2797.699951171875,2797.699951171875,2797.699951171875,19
2025-04-17 11:14:00+05:30,2797.0,2797.10009765625,2796.199951171875,2796.199951171875,83
2025-04-17 11:15:00+05:30,2795.5,2798.60009765625,2795.300048828125,2797.0,56
2025-04-17 11:16:00+05:30,2799.89990234375,2800.89990234375,2798.199951171875,2798.199951171875,53
2025-04-17 11:17:00+05:30,2798.199951171875,2802.300048828125,2798.199951171875,2802.300048828125,141
2025-04-17 11:18:00+05:30,2801.5,2801.60009765625,2801.5,2801.60009765625,0
2025-04-17 11:19:00+05:30,2800.5,2800.5,2798.39990234375,2798.39990234375,6
2025-04-17 11:20:00+05:30,2798.199951171875,2800.0,2798.199951171875,2800.0,12
2025-04-17 11:21:00+05:30,2800.0,2800.0,2798.199951171875,2798.199951171875,29
2025-04-17 11:22:00+05:30,2798.199951171875,2798.199951171875,2798.199951171875,2798.199951171875,6
2025-04-17 11:23:00+05:30,2798.199951171875,2798.199951171875,2798.199951171875,2798.199951171875,0
2025-04-17 11:24:00+05:30,2799.89990234375,2801.60009765625,2799.89990234375,2801.60009765625,365
2025-04-17 11:25:00+05:30,2798.199951171875,2798.5,2798.199951171875,2798.5,29
2025-04-17 11:26:00+05:30,2797.800048828125,2798.199951171875,2797.800048828125,2798.199951171875,38
2025-04-17 11:27:00+05:30,2797.5,2797.5,2797.5,2797.5,7
2025-04-17 11:28:00+05:30,2795.0,2797.0,2795.0,2795.0,92
2025-04-17 11:29:00+05:30,2795.0,2795.0,2795.0,2795.0,17
2025-04-17 11:30:00+05:30,2795.0,2796.39990234375,2795.0,2795.0,11
2025-04-17 11:31:00+05:30,2795.0,2797.0,2795.0,2797.0,80
2025-04-17 11:32:00+05:30,2797.60009765625,2797.60009765625,2797.60009765625,2797.60009765625,43
2025-04-17 11:33:00+05:30,2798.199951171875,2799.89990234375,2796.89990234375,2799.89990234375,8
2025-04-17 11:34:00+05:30,2794.199951171875,2794.199951171875,2794.199951171875,2794.199951171875,187
2025-04-17 11:35:00+05:30,2794.199951171875,2794.199951171875,2794.199951171875,2794.199951171875,117
2025-04-17 11:37:00+05:30,2795.5,2795.60009765625,2795.0,2795.60009765625,75
2025-04-17 11:38:00+05:30,2793.0,2794.199951171875,2793.0,2794.199951171875,135
2025-04-17 11:39:00+05:30,2797.5,2797.5,2794.0,2794.0,126
2025-04-17 11:40:00+05:30,2795.300048828125,2799.60009765625,2794.60009765625,2797.699951171875,120
2025-04-17 11:41:00+05:30,2796.5,2796.5,2796.5,2796.5,49
2025-04-17 11:42:00+05:30,2796.5,2800.0,2796.5,2796.5,43
2025-04-17 11:43:00+05:30,2796.199951171875,2796.199951171875,2796.10009765625,2796.10009765625,55
2025-04-17 11:44:00+05:30,2804.800048828125,2804.800048828125,2801.5,2801.5,155
2025-04-17 11:45:00+05:30,2801.800048828125,2801.800048828125,2801.800048828125,2801.800048828125,7
2025-04-17 11:47:00+05:30,2799.39990234375,2799.39990234375,2799.39990234375,2799.39990234375,10
2025-04-17 11:49:00+05:30,2799.0,2800.0,2799.0,2799.199951171875,37
2025-04-17 11:50:00+05:30,2796.0,2801.89990234375,2796.0,2801.89990234375,262
2025-04-17 11:51:00+05:30,2797.60009765625,2797.60009765625,2797.60009765625,2797.60009765625,12
2025-04-17 11:52:00+05:30,2797.800048828125,2797.800048828125,2797.800048828125,2797.800048828125,12
2025-04-17 11:54:00+05:30,2797.800048828125,2799.699951171875,2796.0,2796.0,227
2025-04-17 11:55:00+05:30,2787.800048828125,2792.39990234375,2787.800048828125,2792.0,953
2025-04-17 11:56:00+05:30,2791.60009765625,2791.60009765625,2788.199951171875,2788.199951171875,0
2025-04-17 11:57:00+05:30,2794.5,2795.89990234375,2790.699951171875,2791.800048828125,64
2025-04-17 11:58:00+05:30,2790.39990234375,2790.800048828125,2790.39990234375,2790.800048828125,19
2025-04-17 11:59:00+05:30,2791.0,2791.0,2791.0,2791.0,196
2025-04-17 12:01:00+05:30,2790.10009765625,2792.60009765625,2790.10009765625,2790.800048828125,0
2025-04-17 12:02:00+05:30,2789.39990234375,2789.39990234375,2789.39990234375,2789.39990234375,37
2025-04-17 12:03:00+05:30,2791.10009765625,2791.10009765625,2788.300048828125,2788.89990234375,63
2025-04-17 12:04:00+05:30,2791.39990234375,2791.39990234375,2791.10009765625,2791.10009765625,6
2025-04-17 12:05:00+05:30,2795.699951171875,2795.699951171875,2791.39990234375,2791.39990234375,118
2025-04-17 12:06:00+05:30,2792.0,2792.10009765625,2792.0,2792.10009765625,56
2025-04-17 12:08:00+05:30,2795.39990234375,2795.39990234375,2793.60009765625,2793.60009765625,103
2025-04-17 12:09:00+05:30,2795.0,2795.0,2795.0,2795.0,18
2025-04-17 12:10:00+05:30,2797.10009765625,2797.60009765625,2792.39990234375,2792.39990234375,289
2025-04-17 12:11:00+05:30,2793.300048828125,2799.10009765625,2793.300048828125,2799.10009765625,154
2025-04-17 12:12:00+05:30,2796.10009765625,2796.10009765625,2796.10009765625,2796.10009765625,13
2025-04-17 12:13:00+05:30,2794.89990234375,2797.5,2794.89990234375,2797.5,93
2025-04-17 12:14:00+05:30,2798.699951171875,2798.699951171875,2798.699951171875,2798.699951171875,50
2025-04-17 12:15:00+05:30,2795.5,2797.89990234375,2795.5,2796.0,92
2025-04-17 12:16:00+05:30,2796.300048828125,2799.199951171875,2796.300048828125,2799.199951171875,96
2025-04-17 12:17:00+05:30,2796.800048828125,2796.800048828125,2796.300048828125,2796.300048828125,7
2025-04-17 12:18:00+05:30,2798.5,2798.5,2798.5,2798.5,20
2025-04-17 12:19:00+05:30,2800.300048828125,2801.199951171875,2796.10009765625,2796.10009765625,121
2025-04-17 12:20:00+05:30,2801.0,2802.800048828125,2800.300048828125,2800.300048828125,68
2025-04-17 12:21:00+05:30,2800.699951171875,2801.0,2800.699951171875,2801.0,0
2025-04-17 12:22:00+05:30,2796.800048828125,2797.800048828125,2796.800048828125,2797.800048828125,22
2025-04-17 12:23:00+05:30,2796.60009765625,2799.10009765625,2796.60009765625,2799.10009765625,1
2025-04-17 12:24:00+05:30,2799.39990234375,2799.39990234375,2796.60009765625,2796.60009765625,45
2025-04-17 12:25:00+05:30,2796.60009765625,2796.60009765625,2796.60009765625,2796.60009765625,71
2025-04-17 12:26:00+05:30,2799.39990234375,2799.39990234375,2796.89990234375,2796.89990234375,14
2025-04-17 12:27:00+05:30,2799.39990234375,2799.39990234375,2799.0,2799.39990234375,5
2025-04-17 12:28:00+05:30,2803.300048828125,2804.0,2800.0,2800.0,210
2025-04-17 12:29:00+05:30,2805.0,2806.10009765625,2802.800048828125,2806.10009765625,373
2025-04-17 12:30:00+05:30,2800.0,2800.0,2799.0,2799.0,8
2025-04-17 12:31:00+05:30,2800.0,2800.0,2800.0,2800.0,0
2025-04-17 12:32:00+05:30,2803.699951171875,2803.699951171875,2802.10009765625,2802.10009765625,118
2025-04-17 12:33:00+05:30,2800.699951171875,2800.800048828125,2800.699951171875,2800.800048828125,0
2025-04-17 12:34:00+05:30,2801.300048828125,2802.39990234375,2799.0,2799.89990234375,71
2025-04-17 12:35:00+05:30,2804.5,2804.89990234375,2801.199951171875,2804.5,205
2025-04-17 12:36:00+05:30,2804.300048828125,2805.199951171875,2804.300048828125,2805.199951171875,104
2025-04-17 12:37:00+05:30,2799.89990234375,2800.39990234375,2799.89990234375,2800.39990234375,180
2025-04-17 12:38:00+05:30,2796.699951171875,2798.10009765625,2796.60009765625,2798.10009765625,35
2025-04-17 12:39:00+05:30,2796.60009765625,2796.60009765625,2796.60009765625,2796.60009765625,103
2025-04-17 12:40:00+05:30,2794.89990234375,2796.0,2794.89990234375,2796.0,0
2025-04-17 12:41:00+05:30,2796.10009765625,2796.199951171875,2794.39990234375,2794.5,43
2025-04-17 12:42:00+05:30,2798.89990234375,2798.89990234375,2796.300048828125,2796.300048828125,51
2025-04-17 12:43:00+05:30,2794.10009765625,2798.60009765625,2794.10009765625,2796.699951171875,196
2025-04-17 12:44:00+05:30,2796.800048828125,2796.800048828125,2794.300048828125,2794.300048828125,5
2025-04-17 12:45:00+05:30,2790.800048828125,2791.89990234375,2790.800048828125,2791.89990234375,257
2025-04-17 12:46:00+05:30,2790.800048828125,2790.800048828125,2790.800048828125,2790.800048828125,52
2025-04-17 12:47:00+05:30,2790.10009765625,2795.699951171875,2790.10009765625,2790.699951171875,361
2025-04-17 12:48:00+05:30,2791.0,2791.0,2791.0,2791.0,3
2025-04-17 12:49:00+05:30,2790.10009765625,2791.0,2790.10009765625,2791.0,11
2025-04-17 12:50:00+05:30,2790.0,2792.89990234375,2790.0,2792.89990234375,56
2025-04-17 12:51:00+05:30,2792.0,2792.199951171875,2790.10009765625,2790.10009765625,253
2025-04-17 12:52:00+05:30,2790.60009765625,2794.300048828125,2790.60009765625,2791.800048828125,118
2025-04-17 12:53:00+05:30,2791.10009765625,2793.800048828125,2791.10009765625,2793.800048828125,92
2025-04-17 12:54:00+05:30,2791.39990234375,2793.800048828125,2791.39990234375,2793.800048828125,0
2025-04-17 12:55:00+05:30,2791.10009765625,2794.199951171875,2791.10009765625,2794.199951171875,23
2025-04-17 12:56:00+05:30,2794.0,2794.0,2793.89990234375,2793.89990234375,16
2025-04-17 12:57:00+05:30,2790.699951171875,2791.10009765625,2790.0,2791.10009765625,163
2025-04-17 12:58:00+05:30,2790.699951171875,2790.699951171875,2790.0,2790.699951171875,0
2025-04-17 12:59:00+05:30,2790.699951171875,2790.699951171875,2790.699951171875,2790.699951171875,21
2025-04-17 13:00:00+05:30,2790.0,2790.5,2790.0,2790.5,11
2025-04-17 13:01:00+05:30,2790.0,2790.0,2790.0,2790.0,70
2025-04-17 13:02:00+05:30,2789.60009765625,2790.0,2789.60009765625,2790.0,119
2025-04-17 13:03:00+05:30,2789.39990234375,2789.5,2788.0,2788.0,10
2025-04-17 13:04:00+05:30,2789.39990234375,2789.39990234375,2789.39990234375,2789.39990234375,8
2025-04-17 13:05:00+05:30,2788.199951171875,2788.199951171875,2788.199951171875,2788.199951171875,5
2025-04-17 13:06:00+05:30,2792.199951171875,2794.199951171875,2792.199951171875,2794.199951171875,695
2025-04-17 13:07:00+05:30,2788.0,2792.39990234375,2788.0,2792.39990234375,188
2025-04-17 13:08:00+05:30,2787.5,2787.5,2787.5,2787.5,0
2025-04-17 13:09:00+05:30,2780.199951171875,2783.0,2780.199951171875,2783.0,241
2025-04-17 13:10:00+05:30,2782.0,2784.800048828125,2781.89990234375,2781.89990234375,135
2025-04-17 13:11:00+05:30,2785.0,2785.0,2782.5,2782.5,12
2025-04-17 13:12:00+05:30,2786.60009765625,2786.60009765625,2785.0,2785.0,5
2025-04-17 13:13:00+05:30,2789.199951171875,2789.199951171875,2780.699951171875,2785.0,717
2025-04-17 13:14:00+05:30,2787.800048828125,2787.800048828125,2785.300048828125,2785.300048828125,164
2025-04-17 13:15:00+05:30,2786.199951171875,2786.199951171875,2783.0,2783.0,49
2025-04-17 13:16:00+05:30,2793.300048828125,2793.300048828125,2786.199951171875,2786.199951171875,582
2025-04-17 13:17:00+05:30,2794.10009765625,2794.10009765625,2794.10009765625,2794.10009765625,0
2025-04-17 13:18:00+05:30,2792.89990234375,2792.89990234375,2792.89990234375,2792.89990234375,5
2025-04-17 13:20:00+05:30,2793.10009765625,2793.10009765625,2791.199951171875,2791.199951171875,27
2025-04-17 13:21:00+05:30,2793.10009765625,2794.60009765625,2793.10009765625,2794.300048828125,86
2025-04-17 13:22:00+05:30,2803.800048828125,2805.0,2790.10009765625,2790.10009765625,731
2025-04-17 13:23:00+05:30,2801.800048828125,2803.800048828125,2800.5,2802.5,193
2025-04-17 13:24:00+05:30,2806.800048828125,2806.800048828125,2802.300048828125,2802.300048828125,102
2025-04-17 13:25:00+05:30,2803.699951171875,2805.0,2802.199951171875,2805.0,245
2025-04-17 13:26:00+05:30,2802.5,2802.60009765625,2800.199951171875,2802.60009765625,6
2025-04-17 13:27:00+05:30,2800.0,2800.0,2800.0,2800.0,15
2025-04-17 13:28:00+05:30,2798.5,2800.0,2798.5,2800.0,100
2025-04-17 13:29:00+05:30,2798.10009765625,2798.10009765625,2798.10009765625,2798.10009765625,13
2025-04-17 13:31:00+05:30,2798.0,2798.199951171875,2798.0,2798.199951171875,416
2025-04-17 13:32:00+05:30,2799.0,2800.0,2798.0,2798.0,810
2025-04-17 13:34:00+05:30,2798.0,2799.5,2798.0,2799.5,5
2025-04-17 13:36:00+05:30,2801.5,2801.5,2801.5,2801.5,198
2025-04-17 13:38:00+05:30,2798.10009765625,2798.10009765625,2798.10009765625,2798.10009765625,20
2025-04-17 13:39:00+05:30,2801.5,2801.5,2801.5,2801.5,34
2025-04-17 13:40:00+05:30,2798.89990234375,2802.0,2798.89990234375,2802.0,78
2025-04-17 13:41:00+05:30,2799.199951171875,2799.199951171875,2798.0,2798.0,155
2025-04-17 13:42:00+05:30,2801.199951171875,2801.300048828125,2798.89990234375,2798.89990234375,28
2025-04-17 13:44:00+05:30,2824.800048828125,2824.800048828125,2801.199951171875,2801.199951171875,1042
2025-04-17 13:45:00+05:30,2829.0,2829.0,2824.60009765625,2824.800048828125,299
2025-04-17 13:46:00+05:30,2816.800048828125,2825.10009765625,2816.800048828125,2824.5,484
2025-04-17 13:47:00+05:30,2815.699951171875,2815.699951171875,2814.5,2814.5,366
2025-04-17 13:48:00+05:30,2819.0,2819.0,2817.699951171875,2817.699951171875,85
2025-04-17 13:49:00+05:30,2817.699951171875,2818.60009765625,2817.699951171875,2818.60009765625,12
2025-04-17 13:50:00+05:30,2817.10009765625,2818.5,2814.699951171875,2818.5,28
2025-04-17 13:51:00+05:30,2819.89990234375,2819.89990234375,2818.0,2818.0,40
2025-04-17 13:52:00+05:30,2820.89990234375,2821.199951171875,2820.89990234375,2821.10009765625,159
2025-04-17 13:53:00+05:30,2822.800048828125,2822.800048828125,2818.0,2820.89990234375,264
2025-04-17 13:54:00+05:30,2818.10009765625,2821.699951171875,2818.10009765625,2821.699951171875,1
2025-04-17 13:55:00+05:30,2820.60009765625,2821.39990234375,2817.199951171875,2819.89990234375,77
2025-04-17 13:56:00+05:30,2816.10009765625,2817.0,2816.10009765625,2817.0,204
2025-04-17 13:57:00+05:30,2816.10009765625,2819.60009765625,2816.10009765625,2819.60009765625,101
2025-04-17 13:58:00+05:30,2816.10009765625,2816.10009765625,2815.0,2815.0,24
2025-04-17 13:59:00+05:30,2817.199951171875,2817.199951171875,2814.199951171875,2814.199951171875,37
2025-04-17 14:00:00+05:30,2815.60009765625,2815.60009765625,2813.89990234375,2813.89990234375,7
2025-04-17 14:01:00+05:30,2818.10009765625,2818.10009765625,2816.699951171875,2818.10009765625,64
2025-04-17 14:02:00+05:30,2816.0,2818.10009765625,2816.0,2818.10009765625,50
2025-04-17 14:03:00+05:30,2818.0,2818.0,2817.60009765625,2817.60009765625,62
2025-04-17 14:04:00+05:30,2818.0,2818.0,2817.800048828125,2817.800048828125,55
2025-04-17 14:05:00+05:30,2819.0,2819.0,2815.0,2815.89990234375,109
2025-04-17 14:06:00+05:30,2819.199951171875,2819.199951171875,2814.800048828125,2817.89990234375,149
2025-04-17 14:07:00+05:30,2815.699951171875,2820.10009765625,2815.699951171875,2820.10009765625,185
2025-04-17 14:08:00+05:30,2819.60009765625,2819.60009765625,2817.60009765625,2819.10009765625,68
2025-04-17 14:09:00+05:30,2817.0,2817.0,2817.0,2817.0,0
2025-04-17 14:10:00+05:30,2817.0,2819.699951171875,2817.0,2819.699951171875,57
2025-04-17 14:11:00+05:30,2814.800048828125,2817.0,2814.800048828125,2817.0,24
2025-04-17 14:12:00+05:30,2814.0,2814.199951171875,2812.10009765625,2814.199951171875,158
2025-04-17 14:13:00+05:30,2811.0,2811.300048828125,2811.0,2811.300048828125,53
2025-04-17 14:14:00+05:30,2819.39990234375,2819.39990234375,2811.0,2811.0,744
2025-04-17 14:15:00+05:30,2814.0,2818.5,2814.0,2818.5,631
2025-04-17 14:16:00+05:30,2814.0,2815.39990234375,2814.0,2815.39990234375,0
2025-04-17 14:17:00+05:30,2837.0,2837.0,2819.0,2819.0,1330
2025-04-17 14:18:00+05:30,2846.300048828125,2846.300048828125,2836.0,2838.0,1430
2025-04-17 14:19:00+05:30,2826.0,2846.89990234375,2824.10009765625,2846.89990234375,1136
2025-04-17 14:20:00+05:30,2824.0,2825.800048828125,2822.10009765625,2825.800048828125,60
2025-04-17 14:21:00+05:30,2822.0,2822.0,2822.0,2822.0,19
2025-04-17 14:22:00+05:30,2821.0,2824.199951171875,2820.60009765625,2822.0,90
2025-04-17 14:23:00+05:30,2817.89990234375,2820.300048828125,2817.300048828125,2820.0,181
2025-04-17 14:24:00+05:30,2817.89990234375,2818.60009765625,2816.10009765625,2818.60009765625,143
2025-04-17 14:25:00+05:30,2815.89990234375,2816.800048828125,2814.699951171875,2816.10009765625,200
2025-04-17 14:26:00+05:30,2815.10009765625,2818.5,2814.10009765625,2816.199951171875,164
2025-04-17 14:27:00+05:30,2819.39990234375,2819.39990234375,2815.699951171875,2817.0,33
2025-04-17 14:28:00+05:30,2819.60009765625,2819.60009765625,2814.300048828125,2816.10009765625,356
2025-04-17 14:29:00+05:30,2816.10009765625,2822.39990234375,2816.10009765625,2820.60009765625,122
2025-04-17 14:30:00+05:30,2820.0,2820.39990234375,2816.10009765625,2816.10009765625,48
2025-04-17 14:31:00+05:30,2814.39990234375,2814.39990234375,2814.39990234375,2814.39990234375,99
2025-04-17 14:32:00+05:30,2817.5,2817.5,2815.5,2815.5,2
2025-04-17 14:33:00+05:30,2814.10009765625,2815.5,2814.0,2815.5,267
2025-04-17 14:34:00+05:30,2815.800048828125,2815.800048828125,2815.60009765625,2815.60009765625,23
2025-04-17 14:35:00+05:30,2818.0,2818.0,2818.0,2818.0,26
2025-04-17 14:36:00+05:30,2816.39990234375,2816.39990234375,2816.39990234375,2816.39990234375,0
2025-04-17 14:37:00+05:30,2817.0,2817.0,2817.0,2817.0,364
2025-04-17 14:38:00+05:30,2818.199951171875,2818.199951171875,2817.89990234375,2817.89990234375,38
2025-04-17 14:39:00+05:30,2820.0,2822.800048828125,2820.0,2822.800048828125,258
2025-04-17 14:40:00+05:30,2820.0,2822.39990234375,2820.0,2822.39990234375,219
2025-04-17 14:41:00+05:30,2817.0,2820.60009765625,2817.0,2820.60009765625,125
2025-04-17 14:42:00+05:30,2820.0,2820.0,2820.0,2820.0,66
2025-04-17 14:43:00+05:30,2820.0,2820.199951171875,2820.0,2820.199951171875,86
2025-04-17 14:44:00+05:30,2818.10009765625,2822.199951171875,2818.10009765625,2822.199951171875,190
2025-04-17 14:45:00+05:30,2818.10009765625,2818.10009765625,2818.10009765625,2818.10009765625,54
2025-04-17 14:46:00+05:30,2818.199951171875,2820.0,2818.199951171875,2820.0,10
2025-04-17 14:47:00+05:30,2819.0,2819.699951171875,2819.0,2819.699951171875,9
2025-04-17 14:48:00+05:30,2821.39990234375,2821.39990234375,2818.199951171875,2819.0,215
2025-04-17 14:49:00+05:30,2822.699951171875,2822.699951171875,2821.39990234375,2821.39990234375,31
2025-04-17 14:50:00+05:30,2822.60009765625,2822.60009765625,2822.60009765625,2822.60009765625,1
2025-04-17 14:51:00+05:30,2818.699951171875,2818.699951171875,2818.199951171875,2818.199951171875,110
2025-04-17 14:52:00+05:30,2821.60009765625,2821.89990234375,2819.0,2821.89990234375,187
2025-04-17 14:53:00+05:30,2821.800048828125,2821.89990234375,2821.699951171875,2821.800048828125,15
2025-04-17 14:54:00+05:30,2822.60009765625,2822.60009765625,2821.800048828125,2821.800048828125,98
2025-04-17 14:55:00+05:30,2824.10009765625,2824.10009765625,2822.699951171875,2822.699951171875,122
2025-04-17 14:56:00+05:30,2822.10009765625,2825.0,2822.10009765625,2824.300048828125,77
2025-04-17 14:57:00+05:30,2822.0,2822.0,2821.89990234375,2821.89990234375,166
2025-04-17 14:58:00+05:30,2818.199951171875,2819.0,2818.199951171875,2819.0,309
2025-04-17 14:59:00+05:30,2818.199951171875,2818.199951171875,2818.199951171875,2818.199951171875,18
2025-04-17 15:00:00+05:30,2814.800048828125,2817.39990234375,2811.0,2817.39990234375,353
2025-04-17 15:01:00+05:30,2810.10009765625,2812.60009765625,2809.199951171875,2812.60009765625,376
2025-04-17 15:02:00+05:30,2808.10009765625,2808.60009765625,2807.0,2808.60009765625,342
2025-04-17 15:03:00+05:30,2810.0,2810.0,2808.0,2808.0,0
2025-04-17 15:04:00+05:30,2807.199951171875,2808.300048828125,2807.199951171875,2808.300048828125,28
2025-04-17 15:05:00+05:30,2809.800048828125,2809.800048828125,2807.0,2808.699951171875,156
2025-04-17 15:06:00+05:30,2811.199951171875,2811.199951171875,2808.0,2809.800048828125,164
2025-04-17 15:07:00+05:30,2810.89990234375,2810.89990234375,2810.89990234375,2810.89990234375,243
2025-04-17 15:08:00+05:30,2808.0,2809.199951171875,2808.0,2809.199951171875,16
2025-04-17 15:09:00+05:30,2809.89990234375,2809.89990234375,2808.0,2808.0,296
2025-04-17 15:10:00+05:30,2805.0,2813.800048828125,2805.0,2811.800048828125,2141
2025-04-17 15:11:00+05:30,2808.39990234375,2808.39990234375,2806.0,2806.10009765625,20
2025-04-17 15:12:00+05:30,2802.199951171875,2805.5,2802.199951171875,2805.0,198
2025-04-17 15:13:00+05:30,2796.10009765625,2801.0,2795.89990234375,2801.0,570
2025-04-17 15:14:00+05:30,2788.0,2794.800048828125,2785.0,2794.800048828125,860
2025-04-17 15:15:00+05:30,2794.699951171875,2794.699951171875,2786.10009765625,2788.60009765625,980
2025-04-17 15:16:00+05:30,2794.39990234375,2797.60009765625,2793.0,2797.60009765625,258
2025-04-17 15:17:00+05:30,2795.10009765625,2795.10009765625,2793.39990234375,2793.39990234375,155
2025-04-17 15:18:00+05:30,2802.89990234375,2802.89990234375,2795.0,2795.0,528
2025-04-17 15:19:00+05:30,2794.0,2795.89990234375,2794.0,2795.60009765625,609
2025-04-17 15:20:00+05:30,2802.300048828125,2803.0,2795.300048828125,2795.300048828125,741
2025-04-17 15:21:00+05:30,2803.0,2803.0,2800.300048828125,2802.89990234375,223
2025-04-17 15:22:00+05:30,2800.10009765625,2800.10009765625,2800.10009765625,2800.10009765625,93
2025-04-17 15:23:00+05:30,2800.199951171875,2800.199951171875,2800.10009765625,2800.199951171875,144
2025-04-17 15:24:00+05:30,2802.699951171875,2803.0,2800.10009765625,2800.10009765625,793
2025-04-17 15:25:00+05:30,2802.89990234375,2802.89990234375,2800.10009765625,2802.60009765625,154
2025-04-17 15:26:00+05:30,2796.89990234375,2802.60009765625,2795.199951171875,2802.60009765625,497
2025-04-17 15:27:00+05:30,2790.10009765625,2795.199951171875,2790.10009765625,2795.199951171875,483
2025-04-17 15:28:00+05:30,2814.89990234375,2814.89990234375,2790.10009765625,2793.89990234375,738
2025-04-17 15:29:00+05:30,2799.0,2805.10009765625,2793.0,2805.10009765625,692
2025-04-21 09:15:00+05:30,2766.89990234375,2804.0,2766.89990234375,2804.0,0
2025-04-21 09:16:00+05:30,2776.60009765625,2781.800048828125,2760.699951171875,2762.10009765625,1749
2025-04-21 09:17:00+05:30,2771.39990234375,2779.800048828125,2770.39990234375,2775.0,731
2025-04-21 09:18:00+05:30,2770.199951171875,2772.0,2764.60009765625,2767.5,697
2025-04-21 09:19:00+05:30,2763.199951171875,2769.0,2758.699951171875,2769.0,2410
2025-04-21 09:20:00+05:30,2756.39990234375,2765.699951171875,2756.199951171875,2762.699951171875,1266
2025-04-21 09:21:00+05:30,2765.0,2765.0,2755.60009765625,2759.0,1492
2025-04-21 09:22:00+05:30,2762.60009765625,2769.89990234375,2762.60009765625,2767.5,1587
2025-04-21 09:23:00+05:30,2767.10009765625,2773.199951171875,2759.0,2761.10009765625,454
2025-04-21 09:24:00+05:30,2768.60009765625,2771.199951171875,2767.10009765625,2767.300048828125,724
2025-04-21 09:25:00+05:30,2764.0,2768.60009765625,2762.699951171875,2768.0,244
2025-04-21 09:26:00+05:30,2782.39990234375,2782.39990234375,2762.699951171875,2762.89990234375,4738
2025-04-21 09:27:00+05:30,2781.699951171875,2790.60009765625,2778.39990234375,2786.60009765625,2149
2025-04-21 09:28:00+05:30,2774.300048828125,2781.60009765625,2773.699951171875,2781.60009765625,302
2025-04-21 09:29:00+05:30,2769.800048828125,2773.300048828125,2769.800048828125,2770.60009765625,230
2025-04-21 09:30:00+05:30,2774.300048828125,2774.300048828125,2769.89990234375,2769.89990234375,154
2025-04-21 09:31:00+05:30,2770.0,2775.0,2770.0,2774.199951171875,129
2025-04-21 09:32:00+05:30,2771.89990234375,2771.89990234375,2771.800048828125,2771.800048828125,307
2025-04-21 09:33:00+05:30,2777.800048828125,2783.0,2774.699951171875,2774.699951171875,1009
2025-04-21 09:34:00+05:30,2774.60009765625,2775.0,2773.10009765625,2775.0,728
2025-04-21 09:35:00+05:30,2775.0,2775.0,2773.10009765625,2773.10009765625,29
2025-04-21 09:36:00+05:30,2774.10009765625,2774.300048828125,2771.800048828125,2772.699951171875,133
2025-04-21 09:37:00+05:30,2778.0,2778.0,2774.0,2775.0,497
2025-04-21 09:38:00+05:30,2773.5,2778.0,2773.5,2775.60009765625,439
2025-04-21 09:39:00+05:30,2774.60009765625,2776.800048828125,2773.699951171875,2776.800048828125,144
2025-04-21 09:40:00+05:30,2774.10009765625,2777.300048828125,2774.10009765625,2777.300048828125,498
2025-04-21 09:41:00+05:30,2778.0,2778.0,2776.0,2776.699951171875,2
2025-04-21 09:42:00+05:30,2775.199951171875,2778.0,2775.0,2776.699951171875,657
2025-04-21 09:43:00+05:30,2777.89990234375,2782.0,2777.89990234375,2780.0,736
2025-04-21 09:44:00+05:30,2775.699951171875,2778.10009765625,2775.60009765625,2775.89990234375,44
2025-04-21 09:45:00+05:30,2776.89990234375,2777.199951171875,2775.800048828125,2777.199951171875,95
2025-04-21 09:46:00+05:30,2773.39990234375,2776.89990234375,2773.39990234375,2776.89990234375,244
2025-04-21 09:47:00+05:30,2774.0,2777.10009765625,2774.0,2776.800048828125,724
2025-04-21 09:48:00+05:30,2765.699951171875,2772.0,2765.0,2772.0,403
2025-04-21 09:49:00+05:30,2771.0,2771.0,2770.300048828125,2770.300048828125,239
2025-04-21 09:50:00+05:30,2775.0,2775.0,2770.0,2770.0,359
2025-04-21 09:51:00+05:30,2773.300048828125,2774.89990234375,2773.300048828125,2774.89990234375,0
2025-04-21 09:52:00+05:30,2773.60009765625,2773.60009765625,2770.199951171875,2770.199951171875,29
2025-04-21 09:53:00+05:30,2768.300048828125,2773.39990234375,2768.300048828125,2771.300048828125,198
2025-04-21 09:54:00+05:30,2770.699951171875,2770.699951171875,2766.10009765625,2766.10009765625,168
2025-04-21 09:55:00+05:30,2771.0,2771.0,2769.800048828125,2770.60009765625,46
2025-04-21 09:56:00+05:30,2772.699951171875,2772.699951171875,2770.89990234375,2770.89990234375,64
2025-04-21 09:57:00+05:30,2768.0,2770.0,2767.5,2770.0,311
2025-04-21 09:58:00+05:30,2770.0,2770.0,2768.699951171875,2770.0,74
2025-04-21 09:59:00+05:30,2770.800048828125,2770.800048828125,2770.0,2770.0,191
2025-04-21 10:00:00+05:30,2771.39990234375,2775.0,2770.800048828125,2774.0,50
2025-04-21 10:01:00+05:30,2773.800048828125,2773.800048828125,2771.39990234375,2771.39990234375,57
2025-04-21 10:02:00+05:30,2774.89990234375,2776.800048828125,2774.89990234375,2776.800048828125,138
2025-04-21 10:03:00+05:30,2771.39990234375,2775.0,2771.39990234375,2775.0,589
2025-04-21 10:04:00+05:30,2774.39990234375,2774.699951171875,2774.39990234375,2774.5,41
2025-04-21 10:05:00+05:30,2775.0,2775.0,2772.10009765625,2774.89990234375,604
2025-04-21 10:06:00+05:30,2777.699951171875,2777.89990234375,2777.699951171875,2777.89990234375,0
2025-04-21 10:07:00+05:30,2774.60009765625,2777.300048828125,2774.60009765625,2777.300048828125,320
2025-04-21 10:08:00+05:30,2768.89990234375,2772.60009765625,2768.89990234375,2772.60009765625,175
2025-04-21 10:09:00+05:30,2772.39990234375,2772.39990234375,2768.800048828125,2772.0,38
2025-04-21 10:10:00+05:30,2767.89990234375,2772.39990234375,2767.89990234375,2772.199951171875,346
2025-04-21 10:11:00+05:30,2767.89990234375,2768.699951171875,2767.0,2768.699951171875,112
2025-04-21 10:12:00+05:30,2767.800048828125,2767.800048828125,2767.800048828125,2767.800048828125,0
2025-04-21 10:13:00+05:30,2765.10009765625,2767.89990234375,2764.0,2767.89990234375,563
2025-04-21 10:14:00+05:30,2764.0,2764.0,2764.0,2764.0,140
2025-04-21 10:15:00+05:30,2764.199951171875,2765.39990234375,2764.0,2764.0,142
2025-04-21 10:16:00+05:30,2764.199951171875,2765.0,2764.199951171875,2765.0,78
2025-04-21 10:17:00+05:30,2762.699951171875,2763.60009765625,2761.199951171875,2763.60009765625,558
2025-04-21 10:18:00+05:30,2762.39990234375,2764.5,2762.0,2762.0,470
2025-04-21 10:19:00+05:30,2767.699951171875,2767.699951171875,2765.10009765625,2765.10009765625,8
2025-04-21 10:20:00+05:30,2767.89990234375,2767.89990234375,2763.60009765625,2765.60009765625,25
2025-04-21 10:21:00+05:30,2768.39990234375,2768.39990234375,2768.39990234375,2768.39990234375,4
2025-04-21 10:22:00+05:30,2768.60009765625,2768.60009765625,2765.60009765625,2765.60009765625,23
2025-04-21 10:23:00+05:30,2769.0,2769.0,2769.0,2769.0,10
2025-04-21 10:24:00+05:30,2768.39990234375,2770.0,2768.39990234375,2770.0,214
2025-04-21 10:25:00+05:30,2767.0,2767.699951171875,2765.10009765625,2767.699951171875,17
2025-04-21 10:26:00+05:30,2767.60009765625,2767.60009765625,2767.60009765625,2767.60009765625,38
2025-04-21 10:27:00+05:30,2766.300048828125,2767.199951171875,2764.0,2767.199951171875,72
2025-04-21 10:28:00+05:30,2764.0,2766.5,2764.0,2766.5,166
2025-04-21 10:29:00+05:30,2765.800048828125,2766.10009765625,2764.0,2764.0,16
2025-04-21 10:30:00+05:30,2768.60009765625,2768.60009765625,2766.0,2766.0,77
2025-04-21 10:31:00+05:30,2770.5,2773.300048828125,2770.5,2770.800048828125,1093
2025-04-21 10:32:00+05:30,2772.89990234375,2772.89990234375,2771.699951171875,2771.699951171875,24
2025-04-21 10:33:00+05:30,2773.39990234375,2773.39990234375,2772.89990234375,2772.89990234375,40
2025-04-21 10:34:00+05:30,2774.800048828125,2775.89990234375,2774.800048828125,2775.89990234375,95
2025-04-21 10:35:00+05:30,2767.5,2774.0,2767.5,2774.0,551
2025-04-21 10:37:00+05:30,2770.0,2770.0,2770.0,2770.0,25
2025-04-21 10:38:00+05:30,2769.89990234375,2770.0,2769.89990234375,2770.0,56
2025-04-21 10:39:00+05:30,2770.0,2770.0,2767.699951171875,2767.699951171875,11
2025-04-21 10:40:00+05:30,2767.89990234375,2767.89990234375,2767.89990234375,2767.89990234375,7
2025-04-21 10:41:00+05:30,2771.5,2771.5,2768.0,2768.0,200
2025-04-21 10:42:00+05:30,2770.10009765625,2772.10009765625,2770.10009765625,2771.5,182
2025-04-21 10:43:00+05:30,2774.5,2774.5,2769.89990234375,2769.89990234375,45
2025-04-21 10:44:00+05:30,2773.60009765625,2774.300048828125,2771.5,2771.5,386
2025-04-21 10:45:00+05:30,2771.699951171875,2774.0,2771.699951171875,2774.0,162
2025-04-21 10:46:00+05:30,2772.60009765625,2772.60009765625,2772.60009765625,2772.60009765625,9
2025-04-21 10:47:00+05:30,2773.699951171875,2773.699951171875,2773.5,2773.5,11
2025-04-21 10:48:00+05:30,2771.10009765625,2774.10009765625,2771.10009765625,2774.10009765625,6
2025-04-21 10:49:00+05:30,2770.89990234375,2774.10009765625,2770.60009765625,2774.10009765625,17
2025-04-21 10:50:00+05:30,2773.0,2773.89990234375,2773.0,2773.89990234375,13
2025-04-21 10:51:00+05:30,2772.699951171875,2772.699951171875,2772.699951171875,2772.699951171875,2
2025-04-21 10:52:00+05:30,2772.699951171875,2772.699951171875,2772.0,2772.0,9
2025-04-21 10:53:00+05:30,2773.89990234375,2773.89990234375,2773.89990234375,2773.89990234375,2
2025-04-21 10:54:00+05:30,2772.0,2772.0,2772.0,2772.0,18
2025-04-21 10:55:00+05:30,2772.5,2772.5,2770.0,2770.0,0
2025-04-21 10:56:00+05:30,2769.0,2769.5,2769.0,2769.0,23
2025-04-21 10:57:00+05:30,2769.5,2769.5,2768.199951171875,2768.199951171875,11
2025-04-21 10:58:00+05:30,2769.300048828125,2769.5,2769.300048828125,2769.5,9
2025-04-21 10:59:00+05:30,2769.0,2769.5,2768.0,2768.0,23
2025-04-21 11:00:00+05:30,2768.10009765625,2768.5,2767.5,2767.5,83
2025-04-21 11:01:00+05:30,2766.0,2767.60009765625,2766.0,2767.0,12
2025-04-21 11:02:00+05:30,2766.0,2766.0,2766.0,2766.0,4
2025-04-21 11:03:00+05:30,2765.0,2766.0,2765.0,2766.0,64
2025-04-21 11:04:00+05:30,2766.800048828125,2766.800048828125,2765.199951171875,2765.199951171875,12
2025-04-21 11:05:00+05:30,2764.10009765625,2765.89990234375,2763.0,2765.0,199
2025-04-21 11:06:00+05:30,2765.800048828125,2766.5,2763.60009765625,2766.5,16
2025-04-21 11:07:00+05:30,2766.5,2766.5,2766.300048828125,2766.39990234375,16
2025-04-21 11:08:00+05:30,2766.5,2766.5,2766.5,2766.5,23
2025-04-21 11:09:00+05:30,2766.5,2766.5,2766.5,2766.5,7
2025-04-21 11:11:00+05:30,2768.0,2768.0,2768.0,2768.0,0
2025-04-21 11:12:00+05:30,2768.0,2768.0,2766.5,2766.5,53
2025-04-21 11:13:00+05:30,2768.0,2768.0,2766.5,2768.0,29
2025-04-21 11:14:00+05:30,2765.0,2766.5,2765.0,2766.5,20
2025-04-21 11:15:00+05:30,2767.89990234375,2767.89990234375,2764.0,2764.0,132
2025-04-21 11:16:00+05:30,2768.89990234375,2768.89990234375,2768.89990234375,2768.89990234375,0
2025-04-21 11:17:00+05:30,2776.800048828125,2776.800048828125,2772.0,2772.0,183
2025-04-21 11:18:00+05:30,2776.60009765625,2776.60009765625,2775.0,2775.0,58
2025-04-21 11:19:00+05:30,2786.89990234375,2786.89990234375,2774.5,2774.5,840
2025-04-21 11:20:00+05:30,2789.89990234375,2793.10009765625,2789.89990234375,2793.10009765625,527
2025-04-21 11:21:00+05:30,2792.199951171875,2793.39990234375,2790.0,2790.0,180
2025-04-21 11:22:00+05:30,2794.0,2794.0,2792.199951171875,2792.199951171875,149
2025-04-21 11:23:00+05:30,2797.0,2797.0,2796.60009765625,2796.60009765625,1
2025-04-21 11:24:00+05:30,2802.10009765625,2802.10009765625,2797.0,2797.0,461
2025-04-21 11:25:00+05:30,2800.0,2802.10009765625,2800.0,2802.10009765625,45
2025-04-21 11:26:00+05:30,2801.800048828125,2801.800048828125,2800.0,2800.0,171
2025-04-21 11:27:00+05:30,2802.0,2802.0,2802.0,2802.0,95
2025-04-21 11:28:00+05:30,2807.0,2808.0,2802.800048828125,2802.800048828125,123
2025-04-21 11:29:00+05:30,2814.0,2814.0,2808.5,2810.0,266
2025-04-21 11:30:00+05:30,2825.699951171875,2827.800048828125,2814.0,2814.0,1292
2025-04-21 11:31:00+05:30,2824.60009765625,2830.60009765625,2821.60009765625,2827.10009765625,839
2025-04-21 11:32:00+05:30,2818.0,2822.0,2818.0,2822.0,190
2025-04-21 11:33:00+05:30,2811.39990234375,2817.10009765625,2810.800048828125,2815.0,301
2025-04-21 11:34:00+05:30,2816.300048828125,2817.300048828125,2810.300048828125,2815.39990234375,251
2025-04-21 11:35:00+05:30,2810.800048828125,2815.10009765625,2807.5,2814.39990234375,261
2025-04-21 11:36:00+05:30,2810.0,2812.199951171875,2809.39990234375,2812.199951171875,111
2025-04-21 11:37:00+05:30,2814.800048828125,2814.800048828125,2811.199951171875,2812.0,224
2025-04-21 11:38:00+05:30,2810.199951171875,2810.199951171875,2810.199951171875,2810.199951171875,91
2025-04-21 11:39:00+05:30,2814.0,2814.0,2811.60009765625,2811.60009765625,15
2025-04-21 11:40:00+05:30,2816.0,2816.0,2813.89990234375,2814.39990234375,293
2025-04-21 11:41:00+05:30,2813.39990234375,2816.10009765625,2813.39990234375,2814.0,140
2025-04-21 11:42:00+05:30,2810.0,2815.800048828125,2810.0,2815.800048828125,300
2025-04-21 11:43:00+05:30,2809.0,2811.800048828125,2809.0,2811.800048828125,2
2025-04-21 11:44:00+05:30,2812.5,2812.5,2806.10009765625,2808.300048828125,180
2025-04-21 11:45:00+05:30,2814.0,2814.0,2813.0,2813.0,93
2025-04-21 11:46:00+05:30,2815.800048828125,2815.800048828125,2809.60009765625,2809.60009765625,165
2025-04-21 11:47:00+05:30,2816.0,2817.0,2813.89990234375,2817.0,225
2025-04-21 11:48:00+05:30,2815.699951171875,2816.699951171875,2815.699951171875,2816.699951171875,48
2025-04-21 11:49:00+05:30,2811.0,2813.39990234375,2811.0,2812.800048828125,123
2025-04-21 11:50:00+05:30,2809.89990234375,2810.0,2809.89990234375,2810.0,157
2025-04-21 11:51:00+05:30,2809.60009765625,2809.60009765625,2809.60009765625,2809.60009765625,149
2025-04-21 11:52:00+05:30,2809.5,2809.5,2809.5,2809.5,0
2025-04-21 11:53:00+05:30,2806.0,2806.0,2806.0,2806.0,24
2025-04-21 11:54:00+05:30,2806.10009765625,2809.0,2806.10009765625,2806.5,135
2025-04-21 11:55:00+05:30,2805.89990234375,2805.89990234375,2805.89990234375,2805.89990234375,0
2025-04-21 11:56:00+05:30,2807.10009765625,2807.89990234375,2805.89990234375,2805.89990234375,165
2025-04-21 11:57:00+05:30,2808.89990234375,2809.0,2808.89990234375,2809.0,154
2025-04-21 11:58:00+05:30,2805.199951171875,2806.300048828125,2805.199951171875,2806.300048828125,7
2025-04-21 11:59:00+05:30,2803.89990234375,2803.89990234375,2803.89990234375,2803.89990234375,51
2025-04-21 12:00:00+05:30,2804.300048828125,2804.300048828125,2801.300048828125,2801.300048828125,2
2025-04-21 12:01:00+05:30,2800.10009765625,2800.10009765625,2800.10009765625,2800.10009765625,51
2025-04-21 12:02:00+05:30,2800.10009765625,2800.10009765625,2800.10009765625,2800.10009765625,135
2025-04-21 12:03:00+05:30,2802.5,2802.5,2802.5,2802.5,0
2025-04-21 12:04:00+05:30,2800.39990234375,2800.39990234375,2798.800048828125,2800.10009765625,503
2025-04-21 12:05:00+05:30,2802.5,2802.800048828125,2800.199951171875,2802.800048828125,30
2025-04-21 12:06:00+05:30,2805.0,2805.0,2802.699951171875,2802.699951171875,56
2025-04-21 12:07:00+05:30,2805.10009765625,2806.39990234375,2805.0,2806.39990234375,172
2025-04-21 12:08:00+05:30,2809.199951171875,2809.199951171875,2805.89990234375,2805.89990234375,25
2025-04-21 12:09:00+05:30,2808.699951171875,2808.89990234375,2804.10009765625,2808.89990234375,235
2025-04-21 12:10:00+05:30,2808.800048828125,2808.800048828125,2808.800048828125,2808.800048828125,1
2025-04-21 12:11:00+05:30,2808.800048828125,2808.800048828125,2807.5,2807.5,20
2025-04-21 12:12:00+05:30,2809.60009765625,2809.60009765625,2809.60009765625,2809.60009765625,6
2025-04-21 12:13:00+05:30,2808.199951171875,2808.199951171875,2808.199951171875,2808.199951171875,1
2025-04-21 12:14:00+05:30,2816.0,2816.0,2809.60009765625,2809.60009765625,145
2025-04-21 12:15:00+05:30,2823.10009765625,2824.39990234375,2819.89990234375,2824.39990234375,268
2025-04-21 12:16:00+05:30,2819.0,2822.800048828125,2819.0,2822.800048828125,27
2025-04-21 12:17:00+05:30,2818.699951171875,2820.60009765625,2818.699951171875,2819.5,171
2025-04-21 12:18:00+05:30,2814.60009765625,2814.60009765625,2814.60009765625,2814.60009765625,2
2025-04-21 12:20:00+05:30,2814.0,2817.800048828125,2814.0,2817.800048828125,77
2025-04-21 12:21:00+05:30,2813.39990234375,2815.60009765625,2813.39990234375,2815.60009765625,33
2025-04-21 12:22:00+05:30,2809.0,2809.800048828125,2809.0,2809.800048828125,8
2025-04-21 12:25:00+05:30,2811.5,2811.5,2809.800048828125,2809.800048828125,26
2025-04-21 12:26:00+05:30,2807.5,2811.0,2807.5,2811.0,52
2025-04-21 12:27:00+05:30,2811.0,2811.0,2811.0,2811.0,1
2025-04-21 12:28:00+05:30,2809.699951171875,2810.39990234375,2808.5,2808.5,6
2025-04-21 12:29:00+05:30,2811.300048828125,2811.300048828125,2809.699951171875,2809.699951171875,40
2025-04-21 12:30:00+05:30,2808.10009765625,2809.300048828125,2807.0,2809.300048828125,91
2025-04-21 12:31:00+05:30,2808.0,2808.0,2808.0,2808.0,5
2025-04-21 12:32:00+05:30,2807.0,2808.300048828125,2807.0,2808.300048828125,136
2025-04-21 12:33:00+05:30,2807.800048828125,2807.800048828125,2807.800048828125,2807.800048828125,0
2025-04-21 12:34:00+05:30,2807.39990234375,2807.5,2807.39990234375,2807.5,4
2025-04-21 12:35:00+05:30,2807.60009765625,2807.60009765625,2807.60009765625,2807.60009765625,8
2025-04-21 12:36:00+05:30,2808.39990234375,2808.39990234375,2808.39990234375,2808.39990234375,4
2025-04-21 12:37:00+05:30,2810.0,2810.0,2810.0,2810.0,98
2025-04-21 12:38:00+05:30,2810.0,2810.5,2810.0,2810.5,6
2025-04-21 12:39:00+05:30,2810.0,2810.0,2810.0,2810.0,3
2025-04-21 12:40:00+05:30,2810.0,2810.0,2809.89990234375,2809.89990234375,212
2025-04-21 12:41:00+05:30,2808.0,2808.0,2808.0,2808.0,0
2025-04-21 12:42:00+05:30,2810.0,2810.0,2808.0,2809.89990234375,0
2025-04-21 12:43:00+05:30,2810.0,2810.0,2809.60009765625,2809.89990234375,16
2025-04-21 12:44:00+05:30,2808.60009765625,2810.0,2808.60009765625,2810.0,12
2025-04-21 12:46:00+05:30,2808.0,2808.0,2808.0,2808.0,105
2025-04-21 12:47:00+05:30,2808.0,2808.0,2808.0,2808.0,0
2025-04-21 12:48:00+05:30,2808.0,2808.0,2808.0,2808.0,15
2025-04-21 12:49:00+05:30,2800.89990234375,2806.39990234375,2800.89990234375,2806.39990234375,604
2025-04-21 12:50:00+05:30,2800.699951171875,2800.699951171875,2800.0,2800.0,100
2025-04-21 12:51:00+05:30,2796.300048828125,2800.0,2796.300048828125,2800.0,208
2025-04-21 12:52:00+05:30,2799.89990234375,2799.89990234375,2796.39990234375,2796.39990234375,178
2025-04-21 12:53:00+05:30,2792.10009765625,2799.0,2792.10009765625,2799.0,367
2025-04-21 12:54:00+05:30,2792.10009765625,2793.0,2792.10009765625,2792.10009765625,97
2025-04-21 12:55:00+05:30,2793.0,2793.0,2792.10009765625,2792.10009765625,536
2025-04-21 12:56:00+05:30,2794.89990234375,2794.89990234375,2794.89990234375,2794.89990234375,0
2025-04-21 12:57:00+05:30,2791.300048828125,2794.800048828125,2791.300048828125,2794.800048828125,67
2025-04-21 12:58:00+05:30,2793.5,2793.5,2791.300048828125,2791.300048828125,71
2025-04-21 13:00:00+05:30,2793.5,2793.5,2793.5,2793.5,9
2025-04-21 13:01:00+05:30,2795.89990234375,2795.89990234375,2795.89990234375,2795.89990234375,206
2025-04-21 13:02:00+05:30,2798.699951171875,2798.699951171875,2795.60009765625,2798.300048828125,27
2025-04-21 13:03:00+05:30,2795.699951171875,2795.699951171875,2795.699951171875,2795.699951171875,17
2025-04-21 13:04:00+05:30,2795.800048828125,2795.800048828125,2795.800048828125,2795.800048828125,47
2025-04-21 13:05:00+05:30,2798.10009765625,2798.10009765625,2798.10009765625,2798.10009765625,1
2025-04-21 13:06:00+05:30,2798.89990234375,2798.89990234375,2796.0,2797.800048828125,22
2025-04-21 13:07:00+05:30,2799.699951171875,2800.0,2799.699951171875,2800.0,74
2025-04-21 13:08:00+05:30,2799.0,2800.0,2799.0,2800.0,14
2025-04-21 13:09:00+05:30,2803.60009765625,2803.60009765625,2800.0,2800.0,32
2025-04-21 13:10:00+05:30,2804.199951171875,2804.199951171875,2800.10009765625,2800.10009765625,106
2025-04-21 13:12:00+05:30,2803.800048828125,2803.89990234375,2802.0,2803.89990234375,32
2025-04-21 13:13:00+05:30,2802.0,2802.0,2802.0,2802.0,1
2025-04-21 13:14:00+05:30,2803.5,2803.89990234375,2802.5,2803.800048828125,300
2025-04-21 13:15:00+05:30,2803.199951171875,2803.199951171875,2801.199951171875,2801.199951171875,15
2025-04-21 13:16:00+05:30,2801.199951171875,2801.199951171875,2801.199951171875,2801.199951171875,53
2025-04-21 13:17:00+05:30,2801.800048828125,2801.800048828125,2801.800048828125,2801.800048828125,0
2025-04-21 13:18:00+05:30,2801.10009765625,2803.800048828125,2801.10009765625,2803.800048828125,43
2025-04-21 13:19:00+05:30,2802.800048828125,2803.0,2802.39990234375,2802.39990234375,6
2025-04-21 13:20:00+05:30,2802.89990234375,2802.89990234375,2802.199951171875,2802.5,123
2025-04-21 13:21:00+05:30,2802.39990234375,2802.39990234375,2802.300048828125,2802.300048828125,24
2025-04-21 13:22:00+05:30,2799.89990234375,2799.89990234375,2799.89990234375,2799.89990234375,0
2025-04-21 13:23:00+05:30,2799.199951171875,2799.199951171875,2796.60009765625,2799.10009765625,8
2025-04-21 13:24:00+05:30,2798.89990234375,2798.89990234375,2798.89990234375,2798.89990234375,5
2025-04-21 13:25:00+05:30,2796.39990234375,2796.39990234375,2796.39990234375,2796.39990234375,4
2025-04-21 13:26:00+05:30,2794.800048828125,2798.199951171875,2794.800048828125,2798.199951171875,233
2025-04-21 13:27:00+05:30,2797.199951171875,2797.199951171875,2793.10009765625,2795.0,122
2025-04-21 13:28:00+05:30,2796.800048828125,2796.800048828125,2796.800048828125,2796.800048828125,2
2025-04-21 13:29:00+05:30,2799.60009765625,2799.60009765625,2797.800048828125,2798.199951171875,257
2025-04-21 13:30:00+05:30,2800.699951171875,2802.699951171875,2800.699951171875,2802.699951171875,7
2025-04-21 13:31:00+05:30,2801.699951171875,2801.699951171875,2801.699951171875,2801.699951171875,19
2025-04-21 13:32:00+05:30,2801.0,2804.199951171875,2801.0,2802.0,51
2025-04-21 13:33:00+05:30,2799.60009765625,2799.60009765625,2799.60009765625,2799.60009765625,10
2025-04-21 13:34:00+05:30,2800.5,2800.5,2800.5,2800.5,5
2025-04-21 13:35:00+05:30,2802.5,2803.0,2800.89990234375,2803.0,2
2025-04-21 13:36:00+05:30,2802.300048828125,2802.300048828125,2802.300048828125,2802.300048828125,2
2025-04-21 13:37:00+05:30,2802.10009765625,2803.699951171875,2802.10009765625,2803.699951171875,22
2025-04-21 13:39:00+05:30,2802.699951171875,2804.5,2802.699951171875,2804.5,98
2025-04-21 13:40:00+05:30,2802.10009765625,2803.89990234375,2802.10009765625,2803.89990234375,16
2025-04-21 13:41:00+05:30,2800.10009765625,2802.10009765625,2799.89990234375,2802.10009765625,112
2025-04-21 13:42:00+05:30,2802.10009765625,2802.10009765625,2801.0,2801.0,12
2025-04-21 13:43:00+05:30,2803.699951171875,2803.699951171875,2802.0,2802.0,8
2025-04-21 13:44:00+05:30,2803.5,2803.699951171875,2803.5,2803.699951171875,0
2025-04-21 13:45:00+05:30,2803.39990234375,2803.39990234375,2803.39990234375,2803.39990234375,28
2025-04-21 13:46:00+05:30,2801.699951171875,2803.39990234375,2801.699951171875,2803.39990234375,6
2025-04-21 13:47:00+05:30,2801.300048828125,2801.300048828125,2801.300048828125,2801.300048828125,1
2025-04-21 13:48:00+05:30,2794.699951171875,2801.699951171875,2794.699951171875,2801.699951171875,1084
2025-04-21 13:49:00+05:30,2792.199951171875,2792.199951171875,2789.800048828125,2789.800048828125,506
2025-04-21 13:50:00+05:30,2792.199951171875,2793.300048828125,2792.199951171875,2793.300048828125,12
2025-04-21 13:51:00+05:30,2796.300048828125,2796.300048828125,2796.300048828125,2796.300048828125,199
2025-04-21 13:52:00+05:30,2791.89990234375,2791.89990234375,2791.89990234375,2791.89990234375,2
2025-04-21 13:53:00+05:30,2794.199951171875,2794.199951171875,2793.89990234375,2793.89990234375,37
2025-04-21 13:54:00+05:30,2792.0,2794.0,2792.0,2794.0,6
2025-04-21 13:56:00+05:30,2790.89990234375,2794.199951171875,2790.89990234375,2794.199951171875,82
2025-04-21 13:57:00+05:30,2799.800048828125,2799.800048828125,2790.800048828125,2790.800048828125,204
2025-04-21 14:00:00+05:30,2793.10009765625,2795.89990234375,2793.10009765625,2795.300048828125,0
2025-04-21 14:01:00+05:30,2796.60009765625,2796.60009765625,2796.60009765625,2796.60009765625,5
2025-04-21 14:02:00+05:30,2793.800048828125,2793.800048828125,2792.300048828125,2792.300048828125,26
2025-04-21 14:04:00+05:30,2794.5,2794.5,2794.5,2794.5,5
2025-04-21 14:05:00+05:30,2792.10009765625,2792.10009765625,2792.10009765625,2792.10009765625,1
2025-04-21 14:06:00+05:30,2786.199951171875,2792.0,2786.199951171875,2792.0,242
2025-04-21 14:07:00+05:30,2787.199951171875,2787.199951171875,2786.199951171875,2786.199951171875,3
2025-04-21 14:08:00+05:30,2787.199951171875,2787.199951171875,2787.199951171875,2787.199951171875,14
2025-04-21 14:10:00+05:30,2787.199951171875,2787.199951171875,2787.199951171875,2787.199951171875,3
2025-04-21 14:11:00+05:30,2786.199951171875,2786.199951171875,2786.199951171875,2786.199951171875,26
2025-04-21 14:12:00+05:30,2782.5,2782.5,2782.0,2782.5,170
2025-04-21 14:14:00+05:30,2784.5,2784.5,2782.5,2782.5,11
2025-04-21 14:15:00+05:30,2782.199951171875,2785.699951171875,2782.199951171875,2784.699951171875,72
2025-04-21 14:16:00+05:30,2782.10009765625,2784.800048828125,2782.10009765625,2784.699951171875,9
2025-04-21 14:17:00+05:30,2786.199951171875,2786.199951171875,2784.89990234375,2784.89990234375,87
2025-04-21 14:18:00+05:30,2787.10009765625,2787.10009765625,2787.10009765625,2787.10009765625,6
2025-04-21 14:19:00+05:30,2786.5,2786.5,2786.5,2786.5,86
2025-04-21 14:20:00+05:30,2784.0,2784.10009765625,2784.0,2784.10009765625,3
2025-04-21 14:21:00+05:30,2784.0,2784.0,2784.0,2784.0,34
2025-04-21 14:22:00+05:30,2786.39990234375,2786.39990234375,2786.39990234375,2786.39990234375,0
2025-04-21 14:23:00+05:30,2785.10009765625,2785.10009765625,2785.10009765625,2785.10009765625,4
2025-04-21 14:24:00+05:30,2786.800048828125,2787.199951171875,2784.89990234375,2787.199951171875,20
2025-04-21 14:25:00+05:30,2784.10009765625,2784.89990234375,2784.10009765625,2784.89990234375,46
2025-04-21 14:26:00+05:30,2784.199951171875,2784.199951171875,2784.199951171875,2784.199951171875,9
2025-04-21 14:27:00+05:30,2784.10009765625,2785.89990234375,2784.10009765625,2784.89990234375,53
2025-04-21 14:28:00+05:30,2784.0,2786.199951171875,2784.0,2784.199951171875,12
2025-04-21 14:29:00+05:30,2782.10009765625,2784.0,2782.10009765625,2784.0,55
2025-04-21 14:30:00+05:30,2787.39990234375,2793.5,2781.89990234375,2782.60009765625,564
2025-04-21 14:31:00+05:30,2787.39990234375,2787.39990234375,2786.300048828125,2786.300048828125,21
2025-04-21 14:32:00+05:30,2787.39990234375,2789.5,2787.39990234375,2787.39990234375,17
2025-04-21 14:33:00+05:30,2789.699951171875,2789.699951171875,2789.39990234375,2789.39990234375,11
2025-04-21 14:34:00+05:30,2789.10009765625,2789.89990234375,2787.89990234375,2789.60009765625,93
2025-04-21 14:35:00+05:30,2786.300048828125,2789.199951171875,2786.300048828125,2787.39990234375,37
2025-04-21 14:36:00+05:30,2777.5,2782.0,2777.5,2780.300048828125,60
2025-04-21 14:37:00+05:30,2780.10009765625,2780.89990234375,2777.89990234375,2777.89990234375,9
2025-04-21 14:38:00+05:30,2785.0,2785.0,2779.199951171875,2781.89990234375,183
2025-04-21 14:39:00+05:30,2794.800048828125,2799.89990234375,2792.199951171875,2792.199951171875,540
2025-04-21 14:40:00+05:30,2797.199951171875,2798.699951171875,2797.10009765625,2797.199951171875,14
2025-04-21 14:41:00+05:30,2797.199951171875,2797.199951171875,2794.0,2794.0,7
2025-04-21 14:42:00+05:30,2797.800048828125,2797.800048828125,2794.10009765625,2794.10009765625,5
2025-04-21 14:43:00+05:30,2800.60009765625,2800.60009765625,2797.89990234375,2797.89990234375,248
2025-04-21 14:44:00+05:30,2802.0,2802.0,2802.0,2802.0,45
2025-04-21 14:45:00+05:30,2800.0,2800.60009765625,2800.0,2800.60009765625,0
2025-04-21 14:46:00+05:30,2800.0,2800.199951171875,2800.0,2800.10009765625,51
2025-04-21 14:47:00+05:30,2801.60009765625,2801.89990234375,2800.0,2800.39990234375,423
2025-04-21 14:48:00+05:30,2800.89990234375,2802.89990234375,2800.89990234375,2802.89990234375,10
2025-04-21 14:49:00+05:30,2805.10009765625,2805.10009765625,2800.699951171875,2800.699951171875,243
2025-04-21 14:50:00+05:30,2801.60009765625,2803.89990234375,2797.300048828125,2803.89990234375,256
2025-04-21 14:51:00+05:30,2800.89990234375,2801.0,2799.199951171875,2800.300048828125,94
2025-04-21 14:52:00+05:30,2801.0,2801.0,2800.60009765625,2800.60009765625,42
2025-04-21 14:53:00+05:30,2799.89990234375,2800.300048828125,2799.89990234375,2800.0,7
2025-04-21 14:54:00+05:30,2801.89990234375,2801.89990234375,2801.89990234375,2801.89990234375,417
2025-04-21 14:55:00+05:30,2800.0,2803.39990234375,2797.199951171875,2797.199951171875,605
2025-04-21 14:56:00+05:30,2799.89990234375,2800.0,2797.699951171875,2799.699951171875,125
2025-04-21 14:57:00+05:30,2795.60009765625,2795.60009765625,2793.5,2794.800048828125,90
2025-04-21 14:58:00+05:30,2792.300048828125,2794.5,2792.300048828125,2794.5,28
2025-04-21 14:59:00+05:30,2793.199951171875,2795.39990234375,2791.300048828125,2795.10009765625,768
2025-04-21 15:00:00+05:30,2794.10009765625,2795.800048828125,2792.0,2792.0,75
2025-04-21 15:01:00+05:30,2792.5,2792.89990234375,2792.5,2792.89990234375,4
2025-04-21 15:02:00+05:30,2795.199951171875,2795.199951171875,2794.60009765625,2794.60009765625,224
2025-04-21 15:03:00+05:30,2795.800048828125,2797.800048828125,2795.10009765625,2795.10009765625,10
2025-04-21 15:04:00+05:30,2790.699951171875,2795.199951171875,2790.699951171875,2795.199951171875,240
2025-04-21 15:05:00+05:30,2778.60009765625,2793.199951171875,2778.60009765625,2793.199951171875,612
2025-04-21 15:06:00+05:30,2780.699951171875,2783.39990234375,2777.300048828125,2783.39990234375,93
2025-04-21 15:07:00+05:30,2782.199951171875,2782.199951171875,2778.10009765625,2779.699951171875,1661
2025-04-21 15:08:00+05:30,2778.0,2778.699951171875,2775.10009765625,2775.300048828125,9
2025-04-21 15:09:00+05:30,2775.199951171875,2779.89990234375,2775.199951171875,2778.699951171875,115
2025-04-21 15:10:00+05:30,2777.199951171875,2780.5,2777.10009765625,2777.89990234375,400
2025-04-21 15:11:00+05:30,2771.10009765625,2778.0,2767.89990234375,2774.699951171875,411
2025-04-21 15:12:00+05:30,2775.0,2778.60009765625,2771.10009765625,2771.10009765625,395
2025-04-21 15:13:00+05:30,2777.300048828125,2777.300048828125,2775.0,2775.0,3
2025-04-21 15:14:00+05:30,2777.60009765625,2778.10009765625,2774.699951171875,2777.5,176
2025-04-21 15:15:00+05:30,2770.699951171875,2775.0,2770.699951171875,2774.60009765625,146
2025-04-21 15:16:00+05:30,2773.800048828125,2774.39990234375,2770.0,2774.39990234375,214
2025-04-21 15:17:00+05:30,2777.199951171875,2777.199951171875,2775.0,2775.0,299
2025-04-21 15:18:00+05:30,2778.5,2779.89990234375,2777.5,2777.5,1094
2025-04-21 15:19:00+05:30,2779.0,2779.0,2776.699951171875,2779.0,216
2025-04-21 15:20:00+05:30,2773.300048828125,2784.89990234375,2773.300048828125,2779.0,1165
2025-04-21 15:21:00+05:30,2776.699951171875,2777.699951171875,2775.699951171875,2776.800048828125,517
2025-04-21 15:22:00+05:30,2779.5,2779.60009765625,2776.199951171875,2776.199951171875,135
2025-04-21 15:23:00+05:30,2778.39990234375,2778.39990234375,2777.300048828125,2778.39990234375,226
2025-04-21 15:24:00+05:30,2780.0,2780.0,2775.300048828125,2775.300048828125,233
2025-04-21 15:25:00+05:30,2777.300048828125,2780.0,2777.300048828125,2780.0,101
2025-04-21 15:26:00+05:30,2776.800048828125,2780.0,2775.0,2780.0,128
2025-04-21 15:27:00+05:30,2774.10009765625,2778.699951171875,2774.10009765625,2778.699951171875,241
2025-04-21 15:28:00+05:30,2775.10009765625,2778.699951171875,2774.10009765625,2777.800048828125,603
2025-04-21 15:29:00+05:30,2776.0,2779.5,2775.0,2778.39990234375,302
2025-04-22 09:15:00+05:30,2793.5,2793.699951171875,2791.39990234375,2791.39990234375,0
2025-04-22 09:16:00+05:30,2793.199951171875,2804.699951171875,2787.5,2795.0,1992
2025-04-22 09:17:00+05:30,2784.199951171875,2792.10009765625,2784.199951171875,2789.699951171875,326
2025-04-22 09:18:00+05:30,2775.39990234375,2786.60009765625,2773.0,2786.60009765625,955
2025-04-22 09:19:00+05:30,2766.800048828125,2771.199951171875,2763.699951171875,2770.199951171875,1175
2025-04-22 09:20:00+05:30,2773.0,2773.0,2760.0,2760.0,715
2025-04-22 09:21:00+05:30,2781.699951171875,2781.699951171875,2775.5,2781.5,493
2025-04-22 09:22:00+05:30,2783.699951171875,2791.199951171875,2781.0,2781.0,815
2025-04-22 09:23:00+05:30,2788.300048828125,2795.0,2785.199951171875,2789.89990234375,403
2025-04-22 09:24:00+05:30,2787.5,2789.10009765625,2783.5,2788.199951171875,254
2025-04-22 09:25:00+05:30,2791.199951171875,2791.199951171875,2785.199951171875,2786.39990234375,236
2025-04-22 09:26:00+05:30,2785.0,2791.89990234375,2785.0,2787.199951171875,193
2025-04-22 09:27:00+05:30,2791.0,2791.60009765625,2788.0,2788.800048828125,35
2025-04-22 09:28:00+05:30,2794.300048828125,2794.300048828125,2791.39990234375,2791.39990234375,5
2025-04-22 09:29:00+05:30,2790.300048828125,2795.0,2790.300048828125,2793.60009765625,626
2025-04-22 09:30:00+05:30,2784.800048828125,2792.39990234375,2784.800048828125,2792.39990234375,50
2025-04-22 09:31:00+05:30,2783.60009765625,2786.0,2782.300048828125,2782.300048828125,146
2025-04-22 09:32:00+05:30,2789.0,2789.0,2784.10009765625,2784.10009765625,86
2025-04-22 09:33:00+05:30,2795.0,2795.0,2787.699951171875,2787.699951171875,1850
2025-04-22 09:34:00+05:30,2792.10009765625,2793.800048828125,2790.0,2793.800048828125,149
2025-04-22 09:35:00+05:30,2796.699951171875,2796.89990234375,2791.10009765625,2791.10009765625,174
2025-04-22 09:36:00+05:30,2800.199951171875,2805.800048828125,2797.300048828125,2797.300048828125,338
2025-04-22 09:37:00+05:30,2821.10009765625,2821.10009765625,2800.699951171875,2800.699951171875,2927
2025-04-22 09:38:00+05:30,2828.0,2828.0,2813.199951171875,2819.5,2533
2025-04-22 09:39:00+05:30,2831.89990234375,2836.199951171875,2825.699951171875,2826.60009765625,1004
2025-04-22 09:40:00+05:30,2830.10009765625,2843.60009765625,2830.10009765625,2837.199951171875,2319
2025-04-22 09:41:00+05:30,2845.0,2845.0,2827.5,2829.39990234375,2141
2025-04-22 09:42:00+05:30,2849.89990234375,2854.89990234375,2849.89990234375,2850.0,4296
2025-04-22 09:43:00+05:30,2859.39990234375,2859.89990234375,2852.5,2859.89990234375,1872
2025-04-22 09:44:00+05:30,2869.199951171875,2869.199951171875,2856.89990234375,2856.89990234375,2952
2025-04-22 09:45:00+05:30,2842.800048828125,2871.699951171875,2842.800048828125,2867.5,3233
2025-04-22 09:46:00+05:30,2858.199951171875,2858.699951171875,2842.199951171875,2842.199951171875,1969
2025-04-22 09:47:00+05:30,2855.0,2855.0,2846.300048828125,2854.89990234375,813
2025-04-22 09:48:00+05:30,2849.39990234375,2858.5,2849.39990234375,2858.5,2194
2025-04-22 09:49:00+05:30,2845.10009765625,2849.5,2842.0,2849.5,175
2025-04-22 09:50:00+05:30,2849.0,2850.10009765625,2847.10009765625,2847.699951171875,76
2025-04-22 09:51:00+05:30,2843.199951171875,2845.39990234375,2842.300048828125,2845.39990234375,521
2025-04-22 09:52:00+05:30,2843.699951171875,2844.800048828125,2842.89990234375,2843.39990234375,499
2025-04-22 09:53:00+05:30,2844.10009765625,2846.800048828125,2844.10009765625,2845.60009765625,703
2025-04-22 09:54:00+05:30,2843.0,2843.0,2839.800048828125,2840.39990234375,273
2025-04-22 09:55:00+05:30,2836.10009765625,2845.0,2836.10009765625,2843.39990234375,1326
2025-04-22 09:56:00+05:30,2864.699951171875,2868.89990234375,2830.89990234375,2831.199951171875,3598
2025-04-22 09:57:00+05:30,2876.39990234375,2879.0,2868.89990234375,2868.89990234375,3773
2025-04-22 09:58:00+05:30,2874.89990234375,2878.89990234375,2871.300048828125,2876.699951171875,1692
2025-04-22 09:59:00+05:30,2880.300048828125,2880.300048828125,2875.60009765625,2875.60009765625,2084
2025-04-22 10:00:00+05:30,2887.10009765625,2887.10009765625,2880.199951171875,2883.0,3688
2025-04-22 10:01:00+05:30,2886.699951171875,2887.0,2883.0,2887.0,1447
2025-04-22 10:02:00+05:30,2886.60009765625,2886.699951171875,2883.10009765625,2886.699951171875,919
2025-04-22 10:03:00+05:30,2886.39990234375,2886.39990234375,2880.89990234375,2883.800048828125,160
2025-04-22 10:04:00+05:30,2880.39990234375,2882.89990234375,2876.5,2878.699951171875,1097
2025-04-22 10:05:00+05:30,2883.0,2883.0,2880.5,2882.89990234375,192
2025-04-22 10:06:00+05:30,2886.800048828125,2887.0,2882.0,2884.800048828125,615
2025-04-22 10:07:00+05:30,2886.89990234375,2889.800048828125,2886.10009765625,2887.0,1012
2025-04-22 10:08:00+05:30,2886.300048828125,2889.699951171875,2883.199951171875,2889.699951171875,559
2025-04-22 10:09:00+05:30,2880.699951171875,2883.0,2880.0,2881.800048828125,1188
2025-04-22 10:10:00+05:30,2876.10009765625,2881.0,2876.10009765625,2880.89990234375,111
2025-04-22 10:11:00+05:30,2867.199951171875,2872.10009765625,2867.199951171875,2872.0,406
2025-04-22 10:12:00+05:30,2868.89990234375,2872.199951171875,2866.300048828125,2866.300048828125,373
2025-04-22 10:13:00+05:30,2877.199951171875,2877.199951171875,2868.89990234375,2868.89990234375,311
2025-04-22 10:14:00+05:30,2880.0,2882.199951171875,2876.5,2876.5,532
2025-04-22 10:15:00+05:30,2870.10009765625,2880.39990234375,2870.10009765625,2880.39990234375,959
2025-04-22 10:16:00+05:30,2878.89990234375,2880.0,2873.300048828125,2873.300048828125,262
2025-04-22 10:17:00+05:30,2877.39990234375,2881.5,2876.800048828125,2876.800048828125,431
2025-04-22 10:18:00+05:30,2878.89990234375,2878.89990234375,2878.39990234375,2878.60009765625,28
2025-04-22 10:19:00+05:30,2879.5,2883.300048828125,2874.800048828125,2878.0,433
2025-04-22 10:20:00+05:30,2880.199951171875,2880.199951171875,2879.39990234375,2879.5,222
2025-04-22 10:21:00+05:30,2887.199951171875,2887.199951171875,2878.10009765625,2880.199951171875,1410
2025-04-22 10:22:00+05:30,2894.60009765625,2895.800048828125,2884.699951171875,2887.0,3230
2025-04-22 10:23:00+05:30,2908.0,2908.0,2895.39990234375,2895.39990234375,4566
2025-04-22 10:24:00+05:30,2907.5,2907.5,2903.10009765625,2905.89990234375,1627
2025-04-22 10:25:00+05:30,2908.89990234375,2908.89990234375,2904.800048828125,2907.699951171875,1310
2025-04-22 10:26:00+05:30,2912.0,2914.0,2909.800048828125,2911.0,1420
2025-04-22 10:27:00+05:30,2912.0,2912.10009765625,2910.0,2910.10009765625,345
2025-04-22 10:28:00+05:30,2915.699951171875,2915.699951171875,2912.0,2912.0,1461
2025-04-22 10:29:00+05:30,2908.300048828125,2915.5,2908.300048828125,2915.5,605
2025-04-22 10:30:00+05:30,2906.0,2908.5,2906.0,2908.39990234375,149
2025-04-22 10:31:00+05:30,2907.800048828125,2908.10009765625,2906.10009765625,2906.10009765625,410
2025-04-22 10:32:00+05:30,2910.0,2910.0,2908.0,2908.0,421
2025-04-22 10:33:00+05:30,2916.0,2916.0,2910.0,2910.0,417
2025-04-22 10:34:00+05:30,2908.5,2913.199951171875,2906.60009765625,2913.199951171875,919
2025-04-22 10:35:00+05:30,2906.0,2909.39990234375,2906.0,2908.5,131
2025-04-22 10:36:00+05:30,2905.0,2907.89990234375,2905.0,2906.0,121
2025-04-22 10:37:00+05:30,2905.300048828125,2907.89990234375,2905.0,2905.0,239
2025-04-22 10:38:00+05:30,2896.39990234375,2907.800048828125,2891.0,2907.800048828125,2899
2025-04-22 10:39:00+05:30,2905.0,2905.0,2897.5,2899.39990234375,1039
2025-04-22 10:40:00+05:30,2910.0,2912.0,2903.199951171875,2903.199951171875,1811
2025-04-22 10:41:00+05:30,2915.0,2915.0,2910.0,2910.0,172
2025-04-22 10:42:00+05:30,2909.800048828125,2913.300048828125,2909.800048828125,2913.300048828125,817
2025-04-22 10:43:00+05:30,2906.60009765625,2908.10009765625,2900.800048828125,2906.89990234375,480
2025-04-22 10:44:00+05:30,2913.0,2913.39990234375,2908.0,2908.0,1045
2025-04-22 10:45:00+05:30,2910.0,2912.10009765625,2908.10009765625,2911.89990234375,813
2025-04-22 10:46:00+05:30,2909.300048828125,2909.300048828125,2905.10009765625,2908.10009765625,289
2025-04-22 10:47:00+05:30,2909.60009765625,2909.60009765625,2906.199951171875,2906.199951171875,0
2025-04-22 10:48:00+05:30,2904.0,2908.89990234375,2904.0,2908.89990234375,115
2025-04-22 10:49:00+05:30,2904.0,2906.199951171875,2904.0,2906.199951171875,265
2025-04-22 10:50:00+05:30,2904.0,2904.0,2904.0,2904.0,14
2025-04-22 10:51:00+05:30,2901.199951171875,2903.800048828125,2901.0,2901.60009765625,567
2025-04-22 10:52:00+05:30,2901.199951171875,2904.0,2901.199951171875,2904.0,130
2025-04-22 10:53:00+05:30,2899.800048828125,2901.699951171875,2899.800048828125,2901.10009765625,865
2025-04-22 10:54:00+05:30,2900.0,2900.0,2895.699951171875,2899.0,304
2025-04-22 10:55:00+05:30,2904.199951171875,2904.199951171875,2899.0,2899.0,195
2025-04-22 10:56:00+05:30,2900.199951171875,2903.10009765625,2900.199951171875,2903.10009765625,460
2025-04-22 10:57:00+05:30,2903.39990234375,2903.39990234375,2900.39990234375,2900.39990234375,115
2025-04-22 10:58:00+05:30,2901.800048828125,2904.0,2901.800048828125,2903.39990234375,151
2025-04-22 10:59:00+05:30,2900.0,2904.0,2900.0,2904.0,113
2025-04-22 11:00:00+05:30,2896.300048828125,2901.60009765625,2896.300048828125,2900.0,366
2025-04-22 11:01:00+05:30,2893.199951171875,2897.0,2893.199951171875,2897.0,156
2025-04-22 11:02:00+05:30,2892.60009765625,2893.89990234375,2892.60009765625,2893.199951171875,1287
2025-04-22 11:03:00+05:30,2886.5,2890.300048828125,2883.89990234375,2890.300048828125,1133
2025-04-22 11:04:00+05:30,2886.0,2886.10009765625,2886.0,2886.10009765625,116
2025-04-22 11:05:00+05:30,2885.0,2886.0,2882.800048828125,2886.0,762
2025-04-22 11:06:00+05:30,2882.0,2884.60009765625,2880.89990234375,2884.60009765625,64
2025-04-22 11:07:00+05:30,2884.39990234375,2884.39990234375,2882.0,2882.0,29
2025-04-22 11:08:00+05:30,2882.10009765625,2882.10009765625,2881.5,2881.5,89
2025-04-22 11:09:00+05:30,2883.89990234375,2885.800048828125,2881.300048828125,2884.60009765625,179
2025-04-22 11:10:00+05:30,2895.10009765625,2895.10009765625,2883.89990234375,2884.60009765625,431
2025-04-22 11:11:00+05:30,2894.699951171875,2900.0,2894.699951171875,2895.10009765625,547
2025-04-22 11:12:00+05:30,2893.699951171875,2898.699951171875,2893.699951171875,2898.699951171875,96
2025-04-22 11:13:00+05:30,2890.0,2894.60009765625,2890.0,2894.60009765625,220
2025-04-22 11:14:00+05:30,2892.60009765625,2893.300048828125,2890.0,2890.0,87
2025-04-22 11:15:00+05:30,2890.0,2893.300048828125,2890.0,2893.300048828125,81
2025-04-22 11:16:00+05:30,2889.800048828125,2889.800048828125,2889.800048828125,2889.800048828125,57
2025-04-22 11:17:00+05:30,2886.0,2889.0,2886.0,2889.0,73
2025-04-22 11:18:00+05:30,2889.800048828125,2890.0,2885.800048828125,2885.800048828125,44
2025-04-22 11:19:00+05:30,2889.60009765625,2890.0,2887.800048828125,2887.800048828125,104
2025-04-22 11:20:00+05:30,2892.5,2893.800048828125,2890.699951171875,2890.699951171875,155
2025-04-22 11:21:00+05:30,2893.89990234375,2893.89990234375,2890.0,2890.0,73
2025-04-22 11:22:00+05:30,2927.39990234375,2927.39990234375,2895.5,2895.5,4088
2025-04-22 11:23:00+05:30,2924.0,2928.89990234375,2922.699951171875,2927.10009765625,1222
2025-04-22 11:24:00+05:30,2929.0,2938.0,2925.0,2925.0,2541
2025-04-22 11:25:00+05:30,2934.0,2940.300048828125,2925.5,2929.89990234375,1867
2025-04-22 11:26:00+05:30,2930.60009765625,2934.5,2930.10009765625,2934.5,514
2025-04-22 11:27:00+05:30,2925.10009765625,2930.60009765625,2925.10009765625,2930.0,292
2025-04-22 11:28:00+05:30,2924.199951171875,2928.0,2924.199951171875,2928.0,659
2025-04-22 11:29:00+05:30,2925.10009765625,2927.699951171875,2925.10009765625,2925.10009765625,46
2025-04-22 11:30:00+05:30,2920.10009765625,2925.5,2920.10009765625,2925.5,377
2025-04-22 11:31:00+05:30,2925.5,2925.5,2924.0,2924.0,345
2025-04-22 11:32:00+05:30,2929.0,2929.0,2924.89990234375,2925.699951171875,5
2025-04-22 11:33:00+05:30,2928.199951171875,2932.10009765625,2928.199951171875,2931.0,645
2025-04-22 11:34:00+05:30,2925.89990234375,2927.89990234375,2922.89990234375,2927.89990234375,111
2025-04-22 11:35:00+05:30,2913.39990234375,2924.699951171875,2913.39990234375,2922.800048828125,629
2025-04-22 11:36:00+05:30,2918.199951171875,2918.199951171875,2913.300048828125,2913.300048828125,196
2025-04-22 11:37:00+05:30,2906.199951171875,2912.39990234375,2905.5,2912.39990234375,481
2025-04-22 11:38:00+05:30,2907.699951171875,2910.10009765625,2906.0,2906.0,131
2025-04-22 11:39:00+05:30,2913.199951171875,2913.199951171875,2908.10009765625,2908.10009765625,213
2025-04-22 11:40:00+05:30,2911.89990234375,2911.89990234375,2907.300048828125,2911.89990234375,597
2025-04-22 11:41:00+05:30,2901.0,2907.39990234375,2901.0,2907.300048828125,1535
2025-04-22 11:42:00+05:30,2894.0,2900.0,2894.0,2898.89990234375,597
2025-04-22 11:43:00+05:30,2903.699951171875,2903.699951171875,2897.0,2897.0,62
2025-04-22 11:44:00+05:30,2900.800048828125,2905.0,2900.800048828125,2905.0,286
2025-04-22 11:45:00+05:30,2902.89990234375,2904.0,2902.300048828125,2904.0,231
2025-04-22 11:46:00+05:30,2899.89990234375,2900.0,2899.699951171875,2900.0,49
2025-04-22 11:47:00+05:30,2896.800048828125,2900.0,2896.800048828125,2897.89990234375,134
2025-04-22 11:48:00+05:30,2896.0,2900.0,2896.0,2897.5,288
2025-04-22 11:49:00+05:30,2895.0,2899.0,2894.0,2899.0,153
2025-04-22 11:50:00+05:30,2900.0,2900.0,2895.0,2895.0,690
2025-04-22 11:51:00+05:30,2900.0,2900.0,2896.0,2896.0,37
2025-04-22 11:52:00+05:30,2906.699951171875,2906.699951171875,2900.0,2900.0,698
2025-04-22 11:53:00+05:30,2908.10009765625,2908.10009765625,2904.5,2907.300048828125,98
2025-04-22 11:54:00+05:30,2895.0,2897.10009765625,2895.0,2897.10009765625,794
2025-04-22 11:55:00+05:30,2896.10009765625,2896.10009765625,2895.5,2895.5,0
2025-04-22 11:56:00+05:30,2897.699951171875,2897.699951171875,2895.5,2895.5,109
2025-04-22 11:57:00+05:30,2897.10009765625,2897.10009765625,2896.10009765625,2896.10009765625,62
2025-04-22 11:58:00+05:30,2901.10009765625,2901.10009765625,2898.0,2898.0,169
2025-04-22 11:59:00+05:30,2903.300048828125,2903.300048828125,2900.0,2901.0,277
2025-04-22 12:00:00+05:30,2903.0,2905.0,2903.0,2904.89990234375,261
2025-04-22 12:01:00+05:30,2898.300048828125,2902.800048828125,2898.300048828125,2902.800048828125,30
2025-04-22 12:02:00+05:30,2902.39990234375,2902.39990234375,2899.0,2901.5,105
2025-04-22 12:03:00+05:30,2899.0,2899.0,2899.0,2899.0,8
2025-04-22 12:04:00+05:30,2894.60009765625,2900.800048828125,2894.60009765625,2899.0,142
2025-04-22 12:05:00+05:30,2897.60009765625,2897.60009765625,2897.60009765625,2897.60009765625,95
2025-04-22 12:06:00+05:30,2894.0,2897.60009765625,2894.0,2897.60009765625,239
2025-04-22 12:07:00+05:30,2891.60009765625,2894.199951171875,2891.60009765625,2893.60009765625,21
2025-04-22 12:08:00+05:30,2883.39990234375,2893.5,2880.0,2891.300048828125,1337
2025-04-22 12:09:00+05:30,2886.0,2886.0,2881.699951171875,2882.10009765625,20
2025-04-22 12:10:00+05:30,2884.0,2884.39990234375,2880.5,2882.0,303
2025-04-22 12:11:00+05:30,2880.10009765625,2884.0,2880.0,2883.800048828125,375
2025-04-22 12:12:00+05:30,2877.300048828125,2881.5,2877.300048828125,2880.60009765625,1067
2025-04-22 12:13:00+05:30,2872.300048828125,2880.0,2867.10009765625,2873.199951171875,2881
2025-04-22 12:14:00+05:30,2873.0,2876.300048828125,2872.199951171875,2876.300048828125,143
2025-04-22 12:15:00+05:30,2874.89990234375,2874.89990234375,2874.89990234375,2874.89990234375,43
2025-04-22 12:16:00+05:30,2879.800048828125,2883.800048828125,2873.0,2874.89990234375,2010
2025-04-22 12:17:00+05:30,2884.0,2884.0,2879.39990234375,2882.0,1067
2025-04-22 12:18:00+05:30,2886.300048828125,2886.300048828125,2881.0,2881.0,644
2025-04-22 12:19:00+05:30,2884.5,2885.800048828125,2882.10009765625,2882.5,206
2025-04-22 12:20:00+05:30,2893.60009765625,2893.60009765625,2889.89990234375,2890.0,713
2025-04-22 12:21:00+05:30,2892.0,2897.10009765625,2892.0,2892.0,182
2025-04-22 12:22:00+05:30,2891.10009765625,2892.0,2891.10009765625,2892.0,317
2025-04-22 12:23:00+05:30,2886.800048828125,2888.800048828125,2885.0,2886.10009765625,341
2025-04-22 12:24:00+05:30,2885.10009765625,2886.800048828125,2885.10009765625,2886.800048828125,15
2025-04-22 12:25:00+05:30,2886.800048828125,2888.0,2886.800048828125,2886.800048828125,72
2025-04-22 12:26:00+05:30,2885.10009765625,2885.300048828125,2885.10009765625,2885.300048828125,26
2025-04-22 12:27:00+05:30,2881.39990234375,2885.0,2881.39990234375,2885.0,348
2025-04-22 12:28:00+05:30,2883.89990234375,2883.89990234375,2883.89990234375,2883.89990234375,8
2025-04-22 12:29:00+05:30,2884.699951171875,2885.10009765625,2883.10009765625,2885.10009765625,16
2025-04-22 12:30:00+05:30,2880.199951171875,2885.0,2880.199951171875,2885.0,76
2025-04-22 12:31:00+05:30,2877.10009765625,2880.0,2877.10009765625,2880.0,235
2025-04-22 12:32:00+05:30,2875.89990234375,2877.0,2870.800048828125,2877.0,533
2025-04-22 12:33:00+05:30,2875.699951171875,2875.699951171875,2871.5,2873.0,317
2025-04-22 12:34:00+05:30,2872.5,2876.0,2872.5,2876.0,29
2025-04-22 12:35:00+05:30,2872.5,2876.300048828125,2872.300048828125,2873.10009765625,125
2025-04-22 12:36:00+05:30,2874.0,2875.800048828125,2873.300048828125,2873.300048828125,40
2025-04-22 12:37:00+05:30,2879.89990234375,2881.10009765625,2876.699951171875,2876.699951171875,143
2025-04-22 12:38:00+05:30,2877.89990234375,2880.800048828125,2877.0,2880.800048828125,259
2025-04-22 12:39:00+05:30,2877.89990234375,2877.89990234375,2877.89990234375,2877.89990234375,16
2025-04-22 12:40:00+05:30,2877.199951171875,2880.199951171875,2877.0,2880.199951171875,128
2025-04-22 12:41:00+05:30,2874.0,2875.0,2874.0,2875.0,61
2025-04-22 12:42:00+05:30,2874.60009765625,2876.800048828125,2874.0,2874.0,21
2025-04-22 12:43:00+05:30,2873.89990234375,2873.89990234375,2870.0,2870.0,603
2025-04-22 12:44:00+05:30,2873.300048828125,2874.0,2872.89990234375,2874.0,210
2025-04-22 12:45:00+05:30,2869.0,2870.60009765625,2867.0,2870.60009765625,156
2025-04-22 12:46:00+05:30,2874.0,2874.0,2867.0,2867.0,219
2025-04-22 12:47:00+05:30,2876.10009765625,2876.89990234375,2873.199951171875,2873.60009765625,134
2025-04-22 12:48:00+05:30,2875.60009765625,2875.60009765625,2875.60009765625,2875.60009765625,1
2025-04-22 12:49:00+05:30,2874.39990234375,2877.0,2874.39990234375,2877.0,11
2025-04-22 12:50:00+05:30,2877.5,2877.5,2877.300048828125,2877.300048828125,20
2025-04-22 12:51:00+05:30,2876.89990234375,2876.89990234375,2876.89990234375,2876.89990234375,28
2025-04-22 12:52:00+05:30,2873.60009765625,2873.60009765625,2873.0,2873.0,15
2025-04-22 12:53:00+05:30,2877.199951171875,2877.199951171875,2877.199951171875,2877.199951171875,16
2025-04-22 12:54:00+05:30,2876.199951171875,2876.199951171875,2876.199951171875,2876.199951171875,69
2025-04-22 12:55:00+05:30,2879.0,2879.0,2876.199951171875,2877.199951171875,86
2025-04-22 12:56:00+05:30,2877.199951171875,2878.5,2877.199951171875,2878.5,269
2025-04-22 12:57:00+05:30,2879.300048828125,2879.300048828125,2879.300048828125,2879.300048828125,2
2025-04-22 12:58:00+05:30,2879.199951171875,2879.199951171875,2879.199951171875,2879.199951171875,1
2025-04-22 12:59:00+05:30,2880.0,2880.0,2880.0,2880.0,130
2025-04-22 13:00:00+05:30,2880.10009765625,2881.699951171875,2880.0,2881.699951171875,190
2025-04-22 13:01:00+05:30,2883.0,2883.0,2881.800048828125,2882.0,56
2025-04-22 13:02:00+05:30,2883.39990234375,2884.0,2883.0,2883.0,251
2025-04-22 13:03:00+05:30,2881.60009765625,2883.89990234375,2881.60009765625,2883.60009765625,4
2025-04-22 13:04:00+05:30,2883.89990234375,2883.89990234375,2883.60009765625,2883.60009765625,60
2025-04-22 13:05:00+05:30,2881.199951171875,2884.0,2881.199951171875,2883.5,34
2025-04-22 13:07:00+05:30,2884.0,2884.0,2884.0,2884.0,0
2025-04-22 13:08:00+05:30,2886.0,2886.0,2884.0,2884.0,67
2025-04-22 13:09:00+05:30,2882.0,2886.10009765625,2882.0,2886.10009765625,120
2025-04-22 13:10:00+05:30,2880.10009765625,2883.699951171875,2880.10009765625,2883.60009765625,0
2025-04-22 13:11:00+05:30,2876.60009765625,2880.10009765625,2875.89990234375,2880.10009765625,261
2025-04-22 13:12:00+05:30,2879.89990234375,2880.10009765625,2875.300048828125,2875.300048828125,479
2025-04-22 13:13:00+05:30,2875.800048828125,2879.89990234375,2875.60009765625,2879.89990234375,103
2025-04-22 13:14:00+05:30,2879.60009765625,2880.0,2876.0,2876.0,102
2025-04-22 13:16:00+05:30,2881.0,2881.0,2879.0,2879.0,175
2025-04-22 13:17:00+05:30,2880.89990234375,2881.199951171875,2880.89990234375,2881.199951171875,15
2025-04-22 13:18:00+05:30,2877.800048828125,2877.800048828125,2877.800048828125,2877.800048828125,5
2025-04-22 13:19:00+05:30,2876.60009765625,2881.0,2876.60009765625,2881.0,277
2025-04-22 13:20:00+05:30,2878.699951171875,2878.699951171875,2876.10009765625,2876.10009765625,8
2025-04-22 13:21:00+05:30,2878.60009765625,2879.60009765625,2876.60009765625,2879.60009765625,49
2025-04-22 13:22:00+05:30,2880.199951171875,2880.199951171875,2879.5,2879.5,16
2025-04-22 13:23:00+05:30,2880.0,2880.0,2878.199951171875,2878.199951171875,101
2025-04-22 13:24:00+05:30,2880.60009765625,2880.60009765625,2878.199951171875,2878.199951171875,9
2025-04-22 13:25:00+05:30,2878.300048828125,2881.0,2878.300048828125,2881.0,84
2025-04-22 13:26:00+05:30,2878.39990234375,2881.39990234375,2877.89990234375,2880.800048828125,24
2025-04-22 13:27:00+05:30,2878.300048828125,2878.300048828125,2878.300048828125,2878.300048828125,9
2025-04-22 13:28:00+05:30,2880.800048828125,2880.800048828125,2880.800048828125,2880.800048828125,71
2025-04-22 13:29:00+05:30,2877.10009765625,2877.10009765625,2877.10009765625,2877.10009765625,20
2025-04-22 13:30:00+05:30,2879.300048828125,2879.300048828125,2879.300048828125,2879.300048828125,0
2025-04-22 13:31:00+05:30,2875.800048828125,2875.800048828125,2875.800048828125,2875.800048828125,278
2025-04-22 13:32:00+05:30,2875.5,2875.800048828125,2875.5,2875.800048828125,49
2025-04-22 13:33:00+05:30,2890.0,2890.0,2875.800048828125,2875.800048828125,2099
2025-04-22 13:34:00+05:30,2886.0,2892.0,2886.0,2892.0,35
2025-04-22 13:35:00+05:30,2878.800048828125,2882.699951171875,2878.800048828125,2882.699951171875,306
2025-04-22 13:36:00+05:30,2884.0,2884.699951171875,2884.0,2884.699951171875,13
2025-04-22 13:37:00+05:30,2880.800048828125,2880.800048828125,2880.800048828125,2880.800048828125,8
2025-04-22 13:38:00+05:30,2880.89990234375,2880.89990234375,2879.800048828125,2879.800048828125,9
2025-04-22 13:39:00+05:30,2882.60009765625,2882.60009765625,2879.60009765625,2879.60009765625,1179
2025-04-22 13:40:00+05:30,2881.300048828125,2881.300048828125,2876.39990234375,2876.39990234375,530
2025-04-22 13:41:00+05:30,2880.0,2880.0,2879.300048828125,2879.300048828125,29
2025-04-22 13:42:00+05:30,2881.0,2881.10009765625,2881.0,2881.10009765625,201
2025-04-22 13:43:00+05:30,2881.300048828125,2881.300048828125,2879.89990234375,2879.89990234375,0
2025-04-22 13:44:00+05:30,2877.39990234375,2877.39990234375,2877.39990234375,2877.39990234375,19
2025-04-22 13:45:00+05:30,2879.5,2879.5,2877.39990234375,2877.39990234375,20
2025-04-22 13:46:00+05:30,2879.0,2879.699951171875,2876.699951171875,2879.699951171875,391
2025-04-22 13:47:00+05:30,2881.699951171875,2881.699951171875,2879.10009765625,2879.10009765625,91
2025-04-22 13:48:00+05:30,2877.300048828125,2880.199951171875,2877.300048828125,2880.199951171875,8
2025-04-22 13:49:00+05:30,2876.39990234375,2876.39990234375,2876.39990234375,2876.39990234375,1
2025-04-22 13:50:00+05:30,2875.800048828125,2876.10009765625,2875.800048828125,2876.10009765625,49
2025-04-22 13:51:00+05:30,2869.39990234375,2869.39990234375,2868.0,2868.0,1108
2025-04-22 13:52:00+05:30,2865.0,2868.699951171875,2865.0,2868.699951171875,248
2025-04-22 13:53:00+05:30,2861.0,2863.0,2861.0,2863.0,264
2025-04-22 13:54:00+05:30,2860.300048828125,2864.10009765625,2860.300048828125,2864.10009765625,138
2025-04-22 13:55:00+05:30,2864.89990234375,2866.5,2861.10009765625,2865.39990234375,164
2025-04-22 13:56:00+05:30,2861.89990234375,2861.89990234375,2860.5,2861.60009765625,61
2025-04-22 13:57:00+05:30,2861.89990234375,2861.89990234375,2861.89990234375,2861.89990234375,93
2025-04-22 13:58:00+05:30,2859.39990234375,2861.89990234375,2859.39990234375,2861.89990234375,264
2025-04-22 13:59:00+05:30,2859.5,2859.89990234375,2859.39990234375,2859.39990234375,55
2025-04-22 14:00:00+05:30,2859.0,2862.0,2856.0,2862.0,220
2025-04-22 14:01:00+05:30,2862.10009765625,2862.10009765625,2854.300048828125,2854.300048828125,767
2025-04-22 14:02:00+05:30,2863.0,2863.0,2863.0,2863.0,1
2025-04-22 14:03:00+05:30,2863.0,2863.0,2863.0,2863.0,28
2025-04-22 14:04:00+05:30,2861.300048828125,2863.0,2861.300048828125,2863.0,57
2025-04-22 14:05:00+05:30,2862.39990234375,2862.39990234375,2861.300048828125,2861.300048828125,2
2025-04-22 14:07:00+05:30,2867.199951171875,2867.199951171875,2863.89990234375,2863.89990234375,84
2025-04-22 14:08:00+05:30,2860.5,2867.5,2860.5,2867.5,113
2025-04-22 14:09:00+05:30,2864.39990234375,2864.39990234375,2864.0,2864.0,35
2025-04-22 14:10:00+05:30,2850.89990234375,2864.5,2850.89990234375,2864.5,1053
2025-04-22 14:11:00+05:30,2856.699951171875,2856.699951171875,2850.0,2850.0,314
2025-04-22 14:12:00+05:30,2854.10009765625,2857.10009765625,2854.10009765625,2857.10009765625,80
2025-04-22 14:13:00+05:30,2853.5,2856.10009765625,2853.5,2856.10009765625,361
2025-04-22 14:14:00+05:30,2854.10009765625,2854.10009765625,2851.300048828125,2851.300048828125,400
2025-04-22 14:15:00+05:30,2856.0,2856.0,2852.5,2853.89990234375,68
2025-04-22 14:16:00+05:30,2854.300048828125,2855.89990234375,2854.300048828125,2855.89990234375,380
2025-04-22 14:17:00+05:30,2849.60009765625,2850.10009765625,2849.60009765625,2850.10009765625,305
2025-04-22 14:18:00+05:30,2855.10009765625,2855.10009765625,2849.60009765625,2849.60009765625,1081
2025-04-22 14:19:00+05:30,2850.5,2852.10009765625,2850.5,2851.10009765625,85
2025-04-22 14:20:00+05:30,2853.60009765625,2853.60009765625,2853.60009765625,2853.60009765625,20
2025-04-22 14:21:00+05:30,2850.10009765625,2853.39990234375,2850.10009765625,2850.60009765625,318
2025-04-22 14:22:00+05:30,2853.199951171875,2853.89990234375,2850.10009765625,2850.5,115
2025-04-22 14:23:00+05:30,2855.300048828125,2855.300048828125,2852.89990234375,2852.89990234375,17
2025-04-22 14:24:00+05:30,2852.0,2855.300048828125,2851.199951171875,2851.199951171875,238
2025-04-22 14:25:00+05:30,2853.5,2853.5,2850.89990234375,2853.5,132
2025-04-22 14:26:00+05:30,2845.10009765625,2853.0,2845.10009765625,2850.699951171875,590
2025-04-22 14:27:00+05:30,2845.89990234375,2847.89990234375,2842.10009765625,2846.199951171875,334
2025-04-22 14:28:00+05:30,2842.39990234375,2843.699951171875,2842.39990234375,2843.699951171875,30
2025-04-22 14:29:00+05:30,2843.0,2843.10009765625,2842.10009765625,2842.10009765625,180
2025-04-22 14:30:00+05:30,2848.0,2848.60009765625,2843.10009765625,2843.10009765625,248
2025-04-22 14:31:00+05:30,2852.89990234375,2852.89990234375,2851.300048828125,2851.300048828125,207
2025-04-22 14:32:00+05:30,2848.39990234375,2855.199951171875,2848.39990234375,2853.0,427
2025-04-22 14:33:00+05:30,2863.0,2865.0,2853.39990234375,2854.699951171875,792
2025-04-22 14:34:00+05:30,2859.10009765625,2862.39990234375,2859.10009765625,2860.800048828125,306
2025-04-22 14:35:00+05:30,2850.60009765625,2855.0,2846.699951171875,2846.800048828125,975
2025-04-22 14:36:00+05:30,2848.39990234375,2849.39990234375,2848.39990234375,2849.300048828125,33
2025-04-22 14:37:00+05:30,2854.39990234375,2854.800048828125,2852.699951171875,2852.699951171875,38
2025-04-22 14:38:00+05:30,2854.10009765625,2856.5,2854.0,2854.0,90
2025-04-22 14:39:00+05:30,2853.0,2858.89990234375,2853.0,2854.5,191
2025-04-22 14:40:00+05:30,2854.0,2856.89990234375,2854.0,2856.89990234375,246
2025-04-22 14:41:00+05:30,2854.0,2855.699951171875,2854.0,2855.699951171875,30
2025-04-22 14:42:00+05:30,2857.10009765625,2857.89990234375,2857.10009765625,2857.89990234375,56
2025-04-22 14:43:00+05:30,2858.39990234375,2858.39990234375,2854.199951171875,2854.199951171875,97
2025-04-22 14:44:00+05:30,2857.0,2857.0,2857.0,2857.0,0
2025-04-22 14:45:00+05:30,2854.199951171875,2855.0,2854.199951171875,2855.0,12
2025-04-22 14:46:00+05:30,2856.0,2856.39990234375,2854.0,2856.39990234375,79
2025-04-22 14:47:00+05:30,2855.0,2855.800048828125,2855.0,2855.800048828125,66
2025-04-22 14:48:00+05:30,2850.10009765625,2854.0,2850.10009765625,2854.0,740
2025-04-22 14:49:00+05:30,2848.0,2851.300048828125,2848.0,2851.300048828125,121
2025-04-22 14:50:00+05:30,2846.10009765625,2849.300048828125,2846.10009765625,2848.0,711
2025-04-22 14:51:00+05:30,2852.10009765625,2852.10009765625,2852.10009765625,2852.10009765625,0
2025-04-22 14:52:00+05:30,2849.300048828125,2850.5,2849.300048828125,2850.5,9
2025-04-22 14:53:00+05:30,2852.5,2852.60009765625,2849.300048828125,2849.300048828125,122
2025-04-22 14:54:00+05:30,2855.800048828125,2855.800048828125,2852.5,2852.5,252
2025-04-22 14:55:00+05:30,2850.0,2857.0,2850.0,2857.0,405
2025-04-22 14:56:00+05:30,2845.0,2849.89990234375,2845.0,2849.0,436
2025-04-22 14:57:00+05:30,2844.699951171875,2848.39990234375,2844.699951171875,2845.0,388
2025-04-22 14:58:00+05:30,2844.89990234375,2844.89990234375,2843.0,2843.0,4
2025-04-22 14:59:00+05:30,2836.0,2844.89990234375,2835.0,2844.800048828125,1012
2025-04-22 15:00:00+05:30,2835.0,2839.699951171875,2835.0,2835.5,1091
2025-04-22 15:01:00+05:30,2839.699951171875,2839.699951171875,2839.5,2839.5,0
2025-04-22 15:02:00+05:30,2838.60009765625,2839.699951171875,2836.0,2839.699951171875,92
2025-04-22 15:03:00+05:30,2838.699951171875,2838.699951171875,2838.39990234375,2838.39990234375,8
2025-04-22 15:04:00+05:30,2839.0,2839.0,2834.5,2835.0,149
2025-04-22 15:05:00+05:30,2842.199951171875,2844.60009765625,2836.39990234375,2839.0,503
2025-04-22 15:06:00+05:30,2843.10009765625,2845.800048828125,2842.39990234375,2845.800048828125,60
2025-04-22 15:07:00+05:30,2841.10009765625,2842.10009765625,2840.800048828125,2840.800048828125,77
2025-04-22 15:08:00+05:30,2838.10009765625,2841.800048828125,2838.10009765625,2841.800048828125,16
2025-04-22 15:09:00+05:30,2838.39990234375,2840.0,2838.39990234375,2840.0,47
2025-04-22 15:10:00+05:30,2839.5,2840.0,2836.199951171875,2840.0,232
2025-04-22 15:11:00+05:30,2834.0,2837.0,2834.0,2837.0,204
2025-04-22 15:12:00+05:30,2833.0,2833.0,2833.0,2833.0,31
2025-04-22 15:13:00+05:30,2837.699951171875,2837.89990234375,2835.199951171875,2835.199951171875,26
2025-04-22 15:14:00+05:30,2829.800048828125,2835.800048828125,2829.800048828125,2835.800048828125,873
2025-04-22 15:15:00+05:30,2825.39990234375,2833.89990234375,2825.39990234375,2833.89990234375,2008
2025-04-22 15:16:00+05:30,2830.800048828125,2830.800048828125,2819.5,2819.5,781
2025-04-22 15:17:00+05:30,2841.300048828125,2841.300048828125,2830.800048828125,2833.300048828125,805
2025-04-22 15:18:00+05:30,2843.800048828125,2844.300048828125,2840.0,2844.10009765625,425
2025-04-22 15:19:00+05:30,2844.60009765625,2844.60009765625,2842.199951171875,2843.800048828125,151
2025-04-22 15:20:00+05:30,2842.5,2847.0,2842.5,2844.699951171875,903
2025-04-22 15:21:00+05:30,2842.800048828125,2846.60009765625,2837.0,2845.300048828125,358
2025-04-22 15:22:00+05:30,2839.5,2844.39990234375,2839.5,2844.39990234375,225
2025-04-22 15:23:00+05:30,2842.699951171875,2845.199951171875,2838.89990234375,2839.199951171875,554
2025-04-22 15:24:00+05:30,2839.0,2844.60009765625,2834.39990234375,2844.60009765625,258
2025-04-22 15:25:00+05:30,2844.0,2844.0,2832.5,2832.5,481
2025-04-22 15:26:00+05:30,2834.699951171875,2844.0,2834.60009765625,2844.0,358
2025-04-22 15:27:00+05:30,2834.699951171875,2841.0,2834.699951171875,2841.0,234
2025-04-22 15:28:00+05:30,2842.10009765625,2848.0,2834.699951171875,2834.699951171875,418
2025-04-22 15:29:00+05:30,2836.300048828125,2846.0,2836.300048828125,2840.0,221
2025-04-24 09:15:00+05:30,2772.39990234375,2791.39990234375,2769.89990234375,2771.199951171875,0
2025-04-24 09:16:00+05:30,2768.199951171875,2772.89990234375,2765.0,2767.0,1497
2025-04-24 09:17:00+05:30,2780.39990234375,2780.39990234375,2775.39990234375,2778.60009765625,1288
2025-04-24 09:18:00+05:30,2775.60009765625,2785.0,2772.800048828125,2785.0,835
2025-04-24 09:19:00+05:30,2772.199951171875,2780.699951171875,2766.60009765625,2780.699951171875,1473
2025-04-24 09:20:00+05:30,2769.89990234375,2771.60009765625,2759.89990234375,2771.60009765625,1110
2025-04-24 09:21:00+05:30,2764.89990234375,2774.300048828125,2762.0,2774.199951171875,1289
2025-04-24 09:22:00+05:30,2757.60009765625,2760.199951171875,2757.60009765625,2759.89990234375,740
2025-04-24 09:23:00+05:30,2753.300048828125,2756.0,2753.300048828125,2755.0,916
2025-04-24 09:24:00+05:30,2740.10009765625,2754.10009765625,2736.699951171875,2754.10009765625,1558
2025-04-24 09:25:00+05:30,2734.300048828125,2744.10009765625,2732.10009765625,2743.60009765625,992
2025-04-24 09:26:00+05:30,2731.89990234375,2731.89990234375,2724.89990234375,2731.89990234375,1071
2025-04-24 09:27:00+05:30,2725.5,2736.800048828125,2725.5,2730.0,1350
2025-04-24 09:28:00+05:30,2721.5,2728.60009765625,2721.5,2728.60009765625,285
2025-04-24 09:29:00+05:30,2731.39990234375,2731.39990234375,2721.89990234375,2721.89990234375,381
2025-04-24 09:30:00+05:30,2722.39990234375,2730.0,2722.39990234375,2727.60009765625,418
2025-04-24 09:31:00+05:30,2729.39990234375,2729.39990234375,2725.199951171875,2728.5,776
2025-04-24 09:32:00+05:30,2730.60009765625,2735.699951171875,2728.300048828125,2730.0,161
2025-04-24 09:33:00+05:30,2730.300048828125,2730.300048828125,2726.800048828125,2730.0,417
2025-04-24 09:34:00+05:30,2735.699951171875,2738.800048828125,2733.39990234375,2733.39990234375,544
2025-04-24 09:35:00+05:30,2739.39990234375,2742.5,2737.800048828125,2738.0,623
2025-04-24 09:36:00+05:30,2737.5,2741.0,2732.10009765625,2740.300048828125,658
2025-04-24 09:37:00+05:30,2743.89990234375,2743.89990234375,2737.39990234375,2737.39990234375,359
2025-04-24 09:38:00+05:30,2741.10009765625,2741.10009765625,2736.5,2740.0,413
2025-04-24 09:39:00+05:30,2744.89990234375,2749.800048828125,2741.0,2741.0,929
2025-04-24 09:40:00+05:30,2747.10009765625,2748.0,2747.10009765625,2748.0,554
2025-04-24 09:41:00+05:30,2746.60009765625,2751.0,2746.60009765625,2747.199951171875,261
2025-04-24 09:42:00+05:30,2757.60009765625,2757.60009765625,2750.60009765625,2751.10009765625,299
2025-04-24 09:43:00+05:30,2766.0,2769.89990234375,2754.699951171875,2754.699951171875,1112
2025-04-24 09:44:00+05:30,2756.5,2762.800048828125,2756.5,2762.60009765625,430
2025-04-24 09:45:00+05:30,2745.699951171875,2756.39990234375,2745.699951171875,2753.199951171875,382
2025-04-24 09:46:00+05:30,2744.39990234375,2746.800048828125,2744.39990234375,2745.0,435
2025-04-24 09:47:00+05:30,2743.10009765625,2744.39990234375,2740.60009765625,2744.39990234375,263
2025-04-24 09:48:00+05:30,2745.0,2749.199951171875,2742.89990234375,2742.89990234375,396
2025-04-24 09:49:00+05:30,2740.199951171875,2744.0,2740.199951171875,2744.0,0
2025-04-24 09:50:00+05:30,2743.199951171875,2744.60009765625,2740.300048828125,2742.5,103
2025-04-24 09:51:00+05:30,2745.0,2749.0,2745.0,2745.89990234375,384
2025-04-24 09:52:00+05:30,2746.0,2748.699951171875,2746.0,2748.699951171875,106
2025-04-24 09:53:00+05:30,2751.89990234375,2751.89990234375,2750.0,2750.0,15
2025-04-24 09:54:00+05:30,2756.800048828125,2756.800048828125,2753.39990234375,2753.39990234375,32
2025-04-24 09:55:00+05:30,2755.0,2755.0,2752.300048828125,2752.300048828125,458
2025-04-24 09:56:00+05:30,2758.39990234375,2758.39990234375,2755.0,2757.60009765625,127
2025-04-24 09:57:00+05:30,2767.89990234375,2767.89990234375,2757.10009765625,2757.10009765625,483
2025-04-24 09:58:00+05:30,2768.0,2769.0,2767.800048828125,2767.800048828125,240
2025-04-24 09:59:00+05:30,2763.0,2766.800048828125,2763.0,2766.800048828125,228
2025-04-24 10:00:00+05:30,2765.0,2772.0,2764.89990234375,2764.89990234375,515
2025-04-24 10:01:00+05:30,2768.0,2768.0,2765.0,2765.0,133
2025-04-24 10:02:00+05:30,2766.5,2768.0,2764.10009765625,2768.0,81
2025-04-24 10:03:00+05:30,2790.199951171875,2790.199951171875,2763.800048828125,2763.800048828125,1672
2025-04-24 10:04:00+05:30,2789.89990234375,2796.699951171875,2789.89990234375,2792.300048828125,528
2025-04-24 10:05:00+05:30,2787.300048828125,2790.800048828125,2787.300048828125,2790.800048828125,34
2025-04-24 10:06:00+05:30,2777.5,2787.5,2777.5,2787.300048828125,324
2025-04-24 10:07:00+05:30,2778.699951171875,2778.699951171875,2774.60009765625,2774.60009765625,35
2025-04-24 10:08:00+05:30,2775.0,2778.699951171875,2775.0,2778.699951171875,17
2025-04-24 10:09:00+05:30,2775.0,2775.60009765625,2775.0,2775.60009765625,154
2025-04-24 10:10:00+05:30,2775.0,2775.0,2774.89990234375,2774.89990234375,11
2025-04-24 10:11:00+05:30,2773.199951171875,2775.0,2773.199951171875,2775.0,28
2025-04-24 10:12:00+05:30,2773.10009765625,2773.60009765625,2771.699951171875,2771.699951171875,141
2025-04-24 10:13:00+05:30,2769.60009765625,2773.10009765625,2765.10009765625,2773.10009765625,223
2025-04-24 10:14:00+05:30,2769.0,2769.0,2767.300048828125,2767.300048828125,5
2025-04-24 10:15:00+05:30,2768.699951171875,2768.699951171875,2767.39990234375,2767.39990234375,2
2025-04-24 10:16:00+05:30,2767.60009765625,2767.800048828125,2767.60009765625,2767.800048828125,173
2025-04-24 10:17:00+05:30,2768.10009765625,2768.300048828125,2767.60009765625,2767.60009765625,39
2025-04-24 10:18:00+05:30,2768.0,2768.699951171875,2768.0,2768.699951171875,13
2025-04-24 10:19:00+05:30,2769.0,2769.0,2769.0,2769.0,5
2025-04-24 10:20:00+05:30,2768.0,2769.0,2768.0,2769.0,125
2025-04-24 10:21:00+05:30,2766.5,2767.5,2763.300048828125,2767.5,153
2025-04-24 10:22:00+05:30,2764.199951171875,2765.39990234375,2764.199951171875,2765.39990234375,53
2025-04-24 10:23:00+05:30,2773.199951171875,2775.0,2767.0,2767.0,154
2025-04-24 10:24:00+05:30,2775.800048828125,2775.800048828125,2774.0,2774.0,34
2025-04-24 10:25:00+05:30,2780.10009765625,2780.10009765625,2775.39990234375,2776.89990234375,71
2025-04-24 10:26:00+05:30,2779.10009765625,2779.10009765625,2778.699951171875,2778.699951171875,167
2025-04-24 10:27:00+05:30,2775.60009765625,2778.699951171875,2775.60009765625,2778.699951171875,171
2025-04-24 10:28:00+05:30,2779.300048828125,2779.300048828125,2779.300048828125,2779.300048828125,0
2025-04-24 10:29:00+05:30,2775.60009765625,2779.0,2775.60009765625,2777.199951171875,31
2025-04-24 10:30:00+05:30,2774.89990234375,2775.0,2773.0,2775.0,78
2025-04-24 10:32:00+05:30,2776.60009765625,2776.60009765625,2773.5,2773.5,62
2025-04-24 10:33:00+05:30,2777.89990234375,2777.89990234375,2774.39990234375,2776.699951171875,133
2025-04-24 10:34:00+05:30,2776.5,2776.5,2776.5,2776.5,2
2025-04-24 10:35:00+05:30,2775.60009765625,2775.60009765625,2775.60009765625,2775.60009765625,1
2025-04-24 10:36:00+05:30,2773.0,2775.10009765625,2773.0,2773.5,88
2025-04-24 10:37:00+05:30,2772.89990234375,2772.89990234375,2770.0,2770.10009765625,6
2025-04-24 10:38:00+05:30,2769.60009765625,2769.60009765625,2767.199951171875,2767.199951171875,284
2025-04-24 10:39:00+05:30,2768.60009765625,2768.699951171875,2765.5,2765.5,47
2025-04-24 10:40:00+05:30,2770.89990234375,2770.89990234375,2766.10009765625,2766.10009765625,151
2025-04-24 10:41:00+05:30,2769.89990234375,2769.89990234375,2769.89990234375,2769.89990234375,0
2025-04-24 10:42:00+05:30,2766.699951171875,2768.89990234375,2766.0,2766.0,57
2025-04-24 10:43:00+05:30,2766.0,2766.5,2766.0,2766.5,5
2025-04-24 10:45:00+05:30,2766.0,2769.0,2766.0,2767.199951171875,74
2025-04-24 10:46:00+05:30,2768.5,2768.5,2764.60009765625,2764.60009765625,41
2025-04-24 10:47:00+05:30,2764.199951171875,2764.199951171875,2764.199951171875,2764.199951171875,45
2025-04-24 10:48:00+05:30,2764.199951171875,2767.0,2764.199951171875,2767.0,6
2025-04-24 10:49:00+05:30,2767.0,2767.0,2765.89990234375,2765.89990234375,423
2025-04-24 10:50:00+05:30,2756.0,2770.60009765625,2756.0,2769.10009765625,969
2025-04-24 10:51:00+05:30,2762.800048828125,2762.800048828125,2757.300048828125,2757.300048828125,114
2025-04-24 10:52:00+05:30,2760.89990234375,2761.800048828125,2760.89990234375,2761.800048828125,101
2025-04-24 10:53:00+05:30,2765.0,2765.0,2763.199951171875,2763.199951171875,38
2025-04-24 10:54:00+05:30,2762.10009765625,2762.10009765625,2762.10009765625,2762.10009765625,14
2025-04-24 10:55:00+05:30,2765.39990234375,2765.39990234375,2764.5,2764.5,53
2025-04-24 10:56:00+05:30,2760.10009765625,2761.699951171875,2760.10009765625,2761.699951171875,51
2025-04-24 10:57:00+05:30,2759.39990234375,2760.199951171875,2759.39990234375,2760.199951171875,10
2025-04-24 10:58:00+05:30,2759.10009765625,2759.10009765625,2759.10009765625,2759.10009765625,55
2025-04-24 10:59:00+05:30,2755.10009765625,2755.300048828125,2755.10009765625,2755.300048828125,37
2025-04-24 11:00:00+05:30,2760.0,2760.199951171875,2757.0,2758.39990234375,44
2025-04-24 11:01:00+05:30,2758.199951171875,2758.199951171875,2758.199951171875,2758.199951171875,18
2025-04-24 11:02:00+05:30,2756.60009765625,2760.0,2756.60009765625,2758.699951171875,8
2025-04-24 11:03:00+05:30,2757.0,2757.0,2757.0,2757.0,1
2025-04-24 11:04:00+05:30,2758.89990234375,2758.89990234375,2757.60009765625,2757.60009765625,216
2025-04-24 11:05:00+05:30,2749.60009765625,2749.60009765625,2745.300048828125,2746.800048828125,240
2025-04-24 11:06:00+05:30,2743.0,2750.5,2743.0,2749.199951171875,235
2025-04-24 11:07:00+05:30,2747.39990234375,2749.0,2743.0,2749.0,166
2025-04-24 11:08:00+05:30,2755.5,2755.5,2742.10009765625,2744.5,351
2025-04-24 11:09:00+05:30,2761.800048828125,2761.800048828125,2758.89990234375,2758.89990234375,16
2025-04-24 11:11:00+05:30,2763.199951171875,2763.300048828125,2763.199951171875,2763.300048828125,9
2025-04-24 11:12:00+05:30,2762.300048828125,2763.199951171875,2762.199951171875,2763.199951171875,22
2025-04-24 11:14:00+05:30,2759.699951171875,2759.699951171875,2759.699951171875,2759.699951171875,1
2025-04-24 11:15:00+05:30,2758.10009765625,2758.10009765625,2758.10009765625,2758.10009765625,63
2025-04-24 11:16:00+05:30,2759.199951171875,2762.199951171875,2759.199951171875,2762.0,20
2025-04-24 11:17:00+05:30,2760.699951171875,2761.0,2757.800048828125,2761.0,31
2025-04-24 11:18:00+05:30,2760.0,2760.0,2760.0,2760.0,5
2025-04-24 11:19:00+05:30,2762.199951171875,2762.199951171875,2760.0,2760.0,32
2025-04-24 11:20:00+05:30,2758.199951171875,2762.199951171875,2758.199951171875,2762.199951171875,106
2025-04-24 11:22:00+05:30,2754.60009765625,2757.60009765625,2754.60009765625,2757.60009765625,3
2025-04-24 11:23:00+05:30,2757.199951171875,2757.199951171875,2757.199951171875,2757.199951171875,3
2025-04-24 11:24:00+05:30,2754.800048828125,2755.0,2754.800048828125,2755.0,85
2025-04-24 11:25:00+05:30,2754.0,2754.0,2754.0,2754.0,21
2025-04-24 11:26:00+05:30,2752.39990234375,2752.39990234375,2752.39990234375,2752.39990234375,7
2025-04-24 11:27:00+05:30,2754.0,2754.0,2753.89990234375,2753.89990234375,5
2025-04-24 11:28:00+05:30,2752.39990234375,2752.39990234375,2752.39990234375,2752.39990234375,152
2025-04-24 11:29:00+05:30,2747.800048828125,2750.10009765625,2747.800048828125,2750.10009765625,0
2025-04-24 11:30:00+05:30,2747.60009765625,2747.60009765625,2744.199951171875,2745.60009765625,36
2025-04-24 11:31:00+05:30,2747.60009765625,2747.60009765625,2747.60009765625,2747.60009765625,48
2025-04-24 11:32:00+05:30,2747.199951171875,2750.10009765625,2747.0,2747.0,78
2025-04-24 11:33:00+05:30,2751.0,2751.0,2751.0,2751.0,4
2025-04-24 11:34:00+05:30,2752.800048828125,2752.800048828125,2752.800048828125,2752.800048828125,39
2025-04-24 11:35:00+05:30,2752.60009765625,2752.699951171875,2752.60009765625,2752.699951171875,5
2025-04-24 11:36:00+05:30,2750.0,2750.0,2750.0,2750.0,3
2025-04-24 11:37:00+05:30,2749.199951171875,2749.199951171875,2748.5,2748.5,48
2025-04-24 11:38:00+05:30,2752.699951171875,2752.699951171875,2751.699951171875,2751.699951171875,13
2025-04-24 11:40:00+05:30,2752.800048828125,2752.800048828125,2752.800048828125,2752.800048828125,22
2025-04-24 11:41:00+05:30,2752.10009765625,2752.10009765625,2752.10009765625,2752.10009765625,9
2025-04-24 11:43:00+05:30,2753.0,2753.0,2753.0,2753.0,36
2025-04-24 11:44:00+05:30,2756.199951171875,2757.199951171875,2750.0,2750.0,344
2025-04-24 11:45:00+05:30,2759.89990234375,2759.89990234375,2757.699951171875,2757.699951171875,25
2025-04-24 11:46:00+05:30,2757.300048828125,2757.300048828125,2757.300048828125,2757.300048828125,0
2025-04-24 11:47:00+05:30,2760.60009765625,2760.60009765625,2760.60009765625,2760.60009765625,23
2025-04-24 11:48:00+05:30,2757.800048828125,2757.800048828125,2757.800048828125,2757.800048828125,0
2025-04-24 11:49:00+05:30,2758.5,2760.89990234375,2758.10009765625,2758.10009765625,485
2025-04-24 11:50:00+05:30,2759.10009765625,2759.10009765625,2759.10009765625,2759.10009765625,0
2025-04-24 11:51:00+05:30,2757.199951171875,2758.5,2757.199951171875,2758.5,239
2025-04-24 11:52:00+05:30,2760.60009765625,2760.60009765625,2760.60009765625,2760.60009765625,0
2025-04-24 11:53:00+05:30,2760.5,2760.5,2760.5,2760.5,23
2025-04-24 11:55:00+05:30,2753.199951171875,2756.699951171875,2753.199951171875,2756.699951171875,210
2025-04-24 11:56:00+05:30,2753.39990234375,2754.199951171875,2753.39990234375,2754.199951171875,21
2025-04-24 11:59:00+05:30,2756.699951171875,2756.699951171875,2756.300048828125,2756.300048828125,10
2025-04-24 12:00:00+05:30,2756.60009765625,2756.699951171875,2756.60009765625,2756.699951171875,181
2025-04-24 12:01:00+05:30,2757.89990234375,2757.89990234375,2757.89990234375,2757.89990234375,0
2025-04-24 12:03:00+05:30,2753.699951171875,2756.0,2753.699951171875,2756.0,28
2025-04-24 12:04:00+05:30,2757.0,2757.0,2754.300048828125,2756.800048828125,3
2025-04-24 12:05:00+05:30,2756.60009765625,2756.800048828125,2756.60009765625,2756.800048828125,7
2025-04-24 12:06:00+05:30,2754.10009765625,2757.10009765625,2754.10009765625,2756.60009765625,9
2025-04-24 12:07:00+05:30,2758.199951171875,2758.199951171875,2758.199951171875,2758.199951171875,19
2025-04-24 12:10:00+05:30,2753.10009765625,2756.5,2753.10009765625,2756.5,13
2025-04-24 12:11:00+05:30,2756.199951171875,2756.39990234375,2756.199951171875,2756.39990234375,15
2025-04-24 12:12:00+05:30,2753.10009765625,2753.199951171875,2753.10009765625,2753.199951171875,7
2025-04-24 12:14:00+05:30,2753.10009765625,2753.10009765625,2753.10009765625,2753.10009765625,11
2025-04-24 12:15:00+05:30,2747.0,2753.0,2747.0,2752.39990234375,127
2025-04-24 12:16:00+05:30,2745.10009765625,2745.10009765625,2745.0,2745.0,8
2025-04-24 12:17:00+05:30,2747.60009765625,2747.60009765625,2747.60009765625,2747.60009765625,0
2025-04-24 12:18:00+05:30,2745.199951171875,2745.199951171875,2745.199951171875,2745.199951171875,1
2025-04-24 12:19:00+05:30,2745.60009765625,2749.199951171875,2745.0,2745.0,101
2025-04-24 12:20:00+05:30,2750.5,2750.5,2748.699951171875,2748.699951171875,180
2025-04-24 12:22:00+05:30,2747.0,2747.0,2747.0,2747.0,16
2025-04-24 12:23:00+05:30,2742.60009765625,2744.10009765625,2742.60009765625,2744.10009765625,171
2025-04-24 12:24:00+05:30,2742.60009765625,2742.60009765625,2740.60009765625,2740.60009765625,137
2025-04-24 12:25:00+05:30,2743.699951171875,2746.5,2742.10009765625,2742.10009765625,224
2025-04-24 12:26:00+05:30,2741.800048828125,2745.5,2741.800048828125,2745.5,20
2025-04-24 12:28:00+05:30,2741.89990234375,2745.10009765625,2741.89990234375,2745.10009765625,57
2025-04-24 12:29:00+05:30,2745.300048828125,2745.300048828125,2745.300048828125,2745.300048828125,15
2025-04-24 12:30:00+05:30,2744.5,2746.10009765625,2742.0,2742.0,128
2025-04-24 12:31:00+05:30,2743.89990234375,2743.89990234375,2743.89990234375,2743.89990234375,42
2025-04-24 12:32:00+05:30,2743.89990234375,2743.89990234375,2743.89990234375,2743.89990234375,0
2025-04-24 12:33:00+05:30,2746.60009765625,2746.60009765625,2746.5,2746.5,5
2025-04-24 12:34:00+05:30,2746.300048828125,2746.300048828125,2742.60009765625,2742.60009765625,36
2025-04-24 12:35:00+05:30,2746.0,2746.300048828125,2746.0,2746.300048828125,18
2025-04-24 12:39:00+05:30,2740.60009765625,2745.0,2740.60009765625,2745.0,151
2025-04-24 12:40:00+05:30,2740.60009765625,2740.60009765625,2740.60009765625,2740.60009765625,0
2025-04-24 12:41:00+05:30,2743.39990234375,2743.699951171875,2743.39990234375,2743.699951171875,4
2025-04-24 12:43:00+05:30,2740.89990234375,2740.89990234375,2740.89990234375,2740.89990234375,34
2025-04-24 12:44:00+05:30,2744.39990234375,2744.39990234375,2744.39990234375,2744.39990234375,12
2025-04-24 12:45:00+05:30,2744.60009765625,2744.89990234375,2744.60009765625,2744.89990234375,75
2025-04-24 12:46:00+05:30,2744.10009765625,2744.10009765625,2744.10009765625,2744.10009765625,7
2025-04-24 12:47:00+05:30,2741.5,2741.5,2741.5,2741.5,11
2025-04-24 12:48:00+05:30,2741.5,2741.5,2741.5,2741.5,60
2025-04-24 12:49:00+05:30,2741.10009765625,2743.89990234375,2741.10009765625,2743.89990234375,29
2025-04-24 12:50:00+05:30,2738.0,2740.60009765625,2738.0,2740.60009765625,410
2025-04-24 12:51:00+05:30,2741.699951171875,2741.699951171875,2739.89990234375,2739.89990234375,173
2025-04-24 12:52:00+05:30,2737.10009765625,2738.10009765625,2737.10009765625,2738.10009765625,0
2025-04-24 12:53:00+05:30,2734.5,2734.5,2734.5,2734.5,121
2025-04-24 12:54:00+05:30,2734.800048828125,2737.10009765625,2734.699951171875,2734.699951171875,306
2025-04-24 12:55:00+05:30,2737.800048828125,2737.800048828125,2734.800048828125,2734.800048828125,0
2025-04-24 12:56:00+05:30,2737.300048828125,2737.300048828125,2734.89990234375,2734.89990234375,31
2025-04-24 12:57:00+05:30,2734.89990234375,2734.89990234375,2734.89990234375,2734.89990234375,1
2025-04-24 12:58:00+05:30,2735.10009765625,2735.10009765625,2735.10009765625,2735.10009765625,16
2025-04-24 12:59:00+05:30,2737.89990234375,2737.89990234375,2735.10009765625,2735.10009765625,22
2025-04-24 13:00:00+05:30,2739.300048828125,2739.300048828125,2739.300048828125,2739.300048828125,4
2025-04-24 13:02:00+05:30,2738.0,2739.300048828125,2738.0,2739.300048828125,33
2025-04-24 13:03:00+05:30,2738.0,2738.0,2738.0,2738.0,18
2025-04-24 13:04:00+05:30,2734.89990234375,2737.60009765625,2734.89990234375,2737.60009765625,19
2025-04-24 13:06:00+05:30,2734.89990234375,2736.800048828125,2734.89990234375,2734.89990234375,8
2025-04-24 13:07:00+05:30,2737.0,2737.0,2734.10009765625,2736.39990234375,82
2025-04-24 13:08:00+05:30,2734.199951171875,2734.199951171875,2734.199951171875,2734.199951171875,0
2025-04-24 13:09:00+05:30,2735.5,2736.10009765625,2734.10009765625,2736.10009765625,3
2025-04-24 13:10:00+05:30,2733.300048828125,2734.10009765625,2733.0,2734.10009765625,148
2025-04-24 13:12:00+05:30,2733.199951171875,2733.300048828125,2733.199951171875,2733.300048828125,6
2025-04-24 13:13:00+05:30,2732.0,2732.0,2732.0,2732.0,37
2025-04-24 13:14:00+05:30,2732.39990234375,2734.89990234375,2732.39990234375,2734.89990234375,10
2025-04-24 13:15:00+05:30,2732.60009765625,2735.0,2732.60009765625,2735.0,26
2025-04-24 13:16:00+05:30,2732.60009765625,2732.60009765625,2732.39990234375,2732.39990234375,57
2025-04-24 13:17:00+05:30,2732.5,2732.5,2732.5,2732.5,0
2025-04-24 13:19:00+05:30,2731.199951171875,2732.5,2731.199951171875,2732.5,59
2025-04-24 13:20:00+05:30,2731.0,2731.0,2731.0,2731.0,9
2025-04-24 13:21:00+05:30,2732.5,2732.5,2731.0,2731.0,70
2025-04-24 13:22:00+05:30,2731.199951171875,2732.5,2731.10009765625,2731.10009765625,25
2025-04-24 13:23:00+05:30,2731.199951171875,2732.5,2731.199951171875,2732.5,9
2025-04-24 13:24:00+05:30,2733.0,2733.0,2732.0,2732.0,130
2025-04-24 13:26:00+05:30,2736.699951171875,2736.699951171875,2736.699951171875,2736.699951171875,20
2025-04-24 13:27:00+05:30,2733.0,2733.39990234375,2733.0,2733.39990234375,17
2025-04-24 13:29:00+05:30,2733.0,2733.0,2732.10009765625,2732.10009765625,8
2025-04-24 13:30:00+05:30,2733.10009765625,2733.10009765625,2733.10009765625,2733.10009765625,8
2025-04-24 13:31:00+05:30,2735.10009765625,2735.10009765625,2735.10009765625,2735.10009765625,3
2025-04-24 13:32:00+05:30,2737.199951171875,2737.199951171875,2737.199951171875,2737.199951171875,0
2025-04-24 13:33:00+05:30,2737.300048828125,2737.300048828125,2737.0,2737.0,5
2025-04-24 13:34:00+05:30,2733.800048828125,2735.10009765625,2733.800048828125,2735.10009765625,79
2025-04-24 13:35:00+05:30,2733.5,2733.5,2733.5,2733.5,18
2025-04-24 13:36:00+05:30,2735.89990234375,2735.89990234375,2733.39990234375,2733.39990234375,47
2025-04-24 13:37:00+05:30,2731.199951171875,2732.10009765625,2731.199951171875,2732.10009765625,980
2025-04-24 13:38:00+05:30,2732.60009765625,2735.5,2732.60009765625,2735.5,190
2025-04-24 13:39:00+05:30,2731.0,2732.800048828125,2731.0,2732.800048828125,9
2025-04-24 13:42:00+05:30,2731.39990234375,2732.800048828125,2731.0,2731.0,14
2025-04-24 13:43:00+05:30,2733.800048828125,2733.800048828125,2731.199951171875,2731.199951171875,55
2025-04-24 13:44:00+05:30,2732.39990234375,2732.39990234375,2732.39990234375,2732.39990234375,3
2025-04-24 13:45:00+05:30,2731.300048828125,2731.300048828125,2731.300048828125,2731.300048828125,18
2025-04-24 13:47:00+05:30,2731.300048828125,2731.300048828125,2731.300048828125,2731.300048828125,4
2025-04-24 13:48:00+05:30,2732.89990234375,2732.89990234375,2732.89990234375,2732.89990234375,3
2025-04-24 13:49:00+05:30,2734.0,2734.0,2734.0,2734.0,40
2025-04-24 13:50:00+05:30,2739.60009765625,2748.0,2734.5,2734.5,622
2025-04-24 13:51:00+05:30,2745.199951171875,2745.199951171875,2738.39990234375,2738.39990234375,26
2025-04-24 13:52:00+05:30,2741.89990234375,2741.89990234375,2736.5,2736.5,114
2025-04-24 13:53:00+05:30,2744.60009765625,2744.60009765625,2740.60009765625,2743.800048828125,32
2025-04-24 13:54:00+05:30,2744.300048828125,2744.300048828125,2744.300048828125,2744.300048828125,1
2025-04-24 13:55:00+05:30,2743.0,2743.0,2740.10009765625,2740.10009765625,60
2025-04-24 13:57:00+05:30,2743.300048828125,2743.300048828125,2743.300048828125,2743.300048828125,48
2025-04-24 13:58:00+05:30,2742.60009765625,2742.60009765625,2740.199951171875,2740.199951171875,0
2025-04-24 13:59:00+05:30,2739.0,2739.0,2738.10009765625,2738.10009765625,12
2025-04-24 14:00:00+05:30,2744.0,2744.0,2741.5,2741.5,61
2025-04-24 14:01:00+05:30,2741.300048828125,2741.300048828125,2740.699951171875,2740.699951171875,28
2025-04-24 14:02:00+05:30,2743.199951171875,2743.199951171875,2743.199951171875,2743.199951171875,0
2025-04-24 14:03:00+05:30,2742.800048828125,2742.800048828125,2740.0,2740.0,32
2025-04-24 14:05:00+05:30,2740.0,2740.0,2740.0,2740.0,13
2025-04-24 14:06:00+05:30,2740.0,2740.0,2740.0,2740.0,0
2025-04-24 14:07:00+05:30,2740.5,2740.5,2740.0,2740.0,357
2025-04-24 14:08:00+05:30,2739.199951171875,2739.199951171875,2739.199951171875,2739.199951171875,6
2025-04-24 14:09:00+05:30,2735.199951171875,2739.89990234375,2735.199951171875,2739.89990234375,7
2025-04-24 14:10:00+05:30,2735.89990234375,2735.89990234375,2733.60009765625,2735.39990234375,15
2025-04-24 14:11:00+05:30,2733.39990234375,2733.39990234375,2733.39990234375,2733.39990234375,6
2025-04-24 14:12:00+05:30,2737.0,2737.0,2737.0,2737.0,79
2025-04-24 14:14:00+05:30,2737.5,2737.5,2737.5,2737.5,15
2025-04-24 14:15:00+05:30,2737.5,2737.60009765625,2734.10009765625,2734.10009765625,124
2025-04-24 14:17:00+05:30,2736.800048828125,2736.800048828125,2736.800048828125,2736.800048828125,0
2025-04-24 14:18:00+05:30,2736.39990234375,2736.39990234375,2734.0,2734.0,14
2025-04-24 14:19:00+05:30,2743.5,2744.199951171875,2734.89990234375,2734.89990234375,1135
2025-04-24 14:20:00+05:30,2740.0,2740.0,2740.0,2740.0,37
2025-04-24 14:21:00+05:30,2739.89990234375,2739.89990234375,2739.89990234375,2739.89990234375,10
2025-04-24 14:22:00+05:30,2742.699951171875,2742.699951171875,2739.300048828125,2739.39990234375,16
2025-04-24 14:23:00+05:30,2742.39990234375,2743.0,2739.89990234375,2742.800048828125,27
2025-04-24 14:24:00+05:30,2738.10009765625,2742.39990234375,2738.10009765625,2742.39990234375,24
2025-04-24 14:25:00+05:30,2735.800048828125,2741.199951171875,2735.60009765625,2738.699951171875,54
2025-04-24 14:26:00+05:30,2734.60009765625,2738.5,2734.199951171875,2735.89990234375,233
2025-04-24 14:27:00+05:30,2738.0,2740.60009765625,2737.60009765625,2738.10009765625,37
2025-04-24 14:28:00+05:30,2738.0,2740.5,2738.0,2740.5,25
2025-04-24 14:29:00+05:30,2738.10009765625,2740.199951171875,2738.0,2738.0,17
2025-04-24 14:30:00+05:30,2741.39990234375,2741.39990234375,2738.699951171875,2740.699951171875,34
2025-04-24 14:31:00+05:30,2739.10009765625,2741.39990234375,2739.0,2741.199951171875,29
2025-04-24 14:32:00+05:30,2740.89990234375,2741.60009765625,2739.0,2739.10009765625,240
2025-04-24 14:33:00+05:30,2739.60009765625,2741.60009765625,2737.60009765625,2739.0,15
2025-04-24 14:34:00+05:30,2740.10009765625,2742.199951171875,2737.300048828125,2742.199951171875,20
2025-04-24 14:35:00+05:30,2740.800048828125,2741.300048828125,2738.0,2740.39990234375,20
2025-04-24 14:36:00+05:30,2740.89990234375,2741.0,2738.800048828125,2740.89990234375,15
2025-04-24 14:37:00+05:30,2740.5,2746.199951171875,2740.5,2746.199951171875,643
2025-04-24 14:38:00+05:30,2740.0,2740.199951171875,2740.0,2740.199951171875,0
2025-04-24 14:40:00+05:30,2740.0,2740.0,2740.0,2740.0,34
2025-04-24 14:42:00+05:30,2737.199951171875,2737.89990234375,2737.199951171875,2737.89990234375,203
2025-04-24 14:43:00+05:30,2741.60009765625,2741.60009765625,2737.89990234375,2737.89990234375,349
2025-04-24 14:44:00+05:30,2745.39990234375,2745.39990234375,2741.699951171875,2741.699951171875,80
2025-04-24 14:45:00+05:30,2743.5,2743.5,2741.5,2741.5,69
2025-04-24 14:46:00+05:30,2740.60009765625,2740.60009765625,2740.60009765625,2740.60009765625,0
2025-04-24 14:47:00+05:30,2741.0,2741.0,2741.0,2741.0,9
2025-04-24 14:48:00+05:30,2741.0,2741.300048828125,2740.5,2740.5,113
2025-04-24 14:50:00+05:30,2745.39990234375,2745.39990234375,2741.39990234375,2741.39990234375,36
2025-04-24 14:51:00+05:30,2745.0,2745.0,2743.199951171875,2743.199951171875,41
2025-04-24 14:53:00+05:30,2742.300048828125,2744.0,2742.300048828125,2744.0,9
2025-04-24 14:54:00+05:30,2741.0,2742.300048828125,2741.0,2742.300048828125,279
2025-04-24 14:55:00+05:30,2740.60009765625,2740.60009765625,2738.0,2740.0,137
2025-04-24 14:56:00+05:30,2744.5,2744.5,2740.300048828125,2740.60009765625,103
2025-04-24 14:57:00+05:30,2741.800048828125,2742.199951171875,2741.800048828125,2742.199951171875,0
2025-04-24 14:58:00+05:30,2741.800048828125,2741.800048828125,2741.800048828125,2741.800048828125,74
2025-04-24 14:59:00+05:30,2738.0,2740.10009765625,2738.0,2740.10009765625,49
2025-04-24 15:00:00+05:30,2740.699951171875,2741.89990234375,2740.300048828125,2740.300048828125,85
2025-04-24 15:01:00+05:30,2738.0,2739.699951171875,2738.0,2739.699951171875,291
2025-04-24 15:02:00+05:30,2738.60009765625,2738.60009765625,2738.60009765625,2738.60009765625,29
2025-04-24 15:03:00+05:30,2741.0,2741.0,2738.89990234375,2738.89990234375,36
2025-04-24 15:04:00+05:30,2741.0,2741.0,2741.0,2741.0,141
2025-04-24 15:05:00+05:30,2740.10009765625,2740.10009765625,2737.300048828125,2737.300048828125,102
2025-04-24 15:06:00+05:30,2737.5,2737.5,2737.5,2737.5,351
2025-04-24 15:07:00+05:30,2739.89990234375,2740.60009765625,2739.0,2739.0,230
2025-04-24 15:08:00+05:30,2740.39990234375,2740.39990234375,2740.39990234375,2740.39990234375,7
2025-04-24 15:09:00+05:30,2761.300048828125,2761.300048828125,2741.0,2742.89990234375,1006
2025-04-24 15:10:00+05:30,2755.0,2755.0,2751.60009765625,2752.800048828125,402
2025-04-24 15:11:00+05:30,2755.0,2756.699951171875,2755.0,2756.699951171875,671
2025-04-24 15:12:00+05:30,2753.300048828125,2754.10009765625,2753.300048828125,2754.10009765625,279
2025-04-24 15:13:00+05:30,2755.199951171875,2755.699951171875,2754.89990234375,2754.89990234375,93
2025-04-24 15:14:00+05:30,2751.5,2757.300048828125,2751.5,2754.10009765625,304
2025-04-24 15:15:00+05:30,2759.699951171875,2759.699951171875,2748.800048828125,2755.39990234375,617
2025-04-24 15:16:00+05:30,2751.5,2755.199951171875,2751.5,2755.199951171875,301
2025-04-24 15:17:00+05:30,2753.699951171875,2753.699951171875,2753.699951171875,2753.699951171875,85
2025-04-24 15:18:00+05:30,2755.0,2755.0,2751.5,2751.5,338
2025-04-24 15:19:00+05:30,2748.10009765625,2748.10009765625,2745.10009765625,2747.0,295
2025-04-24 15:20:00+05:30,2754.0,2754.0,2749.10009765625,2749.10009765625,541
2025-04-24 15:21:00+05:30,2758.39990234375,2758.800048828125,2755.10009765625,2755.10009765625,233
2025-04-24 15:22:00+05:30,2762.5,2762.5,2760.10009765625,2760.300048828125,450
2025-04-24 15:23:00+05:30,2759.89990234375,2760.60009765625,2758.10009765625,2760.60009765625,116
2025-04-24 15:24:00+05:30,2751.800048828125,2757.89990234375,2751.800048828125,2755.39990234375,457
2025-04-24 15:25:00+05:30,2750.0,2750.0,2750.0,2750.0,21
2025-04-24 15:26:00+05:30,2745.5,2750.10009765625,2745.5,2750.0,178
2025-04-24 15:27:00+05:30,2744.89990234375,2757.5,2744.89990234375,2745.5,252
2025-04-24 15:28:00+05:30,2735.0,2745.10009765625,2735.0,2745.10009765625,108
2025-04-24 15:29:00+05:30,2750.699951171875,2750.699951171875,2730.0,2740.0,519
2025-04-25 09:15:00+05:30,2753.0,2753.0,2750.0,2750.0,0
2025-04-25 09:16:00+05:30,2739.89990234375,2746.199951171875,2738.800048828125,2744.10009765625,132
2025-04-25 09:17:00+05:30,2732.0,2739.0,2732.0,2734.89990234375,705
2025-04-25 09:18:00+05:30,2717.699951171875,2733.699951171875,2717.699951171875,2733.699951171875,776
2025-04-25 09:19:00+05:30,2715.89990234375,2718.699951171875,2711.60009765625,2718.699951171875,958
2025-04-25 09:20:00+05:30,2716.0,2719.60009765625,2716.0,2719.60009765625,1254
2025-04-25 09:21:00+05:30,2711.10009765625,2722.199951171875,2711.10009765625,2722.199951171875,231
2025-04-25 09:22:00+05:30,2715.300048828125,2716.89990234375,2712.800048828125,2716.89990234375,98
2025-04-25 09:23:00+05:30,2721.89990234375,2721.89990234375,2714.199951171875,2715.800048828125,29
2025-04-25 09:24:00+05:30,2719.5,2719.5,2715.89990234375,2719.5,234
2025-04-25 09:25:00+05:30,2717.60009765625,2721.89990234375,2717.60009765625,2721.300048828125,175
2025-04-25 09:26:00+05:30,2719.39990234375,2721.89990234375,2715.89990234375,2716.699951171875,60
2025-04-25 09:27:00+05:30,2721.89990234375,2721.89990234375,2717.60009765625,2719.699951171875,203
2025-04-25 09:28:00+05:30,2727.0,2727.0,2725.10009765625,2725.10009765625,211
2025-04-25 09:29:00+05:30,2722.699951171875,2729.0,2722.5,2728.39990234375,77
2025-04-25 09:30:00+05:30,2720.89990234375,2726.10009765625,2720.89990234375,2722.39990234375,280
2025-04-25 09:31:00+05:30,2712.5,2718.300048828125,2712.5,2718.300048828125,282
2025-04-25 09:32:00+05:30,2714.0,2716.800048828125,2711.39990234375,2714.800048828125,130
2025-04-25 09:33:00+05:30,2711.60009765625,2714.5,2711.60009765625,2714.5,140
2025-04-25 09:34:00+05:30,2711.0,2711.89990234375,2711.0,2711.89990234375,150
2025-04-25 09:35:00+05:30,2704.60009765625,2709.10009765625,2702.39990234375,2709.10009765625,793
2025-04-25 09:36:00+05:30,2693.199951171875,2704.0,2693.199951171875,2704.0,542
2025-04-25 09:37:00+05:30,2694.300048828125,2694.300048828125,2690.0,2693.199951171875,412
2025-04-25 09:38:00+05:30,2689.60009765625,2695.39990234375,2688.5,2695.39990234375,182
2025-04-25 09:39:00+05:30,2684.300048828125,2691.10009765625,2684.300048828125,2691.10009765625,565
2025-04-25 09:40:00+05:30,2679.60009765625,2684.300048828125,2676.5,2684.300048828125,297
2025-04-25 09:41:00+05:30,2675.199951171875,2679.10009765625,2674.699951171875,2679.10009765625,841
2025-04-25 09:42:00+05:30,2673.0,2675.0,2672.5,2675.0,1285
2025-04-25 09:43:00+05:30,2675.0,2679.5,2675.0,2679.5,386
2025-04-25 09:44:00+05:30,2675.699951171875,2676.300048828125,2675.0,2675.10009765625,118
2025-04-25 09:45:00+05:30,2679.60009765625,2680.60009765625,2672.39990234375,2674.199951171875,492
2025-04-25 09:46:00+05:30,2675.699951171875,2681.300048828125,2675.699951171875,2681.300048828125,327
2025-04-25 09:47:00+05:30,2679.5,2681.89990234375,2675.699951171875,2677.39990234375,196
2025-04-25 09:48:00+05:30,2674.89990234375,2679.89990234375,2674.89990234375,2679.89990234375,97
2025-04-25 09:49:00+05:30,2675.800048828125,2676.699951171875,2673.10009765625,2676.10009765625,779
2025-04-25 09:50:00+05:30,2674.800048828125,2676.10009765625,2674.800048828125,2675.800048828125,349
2025-04-25 09:51:00+05:30,2674.89990234375,2675.89990234375,2674.89990234375,2675.89990234375,198
2025-04-25 09:52:00+05:30,2675.0,2682.800048828125,2674.89990234375,2674.89990234375,578
2025-04-25 09:53:00+05:30,2675.0,2675.0,2675.0,2675.0,103
2025-04-25 09:54:00+05:30,2675.10009765625,2677.300048828125,2675.0,2675.0,436
2025-04-25 09:55:00+05:30,2674.800048828125,2674.800048828125,2674.60009765625,2674.800048828125,887
2025-04-25 09:56:00+05:30,2674.800048828125,2674.800048828125,2674.800048828125,2674.800048828125,1462
2025-04-25 09:57:00+05:30,2675.699951171875,2675.699951171875,2674.800048828125,2674.800048828125,894
2025-04-25 09:58:00+05:30,2674.89990234375,2676.60009765625,2674.89990234375,2674.89990234375,20
2025-04-25 09:59:00+05:30,2674.800048828125,2677.39990234375,2671.800048828125,2671.89990234375,310
2025-04-25 10:00:00+05:30,2674.800048828125,2674.89990234375,2674.800048828125,2674.89990234375,908
2025-04-25 10:01:00+05:30,2674.800048828125,2674.800048828125,2672.89990234375,2674.800048828125,224
2025-04-25 10:02:00+05:30,2674.800048828125,2677.199951171875,2674.800048828125,2674.800048828125,253
2025-04-25 10:03:00+05:30,2672.10009765625,2675.800048828125,2672.10009765625,2674.800048828125,379
2025-04-25 10:04:00+05:30,2674.699951171875,2676.300048828125,2673.800048828125,2676.300048828125,329
2025-04-25 10:05:00+05:30,2675.10009765625,2675.10009765625,2673.89990234375,2674.800048828125,1525
2025-04-25 10:06:00+05:30,2674.800048828125,2674.89990234375,2674.60009765625,2674.60009765625,646
2025-04-25 10:07:00+05:30,2671.0,2680.0,2671.0,2675.5,1250
2025-04-25 10:08:00+05:30,2675.10009765625,2676.5,2675.10009765625,2676.39990234375,260
2025-04-25 10:09:00+05:30,2679.300048828125,2679.300048828125,2675.5,2677.39990234375,0
2025-04-25 10:10:00+05:30,2691.0,2691.0,2679.89990234375,2679.89990234375,615
2025-04-25 10:11:00+05:30,2689.39990234375,2691.89990234375,2688.10009765625,2690.199951171875,45
2025-04-25 10:12:00+05:30,2689.39990234375,2689.39990234375,2687.199951171875,2688.0,40
2025-04-25 10:13:00+05:30,2690.0,2691.89990234375,2690.0,2691.89990234375,13
2025-04-25 10:14:00+05:30,2695.0,2696.0,2690.0,2690.0,211
2025-04-25 10:15:00+05:30,2701.39990234375,2704.5,2698.10009765625,2699.300048828125,114
2025-04-25 10:16:00+05:30,2702.10009765625,2702.10009765625,2699.0,2699.0,64
2025-04-25 10:17:00+05:30,2702.0,2709.0,2701.60009765625,2702.800048828125,1445
2025-04-25 10:18:00+05:30,2700.39990234375,2702.699951171875,2700.39990234375,2700.39990234375,3320
2025-04-25 10:19:00+05:30,2705.89990234375,2705.89990234375,2700.0,2700.0,204
2025-04-25 10:20:00+05:30,2707.699951171875,2707.699951171875,2704.5,2704.5,26
2025-04-25 10:21:00+05:30,2704.300048828125,2706.60009765625,2704.300048828125,2704.5,153
2025-04-25 10:22:00+05:30,2700.60009765625,2702.0,2700.60009765625,2702.0,276
2025-04-25 10:23:00+05:30,2705.39990234375,2706.60009765625,2700.0,2700.0,354
2025-04-25 10:24:00+05:30,2705.0,2706.60009765625,2702.699951171875,2702.699951171875,717
2025-04-25 10:25:00+05:30,2701.300048828125,2706.60009765625,2701.300048828125,2705.0,333
2025-04-25 10:26:00+05:30,2699.89990234375,2702.5,2699.89990234375,2702.5,144
2025-04-25 10:27:00+05:30,2705.5,2705.5,2700.0,2700.0,821
2025-04-25 10:28:00+05:30,2700.0,2703.199951171875,2700.0,2702.199951171875,823
2025-04-25 10:29:00+05:30,2700.0,2700.0,2697.300048828125,2700.0,1690
2025-04-25 10:30:00+05:30,2700.0,2700.199951171875,2700.0,2700.0,109
2025-04-25 10:31:00+05:30,2702.0,2702.0,2700.0,2700.10009765625,124
2025-04-25 10:32:00+05:30,2705.0,2707.60009765625,2702.60009765625,2702.60009765625,319
2025-04-25 10:33:00+05:30,2703.800048828125,2703.800048828125,2701.39990234375,2701.39990234375,14
2025-04-25 10:34:00+05:30,2698.800048828125,2700.0,2698.800048828125,2700.0,160
2025-04-25 10:35:00+05:30,2700.5,2700.5,2700.0,2700.10009765625,206
2025-04-25 10:36:00+05:30,2705.300048828125,2711.0,2700.0,2700.0,1040
2025-04-25 10:37:00+05:30,2706.300048828125,2709.60009765625,2703.10009765625,2703.10009765625,91
2025-04-25 10:38:00+05:30,2705.0,2708.5,2705.0,2708.5,34
2025-04-25 10:39:00+05:30,2699.300048828125,2701.300048828125,2699.300048828125,2701.300048828125,21
2025-04-25 10:40:00+05:30,2698.800048828125,2703.10009765625,2697.800048828125,2700.10009765625,396
2025-04-25 10:41:00+05:30,2701.5,2702.699951171875,2700.0,2700.0,55
2025-04-25 10:42:00+05:30,2709.89990234375,2709.89990234375,2706.699951171875,2706.699951171875,146
2025-04-25 10:43:00+05:30,2704.0,2704.0,2703.5,2703.5,11
2025-04-25 10:44:00+05:30,2709.89990234375,2709.89990234375,2705.300048828125,2705.300048828125,333
2025-04-25 10:45:00+05:30,2708.300048828125,2708.300048828125,2708.300048828125,2708.300048828125,138
2025-04-25 10:46:00+05:30,2702.199951171875,2702.199951171875,2702.199951171875,2702.199951171875,0
2025-04-25 10:47:00+05:30,2707.39990234375,2708.0,2704.60009765625,2707.89990234375,150
2025-04-25 10:48:00+05:30,2708.300048828125,2708.300048828125,2705.699951171875,2705.699951171875,68
2025-04-25 10:49:00+05:30,2709.89990234375,2709.89990234375,2708.800048828125,2708.800048828125,17
2025-04-25 10:50:00+05:30,2708.199951171875,2709.89990234375,2708.199951171875,2709.89990234375,77
2025-04-25 10:51:00+05:30,2702.699951171875,2705.39990234375,2702.699951171875,2705.39990234375,75
2025-04-25 10:52:00+05:30,2689.699951171875,2699.89990234375,2689.699951171875,2699.89990234375,3656
2025-04-25 10:53:00+05:30,2699.0,2699.0,2688.0,2691.10009765625,398
2025-04-25 10:54:00+05:30,2693.5,2695.199951171875,2692.60009765625,2695.199951171875,126
2025-04-25 10:55:00+05:30,2693.0,2695.0,2692.89990234375,2693.5,259
2025-04-25 10:56:00+05:30,2692.300048828125,2693.199951171875,2692.300048828125,2693.199951171875,334
2025-04-25 10:57:00+05:30,2693.300048828125,2693.300048828125,2693.0,2693.0,373
2025-04-25 10:58:00+05:30,2692.800048828125,2693.39990234375,2692.800048828125,2693.39990234375,98
2025-04-25 10:59:00+05:30,2694.89990234375,2694.89990234375,2693.199951171875,2693.199951171875,17
2025-04-25 11:00:00+05:30,2692.89990234375,2693.199951171875,2692.89990234375,2693.199951171875,437
2025-04-25 11:01:00+05:30,2694.5,2694.5,2690.199951171875,2693.199951171875,203
2025-04-25 11:02:00+05:30,2693.199951171875,2694.699951171875,2693.0,2693.199951171875,94
2025-04-25 11:03:00+05:30,2693.199951171875,2693.199951171875,2691.89990234375,2693.10009765625,708
2025-04-25 11:04:00+05:30,2693.199951171875,2694.0,2693.199951171875,2693.199951171875,32
2025-04-25 11:05:00+05:30,2696.89990234375,2697.5,2693.199951171875,2693.199951171875,204
2025-04-25 11:06:00+05:30,2697.5,2697.699951171875,2697.39990234375,2697.699951171875,32
2025-04-25 11:07:00+05:30,2697.39990234375,2699.800048828125,2697.0,2699.800048828125,265
2025-04-25 11:08:00+05:30,2700.0,2700.0,2700.0,2700.0,0
2025-04-25 11:09:00+05:30,2700.0,2700.0,2700.0,2700.0,218
2025-04-25 11:10:00+05:30,2698.10009765625,2700.0,2698.10009765625,2700.0,0
2025-04-25 11:11:00+05:30,2695.0,2697.10009765625,2693.10009765625,2693.10009765625,1098
2025-04-25 11:12:00+05:30,2695.0,2695.0,2695.0,2695.0,6
2025-04-25 11:13:00+05:30,2696.199951171875,2696.199951171875,2693.199951171875,2693.5,26
2025-04-25 11:14:00+05:30,2695.5,2695.5,2695.5,2695.5,5
2025-04-25 11:15:00+05:30,2693.60009765625,2695.5,2693.60009765625,2693.89990234375,19
2025-04-25 11:16:00+05:30,2688.800048828125,2693.10009765625,2688.800048828125,2693.10009765625,501
2025-04-25 11:17:00+05:30,2694.10009765625,2694.10009765625,2694.0,2694.0,114
2025-04-25 11:18:00+05:30,2694.0,2695.800048828125,2694.0,2694.10009765625,121
2025-04-25 11:19:00+05:30,2692.0,2693.199951171875,2688.800048828125,2693.199951171875,734
2025-04-25 11:20:00+05:30,2693.60009765625,2693.60009765625,2693.60009765625,2693.60009765625,17
2025-04-25 11:21:00+05:30,2693.699951171875,2695.0,2693.60009765625,2693.60009765625,80
2025-04-25 11:22:00+05:30,2693.199951171875,2693.89990234375,2693.10009765625,2693.89990234375,594
2025-04-25 11:23:00+05:30,2693.89990234375,2693.89990234375,2693.199951171875,2693.199951171875,197
2025-04-25 11:24:00+05:30,2696.89990234375,2696.89990234375,2695.5,2695.5,28
2025-04-25 11:25:00+05:30,2695.39990234375,2695.39990234375,2691.89990234375,2691.89990234375,266
2025-04-25 11:26:00+05:30,2695.800048828125,2695.800048828125,2695.800048828125,2695.800048828125,0
2025-04-25 11:27:00+05:30,2695.10009765625,2696.10009765625,2695.10009765625,2696.0,41
2025-04-25 11:28:00+05:30,2696.300048828125,2696.699951171875,2696.300048828125,2696.699951171875,0
2025-04-25 11:29:00+05:30,2696.300048828125,2696.300048828125,2696.300048828125,2696.300048828125,36
2025-04-25 11:30:00+05:30,2695.39990234375,2695.39990234375,2695.199951171875,2695.199951171875,130
2025-04-25 11:31:00+05:30,2697.699951171875,2700.10009765625,2697.699951171875,2700.10009765625,466
2025-04-25 11:32:00+05:30,2695.699951171875,2700.10009765625,2695.699951171875,2700.10009765625,515
2025-04-25 11:33:00+05:30,2696.699951171875,2697.60009765625,2695.10009765625,2695.10009765625,1174
2025-04-25 11:34:00+05:30,2694.60009765625,2695.699951171875,2694.60009765625,2695.300048828125,174
2025-04-25 11:35:00+05:30,2695.699951171875,2695.699951171875,2695.699951171875,2695.699951171875,13
2025-04-25 11:36:00+05:30,2697.0,2697.0,2695.300048828125,2695.300048828125,501
2025-04-25 11:37:00+05:30,2693.89990234375,2697.5,2693.89990234375,2697.0,44
2025-04-25 11:38:00+05:30,2695.60009765625,2695.60009765625,2695.300048828125,2695.300048828125,77
2025-04-25 11:39:00+05:30,2700.0,2700.0,2696.300048828125,2696.300048828125,224
2025-04-25 11:40:00+05:30,2695.300048828125,2698.300048828125,2695.300048828125,2698.300048828125,137
2025-04-25 11:41:00+05:30,2695.300048828125,2695.300048828125,2695.300048828125,2695.300048828125,7
2025-04-25 11:42:00+05:30,2696.0,2696.0,2696.0,2696.0,41
2025-04-25 11:43:00+05:30,2695.300048828125,2695.39990234375,2695.300048828125,2695.39990234375,0
2025-04-25 11:44:00+05:30,2695.300048828125,2695.300048828125,2695.300048828125,2695.300048828125,60
2025-04-25 11:45:00+05:30,2695.300048828125,2696.89990234375,2695.300048828125,2695.300048828125,14
2025-04-25 11:46:00+05:30,2695.300048828125,2695.300048828125,2692.300048828125,2692.300048828125,761
2025-04-25 11:47:00+05:30,2695.300048828125,2696.10009765625,2694.800048828125,2696.10009765625,554
2025-04-25 11:48:00+05:30,2695.300048828125,2695.300048828125,2695.300048828125,2695.300048828125,472
2025-04-25 11:49:00+05:30,2695.300048828125,2696.800048828125,2695.199951171875,2696.800048828125,222
2025-04-25 11:50:00+05:30,2695.39990234375,2695.39990234375,2695.300048828125,2695.300048828125,283
2025-04-25 11:51:00+05:30,2698.39990234375,2698.39990234375,2698.39990234375,2698.39990234375,52
2025-04-25 11:52:00+05:30,2698.0,2698.0,2697.699951171875,2697.699951171875,350
2025-04-25 11:53:00+05:30,2697.89990234375,2698.0,2697.89990234375,2698.0,205
2025-04-25 11:54:00+05:30,2698.0,2698.0,2696.5,2696.5,312
2025-04-25 11:55:00+05:30,2698.0,2699.300048828125,2698.0,2698.0,0
2025-04-25 11:56:00+05:30,2698.300048828125,2698.300048828125,2698.0,2698.0,35
2025-04-25 11:57:00+05:30,2698.0,2698.0,2698.0,2698.0,39
2025-04-25 11:59:00+05:30,2698.0,2699.300048828125,2698.0,2699.300048828125,24
2025-04-25 12:00:00+05:30,2700.0,2700.0,2699.5,2699.5,61
2025-04-25 12:01:00+05:30,2700.0,2700.0,2700.0,2700.0,9
2025-04-25 12:02:00+05:30,2699.699951171875,2699.699951171875,2699.699951171875,2699.699951171875,4
2025-04-25 12:03:00+05:30,2695.89990234375,2698.39990234375,2695.10009765625,2698.39990234375,338
2025-04-25 12:04:00+05:30,2698.0,2698.0,2698.0,2698.0,61
2025-04-25 12:05:00+05:30,2702.0,2702.0,2698.10009765625,2699.5,1395
2025-04-25 12:06:00+05:30,2704.699951171875,2704.699951171875,2703.300048828125,2703.300048828125,165
2025-04-25 12:07:00+05:30,2703.89990234375,2704.300048828125,2703.89990234375,2704.300048828125,185
2025-04-25 12:09:00+05:30,2701.89990234375,2701.89990234375,2698.5,2700.699951171875,17
2025-04-25 12:10:00+05:30,2702.0,2702.0,2699.89990234375,2699.89990234375,17
2025-04-25 12:11:00+05:30,2704.699951171875,2704.699951171875,2700.5,2700.5,124
2025-04-25 12:12:00+05:30,2705.10009765625,2707.0,2705.0,2705.0,123
2025-04-25 12:13:00+05:30,2708.699951171875,2709.89990234375,2707.0,2707.0,27
2025-04-25 12:14:00+05:30,2709.800048828125,2709.800048828125,2707.199951171875,2707.199951171875,101
2025-04-25 12:15:00+05:30,2706.89990234375,2707.5,2704.39990234375,2706.699951171875,114
2025-04-25 12:16:00+05:30,2700.0,2703.5,2700.0,2703.5,859
2025-04-25 12:17:00+05:30,2707.199951171875,2707.199951171875,2706.699951171875,2706.699951171875,0
2025-04-25 12:18:00+05:30,2708.89990234375,2708.89990234375,2706.300048828125,2708.5,43
2025-04-25 12:19:00+05:30,2710.0,2710.0,2709.800048828125,2710.0,6
2025-04-25 12:20:00+05:30,2705.0,2707.800048828125,2705.0,2707.800048828125,9
2025-04-25 12:21:00+05:30,2705.10009765625,2707.89990234375,2704.39990234375,2705.300048828125,12
2025-04-25 12:22:00+05:30,2705.60009765625,2705.60009765625,2705.10009765625,2705.10009765625,12
2025-04-25 12:23:00+05:30,2700.10009765625,2705.39990234375,2700.10009765625,2705.39990234375,109
2025-04-25 12:24:00+05:30,2705.0,2705.0,2701.300048828125,2701.300048828125,0
2025-04-25 12:25:00+05:30,2702.300048828125,2702.300048828125,2702.300048828125,2702.300048828125,8
2025-04-25 12:26:00+05:30,2699.89990234375,2701.39990234375,2699.89990234375,2701.39990234375,927
2025-04-25 12:27:00+05:30,2700.0,2703.300048828125,2700.0,2703.300048828125,397
2025-04-25 12:28:00+05:30,2700.699951171875,2700.699951171875,2700.699951171875,2700.699951171875,0
2025-04-25 12:30:00+05:30,2703.89990234375,2703.89990234375,2702.699951171875,2702.699951171875,14
2025-04-25 12:31:00+05:30,2704.5,2704.5,2701.10009765625,2703.89990234375,14
2025-04-25 12:32:00+05:30,2706.5,2706.5,2706.5,2706.5,16
2025-04-25 12:34:00+05:30,2706.5,2706.5,2706.5,2706.5,18
2025-04-25 12:35:00+05:30,2707.800048828125,2707.800048828125,2706.0,2706.0,0
2025-04-25 12:36:00+05:30,2708.0,2708.0,2707.699951171875,2707.699951171875,107
2025-04-25 12:37:00+05:30,2706.60009765625,2706.60009765625,2706.60009765625,2706.60009765625,3
2025-04-25 12:39:00+05:30,2708.39990234375,2708.39990234375,2706.199951171875,2706.199951171875,164
2025-04-25 12:40:00+05:30,2715.0,2715.0,2710.60009765625,2710.60009765625,112
2025-04-25 12:41:00+05:30,2710.5,2711.199951171875,2710.5,2711.199951171875,50
2025-04-25 12:42:00+05:30,2705.60009765625,2709.199951171875,2705.60009765625,2707.5,22
2025-04-25 12:43:00+05:30,2705.300048828125,2706.300048828125,2703.89990234375,2706.300048828125,36
2025-04-25 12:44:00+05:30,2703.89990234375,2703.89990234375,2701.60009765625,2701.60009765625,15
2025-04-25 12:47:00+05:30,2707.89990234375,2707.89990234375,2706.300048828125,2706.300048828125,14
2025-04-25 12:48:00+05:30,2705.60009765625,2707.800048828125,2705.60009765625,2707.800048828125,1
2025-04-25 12:49:00+05:30,2707.89990234375,2707.89990234375,2707.60009765625,2707.60009765625,15
2025-04-25 12:50:00+05:30,2706.89990234375,2708.0,2706.89990234375,2707.89990234375,18
2025-04-25 12:51:00+05:30,2706.10009765625,2706.10009765625,2706.10009765625,2706.10009765625,4
2025-04-25 12:52:00+05:30,2702.39990234375,2705.800048828125,2702.39990234375,2705.800048828125,29
2025-04-25 12:53:00+05:30,2705.199951171875,2705.199951171875,2705.199951171875,2705.199951171875,2
2025-04-25 12:54:00+05:30,2704.89990234375,2704.89990234375,2701.699951171875,2704.10009765625,59
2025-04-25 12:55:00+05:30,2702.60009765625,2707.89990234375,2702.60009765625,2707.89990234375,144
2025-04-25 12:56:00+05:30,2702.0,2702.39990234375,2701.199951171875,2702.39990234375,48
2025-04-25 12:57:00+05:30,2708.0,2708.0,2708.0,2708.0,10
2025-04-25 12:58:00+05:30,2709.199951171875,2709.199951171875,2705.800048828125,2705.800048828125,31
2025-04-25 12:59:00+05:30,2711.800048828125,2711.800048828125,2711.800048828125,2711.800048828125,11
2025-04-25 13:01:00+05:30,2713.10009765625,2713.10009765625,2711.800048828125,2711.800048828125,0
2025-04-25 13:02:00+05:30,2709.0,2712.699951171875,2709.0,2712.699951171875,34
2025-04-25 13:03:00+05:30,2707.300048828125,2709.0,2707.300048828125,2709.0,3
2025-04-25 13:04:00+05:30,2708.0,2708.0,2708.0,2708.0,141
2025-04-25 13:06:00+05:30,2710.0,2710.0,2709.60009765625,2709.60009765625,0
2025-04-25 13:07:00+05:30,2708.89990234375,2710.800048828125,2708.89990234375,2710.0,53
2025-04-25 13:08:00+05:30,2704.199951171875,2704.199951171875,2704.199951171875,2704.199951171875,40
2025-04-25 13:09:00+05:30,2711.89990234375,2711.89990234375,2708.0,2708.0,107
2025-04-25 13:10:00+05:30,2709.699951171875,2712.10009765625,2709.699951171875,2712.10009765625,144
2025-04-25 13:11:00+05:30,2707.5,2709.699951171875,2707.5,2709.699951171875,19
2025-04-25 13:12:00+05:30,2708.89990234375,2708.89990234375,2708.199951171875,2708.199951171875,59
2025-04-25 13:13:00+05:30,2707.60009765625,2709.60009765625,2707.5,2707.5,5
2025-04-25 13:14:00+05:30,2710.5,2710.5,2709.699951171875,2709.699951171875,363
2025-04-25 13:15:00+05:30,2711.300048828125,2714.89990234375,2711.300048828125,2713.10009765625,126
2025-04-25 13:17:00+05:30,2712.199951171875,2713.39990234375,2712.199951171875,2713.39990234375,70
2025-04-25 13:18:00+05:30,2714.89990234375,2714.89990234375,2713.39990234375,2713.39990234375,87
2025-04-25 13:20:00+05:30,2712.699951171875,2712.699951171875,2712.699951171875,2712.699951171875,92
2025-04-25 13:21:00+05:30,2717.5,2717.5,2714.10009765625,2715.0,73
2025-04-25 13:22:00+05:30,2720.10009765625,2720.10009765625,2714.800048828125,2714.800048828125,653
2025-04-25 13:23:00+05:30,2721.60009765625,2721.60009765625,2720.39990234375,2721.10009765625,100
2025-04-25 13:24:00+05:30,2728.199951171875,2730.0,2720.89990234375,2722.199951171875,1253
2025-04-25 13:25:00+05:30,2734.0,2734.0,2730.0,2730.0,239
2025-04-25 13:26:00+05:30,2734.0,2734.0,2732.0,2732.0,358
2025-04-25 13:27:00+05:30,2735.0,2735.0,2732.5,2732.5,234
2025-04-25 13:28:00+05:30,2726.300048828125,2729.60009765625,2726.300048828125,2729.60009765625,133
2025-04-25 13:29:00+05:30,2729.10009765625,2730.10009765625,2726.300048828125,2726.300048828125,420
2025-04-25 13:30:00+05:30,2729.800048828125,2729.800048828125,2729.800048828125,2729.800048828125,0
2025-04-25 13:31:00+05:30,2730.60009765625,2730.60009765625,2730.60009765625,2730.60009765625,152
2025-04-25 13:32:00+05:30,2732.300048828125,2732.300048828125,2730.60009765625,2730.60009765625,137
2025-04-25 13:33:00+05:30,2735.800048828125,2735.800048828125,2733.39990234375,2735.0,547
2025-04-25 13:34:00+05:30,2739.0,2739.0,2737.0,2737.0,95
2025-04-25 13:35:00+05:30,2742.0,2742.0,2737.5,2737.5,449
2025-04-25 13:36:00+05:30,2744.0,2744.0,2742.0,2742.0,32
2025-04-25 13:37:00+05:30,2744.800048828125,2744.800048828125,2742.800048828125,2742.800048828125,698
2025-04-25 13:38:00+05:30,2749.0,2749.0,2745.0,2745.0,636
2025-04-25 13:39:00+05:30,2749.39990234375,2749.39990234375,2747.199951171875,2747.300048828125,176
2025-04-25 13:40:00+05:30,2757.699951171875,2757.699951171875,2751.0,2751.0,2002
2025-04-25 13:41:00+05:30,2768.199951171875,2768.199951171875,2755.300048828125,2755.300048828125,844
2025-04-25 13:42:00+05:30,2764.10009765625,2764.10009765625,2760.800048828125,2760.800048828125,611
2025-04-25 13:43:00+05:30,2768.800048828125,2769.0,2766.699951171875,2766.699951171875,417
2025-04-25 13:44:00+05:30,2770.60009765625,2773.699951171875,2768.39990234375,2772.0,535
2025-04-25 13:45:00+05:30,2769.300048828125,2773.699951171875,2769.300048828125,2773.699951171875,149
2025-04-25 13:46:00+05:30,2760.0,2771.300048828125,2760.0,2771.300048828125,594
2025-04-25 13:47:00+05:30,2763.199951171875,2763.800048828125,2760.0,2760.0,29
2025-04-25 13:48:00+05:30,2768.10009765625,2768.10009765625,2763.5,2764.800048828125,122
2025-04-25 13:49:00+05:30,2769.800048828125,2772.0,2767.5,2768.199951171875,133
2025-04-25 13:50:00+05:30,2774.0,2774.0,2771.5,2772.89990234375,596
2025-04-25 13:51:00+05:30,2773.699951171875,2774.0,2772.199951171875,2772.199951171875,117
2025-04-25 13:52:00+05:30,2770.89990234375,2774.0,2770.89990234375,2772.699951171875,316
2025-04-25 13:53:00+05:30,2770.10009765625,2770.10009765625,2767.60009765625,2767.60009765625,33
2025-04-25 13:54:00+05:30,2771.199951171875,2772.60009765625,2770.0,2770.0,372
2025-04-25 13:55:00+05:30,2769.60009765625,2772.0,2769.60009765625,2770.10009765625,61
2025-04-25 13:56:00+05:30,2779.199951171875,2779.199951171875,2769.60009765625,2769.60009765625,858
2025-04-25 13:57:00+05:30,2781.5,2781.5,2777.699951171875,2779.199951171875,375
2025-04-25 13:58:00+05:30,2786.0,2786.0,2780.800048828125,2782.89990234375,94
2025-04-25 13:59:00+05:30,2779.199951171875,2788.0,2779.199951171875,2785.89990234375,602
2025-04-25 14:00:00+05:30,2781.300048828125,2782.5,2779.300048828125,2779.300048828125,138
2025-04-25 14:01:00+05:30,2780.89990234375,2780.89990234375,2779.0,2779.0,4
2025-04-25 14:02:00+05:30,2782.199951171875,2782.60009765625,2779.10009765625,2779.10009765625,117
2025-04-25 14:03:00+05:30,2784.0,2785.0,2784.0,2784.39990234375,103
2025-04-25 14:04:00+05:30,2784.800048828125,2785.800048828125,2782.199951171875,2782.199951171875,445
2025-04-25 14:05:00+05:30,2795.0,2795.0,2784.300048828125,2784.300048828125,974
2025-04-25 14:06:00+05:30,2794.39990234375,2797.0,2794.39990234375,2796.800048828125,924
2025-04-25 14:07:00+05:30,2781.60009765625,2798.699951171875,2781.60009765625,2793.60009765625,972
2025-04-25 14:08:00+05:30,2780.89990234375,2785.10009765625,2780.39990234375,2782.0,609
2025-04-25 14:09:00+05:30,2764.5,2779.5,2764.5,2779.39990234375,662
2025-04-25 14:10:00+05:30,2759.60009765625,2765.10009765625,2758.199951171875,2765.10009765625,1479
2025-04-25 14:11:00+05:30,2765.199951171875,2766.199951171875,2760.800048828125,2760.800048828125,394
2025-04-25 14:12:00+05:30,2749.60009765625,2761.0,2749.60009765625,2761.0,985
2025-04-25 14:13:00+05:30,2750.5,2752.39990234375,2746.800048828125,2750.199951171875,1228
2025-04-25 14:14:00+05:30,2751.0,2755.0,2748.60009765625,2749.199951171875,709
2025-04-25 14:15:00+05:30,2754.300048828125,2756.699951171875,2753.89990234375,2753.89990234375,20
2025-04-25 14:16:00+05:30,2757.800048828125,2757.800048828125,2753.199951171875,2756.199951171875,116
2025-04-25 14:17:00+05:30,2760.10009765625,2760.10009765625,2758.39990234375,2758.39990234375,193
2025-04-25 14:18:00+05:30,2759.60009765625,2763.10009765625,2759.60009765625,2763.10009765625,383
2025-04-25 14:19:00+05:30,2758.60009765625,2766.0,2758.60009765625,2760.699951171875,536
2025-04-25 14:20:00+05:30,2760.800048828125,2760.800048828125,2758.300048828125,2758.5,11
2025-04-25 14:21:00+05:30,2764.0,2764.0,2761.0,2761.0,125
2025-04-25 14:22:00+05:30,2763.0,2764.199951171875,2761.39990234375,2762.5,192
2025-04-25 14:23:00+05:30,2763.699951171875,2765.800048828125,2763.199951171875,2764.0,103
2025-04-25 14:24:00+05:30,2763.89990234375,2763.89990234375,2763.10009765625,2763.10009765625,23
2025-04-25 14:25:00+05:30,2766.0,2766.0,2764.89990234375,2765.0,130
2025-04-25 14:26:00+05:30,2761.5,2763.699951171875,2761.5,2763.699951171875,81
2025-04-25 14:27:00+05:30,2760.10009765625,2760.10009765625,2760.10009765625,2760.10009765625,5
2025-04-25 14:28:00+05:30,2762.300048828125,2762.300048828125,2762.300048828125,2762.300048828125,1
2025-04-25 14:29:00+05:30,2758.10009765625,2763.39990234375,2758.10009765625,2763.39990234375,359
2025-04-25 14:30:00+05:30,2757.699951171875,2760.5,2757.199951171875,2757.199951171875,118
2025-04-25 14:31:00+05:30,2761.0,2762.39990234375,2758.39990234375,2758.39990234375,1072
2025-04-25 14:32:00+05:30,2750.0,2757.0,2749.5,2757.0,245
2025-04-25 14:33:00+05:30,2744.5,2750.800048828125,2744.5,2750.39990234375,499
2025-04-25 14:34:00+05:30,2745.0,2745.0,2738.10009765625,2740.300048828125,497
2025-04-25 14:35:00+05:30,2750.60009765625,2750.60009765625,2745.0,2745.0,295
2025-04-25 14:36:00+05:30,2744.300048828125,2747.5,2744.300048828125,2747.5,0
2025-04-25 14:37:00+05:30,2744.699951171875,2744.699951171875,2744.39990234375,2744.39990234375,111
2025-04-25 14:38:00+05:30,2747.699951171875,2747.699951171875,2745.800048828125,2745.800048828125,16
2025-04-25 14:39:00+05:30,2749.10009765625,2749.10009765625,2746.5,2746.5,33
2025-04-25 14:40:00+05:30,2745.89990234375,2749.89990234375,2740.5,2749.89990234375,363
2025-04-25 14:41:00+05:30,2744.60009765625,2744.60009765625,2743.300048828125,2743.300048828125,136
2025-04-25 14:42:00+05:30,2749.5,2749.5,2747.300048828125,2747.300048828125,3
2025-04-25 14:44:00+05:30,2753.5,2753.5,2749.5,2749.5,28
2025-04-25 14:45:00+05:30,2749.89990234375,2754.300048828125,2749.89990234375,2754.300048828125,376
2025-04-25 14:46:00+05:30,2749.60009765625,2749.800048828125,2749.0,2749.39990234375,268
2025-04-25 14:47:00+05:30,2749.5,2749.5,2747.10009765625,2748.699951171875,53
2025-04-25 14:48:00+05:30,2750.0,2750.0,2749.89990234375,2749.89990234375,276
2025-04-25 14:49:00+05:30,2752.60009765625,2753.300048828125,2749.800048828125,2753.300048828125,107
2025-04-25 14:50:00+05:30,2754.300048828125,2754.300048828125,2754.10009765625,2754.10009765625,21
2025-04-25 14:51:00+05:30,2757.89990234375,2757.89990234375,2754.89990234375,2755.0,279
2025-04-25 14:52:00+05:30,2760.0,2761.5,2758.10009765625,2758.10009765625,367
2025-04-25 14:53:00+05:30,2763.10009765625,2765.89990234375,2762.89990234375,2762.89990234375,125
2025-04-25 14:54:00+05:30,2765.800048828125,2765.800048828125,2763.199951171875,2763.199951171875,276
2025-04-25 14:55:00+05:30,2764.699951171875,2766.0,2763.199951171875,2766.0,50
2025-04-25 14:56:00+05:30,2757.800048828125,2766.199951171875,2757.800048828125,2765.89990234375,566
2025-04-25 14:57:00+05:30,2759.89990234375,2759.89990234375,2759.89990234375,2759.89990234375,5
2025-04-25 14:58:00+05:30,2762.699951171875,2763.300048828125,2761.89990234375,2761.89990234375,204
2025-04-25 14:59:00+05:30,2762.60009765625,2762.60009765625,2762.60009765625,2762.60009765625,0
2025-04-25 15:00:00+05:30,2761.39990234375,2762.699951171875,2761.0,2761.0,242
2025-04-25 15:01:00+05:30,2763.0,2763.0,2761.800048828125,2761.800048828125,13
2025-04-25 15:02:00+05:30,2760.60009765625,2765.800048828125,2758.39990234375,2762.800048828125,295
2025-04-25 15:03:00+05:30,2756.699951171875,2758.0,2755.5,2757.800048828125,135
2025-04-25 15:04:00+05:30,2758.89990234375,2759.10009765625,2754.60009765625,2754.60009765625,331
2025-04-25 15:05:00+05:30,2758.699951171875,2759.89990234375,2758.39990234375,2759.5,115
2025-04-25 15:06:00+05:30,2757.39990234375,2760.0,2757.39990234375,2760.0,150
2025-04-25 15:07:00+05:30,2755.5,2757.800048828125,2755.5,2756.60009765625,348
2025-04-25 15:08:00+05:30,2758.300048828125,2758.300048828125,2752.699951171875,2752.699951171875,39
2025-04-25 15:09:00+05:30,2757.800048828125,2758.300048828125,2756.199951171875,2758.300048828125,116
2025-04-25 15:10:00+05:30,2759.39990234375,2759.39990234375,2754.5,2758.300048828125,396
2025-04-25 15:11:00+05:30,2759.800048828125,2760.0,2756.300048828125,2757.699951171875,572
2025-04-25 15:12:00+05:30,2759.199951171875,2759.89990234375,2757.300048828125,2757.5,54
2025-04-25 15:13:00+05:30,2752.0,2759.199951171875,2752.0,2757.699951171875,915
2025-04-25 15:14:00+05:30,2755.0,2755.0,2751.0,2751.0,2095
2025-04-25 15:15:00+05:30,2755.0,2758.0,2755.0,2756.60009765625,388
2025-04-25 15:16:00+05:30,2744.199951171875,2753.199951171875,2744.199951171875,2753.199951171875,1347
2025-04-25 15:17:00+05:30,2748.89990234375,2750.699951171875,2747.800048828125,2747.800048828125,64
2025-04-25 15:18:00+05:30,2750.0,2750.0,2748.89990234375,2750.0,14
2025-04-25 15:19:00+05:30,2750.0,2750.0,2749.10009765625,2750.0,266
2025-04-25 15:20:00+05:30,2749.0,2749.800048828125,2748.89990234375,2749.10009765625,897
2025-04-25 15:21:00+05:30,2748.89990234375,2749.60009765625,2748.60009765625,2748.60009765625,173
2025-04-25 15:22:00+05:30,2749.89990234375,2750.0,2749.89990234375,2750.0,999
2025-04-25 15:23:00+05:30,2746.0,2749.89990234375,2746.0,2749.89990234375,264
2025-04-25 15:24:00+05:30,2740.0,2745.5,2740.0,2745.5,468
2025-04-25 15:25:00+05:30,2740.10009765625,2741.89990234375,2740.0,2740.0,225
2025-04-25 15:26:00+05:30,2740.10009765625,2740.10009765625,2740.0,2740.10009765625,254
2025-04-25 15:27:00+05:30,2744.0,2750.0,2740.89990234375,2740.89990234375,831
2025-04-25 15:28:00+05:30,2726.10009765625,2747.89990234375,2726.0,2739.0,181
2025-04-25 15:29:00+05:30,2706.10009765625,2738.0,2706.10009765625,2734.699951171875,710
2025-04-28 09:15:00+05:30,2731.0,2737.800048828125,2708.0,2708.0,0
2025-04-28 09:16:00+05:30,2709.89990234375,2726.39990234375,2709.89990234375,2726.39990234375,1375
2025-04-28 09:17:00+05:30,2723.800048828125,2723.800048828125,2706.39990234375,2708.89990234375,870
2025-04-28 09:18:00+05:30,2745.60009765625,2745.60009765625,2725.199951171875,2725.199951171875,2333
2025-04-28 09:19:00+05:30,2733.89990234375,2743.10009765625,2733.89990234375,2742.199951171875,316
2025-04-28 09:20:00+05:30,2724.10009765625,2735.89990234375,2724.10009765625,2735.89990234375,998
2025-04-28 09:21:00+05:30,2721.5,2727.60009765625,2716.199951171875,2727.60009765625,1026
2025-04-28 09:22:00+05:30,2716.0,2720.300048828125,2707.89990234375,2707.89990234375,583
2025-04-28 09:23:00+05:30,2723.5,2725.89990234375,2715.39990234375,2722.5,426
2025-04-28 09:24:00+05:30,2703.0,2720.60009765625,2703.0,2713.5,721
2025-04-28 09:25:00+05:30,2696.0,2706.39990234375,2696.0,2706.39990234375,927
2025-04-28 09:26:00+05:30,2706.0,2707.0,2696.300048828125,2702.800048828125,590
2025-04-28 09:27:00+05:30,2713.300048828125,2717.0,2701.300048828125,2703.0,945
2025-04-28 09:28:00+05:30,2719.0,2719.0,2712.800048828125,2712.800048828125,660
2025-04-28 09:29:00+05:30,2718.60009765625,2719.0,2710.60009765625,2719.0,176
2025-04-28 09:30:00+05:30,2725.800048828125,2728.0,2720.800048828125,2721.800048828125,565
2025-04-28 09:31:00+05:30,2723.39990234375,2727.60009765625,2723.39990234375,2727.60009765625,182
2025-04-28 09:32:00+05:30,2723.5,2727.89990234375,2720.300048828125,2727.89990234375,321
2025-04-28 09:33:00+05:30,2725.0,2729.800048828125,2723.800048828125,2725.10009765625,111
2025-04-28 09:34:00+05:30,2728.10009765625,2729.5,2727.800048828125,2727.800048828125,85
2025-04-28 09:35:00+05:30,2729.5,2730.0,2729.5,2729.5,261
2025-04-28 09:36:00+05:30,2739.10009765625,2739.10009765625,2729.5,2729.5,288
2025-04-28 09:37:00+05:30,2737.0,2738.800048828125,2734.10009765625,2738.800048828125,34
2025-04-28 09:38:00+05:30,2745.0,2745.0,2733.60009765625,2736.699951171875,849
2025-04-28 09:39:00+05:30,2744.699951171875,2745.0,2744.699951171875,2745.0,128
2025-04-28 09:40:00+05:30,2743.800048828125,2745.199951171875,2743.800048828125,2744.699951171875,462
2025-04-28 09:41:00+05:30,2732.60009765625,2742.800048828125,2732.60009765625,2740.0,1527
2025-04-28 09:42:00+05:30,2742.800048828125,2742.800048828125,2730.39990234375,2732.60009765625,1208
2025-04-28 09:43:00+05:30,2738.699951171875,2742.10009765625,2738.699951171875,2742.0,113
2025-04-28 09:44:00+05:30,2735.199951171875,2738.5,2735.199951171875,2737.699951171875,13
2025-04-28 09:45:00+05:30,2751.39990234375,2756.5,2738.699951171875,2738.699951171875,2186
2025-04-28 09:46:00+05:30,2755.800048828125,2755.800048828125,2751.5,2751.5,466
2025-04-28 09:47:00+05:30,2755.800048828125,2755.800048828125,2754.60009765625,2754.699951171875,210
2025-04-28 09:48:00+05:30,2760.800048828125,2760.800048828125,2756.60009765625,2757.0,325
2025-04-28 09:49:00+05:30,2763.800048828125,2764.39990234375,2755.89990234375,2755.89990234375,347
2025-04-28 09:50:00+05:30,2762.300048828125,2764.0,2759.0,2760.0,234
2025-04-28 09:51:00+05:30,2758.300048828125,2760.89990234375,2758.199951171875,2758.199951171875,21
2025-04-28 09:52:00+05:30,2763.800048828125,2763.800048828125,2763.800048828125,2763.800048828125,222
2025-04-28 09:53:00+05:30,2753.800048828125,2759.89990234375,2753.800048828125,2759.5,125
2025-04-28 09:54:00+05:30,2756.10009765625,2759.39990234375,2750.0,2750.0,294
2025-04-28 09:56:00+05:30,2757.89990234375,2757.89990234375,2755.39990234375,2757.0,231
2025-04-28 09:57:00+05:30,2755.5,2755.5,2746.300048828125,2751.5,574
2025-04-28 09:58:00+05:30,2755.39990234375,2755.39990234375,2755.39990234375,2755.39990234375,0
2025-04-28 09:59:00+05:30,2754.60009765625,2756.10009765625,2753.5,2756.10009765625,68
2025-04-28 10:00:00+05:30,2754.10009765625,2755.0,2754.10009765625,2754.60009765625,100
2025-04-28 10:01:00+05:30,2755.10009765625,2755.10009765625,2755.0,2755.0,121
2025-04-28 10:02:00+05:30,2755.300048828125,2757.300048828125,2755.300048828125,2755.89990234375,26
2025-04-28 10:03:00+05:30,2756.800048828125,2756.800048828125,2755.10009765625,2755.10009765625,465
2025-04-28 10:04:00+05:30,2752.10009765625,2757.39990234375,2752.10009765625,2757.39990234375,267
2025-04-28 10:05:00+05:30,2745.60009765625,2751.10009765625,2745.60009765625,2751.10009765625,534
2025-04-28 10:06:00+05:30,2752.39990234375,2752.39990234375,2748.60009765625,2749.0,33
2025-04-28 10:07:00+05:30,2750.89990234375,2750.89990234375,2746.10009765625,2746.10009765625,201
2025-04-28 10:08:00+05:30,2753.0,2753.60009765625,2751.39990234375,2751.5,20
2025-04-28 10:09:00+05:30,2755.10009765625,2755.10009765625,2751.5,2751.5,156
2025-04-28 10:10:00+05:30,2751.39990234375,2754.0,2751.39990234375,2754.0,12
2025-04-28 10:11:00+05:30,2754.89990234375,2754.89990234375,2754.89990234375,2754.89990234375,0
2025-04-28 10:12:00+05:30,2754.89990234375,2754.89990234375,2754.89990234375,2754.89990234375,1
2025-04-28 10:13:00+05:30,2754.699951171875,2754.89990234375,2754.699951171875,2754.89990234375,7
2025-04-28 10:14:00+05:30,2755.10009765625,2755.10009765625,2752.10009765625,2752.10009765625,43
2025-04-28 10:15:00+05:30,2754.0,2757.39990234375,2754.0,2755.10009765625,34
2025-04-28 10:16:00+05:30,2753.60009765625,2753.60009765625,2751.699951171875,2751.699951171875,33
2025-04-28 10:17:00+05:30,2751.39990234375,2753.0,2751.39990234375,2753.0,58
2025-04-28 10:18:00+05:30,2766.300048828125,2767.199951171875,2762.300048828125,2765.699951171875,3608
2025-04-28 10:19:00+05:30,2773.199951171875,2774.0,2766.800048828125,2766.800048828125,2571
2025-04-28 10:20:00+05:30,2778.0,2781.300048828125,2773.199951171875,2773.199951171875,1872
2025-04-28 10:21:00+05:30,2782.60009765625,2785.5,2779.300048828125,2779.300048828125,2363
2025-04-28 10:22:00+05:30,2780.10009765625,2782.60009765625,2779.0,2782.60009765625,215
2025-04-28 10:23:00+05:30,2772.300048828125,2779.199951171875,2772.10009765625,2778.5,521
2025-04-28 10:24:00+05:30,2775.0,2779.89990234375,2774.0,2775.60009765625,503
2025-04-28 10:25:00+05:30,2763.0,2775.0,2763.0,2775.0,739
2025-04-28 10:26:00+05:30,2762.199951171875,2765.300048828125,2761.800048828125,2765.300048828125,240
2025-04-28 10:27:00+05:30,2763.699951171875,2765.0,2761.0,2761.0,81
2025-04-28 10:28:00+05:30,2758.300048828125,2764.0,2758.300048828125,2763.89990234375,84
2025-04-28 10:29:00+05:30,2761.0,2761.0,2758.5,2761.0,86
2025-04-28 10:30:00+05:30,2760.0,2761.0,2758.800048828125,2758.800048828125,0
2025-04-28 10:31:00+05:30,2759.699951171875,2761.0,2759.699951171875,2759.699951171875,15
2025-04-28 10:32:00+05:30,2761.0,2761.0,2759.699951171875,2761.0,19
2025-04-28 10:33:00+05:30,2752.10009765625,2761.0,2752.10009765625,2760.800048828125,1110
2025-04-28 10:34:00+05:30,2757.800048828125,2758.699951171875,2757.800048828125,2758.699951171875,28
2025-04-28 10:35:00+05:30,2753.0,2757.0,2753.0,2757.0,612
2025-04-28 10:36:00+05:30,2758.199951171875,2759.89990234375,2757.0,2757.0,0
2025-04-28 10:37:00+05:30,2760.5,2760.5,2759.800048828125,2759.800048828125,84
2025-04-28 10:38:00+05:30,2756.199951171875,2758.699951171875,2756.199951171875,2758.699951171875,37
2025-04-28 10:39:00+05:30,2759.5,2759.5,2754.5,2754.5,103
2025-04-28 10:40:00+05:30,2755.199951171875,2756.699951171875,2752.300048828125,2756.699951171875,326
2025-04-28 10:42:00+05:30,2755.199951171875,2755.199951171875,2754.0,2754.0,314
2025-04-28 10:43:00+05:30,2758.0,2758.0,2758.0,2758.0,23
2025-04-28 10:44:00+05:30,2755.89990234375,2758.0,2755.89990234375,2758.0,42
2025-04-28 10:45:00+05:30,2756.39990234375,2756.39990234375,2750.800048828125,2752.60009765625,78
2025-04-28 10:46:00+05:30,2758.0,2758.0,2756.89990234375,2756.89990234375,24
2025-04-28 10:47:00+05:30,2759.89990234375,2760.89990234375,2759.89990234375,2760.89990234375,116
2025-04-28 10:48:00+05:30,2748.60009765625,2753.5,2748.199951171875,2750.800048828125,1410
2025-04-28 10:49:00+05:30,2755.60009765625,2755.60009765625,2751.39990234375,2751.39990234375,19
2025-04-28 10:50:00+05:30,2758.300048828125,2758.300048828125,2753.0,2753.0,55
2025-04-28 10:51:00+05:30,2758.300048828125,2760.89990234375,2757.800048828125,2758.0,322
2025-04-28 10:52:00+05:30,2758.300048828125,2758.300048828125,2754.39990234375,2757.60009765625,55
2025-04-28 10:53:00+05:30,2760.0,2763.5,2759.5,2760.0,152
2025-04-28 10:54:00+05:30,2756.0,2756.0,2755.0,2755.0,193
2025-04-28 10:55:00+05:30,2759.5,2761.800048828125,2759.0,2759.0,42
2025-04-28 10:56:00+05:30,2759.39990234375,2762.699951171875,2759.39990234375,2760.0,99
2025-04-28 10:57:00+05:30,2759.0,2762.699951171875,2759.0,2762.699951171875,59
2025-04-28 10:58:00+05:30,2763.10009765625,2763.10009765625,2758.89990234375,2758.89990234375,43
2025-04-28 10:59:00+05:30,2762.800048828125,2762.800048828125,2762.800048828125,2762.800048828125,10
2025-04-28 11:00:00+05:30,2747.699951171875,2753.0,2747.699951171875,2751.39990234375,1746
2025-04-28 11:01:00+05:30,2734.39990234375,2748.800048828125,2733.60009765625,2748.300048828125,2003
2025-04-28 11:02:00+05:30,2734.199951171875,2737.800048828125,2734.199951171875,2735.0,13
2025-04-28 11:03:00+05:30,2738.5,2738.60009765625,2735.60009765625,2735.60009765625,248
2025-04-28 11:04:00+05:30,2738.89990234375,2738.89990234375,2736.300048828125,2738.39990234375,48
2025-04-28 11:05:00+05:30,2728.0,2738.699951171875,2728.0,2736.5,1267
2025-04-28 11:06:00+05:30,2729.0,2731.800048828125,2729.0,2729.0,122
2025-04-28 11:07:00+05:30,2737.0,2737.0,2729.199951171875,2732.0,120
2025-04-28 11:08:00+05:30,2736.800048828125,2736.800048828125,2736.800048828125,2736.800048828125,9
2025-04-28 11:09:00+05:30,2738.800048828125,2738.89990234375,2733.800048828125,2733.800048828125,18
2025-04-28 11:10:00+05:30,2739.10009765625,2740.300048828125,2738.89990234375,2738.89990234375,92
2025-04-28 11:11:00+05:30,2736.39990234375,2738.89990234375,2736.39990234375,2738.89990234375,33
2025-04-28 11:12:00+05:30,2736.800048828125,2736.800048828125,2735.0,2735.0,72
2025-04-28 11:13:00+05:30,2737.10009765625,2738.10009765625,2737.10009765625,2738.10009765625,110
2025-04-28 11:14:00+05:30,2730.0,2738.300048828125,2730.0,2738.300048828125,249
2025-04-28 11:15:00+05:30,2735.89990234375,2735.89990234375,2730.199951171875,2730.199951171875,66
2025-04-28 11:16:00+05:30,2724.300048828125,2732.300048828125,2722.699951171875,2732.300048828125,547
2025-04-28 11:17:00+05:30,2722.0,2725.699951171875,2720.0,2724.300048828125,567
2025-04-28 11:18:00+05:30,2727.39990234375,2727.39990234375,2727.0,2727.0,0
2025-04-28 11:19:00+05:30,2720.199951171875,2726.300048828125,2720.199951171875,2726.300048828125,311
2025-04-28 11:20:00+05:30,2724.0,2724.0,2723.5,2723.5,144
2025-04-28 11:21:00+05:30,2720.699951171875,2725.5,2720.699951171875,2725.5,218
2025-04-28 11:22:00+05:30,2720.699951171875,2720.699951171875,2720.699951171875,2720.699951171875,0
2025-04-28 11:23:00+05:30,2720.39990234375,2724.0,2719.699951171875,2724.0,181
2025-04-28 11:24:00+05:30,2722.60009765625,2722.60009765625,2720.39990234375,2720.39990234375,10
2025-04-28 11:25:00+05:30,2721.10009765625,2721.199951171875,2721.0,2721.0,81
2025-04-28 11:26:00+05:30,2721.39990234375,2725.89990234375,2721.39990234375,2723.5,156
2025-04-28 11:27:00+05:30,2721.300048828125,2724.39990234375,2721.300048828125,2723.800048828125,39
2025-04-28 11:28:00+05:30,2722.300048828125,2722.300048828125,2720.10009765625,2720.10009765625,253
2025-04-28 11:29:00+05:30,2722.0,2723.60009765625,2722.0,2722.89990234375,32
2025-04-28 11:30:00+05:30,2718.0,2718.699951171875,2718.0,2718.699951171875,149
2025-04-28 11:31:00+05:30,2719.89990234375,2720.0,2719.89990234375,2720.0,3
2025-04-28 11:32:00+05:30,2723.0,2723.300048828125,2723.0,2723.300048828125,101
2025-04-28 11:33:00+05:30,2717.89990234375,2719.89990234375,2717.89990234375,2719.89990234375,105
2025-04-28 11:34:00+05:30,2723.5,2723.5,2717.89990234375,2717.89990234375,127
2025-04-28 11:35:00+05:30,2721.800048828125,2721.89990234375,2721.800048828125,2721.89990234375,5
2025-04-28 11:36:00+05:30,2720.199951171875,2721.0,2720.199951171875,2721.0,3
2025-04-28 11:37:00+05:30,2722.0,2723.0,2720.10009765625,2720.10009765625,439
2025-04-28 11:38:00+05:30,2718.89990234375,2721.39990234375,2718.0,2718.0,274
2025-04-28 11:39:00+05:30,2718.300048828125,2720.199951171875,2718.300048828125,2720.199951171875,129
2025-04-28 11:40:00+05:30,2719.800048828125,2719.800048828125,2719.800048828125,2719.800048828125,0
2025-04-28 11:41:00+05:30,2719.699951171875,2720.300048828125,2717.0,2717.0,254
2025-04-28 11:42:00+05:30,2720.300048828125,2720.800048828125,2719.699951171875,2719.699951171875,13
2025-04-28 11:43:00+05:30,2721.89990234375,2721.89990234375,2719.89990234375,2719.89990234375,130
2025-04-28 11:44:00+05:30,2721.5,2721.800048828125,2721.5,2721.60009765625,41
2025-04-28 11:45:00+05:30,2719.0,2721.60009765625,2719.0,2721.5,233
2025-04-28 11:46:00+05:30,2722.0,2722.0,2719.10009765625,2719.10009765625,77
2025-04-28 11:47:00+05:30,2725.39990234375,2725.39990234375,2725.39990234375,2725.39990234375,51
2025-04-28 11:48:00+05:30,2724.10009765625,2724.10009765625,2722.10009765625,2722.800048828125,255
2025-04-28 11:49:00+05:30,2724.39990234375,2724.39990234375,2722.0,2722.0,76
2025-04-28 11:50:00+05:30,2725.0,2725.0,2724.39990234375,2724.39990234375,104
2025-04-28 11:51:00+05:30,2722.60009765625,2722.60009765625,2722.60009765625,2722.60009765625,0
2025-04-28 11:52:00+05:30,2727.10009765625,2727.10009765625,2725.5,2725.5,40
2025-04-28 11:53:00+05:30,2724.89990234375,2724.89990234375,2724.0,2724.0,3
2025-04-28 11:54:00+05:30,2724.10009765625,2724.10009765625,2722.0,2722.0,301
2025-04-28 11:55:00+05:30,2722.0,2724.10009765625,2722.0,2723.89990234375,8
2025-04-28 11:56:00+05:30,2722.199951171875,2726.0,2722.0,2722.0,115
2025-04-28 11:57:00+05:30,2719.0,2724.199951171875,2719.0,2724.199951171875,672
2025-04-28 11:58:00+05:30,2719.0,2719.0,2719.0,2719.0,15
2025-04-28 11:59:00+05:30,2718.89990234375,2719.0,2718.89990234375,2719.0,37
2025-04-28 12:00:00+05:30,2719.0,2719.0,2717.5,2718.0,41
2025-04-28 12:01:00+05:30,2719.0,2719.0,2719.0,2719.0,32
2025-04-28 12:02:00+05:30,2715.5,2715.5,2715.0,2715.0,100
2025-04-28 12:03:00+05:30,2715.39990234375,2717.800048828125,2715.39990234375,2716.10009765625,114
2025-04-28 12:04:00+05:30,2718.199951171875,2718.199951171875,2718.199951171875,2718.199951171875,2
2025-04-28 12:05:00+05:30,2715.0,2718.199951171875,2715.0,2718.199951171875,50
2025-04-28 12:06:00+05:30,2717.39990234375,2717.5,2715.0,2717.5,82
2025-04-28 12:07:00+05:30,2717.699951171875,2717.699951171875,2715.300048828125,2715.300048828125,30
2025-04-28 12:08:00+05:30,2717.39990234375,2717.39990234375,2717.39990234375,2717.39990234375,12
2025-04-28 12:09:00+05:30,2717.89990234375,2717.89990234375,2715.10009765625,2717.199951171875,120
2025-04-28 12:10:00+05:30,2719.800048828125,2719.800048828125,2717.10009765625,2717.199951171875,377
2025-04-28 12:11:00+05:30,2721.39990234375,2722.10009765625,2721.39990234375,2722.10009765625,6
2025-04-28 12:12:00+05:30,2724.0,2725.800048828125,2720.89990234375,2723.89990234375,128
2025-04-28 12:13:00+05:30,2728.39990234375,2728.39990234375,2725.5,2725.5,34
2025-04-28 12:14:00+05:30,2733.0,2735.0,2732.60009765625,2732.60009765625,341
2025-04-28 12:15:00+05:30,2734.0,2734.0,2730.699951171875,2733.0,0
2025-04-28 12:16:00+05:30,2730.800048828125,2734.199951171875,2730.800048828125,2734.199951171875,109
2025-04-28 12:17:00+05:30,2732.800048828125,2734.0,2731.0,2731.0,24
2025-04-28 12:18:00+05:30,2732.60009765625,2732.800048828125,2732.60009765625,2732.800048828125,22
2025-04-28 12:19:00+05:30,2732.60009765625,2734.699951171875,2732.60009765625,2734.699951171875,4
2025-04-28 12:20:00+05:30,2734.800048828125,2734.800048828125,2734.800048828125,2734.800048828125,95
2025-04-28 12:21:00+05:30,2728.199951171875,2732.699951171875,2728.199951171875,2730.300048828125,58
2025-04-28 12:22:00+05:30,2728.199951171875,2728.199951171875,2728.199951171875,2728.199951171875,1
2025-04-28 12:24:00+05:30,2730.10009765625,2730.10009765625,2728.199951171875,2728.199951171875,7
2025-04-28 12:25:00+05:30,2733.39990234375,2734.699951171875,2730.199951171875,2730.199951171875,20
2025-04-28 12:27:00+05:30,2731.0,2731.89990234375,2730.0,2730.0,375
2025-04-28 12:28:00+05:30,2737.0,2737.0,2731.39990234375,2731.39990234375,0
2025-04-28 12:29:00+05:30,2740.0,2740.0,2737.60009765625,2737.60009765625,181
2025-04-28 12:30:00+05:30,2739.60009765625,2740.800048828125,2739.60009765625,2740.800048828125,31
2025-04-28 12:32:00+05:30,2738.800048828125,2739.5,2735.39990234375,2739.5,105
2025-04-28 12:33:00+05:30,2738.5,2738.5,2738.5,2738.5,22
2025-04-28 12:34:00+05:30,2739.60009765625,2739.60009765625,2739.60009765625,2739.60009765625,3
2025-04-28 12:35:00+05:30,2740.0,2741.699951171875,2740.0,2741.699951171875,55
2025-04-28 12:36:00+05:30,2739.800048828125,2740.0,2739.800048828125,2740.0,0
2025-04-28 12:37:00+05:30,2741.10009765625,2741.800048828125,2738.0,2741.800048828125,134
2025-04-28 12:38:00+05:30,2738.5,2740.800048828125,2738.5,2740.800048828125,2
2025-04-28 12:39:00+05:30,2736.39990234375,2736.39990234375,2736.39990234375,2736.39990234375,1
2025-04-28 12:40:00+05:30,2747.5,2752.0,2745.60009765625,2747.5,1177
2025-04-28 12:41:00+05:30,2747.10009765625,2749.800048828125,2747.10009765625,2747.5,19
2025-04-28 12:42:00+05:30,2749.39990234375,2749.699951171875,2749.39990234375,2749.699951171875,30
2025-04-28 12:43:00+05:30,2758.300048828125,2758.300048828125,2750.5,2750.5,136
2025-04-28 12:44:00+05:30,2759.5,2760.5,2757.300048828125,2757.300048828125,688
2025-04-28 12:45:00+05:30,2756.300048828125,2759.5,2756.300048828125,2759.5,20
2025-04-28 12:46:00+05:30,2756.0,2756.0,2756.0,2756.0,13
2025-04-28 12:47:00+05:30,2755.89990234375,2755.89990234375,2755.89990234375,2755.89990234375,2
2025-04-28 12:48:00+05:30,2754.800048828125,2754.800048828125,2754.10009765625,2754.300048828125,65
2025-04-28 12:49:00+05:30,2754.5,2755.10009765625,2754.5,2755.10009765625,94
2025-04-28 12:50:00+05:30,2754.5,2754.5,2754.5,2754.5,6
2025-04-28 12:51:00+05:30,2762.199951171875,2763.89990234375,2762.199951171875,2763.89990234375,573
2025-04-28 12:52:00+05:30,2761.0,2761.0,2760.60009765625,2760.60009765625,118
2025-04-28 12:53:00+05:30,2757.699951171875,2757.699951171875,2757.699951171875,2757.699951171875,1
2025-04-28 12:54:00+05:30,2758.199951171875,2758.199951171875,2754.39990234375,2754.39990234375,22
2025-04-28 12:55:00+05:30,2757.0,2757.0,2753.89990234375,2753.89990234375,23
2025-04-28 12:57:00+05:30,2759.89990234375,2759.89990234375,2756.800048828125,2756.800048828125,43
2025-04-28 12:58:00+05:30,2761.0,2761.0,2760.39990234375,2761.0,168
2025-04-28 12:59:00+05:30,2758.0,2758.0,2758.0,2758.0,67
2025-04-28 13:01:00+05:30,2757.699951171875,2758.0,2757.699951171875,2757.699951171875,286
2025-04-28 13:02:00+05:30,2757.5,2757.800048828125,2757.10009765625,2757.800048828125,0
2025-04-28 13:03:00+05:30,2754.199951171875,2754.199951171875,2752.10009765625,2754.10009765625,24
2025-04-28 13:04:00+05:30,2748.699951171875,2753.5,2748.699951171875,2753.5,38
2025-04-28 13:05:00+05:30,2749.199951171875,2749.39990234375,2746.0,2748.699951171875,23
2025-04-28 13:06:00+05:30,2748.5,2749.10009765625,2748.5,2749.0,43
2025-04-28 13:07:00+05:30,2746.199951171875,2748.0,2743.300048828125,2748.0,50
2025-04-28 13:08:00+05:30,2746.5,2746.5,2742.699951171875,2745.89990234375,87
2025-04-28 13:09:00+05:30,2746.5,2746.5,2745.699951171875,2745.699951171875,2
2025-04-28 13:10:00+05:30,2748.0,2748.0,2746.5,2746.5,39
2025-04-28 13:11:00+05:30,2749.0,2749.0,2748.0,2748.0,23
2025-04-28 13:12:00+05:30,2747.800048828125,2750.0,2747.800048828125,2749.0,198
2025-04-28 13:13:00+05:30,2744.300048828125,2747.89990234375,2744.0,2747.89990234375,93
2025-04-28 13:14:00+05:30,2750.800048828125,2750.800048828125,2747.0,2747.0,175
2025-04-28 13:15:00+05:30,2748.10009765625,2751.5,2747.39990234375,2751.5,40
2025-04-28 13:16:00+05:30,2750.39990234375,2750.800048828125,2748.10009765625,2750.699951171875,19
2025-04-28 13:17:00+05:30,2750.199951171875,2750.800048828125,2750.199951171875,2750.39990234375,15
2025-04-28 13:18:00+05:30,2750.699951171875,2750.699951171875,2747.89990234375,2750.199951171875,23
2025-04-28 13:19:00+05:30,2748.60009765625,2750.699951171875,2747.0,2750.699951171875,27
2025-04-28 13:20:00+05:30,2749.300048828125,2749.300048828125,2748.89990234375,2748.89990234375,14
2025-04-28 13:21:00+05:30,2747.60009765625,2748.89990234375,2745.0,2748.89990234375,119
2025-04-28 13:22:00+05:30,2747.699951171875,2748.199951171875,2747.60009765625,2747.60009765625,20
2025-04-28 13:23:00+05:30,2748.10009765625,2748.5,2747.199951171875,2748.10009765625,51
2025-04-28 13:24:00+05:30,2749.89990234375,2749.89990234375,2748.0,2748.0,14
2025-04-28 13:25:00+05:30,2747.39990234375,2750.199951171875,2747.39990234375,2749.5,43
2025-04-28 13:26:00+05:30,2748.89990234375,2749.800048828125,2746.89990234375,2749.800048828125,21
2025-04-28 13:27:00+05:30,2749.800048828125,2749.800048828125,2747.800048828125,2748.199951171875,51
2025-04-28 13:28:00+05:30,2747.0,2750.0,2747.0,2750.0,16
2025-04-28 13:29:00+05:30,2749.0,2749.0,2747.0,2747.0,35
2025-04-28 13:30:00+05:30,2749.5,2749.800048828125,2748.800048828125,2749.10009765625,19
2025-04-28 13:31:00+05:30,2749.800048828125,2750.0,2748.699951171875,2749.5,23
2025-04-28 13:32:00+05:30,2749.800048828125,2749.89990234375,2746.5,2749.89990234375,44
2025-04-28 13:33:00+05:30,2749.800048828125,2749.800048828125,2749.800048828125,2749.800048828125,15
2025-04-28 13:34:00+05:30,2749.89990234375,2749.89990234375,2749.800048828125,2749.800048828125,97
2025-04-28 13:35:00+05:30,2749.800048828125,2750.0,2749.800048828125,2750.0,226
2025-04-28 13:36:00+05:30,2750.0,2750.0,2749.800048828125,2749.800048828125,18
2025-04-28 13:37:00+05:30,2750.0,2750.0,2750.0,2750.0,19
2025-04-28 13:38:00+05:30,2750.0,2750.0,2749.60009765625,2750.0,21
2025-04-28 13:39:00+05:30,2750.0,2750.0,2745.89990234375,2745.89990234375,150
2025-04-28 13:40:00+05:30,2750.0,2750.0,2749.89990234375,2750.0,18
2025-04-28 13:41:00+05:30,2754.300048828125,2754.300048828125,2750.699951171875,2750.699951171875,24
2025-04-28 13:42:00+05:30,2752.10009765625,2753.89990234375,2750.0,2752.10009765625,184
2025-04-28 13:43:00+05:30,2754.89990234375,2754.89990234375,2752.10009765625,2752.10009765625,34
2025-04-28 13:44:00+05:30,2751.10009765625,2755.300048828125,2751.10009765625,2755.0,99
2025-04-28 13:45:00+05:30,2750.300048828125,2753.89990234375,2750.300048828125,2753.199951171875,17
2025-04-28 13:46:00+05:30,2754.699951171875,2757.60009765625,2751.5,2751.5,2232
2025-04-28 13:47:00+05:30,2756.0,2756.0,2748.89990234375,2755.39990234375,997
2025-04-28 13:48:00+05:30,2756.0,2756.0,2754.5,2755.800048828125,33
2025-04-28 13:49:00+05:30,2755.60009765625,2756.0,2752.5,2756.0,166
2025-04-28 13:50:00+05:30,2755.5,2755.5,2755.199951171875,2755.39990234375,15
2025-04-28 13:51:00+05:30,2754.89990234375,2755.5,2752.60009765625,2755.5,31
2025-04-28 13:52:00+05:30,2748.300048828125,2755.0,2748.300048828125,2755.0,395
2025-04-28 13:53:00+05:30,2750.699951171875,2750.699951171875,2746.5,2748.89990234375,53
2025-04-28 13:54:00+05:30,2744.60009765625,2751.10009765625,2741.699951171875,2751.10009765625,377
2025-04-28 13:55:00+05:30,2743.5,2744.60009765625,2742.0,2744.60009765625,24
2025-04-28 13:56:00+05:30,2739.5,2744.5,2738.60009765625,2744.5,55
2025-04-28 13:57:00+05:30,2736.39990234375,2741.60009765625,2736.39990234375,2741.10009765625,677
2025-04-28 13:58:00+05:30,2740.39990234375,2740.39990234375,2738.5,2739.0,32
2025-04-28 13:59:00+05:30,2743.0,2743.0,2739.800048828125,2739.800048828125,26
2025-04-28 14:00:00+05:30,2741.5,2744.89990234375,2741.5,2743.800048828125,51
2025-04-28 14:01:00+05:30,2739.60009765625,2743.89990234375,2736.89990234375,2743.89990234375,386
2025-04-28 14:02:00+05:30,2742.800048828125,2742.800048828125,2739.300048828125,2739.300048828125,32
2025-04-28 14:03:00+05:30,2742.89990234375,2742.89990234375,2742.5,2742.5,34
2025-04-28 14:04:00+05:30,2743.0,2743.800048828125,2739.39990234375,2739.39990234375,315
2025-04-28 14:05:00+05:30,2743.199951171875,2743.199951171875,2743.0,2743.0,16
2025-04-28 14:06:00+05:30,2743.199951171875,2743.300048828125,2742.89990234375,2743.10009765625,21
2025-04-28 14:07:00+05:30,2743.0,2743.0,2742.699951171875,2743.0,20
2025-04-28 14:08:00+05:30,2741.0,2741.0,2740.10009765625,2740.10009765625,92
2025-04-28 14:09:00+05:30,2740.0,2742.5,2739.89990234375,2741.0,49
2025-04-28 14:10:00+05:30,2739.199951171875,2742.60009765625,2737.0,2739.89990234375,527
2025-04-28 14:11:00+05:30,2739.800048828125,2740.89990234375,2739.800048828125,2740.60009765625,21
2025-04-28 14:12:00+05:30,2739.10009765625,2739.89990234375,2738.699951171875,2739.89990234375,14
2025-04-28 14:13:00+05:30,2738.699951171875,2739.300048828125,2738.60009765625,2739.10009765625,30
2025-04-28 14:14:00+05:30,2742.5,2745.300048828125,2738.699951171875,2738.699951171875,188
2025-04-28 14:15:00+05:30,2743.39990234375,2743.39990234375,2740.5,2742.800048828125,19
2025-04-28 14:16:00+05:30,2741.5,2743.89990234375,2741.5,2742.300048828125,102
2025-04-28 14:17:00+05:30,2738.199951171875,2742.39990234375,2738.199951171875,2741.699951171875,20
2025-04-28 14:18:00+05:30,2739.60009765625,2741.800048828125,2738.0,2741.0,157
2025-04-28 14:19:00+05:30,2737.199951171875,2739.699951171875,2737.199951171875,2739.699951171875,15
2025-04-28 14:20:00+05:30,2731.89990234375,2737.699951171875,2731.89990234375,2734.60009765625,210
2025-04-28 14:21:00+05:30,2735.199951171875,2735.199951171875,2731.39990234375,2734.699951171875,34
2025-04-28 14:22:00+05:30,2734.0,2734.10009765625,2730.0,2730.0,124
2025-04-28 14:23:00+05:30,2734.5,2734.5,2734.10009765625,2734.10009765625,15
2025-04-28 14:24:00+05:30,2731.800048828125,2734.39990234375,2726.39990234375,2734.39990234375,252
2025-04-28 14:25:00+05:30,2730.0,2732.300048828125,2730.0,2732.199951171875,341
2025-04-28 14:26:00+05:30,2737.300048828125,2737.300048828125,2731.60009765625,2731.60009765625,539
2025-04-28 14:27:00+05:30,2734.5,2734.5,2730.5,2731.199951171875,226
2025-04-28 14:28:00+05:30,2734.39990234375,2735.199951171875,2731.300048828125,2734.5,34
2025-04-28 14:29:00+05:30,2734.199951171875,2734.199951171875,2733.89990234375,2733.89990234375,15
2025-04-28 14:30:00+05:30,2734.89990234375,2735.10009765625,2732.300048828125,2734.39990234375,31
2025-04-28 14:31:00+05:30,2734.800048828125,2734.89990234375,2731.89990234375,2731.89990234375,26
2025-04-28 14:32:00+05:30,2735.39990234375,2735.39990234375,2731.5,2734.89990234375,17
2025-04-28 14:33:00+05:30,2736.89990234375,2737.89990234375,2732.699951171875,2736.0,270
2025-04-28 14:34:00+05:30,2732.5,2738.199951171875,2730.10009765625,2737.699951171875,220
2025-04-28 14:35:00+05:30,2737.39990234375,2737.39990234375,2731.89990234375,2735.10009765625,146
2025-04-28 14:36:00+05:30,2737.10009765625,2737.89990234375,2734.199951171875,2737.800048828125,24
2025-04-28 14:37:00+05:30,2737.39990234375,2737.89990234375,2737.300048828125,2737.300048828125,41
2025-04-28 14:38:00+05:30,2738.199951171875,2738.199951171875,2737.39990234375,2737.39990234375,25
2025-04-28 14:39:00+05:30,2737.5,2738.300048828125,2737.0,2738.300048828125,18
2025-04-28 14:40:00+05:30,2733.800048828125,2734.5,2730.699951171875,2734.39990234375,128
2025-04-28 14:41:00+05:30,2730.199951171875,2733.89990234375,2730.199951171875,2733.800048828125,48
2025-04-28 14:42:00+05:30,2734.199951171875,2734.199951171875,2733.60009765625,2733.60009765625,13
2025-04-28 14:43:00+05:30,2734.60009765625,2734.699951171875,2734.0,2734.300048828125,267
2025-04-28 14:44:00+05:30,2733.699951171875,2736.89990234375,2730.300048828125,2736.89990234375,132
2025-04-28 14:45:00+05:30,2735.0,2735.0,2734.60009765625,2734.60009765625,120
2025-04-28 14:46:00+05:30,2736.89990234375,2737.0,2735.0,2735.0,1009
2025-04-28 14:47:00+05:30,2737.199951171875,2737.199951171875,2734.0,2736.89990234375,30
2025-04-28 14:48:00+05:30,2733.0,2733.0,2725.0,2725.0,1192
2025-04-28 14:49:00+05:30,2733.300048828125,2733.300048828125,2729.5,2732.10009765625,53
2025-04-28 14:50:00+05:30,2734.0,2734.0,2731.5,2732.60009765625,60
2025-04-28 14:51:00+05:30,2733.300048828125,2735.0,2732.10009765625,2734.0,317
2025-04-28 14:52:00+05:30,2735.199951171875,2735.199951171875,2733.39990234375,2733.39990234375,17
2025-04-28 14:53:00+05:30,2735.300048828125,2735.39990234375,2734.800048828125,2735.39990234375,19
2025-04-28 14:54:00+05:30,2734.39990234375,2735.300048828125,2731.699951171875,2735.300048828125,33
2025-04-28 14:55:00+05:30,2734.0,2734.800048828125,2731.0,2734.60009765625,65
2025-04-28 14:56:00+05:30,2733.89990234375,2734.0,2733.699951171875,2733.699951171875,11
2025-04-28 14:57:00+05:30,2733.89990234375,2733.89990234375,2731.0,2731.0,44
2025-04-28 14:58:00+05:30,2733.39990234375,2734.0,2731.0,2733.89990234375,64
2025-04-28 14:59:00+05:30,2735.0,2735.0,2731.0,2733.300048828125,95
2025-04-28 15:00:00+05:30,2733.0,2736.89990234375,2733.0,2734.89990234375,170
2025-04-28 15:01:00+05:30,2733.699951171875,2734.10009765625,2732.39990234375,2733.89990234375,91
2025-04-28 15:02:00+05:30,2733.89990234375,2733.89990234375,2733.60009765625,2733.699951171875,13
2025-04-28 15:03:00+05:30,2734.10009765625,2734.10009765625,2733.89990234375,2733.89990234375,25
2025-04-28 15:04:00+05:30,2731.0,2734.10009765625,2731.0,2734.10009765625,73
2025-04-28 15:05:00+05:30,2736.699951171875,2736.699951171875,2732.0,2732.699951171875,112
2025-04-28 15:06:00+05:30,2734.0,2736.800048828125,2733.10009765625,2736.800048828125,72
2025-04-28 15:07:00+05:30,2733.699951171875,2734.0,2733.0,2734.0,52
2025-04-28 15:08:00+05:30,2733.300048828125,2733.800048828125,2731.300048828125,2733.0,159
2025-04-28 15:09:00+05:30,2731.300048828125,2733.39990234375,2731.0,2731.0,78
2025-04-28 15:10:00+05:30,2733.300048828125,2734.800048828125,2731.300048828125,2734.800048828125,776
2025-04-28 15:11:00+05:30,2734.39990234375,2734.5,2733.10009765625,2733.300048828125,19
2025-04-28 15:12:00+05:30,2731.199951171875,2732.5,2730.10009765625,2731.300048828125,75
2025-04-28 15:13:00+05:30,2730.0,2731.800048828125,2728.199951171875,2731.699951171875,137
2025-04-28 15:14:00+05:30,2731.199951171875,2731.199951171875,2730.60009765625,2731.10009765625,128
2025-04-28 15:15:00+05:30,2732.800048828125,2733.39990234375,2730.89990234375,2731.199951171875,192
2025-04-28 15:16:00+05:30,2735.0,2735.10009765625,2726.10009765625,2726.10009765625,763
2025-04-28 15:17:00+05:30,2730.0,2735.0,2730.0,2735.0,242
2025-04-28 15:18:00+05:30,2733.0,2733.800048828125,2730.699951171875,2733.60009765625,114
2025-04-28 15:19:00+05:30,2733.0,2733.39990234375,2732.699951171875,2733.39990234375,146
2025-04-28 15:20:00+05:30,2739.800048828125,2739.89990234375,2732.0,2732.0,875
2025-04-28 15:21:00+05:30,2738.800048828125,2739.699951171875,2738.5,2739.699951171875,285
2025-04-28 15:22:00+05:30,2738.5,2738.800048828125,2735.89990234375,2738.800048828125,419
2025-04-28 15:23:00+05:30,2738.800048828125,2740.0,2737.699951171875,2737.699951171875,86
2025-04-28 15:24:00+05:30,2739.60009765625,2740.0,2738.60009765625,2738.800048828125,367
2025-04-28 15:25:00+05:30,2741.699951171875,2741.699951171875,2739.300048828125,2739.300048828125,152
2025-04-28 15:26:00+05:30,2744.0,2745.0,2742.0,2742.89990234375,438
2025-04-28 15:27:00+05:30,2747.89990234375,2748.800048828125,2745.60009765625,2748.800048828125,195
2025-04-28 15:28:00+05:30,2745.0,2746.89990234375,2741.0,2746.300048828125,90
2025-04-28 15:29:00+05:30,2747.699951171875,2747.699951171875,2745.0,2745.0,601
2025-04-29 09:15:00+05:30,2750.300048828125,2758.0,2750.300048828125,2752.699951171875,0
2025-04-29 09:16:00+05:30,2777.60009765625,2778.300048828125,2754.199951171875,2754.199951171875,2143
2025-04-29 09:17:00+05:30,2771.800048828125,2790.0,2770.199951171875,2783.10009765625,2619
2025-04-29 09:18:00+05:30,2764.60009765625,2765.10009765625,2758.300048828125,2765.10009765625,804
2025-04-29 09:19:00+05:30,2751.89990234375,2763.39990234375,2751.89990234375,2762.10009765625,314
2025-04-29 09:20:00+05:30,2764.39990234375,2764.39990234375,2755.699951171875,2755.699951171875,440
2025-04-29 09:21:00+05:30,2762.10009765625,2763.39990234375,2762.10009765625,2763.39990234375,160
2025-04-29 09:22:00+05:30,2760.0,2765.5,2760.0,2765.5,268
2025-04-29 09:23:00+05:30,2761.699951171875,2761.699951171875,2754.60009765625,2757.89990234375,584
2025-04-29 09:24:00+05:30,2761.5,2764.39990234375,2754.10009765625,2754.10009765625,371
2025-04-29 09:25:00+05:30,2764.699951171875,2765.0,2761.5,2761.5,223
2025-04-29 09:26:00+05:30,2769.300048828125,2769.800048828125,2768.10009765625,2768.10009765625,23
2025-04-29 09:27:00+05:30,2770.0,2772.0,2769.300048828125,2769.300048828125,493
2025-04-29 09:28:00+05:30,2768.39990234375,2768.39990234375,2767.199951171875,2767.199951171875,4
2025-04-29 09:29:00+05:30,2772.89990234375,2772.89990234375,2770.0,2770.0,17
2025-04-29 09:30:00+05:30,2764.0,2773.39990234375,2764.0,2773.39990234375,241
2025-04-29 09:31:00+05:30,2773.89990234375,2773.89990234375,2763.199951171875,2763.199951171875,165
2025-04-29 09:32:00+05:30,2779.0,2779.0,2773.199951171875,2773.199951171875,1221
2025-04-29 09:33:00+05:30,2780.0,2784.0,2778.5,2780.0,1451
2025-04-29 09:34:00+05:30,2783.5,2783.800048828125,2774.39990234375,2774.39990234375,876
2025-04-29 09:35:00+05:30,2775.0,2783.89990234375,2775.0,2783.89990234375,177
2025-04-29 09:36:00+05:30,2769.800048828125,2781.300048828125,2769.800048828125,2781.300048828125,1833
2025-04-29 09:37:00+05:30,2760.10009765625,2769.89990234375,2760.10009765625,2769.89990234375,583
2025-04-29 09:38:00+05:30,2768.10009765625,2768.10009765625,2764.0,2764.0,150
2025-04-29 09:39:00+05:30,2768.10009765625,2768.10009765625,2768.0,2768.0,182
2025-04-29 09:40:00+05:30,2759.89990234375,2764.0,2759.89990234375,2764.0,73
2025-04-29 09:41:00+05:30,2759.10009765625,2759.10009765625,2754.10009765625,2754.10009765625,46
2025-04-29 09:42:00+05:30,2756.0,2756.10009765625,2756.0,2756.10009765625,17
2025-04-29 09:43:00+05:30,2739.39990234375,2754.89990234375,2736.60009765625,2754.89990234375,1091
2025-04-29 09:44:00+05:30,2742.5,2745.60009765625,2735.199951171875,2735.199951171875,255
2025-04-29 09:45:00+05:30,2750.0,2750.0,2742.5,2744.89990234375,271
2025-04-29 09:46:00+05:30,2739.60009765625,2749.199951171875,2739.60009765625,2749.199951171875,368
2025-04-29 09:47:00+05:30,2737.39990234375,2740.89990234375,2737.39990234375,2740.89990234375,429
2025-04-29 09:48:00+05:30,2738.0,2738.0,2737.39990234375,2737.39990234375,238
2025-04-29 09:49:00+05:30,2736.300048828125,2740.60009765625,2735.0,2738.699951171875,441
2025-04-29 09:50:00+05:30,2724.199951171875,2735.0,2724.199951171875,2735.0,924
2025-04-29 09:51:00+05:30,2719.89990234375,2725.199951171875,2716.5,2725.199951171875,1100
2025-04-29 09:52:00+05:30,2724.60009765625,2731.199951171875,2718.60009765625,2718.60009765625,520
2025-04-29 09:53:00+05:30,2731.300048828125,2731.300048828125,2725.0,2727.39990234375,136
2025-04-29 09:54:00+05:30,2730.5,2730.5,2728.10009765625,2730.5,34
2025-04-29 09:55:00+05:30,2732.60009765625,2736.0,2732.60009765625,2732.60009765625,166
2025-04-29 09:56:00+05:30,2737.699951171875,2737.699951171875,2737.699951171875,2737.699951171875,21
2025-04-29 09:57:00+05:30,2735.800048828125,2736.60009765625,2735.60009765625,2735.60009765625,85
2025-04-29 09:58:00+05:30,2734.10009765625,2734.10009765625,2734.10009765625,2734.10009765625,38
2025-04-29 09:59:00+05:30,2737.10009765625,2737.10009765625,2735.60009765625,2735.60009765625,28
2025-04-29 10:00:00+05:30,2737.800048828125,2737.89990234375,2734.10009765625,2737.89990234375,223
2025-04-29 10:01:00+05:30,2737.5,2738.800048828125,2737.5,2738.800048828125,36
2025-04-29 10:02:00+05:30,2739.0,2739.0,2737.89990234375,2738.699951171875,18
2025-04-29 10:03:00+05:30,2739.0,2739.0,2736.800048828125,2736.800048828125,18
2025-04-29 10:04:00+05:30,2739.199951171875,2739.199951171875,2736.800048828125,2737.39990234375,86
2025-04-29 10:05:00+05:30,2738.39990234375,2739.89990234375,2735.89990234375,2737.39990234375,167
2025-04-29 10:06:00+05:30,2737.800048828125,2737.89990234375,2737.60009765625,2737.89990234375,12
2025-04-29 10:07:00+05:30,2737.699951171875,2737.699951171875,2737.699951171875,2737.699951171875,0
2025-04-29 10:08:00+05:30,2737.800048828125,2737.800048828125,2737.800048828125,2737.800048828125,4
2025-04-29 10:09:00+05:30,2737.10009765625,2737.800048828125,2735.89990234375,2737.800048828125,123
2025-04-29 10:10:00+05:30,2737.5,2738.60009765625,2737.5,2737.5,95
2025-04-29 10:11:00+05:30,2739.60009765625,2739.60009765625,2736.699951171875,2737.5,11
2025-04-29 10:13:00+05:30,2735.89990234375,2735.89990234375,2735.89990234375,2735.89990234375,16
2025-04-29 10:14:00+05:30,2739.10009765625,2741.89990234375,2737.300048828125,2738.800048828125,152
2025-04-29 10:15:00+05:30,2735.89990234375,2738.60009765625,2735.89990234375,2737.60009765625,181
2025-04-29 10:16:00+05:30,2743.0,2743.0,2734.10009765625,2738.5,1012
2025-04-29 10:17:00+05:30,2741.10009765625,2743.0,2741.10009765625,2743.0,117
2025-04-29 10:18:00+05:30,2736.800048828125,2736.800048828125,2736.800048828125,2736.800048828125,98
2025-04-29 10:19:00+05:30,2740.39990234375,2740.39990234375,2740.39990234375,2740.39990234375,40
2025-04-29 10:20:00+05:30,2733.5,2736.10009765625,2732.199951171875,2736.10009765625,248
2025-04-29 10:21:00+05:30,2733.10009765625,2733.5,2730.300048828125,2733.5,97
2025-04-29 10:22:00+05:30,2728.699951171875,2731.89990234375,2728.699951171875,2728.699951171875,1804
2025-04-29 10:23:00+05:30,2730.0,2732.89990234375,2730.0,2732.89990234375,29
2025-04-29 10:25:00+05:30,2733.300048828125,2739.0,2730.0,2730.0,568
2025-04-29 10:26:00+05:30,2734.10009765625,2736.0,2734.10009765625,2736.0,43
2025-04-29 10:27:00+05:30,2732.699951171875,2732.699951171875,2732.699951171875,2732.699951171875,1
2025-04-29 10:28:00+05:30,2723.10009765625,2732.10009765625,2723.10009765625,2732.10009765625,66
2025-04-29 10:29:00+05:30,2724.10009765625,2724.10009765625,2722.199951171875,2723.800048828125,74
2025-04-29 10:30:00+05:30,2721.10009765625,2724.300048828125,2721.10009765625,2724.300048828125,29
2025-04-29 10:31:00+05:30,2729.39990234375,2729.39990234375,2721.10009765625,2721.10009765625,60
2025-04-29 10:32:00+05:30,2735.699951171875,2735.699951171875,2728.699951171875,2728.699951171875,29
2025-04-29 10:33:00+05:30,2727.89990234375,2735.699951171875,2727.89990234375,2733.5,106
2025-04-29 10:35:00+05:30,2731.60009765625,2732.39990234375,2727.60009765625,2727.89990234375,636
2025-04-29 10:36:00+05:30,2736.800048828125,2736.800048828125,2732.60009765625,2732.60009765625,29
2025-04-29 10:37:00+05:30,2737.39990234375,2738.89990234375,2736.10009765625,2736.800048828125,161
2025-04-29 10:38:00+05:30,2740.0,2740.0,2740.0,2740.0,9
2025-04-29 10:39:00+05:30,2740.0,2744.10009765625,2740.0,2743.5,80
2025-04-29 10:40:00+05:30,2734.699951171875,2734.699951171875,2734.699951171875,2734.699951171875,71
2025-04-29 10:42:00+05:30,2737.0,2738.60009765625,2737.0,2738.60009765625,66
2025-04-29 10:43:00+05:30,2732.39990234375,2734.5,2730.0,2734.10009765625,156
2025-04-29 10:44:00+05:30,2734.199951171875,2734.199951171875,2734.199951171875,2734.199951171875,16
2025-04-29 10:45:00+05:30,2733.5,2736.5,2733.5,2736.5,34
2025-04-29 10:46:00+05:30,2733.5,2735.199951171875,2733.5,2733.89990234375,1
2025-04-29 10:47:00+05:30,2738.89990234375,2738.89990234375,2735.89990234375,2735.89990234375,10
2025-04-29 10:48:00+05:30,2739.199951171875,2739.199951171875,2738.800048828125,2738.800048828125,10
2025-04-29 10:49:00+05:30,2742.0,2742.0,2740.0,2740.0,39
2025-04-29 10:51:00+05:30,2740.5,2740.5,2740.5,2740.5,320
2025-04-29 10:52:00+05:30,2743.60009765625,2746.5,2743.60009765625,2744.10009765625,277
2025-04-29 10:53:00+05:30,2740.0,2741.800048828125,2740.0,2741.800048828125,316
2025-04-29 10:54:00+05:30,2743.300048828125,2743.300048828125,2742.699951171875,2742.699951171875,0
2025-04-29 10:55:00+05:30,2739.800048828125,2739.800048828125,2739.60009765625,2739.60009765625,100
2025-04-29 10:56:00+05:30,2743.800048828125,2743.800048828125,2743.800048828125,2743.800048828125,10
2025-04-29 10:57:00+05:30,2742.89990234375,2744.0,2740.0,2740.0,195
2025-04-29 10:58:00+05:30,2745.0,2745.0,2742.89990234375,2744.10009765625,39
2025-04-29 10:59:00+05:30,2743.199951171875,2745.89990234375,2743.199951171875,2745.89990234375,69
2025-04-29 11:00:00+05:30,2743.800048828125,2743.800048828125,2742.0,2742.5,29
2025-04-29 11:02:00+05:30,2757.300048828125,2757.300048828125,2743.800048828125,2743.800048828125,1291
2025-04-29 11:03:00+05:30,2769.199951171875,2772.0,2760.0,2760.0,535
2025-04-29 11:04:00+05:30,2764.39990234375,2769.0,2764.39990234375,2767.699951171875,441
2025-04-29 11:05:00+05:30,2763.89990234375,2763.89990234375,2762.5,2762.5,13
2025-04-29 11:06:00+05:30,2762.800048828125,2763.0,2761.39990234375,2763.0,105
2025-04-29 11:08:00+05:30,2759.199951171875,2759.199951171875,2759.199951171875,2759.199951171875,4
2025-04-29 11:09:00+05:30,2758.699951171875,2758.699951171875,2757.39990234375,2757.39990234375,34
2025-04-29 11:10:00+05:30,2756.89990234375,2756.89990234375,2756.89990234375,2756.89990234375,5
2025-04-29 11:11:00+05:30,2751.800048828125,2758.300048828125,2751.800048828125,2758.300048828125,477
2025-04-29 11:12:00+05:30,2750.10009765625,2754.60009765625,2750.10009765625,2754.60009765625,41
2025-04-29 11:13:00+05:30,2752.699951171875,2752.699951171875,2752.699951171875,2752.699951171875,21
2025-04-29 11:14:00+05:30,2751.89990234375,2751.89990234375,2751.89990234375,2751.89990234375,1
2025-04-29 11:15:00+05:30,2760.0,2760.0,2752.5,2752.5,335
2025-04-29 11:16:00+05:30,2757.800048828125,2761.89990234375,2757.800048828125,2761.89990234375,475
2025-04-29 11:17:00+05:30,2752.10009765625,2757.800048828125,2752.10009765625,2757.800048828125,12
2025-04-29 11:18:00+05:30,2754.60009765625,2754.60009765625,2754.60009765625,2754.60009765625,5
2025-04-29 11:21:00+05:30,2751.10009765625,2751.10009765625,2751.10009765625,2751.10009765625,2
2025-04-29 11:23:00+05:30,2755.0,2755.0,2754.10009765625,2754.10009765625,76
2025-04-29 11:24:00+05:30,2753.60009765625,2753.60009765625,2753.60009765625,2753.60009765625,0
2025-04-29 11:25:00+05:30,2750.199951171875,2750.199951171875,2750.199951171875,2750.199951171875,3
2025-04-29 11:26:00+05:30,2753.199951171875,2753.199951171875,2750.0,2750.0,39
2025-04-29 11:28:00+05:30,2752.199951171875,2754.5,2752.199951171875,2752.89990234375,5
2025-04-29 11:30:00+05:30,2750.0,2753.89990234375,2750.0,2752.199951171875,45
2025-04-29 11:31:00+05:30,2748.0,2751.10009765625,2748.0,2751.10009765625,55
2025-04-29 11:32:00+05:30,2747.89990234375,2747.89990234375,2747.89990234375,2747.89990234375,0
2025-04-29 11:34:00+05:30,2746.39990234375,2746.39990234375,2745.0,2745.0,41
2025-04-29 11:35:00+05:30,2750.300048828125,2750.699951171875,2747.10009765625,2747.10009765625,406
2025-04-29 11:37:00+05:30,2750.39990234375,2750.39990234375,2750.39990234375,2750.39990234375,104
2025-04-29 11:38:00+05:30,2750.800048828125,2750.800048828125,2750.5,2750.5,24
2025-04-29 11:40:00+05:30,2753.60009765625,2753.60009765625,2751.39990234375,2751.39990234375,2
2025-04-29 11:41:00+05:30,2747.60009765625,2752.60009765625,2746.800048828125,2752.60009765625,613
2025-04-29 11:42:00+05:30,2746.89990234375,2748.699951171875,2746.89990234375,2748.699951171875,19
2025-04-29 11:43:00+05:30,2747.800048828125,2747.800048828125,2744.10009765625,2744.10009765625,129
2025-04-29 11:44:00+05:30,2747.60009765625,2747.60009765625,2747.60009765625,2747.60009765625,3
2025-04-29 11:46:00+05:30,2744.5,2754.199951171875,2744.5,2751.10009765625,197
2025-04-29 11:47:00+05:30,2743.800048828125,2744.0,2740.699951171875,2741.5,114
2025-04-29 11:48:00+05:30,2744.0,2744.0,2744.0,2744.0,1
2025-04-29 11:49:00+05:30,2740.800048828125,2741.300048828125,2740.800048828125,2741.300048828125,28
2025-04-29 11:50:00+05:30,2743.199951171875,2743.199951171875,2741.300048828125,2741.300048828125,31
2025-04-29 11:51:00+05:30,2739.0,2739.0,2739.0,2739.0,112
2025-04-29 11:52:00+05:30,2738.5,2739.5,2738.5,2739.0,104
2025-04-29 11:53:00+05:30,2735.800048828125,2738.89990234375,2735.800048828125,2738.89990234375,64
2025-04-29 11:54:00+05:30,2738.39990234375,2738.39990234375,2738.39990234375,2738.39990234375,0
2025-04-29 11:55:00+05:30,2733.10009765625,2736.5,2733.10009765625,2736.5,131
2025-04-29 11:56:00+05:30,2730.60009765625,2730.60009765625,2727.0,2729.39990234375,478
2025-04-29 11:57:00+05:30,2731.89990234375,2731.89990234375,2731.89990234375,2731.89990234375,246
2025-04-29 11:58:00+05:30,2723.10009765625,2731.699951171875,2722.10009765625,2731.699951171875,391
2025-04-29 11:59:00+05:30,2719.699951171875,2723.0,2718.199951171875,2723.0,168
2025-04-29 12:00:00+05:30,2717.10009765625,2719.39990234375,2715.0,2719.39990234375,131
2025-04-29 12:01:00+05:30,2718.89990234375,2718.89990234375,2715.0,2716.5,539
2025-04-29 12:02:00+05:30,2719.0,2719.0,2715.199951171875,2718.60009765625,238
2025-04-29 12:03:00+05:30,2718.89990234375,2719.0,2718.10009765625,2718.10009765625,213
2025-04-29 12:04:00+05:30,2725.5,2725.5,2723.5,2723.5,119
2025-04-29 12:05:00+05:30,2725.0,2725.0,2725.0,2725.0,91
2025-04-29 12:06:00+05:30,2721.89990234375,2727.10009765625,2721.89990234375,2724.0,58
2025-04-29 12:07:00+05:30,2722.800048828125,2725.699951171875,2722.800048828125,2725.699951171875,6
2025-04-29 12:08:00+05:30,2723.300048828125,2723.300048828125,2723.300048828125,2723.300048828125,5
2025-04-29 12:09:00+05:30,2722.699951171875,2722.699951171875,2722.0,2722.0,150
2025-04-29 12:10:00+05:30,2725.0,2725.0,2723.0,2723.0,18
2025-04-29 12:11:00+05:30,2725.0,2725.0,2725.0,2725.0,6
2025-04-29 12:12:00+05:30,2721.0,2722.0,2721.0,2722.0,84
2025-04-29 12:13:00+05:30,2722.0,2723.0,2722.0,2723.0,35
2025-04-29 12:14:00+05:30,2722.0,2722.0,2722.0,2722.0,0
2025-04-29 12:15:00+05:30,2722.0,2722.0,2722.0,2722.0,5
2025-04-29 12:16:00+05:30,2720.0,2720.0,2718.0,2720.0,105
2025-04-29 12:17:00+05:30,2712.300048828125,2720.0,2712.300048828125,2720.0,701
2025-04-29 12:18:00+05:30,2719.0,2720.0,2718.39990234375,2719.89990234375,140
2025-04-29 12:19:00+05:30,2715.0,2717.60009765625,2715.0,2717.60009765625,49
2025-04-29 12:20:00+05:30,2717.300048828125,2717.300048828125,2716.89990234375,2716.89990234375,19
2025-04-29 12:21:00+05:30,2716.5,2716.89990234375,2716.5,2716.89990234375,6
2025-04-29 12:22:00+05:30,2715.39990234375,2715.39990234375,2712.300048828125,2712.300048828125,94
2025-04-29 12:23:00+05:30,2714.89990234375,2715.0,2712.10009765625,2715.0,177
2025-04-29 12:24:00+05:30,2713.89990234375,2713.89990234375,2713.89990234375,2713.89990234375,5
2025-04-29 12:25:00+05:30,2713.89990234375,2713.89990234375,2713.89990234375,2713.89990234375,0
2025-04-29 12:26:00+05:30,2717.39990234375,2717.39990234375,2716.300048828125,2716.300048828125,83
2025-04-29 12:27:00+05:30,2714.800048828125,2717.699951171875,2714.800048828125,2717.699951171875,48
2025-04-29 12:28:00+05:30,2713.89990234375,2715.60009765625,2713.89990234375,2714.800048828125,38
2025-04-29 12:29:00+05:30,2712.10009765625,2712.10009765625,2712.10009765625,2712.10009765625,6
2025-04-29 12:30:00+05:30,2712.10009765625,2712.10009765625,2712.10009765625,2712.10009765625,147
2025-04-29 12:31:00+05:30,2712.10009765625,2712.10009765625,2712.10009765625,2712.10009765625,11
2025-04-29 12:32:00+05:30,2715.300048828125,2715.300048828125,2715.300048828125,2715.300048828125,0
2025-04-29 12:33:00+05:30,2714.10009765625,2714.10009765625,2714.10009765625,2714.10009765625,33
2025-04-29 12:34:00+05:30,2716.300048828125,2718.0,2714.5,2714.5,59
2025-04-29 12:35:00+05:30,2718.0,2718.0,2718.0,2718.0,7
2025-04-29 12:36:00+05:30,2719.199951171875,2719.199951171875,2718.89990234375,2718.89990234375,1
2025-04-29 12:37:00+05:30,2717.60009765625,2719.10009765625,2717.60009765625,2719.10009765625,24
2025-04-29 12:38:00+05:30,2715.699951171875,2716.699951171875,2715.699951171875,2716.699951171875,79
2025-04-29 12:39:00+05:30,2719.10009765625,2719.199951171875,2717.10009765625,2717.10009765625,412
2025-04-29 12:40:00+05:30,2719.60009765625,2719.60009765625,2719.10009765625,2719.10009765625,0
2025-04-29 12:41:00+05:30,2719.39990234375,2719.60009765625,2719.300048828125,2719.60009765625,332
2025-04-29 12:42:00+05:30,2717.300048828125,2717.300048828125,2717.300048828125,2717.300048828125,12
2025-04-29 12:43:00+05:30,2718.800048828125,2718.800048828125,2718.800048828125,2718.800048828125,10
2025-04-29 12:46:00+05:30,2718.800048828125,2718.800048828125,2718.800048828125,2718.800048828125,51
2025-04-29 12:47:00+05:30,2715.0,2718.800048828125,2715.0,2718.5,98
2025-04-29 12:48:00+05:30,2715.0,2716.60009765625,2715.0,2716.10009765625,9
2025-04-29 12:49:00+05:30,2713.89990234375,2714.39990234375,2713.39990234375,2713.39990234375,225
2025-04-29 12:51:00+05:30,2716.199951171875,2716.199951171875,2716.199951171875,2716.199951171875,5
2025-04-29 12:53:00+05:30,2716.199951171875,2716.199951171875,2716.199951171875,2716.199951171875,4
2025-04-29 12:55:00+05:30,2719.60009765625,2720.89990234375,2719.39990234375,2720.89990234375,117
2025-04-29 12:56:00+05:30,2714.60009765625,2717.5,2714.60009765625,2717.5,197
2025-04-29 12:58:00+05:30,2717.199951171875,2717.199951171875,2714.60009765625,2714.60009765625,48
2025-04-29 12:59:00+05:30,2719.10009765625,2719.10009765625,2716.0,2716.0,202
2025-04-29 13:00:00+05:30,2719.5,2719.5,2716.5,2716.5,9
2025-04-29 13:01:00+05:30,2721.0,2721.0,2720.800048828125,2720.800048828125,147
2025-04-29 13:02:00+05:30,2719.89990234375,2721.10009765625,2719.89990234375,2721.0,520
2025-04-29 13:04:00+05:30,2719.89990234375,2719.89990234375,2719.39990234375,2719.39990234375,18
2025-04-29 13:05:00+05:30,2718.39990234375,2718.39990234375,2718.39990234375,2718.39990234375,0
2025-04-29 13:06:00+05:30,2715.0,2718.0,2715.0,2718.0,181
2025-04-29 13:07:00+05:30,2712.10009765625,2714.39990234375,2712.10009765625,2714.39990234375,247
2025-04-29 13:08:00+05:30,2715.60009765625,2716.0,2715.199951171875,2715.199951171875,210
2025-04-29 13:09:00+05:30,2715.60009765625,2715.60009765625,2715.60009765625,2715.60009765625,0
2025-04-29 13:10:00+05:30,2712.800048828125,2712.800048828125,2712.800048828125,2712.800048828125,7
2025-04-29 13:11:00+05:30,2715.699951171875,2715.699951171875,2715.699951171875,2715.699951171875,0
2025-04-29 13:12:00+05:30,2715.699951171875,2715.699951171875,2715.699951171875,2715.699951171875,19
2025-04-29 13:13:00+05:30,2717.300048828125,2717.300048828125,2715.699951171875,2715.699951171875,82
2025-04-29 13:14:00+05:30,2714.60009765625,2715.89990234375,2714.60009765625,2714.60009765625,289
2025-04-29 13:15:00+05:30,2715.60009765625,2715.60009765625,2715.60009765625,2715.60009765625,4
2025-04-29 13:16:00+05:30,2718.10009765625,2718.10009765625,2715.0,2715.0,18
2025-04-29 13:17:00+05:30,2717.89990234375,2717.89990234375,2717.89990234375,2717.89990234375,0
2025-04-29 13:18:00+05:30,2716.0,2716.0,2716.0,2716.0,40
2025-04-29 13:19:00+05:30,2717.699951171875,2717.699951171875,2717.300048828125,2717.300048828125,2
2025-04-29 13:20:00+05:30,2717.300048828125,2717.5,2717.300048828125,2717.5,0
2025-04-29 13:21:00+05:30,2718.0,2718.0,2718.0,2718.0,199
2025-04-29 13:22:00+05:30,2717.800048828125,2717.800048828125,2717.800048828125,2717.800048828125,0
2025-04-29 13:24:00+05:30,2716.10009765625,2716.10009765625,2716.10009765625,2716.10009765625,6
2025-04-29 13:25:00+05:30,2716.199951171875,2718.10009765625,2716.0,2718.10009765625,33
2025-04-29 13:27:00+05:30,2720.699951171875,2720.699951171875,2718.10009765625,2718.199951171875,46
2025-04-29 13:28:00+05:30,2720.89990234375,2720.89990234375,2718.39990234375,2720.800048828125,48
2025-04-29 13:29:00+05:30,2721.300048828125,2721.300048828125,2721.300048828125,2721.300048828125,2
2025-04-29 13:31:00+05:30,2721.300048828125,2721.300048828125,2721.300048828125,2721.300048828125,177
2025-04-29 13:32:00+05:30,2723.39990234375,2724.60009765625,2723.10009765625,2723.10009765625,0
2025-04-29 13:33:00+05:30,2720.0,2720.0,2720.0,2720.0,45
2025-04-29 13:34:00+05:30,2724.39990234375,2724.39990234375,2720.0,2720.0,301
2025-04-29 13:35:00+05:30,2722.89990234375,2722.89990234375,2722.89990234375,2722.89990234375,5
2025-04-29 13:36:00+05:30,2720.800048828125,2720.89990234375,2720.800048828125,2720.89990234375,17
2025-04-29 13:37:00+05:30,2722.300048828125,2722.60009765625,2720.5,2720.5,30
2025-04-29 13:38:00+05:30,2722.699951171875,2722.699951171875,2722.39990234375,2722.39990234375,28
2025-04-29 13:39:00+05:30,2722.89990234375,2722.89990234375,2722.89990234375,2722.89990234375,8
2025-04-29 13:40:00+05:30,2720.5,2722.5,2720.5,2720.5,3
2025-04-29 13:41:00+05:30,2718.300048828125,2720.0,2718.300048828125,2720.0,13
2025-04-29 13:42:00+05:30,2718.300048828125,2718.300048828125,2718.300048828125,2718.300048828125,36
2025-04-29 13:43:00+05:30,2718.5,2718.5,2718.5,2718.5,4
2025-04-29 13:44:00+05:30,2718.300048828125,2718.5,2718.300048828125,2718.5,0
2025-04-29 13:45:00+05:30,2717.10009765625,2718.5,2717.10009765625,2718.5,117
2025-04-29 13:46:00+05:30,2716.5,2716.5,2716.39990234375,2716.39990234375,159
2025-04-29 13:47:00+05:30,2721.5,2721.5,2718.60009765625,2720.300048828125,0
2025-04-29 13:48:00+05:30,2723.199951171875,2724.300048828125,2721.60009765625,2721.60009765625,14
2025-04-29 13:49:00+05:30,2722.39990234375,2722.39990234375,2721.800048828125,2721.800048828125,3
2025-04-29 13:50:00+05:30,2716.39990234375,2721.800048828125,2716.39990234375,2721.800048828125,52
2025-04-29 13:52:00+05:30,2716.39990234375,2716.39990234375,2716.39990234375,2716.39990234375,583
2025-04-29 13:53:00+05:30,2717.199951171875,2719.199951171875,2716.39990234375,2717.60009765625,75
2025-04-29 13:54:00+05:30,2717.199951171875,2717.199951171875,2717.199951171875,2717.199951171875,9
2025-04-29 13:55:00+05:30,2714.10009765625,2715.39990234375,2714.10009765625,2715.39990234375,206
2025-04-29 13:56:00+05:30,2715.60009765625,2716.199951171875,2715.60009765625,2716.199951171875,33
2025-04-29 13:57:00+05:30,2715.60009765625,2715.60009765625,2714.800048828125,2714.800048828125,3
2025-04-29 13:58:00+05:30,2717.300048828125,2717.300048828125,2715.199951171875,2715.199951171875,58
2025-04-29 13:59:00+05:30,2717.89990234375,2717.89990234375,2714.89990234375,2714.89990234375,8
2025-04-29 14:00:00+05:30,2717.0,2717.0,2717.0,2717.0,16
2025-04-29 14:01:00+05:30,2709.5,2717.0,2707.0,2714.89990234375,1480
2025-04-29 14:02:00+05:30,2710.10009765625,2710.10009765625,2710.10009765625,2710.10009765625,3
2025-04-29 14:03:00+05:30,2707.89990234375,2710.300048828125,2707.89990234375,2710.300048828125,161
2025-04-29 14:04:00+05:30,2707.89990234375,2707.89990234375,2707.89990234375,2707.89990234375,1
2025-04-29 14:05:00+05:30,2708.0,2709.89990234375,2708.0,2709.89990234375,23
2025-04-29 14:06:00+05:30,2709.89990234375,2709.89990234375,2709.89990234375,2709.89990234375,0
2025-04-29 14:07:00+05:30,2708.300048828125,2708.300048828125,2708.300048828125,2708.300048828125,2
2025-04-29 14:08:00+05:30,2710.39990234375,2710.39990234375,2708.699951171875,2710.0,8
2025-04-29 14:09:00+05:30,2708.699951171875,2710.800048828125,2708.699951171875,2710.300048828125,36
2025-04-29 14:10:00+05:30,2710.300048828125,2710.89990234375,2708.0,2709.0,117
2025-04-29 14:11:00+05:30,2711.0,2711.0,2708.60009765625,2708.60009765625,5
2025-04-29 14:12:00+05:30,2710.0,2711.0,2710.0,2711.0,5
2025-04-29 14:13:00+05:30,2709.300048828125,2711.699951171875,2709.300048828125,2711.699951171875,4
2025-04-29 14:14:00+05:30,2711.39990234375,2711.39990234375,2711.39990234375,2711.39990234375,1
2025-04-29 14:16:00+05:30,2710.89990234375,2710.89990234375,2709.300048828125,2709.300048828125,7
2025-04-29 14:17:00+05:30,2709.60009765625,2709.60009765625,2709.60009765625,2709.60009765625,1
2025-04-29 14:18:00+05:30,2708.89990234375,2709.89990234375,2708.89990234375,2709.89990234375,12
2025-04-29 14:19:00+05:30,2710.800048828125,2711.5,2710.800048828125,2711.5,101
2025-04-29 14:20:00+05:30,2708.89990234375,2711.10009765625,2708.89990234375,2711.10009765625,41
2025-04-29 14:21:00+05:30,2711.60009765625,2712.0,2711.60009765625,2712.0,17
2025-04-29 14:22:00+05:30,2714.300048828125,2714.300048828125,2712.199951171875,2712.199951171875,7
2025-04-29 14:23:00+05:30,2714.0,2714.0,2713.199951171875,2713.199951171875,25
2025-04-29 14:24:00+05:30,2712.89990234375,2713.0,2712.300048828125,2712.300048828125,3
2025-04-29 14:25:00+05:30,2717.0,2717.0,2712.89990234375,2712.89990234375,239
2025-04-29 14:26:00+05:30,2714.5,2714.5,2714.5,2714.5,41
2025-04-29 14:27:00+05:30,2714.199951171875,2714.199951171875,2714.199951171875,2714.199951171875,62
2025-04-29 14:28:00+05:30,2710.89990234375,2710.89990234375,2710.89990234375,2710.89990234375,0
2025-04-29 14:29:00+05:30,2713.199951171875,2713.199951171875,2713.199951171875,2713.199951171875,44
2025-04-29 14:30:00+05:30,2710.0,2713.10009765625,2710.0,2713.10009765625,158
2025-04-29 14:31:00+05:30,2710.60009765625,2710.60009765625,2710.60009765625,2710.60009765625,0
2025-04-29 14:32:00+05:30,2713.5,2713.800048828125,2713.5,2713.800048828125,15
2025-04-29 14:33:00+05:30,2710.0,2711.800048828125,2710.0,2711.800048828125,39
2025-04-29 14:34:00+05:30,2707.5,2712.60009765625,2707.5,2712.60009765625,608
2025-04-29 14:35:00+05:30,2709.800048828125,2709.800048828125,2709.5,2709.699951171875,17
2025-04-29 14:36:00+05:30,2705.89990234375,2707.699951171875,2705.89990234375,2707.699951171875,79
2025-04-29 14:37:00+05:30,2705.0,2705.699951171875,2705.0,2705.699951171875,33
2025-04-29 14:38:00+05:30,2706.0,2706.0,2706.0,2706.0,8
2025-04-29 14:39:00+05:30,2705.0,2705.0,2705.0,2705.0,62
2025-04-29 14:40:00+05:30,2706.0,2706.0,2705.0,2705.0,139
2025-04-29 14:41:00+05:30,2707.10009765625,2707.10009765625,2706.0,2706.0,697
2025-04-29 14:42:00+05:30,2705.60009765625,2707.0,2705.60009765625,2707.0,73
2025-04-29 14:43:00+05:30,2707.10009765625,2707.10009765625,2705.5,2705.5,234
2025-04-29 14:45:00+05:30,2706.0,2707.0,2706.0,2707.0,0
2025-04-29 14:46:00+05:30,2706.199951171875,2706.199951171875,2704.199951171875,2704.199951171875,51
2025-04-29 14:48:00+05:30,2706.0,2706.0,2706.0,2706.0,3
2025-04-29 14:49:00+05:30,2707.10009765625,2707.10009765625,2707.10009765625,2707.10009765625,14
2025-04-29 14:50:00+05:30,2706.199951171875,2706.199951171875,2706.199951171875,2706.199951171875,0
2025-04-29 14:51:00+05:30,2707.0,2707.10009765625,2706.199951171875,2706.199951171875,55
2025-04-29 14:52:00+05:30,2706.89990234375,2707.0,2706.800048828125,2707.0,45
2025-04-29 14:53:00+05:30,2706.60009765625,2706.60009765625,2705.0,2706.60009765625,76
2025-04-29 14:54:00+05:30,2706.10009765625,2706.10009765625,2705.0,2705.0,66
2025-04-29 14:55:00+05:30,2704.699951171875,2704.699951171875,2702.5,2703.800048828125,135
2025-04-29 14:56:00+05:30,2701.10009765625,2704.800048828125,2701.0,2704.5,1141
2025-04-29 14:57:00+05:30,2705.0,2705.0,2705.0,2705.0,10
2025-04-29 14:58:00+05:30,2703.10009765625,2703.199951171875,2703.10009765625,2703.199951171875,57
2025-04-29 14:59:00+05:30,2705.39990234375,2705.39990234375,2703.0,2703.10009765625,60
2025-04-29 15:00:00+05:30,2704.89990234375,2705.39990234375,2703.89990234375,2705.39990234375,77
2025-04-29 15:01:00+05:30,2703.199951171875,2704.60009765625,2703.199951171875,2704.60009765625,13
2025-04-29 15:02:00+05:30,2704.699951171875,2704.89990234375,2704.699951171875,2704.89990234375,2
2025-04-29 15:03:00+05:30,2704.60009765625,2704.60009765625,2703.10009765625,2703.10009765625,53
2025-04-29 15:04:00+05:30,2704.800048828125,2704.800048828125,2704.60009765625,2704.60009765625,5
2025-04-29 15:05:00+05:30,2704.60009765625,2704.800048828125,2703.0,2704.699951171875,66
2025-04-29 15:06:00+05:30,2704.0,2704.699951171875,2704.0,2704.699951171875,14
2025-04-29 15:07:00+05:30,2702.39990234375,2704.0,2702.39990234375,2704.0,20
2025-04-29 15:08:00+05:30,2701.0,2701.0,2701.0,2701.0,108
2025-04-29 15:09:00+05:30,2707.10009765625,2707.10009765625,2701.0,2701.0,608
2025-04-29 15:10:00+05:30,2702.0,2707.10009765625,2702.0,2707.10009765625,0
2025-04-29 15:11:00+05:30,2694.39990234375,2698.0,2694.39990234375,2698.0,776
2025-04-29 15:12:00+05:30,2685.0,2694.800048828125,2685.0,2694.800048828125,361
2025-04-29 15:13:00+05:30,2686.699951171875,2687.60009765625,2682.10009765625,2686.300048828125,485
2025-04-29 15:14:00+05:30,2692.0,2692.300048828125,2690.10009765625,2690.10009765625,93
2025-04-29 15:15:00+05:30,2685.0,2692.10009765625,2683.10009765625,2692.10009765625,383
2025-04-29 15:16:00+05:30,2684.300048828125,2685.800048828125,2684.300048828125,2685.800048828125,154
2025-04-29 15:17:00+05:30,2689.699951171875,2689.699951171875,2687.10009765625,2687.300048828125,179
2025-04-29 15:18:00+05:30,2689.89990234375,2690.5,2689.89990234375,2689.89990234375,647
2025-04-29 15:19:00+05:30,2690.0,2690.0,2686.5,2686.800048828125,33
2025-04-29 15:20:00+05:30,2686.60009765625,2689.89990234375,2685.0,2689.89990234375,449
2025-04-29 15:21:00+05:30,2687.0,2689.89990234375,2686.300048828125,2686.39990234375,372
2025-04-29 15:22:00+05:30,2685.0,2689.10009765625,2685.0,2688.800048828125,427
2025-04-29 15:23:00+05:30,2685.0,2688.800048828125,2685.0,2687.699951171875,400
2025-04-29 15:24:00+05:30,2688.60009765625,2688.699951171875,2685.0,2685.0,47
2025-04-29 15:25:00+05:30,2685.0,2689.0,2685.0,2688.39990234375,469
2025-04-29 15:26:00+05:30,2699.800048828125,2699.800048828125,2685.0,2688.699951171875,817
2025-04-29 15:27:00+05:30,2696.800048828125,2700.0,2696.800048828125,2699.89990234375,348
2025-04-29 15:28:00+05:30,2690.10009765625,2697.0,2690.10009765625,2695.10009765625,89
2025-04-29 15:29:00+05:30,2692.5,2700.0,2690.5,2690.5,628
2025-04-30 09:15:00+05:30,2690.0,2692.800048828125,2676.699951171875,2682.39990234375,0
2025-04-30 09:16:00+05:30,2676.0,2681.5,2670.199951171875,2681.5,905
2025-04-30 09:17:00+05:30,2671.800048828125,2676.0,2662.10009765625,2675.800048828125,892
2025-04-30 09:18:00+05:30,2677.89990234375,2680.60009765625,2670.199951171875,2675.10009765625,930
2025-04-30 09:19:00+05:30,2688.699951171875,2692.5,2677.89990234375,2681.60009765625,1108
2025-04-30 09:20:00+05:30,2694.0,2703.800048828125,2691.300048828125,2703.800048828125,873
2025-04-30 09:21:00+05:30,2683.699951171875,2691.0,2680.0,2685.699951171875,720
2025-04-30 09:22:00+05:30,2677.60009765625,2685.199951171875,2667.60009765625,2685.199951171875,1130
2025-04-30 09:23:00+05:30,2693.199951171875,2694.800048828125,2685.10009765625,2688.39990234375,1120
2025-04-30 09:24:00+05:30,2670.199951171875,2690.199951171875,2670.199951171875,2690.199951171875,295
2025-04-30 09:25:00+05:30,2671.10009765625,2675.0,2670.0,2670.199951171875,591
2025-04-30 09:26:00+05:30,2669.10009765625,2674.199951171875,2669.10009765625,2673.10009765625,509
2025-04-30 09:27:00+05:30,2674.300048828125,2675.199951171875,2663.0,2667.39990234375,358
2025-04-30 09:28:00+05:30,2676.800048828125,2676.800048828125,2674.10009765625,2675.0,92
2025-04-30 09:29:00+05:30,2683.800048828125,2684.5,2676.300048828125,2676.89990234375,273
2025-04-30 09:30:00+05:30,2687.60009765625,2687.89990234375,2684.199951171875,2687.89990234375,350
2025-04-30 09:31:00+05:30,2698.89990234375,2698.89990234375,2689.89990234375,2689.89990234375,414
2025-04-30 09:32:00+05:30,2700.0,2700.0,2695.800048828125,2695.800048828125,235
2025-04-30 09:33:00+05:30,2706.699951171875,2706.699951171875,2700.5,2700.5,479
2025-04-30 09:34:00+05:30,2704.0,2708.800048828125,2702.199951171875,2707.89990234375,101
2025-04-30 09:35:00+05:30,2692.699951171875,2700.800048828125,2692.10009765625,2700.60009765625,626
2025-04-30 09:36:00+05:30,2693.60009765625,2695.5,2691.10009765625,2695.5,142
2025-04-30 09:37:00+05:30,2693.199951171875,2693.60009765625,2690.699951171875,2693.60009765625,207
2025-04-30 09:38:00+05:30,2694.89990234375,2694.89990234375,2689.800048828125,2689.800048828125,65
2025-04-30 09:39:00+05:30,2698.0,2698.0,2694.89990234375,2695.10009765625,142
2025-04-30 09:40:00+05:30,2690.10009765625,2695.300048828125,2690.10009765625,2695.300048828125,133
2025-04-30 09:41:00+05:30,2691.89990234375,2691.89990234375,2690.10009765625,2690.10009765625,44
2025-04-30 09:42:00+05:30,2687.89990234375,2690.10009765625,2686.699951171875,2690.10009765625,33
2025-04-30 09:43:00+05:30,2680.89990234375,2685.0,2679.10009765625,2685.0,95
2025-04-30 09:44:00+05:30,2679.5,2679.5,2678.5,2678.5,24
2025-04-30 09:45:00+05:30,2684.0,2684.0,2681.39990234375,2682.300048828125,190
2025-04-30 09:46:00+05:30,2686.300048828125,2686.89990234375,2686.199951171875,2686.39990234375,66
2025-04-30 09:47:00+05:30,2686.89990234375,2690.0,2686.89990234375,2690.0,17
2025-04-30 09:48:00+05:30,2687.0,2687.0,2687.0,2687.0,35
2025-04-30 09:49:00+05:30,2691.0,2691.0,2690.800048828125,2690.800048828125,0
2025-04-30 09:50:00+05:30,2690.5,2692.300048828125,2690.5,2692.300048828125,91
2025-04-30 09:51:00+05:30,2692.300048828125,2692.300048828125,2689.5,2689.5,404
2025-04-30 09:52:00+05:30,2693.39990234375,2695.0,2692.60009765625,2692.60009765625,90
2025-04-30 09:53:00+05:30,2693.699951171875,2694.5,2692.699951171875,2694.5,55
2025-04-30 09:54:00+05:30,2692.60009765625,2692.60009765625,2690.300048828125,2690.300048828125,25
2025-04-30 09:55:00+05:30,2687.60009765625,2690.39990234375,2687.60009765625,2690.0,208
2025-04-30 09:56:00+05:30,2690.10009765625,2690.10009765625,2687.39990234375,2688.39990234375,76
2025-04-30 09:57:00+05:30,2685.0,2689.199951171875,2685.0,2689.199951171875,39
2025-04-30 09:58:00+05:30,2683.5,2686.10009765625,2683.5,2686.10009765625,38
2025-04-30 09:59:00+05:30,2680.10009765625,2683.5,2680.10009765625,2683.5,42
2025-04-30 10:00:00+05:30,2680.0,2680.0,2680.0,2680.0,26
2025-04-30 10:01:00+05:30,2678.60009765625,2680.10009765625,2678.60009765625,2680.10009765625,26
2025-04-30 10:02:00+05:30,2677.0,2678.5,2677.0,2678.5,74
2025-04-30 10:04:00+05:30,2674.199951171875,2679.699951171875,2674.199951171875,2676.0,253
2025-04-30 10:05:00+05:30,2674.0,2677.300048828125,2674.0,2676.89990234375,120
2025-04-30 10:06:00+05:30,2674.89990234375,2676.0,2674.89990234375,2676.0,99
2025-04-30 10:07:00+05:30,2679.60009765625,2679.60009765625,2679.10009765625,2679.10009765625,11
2025-04-30 10:08:00+05:30,2674.10009765625,2678.300048828125,2674.10009765625,2678.300048828125,63
2025-04-30 10:09:00+05:30,2675.10009765625,2677.60009765625,2675.10009765625,2677.60009765625,96
2025-04-30 10:10:00+05:30,2683.0,2683.0,2680.0,2680.0,32
2025-04-30 10:11:00+05:30,2684.10009765625,2685.0,2680.10009765625,2683.0,120
2025-04-30 10:12:00+05:30,2684.10009765625,2685.800048828125,2684.10009765625,2684.10009765625,20
2025-04-30 10:13:00+05:30,2686.10009765625,2686.10009765625,2686.10009765625,2686.10009765625,0
2025-04-30 10:14:00+05:30,2680.0,2683.300048828125,2680.0,2683.300048828125,84
2025-04-30 10:15:00+05:30,2682.0,2682.0,2682.0,2682.0,27
2025-04-30 10:16:00+05:30,2684.5,2684.5,2683.199951171875,2683.199951171875,14
2025-04-30 10:17:00+05:30,2686.10009765625,2686.10009765625,2685.199951171875,2685.199951171875,23
2025-04-30 10:18:00+05:30,2688.0,2688.0,2686.10009765625,2686.10009765625,15
2025-04-30 10:19:00+05:30,2685.699951171875,2688.0,2685.699951171875,2688.0,57
2025-04-30 10:20:00+05:30,2683.60009765625,2686.39990234375,2683.60009765625,2684.300048828125,49
2025-04-30 10:21:00+05:30,2684.800048828125,2686.10009765625,2683.5,2686.10009765625,14
2025-04-30 10:22:00+05:30,2682.199951171875,2685.0,2682.199951171875,2685.0,128
2025-04-30 10:23:00+05:30,2684.39990234375,2684.39990234375,2684.39990234375,2684.39990234375,6
2025-04-30 10:24:00+05:30,2683.89990234375,2683.89990234375,2682.300048828125,2683.10009765625,231
2025-04-30 10:25:00+05:30,2686.89990234375,2686.89990234375,2685.199951171875,2686.199951171875,29
2025-04-30 10:26:00+05:30,2683.800048828125,2684.5,2682.10009765625,2684.5,65
2025-04-30 10:27:00+05:30,2681.800048828125,2683.89990234375,2680.10009765625,2683.60009765625,61
2025-04-30 10:28:00+05:30,2680.0,2680.800048828125,2679.89990234375,2680.800048828125,115
2025-04-30 10:29:00+05:30,2674.0,2678.800048828125,2674.0,2678.800048828125,36
2025-04-30 10:30:00+05:30,2675.5,2676.89990234375,2675.5,2676.89990234375,34
2025-04-30 10:31:00+05:30,2675.89990234375,2675.89990234375,2674.0,2675.300048828125,26
2025-04-30 10:32:00+05:30,2679.89990234375,2679.89990234375,2677.699951171875,2677.699951171875,74
2025-04-30 10:33:00+05:30,2686.699951171875,2686.699951171875,2683.800048828125,2683.800048828125,38
2025-04-30 10:34:00+05:30,2689.0,2689.10009765625,2687.10009765625,2687.10009765625,14
2025-04-30 10:35:00+05:30,2688.300048828125,2688.60009765625,2688.300048828125,2688.60009765625,180
2025-04-30 10:36:00+05:30,2687.5,2687.5,2685.0,2685.0,72
2025-04-30 10:37:00+05:30,2688.5,2688.5,2687.5,2687.5,17
2025-04-30 10:39:00+05:30,2688.0,2690.0,2687.5,2690.0,46
2025-04-30 10:40:00+05:30,2676.699951171875,2687.5,2676.60009765625,2687.5,129
2025-04-30 10:41:00+05:30,2678.89990234375,2678.89990234375,2676.60009765625,2676.60009765625,26
2025-04-30 10:42:00+05:30,2681.300048828125,2681.89990234375,2681.199951171875,2681.199951171875,13
2025-04-30 10:43:00+05:30,2682.39990234375,2683.89990234375,2682.39990234375,2683.10009765625,51
2025-04-30 10:44:00+05:30,2683.5,2683.5,2681.800048828125,2682.300048828125,23
2025-04-30 10:45:00+05:30,2680.300048828125,2680.800048828125,2680.300048828125,2680.5,41
2025-04-30 10:46:00+05:30,2681.5,2681.5,2681.5,2681.5,2
2025-04-30 10:47:00+05:30,2679.5,2681.5,2679.5,2681.5,4
2025-04-30 10:48:00+05:30,2681.89990234375,2681.89990234375,2681.5,2681.5,13
2025-04-30 10:49:00+05:30,2683.89990234375,2683.89990234375,2681.89990234375,2681.89990234375,9
2025-04-30 10:50:00+05:30,2677.10009765625,2685.0,2677.10009765625,2685.0,187
2025-04-30 10:51:00+05:30,2676.60009765625,2676.60009765625,2676.10009765625,2676.10009765625,47
2025-04-30 10:52:00+05:30,2676.5,2676.800048828125,2676.5,2676.800048828125,58
2025-04-30 10:53:00+05:30,2677.5,2681.5,2676.10009765625,2677.0,378
2025-04-30 10:54:00+05:30,2680.39990234375,2680.39990234375,2677.5,2677.5,31
2025-04-30 10:55:00+05:30,2680.89990234375,2680.89990234375,2680.89990234375,2680.89990234375,17
2025-04-30 10:56:00+05:30,2679.10009765625,2680.300048828125,2679.10009765625,2680.300048828125,0
2025-04-30 10:57:00+05:30,2681.300048828125,2681.300048828125,2679.5,2679.5,3
2025-04-30 10:58:00+05:30,2680.39990234375,2680.39990234375,2680.39990234375,2680.39990234375,1
2025-04-30 10:59:00+05:30,2681.199951171875,2683.60009765625,2681.199951171875,2681.89990234375,15
2025-04-30 11:01:00+05:30,2679.5,2679.5,2679.10009765625,2679.10009765625,496
2025-04-30 11:02:00+05:30,2675.39990234375,2680.800048828125,2675.39990234375,2680.0,171
2025-04-30 11:03:00+05:30,2676.699951171875,2676.699951171875,2676.699951171875,2676.699951171875,16
2025-04-30 11:04:00+05:30,2673.60009765625,2675.699951171875,2670.199951171875,2675.60009765625,362
2025-04-30 11:05:00+05:30,2670.800048828125,2674.300048828125,2669.0,2674.300048828125,199
2025-04-30 11:06:00+05:30,2669.0,2671.0,2666.0,2666.0,541
2025-04-30 11:07:00+05:30,2668.5,2668.800048828125,2667.10009765625,2668.800048828125,56
2025-04-30 11:08:00+05:30,2661.300048828125,2668.5,2660.89990234375,2668.5,266
2025-04-30 11:09:00+05:30,2663.89990234375,2663.89990234375,2663.89990234375,2663.89990234375,23
2025-04-30 11:10:00+05:30,2658.300048828125,2661.60009765625,2653.60009765625,2661.60009765625,799
2025-04-30 11:11:00+05:30,2658.300048828125,2658.300048828125,2657.10009765625,2657.10009765625,59
2025-04-30 11:12:00+05:30,2658.300048828125,2658.300048828125,2657.699951171875,2658.300048828125,52
2025-04-30 11:13:00+05:30,2656.89990234375,2658.300048828125,2656.89990234375,2658.300048828125,271
2025-04-30 11:14:00+05:30,2658.0,2658.0,2658.0,2658.0,0
2025-04-30 11:15:00+05:30,2659.60009765625,2659.60009765625,2657.800048828125,2657.800048828125,564
2025-04-30 11:16:00+05:30,2658.699951171875,2659.0,2656.89990234375,2658.10009765625,79
2025-04-30 11:17:00+05:30,2654.60009765625,2654.60009765625,2654.60009765625,2654.60009765625,144
2025-04-30 11:18:00+05:30,2657.699951171875,2657.699951171875,2655.39990234375,2655.39990234375,138
2025-04-30 11:19:00+05:30,2657.39990234375,2657.699951171875,2656.0,2656.0,347
2025-04-30 11:20:00+05:30,2654.60009765625,2657.699951171875,2654.60009765625,2657.699951171875,63
2025-04-30 11:21:00+05:30,2654.199951171875,2654.39990234375,2654.199951171875,2654.300048828125,18
2025-04-30 11:22:00+05:30,2653.800048828125,2654.0,2653.800048828125,2654.0,15
2025-04-30 11:23:00+05:30,2649.199951171875,2653.0,2647.89990234375,2652.39990234375,396
2025-04-30 11:24:00+05:30,2645.89990234375,2647.5,2645.89990234375,2647.5,125
2025-04-30 11:25:00+05:30,2647.39990234375,2647.39990234375,2647.300048828125,2647.300048828125,0
2025-04-30 11:26:00+05:30,2647.39990234375,2647.39990234375,2646.199951171875,2646.199951171875,81
2025-04-30 11:27:00+05:30,2647.39990234375,2647.39990234375,2646.199951171875,2646.199951171875,104
2025-04-30 11:28:00+05:30,2645.39990234375,2646.199951171875,2645.39990234375,2646.199951171875,142
2025-04-30 11:29:00+05:30,2645.199951171875,2645.300048828125,2644.39990234375,2644.39990234375,171
2025-04-30 11:30:00+05:30,2639.0,2645.10009765625,2639.0,2645.10009765625,231
2025-04-30 11:31:00+05:30,2639.199951171875,2639.199951171875,2637.10009765625,2637.699951171875,208
2025-04-30 11:32:00+05:30,2637.199951171875,2638.89990234375,2637.199951171875,2638.89990234375,448
2025-04-30 11:33:00+05:30,2638.0,2638.5,2635.0,2635.0,234
2025-04-30 11:34:00+05:30,2631.89990234375,2636.800048828125,2631.89990234375,2636.800048828125,177
2025-04-30 11:35:00+05:30,2631.89990234375,2632.0,2631.0,2632.0,28
2025-04-30 11:36:00+05:30,2636.39990234375,2636.39990234375,2632.0,2632.0,511
2025-04-30 11:37:00+05:30,2636.10009765625,2639.199951171875,2636.10009765625,2636.39990234375,539
2025-04-30 11:38:00+05:30,2636.39990234375,2636.39990234375,2634.5,2634.5,45
2025-04-30 11:39:00+05:30,2636.89990234375,2636.89990234375,2636.89990234375,2636.89990234375,23
2025-04-30 11:40:00+05:30,2634.800048828125,2636.89990234375,2634.800048828125,2636.89990234375,37
2025-04-30 11:41:00+05:30,2635.699951171875,2635.699951171875,2635.699951171875,2635.699951171875,44
2025-04-30 11:42:00+05:30,2635.5,2635.89990234375,2635.0,2635.89990234375,39
2025-04-30 11:43:00+05:30,2634.199951171875,2635.5,2634.199951171875,2635.5,34
2025-04-30 11:44:00+05:30,2630.800048828125,2633.300048828125,2630.800048828125,2633.300048828125,84
2025-04-30 11:45:00+05:30,2631.89990234375,2632.0,2629.699951171875,2629.699951171875,1219
2025-04-30 11:46:00+05:30,2618.0,2626.0,2618.0,2626.0,160
2025-04-30 11:47:00+05:30,2625.800048828125,2625.800048828125,2620.199951171875,2620.199951171875,245
2025-04-30 11:48:00+05:30,2624.5,2624.89990234375,2622.199951171875,2624.89990234375,254
2025-04-30 11:49:00+05:30,2622.39990234375,2622.60009765625,2622.0,2622.199951171875,219
2025-04-30 11:51:00+05:30,2625.5,2625.5,2622.0,2622.5,153
2025-04-30 11:52:00+05:30,2623.89990234375,2623.89990234375,2618.0,2618.0,3614
2025-04-30 11:53:00+05:30,2624.0,2624.0,2624.0,2624.0,54
2025-04-30 11:54:00+05:30,2624.199951171875,2624.199951171875,2622.89990234375,2622.89990234375,54
2025-04-30 11:55:00+05:30,2611.699951171875,2623.89990234375,2610.0,2623.0,3371
2025-04-30 11:56:00+05:30,2612.800048828125,2613.0,2610.60009765625,2613.0,105
2025-04-30 11:57:00+05:30,2628.199951171875,2628.199951171875,2611.699951171875,2612.800048828125,2994
2025-04-30 11:58:00+05:30,2631.300048828125,2633.800048828125,2628.800048828125,2629.89990234375,1671
2025-04-30 11:59:00+05:30,2636.699951171875,2637.800048828125,2626.800048828125,2626.800048828125,707
2025-04-30 12:00:00+05:30,2631.5,2639.300048828125,2631.5,2638.0,1149
2025-04-30 12:01:00+05:30,2628.10009765625,2631.39990234375,2628.10009765625,2631.39990234375,18
2025-04-30 12:02:00+05:30,2628.10009765625,2628.10009765625,2626.60009765625,2628.10009765625,15
2025-04-30 12:03:00+05:30,2629.699951171875,2629.699951171875,2628.0,2628.0,36
2025-04-30 12:04:00+05:30,2632.60009765625,2632.60009765625,2632.5,2632.5,117
2025-04-30 12:05:00+05:30,2629.60009765625,2633.800048828125,2629.60009765625,2633.800048828125,206
2025-04-30 12:06:00+05:30,2627.0,2627.0,2626.60009765625,2626.60009765625,700
2025-04-30 12:07:00+05:30,2626.699951171875,2626.699951171875,2626.699951171875,2626.699951171875,0
2025-04-30 12:08:00+05:30,2622.199951171875,2630.0,2622.199951171875,2630.0,603
2025-04-30 12:09:00+05:30,2622.199951171875,2622.199951171875,2622.199951171875,2622.199951171875,23
2025-04-30 12:10:00+05:30,2621.699951171875,2623.0,2621.699951171875,2621.699951171875,145
2025-04-30 12:11:00+05:30,2623.699951171875,2623.699951171875,2623.699951171875,2623.699951171875,56
2025-04-30 12:12:00+05:30,2624.10009765625,2624.10009765625,2621.699951171875,2621.699951171875,263
2025-04-30 12:13:00+05:30,2622.199951171875,2625.5,2622.199951171875,2624.10009765625,148
2025-04-30 12:14:00+05:30,2615.0,2622.199951171875,2615.0,2622.199951171875,1018
2025-04-30 12:15:00+05:30,2610.10009765625,2614.60009765625,2608.0,2614.300048828125,478
2025-04-30 12:16:00+05:30,2606.5,2609.89990234375,2606.5,2609.89990234375,104
2025-04-30 12:17:00+05:30,2608.199951171875,2608.199951171875,2606.199951171875,2606.199951171875,56
2025-04-30 12:18:00+05:30,2603.60009765625,2606.10009765625,2603.60009765625,2606.10009765625,357
2025-04-30 12:19:00+05:30,2597.10009765625,2603.60009765625,2597.10009765625,2603.10009765625,528
2025-04-30 12:20:00+05:30,2606.199951171875,2606.199951171875,2597.89990234375,2599.699951171875,212
2025-04-30 12:21:00+05:30,2602.10009765625,2602.199951171875,2602.10009765625,2602.199951171875,217
2025-04-30 12:22:00+05:30,2602.300048828125,2605.800048828125,2602.10009765625,2602.10009765625,169
2025-04-30 12:23:00+05:30,2604.39990234375,2604.699951171875,2601.0,2604.699951171875,214
2025-04-30 12:24:00+05:30,2606.699951171875,2606.699951171875,2605.0,2605.0,136
2025-04-30 12:25:00+05:30,2607.60009765625,2607.800048828125,2607.60009765625,2607.800048828125,3
2025-04-30 12:26:00+05:30,2611.0,2611.0,2607.5,2607.5,152
2025-04-30 12:27:00+05:30,2612.300048828125,2613.10009765625,2610.300048828125,2610.300048828125,78
2025-04-30 12:28:00+05:30,2611.800048828125,2617.699951171875,2611.800048828125,2612.300048828125,519
2025-04-30 12:29:00+05:30,2613.10009765625,2614.300048828125,2613.10009765625,2614.199951171875,54
2025-04-30 12:30:00+05:30,2613.5,2613.5,2612.199951171875,2612.199951171875,10
2025-04-30 12:31:00+05:30,2610.0,2612.800048828125,2610.0,2612.800048828125,120
2025-04-30 12:32:00+05:30,2612.0,2612.39990234375,2610.199951171875,2610.199951171875,18
2025-04-30 12:33:00+05:30,2612.300048828125,2612.300048828125,2612.300048828125,2612.300048828125,11
2025-04-30 12:34:00+05:30,2612.199951171875,2612.300048828125,2612.199951171875,2612.300048828125,18
2025-04-30 12:35:00+05:30,2611.60009765625,2612.300048828125,2611.60009765625,2612.10009765625,252
2025-04-30 12:36:00+05:30,2611.5,2611.5,2607.699951171875,2607.699951171875,162
2025-04-30 12:37:00+05:30,2611.800048828125,2614.300048828125,2611.800048828125,2612.39990234375,87
2025-04-30 12:38:00+05:30,2613.39990234375,2613.89990234375,2613.39990234375,2613.39990234375,26
2025-04-30 12:39:00+05:30,2612.10009765625,2613.39990234375,2612.10009765625,2613.39990234375,21
2025-04-30 12:40:00+05:30,2612.10009765625,2612.199951171875,2612.10009765625,2612.199951171875,7
2025-04-30 12:41:00+05:30,2612.10009765625,2612.10009765625,2612.10009765625,2612.10009765625,22
2025-04-30 12:42:00+05:30,2612.10009765625,2612.10009765625,2612.10009765625,2612.10009765625,4
2025-04-30 12:43:00+05:30,2611.0,2612.10009765625,2611.0,2612.10009765625,5
2025-04-30 12:44:00+05:30,2612.10009765625,2612.10009765625,2610.0,2610.0,237
2025-04-30 12:45:00+05:30,2610.0,2610.0,2610.0,2610.0,172
2025-04-30 12:46:00+05:30,2612.10009765625,2612.10009765625,2610.0,2610.0,520
2025-04-30 12:47:00+05:30,2615.39990234375,2616.300048828125,2615.39990234375,2616.199951171875,0
2025-04-30 12:48:00+05:30,2614.89990234375,2615.39990234375,2612.800048828125,2615.300048828125,32
2025-04-30 12:49:00+05:30,2612.800048828125,2612.800048828125,2612.800048828125,2612.800048828125,40
2025-04-30 12:50:00+05:30,2612.800048828125,2612.800048828125,2611.89990234375,2611.89990234375,94
2025-04-30 12:51:00+05:30,2612.699951171875,2612.699951171875,2612.699951171875,2612.699951171875,4
2025-04-30 12:52:00+05:30,2613.199951171875,2615.39990234375,2613.0,2613.0,69
2025-04-30 12:53:00+05:30,2615.0,2615.0,2613.300048828125,2613.300048828125,14
2025-04-30 12:54:00+05:30,2613.5,2615.39990234375,2613.5,2615.0,53
2025-04-30 12:55:00+05:30,2614.699951171875,2614.699951171875,2614.699951171875,2614.699951171875,1
2025-04-30 12:56:00+05:30,2613.5,2613.5,2613.5,2613.5,10
2025-04-30 12:58:00+05:30,2613.0,2613.60009765625,2613.0,2613.60009765625,88
2025-04-30 12:59:00+05:30,2613.0,2613.0,2612.0,2612.0,14
2025-04-30 13:00:00+05:30,2611.800048828125,2613.10009765625,2611.800048828125,2613.0,302
2025-04-30 13:01:00+05:30,2611.60009765625,2611.60009765625,2611.60009765625,2611.60009765625,8
2025-04-30 13:02:00+05:30,2611.60009765625,2611.60009765625,2611.0,2611.0,51
2025-04-30 13:03:00+05:30,2611.60009765625,2611.60009765625,2610.0,2610.0,71
2025-04-30 13:04:00+05:30,2610.10009765625,2610.10009765625,2610.0,2610.0,217
2025-04-30 13:06:00+05:30,2611.199951171875,2611.199951171875,2611.199951171875,2611.199951171875,50
2025-04-30 13:07:00+05:30,2611.199951171875,2611.199951171875,2611.199951171875,2611.199951171875,6
2025-04-30 13:08:00+05:30,2611.199951171875,2611.199951171875,2611.199951171875,2611.199951171875,3
2025-04-30 13:09:00+05:30,2611.199951171875,2611.199951171875,2611.199951171875,2611.199951171875,16
2025-04-30 13:10:00+05:30,2611.199951171875,2611.199951171875,2611.199951171875,2611.199951171875,31
2025-04-30 13:11:00+05:30,2610.0,2610.0,2610.0,2610.0,224
2025-04-30 13:12:00+05:30,2610.0,2610.0,2610.0,2610.0,36
2025-04-30 13:13:00+05:30,2611.89990234375,2611.89990234375,2611.89990234375,2611.89990234375,0
2025-04-30 13:14:00+05:30,2610.39990234375,2610.39990234375,2610.39990234375,2610.39990234375,24
2025-04-30 13:15:00+05:30,2610.0,2611.300048828125,2610.0,2611.300048828125,64
2025-04-30 13:16:00+05:30,2610.10009765625,2611.0,2610.0,2610.0,482
2025-04-30 13:17:00+05:30,2612.0,2612.0,2610.10009765625,2611.699951171875,213
2025-04-30 13:18:00+05:30,2610.0,2611.89990234375,2610.0,2611.89990234375,298
2025-04-30 13:19:00+05:30,2610.0,2610.300048828125,2609.800048828125,2610.300048828125,206
2025-04-30 13:20:00+05:30,2611.39990234375,2611.39990234375,2611.39990234375,2611.39990234375,0
2025-04-30 13:21:00+05:30,2610.10009765625,2610.10009765625,2610.10009765625,2610.10009765625,47
2025-04-30 13:22:00+05:30,2612.39990234375,2612.39990234375,2610.60009765625,2610.60009765625,2
2025-04-30 13:23:00+05:30,2610.199951171875,2612.199951171875,2610.199951171875,2611.800048828125,15
2025-04-30 13:25:00+05:30,2612.800048828125,2612.800048828125,2610.0,2610.0,142
2025-04-30 13:26:00+05:30,2613.0,2613.0,2610.199951171875,2610.199951171875,74
2025-04-30 13:27:00+05:30,2610.0,2610.0,2610.0,2610.0,3
2025-04-30 13:28:00+05:30,2610.199951171875,2610.199951171875,2610.199951171875,2610.199951171875,33
2025-04-30 13:29:00+05:30,2611.5,2611.5,2610.199951171875,2610.199951171875,21
2025-04-30 13:30:00+05:30,2611.5,2611.5,2611.5,2611.5,55
2025-04-30 13:31:00+05:30,2611.5,2611.5,2611.199951171875,2611.199951171875,414
2025-04-30 13:32:00+05:30,2613.199951171875,2613.699951171875,2611.10009765625,2613.699951171875,0
2025-04-30 13:33:00+05:30,2610.10009765625,2613.199951171875,2610.10009765625,2613.199951171875,100
2025-04-30 13:34:00+05:30,2613.0,2613.5,2613.0,2613.5,29
2025-04-30 13:36:00+05:30,2612.89990234375,2612.89990234375,2612.199951171875,2612.199951171875,55
2025-04-30 13:37:00+05:30,2612.699951171875,2612.699951171875,2612.699951171875,2612.699951171875,0
2025-04-30 13:38:00+05:30,2611.0,2611.0,2611.0,2611.0,2
2025-04-30 13:39:00+05:30,2615.0,2615.0,2611.199951171875,2611.199951171875,95
2025-04-30 13:40:00+05:30,2617.199951171875,2617.199951171875,2616.0,2616.0,7
2025-04-30 13:41:00+05:30,2612.199951171875,2617.199951171875,2612.199951171875,2617.199951171875,76
2025-04-30 13:42:00+05:30,2613.800048828125,2614.300048828125,2613.800048828125,2614.300048828125,37
2025-04-30 13:43:00+05:30,2616.0,2616.0,2613.800048828125,2613.800048828125,87
2025-04-30 13:44:00+05:30,2615.0,2615.199951171875,2615.0,2615.199951171875,354
2025-04-30 13:45:00+05:30,2615.0,2615.0,2615.0,2615.0,0
2025-04-30 13:46:00+05:30,2613.300048828125,2613.300048828125,2613.300048828125,2613.300048828125,12
2025-04-30 13:47:00+05:30,2612.39990234375,2614.39990234375,2612.39990234375,2614.39990234375,333
2025-04-30 13:48:00+05:30,2611.5,2611.800048828125,2611.5,2611.800048828125,2
2025-04-30 13:49:00+05:30,2611.89990234375,2611.89990234375,2611.0,2611.0,148
2025-04-30 13:50:00+05:30,2612.10009765625,2612.10009765625,2612.10009765625,2612.10009765625,53
2025-04-30 13:51:00+05:30,2612.0,2613.0,2612.0,2613.0,45
2025-04-30 13:52:00+05:30,2612.0,2612.10009765625,2612.0,2612.10009765625,0
2025-04-30 13:53:00+05:30,2611.300048828125,2612.199951171875,2611.300048828125,2612.199951171875,115
2025-04-30 13:54:00+05:30,2612.0,2612.0,2612.0,2612.0,70
2025-04-30 13:55:00+05:30,2612.0,2612.0,2612.0,2612.0,60
2025-04-30 13:56:00+05:30,2612.800048828125,2612.800048828125,2612.800048828125,2612.800048828125,15
2025-04-30 13:57:00+05:30,2612.0,2612.800048828125,2612.0,2612.800048828125,152
2025-04-30 13:58:00+05:30,2612.699951171875,2612.699951171875,2612.699951171875,2612.699951171875,0
2025-04-30 13:59:00+05:30,2612.699951171875,2612.699951171875,2612.699951171875,2612.699951171875,19
2025-04-30 14:00:00+05:30,2612.699951171875,2612.699951171875,2612.699951171875,2612.699951171875,0
2025-04-30 14:01:00+05:30,2612.0,2612.0,2612.0,2612.0,124
2025-04-30 14:02:00+05:30,2613.0,2613.0,2612.0,2612.0,28
2025-04-30 14:03:00+05:30,2613.0,2613.0,2613.0,2613.0,0
2025-04-30 14:04:00+05:30,2613.0,2614.89990234375,2613.0,2613.0,391
2025-04-30 14:05:00+05:30,2613.0,2613.300048828125,2613.0,2613.300048828125,98
2025-04-30 14:06:00+05:30,2615.60009765625,2615.60009765625,2612.800048828125,2612.800048828125,436
2025-04-30 14:07:00+05:30,2615.60009765625,2616.699951171875,2615.60009765625,2616.699951171875,1
2025-04-30 14:08:00+05:30,2614.800048828125,2615.60009765625,2613.0,2615.60009765625,222
2025-04-30 14:09:00+05:30,2611.5,2614.800048828125,2611.5,2614.800048828125,181
2025-04-30 14:10:00+05:30,2615.0,2617.300048828125,2615.0,2615.0,171
2025-04-30 14:11:00+05:30,2615.0,2615.0,2615.0,2615.0,1
2025-04-30 14:12:00+05:30,2615.0,2615.0,2615.0,2615.0,107
2025-04-30 14:13:00+05:30,2615.0,2615.0,2614.89990234375,2614.89990234375,142
2025-04-30 14:14:00+05:30,2615.0,2615.0,2615.0,2615.0,0
2025-04-30 14:15:00+05:30,2615.89990234375,2615.89990234375,2615.89990234375,2615.89990234375,117
2025-04-30 14:16:00+05:30,2619.89990234375,2619.89990234375,2615.199951171875,2615.199951171875,173
2025-04-30 14:17:00+05:30,2618.10009765625,2619.60009765625,2617.89990234375,2619.60009765625,220
2025-04-30 14:18:00+05:30,2617.0,2618.199951171875,2617.0,2618.199951171875,14
2025-04-30 14:19:00+05:30,2617.60009765625,2617.60009765625,2616.5,2616.5,77
2025-04-30 14:20:00+05:30,2618.0,2618.0,2615.699951171875,2617.5,1266
2025-04-30 14:21:00+05:30,2618.39990234375,2621.10009765625,2618.39990234375,2620.199951171875,38
2025-04-30 14:22:00+05:30,2619.800048828125,2619.800048828125,2619.800048828125,2619.800048828125,61
2025-04-30 14:23:00+05:30,2619.0,2619.0,2619.0,2619.0,33
2025-04-30 14:24:00+05:30,2616.5,2616.5,2616.5,2616.5,1
2025-04-30 14:25:00+05:30,2618.10009765625,2618.10009765625,2616.5,2616.5,89
2025-04-30 14:26:00+05:30,2618.199951171875,2618.199951171875,2618.10009765625,2618.10009765625,15
2025-04-30 14:27:00+05:30,2618.39990234375,2619.5,2618.39990234375,2619.5,302
2025-04-30 14:28:00+05:30,2619.5,2619.5,2618.10009765625,2618.10009765625,113
2025-04-30 14:29:00+05:30,2619.39990234375,2620.0,2619.39990234375,2620.0,5
2025-04-30 14:30:00+05:30,2621.0,2621.300048828125,2619.5,2619.5,93
2025-04-30 14:31:00+05:30,2619.39990234375,2621.0,2619.39990234375,2621.0,190
2025-04-30 14:32:00+05:30,2619.39990234375,2620.89990234375,2619.39990234375,2620.89990234375,0
2025-04-30 14:33:00+05:30,2618.0,2620.0,2618.0,2620.0,748
2025-04-30 14:34:00+05:30,2618.0,2619.60009765625,2618.0,2619.60009765625,200
2025-04-30 14:35:00+05:30,2619.5,2619.60009765625,2615.0,2619.60009765625,354
2025-04-30 14:36:00+05:30,2619.5,2619.5,2618.0,2619.5,273
2025-04-30 14:37:00+05:30,2620.0,2620.0,2619.5,2619.5,8
2025-04-30 14:38:00+05:30,2620.0,2620.0,2618.89990234375,2620.0,55
2025-04-30 14:39:00+05:30,2621.10009765625,2623.300048828125,2618.89990234375,2620.0,317
2025-04-30 14:40:00+05:30,2619.199951171875,2621.60009765625,2618.800048828125,2621.60009765625,29
2025-04-30 14:41:00+05:30,2619.10009765625,2619.199951171875,2616.300048828125,2619.199951171875,476
2025-04-30 14:42:00+05:30,2619.0,2619.10009765625,2618.60009765625,2618.60009765625,26
2025-04-30 14:43:00+05:30,2621.0,2621.0,2618.10009765625,2619.0,237
2025-04-30 14:44:00+05:30,2620.300048828125,2620.699951171875,2620.300048828125,2620.699951171875,3
2025-04-30 14:46:00+05:30,2620.0,2620.0,2619.89990234375,2619.89990234375,89
2025-04-30 14:47:00+05:30,2620.0,2620.0,2618.199951171875,2620.0,30
2025-04-30 14:48:00+05:30,2618.5,2620.0,2618.5,2620.0,13
2025-04-30 14:49:00+05:30,2620.199951171875,2621.5,2620.199951171875,2621.5,239
2025-04-30 14:50:00+05:30,2618.10009765625,2618.10009765625,2618.10009765625,2618.10009765625,2
2025-04-30 14:51:00+05:30,2618.5,2618.5,2618.10009765625,2618.199951171875,319
2025-04-30 14:52:00+05:30,2624.5,2624.5,2618.300048828125,2618.300048828125,508
2025-04-30 14:53:00+05:30,2623.300048828125,2625.60009765625,2623.300048828125,2624.5,132
2025-04-30 14:54:00+05:30,2623.0,2624.5,2623.0,2624.5,11
2025-04-30 14:55:00+05:30,2623.5,2625.60009765625,2623.0,2623.0,217
2025-04-30 14:56:00+05:30,2620.39990234375,2622.5,2620.39990234375,2622.5,13
2025-04-30 14:57:00+05:30,2622.0,2622.39990234375,2620.60009765625,2622.39990234375,63
2025-04-30 14:58:00+05:30,2620.0,2621.89990234375,2620.0,2621.89990234375,118
2025-04-30 14:59:00+05:30,2622.89990234375,2623.10009765625,2622.800048828125,2623.10009765625,0
2025-04-30 15:00:00+05:30,2622.699951171875,2622.89990234375,2622.699951171875,2622.89990234375,88
2025-04-30 15:01:00+05:30,2624.60009765625,2626.300048828125,2622.800048828125,2622.800048828125,339
2025-04-30 15:02:00+05:30,2627.39990234375,2627.39990234375,2623.5,2623.5,247
2025-04-30 15:03:00+05:30,2625.10009765625,2627.300048828125,2625.10009765625,2627.300048828125,17
2025-04-30 15:04:00+05:30,2625.0,2626.5,2625.0,2626.5,35
2025-04-30 15:05:00+05:30,2625.800048828125,2625.800048828125,2625.0,2625.0,112
2025-04-30 15:06:00+05:30,2627.39990234375,2627.39990234375,2624.89990234375,2624.89990234375,225
2025-04-30 15:07:00+05:30,2627.39990234375,2630.0,2627.39990234375,2627.39990234375,271
2025-04-30 15:08:00+05:30,2627.39990234375,2629.60009765625,2627.39990234375,2629.60009765625,28
2025-04-30 15:09:00+05:30,2629.0,2629.0,2627.89990234375,2627.89990234375,2
2025-04-30 15:10:00+05:30,2625.0,2629.0,2625.0,2629.0,268
2025-04-30 15:11:00+05:30,2625.10009765625,2625.300048828125,2624.89990234375,2625.0,344
2025-04-30 15:12:00+05:30,2626.199951171875,2626.199951171875,2625.0,2625.10009765625,314
2025-04-30 15:13:00+05:30,2623.60009765625,2626.5,2623.60009765625,2626.300048828125,247
2025-04-30 15:14:00+05:30,2626.10009765625,2626.199951171875,2625.0,2625.0,133
2025-04-30 15:15:00+05:30,2626.10009765625,2627.89990234375,2625.0,2625.0,283
2025-04-30 15:16:00+05:30,2625.0,2626.60009765625,2625.0,2626.10009765625,831
2025-04-30 15:17:00+05:30,2625.699951171875,2628.60009765625,2625.0,2625.0,419
2025-04-30 15:18:00+05:30,2625.0,2629.199951171875,2625.0,2628.199951171875,425
2025-04-30 15:19:00+05:30,2625.60009765625,2626.60009765625,2625.0,2626.60009765625,194
2025-04-30 15:20:00+05:30,2625.0,2627.89990234375,2624.199951171875,2625.0,886
2025-04-30 15:21:00+05:30,2625.199951171875,2626.800048828125,2625.0,2625.0,427
2025-04-30 15:22:00+05:30,2625.199951171875,2625.199951171875,2625.0,2625.199951171875,1320
2025-04-30 15:23:00+05:30,2625.0,2626.0,2625.0,2626.0,396
2025-04-30 15:24:00+05:30,2625.0,2625.89990234375,2625.0,2625.89990234375,613
2025-04-30 15:25:00+05:30,2622.199951171875,2625.0,2622.199951171875,2625.0,440
2025-04-30 15:26:00+05:30,2626.0,2626.0,2625.0,2625.0,606
2025-04-30 15:27:00+05:30,2625.199951171875,2626.0,2625.0,2626.0,410
2025-04-30 15:28:00+05:30,2625.0,2626.0,2615.0,2626.0,3122
2025-04-30 15:29:00+05:30,2628.0,2628.0,2625.0,2625.39990234375,10452
