Datetime,Close,High,Low,Open,Volume
2025-04-08 09:15:00+05:30,909.0,910.0,906.7999877929688,909.2000122070312,0
2025-04-08 09:16:00+05:30,900.0,908.5499877929688,900.0,908.5499877929688,1689
2025-04-08 09:17:00+05:30,900.4500122070312,902.8499755859375,898.5,902.8499755859375,568
2025-04-08 09:18:00+05:30,895.2000122070312,900.2999877929688,895.2000122070312,900.2999877929688,454
2025-04-08 09:19:00+05:30,895.1500244140625,896.5499877929688,894.7000122070312,894.7000122070312,319
2025-04-08 09:20:00+05:30,894.7000122070312,894.8499755859375,893.3499755859375,894.4500122070312,1491
2025-04-08 09:21:00+05:30,893.0,896.0,893.0,894.8499755859375,1677
2025-04-08 09:22:00+05:30,896.5999755859375,897.0999755859375,893.2000122070312,893.2999877929688,359
2025-04-08 09:23:00+05:30,893.9500122070312,895.6500244140625,893.0,894.8499755859375,551
2025-04-08 09:24:00+05:30,893.7000122070312,893.7000122070312,892.0,892.0,372
2025-04-08 09:25:00+05:30,892.5499877929688,894.7000122070312,892.0,894.6500244140625,710
2025-04-08 09:26:00+05:30,894.8499755859375,895.0,893.4000244140625,893.6500244140625,292
2025-04-08 09:27:00+05:30,899.8499755859375,900.25,895.8499755859375,895.8499755859375,2409
2025-04-08 09:28:00+05:30,899.0,899.5499877929688,899.0,899.5499877929688,235
2025-04-08 09:29:00+05:30,899.9000244140625,900.9500122070312,899.9000244140625,900.9500122070312,39
2025-04-08 09:30:00+05:30,895.4000244140625,900.6500244140625,895.4000244140625,900.5999755859375,3787
2025-04-08 09:31:00+05:30,898.7999877929688,900.2000122070312,898.5999755859375,898.5999755859375,426
2025-04-08 09:32:00+05:30,897.2000122070312,897.2000122070312,896.1500244140625,897.0,123
2025-04-08 09:33:00+05:30,895.4500122070312,898.5,895.4500122070312,896.5999755859375,571
2025-04-08 09:34:00+05:30,897.7000122070312,899.4500122070312,895.2000122070312,895.2000122070312,486
2025-04-08 09:35:00+05:30,899.0,899.0,895.25,895.25,270
2025-04-08 09:36:00+05:30,898.5,899.0,898.0499877929688,899.0,28
2025-04-08 09:37:00+05:30,896.0,896.25,896.0,896.25,73
2025-04-08 09:38:00+05:30,895.0,895.25,895.0,895.2000122070312,298
2025-04-08 09:39:00+05:30,894.5499877929688,895.0,893.9000244140625,895.0,800
2025-04-08 09:40:00+05:30,893.9000244140625,895.0499877929688,893.5,895.0499877929688,157
2025-04-08 09:41:00+05:30,892.5499877929688,894.5499877929688,892.5499877929688,894.5499877929688,163
2025-04-08 09:42:00+05:30,892.9500122070312,892.9500122070312,892.5499877929688,892.5499877929688,385
2025-04-08 09:43:00+05:30,892.0,893.25,891.9000244140625,892.7999877929688,388
2025-04-08 09:44:00+05:30,888.7999877929688,890.0,888.7999877929688,890.0,1385
2025-04-08 09:45:00+05:30,892.3499755859375,892.3499755859375,890.0999755859375,890.0999755859375,95
2025-04-08 09:46:00+05:30,893.0999755859375,893.0999755859375,892.9500122070312,892.9500122070312,153
2025-04-08 09:47:00+05:30,893.5,893.8499755859375,893.0999755859375,893.8499755859375,76
2025-04-08 09:48:00+05:30,894.0999755859375,895.0999755859375,894.0999755859375,894.7000122070312,22
2025-04-08 09:49:00+05:30,893.0,894.5499877929688,893.0,894.0999755859375,96
2025-04-08 09:50:00+05:30,892.8499755859375,892.8499755859375,892.0,892.75,82
2025-04-08 09:51:00+05:30,891.9000244140625,892.0,890.8499755859375,892.0,22
2025-04-08 09:52:00+05:30,891.4000244140625,891.4000244140625,891.2000122070312,891.2000122070312,82
2025-04-08 09:53:00+05:30,890.4000244140625,892.3499755859375,890.4000244140625,891.7999877929688,308
2025-04-08 09:54:00+05:30,890.7999877929688,891.75,890.0,890.4500122070312,100
2025-04-08 09:55:00+05:30,890.0,891.2000122070312,890.0,891.2000122070312,147
2025-04-08 09:56:00+05:30,889.0,889.5499877929688,888.1500244140625,888.1500244140625,110
2025-04-08 09:57:00+05:30,888.8499755859375,888.8499755859375,888.0,888.0499877929688,509
2025-04-08 09:58:00+05:30,890.0499877929688,890.0499877929688,889.4000244140625,889.4500122070312,73
2025-04-08 09:59:00+05:30,889.9000244140625,890.9000244140625,889.2999877929688,890.9000244140625,135
2025-04-08 10:00:00+05:30,889.0,890.0,889.0,890.0,29
2025-04-08 10:01:00+05:30,888.7999877929688,888.7999877929688,888.5,888.5,156
2025-04-08 10:02:00+05:30,889.0,889.0,889.0,889.0,8
2025-04-08 10:03:00+05:30,888.3499755859375,889.0,888.2999877929688,889.0,361
2025-04-08 10:04:00+05:30,888.0999755859375,889.7000122070312,888.0999755859375,889.2999877929688,199
2025-04-08 10:05:00+05:30,890.0,890.0,888.5999755859375,888.5999755859375,0
2025-04-08 10:06:00+05:30,890.2000122070312,890.2000122070312,889.3499755859375,889.3499755859375,8
2025-04-08 10:07:00+05:30,893.7999877929688,893.7999877929688,888.5,889.0,542
2025-04-08 10:08:00+05:30,894.0999755859375,894.0999755859375,894.0999755859375,894.0999755859375,25
2025-04-08 10:09:00+05:30,894.2000122070312,894.2000122070312,894.0999755859375,894.0999755859375,33
2025-04-08 10:10:00+05:30,894.1500244140625,894.6500244140625,893.9000244140625,894.6500244140625,87
2025-04-08 10:11:00+05:30,894.4500122070312,894.4500122070312,892.6500244140625,894.2999877929688,356
2025-04-08 10:12:00+05:30,895.7999877929688,895.7999877929688,895.25,895.25,387
2025-04-08 10:13:00+05:30,894.2000122070312,896.0,894.1500244140625,896.0,76
2025-04-08 10:14:00+05:30,894.5,895.4500122070312,894.25,894.25,159
2025-04-08 10:15:00+05:30,894.5999755859375,894.5999755859375,894.5499877929688,894.5499877929688,8
2025-04-08 10:16:00+05:30,894.5,894.5,894.5,894.5,66
2025-04-08 10:17:00+05:30,893.5499877929688,893.5499877929688,893.5499877929688,893.5499877929688,60
2025-04-08 10:18:00+05:30,893.7999877929688,893.7999877929688,893.1500244140625,893.1500244140625,26
2025-04-08 10:19:00+05:30,894.6500244140625,894.6500244140625,892.6500244140625,893.7999877929688,548
2025-04-08 10:20:00+05:30,894.5499877929688,894.5499877929688,894.25,894.25,0
2025-04-08 10:21:00+05:30,894.0499877929688,895.0,894.0499877929688,894.2000122070312,76
2025-04-08 10:22:00+05:30,895.5,896.0,895.0,895.0,164
2025-04-08 10:23:00+05:30,895.5,896.3499755859375,895.25,896.3499755859375,51
2025-04-08 10:24:00+05:30,894.75,895.5499877929688,894.75,895.5499877929688,42
2025-04-08 10:25:00+05:30,895.2000122070312,895.2000122070312,894.4000244140625,894.4000244140625,505
2025-04-08 10:26:00+05:30,894.9500122070312,894.9500122070312,894.9500122070312,894.9500122070312,173
2025-04-08 10:27:00+05:30,894.6500244140625,895.5999755859375,894.6500244140625,895.5999755859375,0
2025-04-08 10:28:00+05:30,895.3499755859375,895.3499755859375,894.5999755859375,894.5999755859375,53
2025-04-08 10:29:00+05:30,895.7999877929688,896.0,894.9500122070312,896.0,15
2025-04-08 10:30:00+05:30,896.0,896.0,895.7999877929688,895.7999877929688,183
2025-04-08 10:31:00+05:30,895.7000122070312,896.4500122070312,895.7000122070312,896.4500122070312,89
2025-04-08 10:32:00+05:30,894.5999755859375,894.5999755859375,894.5999755859375,894.5999755859375,12
2025-04-08 10:33:00+05:30,895.1500244140625,895.1500244140625,895.1500244140625,895.1500244140625,29
2025-04-08 10:34:00+05:30,894.4000244140625,895.4000244140625,894.4000244140625,895.4000244140625,285
2025-04-08 10:35:00+05:30,894.5999755859375,894.6500244140625,894.5999755859375,894.5999755859375,247
2025-04-08 10:36:00+05:30,895.9500122070312,895.9500122070312,895.1500244140625,895.1500244140625,40
2025-04-08 10:37:00+05:30,894.5999755859375,896.0,894.5999755859375,896.0,710
2025-04-08 10:38:00+05:30,895.5,895.5,894.5999755859375,894.5999755859375,378
2025-04-08 10:39:00+05:30,895.5,895.5,894.5,894.5,324
2025-04-08 10:40:00+05:30,895.5,895.5,895.5,895.5,18
2025-04-08 10:41:00+05:30,895.5499877929688,896.7000122070312,895.5499877929688,896.7000122070312,38
2025-04-08 10:42:00+05:30,895.5,895.5,895.5,895.5,294
2025-04-08 10:43:00+05:30,895.5,895.7999877929688,895.5,895.7999877929688,161
2025-04-08 10:44:00+05:30,895.8499755859375,895.8499755859375,895.8499755859375,895.8499755859375,1016
2025-04-08 10:45:00+05:30,895.5,895.5,895.5,895.5,37
2025-04-08 10:46:00+05:30,897.0,897.0,895.8499755859375,895.8499755859375,143
2025-04-08 10:47:00+05:30,898.0499877929688,899.1500244140625,897.0,897.0,1057
2025-04-08 10:48:00+05:30,897.5999755859375,898.0,897.3499755859375,898.0,180
2025-04-08 10:49:00+05:30,899.4000244140625,899.4000244140625,897.5999755859375,897.5999755859375,251
2025-04-08 10:50:00+05:30,898.5,899.4000244140625,898.5,898.8499755859375,3
2025-04-08 10:51:00+05:30,899.2000122070312,899.3499755859375,898.5,899.3499755859375,53
2025-04-08 10:52:00+05:30,899.1500244140625,899.1500244140625,899.1500244140625,899.1500244140625,0
2025-04-08 10:53:00+05:30,897.0,898.2000122070312,897.0,898.2000122070312,135
2025-04-08 10:54:00+05:30,898.1500244140625,898.8499755859375,897.7999877929688,897.7999877929688,541
2025-04-08 10:55:00+05:30,900.1500244140625,901.25,900.1500244140625,900.5,263
2025-04-08 10:56:00+05:30,898.9000244140625,900.2999877929688,898.9000244140625,900.2999877929688,22
2025-04-08 10:57:00+05:30,899.1500244140625,899.25,899.0499877929688,899.0499877929688,162
2025-04-08 10:58:00+05:30,899.2000122070312,899.2000122070312,899.2000122070312,899.2000122070312,14
2025-04-08 11:00:00+05:30,899.75,899.75,898.8499755859375,898.8499755859375,33
2025-04-08 11:01:00+05:30,899.6500244140625,900.75,899.6500244140625,899.7999877929688,40
2025-04-08 11:03:00+05:30,900.7000122070312,900.7000122070312,900.0,900.7000122070312,77
2025-04-08 11:04:00+05:30,901.0999755859375,901.0999755859375,900.0,900.0,155
2025-04-08 11:05:00+05:30,901.2000122070312,901.2000122070312,900.0999755859375,900.0999755859375,37
2025-04-08 11:06:00+05:30,901.4500122070312,901.4500122070312,901.4500122070312,901.4500122070312,1
2025-04-08 11:07:00+05:30,901.2999877929688,901.2999877929688,900.5499877929688,900.5499877929688,17
2025-04-08 11:08:00+05:30,902.5,902.5,901.2999877929688,901.2999877929688,340
2025-04-08 11:09:00+05:30,901.7999877929688,901.8499755859375,901.4500122070312,901.8499755859375,17
2025-04-08 11:10:00+05:30,903.2999877929688,903.5999755859375,901.7999877929688,901.7999877929688,399
2025-04-08 11:12:00+05:30,902.2000122070312,902.9500122070312,901.9000244140625,901.9000244140625,24
2025-04-08 11:13:00+05:30,902.9000244140625,902.9000244140625,902.9000244140625,902.9000244140625,179
2025-04-08 11:14:00+05:30,901.2999877929688,901.75,901.2999877929688,901.75,0
2025-04-08 11:15:00+05:30,900.3499755859375,901.5499877929688,900.3499755859375,900.8499755859375,44
2025-04-08 11:16:00+05:30,900.7999877929688,900.7999877929688,900.0499877929688,900.0499877929688,6
2025-04-08 11:17:00+05:30,900.0,900.0,900.0,900.0,25
2025-04-08 11:18:00+05:30,901.1500244140625,901.1500244140625,901.1500244140625,901.1500244140625,137
2025-04-08 11:19:00+05:30,901.7999877929688,901.7999877929688,901.7999877929688,901.7999877929688,70
2025-04-08 11:20:00+05:30,901.0,901.0,900.75,900.75,28
2025-04-08 11:21:00+05:30,901.0,901.0,901.0,901.0,3
2025-04-08 11:22:00+05:30,901.0,901.0,901.0,901.0,39
2025-04-08 11:23:00+05:30,902.0,902.0,901.0,901.0,231
2025-04-08 11:24:00+05:30,902.9000244140625,902.9000244140625,902.9000244140625,902.9000244140625,0
2025-04-08 11:26:00+05:30,902.75,902.75,902.75,902.75,87
2025-04-08 11:27:00+05:30,902.7000122070312,902.7000122070312,902.7000122070312,902.7000122070312,14
2025-04-08 11:28:00+05:30,902.75,902.75,901.5999755859375,901.5999755859375,469
2025-04-08 11:29:00+05:30,902.7000122070312,902.7000122070312,902.2000122070312,902.2000122070312,152
2025-04-08 11:30:00+05:30,901.5,902.6500244140625,901.5,902.6500244140625,0
2025-04-08 11:32:00+05:30,902.2000122070312,902.2000122070312,902.2000122070312,902.2000122070312,4
2025-04-08 11:33:00+05:30,900.8499755859375,900.8499755859375,900.8499755859375,900.8499755859375,1
2025-04-08 11:34:00+05:30,900.7999877929688,900.7999877929688,900.7999877929688,900.7999877929688,99
2025-04-08 11:35:00+05:30,901.0499877929688,901.0499877929688,900.0499877929688,900.8499755859375,1209
2025-04-08 11:36:00+05:30,902.0999755859375,902.0999755859375,901.0499877929688,901.0499877929688,17
2025-04-08 11:37:00+05:30,901.1500244140625,901.1500244140625,901.1500244140625,901.1500244140625,0
2025-04-08 11:38:00+05:30,901.1500244140625,901.9500122070312,901.0,901.9500122070312,1466
2025-04-08 11:39:00+05:30,901.7000122070312,901.7000122070312,901.7000122070312,901.7000122070312,7
2025-04-08 11:40:00+05:30,900.5999755859375,900.6500244140625,900.5999755859375,900.6500244140625,22
2025-04-08 11:41:00+05:30,900.5999755859375,900.5999755859375,900.0,900.0,112
2025-04-08 11:42:00+05:30,899.7000122070312,900.0,899.5999755859375,900.0,163
2025-04-08 11:43:00+05:30,898.5999755859375,898.5999755859375,898.5999755859375,898.5999755859375,50
2025-04-08 11:45:00+05:30,898.0999755859375,898.0999755859375,898.0999755859375,898.0999755859375,4
2025-04-08 11:46:00+05:30,897.75,897.75,897.75,897.75,20
2025-04-08 11:47:00+05:30,900.0999755859375,900.0999755859375,898.6500244140625,898.6500244140625,33
2025-04-08 11:48:00+05:30,896.5,899.7000122070312,896.5,899.7000122070312,2222
2025-04-08 11:49:00+05:30,896.4500122070312,896.4500122070312,896.0499877929688,896.0499877929688,31
2025-04-08 11:50:00+05:30,896.4500122070312,896.4500122070312,896.4500122070312,896.4500122070312,0
2025-04-08 12:06:00+05:30,896.0,896.5999755859375,896.0,896.5999755859375,4160
2025-04-08 12:07:00+05:30,895.75,895.75,895.75,895.75,15
2025-04-08 12:08:00+05:30,895.5499877929688,895.5499877929688,895.5499877929688,895.5499877929688,28
2025-04-08 12:09:00+05:30,896.1500244140625,896.1500244140625,896.1500244140625,896.1500244140625,11
2025-04-08 12:10:00+05:30,895.7999877929688,896.2000122070312,895.7999877929688,896.2000122070312,40
2025-04-08 12:11:00+05:30,895.7999877929688,895.7999877929688,895.0499877929688,895.0499877929688,54
2025-04-08 12:12:00+05:30,897.0499877929688,897.0499877929688,896.75,896.75,206
2025-04-08 12:13:00+05:30,897.4000244140625,898.25,897.4000244140625,898.25,28
2025-04-08 12:15:00+05:30,898.0499877929688,898.0499877929688,898.0499877929688,898.0499877929688,1
2025-04-08 12:16:00+05:30,897.1500244140625,898.0,897.1500244140625,898.0,10
2025-04-08 12:17:00+05:30,897.0,897.0,897.0,897.0,28
2025-04-08 12:18:00+05:30,897.0,897.0,897.0,897.0,3
2025-04-08 12:20:00+05:30,897.5999755859375,897.5999755859375,897.0499877929688,897.0499877929688,23
2025-04-08 12:21:00+05:30,898.2999877929688,898.2999877929688,897.0,897.0,202
2025-04-08 12:23:00+05:30,898.8499755859375,898.8499755859375,898.8499755859375,898.8499755859375,246
2025-04-08 12:24:00+05:30,899.25,899.25,898.4000244140625,898.4000244140625,28
2025-04-08 12:27:00+05:30,898.8499755859375,898.8499755859375,898.25,898.25,20
2025-04-08 12:29:00+05:30,899.1500244140625,899.1500244140625,899.1500244140625,899.1500244140625,1
2025-04-08 12:30:00+05:30,898.7000122070312,898.7000122070312,898.7000122070312,898.7000122070312,19
2025-04-08 12:31:00+05:30,899.9500122070312,899.9500122070312,899.5,899.5,28
2025-04-08 12:32:00+05:30,900.0,900.0,900.0,900.0,42
2025-04-08 12:33:00+05:30,901.0,901.0,901.0,901.0,35
2025-04-08 12:35:00+05:30,900.1500244140625,901.0,900.1500244140625,901.0,83
2025-04-08 12:36:00+05:30,899.3499755859375,899.3499755859375,899.3499755859375,899.3499755859375,1
2025-04-08 12:37:00+05:30,898.8499755859375,899.4000244140625,898.7999877929688,899.4000244140625,100
2025-04-08 12:38:00+05:30,898.25,898.8499755859375,898.25,898.8499755859375,64
2025-04-08 12:39:00+05:30,898.0,898.0,898.0,898.0,957
2025-04-08 12:40:00+05:30,897.75,898.1500244140625,897.75,898.1500244140625,163
2025-04-08 12:41:00+05:30,897.8499755859375,897.8499755859375,897.8499755859375,897.8499755859375,0
2025-04-08 12:42:00+05:30,899.0999755859375,899.9000244140625,899.0,899.0,362
2025-04-08 12:43:00+05:30,901.25,901.25,901.25,901.25,422
2025-04-08 12:44:00+05:30,901.7999877929688,902.5,900.7000122070312,900.7000122070312,87
2025-04-08 12:45:00+05:30,901.8499755859375,901.8499755859375,901.8499755859375,901.8499755859375,10
2025-04-08 12:46:00+05:30,902.0999755859375,902.0999755859375,902.0999755859375,902.0999755859375,0
2025-04-08 12:47:00+05:30,903.75,903.75,902.7000122070312,902.9000244140625,441
2025-04-08 12:48:00+05:30,903.75,903.75,903.75,903.75,176
2025-04-08 12:49:00+05:30,903.6500244140625,903.9500122070312,903.6500244140625,903.9500122070312,287
2025-04-08 12:51:00+05:30,903.4000244140625,904.2000122070312,903.4000244140625,903.8499755859375,27
2025-04-08 12:52:00+05:30,904.4500122070312,904.4500122070312,903.6500244140625,903.6500244140625,126
2025-04-08 12:53:00+05:30,903.2999877929688,904.2999877929688,903.2999877929688,904.2999877929688,22
2025-04-08 12:54:00+05:30,904.1500244140625,904.1500244140625,903.2999877929688,903.2999877929688,15
2025-04-08 12:55:00+05:30,903.0999755859375,903.5499877929688,903.0999755859375,903.5499877929688,7
2025-04-08 12:56:00+05:30,903.9500122070312,903.9500122070312,903.9500122070312,903.9500122070312,14
2025-04-08 12:57:00+05:30,902.7999877929688,902.7999877929688,902.7999877929688,902.7999877929688,177
2025-04-08 12:59:00+05:30,903.5499877929688,903.5499877929688,903.5499877929688,903.5499877929688,100
2025-04-08 13:00:00+05:30,903.1500244140625,903.5499877929688,903.1500244140625,903.5499877929688,57
2025-04-08 13:01:00+05:30,902.0499877929688,902.5,902.0499877929688,902.5,83
2025-04-08 13:03:00+05:30,902.0499877929688,902.0499877929688,902.0499877929688,902.0499877929688,6
2025-04-08 13:07:00+05:30,901.2000122070312,901.2000122070312,901.2000122070312,901.2000122070312,2
2025-04-08 13:08:00+05:30,900.8499755859375,901.2000122070312,900.8499755859375,901.1500244140625,46
2025-04-08 13:09:00+05:30,900.0499877929688,900.0499877929688,900.0499877929688,900.0499877929688,8
2025-04-08 13:10:00+05:30,900.8499755859375,900.8499755859375,900.8499755859375,900.8499755859375,2
2025-04-08 13:11:00+05:30,900.8499755859375,901.8499755859375,900.8499755859375,901.2999877929688,32
2025-04-08 13:12:00+05:30,901.7000122070312,901.7000122070312,900.5499877929688,900.5499877929688,10
2025-04-08 13:14:00+05:30,900.75,901.75,900.5,900.5,78
2025-04-08 13:15:00+05:30,900.2999877929688,901.7000122070312,900.2999877929688,901.7000122070312,57
2025-04-08 13:16:00+05:30,901.25,901.25,901.25,901.25,4
2025-04-08 13:18:00+05:30,901.0499877929688,901.7999877929688,901.0499877929688,901.7999877929688,14
2025-04-08 13:19:00+05:30,901.25,901.25,901.25,901.25,0
2025-04-08 13:20:00+05:30,901.2999877929688,901.2999877929688,901.2999877929688,901.2999877929688,56
2025-04-08 13:21:00+05:30,901.0999755859375,901.0999755859375,901.0999755859375,901.0999755859375,0
2025-04-08 13:22:00+05:30,901.0999755859375,901.0999755859375,901.0999755859375,901.0999755859375,12
2025-04-08 13:25:00+05:30,901.4500122070312,901.4500122070312,901.4500122070312,901.4500122070312,11
2025-04-08 13:26:00+05:30,901.75,902.0,901.25,902.0,76
2025-04-08 13:27:00+05:30,899.25,901.7000122070312,899.25,901.7000122070312,309
2025-04-08 13:28:00+05:30,899.25,899.25,899.25,899.25,5
2025-04-08 13:29:00+05:30,900.1500244140625,900.1500244140625,899.2000122070312,899.2000122070312,12
2025-04-08 13:30:00+05:30,900.1500244140625,900.1500244140625,900.1500244140625,900.1500244140625,3
2025-04-08 13:31:00+05:30,901.0,901.0,901.0,901.0,2
2025-04-08 13:32:00+05:30,900.7999877929688,901.0,900.1500244140625,900.75,107
2025-04-08 13:33:00+05:30,901.2999877929688,901.2999877929688,900.8499755859375,900.8499755859375,53
2025-04-08 13:34:00+05:30,901.3499755859375,901.3499755859375,900.5,901.25,113
2025-04-08 13:35:00+05:30,900.0999755859375,900.75,900.0999755859375,900.1500244140625,529
2025-04-08 13:36:00+05:30,899.7999877929688,900.4000244140625,899.0,900.4000244140625,31
2025-04-08 13:37:00+05:30,900.4500122070312,900.4500122070312,900.0,900.0499877929688,11
2025-04-08 13:38:00+05:30,899.7999877929688,899.7999877929688,899.4000244140625,899.4000244140625,134
2025-04-08 13:39:00+05:30,900.2000122070312,900.2000122070312,898.5499877929688,899.5999755859375,453
2025-04-08 13:40:00+05:30,899.0499877929688,899.0499877929688,899.0499877929688,899.0499877929688,4
2025-04-08 13:41:00+05:30,900.9000244140625,900.9000244140625,899.75,899.75,31
2025-04-08 13:42:00+05:30,900.3499755859375,900.9500122070312,900.3499755859375,900.9500122070312,16
2025-04-08 13:43:00+05:30,899.8499755859375,900.4500122070312,899.8499755859375,900.4000244140625,12
2025-04-08 13:44:00+05:30,900.25,900.2999877929688,899.3499755859375,899.5499877929688,100
2025-04-08 13:45:00+05:30,900.0999755859375,900.25,900.0999755859375,900.2000122070312,5
2025-04-08 13:47:00+05:30,900.1500244140625,900.1500244140625,899.9000244140625,899.9000244140625,164
2025-04-08 13:49:00+05:30,900.0,900.0,900.0,900.0,107
2025-04-08 13:52:00+05:30,901.0999755859375,901.2000122070312,900.5,901.2000122070312,526
2025-04-08 13:53:00+05:30,900.5,900.5,900.5,900.5,1003
2025-04-08 13:54:00+05:30,901.2999877929688,901.2999877929688,901.2999877929688,901.2999877929688,9
2025-04-08 13:55:00+05:30,901.5999755859375,901.5999755859375,901.2999877929688,901.2999877929688,5
2025-04-08 13:56:00+05:30,901.8499755859375,902.2999877929688,901.75,901.75,65
2025-04-08 13:57:00+05:30,902.3499755859375,902.3499755859375,902.3499755859375,902.3499755859375,116
2025-04-08 13:58:00+05:30,902.5,902.5,901.7000122070312,901.7000122070312,0
2025-04-08 13:59:00+05:30,902.5,902.5,902.5,902.5,14
2025-04-08 14:00:00+05:30,902.0,902.4500122070312,902.0,902.4500122070312,4
2025-04-08 14:01:00+05:30,901.2000122070312,902.0,901.2000122070312,901.4500122070312,247
2025-04-08 14:02:00+05:30,901.2000122070312,901.2000122070312,901.2000122070312,901.2000122070312,107
2025-04-08 14:04:00+05:30,900.7999877929688,900.7999877929688,900.7999877929688,900.7999877929688,8
2025-04-08 14:05:00+05:30,898.1500244140625,899.7000122070312,898.1500244140625,899.7000122070312,269
2025-04-08 14:06:00+05:30,898.4500122070312,899.2000122070312,898.4500122070312,899.2000122070312,3
2025-04-08 14:07:00+05:30,899.0,899.0,899.0,899.0,28
2025-04-08 14:08:00+05:30,900.7000122070312,900.7000122070312,900.7000122070312,900.7000122070312,22
2025-04-08 14:10:00+05:30,900.8499755859375,900.8499755859375,900.2000122070312,900.2000122070312,1
2025-04-08 14:13:00+05:30,899.4000244140625,899.4000244140625,898.7999877929688,898.7999877929688,11
2025-04-08 14:14:00+05:30,898.4500122070312,898.4500122070312,898.4500122070312,898.4500122070312,29
2025-04-08 14:15:00+05:30,899.3499755859375,900.0,899.25,899.25,277
2025-04-08 14:16:00+05:30,897.0,898.4500122070312,896.5,896.5,1626
2025-04-08 14:17:00+05:30,899.4000244140625,899.4000244140625,897.7999877929688,897.7999877929688,63
2025-04-08 14:18:00+05:30,899.0,900.0499877929688,899.0,900.0499877929688,34
2025-04-08 14:20:00+05:30,899.7000122070312,899.7000122070312,899.7000122070312,899.7000122070312,24
2025-04-08 14:21:00+05:30,899.5,899.8499755859375,899.5,899.8499755859375,46
2025-04-08 14:22:00+05:30,899.5999755859375,899.5999755859375,899.5999755859375,899.5999755859375,0
2025-04-08 14:23:00+05:30,900.8499755859375,900.8499755859375,900.1500244140625,900.1500244140625,33
2025-04-08 14:24:00+05:30,900.7999877929688,900.7999877929688,900.7999877929688,900.7999877929688,4
2025-04-08 14:25:00+05:30,900.1500244140625,900.7999877929688,900.0499877929688,900.7999877929688,69
2025-04-08 14:27:00+05:30,900.7000122070312,900.7000122070312,900.7000122070312,900.7000122070312,0
2025-04-08 14:28:00+05:30,900.0,900.75,900.0,900.75,363
2025-04-08 14:29:00+05:30,900.0499877929688,900.9000244140625,900.0499877929688,900.9000244140625,1
2025-04-08 14:30:00+05:30,900.5499877929688,900.5499877929688,900.0,900.0,11
2025-04-08 14:31:00+05:30,900.5999755859375,900.5999755859375,900.0,900.5999755859375,517
2025-04-08 14:32:00+05:30,900.5999755859375,900.5999755859375,900.5999755859375,900.5999755859375,55
2025-04-08 14:33:00+05:30,900.5999755859375,900.5999755859375,900.5999755859375,900.5999755859375,116
2025-04-08 14:34:00+05:30,902.0499877929688,902.0499877929688,901.0,901.0,20
2025-04-08 14:35:00+05:30,901.2999877929688,901.2999877929688,901.2999877929688,901.2999877929688,62
2025-04-08 14:36:00+05:30,901.0,901.7999877929688,901.0,901.7999877929688,38
2025-04-08 14:37:00+05:30,901.5,901.5,900.6500244140625,900.6500244140625,18
2025-04-08 14:38:00+05:30,901.2000122070312,901.2000122070312,901.2000122070312,901.2000122070312,0
2025-04-08 14:39:00+05:30,901.2000122070312,901.2000122070312,901.2000122070312,901.2000122070312,73
2025-04-08 14:40:00+05:30,900.0,901.0999755859375,900.0,901.0999755859375,86
2025-04-08 14:41:00+05:30,900.7000122070312,900.7000122070312,900.7000122070312,900.7000122070312,0
2025-04-08 14:42:00+05:30,898.7999877929688,900.5499877929688,898.7999877929688,900.5499877929688,787
2025-04-08 14:43:00+05:30,900.4500122070312,900.4500122070312,898.7999877929688,898.7999877929688,215
2025-04-08 14:44:00+05:30,900.0,900.1500244140625,899.7000122070312,900.1500244140625,52
2025-04-08 14:45:00+05:30,900.2999877929688,900.2999877929688,900.0,900.0,195
2025-04-08 14:46:00+05:30,901.0499877929688,901.0499877929688,900.0,900.0,336
2025-04-08 14:47:00+05:30,900.7999877929688,900.7999877929688,900.7999877929688,900.7999877929688,16
2025-04-08 14:48:00+05:30,900.25,900.7999877929688,900.25,900.7999877929688,204
2025-04-08 14:49:00+05:30,900.0,900.4000244140625,900.0,900.1500244140625,63
2025-04-08 14:50:00+05:30,900.8499755859375,900.8499755859375,899.6500244140625,899.6500244140625,279
2025-04-08 14:52:00+05:30,900.5499877929688,900.5499877929688,900.5499877929688,900.5499877929688,123
2025-04-08 14:53:00+05:30,900.8499755859375,900.8499755859375,900.5,900.5499877929688,57
2025-04-08 14:54:00+05:30,900.5,900.5,900.5,900.5,77
2025-04-08 14:55:00+05:30,899.7000122070312,900.7999877929688,899.7000122070312,900.7999877929688,353
2025-04-08 14:56:00+05:30,900.0,900.0,900.0,900.0,104
2025-04-08 14:57:00+05:30,899.6500244140625,900.0,899.6500244140625,900.0,432
2025-04-08 14:58:00+05:30,901.0,901.0,900.0,900.0,454
2025-04-08 14:59:00+05:30,901.0999755859375,901.75,901.0,901.75,277
2025-04-08 15:00:00+05:30,901.3499755859375,901.4000244140625,900.7000122070312,901.4000244140625,0
2025-04-08 15:01:00+05:30,900.0,901.3499755859375,899.75,901.3499755859375,92
2025-04-08 15:02:00+05:30,899.4000244140625,900.0999755859375,899.4000244140625,900.0999755859375,28
2025-04-08 15:03:00+05:30,898.8499755859375,899.5,898.0,899.5,63
2025-04-08 15:04:00+05:30,898.0,898.8499755859375,898.0,898.8499755859375,108
2025-04-08 15:05:00+05:30,898.4000244140625,898.4500122070312,898.0,898.0,185
2025-04-08 15:06:00+05:30,897.9000244140625,898.5,897.9000244140625,898.0,259
2025-04-08 15:07:00+05:30,898.0,898.0499877929688,897.4000244140625,897.4000244140625,126
2025-04-08 15:08:00+05:30,897.2000122070312,897.9000244140625,897.2000122070312,897.9000244140625,13
2025-04-08 15:09:00+05:30,897.5,897.8499755859375,897.5,897.8499755859375,134
2025-04-08 15:10:00+05:30,897.1500244140625,897.4500122070312,897.0,897.0,241
2025-04-08 15:11:00+05:30,897.1500244140625,897.1500244140625,896.7999877929688,897.1500244140625,230
2025-04-08 15:12:00+05:30,897.75,897.7999877929688,897.6500244140625,897.6500244140625,153
2025-04-08 15:13:00+05:30,898.9000244140625,898.9500122070312,897.7999877929688,897.7999877929688,397
2025-04-08 15:14:00+05:30,898.9500122070312,899.0,898.9500122070312,899.0,101
2025-04-08 15:15:00+05:30,898.4500122070312,898.9000244140625,898.0499877929688,898.9000244140625,169
2025-04-08 15:16:00+05:30,899.0,899.0,898.5999755859375,898.7999877929688,415
2025-04-08 15:17:00+05:30,899.4000244140625,899.5499877929688,899.3499755859375,899.5499877929688,90
2025-04-08 15:18:00+05:30,899.2000122070312,899.4000244140625,899.2000122070312,899.4000244140625,28
2025-04-08 15:19:00+05:30,899.1500244140625,899.2000122070312,899.0499877929688,899.2000122070312,149
2025-04-08 15:20:00+05:30,899.0,899.1500244140625,898.75,899.0999755859375,650
2025-04-08 15:21:00+05:30,900.5499877929688,900.6500244140625,900.0,900.0999755859375,721
2025-04-08 15:22:00+05:30,900.4000244140625,900.5,900.0,900.5,194
2025-04-08 15:23:00+05:30,900.0,900.4000244140625,900.0,900.4000244140625,121
2025-04-08 15:24:00+05:30,900.4000244140625,900.4000244140625,900.0,900.0,424
2025-04-08 15:25:00+05:30,901.2000122070312,901.2000122070312,900.0,900.4500122070312,1215
2025-04-08 15:26:00+05:30,900.0,901.75,900.0,901.7000122070312,771
2025-04-08 15:27:00+05:30,900.5999755859375,901.0,900.0,900.0,173
2025-04-08 15:28:00+05:30,900.0499877929688,900.0999755859375,900.0,900.0,422
2025-04-08 15:29:00+05:30,904.75,904.75,897.7999877929688,900.0,2669
2025-04-09 09:15:00+05:30,900.3499755859375,900.4500122070312,896.2000122070312,897.25,0
2025-04-09 09:16:00+05:30,901.4500122070312,904.4500122070312,900.4000244140625,904.4500122070312,1135
2025-04-09 09:17:00+05:30,898.2000122070312,901.5,897.4000244140625,901.5,334
2025-04-09 09:18:00+05:30,896.0,897.2000122070312,893.5999755859375,897.2000122070312,1098
2025-04-09 09:19:00+05:30,897.2999877929688,900.7999877929688,897.2999877929688,898.9500122070312,2033
2025-04-09 09:20:00+05:30,896.2999877929688,899.5999755859375,895.3499755859375,899.5999755859375,434
2025-04-09 09:21:00+05:30,896.2000122070312,899.0499877929688,895.9000244140625,896.8499755859375,787
2025-04-09 09:22:00+05:30,896.0999755859375,897.5,894.7999877929688,896.0499877929688,208
2025-04-09 09:23:00+05:30,895.0499877929688,897.0,895.0499877929688,897.0,612
2025-04-09 09:24:00+05:30,891.4500122070312,894.7000122070312,891.4500122070312,893.5999755859375,181
2025-04-09 09:25:00+05:30,892.4500122070312,892.4500122070312,891.0499877929688,891.0499877929688,509
2025-04-09 09:26:00+05:30,890.2999877929688,892.4000244140625,890.2999877929688,892.4000244140625,62
2025-04-09 09:27:00+05:30,893.5999755859375,893.5999755859375,891.1500244140625,891.9000244140625,148
2025-04-09 09:28:00+05:30,892.25,893.9000244140625,892.25,893.9000244140625,543
2025-04-09 09:29:00+05:30,892.7999877929688,892.7999877929688,891.0499877929688,892.0499877929688,81
2025-04-09 09:30:00+05:30,890.0999755859375,892.1500244140625,890.0,891.8499755859375,220
2025-04-09 09:31:00+05:30,888.6500244140625,889.8499755859375,888.6500244140625,889.8499755859375,193
2025-04-09 09:32:00+05:30,891.7999877929688,891.7999877929688,888.6500244140625,889.75,140
2025-04-09 09:33:00+05:30,890.6500244140625,891.8499755859375,890.6500244140625,891.8499755859375,71
2025-04-09 09:34:00+05:30,890.0999755859375,891.9500122070312,890.0999755859375,891.9500122070312,104
2025-04-09 09:35:00+05:30,891.9500122070312,891.9500122070312,891.2999877929688,891.2999877929688,28
2025-04-09 09:36:00+05:30,891.4000244140625,891.9500122070312,890.6500244140625,891.9500122070312,66
2025-04-09 09:37:00+05:30,891.0999755859375,891.6500244140625,891.0,891.0,68
2025-04-09 09:38:00+05:30,890.9500122070312,891.0999755859375,890.0999755859375,890.5999755859375,377
2025-04-09 09:39:00+05:30,891.9000244140625,891.9000244140625,890.7999877929688,890.7999877929688,167
2025-04-09 09:40:00+05:30,891.75,891.75,891.0,891.0,37
2025-04-09 09:41:00+05:30,892.5999755859375,892.9000244140625,891.6500244140625,892.2000122070312,289
2025-04-09 09:42:00+05:30,892.5999755859375,892.5999755859375,892.5999755859375,892.5999755859375,28
2025-04-09 09:43:00+05:30,892.6500244140625,892.6500244140625,891.9500122070312,891.9500122070312,132
2025-04-09 09:44:00+05:30,892.7000122070312,892.75,891.8499755859375,892.6500244140625,73
2025-04-09 09:45:00+05:30,892.5499877929688,892.8499755859375,892.5,892.7000122070312,153
2025-04-09 09:46:00+05:30,892.3499755859375,892.3499755859375,892.3499755859375,892.3499755859375,31
2025-04-09 09:47:00+05:30,893.0,893.0,892.2000122070312,892.2000122070312,135
2025-04-09 09:48:00+05:30,893.0,893.0499877929688,893.0,893.0,134
2025-04-09 09:49:00+05:30,891.3499755859375,892.5999755859375,891.3499755859375,892.5999755859375,0
2025-04-09 09:50:00+05:30,891.4500122070312,892.2000122070312,891.1500244140625,891.1500244140625,198
2025-04-09 09:51:00+05:30,891.2999877929688,891.2999877929688,891.2999877929688,891.2999877929688,31
2025-04-09 09:52:00+05:30,891.7999877929688,891.7999877929688,891.0,891.7999877929688,47
2025-04-09 09:53:00+05:30,892.0,893.0,891.8499755859375,891.8499755859375,216
2025-04-09 09:54:00+05:30,891.0,892.0,891.0,892.0,49
2025-04-09 09:55:00+05:30,891.0,891.0,891.0,891.0,0
2025-04-09 09:56:00+05:30,890.75,891.2000122070312,890.75,890.75,114
2025-04-09 09:57:00+05:30,889.2000122070312,890.6500244140625,889.2000122070312,890.6500244140625,581
2025-04-09 09:58:00+05:30,889.8499755859375,889.8499755859375,889.7999877929688,889.7999877929688,212
2025-04-09 09:59:00+05:30,889.4000244140625,889.7999877929688,889.4000244140625,889.7999877929688,49
2025-04-09 10:00:00+05:30,890.2000122070312,890.2000122070312,890.2000122070312,890.2000122070312,19
2025-04-09 10:01:00+05:30,889.5,889.5,889.2000122070312,889.2000122070312,24
2025-04-09 10:02:00+05:30,889.5,889.5,889.5,889.5,65
2025-04-09 10:03:00+05:30,890.0,890.0,889.6500244140625,889.6500244140625,0
2025-04-09 10:04:00+05:30,889.7999877929688,890.0,889.7999877929688,890.0,79
2025-04-09 10:05:00+05:30,890.5499877929688,890.5999755859375,890.5499877929688,890.5999755859375,6
2025-04-09 10:06:00+05:30,890.5999755859375,890.5999755859375,890.0499877929688,890.5999755859375,43
2025-04-09 10:07:00+05:30,890.1500244140625,890.5999755859375,890.1500244140625,890.5999755859375,6
2025-04-09 10:08:00+05:30,890.4500122070312,890.4500122070312,889.6500244140625,889.6500244140625,40
2025-04-09 10:09:00+05:30,889.25,889.6500244140625,889.25,889.6500244140625,68
2025-04-09 10:10:00+05:30,889.25,889.25,889.2000122070312,889.25,171
2025-04-09 10:11:00+05:30,888.0,889.25,888.0,889.25,455
2025-04-09 10:12:00+05:30,887.0999755859375,887.7999877929688,886.9500122070312,887.7999877929688,15
2025-04-09 10:13:00+05:30,886.0999755859375,886.2999877929688,886.0999755859375,886.2999877929688,81
2025-04-09 10:14:00+05:30,887.1500244140625,887.1500244140625,886.2000122070312,886.2000122070312,109
2025-04-09 10:15:00+05:30,888.5999755859375,889.3499755859375,886.5,886.6500244140625,615
2025-04-09 10:16:00+05:30,889.5499877929688,889.5499877929688,889.2999877929688,889.2999877929688,0
2025-04-09 10:17:00+05:30,888.4000244140625,888.4000244140625,888.4000244140625,888.4000244140625,31
2025-04-09 10:18:00+05:30,889.5999755859375,890.8499755859375,889.5999755859375,889.9000244140625,216
2025-04-09 10:19:00+05:30,889.7999877929688,889.7999877929688,889.7999877929688,889.7999877929688,52
2025-04-09 10:20:00+05:30,890.5,890.5,890.5,890.5,7
2025-04-09 10:21:00+05:30,892.0,892.0,890.7000122070312,890.7000122070312,356
2025-04-09 10:22:00+05:30,892.9000244140625,893.4000244140625,892.9000244140625,893.0,175
2025-04-09 10:23:00+05:30,893.5499877929688,893.5499877929688,892.5999755859375,892.5999755859375,22
2025-04-09 10:24:00+05:30,892.9500122070312,892.9500122070312,892.9500122070312,892.9500122070312,6
2025-04-09 10:25:00+05:30,892.5,892.5,892.5,892.5,15
2025-04-09 10:26:00+05:30,892.5,892.9500122070312,892.5,892.9500122070312,87
2025-04-09 10:27:00+05:30,893.0999755859375,893.0999755859375,893.0999755859375,893.0999755859375,13
2025-04-09 10:28:00+05:30,892.9000244140625,892.9000244140625,892.3499755859375,892.3499755859375,94
2025-04-09 10:29:00+05:30,893.25,893.25,893.0,893.0,216
2025-04-09 10:30:00+05:30,893.25,893.25,893.25,893.25,7
2025-04-09 10:31:00+05:30,892.7000122070312,893.1500244140625,892.7000122070312,893.0,10
2025-04-09 10:32:00+05:30,892.1500244140625,892.1500244140625,892.1500244140625,892.1500244140625,34
2025-04-09 10:33:00+05:30,892.0,892.0,892.0,892.0,40
2025-04-09 10:34:00+05:30,891.9000244140625,891.9000244140625,891.9000244140625,891.9000244140625,35
2025-04-09 10:35:00+05:30,891.75,891.75,891.75,891.75,6
2025-04-09 10:36:00+05:30,891.75,892.25,891.75,892.25,24
2025-04-09 10:56:00+05:30,892.4500122070312,892.4500122070312,892.4500122070312,892.4500122070312,1017
2025-04-09 10:57:00+05:30,893.0,893.0,892.9000244140625,892.9000244140625,4
2025-04-09 10:58:00+05:30,892.8499755859375,893.25,892.8499755859375,893.25,12
2025-04-09 10:59:00+05:30,891.7000122070312,892.9000244140625,891.7000122070312,892.4000244140625,70
2025-04-09 11:00:00+05:30,891.9000244140625,892.9000244140625,891.9000244140625,892.9000244140625,49
2025-04-09 11:01:00+05:30,891.9500122070312,891.9500122070312,891.9500122070312,891.9500122070312,0
2025-04-09 11:02:00+05:30,892.8499755859375,892.8499755859375,892.7999877929688,892.7999877929688,0
2025-04-09 11:03:00+05:30,892.8499755859375,892.9500122070312,892.8499755859375,892.8499755859375,26
2025-04-09 11:05:00+05:30,891.3499755859375,892.7000122070312,891.3499755859375,892.7000122070312,131
2025-04-09 11:06:00+05:30,891.0,891.1500244140625,890.0,891.1500244140625,149
2025-04-09 11:07:00+05:30,890.7999877929688,890.7999877929688,889.9000244140625,889.9000244140625,0
2025-04-09 11:08:00+05:30,890.7999877929688,890.7999877929688,890.7999877929688,890.7999877929688,15
2025-04-09 11:09:00+05:30,891.0,891.0,891.0,891.0,63
2025-04-09 11:10:00+05:30,890.1500244140625,890.1500244140625,890.1500244140625,890.1500244140625,0
2025-04-09 11:11:00+05:30,888.0,890.1500244140625,888.0,888.7999877929688,1397
2025-04-09 11:12:00+05:30,887.5499877929688,887.5499877929688,887.5499877929688,887.5499877929688,132
2025-04-09 11:13:00+05:30,887.0,888.1500244140625,887.0,887.0,119
2025-04-09 11:14:00+05:30,888.0,888.0,887.5,887.5,48
2025-04-09 11:15:00+05:30,886.9000244140625,887.2000122070312,886.9000244140625,887.2000122070312,64
2025-04-09 11:16:00+05:30,886.5499877929688,886.5499877929688,886.5499877929688,886.5499877929688,32
2025-04-09 11:17:00+05:30,887.5,887.5,887.4000244140625,887.4000244140625,26
2025-04-09 11:19:00+05:30,887.5,887.5,887.5,887.5,3
2025-04-09 11:20:00+05:30,887.25,888.4500122070312,887.25,888.4500122070312,82
2025-04-09 11:21:00+05:30,887.5,887.5,887.2000122070312,887.2000122070312,8
2025-04-09 11:25:00+05:30,887.6500244140625,888.5,887.5,887.5,16
2025-04-09 11:26:00+05:30,887.7000122070312,887.7000122070312,887.7000122070312,887.7000122070312,33
2025-04-09 11:27:00+05:30,887.9000244140625,889.0499877929688,887.9000244140625,888.8499755859375,46
2025-04-09 11:28:00+05:30,888.5,889.0499877929688,888.5,888.75,50
2025-04-09 11:29:00+05:30,887.75,889.25,887.75,889.25,183
2025-04-09 11:30:00+05:30,888.7999877929688,888.7999877929688,887.5,887.5,55
2025-04-09 11:32:00+05:30,888.7999877929688,888.7999877929688,888.7999877929688,888.7999877929688,7
2025-04-09 11:33:00+05:30,889.7999877929688,889.7999877929688,889.7999877929688,889.7999877929688,0
2025-04-09 11:34:00+05:30,888.7000122070312,888.7000122070312,888.7000122070312,888.7000122070312,5
2025-04-09 11:35:00+05:30,888.7000122070312,889.5499877929688,888.7000122070312,889.5499877929688,24
2025-04-09 11:36:00+05:30,889.75,889.7999877929688,888.7000122070312,888.7000122070312,20
2025-04-09 11:37:00+05:30,888.8499755859375,889.7000122070312,888.8499755859375,888.8499755859375,20
2025-04-09 11:42:00+05:30,889.7000122070312,889.7000122070312,888.9500122070312,888.9500122070312,26
2025-04-09 11:43:00+05:30,891.8499755859375,891.8499755859375,891.0,891.8499755859375,181
2025-04-09 11:45:00+05:30,892.2000122070312,892.2000122070312,892.2000122070312,892.2000122070312,1
2025-04-09 11:46:00+05:30,891.25,891.25,891.25,891.25,1
2025-04-09 11:47:00+05:30,891.9000244140625,893.0,891.9000244140625,892.2000122070312,173
2025-04-09 11:49:00+05:30,891.7999877929688,891.7999877929688,891.7999877929688,891.7999877929688,69
2025-04-09 11:51:00+05:30,891.25,891.7999877929688,891.25,891.7999877929688,35
2025-04-09 11:54:00+05:30,889.75,890.2000122070312,889.75,890.2000122070312,139
2025-04-09 11:55:00+05:30,890.0499877929688,890.0999755859375,889.2999877929688,889.5499877929688,80
2025-04-09 11:56:00+05:30,890.9500122070312,891.4500122070312,890.9500122070312,891.4500122070312,227
2025-04-09 11:58:00+05:30,891.0,891.0,891.0,891.0,28
2025-04-09 11:59:00+05:30,890.2999877929688,891.0,890.2999877929688,891.0,194
2025-04-09 12:01:00+05:30,890.2999877929688,890.2999877929688,890.2999877929688,890.2999877929688,46
2025-04-09 12:02:00+05:30,890.75,891.1500244140625,890.5999755859375,890.5999755859375,104
2025-04-09 12:03:00+05:30,891.5,891.5,891.5,891.5,6
2025-04-09 12:04:00+05:30,891.0,891.2000122070312,891.0,891.1500244140625,18
2025-04-09 12:05:00+05:30,892.0,892.3499755859375,892.0,892.3499755859375,134
2025-04-09 12:08:00+05:30,892.0499877929688,892.2000122070312,892.0499877929688,892.2000122070312,5
2025-04-09 12:10:00+05:30,893.0,893.0,893.0,893.0,52
2025-04-09 12:11:00+05:30,892.6500244140625,892.6500244140625,892.6500244140625,892.6500244140625,28
2025-04-09 12:15:00+05:30,892.5,892.5,892.0,892.0,6
2025-04-09 12:16:00+05:30,892.0,892.0,892.0,892.0,11
2025-04-09 12:17:00+05:30,892.0,892.0,891.6500244140625,891.6500244140625,59
2025-04-09 12:20:00+05:30,892.0,892.0,892.0,892.0,118
2025-04-09 12:25:00+05:30,892.7000122070312,892.7000122070312,892.5,892.5,110
2025-04-09 12:26:00+05:30,892.5,892.5,892.5,892.5,0
2025-04-09 12:27:00+05:30,892.0,893.25,892.0,893.25,83
2025-04-09 12:28:00+05:30,893.2999877929688,893.2999877929688,893.2999877929688,893.2999877929688,68
2025-04-09 12:29:00+05:30,892.0999755859375,892.0999755859375,892.0999755859375,892.0999755859375,0
2025-04-09 12:31:00+05:30,891.4500122070312,891.7999877929688,891.4500122070312,891.7999877929688,86
2025-04-09 12:35:00+05:30,891.7000122070312,891.7000122070312,891.7000122070312,891.7000122070312,22
2025-04-09 12:37:00+05:30,892.9000244140625,892.9000244140625,892.9000244140625,892.9000244140625,6
2025-04-09 12:38:00+05:30,892.5999755859375,892.5999755859375,892.5999755859375,892.5999755859375,10
2025-04-09 12:39:00+05:30,892.5499877929688,892.5499877929688,892.5499877929688,892.5499877929688,78
2025-04-09 12:40:00+05:30,892.4000244140625,893.25,892.4000244140625,892.5,22
2025-04-09 12:42:00+05:30,892.1500244140625,892.1500244140625,892.1500244140625,892.1500244140625,12
2025-04-09 12:43:00+05:30,893.1500244140625,893.1500244140625,893.1500244140625,893.1500244140625,1
2025-04-09 12:45:00+05:30,892.4000244140625,892.4000244140625,891.0499877929688,891.7000122070312,235
2025-04-09 12:47:00+05:30,891.3499755859375,892.4500122070312,891.3499755859375,892.4500122070312,145
2025-04-09 12:48:00+05:30,891.4000244140625,891.4000244140625,891.4000244140625,891.4000244140625,6
2025-04-09 12:49:00+05:30,892.7000122070312,892.7000122070312,891.5,891.5,45
2025-04-09 12:50:00+05:30,892.7999877929688,892.7999877929688,892.7999877929688,892.7999877929688,0
2025-04-09 12:51:00+05:30,891.7999877929688,891.7999877929688,891.7999877929688,891.7999877929688,19
2025-04-09 12:52:00+05:30,891.6500244140625,891.6500244140625,891.6500244140625,891.6500244140625,7
2025-04-09 12:54:00+05:30,891.5,891.5,891.5,891.5,88
2025-04-09 12:55:00+05:30,892.5499877929688,892.5499877929688,892.5499877929688,892.5499877929688,19
2025-04-09 12:56:00+05:30,892.5499877929688,892.5499877929688,892.5499877929688,892.5499877929688,14
2025-04-09 12:58:00+05:30,892.5499877929688,892.5499877929688,892.5499877929688,892.5499877929688,0
2025-04-09 12:59:00+05:30,892.5499877929688,892.5499877929688,892.5499877929688,892.5499877929688,11
2025-04-09 13:01:00+05:30,892.5,892.5,892.5,892.5,21
2025-04-09 13:02:00+05:30,892.5,892.5,892.5,892.5,1
2025-04-09 13:03:00+05:30,891.3499755859375,892.5,891.3499755859375,892.5,48
2025-04-09 13:04:00+05:30,891.5,891.5499877929688,891.3499755859375,891.3499755859375,164
2025-04-09 13:05:00+05:30,891.5,891.5,891.5,891.5,0
2025-04-09 13:06:00+05:30,891.5,891.5,891.5,891.5,1
2025-04-09 13:07:00+05:30,892.3499755859375,892.5,891.3499755859375,891.3499755859375,39
2025-04-09 13:08:00+05:30,892.3499755859375,892.3499755859375,892.3499755859375,892.3499755859375,3
2025-04-09 13:09:00+05:30,891.5499877929688,892.6500244140625,891.5499877929688,892.6500244140625,86
2025-04-09 13:11:00+05:30,891.5999755859375,892.5999755859375,891.5999755859375,892.5999755859375,21
2025-04-09 13:14:00+05:30,891.7000122070312,891.7000122070312,891.7000122070312,891.7000122070312,8
2025-04-09 13:15:00+05:30,891.7000122070312,892.7000122070312,891.7000122070312,892.5,97
2025-04-09 13:16:00+05:30,892.7000122070312,892.7000122070312,891.75,892.7000122070312,24
2025-04-09 13:17:00+05:30,892.7000122070312,892.7000122070312,892.7000122070312,892.7000122070312,10
2025-04-09 13:19:00+05:30,892.5,892.5,892.5,892.5,7
2025-04-09 13:22:00+05:30,891.5,892.0,891.5,892.0,253
2025-04-09 13:23:00+05:30,892.5,892.5,892.5,892.5,30
2025-04-09 13:24:00+05:30,892.2999877929688,892.2999877929688,891.5,891.5,20
2025-04-09 13:30:00+05:30,891.5999755859375,892.2999877929688,891.5999755859375,892.2999877929688,86
2025-04-09 13:31:00+05:30,891.5,891.5999755859375,891.5,891.5999755859375,72
2025-04-09 13:32:00+05:30,892.6500244140625,892.6500244140625,892.6500244140625,892.6500244140625,19
2025-04-09 13:33:00+05:30,891.5,891.5,891.25,891.25,59
2025-04-09 13:34:00+05:30,891.5499877929688,892.2999877929688,891.5499877929688,892.2999877929688,89
2025-04-09 13:36:00+05:30,891.5499877929688,891.5499877929688,891.5499877929688,891.5499877929688,30
2025-04-09 13:37:00+05:30,892.4500122070312,892.4500122070312,892.4500122070312,892.4500122070312,22
2025-04-09 13:38:00+05:30,891.5,892.6500244140625,891.5,892.6500244140625,169
2025-04-09 13:39:00+05:30,891.5,891.5,891.25,891.25,89
2025-04-09 13:40:00+05:30,891.5,892.2999877929688,891.5,892.2999877929688,542
2025-04-09 13:41:00+05:30,891.9000244140625,891.9000244140625,891.9000244140625,891.9000244140625,2
2025-04-09 13:45:00+05:30,891.9000244140625,891.9000244140625,891.9000244140625,891.9000244140625,14
2025-04-09 13:46:00+05:30,891.5,891.9000244140625,891.5,891.9000244140625,27
2025-04-09 13:48:00+05:30,891.9000244140625,891.9000244140625,891.9000244140625,891.9000244140625,8
2025-04-09 13:49:00+05:30,891.5999755859375,891.9000244140625,891.5999755859375,891.9000244140625,124
2025-04-09 13:50:00+05:30,892.2999877929688,892.2999877929688,892.2999877929688,892.2999877929688,29
2025-04-09 13:51:00+05:30,892.0,892.25,892.0,892.25,1
2025-04-09 13:58:00+05:30,891.0,891.5,891.0,891.5,60
2025-04-09 14:01:00+05:30,892.0,892.0,892.0,892.0,35
2025-04-09 14:03:00+05:30,892.75,892.75,892.75,892.75,1
2025-04-09 14:04:00+05:30,892.0,892.0,892.0,892.0,42
2025-04-09 14:05:00+05:30,892.7999877929688,892.7999877929688,892.7999877929688,892.7999877929688,2
2025-04-09 14:06:00+05:30,892.0,892.0,892.0,892.0,1
2025-04-09 14:10:00+05:30,892.0,892.0,892.0,892.0,50
2025-04-09 14:11:00+05:30,892.4500122070312,892.4500122070312,892.4500122070312,892.4500122070312,96
2025-04-09 14:13:00+05:30,892.4000244140625,892.4000244140625,892.4000244140625,892.4000244140625,0
2025-04-09 14:14:00+05:30,892.4000244140625,892.4000244140625,892.4000244140625,892.4000244140625,2
2025-04-09 14:15:00+05:30,892.0,892.4000244140625,892.0,892.4000244140625,3
2025-04-09 14:16:00+05:30,892.4000244140625,892.4000244140625,892.4000244140625,892.4000244140625,9
2025-04-09 14:17:00+05:30,892.0,892.0,892.0,892.0,0
2025-04-09 14:18:00+05:30,892.0,892.4000244140625,892.0,892.4000244140625,10
2025-04-09 14:20:00+05:30,892.0,892.0,892.0,892.0,120
2025-04-09 14:21:00+05:30,892.5,892.5,891.6500244140625,892.5,2413
2025-04-09 14:22:00+05:30,892.0,892.0,892.0,892.0,225
2025-04-09 14:23:00+05:30,892.4000244140625,892.4000244140625,892.4000244140625,892.4000244140625,2
2025-04-09 14:24:00+05:30,892.0,892.0,892.0,892.0,9
2025-04-09 14:26:00+05:30,891.6500244140625,892.4000244140625,891.6500244140625,892.4000244140625,265
2025-04-09 14:27:00+05:30,892.0,892.7999877929688,892.0,892.7999877929688,126
2025-04-09 14:29:00+05:30,892.7000122070312,892.75,892.0,892.75,15
2025-04-09 14:30:00+05:30,891.9500122070312,893.1500244140625,891.9500122070312,892.0,203
2025-04-09 14:31:00+05:30,892.0,892.0,892.0,892.0,1
2025-04-09 14:32:00+05:30,892.75,892.75,892.75,892.75,10
2025-04-09 14:33:00+05:30,892.7000122070312,892.7000122070312,892.7000122070312,892.7000122070312,19
2025-04-09 14:35:00+05:30,892.5,892.5,891.75,892.0,448
2025-04-09 14:36:00+05:30,892.0,892.0,892.0,892.0,7
2025-04-09 14:37:00+05:30,892.5,892.5,892.5,892.5,132
2025-04-09 14:38:00+05:30,892.25,893.1500244140625,891.7999877929688,893.0,493
2025-04-09 14:39:00+05:30,892.0999755859375,893.0,892.0999755859375,893.0,91
2025-04-09 14:40:00+05:30,892.0,892.0,892.0,892.0,0
2025-04-09 14:41:00+05:30,892.0,892.0,892.0,892.0,5
2025-04-09 14:42:00+05:30,892.0,892.0,892.0,892.0,1
2025-04-09 14:44:00+05:30,892.5499877929688,892.5499877929688,892.0,892.0,157
2025-04-09 14:45:00+05:30,892.5499877929688,892.5499877929688,892.0,892.0,10
2025-04-09 14:46:00+05:30,892.5,892.5,892.5,892.5,3
2025-04-09 14:47:00+05:30,892.3499755859375,892.5499877929688,892.3499755859375,892.5499877929688,52
2025-04-09 14:48:00+05:30,892.3499755859375,892.3499755859375,892.3499755859375,892.3499755859375,38
2025-04-09 14:49:00+05:30,892.4000244140625,892.4000244140625,892.4000244140625,892.4000244140625,0
2025-04-09 14:50:00+05:30,892.3499755859375,892.3499755859375,892.3499755859375,892.3499755859375,107
2025-04-09 14:51:00+05:30,892.3499755859375,892.3499755859375,892.3499755859375,892.3499755859375,15
2025-04-09 14:52:00+05:30,892.3499755859375,892.3499755859375,892.3499755859375,892.3499755859375,85
2025-04-09 14:53:00+05:30,892.0,892.7999877929688,892.0,892.3499755859375,50
2025-04-09 14:54:00+05:30,892.5,892.5,892.3499755859375,892.5,248
2025-04-09 14:55:00+05:30,892.0,892.0999755859375,892.0,892.0999755859375,35
2025-04-09 14:56:00+05:30,892.0,892.0,892.0,892.0,57
2025-04-09 14:57:00+05:30,892.0,892.0,891.7000122070312,891.7000122070312,104
2025-04-09 14:58:00+05:30,892.25,892.25,892.25,892.25,146
2025-04-09 14:59:00+05:30,892.0,892.0,892.0,892.0,0
2025-04-09 15:00:00+05:30,892.0,892.2000122070312,892.0,892.0,361
2025-04-09 15:01:00+05:30,892.0,892.0499877929688,891.7999877929688,892.0,267
2025-04-09 15:02:00+05:30,892.0,892.2999877929688,892.0,892.0,146
2025-04-09 15:03:00+05:30,892.0,892.25,892.0,892.0499877929688,239
2025-04-09 15:04:00+05:30,892.0,892.1500244140625,891.5999755859375,892.0,201
2025-04-09 15:05:00+05:30,892.0,892.0999755859375,891.7000122070312,892.0,207
2025-04-09 15:06:00+05:30,891.5,892.1500244140625,891.5,892.1500244140625,177
2025-04-09 15:07:00+05:30,892.0,892.1500244140625,892.0,892.0,155
2025-04-09 15:08:00+05:30,892.0,892.1500244140625,891.4000244140625,892.0,153
2025-04-09 15:09:00+05:30,892.1500244140625,892.1500244140625,892.0,892.0,146
2025-04-09 15:10:00+05:30,892.1500244140625,892.7999877929688,892.0,892.0,178
2025-04-09 15:11:00+05:30,892.2999877929688,892.2999877929688,892.0,892.0,198
2025-04-09 15:12:00+05:30,892.5,893.0,892.25,892.25,134
2025-04-09 15:13:00+05:30,892.0499877929688,893.2000122070312,892.0499877929688,892.2999877929688,128
2025-04-09 15:14:00+05:30,892.0,892.75,892.0,892.0,161
2025-04-09 15:15:00+05:30,892.5999755859375,893.0,892.0,892.0,257
2025-04-09 15:16:00+05:30,892.1500244140625,892.75,892.0999755859375,892.1500244140625,242
2025-04-09 15:17:00+05:30,892.0,892.75,891.9000244140625,892.25,248
2025-04-09 15:18:00+05:30,892.0,892.1500244140625,892.0,892.0,310
2025-04-09 15:19:00+05:30,892.0,892.1500244140625,892.0,892.1500244140625,129
2025-04-09 15:20:00+05:30,892.0,892.7000122070312,892.0,892.0,773
2025-04-09 15:21:00+05:30,892.0,892.3499755859375,892.0,892.0,256
2025-04-09 15:22:00+05:30,892.0,892.2000122070312,892.0,892.2000122070312,819
2025-04-09 15:23:00+05:30,892.0,892.1500244140625,892.0,892.0,470
2025-04-09 15:24:00+05:30,892.0,892.0999755859375,892.0,892.0,370
2025-04-09 15:25:00+05:30,890.8499755859375,892.1500244140625,890.8499755859375,892.1500244140625,107
2025-04-09 15:26:00+05:30,892.1500244140625,892.1500244140625,890.2000122070312,890.7999877929688,1491
2025-04-09 15:27:00+05:30,892.0,892.1500244140625,892.0,892.0,965
2025-04-09 15:28:00+05:30,893.0,893.0,892.0,892.0,533
2025-04-09 15:29:00+05:30,892.0,892.1500244140625,892.0,892.0,151
2025-04-11 09:15:00+05:30,908.2000122070312,910.0,903.0,903.0,0
2025-04-11 09:16:00+05:30,904.9000244140625,906.5499877929688,904.9000244140625,906.5499877929688,466
2025-04-11 09:17:00+05:30,907.0499877929688,907.0499877929688,905.75,905.75,139
2025-04-11 09:18:00+05:30,905.5499877929688,906.9000244140625,905.4500122070312,905.9500122070312,450
2025-04-11 09:19:00+05:30,903.0,906.0,903.0,905.6500244140625,149
2025-04-11 09:20:00+05:30,901.0499877929688,902.5999755859375,900.4000244140625,902.5999755859375,747
2025-04-11 09:21:00+05:30,902.25,902.25,901.0,901.7999877929688,411
2025-04-11 09:22:00+05:30,904.5499877929688,904.5499877929688,903.75,904.0,233
2025-04-11 09:23:00+05:30,904.9500122070312,904.9500122070312,903.8499755859375,904.5499877929688,232
2025-04-11 09:24:00+05:30,905.0999755859375,905.75,904.5,904.5,124
2025-04-11 09:25:00+05:30,907.5499877929688,907.5499877929688,906.9000244140625,906.9000244140625,687
2025-04-11 09:26:00+05:30,906.5499877929688,906.7999877929688,906.0499877929688,906.7999877929688,162
2025-04-11 09:27:00+05:30,904.9500122070312,905.4000244140625,904.0499877929688,905.0499877929688,297
2025-04-11 09:28:00+05:30,906.8499755859375,907.5499877929688,904.0499877929688,904.9500122070312,516
2025-04-11 09:29:00+05:30,904.5499877929688,907.25,904.5499877929688,907.25,198
2025-04-11 09:30:00+05:30,902.2999877929688,905.8499755859375,901.9000244140625,905.8499755859375,448
2025-04-11 09:31:00+05:30,902.2000122070312,902.2000122070312,902.0499877929688,902.0499877929688,89
2025-04-11 09:32:00+05:30,901.5,902.4000244140625,901.5,901.8499755859375,22
2025-04-11 09:33:00+05:30,902.0999755859375,902.0999755859375,901.5,901.5,113
2025-04-11 09:34:00+05:30,901.7999877929688,902.0999755859375,901.4000244140625,902.0999755859375,53
2025-04-11 09:35:00+05:30,901.8499755859375,901.8499755859375,901.8499755859375,901.8499755859375,285
2025-04-11 09:36:00+05:30,902.2999877929688,902.2999877929688,901.7000122070312,901.9000244140625,0
2025-04-11 09:37:00+05:30,902.25,902.8499755859375,902.1500244140625,902.6500244140625,65
2025-04-11 09:38:00+05:30,901.5,902.5999755859375,901.5,902.5999755859375,64
2025-04-11 09:39:00+05:30,901.7999877929688,901.7999877929688,901.5,901.5,12
2025-04-11 09:40:00+05:30,900.0499877929688,900.0499877929688,900.0,900.0499877929688,718
2025-04-11 09:41:00+05:30,900.0,900.4000244140625,900.0,900.4000244140625,88
2025-04-11 09:42:00+05:30,899.4500122070312,899.4500122070312,899.4500122070312,899.4500122070312,44
2025-04-11 09:43:00+05:30,899.5499877929688,899.5499877929688,899.0,899.0,7
2025-04-11 09:44:00+05:30,899.2000122070312,899.9000244140625,899.2000122070312,899.8499755859375,71
2025-04-11 09:45:00+05:30,899.0,899.7000122070312,899.0,899.7000122070312,47
2025-04-11 09:46:00+05:30,897.6500244140625,898.7000122070312,897.5499877929688,898.7000122070312,115
2025-04-11 09:47:00+05:30,899.7000122070312,899.7000122070312,898.6500244140625,899.2000122070312,2520
2025-04-11 09:48:00+05:30,900.0999755859375,900.0999755859375,899.2000122070312,899.75,2418
2025-04-11 09:49:00+05:30,899.8499755859375,900.25,899.8499755859375,900.25,324
2025-04-11 09:50:00+05:30,900.75,900.75,900.75,900.75,8
2025-04-11 09:51:00+05:30,900.2000122070312,900.7000122070312,899.8499755859375,900.7000122070312,143
2025-04-11 09:52:00+05:30,899.9000244140625,900.7999877929688,899.8499755859375,900.7999877929688,56
2025-04-11 09:53:00+05:30,900.2000122070312,900.2000122070312,899.2000122070312,899.9500122070312,145
2025-04-11 09:54:00+05:30,901.2999877929688,901.2999877929688,900.2000122070312,900.2999877929688,560
2025-04-11 09:55:00+05:30,901.9000244140625,901.9000244140625,901.2000122070312,901.9000244140625,268
2025-04-11 09:56:00+05:30,901.0499877929688,901.2999877929688,900.0,900.75,181
2025-04-11 09:57:00+05:30,901.5,901.5,901.2999877929688,901.2999877929688,61
2025-04-11 09:58:00+05:30,899.5999755859375,900.4000244140625,899.5999755859375,900.4000244140625,260
2025-04-11 09:59:00+05:30,899.0,899.8499755859375,899.0,899.8499755859375,251
2025-04-11 10:00:00+05:30,899.4000244140625,899.4000244140625,898.3499755859375,898.5499877929688,153
2025-04-11 10:01:00+05:30,901.7000122070312,901.7000122070312,899.4000244140625,899.4000244140625,703
2025-04-11 10:02:00+05:30,900.0499877929688,900.6500244140625,900.0499877929688,900.6500244140625,35
2025-04-11 10:03:00+05:30,901.2000122070312,901.2000122070312,901.2000122070312,901.2000122070312,4
2025-04-11 10:04:00+05:30,900.5,900.5,900.5,900.5,1
2025-04-11 10:05:00+05:30,900.5,900.5,900.5,900.5,31
2025-04-11 10:06:00+05:30,901.5,901.5,901.5,901.5,0
2025-04-11 10:07:00+05:30,900.5999755859375,902.0,900.5999755859375,902.0,226
2025-04-11 10:08:00+05:30,900.5499877929688,901.8499755859375,900.5,900.5,138
2025-04-11 10:09:00+05:30,900.8499755859375,901.7999877929688,900.8499755859375,901.7999877929688,131
2025-04-11 10:10:00+05:30,899.5999755859375,900.1500244140625,899.5999755859375,900.1500244140625,88
2025-04-11 10:11:00+05:30,899.0499877929688,899.0499877929688,899.0499877929688,899.0499877929688,0
2025-04-11 10:12:00+05:30,899.25,899.8499755859375,898.3499755859375,898.3499755859375,150
2025-04-11 10:13:00+05:30,899.8499755859375,899.8499755859375,899.75,899.7999877929688,0
2025-04-11 10:14:00+05:30,899.5999755859375,899.5999755859375,899.5999755859375,899.5999755859375,3
2025-04-11 10:15:00+05:30,900.1500244140625,900.1500244140625,898.9500122070312,899.75,91
2025-04-11 10:16:00+05:30,900.1500244140625,900.1500244140625,900.1500244140625,900.1500244140625,0
2025-04-11 10:17:00+05:30,898.5,898.7999877929688,898.5,898.7999877929688,11
2025-04-11 10:18:00+05:30,898.4500122070312,898.5,898.2000122070312,898.5,75
2025-04-11 10:19:00+05:30,898.4500122070312,898.4500122070312,898.4500122070312,898.4500122070312,7
2025-04-11 10:20:00+05:30,898.0499877929688,898.2000122070312,898.0499877929688,898.2000122070312,11
2025-04-11 10:21:00+05:30,897.0,898.0,897.0,898.0,331
2025-04-11 10:22:00+05:30,897.0999755859375,897.4500122070312,896.4500122070312,896.4500122070312,40
2025-04-11 10:24:00+05:30,898.2000122070312,898.2000122070312,897.0999755859375,897.0999755859375,208
2025-04-11 10:25:00+05:30,898.2999877929688,898.2999877929688,898.2999877929688,898.2999877929688,1
2025-04-11 10:26:00+05:30,898.2999877929688,899.25,898.0999755859375,899.25,94
2025-04-11 10:27:00+05:30,898.4500122070312,899.0999755859375,898.4500122070312,899.0999755859375,37
2025-04-11 10:28:00+05:30,899.2000122070312,899.2000122070312,898.4500122070312,898.4500122070312,18
2025-04-11 10:30:00+05:30,900.7000122070312,900.7000122070312,899.7999877929688,899.7999877929688,239
2025-04-11 10:31:00+05:30,900.8499755859375,900.8499755859375,900.2999877929688,900.2999877929688,52
2025-04-11 10:32:00+05:30,900.9500122070312,902.25,900.9500122070312,902.25,164
2025-04-11 10:33:00+05:30,900.9500122070312,901.25,900.2999877929688,901.25,81
2025-04-11 10:34:00+05:30,901.25,901.25,901.25,901.25,0
2025-04-11 10:35:00+05:30,900.2999877929688,900.4500122070312,900.2999877929688,900.4500122070312,103
2025-04-11 10:36:00+05:30,899.25,901.4500122070312,899.25,900.4500122070312,344
2025-04-11 10:37:00+05:30,899.5999755859375,899.5999755859375,899.3499755859375,899.3499755859375,64
2025-04-11 10:38:00+05:30,899.5999755859375,899.5999755859375,899.5999755859375,899.5999755859375,0
2025-04-11 10:39:00+05:30,899.5,899.5499877929688,899.5,899.5499877929688,5
2025-04-11 10:40:00+05:30,900.0,900.0,899.5499877929688,899.5499877929688,75
2025-04-11 10:41:00+05:30,900.7999877929688,900.8499755859375,900.7999877929688,900.8499755859375,31
2025-04-11 10:42:00+05:30,900.1500244140625,900.1500244140625,900.1500244140625,900.1500244140625,41
2025-04-11 10:43:00+05:30,899.7000122070312,900.1500244140625,899.7000122070312,900.1500244140625,72
2025-04-11 10:44:00+05:30,899.7999877929688,899.7999877929688,899.7999877929688,899.7999877929688,20
2025-04-11 10:46:00+05:30,899.5999755859375,899.5999755859375,899.5999755859375,899.5999755859375,7
2025-04-11 10:47:00+05:30,898.7000122070312,898.7999877929688,898.7000122070312,898.7999877929688,113
2025-04-11 10:49:00+05:30,900.75,901.7999877929688,899.7999877929688,899.7999877929688,188
2025-04-11 10:50:00+05:30,900.4500122070312,900.4500122070312,900.4500122070312,900.4500122070312,3
2025-04-11 10:51:00+05:30,900.7000122070312,901.7000122070312,900.7000122070312,901.7000122070312,24
2025-04-11 10:52:00+05:30,900.4000244140625,900.7999877929688,900.4000244140625,900.7999877929688,42
2025-04-11 10:53:00+05:30,900.5499877929688,900.5499877929688,899.9000244140625,900.0499877929688,15
2025-04-11 10:55:00+05:30,900.5499877929688,901.2000122070312,900.5499877929688,900.75,170
2025-04-11 10:56:00+05:30,901.9000244140625,901.9500122070312,901.0,901.0,1636
2025-04-11 10:57:00+05:30,901.7999877929688,901.7999877929688,901.7999877929688,901.7999877929688,517
2025-04-11 10:58:00+05:30,901.0,901.7999877929688,901.0,901.7999877929688,387
2025-04-11 10:59:00+05:30,901.4000244140625,901.4000244140625,900.4500122070312,901.0,1641
2025-04-11 11:00:00+05:30,901.9500122070312,902.0999755859375,901.9500122070312,901.9500122070312,49
2025-04-11 11:01:00+05:30,901.75,901.75,900.9000244140625,901.5999755859375,123
2025-04-11 11:02:00+05:30,900.8499755859375,901.6500244140625,900.8499755859375,900.9000244140625,19
2025-04-11 11:03:00+05:30,901.5,901.5,900.9500122070312,901.5,101
2025-04-11 11:04:00+05:30,903.4500122070312,904.6500244140625,903.4500122070312,904.6500244140625,2289
2025-04-11 11:05:00+05:30,902.4000244140625,904.5999755859375,902.4000244140625,903.7000122070312,170
2025-04-11 11:06:00+05:30,902.9500122070312,902.9500122070312,901.9500122070312,901.9500122070312,4
2025-04-11 11:07:00+05:30,904.3499755859375,904.3499755859375,902.0,902.0,2229
2025-04-11 11:08:00+05:30,902.9000244140625,902.9000244140625,902.0499877929688,902.0499877929688,592
2025-04-11 11:09:00+05:30,904.0999755859375,904.0999755859375,902.8499755859375,902.8499755859375,1600
2025-04-11 11:10:00+05:30,904.6500244140625,904.6500244140625,903.8499755859375,904.5499877929688,0
2025-04-11 11:11:00+05:30,904.7000122070312,904.7000122070312,904.1500244140625,904.1500244140625,57
2025-04-11 11:12:00+05:30,905.0,905.0,904.1500244140625,904.7000122070312,223
2025-04-11 11:13:00+05:30,905.5499877929688,905.9000244140625,905.5499877929688,905.9000244140625,77
2025-04-11 11:16:00+05:30,905.0,905.1500244140625,905.0,905.1500244140625,143
2025-04-11 11:17:00+05:30,904.8499755859375,904.9500122070312,904.8499755859375,904.9500122070312,58
2025-04-11 11:18:00+05:30,904.9000244140625,904.9500122070312,904.25,904.25,44
2025-04-11 11:19:00+05:30,904.8499755859375,904.8499755859375,904.8499755859375,904.8499755859375,4
2025-04-11 11:20:00+05:30,906.0,906.0,904.4500122070312,904.4500122070312,131
2025-04-11 11:21:00+05:30,905.9000244140625,905.9000244140625,905.5999755859375,905.5999755859375,0
2025-04-11 11:22:00+05:30,907.25,907.5499877929688,905.9500122070312,905.9500122070312,304
2025-04-11 11:23:00+05:30,907.2999877929688,907.2999877929688,906.7999877929688,906.7999877929688,133
2025-04-11 11:24:00+05:30,907.0499877929688,907.0499877929688,906.8499755859375,906.8499755859375,7
2025-04-11 11:25:00+05:30,906.9000244140625,907.0499877929688,906.5499877929688,906.5499877929688,117
2025-04-11 11:26:00+05:30,906.2999877929688,906.5999755859375,905.75,905.9000244140625,4
2025-04-11 11:27:00+05:30,906.5999755859375,906.5999755859375,906.2999877929688,906.2999877929688,6
2025-04-11 11:28:00+05:30,907.0,907.0,906.8499755859375,906.8499755859375,8
2025-04-11 11:29:00+05:30,906.3499755859375,906.3499755859375,906.3499755859375,906.3499755859375,213
2025-04-11 11:30:00+05:30,905.7999877929688,905.7999877929688,905.6500244140625,905.6500244140625,19
2025-04-11 11:31:00+05:30,905.25,905.25,905.25,905.25,37
2025-04-11 11:32:00+05:30,906.4000244140625,906.4000244140625,905.0,905.0,1490
2025-04-11 11:33:00+05:30,905.6500244140625,905.6500244140625,905.6500244140625,905.6500244140625,72
2025-04-11 11:34:00+05:30,906.0499877929688,906.0499877929688,906.0499877929688,906.0499877929688,0
2025-04-11 11:35:00+05:30,906.5999755859375,906.5999755859375,905.5499877929688,905.5499877929688,275
2025-04-11 11:36:00+05:30,909.5,909.5,907.5499877929688,907.5499877929688,852
2025-04-11 11:37:00+05:30,909.7999877929688,910.2999877929688,909.7999877929688,910.0,1142
2025-04-11 11:38:00+05:30,908.9000244140625,910.0,908.9000244140625,909.75,552
2025-04-11 11:39:00+05:30,909.5499877929688,909.5499877929688,909.5499877929688,909.5499877929688,122
2025-04-11 11:40:00+05:30,908.5999755859375,908.5999755859375,908.5999755859375,908.5999755859375,148
2025-04-11 11:41:00+05:30,909.4500122070312,909.4500122070312,908.5999755859375,908.5999755859375,101
2025-04-11 11:42:00+05:30,908.3499755859375,909.5499877929688,908.3499755859375,909.5499877929688,125
2025-04-11 11:44:00+05:30,908.5999755859375,908.5999755859375,908.0,908.0,15
2025-04-11 11:45:00+05:30,908.2999877929688,908.2999877929688,907.75,907.75,139
2025-04-11 11:46:00+05:30,908.1500244140625,908.5499877929688,908.1500244140625,908.3499755859375,20
2025-04-11 11:47:00+05:30,910.0,910.0,908.4000244140625,908.4000244140625,530
2025-04-11 11:48:00+05:30,910.9500122070312,910.9500122070312,910.9500122070312,910.9500122070312,320
2025-04-11 11:49:00+05:30,909.0999755859375,910.0499877929688,909.0999755859375,910.0499877929688,21
2025-04-11 11:50:00+05:30,910.2999877929688,910.2999877929688,910.2999877929688,910.2999877929688,1
2025-04-11 11:51:00+05:30,907.75,909.2000122070312,907.75,909.2000122070312,1769
2025-04-11 11:52:00+05:30,907.8499755859375,907.8499755859375,907.75,907.75,31
2025-04-11 11:53:00+05:30,907.5,907.5,907.4500122070312,907.5,118
2025-04-11 11:54:00+05:30,906.5499877929688,906.5499877929688,906.5499877929688,906.5499877929688,2
2025-04-11 11:55:00+05:30,907.8499755859375,907.8499755859375,907.0,907.0,6
2025-04-11 11:57:00+05:30,907.8499755859375,907.8499755859375,907.8499755859375,907.8499755859375,11
2025-04-11 11:58:00+05:30,907.75,907.75,907.2999877929688,907.2999877929688,20
2025-04-11 11:59:00+05:30,907.4500122070312,907.4500122070312,907.1500244140625,907.2000122070312,31
2025-04-11 12:00:00+05:30,908.2000122070312,908.2000122070312,908.2000122070312,908.2000122070312,51
2025-04-11 12:01:00+05:30,907.0999755859375,908.2000122070312,907.0999755859375,908.2000122070312,90
2025-04-11 12:02:00+05:30,907.0499877929688,907.0499877929688,907.0499877929688,907.0499877929688,22
2025-04-11 12:03:00+05:30,907.0,907.0,907.0,907.0,22
2025-04-11 12:04:00+05:30,907.5499877929688,907.5499877929688,907.5499877929688,907.5499877929688,39
2025-04-11 12:05:00+05:30,907.75,907.75,907.75,907.75,0
2025-04-11 12:06:00+05:30,907.8499755859375,907.8499755859375,907.8499755859375,907.8499755859375,49
2025-04-11 12:07:00+05:30,907.7000122070312,907.7000122070312,907.2000122070312,907.6500244140625,290
2025-04-11 12:08:00+05:30,908.0,908.0,907.7000122070312,907.7000122070312,463
2025-04-11 12:09:00+05:30,907.8499755859375,908.1500244140625,907.8499755859375,908.1500244140625,246
2025-04-11 12:12:00+05:30,908.0,908.0,907.2000122070312,907.2000122070312,51
2025-04-11 12:13:00+05:30,907.5499877929688,907.5499877929688,907.5499877929688,907.5499877929688,231
2025-04-11 12:14:00+05:30,907.5499877929688,907.5499877929688,907.5499877929688,907.5499877929688,20
2025-04-11 12:15:00+05:30,908.0,908.0,908.0,908.0,0
2025-04-11 12:16:00+05:30,907.9500122070312,907.9500122070312,907.9500122070312,907.9500122070312,89
2025-04-11 12:17:00+05:30,908.2000122070312,908.75,908.2000122070312,908.4000244140625,1629
2025-04-11 12:18:00+05:30,909.2000122070312,909.5999755859375,909.2000122070312,909.5999755859375,705
2025-04-11 12:19:00+05:30,908.0999755859375,909.2000122070312,908.0999755859375,909.2000122070312,0
2025-04-11 12:20:00+05:30,907.0499877929688,907.0499877929688,907.0499877929688,907.0499877929688,394
2025-04-11 12:21:00+05:30,907.0499877929688,907.0499877929688,907.0499877929688,907.0499877929688,19
2025-04-11 12:22:00+05:30,908.2999877929688,908.2999877929688,908.2999877929688,908.2999877929688,503
2025-04-11 12:23:00+05:30,908.3499755859375,908.3499755859375,908.3499755859375,908.3499755859375,42
2025-04-11 12:24:00+05:30,908.4000244140625,908.4000244140625,908.2000122070312,908.2000122070312,76
2025-04-11 12:26:00+05:30,908.2000122070312,908.2000122070312,908.2000122070312,908.2000122070312,74
2025-04-11 12:28:00+05:30,908.3499755859375,908.3499755859375,908.3499755859375,908.3499755859375,40
2025-04-11 12:29:00+05:30,908.4500122070312,908.4500122070312,908.4500122070312,908.4500122070312,105
2025-04-11 12:30:00+05:30,908.4000244140625,908.4000244140625,907.75,907.75,41
2025-04-11 12:32:00+05:30,909.2000122070312,909.4500122070312,909.2000122070312,909.4500122070312,204
2025-04-11 12:33:00+05:30,909.7999877929688,909.7999877929688,908.7999877929688,908.7999877929688,22
2025-04-11 12:34:00+05:30,908.9500122070312,909.0,908.9000244140625,908.9500122070312,305
2025-04-11 12:35:00+05:30,908.4000244140625,908.7999877929688,908.4000244140625,908.7999877929688,72
2025-04-11 12:37:00+05:30,907.9000244140625,908.5,907.5999755859375,907.5999755859375,479
2025-04-11 12:39:00+05:30,908.1500244140625,908.5,908.1500244140625,908.5,112
2025-04-11 12:40:00+05:30,908.1500244140625,908.5,908.1500244140625,908.5,483
2025-04-11 12:41:00+05:30,907.7999877929688,908.1500244140625,907.7999877929688,908.1500244140625,142
2025-04-11 12:43:00+05:30,908.1500244140625,908.1500244140625,908.1500244140625,908.1500244140625,0
2025-04-11 12:44:00+05:30,909.7000122070312,909.7000122070312,908.5,908.5,314
2025-04-11 12:45:00+05:30,908.4000244140625,909.4000244140625,908.4000244140625,909.4000244140625,208
2025-04-11 12:47:00+05:30,909.0,909.0,909.0,909.0,25
2025-04-11 12:48:00+05:30,909.0,909.0,909.0,909.0,14
2025-04-11 12:49:00+05:30,909.0,909.0,909.0,909.0,7
2025-04-11 12:52:00+05:30,908.2999877929688,909.4500122070312,908.2999877929688,909.0499877929688,184
2025-04-11 12:53:00+05:30,909.1500244140625,909.1500244140625,908.75,908.75,113
2025-04-11 12:54:00+05:30,909.2999877929688,909.2999877929688,909.2999877929688,909.2999877929688,4
2025-04-11 12:56:00+05:30,909.75,909.75,909.2999877929688,909.2999877929688,91
2025-04-11 12:57:00+05:30,908.8499755859375,908.8499755859375,908.8499755859375,908.8499755859375,49
2025-04-11 12:59:00+05:30,909.0499877929688,909.0499877929688,909.0499877929688,909.0499877929688,65
2025-04-11 13:00:00+05:30,908.9500122070312,908.9500122070312,908.9500122070312,908.9500122070312,57
2025-04-11 13:01:00+05:30,908.1500244140625,908.9000244140625,908.1500244140625,908.9000244140625,137
2025-04-11 13:02:00+05:30,909.0,909.0,909.0,909.0,547
2025-04-11 13:04:00+05:30,909.1500244140625,909.75,909.1500244140625,909.1500244140625,0
2025-04-11 13:05:00+05:30,909.5499877929688,909.5499877929688,909.5499877929688,909.5499877929688,78
2025-04-11 13:06:00+05:30,909.0,909.0,909.0,909.0,13
2025-04-11 13:07:00+05:30,909.4000244140625,909.4000244140625,909.3499755859375,909.3499755859375,131
2025-04-11 13:08:00+05:30,909.7999877929688,909.7999877929688,909.0,909.0,533
2025-04-11 13:09:00+05:30,909.7999877929688,910.0,909.7999877929688,909.7999877929688,181
2025-04-11 13:10:00+05:30,910.2999877929688,910.5,910.2999877929688,910.5,58
2025-04-11 13:11:00+05:30,911.1500244140625,911.1500244140625,910.5499877929688,910.5499877929688,181
2025-04-11 13:12:00+05:30,911.6500244140625,911.7999877929688,910.7999877929688,910.7999877929688,1453
2025-04-11 13:13:00+05:30,911.7999877929688,912.0,911.7999877929688,911.7999877929688,88
2025-04-11 13:14:00+05:30,911.75,911.7999877929688,911.75,911.7999877929688,30
2025-04-11 13:16:00+05:30,910.2000122070312,911.7000122070312,910.2000122070312,911.7000122070312,577
2025-04-11 13:17:00+05:30,910.75,911.5,910.75,911.5,196
2025-04-11 13:18:00+05:30,910.5999755859375,910.75,910.5999755859375,910.75,133
2025-04-11 13:19:00+05:30,910.0,910.0,910.0,910.0,66
2025-04-11 13:21:00+05:30,909.4000244140625,909.6500244140625,909.4000244140625,909.6500244140625,89
2025-04-11 13:22:00+05:30,909.8499755859375,909.8499755859375,909.8499755859375,909.8499755859375,21
2025-04-11 13:24:00+05:30,909.8499755859375,909.8499755859375,909.8499755859375,909.8499755859375,106
2025-04-11 13:25:00+05:30,909.9500122070312,909.9500122070312,909.9500122070312,909.9500122070312,0
2025-04-11 13:26:00+05:30,910.2999877929688,910.2999877929688,910.2999877929688,910.2999877929688,3
2025-04-11 13:27:00+05:30,910.0499877929688,910.0499877929688,909.9500122070312,910.0,43
2025-04-11 13:28:00+05:30,909.3499755859375,910.1500244140625,909.3499755859375,910.1500244140625,383
2025-04-11 13:30:00+05:30,909.0,909.0,909.0,909.0,61
2025-04-11 13:31:00+05:30,908.0,909.25,908.0,909.25,238
2025-04-11 13:32:00+05:30,907.0499877929688,907.8499755859375,907.0499877929688,907.8499755859375,385
2025-04-11 13:33:00+05:30,907.3499755859375,907.3499755859375,907.3499755859375,907.3499755859375,0
2025-04-11 13:34:00+05:30,907.4000244140625,907.4500122070312,907.4000244140625,907.4500122070312,17
2025-04-11 13:35:00+05:30,907.4000244140625,907.4000244140625,907.4000244140625,907.4000244140625,53
2025-04-11 13:36:00+05:30,907.8499755859375,907.8499755859375,907.4000244140625,907.4000244140625,10
2025-04-11 13:38:00+05:30,907.9500122070312,907.9500122070312,907.7999877929688,907.7999877929688,93
2025-04-11 13:39:00+05:30,908.0,908.0,908.0,908.0,331
2025-04-11 13:40:00+05:30,908.4500122070312,908.7999877929688,908.4500122070312,908.7999877929688,230
2025-04-11 13:43:00+05:30,908.0,908.0,908.0,908.0,9
2025-04-11 13:45:00+05:30,908.0499877929688,908.0499877929688,908.0,908.0,33
2025-04-11 13:46:00+05:30,907.4500122070312,907.4500122070312,907.4500122070312,907.4500122070312,150
2025-04-11 13:47:00+05:30,907.4500122070312,908.25,907.4500122070312,908.25,14
2025-04-11 13:48:00+05:30,907.6500244140625,908.2000122070312,907.6500244140625,908.2000122070312,49
2025-04-11 13:49:00+05:30,908.5,908.5,907.6500244140625,907.6500244140625,11
2025-04-11 13:50:00+05:30,907.5499877929688,907.75,907.5499877929688,907.75,172
2025-04-11 13:53:00+05:30,907.0,907.0499877929688,907.0,907.0499877929688,195
2025-04-11 13:54:00+05:30,905.5499877929688,907.0,905.5499877929688,907.0,377
2025-04-11 13:56:00+05:30,905.8499755859375,905.8499755859375,905.5,905.5,2
2025-04-11 13:57:00+05:30,906.7999877929688,906.7999877929688,905.9500122070312,905.9500122070312,291
2025-04-11 13:58:00+05:30,906.75,906.75,906.75,906.75,75
2025-04-11 13:59:00+05:30,906.7999877929688,906.7999877929688,906.75,906.7999877929688,20
2025-04-11 14:00:00+05:30,905.9500122070312,907.7999877929688,905.9500122070312,906.9500122070312,371
2025-04-11 14:02:00+05:30,906.2000122070312,906.2000122070312,906.2000122070312,906.2000122070312,21
2025-04-11 14:03:00+05:30,905.3499755859375,906.5499877929688,905.3499755859375,906.5499877929688,70
2025-04-11 14:04:00+05:30,905.5999755859375,906.1500244140625,904.5499877929688,906.1500244140625,386
2025-04-11 14:05:00+05:30,904.7000122070312,904.7000122070312,904.7000122070312,904.7000122070312,0
2025-04-11 14:06:00+05:30,904.7000122070312,904.7000122070312,904.7000122070312,904.7000122070312,52
2025-04-11 14:07:00+05:30,904.8499755859375,904.9500122070312,904.7000122070312,904.7000122070312,39
2025-04-11 14:08:00+05:30,906.25,906.25,906.25,906.25,60
2025-04-11 14:09:00+05:30,906.9500122070312,907.0,906.9500122070312,907.0,29
2025-04-11 14:10:00+05:30,906.0999755859375,907.3499755859375,905.7000122070312,907.3499755859375,83
2025-04-11 14:11:00+05:30,906.1500244140625,906.1500244140625,906.1500244140625,906.1500244140625,2
2025-04-11 14:12:00+05:30,906.9000244140625,906.9000244140625,906.2000122070312,906.2000122070312,25
2025-04-11 14:13:00+05:30,906.75,907.0999755859375,905.7000122070312,907.0999755859375,1272
2025-04-11 14:14:00+05:30,907.25,907.25,907.25,907.25,152
2025-04-11 14:16:00+05:30,907.9500122070312,907.9500122070312,907.9500122070312,907.9500122070312,0
2025-04-11 14:18:00+05:30,908.0,908.6500244140625,907.9500122070312,908.6500244140625,68
2025-04-11 14:19:00+05:30,908.0,908.0,908.0,908.0,28
2025-04-11 14:20:00+05:30,908.2999877929688,908.2999877929688,908.1500244140625,908.1500244140625,42
2025-04-11 14:21:00+05:30,907.0,908.25,907.0,908.25,478
2025-04-11 14:22:00+05:30,907.5,907.5,907.5,907.5,0
2025-04-11 14:24:00+05:30,907.0,907.0,907.0,907.0,5
2025-04-11 14:25:00+05:30,908.4000244140625,908.4000244140625,907.5,907.5,159
2025-04-11 14:26:00+05:30,908.2999877929688,908.2999877929688,908.2999877929688,908.2999877929688,0
2025-04-11 14:27:00+05:30,908.0999755859375,908.0999755859375,908.0999755859375,908.0999755859375,1
2025-04-11 14:28:00+05:30,908.5999755859375,908.5999755859375,907.5499877929688,908.4500122070312,88
2025-04-11 14:29:00+05:30,907.2000122070312,907.2000122070312,907.2000122070312,907.2000122070312,45
2025-04-11 14:30:00+05:30,908.0,908.0,907.2000122070312,907.2000122070312,49
2025-04-11 14:32:00+05:30,908.7999877929688,908.7999877929688,908.7999877929688,908.7999877929688,2
2025-04-11 14:33:00+05:30,908.0,908.0,908.0,908.0,60
2025-04-11 14:34:00+05:30,909.4500122070312,909.4500122070312,909.0,909.0,440
2025-04-11 14:35:00+05:30,909.0999755859375,909.1500244140625,909.0999755859375,909.1500244140625,0
2025-04-11 14:36:00+05:30,908.8499755859375,908.8499755859375,908.0,908.1500244140625,109
2025-04-11 14:37:00+05:30,909.0,909.0,908.0,908.5999755859375,1259
2025-04-11 14:38:00+05:30,909.2999877929688,909.2999877929688,909.2000122070312,909.2000122070312,17
2025-04-11 14:39:00+05:30,909.2999877929688,909.9500122070312,909.2999877929688,909.9500122070312,91
2025-04-11 14:40:00+05:30,909.9000244140625,909.9000244140625,909.9000244140625,909.9000244140625,10
2025-04-11 14:41:00+05:30,909.2999877929688,909.9000244140625,909.2999877929688,909.9000244140625,54
2025-04-11 14:42:00+05:30,909.25,909.25,909.25,909.25,9
2025-04-11 14:43:00+05:30,909.6500244140625,909.6500244140625,909.2000122070312,909.2000122070312,77
2025-04-11 14:44:00+05:30,909.8499755859375,909.8499755859375,909.6500244140625,909.6500244140625,197
2025-04-11 14:45:00+05:30,910.5999755859375,910.5999755859375,910.0,910.0,151
2025-04-11 14:46:00+05:30,910.6500244140625,910.6500244140625,910.5999755859375,910.5999755859375,46
2025-04-11 14:47:00+05:30,910.5999755859375,910.6500244140625,910.5999755859375,910.6500244140625,28
2025-04-11 14:48:00+05:30,910.6500244140625,910.6500244140625,910.5999755859375,910.5999755859375,26
2025-04-11 14:49:00+05:30,911.4500122070312,911.4500122070312,910.4500122070312,910.5999755859375,108
2025-04-11 14:52:00+05:30,910.2999877929688,910.2999877929688,909.1500244140625,909.1500244140625,248
2025-04-11 14:53:00+05:30,910.4500122070312,910.5,910.4500122070312,910.5,56
2025-04-11 14:54:00+05:30,909.75,909.75,909.75,909.75,1
2025-04-11 14:55:00+05:30,909.6500244140625,909.7000122070312,909.6500244140625,909.7000122070312,51
2025-04-11 14:56:00+05:30,910.5,910.5,909.4000244140625,909.9000244140625,108
2025-04-11 14:57:00+05:30,910.2999877929688,910.2999877929688,909.5,909.5,15
2025-04-11 14:58:00+05:30,910.8499755859375,910.8499755859375,910.5999755859375,910.5999755859375,41
2025-04-11 14:59:00+05:30,910.0999755859375,910.0999755859375,910.0999755859375,910.0999755859375,0
2025-04-11 15:00:00+05:30,911.7000122070312,911.7000122070312,910.2000122070312,910.2000122070312,181
2025-04-11 15:01:00+05:30,911.2000122070312,911.7000122070312,911.2000122070312,911.7000122070312,174
2025-04-11 15:02:00+05:30,910.0,910.75,909.7999877929688,910.0999755859375,209
2025-04-11 15:03:00+05:30,909.5999755859375,910.4000244140625,909.3499755859375,910.25,22
2025-04-11 15:04:00+05:30,910.0499877929688,910.0499877929688,909.4500122070312,909.4500122070312,44
2025-04-11 15:05:00+05:30,909.75,909.8499755859375,909.0,909.8499755859375,38
2025-04-11 15:06:00+05:30,909.2000122070312,909.75,908.5999755859375,909.75,153
2025-04-11 15:07:00+05:30,909.1500244140625,909.1500244140625,908.75,909.1500244140625,234
2025-04-11 15:08:00+05:30,908.5499877929688,909.2000122070312,908.2999877929688,908.7000122070312,67
2025-04-11 15:09:00+05:30,909.7999877929688,909.7999877929688,908.5999755859375,908.5999755859375,749
2025-04-11 15:10:00+05:30,909.0999755859375,910.0999755859375,908.9500122070312,908.9500122070312,464
2025-04-11 15:11:00+05:30,908.0499877929688,908.0999755859375,907.1500244140625,907.25,249
2025-04-11 15:12:00+05:30,909.2999877929688,909.2999877929688,908.0499877929688,908.0999755859375,83
2025-04-11 15:13:00+05:30,908.5999755859375,909.25,908.5999755859375,908.5999755859375,69
2025-04-11 15:14:00+05:30,908.5999755859375,909.0,908.5999755859375,909.0,14
2025-04-11 15:15:00+05:30,906.4000244140625,908.7999877929688,906.4000244140625,908.7999877929688,400
2025-04-11 15:16:00+05:30,908.0499877929688,908.7000122070312,907.25,907.25,975
2025-04-11 15:17:00+05:30,906.8499755859375,908.2000122070312,906.8499755859375,908.2000122070312,174
2025-04-11 15:18:00+05:30,907.3499755859375,907.4000244140625,907.25,907.25,138
2025-04-11 15:19:00+05:30,907.3499755859375,907.3499755859375,907.2000122070312,907.3499755859375,18
2025-04-11 15:20:00+05:30,909.5999755859375,910.2999877929688,906.4000244140625,906.4000244140625,2178
2025-04-11 15:21:00+05:30,908.5999755859375,909.0999755859375,908.0499877929688,909.0999755859375,66
2025-04-11 15:22:00+05:30,908.5499877929688,908.5499877929688,907.7000122070312,907.7000122070312,90
2025-04-11 15:23:00+05:30,908.5499877929688,909.4500122070312,908.2000122070312,908.2000122070312,538
2025-04-11 15:24:00+05:30,907.8499755859375,908.4000244140625,907.8499755859375,908.4000244140625,90
2025-04-11 15:25:00+05:30,907.5999755859375,908.3499755859375,907.5999755859375,907.9500122070312,120
2025-04-11 15:26:00+05:30,907.4500122070312,909.7999877929688,907.3499755859375,907.9000244140625,554
2025-04-11 15:27:00+05:30,908.0499877929688,909.0,907.3499755859375,907.9000244140625,381
2025-04-11 15:28:00+05:30,910.0,910.0,907.9000244140625,907.9000244140625,1998
2025-04-11 15:29:00+05:30,910.0,910.0,905.2999877929688,910.0,243
2025-04-16 09:15:00+05:30,935.4000244140625,936.6500244140625,932.0,932.0,0
2025-04-16 09:16:00+05:30,939.9000244140625,939.9000244140625,937.2000122070312,937.7999877929688,3449
2025-04-16 09:17:00+05:30,941.4500122070312,941.4500122070312,940.0499877929688,940.2000122070312,161
2025-04-16 09:18:00+05:30,941.1500244140625,943.4500122070312,941.1500244140625,941.1500244140625,797
2025-04-16 09:19:00+05:30,937.75,940.5,936.0499877929688,940.5,1391
2025-04-16 09:20:00+05:30,936.5499877929688,937.6500244140625,935.5,937.2999877929688,162
2025-04-16 09:21:00+05:30,937.8499755859375,938.1500244140625,935.8499755859375,937.3499755859375,420
2025-04-16 09:22:00+05:30,939.6500244140625,939.6500244140625,937.1500244140625,937.8499755859375,67
2025-04-16 09:23:00+05:30,940.6500244140625,940.75,938.25,938.25,494
2025-04-16 09:24:00+05:30,941.4500122070312,943.0,941.4500122070312,941.75,1120
2025-04-16 09:25:00+05:30,940.0,941.1500244140625,940.0,940.4500122070312,103
2025-04-16 09:26:00+05:30,941.5999755859375,941.5999755859375,940.0,940.0,34
2025-04-16 09:27:00+05:30,942.5499877929688,942.5499877929688,942.25,942.25,120
2025-04-16 09:28:00+05:30,942.5999755859375,942.5999755859375,942.5499877929688,942.5999755859375,590
2025-04-16 09:29:00+05:30,942.8499755859375,942.8499755859375,942.8499755859375,942.8499755859375,23
2025-04-16 09:30:00+05:30,941.5499877929688,942.3499755859375,941.2999877929688,941.2999877929688,114
2025-04-16 09:31:00+05:30,940.4500122070312,941.5499877929688,940.4500122070312,941.5499877929688,93
2025-04-16 09:32:00+05:30,939.0,939.4000244140625,939.0,939.4000244140625,567
2025-04-16 09:33:00+05:30,937.8499755859375,938.5,937.8499755859375,938.4000244140625,60
2025-04-16 09:34:00+05:30,942.9000244140625,944.2000122070312,938.0,938.0,2637
2025-04-16 09:35:00+05:30,943.9000244140625,945.0,942.3499755859375,942.75,1396
2025-04-16 09:36:00+05:30,942.7000122070312,943.4000244140625,942.7000122070312,943.0999755859375,130
2025-04-16 09:37:00+05:30,942.5499877929688,943.75,942.5499877929688,942.7999877929688,36
2025-04-16 09:38:00+05:30,944.0999755859375,944.7999877929688,943.5,943.5,1264
2025-04-16 09:39:00+05:30,946.1500244140625,946.1500244140625,945.75,945.75,124
2025-04-16 09:40:00+05:30,945.0499877929688,945.2000122070312,944.0,944.9000244140625,240
2025-04-16 09:41:00+05:30,943.9000244140625,944.0999755859375,943.9000244140625,944.0999755859375,6
2025-04-16 09:42:00+05:30,942.8499755859375,943.2000122070312,942.8499755859375,943.2000122070312,78
2025-04-16 09:43:00+05:30,943.0,943.5,943.0,943.5,11
2025-04-16 09:44:00+05:30,943.6500244140625,943.6500244140625,943.25,943.6500244140625,73
2025-04-16 09:45:00+05:30,943.5999755859375,943.6500244140625,943.0499877929688,943.6500244140625,139
2025-04-16 09:46:00+05:30,943.0999755859375,943.0999755859375,943.0499877929688,943.0499877929688,87
2025-04-16 09:47:00+05:30,943.6500244140625,943.6500244140625,943.6500244140625,943.6500244140625,10
2025-04-16 09:48:00+05:30,943.1500244140625,943.6500244140625,943.1500244140625,943.6500244140625,2
2025-04-16 09:49:00+05:30,943.5999755859375,943.5999755859375,943.0999755859375,943.0999755859375,2
2025-04-16 09:50:00+05:30,946.3499755859375,946.6500244140625,943.0499877929688,943.5999755859375,1808
2025-04-16 09:51:00+05:30,945.2000122070312,946.1500244140625,945.2000122070312,945.2999877929688,81
2025-04-16 09:52:00+05:30,944.8499755859375,944.9000244140625,944.8499755859375,944.8499755859375,276
2025-04-16 09:53:00+05:30,944.4500122070312,944.7000122070312,944.4500122070312,944.7000122070312,81
2025-04-16 09:54:00+05:30,945.4000244140625,945.4000244140625,944.4000244140625,944.4000244140625,85
2025-04-16 09:55:00+05:30,946.0499877929688,946.0499877929688,946.0,946.0,273
2025-04-16 09:56:00+05:30,946.8499755859375,946.8499755859375,945.3499755859375,946.4500122070312,201
2025-04-16 09:57:00+05:30,945.9000244140625,945.9000244140625,945.2999877929688,945.2999877929688,238
2025-04-16 09:58:00+05:30,945.6500244140625,945.9000244140625,945.6500244140625,945.9000244140625,108
2025-04-16 09:59:00+05:30,946.9500122070312,946.9500122070312,946.6500244140625,946.6500244140625,132
2025-04-16 10:00:00+05:30,948.4500122070312,948.4500122070312,946.0499877929688,946.0499877929688,1188
2025-04-16 10:01:00+05:30,948.4000244140625,948.7000122070312,947.6500244140625,948.4500122070312,489
2025-04-16 10:02:00+05:30,948.0499877929688,949.0,948.0499877929688,949.0,1857
2025-04-16 10:03:00+05:30,950.9000244140625,950.9000244140625,948.2999877929688,948.2999877929688,655
2025-04-16 10:04:00+05:30,950.0,951.9500122070312,950.0,950.2000122070312,1216
2025-04-16 10:05:00+05:30,950.0,950.0,949.0999755859375,949.0999755859375,32
2025-04-16 10:06:00+05:30,949.5999755859375,949.5999755859375,948.7999877929688,948.9500122070312,477
2025-04-16 10:07:00+05:30,947.6500244140625,947.6500244140625,946.1500244140625,947.0499877929688,996
2025-04-16 10:08:00+05:30,948.0,948.0499877929688,946.8499755859375,948.0499877929688,1213
2025-04-16 10:09:00+05:30,947.9500122070312,947.9500122070312,946.2999877929688,947.4500122070312,229
2025-04-16 10:10:00+05:30,947.2999877929688,947.2999877929688,947.2999877929688,947.2999877929688,11
2025-04-16 10:11:00+05:30,947.4500122070312,947.4500122070312,947.4500122070312,947.4500122070312,25
2025-04-16 10:12:00+05:30,946.5,947.4500122070312,946.5,947.4500122070312,665
2025-04-16 10:13:00+05:30,947.75,947.75,947.75,947.75,22
2025-04-16 10:14:00+05:30,946.7999877929688,947.7000122070312,946.7999877929688,947.7000122070312,8
2025-04-16 10:15:00+05:30,947.0,947.7999877929688,946.4500122070312,947.7999877929688,355
2025-04-16 10:16:00+05:30,947.25,947.25,947.0,947.0,9
2025-04-16 10:17:00+05:30,945.6500244140625,946.5,945.6500244140625,946.5,170
2025-04-16 10:18:00+05:30,945.0499877929688,945.25,945.0499877929688,945.25,159
2025-04-16 10:20:00+05:30,945.0499877929688,945.0499877929688,945.0499877929688,945.0499877929688,31
2025-04-16 10:21:00+05:30,946.2000122070312,946.2000122070312,946.2000122070312,946.2000122070312,0
2025-04-16 10:22:00+05:30,945.4500122070312,945.8499755859375,945.4500122070312,945.8499755859375,6
2025-04-16 10:23:00+05:30,946.0499877929688,946.0499877929688,946.0499877929688,946.0499877929688,8
2025-04-16 10:24:00+05:30,947.1500244140625,947.1500244140625,946.4000244140625,946.7999877929688,108
2025-04-16 10:25:00+05:30,947.25,947.25,947.25,947.25,27
2025-04-16 10:26:00+05:30,946.7999877929688,946.7999877929688,946.5499877929688,946.7000122070312,67
2025-04-16 10:27:00+05:30,947.3499755859375,947.75,946.7999877929688,946.9000244140625,519
2025-04-16 10:28:00+05:30,951.1500244140625,951.1500244140625,949.7000122070312,949.7000122070312,377
2025-04-16 10:29:00+05:30,953.0999755859375,955.0,951.25,951.25,2021
2025-04-16 10:30:00+05:30,952.9000244140625,953.9500122070312,952.9000244140625,952.9000244140625,97
2025-04-16 10:31:00+05:30,954.2999877929688,955.0,952.9500122070312,952.9500122070312,1635
2025-04-16 10:32:00+05:30,953.9500122070312,953.9500122070312,952.4500122070312,953.1500244140625,752
2025-04-16 10:33:00+05:30,954.0,954.5999755859375,953.4500122070312,953.4500122070312,267
2025-04-16 10:34:00+05:30,954.6500244140625,954.6500244140625,953.9000244140625,954.0,2167
2025-04-16 10:35:00+05:30,955.6500244140625,955.6500244140625,954.6500244140625,954.6500244140625,324
2025-04-16 10:36:00+05:30,953.5,954.0499877929688,952.5,954.0499877929688,537
2025-04-16 10:37:00+05:30,953.5,953.7000122070312,952.0999755859375,952.75,489
2025-04-16 10:38:00+05:30,952.0999755859375,952.6500244140625,952.0999755859375,952.5499877929688,85
2025-04-16 10:39:00+05:30,952.7999877929688,952.7999877929688,952.0999755859375,952.0999755859375,94
2025-04-16 10:40:00+05:30,954.0,954.0,953.5999755859375,953.5999755859375,136
2025-04-16 10:41:00+05:30,954.3499755859375,954.3499755859375,953.5999755859375,953.9500122070312,284
2025-04-16 10:42:00+05:30,954.7999877929688,954.7999877929688,954.1500244140625,954.1500244140625,7
2025-04-16 10:43:00+05:30,954.7000122070312,954.75,954.7000122070312,954.75,65
2025-04-16 10:44:00+05:30,954.4000244140625,954.4000244140625,953.8499755859375,954.2000122070312,56
2025-04-16 10:45:00+05:30,953.8499755859375,954.6500244140625,953.8499755859375,954.6500244140625,77
2025-04-16 10:46:00+05:30,953.8499755859375,953.8499755859375,953.8499755859375,953.8499755859375,18
2025-04-16 10:47:00+05:30,953.7999877929688,953.7999877929688,953.7999877929688,953.7999877929688,0
2025-04-16 10:48:00+05:30,951.8499755859375,953.7999877929688,951.8499755859375,953.7999877929688,1114
2025-04-16 10:49:00+05:30,951.8499755859375,951.9000244140625,951.8499755859375,951.8499755859375,30
2025-04-16 10:50:00+05:30,950.5,951.25,950.5,951.25,221
2025-04-16 10:51:00+05:30,950.3499755859375,950.5,950.3499755859375,950.5,74
2025-04-16 10:52:00+05:30,950.0,951.3499755859375,949.3499755859375,951.3499755859375,733
2025-04-16 10:53:00+05:30,948.4500122070312,949.0999755859375,948.4500122070312,948.7000122070312,100
2025-04-16 10:54:00+05:30,948.7999877929688,949.0,948.7999877929688,949.0,5
2025-04-16 10:55:00+05:30,948.5499877929688,949.6500244140625,948.5499877929688,949.6500244140625,621
2025-04-16 10:56:00+05:30,949.7000122070312,949.7000122070312,949.7000122070312,949.7000122070312,0
2025-04-16 10:57:00+05:30,948.1500244140625,949.75,948.1500244140625,949.75,93
2025-04-16 10:58:00+05:30,948.0499877929688,948.0499877929688,948.0499877929688,948.0499877929688,96
2025-04-16 10:59:00+05:30,945.6500244140625,948.0999755859375,945.6500244140625,948.0999755859375,385
2025-04-16 11:00:00+05:30,948.0999755859375,949.5999755859375,946.4000244140625,946.4000244140625,588
2025-04-16 11:01:00+05:30,947.3499755859375,947.5999755859375,947.3499755859375,947.5999755859375,56
2025-04-16 11:02:00+05:30,947.2000122070312,947.2000122070312,947.2000122070312,947.2000122070312,0
2025-04-16 11:03:00+05:30,947.2000122070312,947.2000122070312,947.2000122070312,947.2000122070312,0
2025-04-16 11:04:00+05:30,947.6500244140625,947.6500244140625,947.2999877929688,947.2999877929688,14
2025-04-16 11:05:00+05:30,947.3499755859375,948.3499755859375,947.3499755859375,947.9000244140625,119
2025-04-16 11:06:00+05:30,947.6500244140625,947.6500244140625,947.3499755859375,947.3499755859375,11
2025-04-16 11:07:00+05:30,947.8499755859375,947.8499755859375,947.8499755859375,947.8499755859375,19
2025-04-16 11:08:00+05:30,948.9000244140625,948.9000244140625,947.9000244140625,948.1500244140625,84
2025-04-16 11:10:00+05:30,947.2000122070312,948.1500244140625,947.2000122070312,948.1500244140625,441
2025-04-16 11:11:00+05:30,947.0499877929688,947.2000122070312,947.0499877929688,947.2000122070312,0
2025-04-16 11:12:00+05:30,946.5499877929688,947.3499755859375,946.5499877929688,947.3499755859375,19
2025-04-16 11:13:00+05:30,946.5,946.5,946.5,946.5,5
2025-04-16 11:14:00+05:30,947.4500122070312,947.4500122070312,946.5,946.5,75
2025-04-16 11:15:00+05:30,947.0999755859375,947.0999755859375,946.0999755859375,946.5499877929688,69
2025-04-16 11:18:00+05:30,947.0,947.0,947.0,947.0,146
2025-04-16 11:19:00+05:30,947.8499755859375,947.8499755859375,946.0,946.0,0
2025-04-16 11:20:00+05:30,947.5999755859375,948.4000244140625,947.5999755859375,948.4000244140625,11
2025-04-16 11:21:00+05:30,949.1500244140625,949.1500244140625,948.4000244140625,948.4000244140625,30
2025-04-16 11:23:00+05:30,947.75,948.7999877929688,947.75,948.7999877929688,134
2025-04-16 11:24:00+05:30,947.7000122070312,947.7000122070312,947.1500244140625,947.1500244140625,0
2025-04-16 11:26:00+05:30,947.0999755859375,947.0999755859375,947.0999755859375,947.0999755859375,7
2025-04-16 11:27:00+05:30,948.0999755859375,948.0999755859375,947.0999755859375,947.0999755859375,485
2025-04-16 11:28:00+05:30,949.0499877929688,949.0499877929688,948.4000244140625,948.4000244140625,184
2025-04-16 11:29:00+05:30,948.5999755859375,949.0999755859375,948.5999755859375,949.0999755859375,0
2025-04-16 11:30:00+05:30,948.6500244140625,948.7999877929688,947.8499755859375,948.0,131
2025-04-16 11:31:00+05:30,948.4500122070312,948.75,948.4500122070312,948.75,72
2025-04-16 11:32:00+05:30,947.9000244140625,947.9000244140625,947.9000244140625,947.9000244140625,7
2025-04-16 11:33:00+05:30,946.4500122070312,947.9000244140625,946.4500122070312,947.9000244140625,575
2025-04-16 11:34:00+05:30,947.5499877929688,947.8499755859375,946.8499755859375,946.8499755859375,0
2025-04-16 11:36:00+05:30,948.7999877929688,948.7999877929688,948.7999877929688,948.7999877929688,2
2025-04-16 11:37:00+05:30,948.8499755859375,949.0,948.8499755859375,948.8499755859375,48
2025-04-16 11:38:00+05:30,948.4000244140625,948.4000244140625,948.4000244140625,948.4000244140625,15
2025-04-16 11:39:00+05:30,948.8499755859375,948.8499755859375,948.8499755859375,948.8499755859375,0
2025-04-16 11:40:00+05:30,947.8499755859375,948.8499755859375,947.8499755859375,948.8499755859375,62
2025-04-16 11:41:00+05:30,947.6500244140625,947.6500244140625,947.6500244140625,947.6500244140625,1
2025-04-16 11:43:00+05:30,947.6500244140625,947.6500244140625,947.6500244140625,947.6500244140625,39
2025-04-16 11:44:00+05:30,948.75,949.0499877929688,947.7000122070312,947.75,234
2025-04-16 11:45:00+05:30,948.8499755859375,948.8499755859375,947.9500122070312,948.7999877929688,8
2025-04-16 11:46:00+05:30,947.4500122070312,948.2000122070312,947.4500122070312,948.2000122070312,2052
2025-04-16 11:47:00+05:30,946.4500122070312,946.7000122070312,946.4500122070312,946.7000122070312,337
2025-04-16 11:48:00+05:30,947.7000122070312,947.7000122070312,947.7000122070312,947.7000122070312,43
2025-04-16 11:49:00+05:30,947.0499877929688,947.4000244140625,946.2999877929688,946.2999877929688,97
2025-04-16 11:52:00+05:30,947.4500122070312,947.4500122070312,947.0499877929688,947.0499877929688,1
2025-04-16 11:54:00+05:30,948.0499877929688,948.0499877929688,948.0499877929688,948.0499877929688,4
2025-04-16 11:55:00+05:30,948.2999877929688,948.2999877929688,948.25,948.25,9
2025-04-16 11:56:00+05:30,948.2999877929688,948.2999877929688,948.2999877929688,948.2999877929688,0
2025-04-16 11:57:00+05:30,949.0,949.0,948.9500122070312,948.9500122070312,35
2025-04-16 11:58:00+05:30,945.5,949.2000122070312,945.5,949.2000122070312,419
2025-04-16 11:59:00+05:30,945.0999755859375,946.4000244140625,945.0999755859375,946.2999877929688,107
2025-04-16 12:00:00+05:30,945.0,945.7000122070312,945.0,945.0999755859375,57
2025-04-16 12:01:00+05:30,945.7000122070312,945.7000122070312,945.7000122070312,945.7000122070312,0
2025-04-16 12:02:00+05:30,945.0999755859375,945.0999755859375,945.0999755859375,945.0999755859375,15
2025-04-16 12:03:00+05:30,945.0,945.0,945.0,945.0,27
2025-04-16 12:05:00+05:30,945.7999877929688,945.8499755859375,945.1500244140625,945.8499755859375,15
2025-04-16 12:06:00+05:30,946.0,946.0,946.0,946.0,9
2025-04-16 12:07:00+05:30,945.5499877929688,946.0,945.5499877929688,946.0,39
2025-04-16 12:08:00+05:30,946.4000244140625,946.4000244140625,946.4000244140625,946.4000244140625,67
2025-04-16 12:09:00+05:30,945.9500122070312,946.4000244140625,945.9500122070312,945.9500122070312,121
2025-04-16 12:10:00+05:30,946.0999755859375,946.9000244140625,946.0999755859375,946.9000244140625,37
2025-04-16 12:14:00+05:30,946.7000122070312,946.7000122070312,946.7000122070312,946.7000122070312,8
2025-04-16 12:15:00+05:30,946.8499755859375,947.0999755859375,946.3499755859375,947.0999755859375,49
2025-04-16 12:16:00+05:30,947.2999877929688,947.2999877929688,946.8499755859375,946.8499755859375,109
2025-04-16 12:17:00+05:30,947.0999755859375,947.0999755859375,947.0,947.0,6
2025-04-16 12:19:00+05:30,947.0999755859375,947.25,947.0999755859375,947.25,22
2025-04-16 12:22:00+05:30,947.4500122070312,947.8499755859375,947.4500122070312,947.7000122070312,4
2025-04-16 12:23:00+05:30,947.8499755859375,948.4000244140625,947.8499755859375,948.4000244140625,222
2025-04-16 12:24:00+05:30,947.0999755859375,947.5499877929688,947.0999755859375,947.5499877929688,274
2025-04-16 12:25:00+05:30,947.2000122070312,947.2000122070312,947.2000122070312,947.2000122070312,0
2025-04-16 12:26:00+05:30,948.0999755859375,948.0999755859375,947.75,947.75,17
2025-04-16 12:27:00+05:30,947.1500244140625,947.7999877929688,947.0999755859375,947.4000244140625,37
2025-04-16 12:28:00+05:30,947.0999755859375,947.0999755859375,947.0999755859375,947.0999755859375,64
2025-04-16 12:29:00+05:30,946.3499755859375,947.0,946.3499755859375,947.0,947
2025-04-16 12:31:00+05:30,947.0999755859375,947.0999755859375,947.0999755859375,947.0999755859375,0
2025-04-16 12:33:00+05:30,948.4000244140625,948.4000244140625,946.9500122070312,946.9500122070312,523
2025-04-16 12:34:00+05:30,947.7999877929688,947.7999877929688,947.7999877929688,947.7999877929688,0
2025-04-16 12:35:00+05:30,946.5499877929688,947.5499877929688,946.5499877929688,947.5499877929688,52
2025-04-16 12:36:00+05:30,947.25,947.25,946.3499755859375,946.3499755859375,33
2025-04-16 12:38:00+05:30,946.9000244140625,947.1500244140625,946.9000244140625,947.1500244140625,3
2025-04-16 12:39:00+05:30,946.6500244140625,946.6500244140625,946.2999877929688,946.2999877929688,257
2025-04-16 12:40:00+05:30,946.75,946.75,946.75,946.75,5
2025-04-16 12:41:00+05:30,947.1500244140625,947.1500244140625,947.1500244140625,947.1500244140625,3
2025-04-16 12:42:00+05:30,947.1500244140625,947.1500244140625,947.1500244140625,947.1500244140625,76
2025-04-16 12:43:00+05:30,946.1500244140625,946.1500244140625,946.1500244140625,946.1500244140625,123
2025-04-16 12:44:00+05:30,948.2999877929688,948.2999877929688,947.7999877929688,947.7999877929688,179
2025-04-16 12:45:00+05:30,948.0499877929688,948.0499877929688,948.0499877929688,948.0499877929688,40
2025-04-16 12:46:00+05:30,947.0,947.0,946.9500122070312,946.9500122070312,3
2025-04-16 12:47:00+05:30,947.0,947.0,946.7000122070312,946.7000122070312,54
2025-04-16 12:48:00+05:30,945.5,946.5,945.5,946.5,115
2025-04-16 12:49:00+05:30,946.9500122070312,946.9500122070312,945.5,945.5,91
2025-04-16 12:50:00+05:30,948.1500244140625,948.1500244140625,946.7000122070312,946.7000122070312,3
2025-04-16 12:51:00+05:30,948.4500122070312,948.4500122070312,948.0999755859375,948.0999755859375,84
2025-04-16 12:53:00+05:30,948.3499755859375,948.3499755859375,948.3499755859375,948.3499755859375,26
2025-04-16 12:54:00+05:30,948.0999755859375,948.0999755859375,947.0499877929688,947.7000122070312,263
2025-04-16 12:56:00+05:30,947.0999755859375,947.8499755859375,947.0999755859375,947.7999877929688,120
2025-04-16 12:57:00+05:30,948.0999755859375,948.0999755859375,948.0499877929688,948.0499877929688,0
2025-04-16 12:59:00+05:30,946.8499755859375,947.2000122070312,946.8499755859375,947.2000122070312,7
2025-04-16 13:00:00+05:30,946.8499755859375,946.8499755859375,946.8499755859375,946.8499755859375,75
2025-04-16 13:01:00+05:30,947.4500122070312,947.4500122070312,947.4500122070312,947.4500122070312,0
2025-04-16 13:02:00+05:30,946.8499755859375,947.7999877929688,946.8499755859375,947.7999877929688,178
2025-04-16 13:03:00+05:30,948.2999877929688,948.2999877929688,948.2999877929688,948.2999877929688,54
2025-04-16 13:04:00+05:30,947.7000122070312,947.7000122070312,947.7000122070312,947.7000122070312,0
2025-04-16 13:05:00+05:30,947.0,947.0,947.0,947.0,11
2025-04-16 13:06:00+05:30,947.1500244140625,947.9500122070312,947.1500244140625,947.9500122070312,85
2025-04-16 13:07:00+05:30,947.1500244140625,947.1500244140625,946.8499755859375,946.8499755859375,1
2025-04-16 13:08:00+05:30,945.5499877929688,946.4500122070312,945.5499877929688,946.4500122070312,236
2025-04-16 13:10:00+05:30,943.75,944.75,943.5999755859375,944.75,253
2025-04-16 13:11:00+05:30,944.0,944.0,943.75,943.75,30
2025-04-16 13:12:00+05:30,943.7999877929688,943.7999877929688,943.7999877929688,943.7999877929688,30
2025-04-16 13:13:00+05:30,944.0499877929688,944.0499877929688,943.3499755859375,943.3499755859375,18
2025-04-16 13:14:00+05:30,944.3499755859375,944.3499755859375,944.3499755859375,944.3499755859375,32
2025-04-16 13:16:00+05:30,944.0999755859375,944.0999755859375,943.4000244140625,943.4000244140625,8
2025-04-16 13:17:00+05:30,943.2000122070312,943.2000122070312,943.2000122070312,943.2000122070312,32
2025-04-16 13:19:00+05:30,943.1500244140625,943.2000122070312,943.1500244140625,943.2000122070312,39
2025-04-16 13:20:00+05:30,942.75,943.0,942.75,943.0,74
2025-04-16 13:21:00+05:30,943.5999755859375,943.5999755859375,943.0999755859375,943.0999755859375,138
2025-04-16 13:22:00+05:30,943.7999877929688,943.7999877929688,942.75,942.75,42
2025-04-16 13:23:00+05:30,943.5,943.7000122070312,943.5,943.7000122070312,105
2025-04-16 13:24:00+05:30,942.6500244140625,942.6500244140625,942.3499755859375,942.5,43
2025-04-16 13:25:00+05:30,942.4000244140625,942.5999755859375,942.4000244140625,942.5999755859375,153
2025-04-16 13:26:00+05:30,943.0,943.0,942.4000244140625,942.4000244140625,63
2025-04-16 13:27:00+05:30,942.0999755859375,943.0,942.0999755859375,943.0,31
2025-04-16 13:28:00+05:30,940.75,942.0499877929688,940.75,942.0499877929688,492
2025-04-16 13:29:00+05:30,934.9500122070312,939.0499877929688,934.9500122070312,938.5999755859375,10161
2025-04-16 13:30:00+05:30,935.9000244140625,936.0,933.1500244140625,935.4000244140625,3357
2025-04-16 13:32:00+05:30,936.5999755859375,936.5999755859375,935.7000122070312,935.9000244140625,143
2025-04-16 13:34:00+05:30,935.7000122070312,937.5,935.7000122070312,937.5,35
2025-04-16 13:35:00+05:30,936.7000122070312,936.7000122070312,935.7999877929688,935.7999877929688,129
2025-04-16 13:36:00+05:30,936.9500122070312,936.9500122070312,936.9500122070312,936.9500122070312,0
2025-04-16 13:37:00+05:30,936.5,936.5,936.5,936.5,3
2025-04-16 13:39:00+05:30,937.5499877929688,937.5999755859375,936.7999877929688,936.7999877929688,22
2025-04-16 13:41:00+05:30,937.7999877929688,937.7999877929688,937.7999877929688,937.7999877929688,1
2025-04-16 13:44:00+05:30,937.1500244140625,937.1500244140625,937.1500244140625,937.1500244140625,9
2025-04-16 13:45:00+05:30,937.2000122070312,937.2000122070312,937.1500244140625,937.1500244140625,15
2025-04-16 13:46:00+05:30,937.9000244140625,937.9000244140625,937.9000244140625,937.9000244140625,209
2025-04-16 13:47:00+05:30,937.2000122070312,937.2000122070312,937.2000122070312,937.2000122070312,0
2025-04-16 13:48:00+05:30,936.9000244140625,937.9000244140625,936.9000244140625,937.75,63
2025-04-16 13:49:00+05:30,937.2999877929688,937.2999877929688,937.2999877929688,937.2999877929688,28
2025-04-16 13:51:00+05:30,937.4500122070312,937.4500122070312,937.4500122070312,937.4500122070312,0
2025-04-16 13:54:00+05:30,938.4500122070312,938.4500122070312,938.4500122070312,938.4500122070312,213
2025-04-16 13:55:00+05:30,939.7999877929688,939.7999877929688,938.7999877929688,938.7999877929688,122
2025-04-16 13:56:00+05:30,939.0,939.0,938.9500122070312,939.0,723
2025-04-16 13:57:00+05:30,939.7999877929688,939.7999877929688,939.0499877929688,939.0499877929688,49
2025-04-16 13:58:00+05:30,939.7999877929688,939.7999877929688,939.0499877929688,939.0499877929688,72
2025-04-16 13:59:00+05:30,939.7999877929688,939.7999877929688,939.7999877929688,939.7999877929688,150
2025-04-16 14:00:00+05:30,938.4500122070312,938.9500122070312,938.4500122070312,938.9500122070312,30
2025-04-16 14:01:00+05:30,938.5,939.2000122070312,938.5,939.2000122070312,117
2025-04-16 14:02:00+05:30,939.4500122070312,939.4500122070312,938.7000122070312,939.4000244140625,4
2025-04-16 14:03:00+05:30,938.2000122070312,938.2000122070312,938.2000122070312,938.2000122070312,51
2025-04-16 14:04:00+05:30,938.7999877929688,938.7999877929688,938.7999877929688,938.7999877929688,8
2025-04-16 14:05:00+05:30,938.9500122070312,939.4500122070312,938.8499755859375,938.8499755859375,4
2025-04-16 14:06:00+05:30,938.25,939.5999755859375,938.25,939.5,69
2025-04-16 14:07:00+05:30,938.4000244140625,938.4000244140625,938.4000244140625,938.4000244140625,0
2025-04-16 14:08:00+05:30,938.9500122070312,938.9500122070312,938.9500122070312,938.9500122070312,82
2025-04-16 14:09:00+05:30,938.0,939.0999755859375,938.0,939.0999755859375,57
2025-04-16 14:11:00+05:30,938.9500122070312,938.9500122070312,938.9500122070312,938.9500122070312,0
2025-04-16 14:13:00+05:30,938.9500122070312,938.9500122070312,938.9500122070312,938.9500122070312,5
2025-04-16 14:14:00+05:30,939.0,939.0,938.3499755859375,938.3499755859375,5
2025-04-16 14:15:00+05:30,939.0,939.0,939.0,939.0,154
2025-04-16 14:16:00+05:30,939.5999755859375,939.5999755859375,938.2000122070312,938.2000122070312,88
2025-04-16 14:17:00+05:30,939.5,939.5999755859375,939.5,939.5999755859375,0
2025-04-16 14:18:00+05:30,938.75,939.5999755859375,938.75,939.5999755859375,32
2025-04-16 14:19:00+05:30,938.4500122070312,938.4500122070312,938.4500122070312,938.4500122070312,11
2025-04-16 14:20:00+05:30,938.75,938.75,938.25,938.25,37
2025-04-16 14:21:00+05:30,938.4000244140625,938.75,938.4000244140625,938.75,22
2025-04-16 14:23:00+05:30,939.4500122070312,939.4500122070312,938.4000244140625,938.4500122070312,73
2025-04-16 14:24:00+05:30,938.75,938.75,938.75,938.75,165
2025-04-16 14:25:00+05:30,938.75,938.75,938.75,938.75,67
2025-04-16 14:26:00+05:30,938.2000122070312,938.2000122070312,938.2000122070312,938.2000122070312,0
2025-04-16 14:27:00+05:30,938.5,938.5,938.5,938.5,13
2025-04-16 14:28:00+05:30,938.0,938.2999877929688,938.0,938.2999877929688,344
2025-04-16 14:29:00+05:30,937.9000244140625,938.0,937.9000244140625,938.0,43
2025-04-16 14:31:00+05:30,937.2999877929688,937.2999877929688,937.2999877929688,937.2999877929688,626
2025-04-16 14:33:00+05:30,938.1500244140625,938.1500244140625,937.2000122070312,937.2000122070312,0
2025-04-16 14:34:00+05:30,938.2999877929688,938.2999877929688,938.0,938.2000122070312,400
2025-04-16 14:35:00+05:30,938.0,938.0,937.3499755859375,937.3499755859375,0
2025-04-16 14:36:00+05:30,937.0999755859375,937.0999755859375,937.0999755859375,937.0999755859375,9
2025-04-16 14:37:00+05:30,937.0,937.0,936.2000122070312,936.2000122070312,109
2025-04-16 14:38:00+05:30,936.0499877929688,937.0,936.0499877929688,937.0,89
2025-04-16 14:39:00+05:30,936.0,936.2000122070312,936.0,936.2000122070312,23
2025-04-16 14:43:00+05:30,936.0999755859375,936.0999755859375,936.0999755859375,936.0999755859375,53
2025-04-16 14:44:00+05:30,936.7999877929688,936.7999877929688,936.7999877929688,936.7999877929688,3
2025-04-16 14:45:00+05:30,936.0,936.75,936.0,936.75,115
2025-04-16 14:46:00+05:30,936.0499877929688,936.0499877929688,935.75,935.75,13
2025-04-16 14:47:00+05:30,935.5499877929688,935.5499877929688,935.5499877929688,935.5499877929688,717
2025-04-16 14:48:00+05:30,935.5499877929688,935.5499877929688,935.5499877929688,935.5499877929688,2
2025-04-16 14:49:00+05:30,936.0,936.0,936.0,936.0,17
2025-04-16 14:50:00+05:30,936.2999877929688,936.2999877929688,935.7999877929688,935.7999877929688,14
2025-04-16 14:51:00+05:30,935.9500122070312,937.25,935.9500122070312,936.2000122070312,144
2025-04-16 14:52:00+05:30,935.9500122070312,935.9500122070312,935.9500122070312,935.9500122070312,27
2025-04-16 14:53:00+05:30,935.9000244140625,935.9000244140625,935.9000244140625,935.9000244140625,11
2025-04-16 14:54:00+05:30,936.0999755859375,936.0999755859375,936.0999755859375,936.0999755859375,5
2025-04-16 14:55:00+05:30,934.75,935.4500122070312,934.5499877929688,934.5499877929688,322
2025-04-16 14:56:00+05:30,935.0,935.8499755859375,935.0,935.8499755859375,111
2025-04-16 14:57:00+05:30,935.7999877929688,935.8499755859375,935.2000122070312,935.7000122070312,32
2025-04-16 14:58:00+05:30,934.4500122070312,935.8499755859375,934.4500122070312,935.8499755859375,37
2025-04-16 14:59:00+05:30,936.3499755859375,936.3499755859375,934.5,934.5,432
2025-04-16 15:00:00+05:30,937.0,937.3499755859375,936.75,936.8499755859375,89
2025-04-16 15:01:00+05:30,937.8499755859375,937.8499755859375,936.7999877929688,937.0,36
2025-04-16 15:02:00+05:30,937.0,938.25,936.9500122070312,938.25,243
2025-04-16 15:03:00+05:30,936.4000244140625,936.5,936.0,936.25,55
2025-04-16 15:04:00+05:30,935.2999877929688,936.4000244140625,934.8499755859375,936.4000244140625,16
2025-04-16 15:05:00+05:30,936.5,936.5,935.2999877929688,935.2999877929688,47
2025-04-16 15:06:00+05:30,935.7999877929688,936.4000244140625,935.4000244140625,936.4000244140625,178
2025-04-16 15:07:00+05:30,936.4500122070312,936.4500122070312,934.5499877929688,935.0,666
2025-04-16 15:08:00+05:30,936.8499755859375,937.3499755859375,936.0499877929688,937.3499755859375,34
2025-04-16 15:09:00+05:30,936.7999877929688,936.8499755859375,936.0,936.6500244140625,173
2025-04-16 15:10:00+05:30,937.4500122070312,937.4500122070312,937.0,937.0,130
2025-04-16 15:11:00+05:30,937.3499755859375,937.3499755859375,936.1500244140625,936.5,95
2025-04-16 15:12:00+05:30,936.2000122070312,937.4500122070312,936.2000122070312,936.3499755859375,166
2025-04-16 15:13:00+05:30,936.0999755859375,937.3499755859375,936.0999755859375,937.3499755859375,78
2025-04-16 15:14:00+05:30,936.2999877929688,937.1500244140625,936.0499877929688,936.0999755859375,144
2025-04-16 15:15:00+05:30,937.3499755859375,937.3499755859375,936.25,937.2000122070312,414
2025-04-16 15:16:00+05:30,937.0,937.5,936.1500244140625,936.4500122070312,343
2025-04-16 15:17:00+05:30,936.8499755859375,937.0,936.0999755859375,937.0,31
2025-04-16 15:18:00+05:30,935.3499755859375,936.8499755859375,935.2000122070312,936.8499755859375,327
2025-04-16 15:19:00+05:30,936.0499877929688,936.1500244140625,936.0499877929688,936.0999755859375,54
2025-04-16 15:20:00+05:30,934.4000244140625,936.0499877929688,933.7000122070312,936.0499877929688,2321
2025-04-16 15:21:00+05:30,934.3499755859375,934.5499877929688,934.2999877929688,934.4000244140625,570
2025-04-16 15:22:00+05:30,935.75,935.75,934.5,934.5,485
2025-04-16 15:23:00+05:30,936.5499877929688,936.5999755859375,936.1500244140625,936.5499877929688,187
2025-04-16 15:24:00+05:30,935.7000122070312,936.5999755859375,934.5,936.5999755859375,145
2025-04-16 15:25:00+05:30,935.9500122070312,935.9500122070312,935.25,935.5999755859375,514
2025-04-16 15:26:00+05:30,936.1500244140625,936.9500122070312,936.1500244140625,936.5499877929688,523
2025-04-16 15:27:00+05:30,937.9000244140625,937.9000244140625,935.75,935.75,772
2025-04-16 15:28:00+05:30,936.0999755859375,937.5,936.0999755859375,937.5,245
2025-04-16 15:29:00+05:30,936.0999755859375,937.7000122070312,936.0,936.0,344
2025-04-17 09:15:00+05:30,937.4000244140625,940.0,936.9500122070312,940.0,0
2025-04-17 09:16:00+05:30,938.5999755859375,938.7000122070312,936.6500244140625,937.9500122070312,485
2025-04-17 09:17:00+05:30,940.7000122070312,941.3499755859375,939.0,939.0,992
2025-04-17 09:18:00+05:30,943.2999877929688,945.0,941.6500244140625,941.6500244140625,1216
2025-04-17 09:19:00+05:30,941.4500122070312,942.0999755859375,941.4500122070312,942.0999755859375,23
2025-04-17 09:20:00+05:30,941.7000122070312,942.0999755859375,940.4000244140625,940.9000244140625,296
2025-04-17 09:21:00+05:30,939.2999877929688,941.0,939.2999877929688,941.0,692
2025-04-17 09:22:00+05:30,937.0,938.2999877929688,936.2999877929688,938.2999877929688,129
2025-04-17 09:23:00+05:30,934.0,935.75,934.0,935.75,357
2025-04-17 09:24:00+05:30,934.3499755859375,934.3499755859375,933.0,934.0,664
2025-04-17 09:25:00+05:30,935.4500122070312,936.5999755859375,934.9000244140625,935.3499755859375,276
2025-04-17 09:26:00+05:30,938.2999877929688,938.5,937.0499877929688,937.0499877929688,51
2025-04-17 09:27:00+05:30,937.9500122070312,938.7999877929688,937.4000244140625,938.7999877929688,261
2025-04-17 09:28:00+05:30,937.5,937.9500122070312,936.8499755859375,937.9500122070312,46
2025-04-17 09:29:00+05:30,936.0,936.0,933.6500244140625,936.0,176
2025-04-17 09:30:00+05:30,937.75,937.75,936.0,936.0,29
2025-04-17 09:31:00+05:30,937.4000244140625,938.75,937.4000244140625,937.6500244140625,163
2025-04-17 09:32:00+05:30,938.8499755859375,938.8499755859375,938.5499877929688,938.5499877929688,180
2025-04-17 09:33:00+05:30,940.5,940.5,939.0999755859375,939.0999755859375,115
2025-04-17 09:34:00+05:30,940.0999755859375,940.0999755859375,939.5,939.5,52
2025-04-17 09:35:00+05:30,940.4000244140625,940.5499877929688,938.6500244140625,940.5499877929688,229
2025-04-17 09:36:00+05:30,938.0,940.5999755859375,938.0,940.5999755859375,54
2025-04-17 09:37:00+05:30,938.8499755859375,938.8499755859375,938.5499877929688,938.5499877929688,251
2025-04-17 09:38:00+05:30,940.0,940.0,938.9000244140625,939.2000122070312,85
2025-04-17 09:39:00+05:30,939.8499755859375,939.8499755859375,939.0499877929688,939.0499877929688,4
2025-04-17 09:40:00+05:30,939.7999877929688,939.7999877929688,939.7999877929688,939.7999877929688,197
2025-04-17 09:42:00+05:30,939.7000122070312,939.7000122070312,939.5,939.5,0
2025-04-17 09:43:00+05:30,942.2999877929688,942.2999877929688,940.8499755859375,940.8499755859375,13
2025-04-17 09:44:00+05:30,940.75,941.4500122070312,940.75,941.4500122070312,115
2025-04-17 09:45:00+05:30,942.5999755859375,942.5999755859375,941.0,941.0,29
2025-04-17 09:46:00+05:30,941.5999755859375,942.9500122070312,941.5999755859375,942.5999755859375,207
2025-04-17 09:47:00+05:30,941.5499877929688,941.5499877929688,941.2000122070312,941.2000122070312,87
2025-04-17 09:48:00+05:30,941.5999755859375,941.8499755859375,941.5999755859375,941.8499755859375,60
2025-04-17 09:49:00+05:30,941.5999755859375,941.5999755859375,941.5999755859375,941.5999755859375,17
2025-04-17 09:50:00+05:30,940.9000244140625,941.5999755859375,940.9000244140625,941.5999755859375,4
2025-04-17 09:51:00+05:30,940.7000122070312,940.75,940.7000122070312,940.75,163
2025-04-17 09:52:00+05:30,940.4500122070312,941.5999755859375,940.4500122070312,941.5999755859375,20
2025-04-17 09:53:00+05:30,941.7999877929688,941.7999877929688,941.7999877929688,941.7999877929688,126
2025-04-17 09:54:00+05:30,940.7000122070312,941.8499755859375,940.7000122070312,941.8499755859375,28
2025-04-17 09:55:00+05:30,941.0,941.0,941.0,941.0,50
2025-04-17 09:56:00+05:30,941.0499877929688,941.0499877929688,941.0499877929688,941.0499877929688,48
2025-04-17 09:57:00+05:30,941.1500244140625,941.8499755859375,941.1500244140625,941.8499755859375,108
2025-04-17 09:58:00+05:30,941.8499755859375,941.8499755859375,941.8499755859375,941.8499755859375,38
2025-04-17 09:59:00+05:30,942.25,942.9000244140625,941.8499755859375,941.8499755859375,222
2025-04-17 10:00:00+05:30,943.3499755859375,943.3499755859375,942.4500122070312,942.4500122070312,0
2025-04-17 10:01:00+05:30,942.5499877929688,943.2999877929688,942.25,943.2999877929688,79
2025-04-17 10:02:00+05:30,941.6500244140625,941.8499755859375,941.5499877929688,941.8499755859375,24
2025-04-17 10:03:00+05:30,941.8499755859375,942.75,941.8499755859375,942.0,51
2025-04-17 10:04:00+05:30,942.0,942.0,941.0,941.4500122070312,211
2025-04-17 10:06:00+05:30,942.2999877929688,942.2999877929688,941.7999877929688,941.7999877929688,31
2025-04-17 10:07:00+05:30,942.4500122070312,942.4500122070312,942.4500122070312,942.4500122070312,117
2025-04-17 10:08:00+05:30,942.0,942.2999877929688,941.3499755859375,942.2999877929688,94
2025-04-17 10:09:00+05:30,941.0,941.5,941.0,941.5,154
2025-04-17 10:10:00+05:30,940.2000122070312,940.3499755859375,940.2000122070312,940.2999877929688,0
2025-04-17 10:11:00+05:30,938.2999877929688,940.0,938.2999877929688,940.0,130
2025-04-17 10:12:00+05:30,938.2999877929688,938.8499755859375,938.0999755859375,938.8499755859375,255
2025-04-17 10:13:00+05:30,939.6500244140625,939.6500244140625,939.0,939.0,207
2025-04-17 10:14:00+05:30,938.9000244140625,938.9000244140625,938.9000244140625,938.9000244140625,21
2025-04-17 10:15:00+05:30,941.1500244140625,941.8499755859375,940.8499755859375,940.8499755859375,552
2025-04-17 10:16:00+05:30,940.3499755859375,941.0,940.0,941.0,350
2025-04-17 10:17:00+05:30,941.4500122070312,941.4500122070312,941.0,941.0,423
2025-04-17 10:18:00+05:30,942.0,942.0,942.0,942.0,0
2025-04-17 10:19:00+05:30,943.0,943.0,943.0,943.0,512
2025-04-17 10:20:00+05:30,940.75,942.6500244140625,940.75,942.6500244140625,184
2025-04-17 10:22:00+05:30,941.1500244140625,941.1500244140625,941.1500244140625,941.1500244140625,2
2025-04-17 10:23:00+05:30,941.0499877929688,941.0499877929688,941.0499877929688,941.0499877929688,22
2025-04-17 10:24:00+05:30,942.7000122070312,942.7000122070312,941.8499755859375,941.8499755859375,43
2025-04-17 10:25:00+05:30,943.9000244140625,945.0,942.8499755859375,942.8499755859375,1052
2025-04-17 10:26:00+05:30,945.4000244140625,945.4000244140625,944.75,944.75,14
2025-04-17 10:27:00+05:30,945.8499755859375,946.0499877929688,945.0,945.4500122070312,229
2025-04-17 10:28:00+05:30,946.0,946.0,945.7999877929688,945.8499755859375,58
2025-04-17 10:29:00+05:30,946.9000244140625,947.25,946.7000122070312,947.25,214
2025-04-17 10:30:00+05:30,947.1500244140625,948.0,947.0,947.0,637
2025-04-17 10:31:00+05:30,947.25,947.2999877929688,947.25,947.2999877929688,16
2025-04-17 10:32:00+05:30,946.5999755859375,946.5999755859375,946.5999755859375,946.5999755859375,10
2025-04-17 10:33:00+05:30,946.5999755859375,946.5999755859375,946.5999755859375,946.5999755859375,11
2025-04-17 10:34:00+05:30,947.2000122070312,947.2000122070312,947.2000122070312,947.2000122070312,57
2025-04-17 10:35:00+05:30,948.0,948.0,947.25,947.25,612
2025-04-17 10:36:00+05:30,947.0,947.2000122070312,947.0,947.2000122070312,103
2025-04-17 10:37:00+05:30,947.3499755859375,947.3499755859375,947.3499755859375,947.3499755859375,3
2025-04-17 10:38:00+05:30,947.3499755859375,947.3499755859375,947.3499755859375,947.3499755859375,69
2025-04-17 10:39:00+05:30,946.7999877929688,947.25,946.7999877929688,947.25,330
2025-04-17 10:40:00+05:30,946.3499755859375,946.5,946.3499755859375,946.5,12
2025-04-17 10:41:00+05:30,949.7999877929688,949.7999877929688,947.4500122070312,947.4500122070312,765
2025-04-17 10:42:00+05:30,949.7999877929688,949.7999877929688,949.7999877929688,949.7999877929688,4
2025-04-17 10:43:00+05:30,949.7000122070312,949.7000122070312,949.7000122070312,949.7000122070312,66
2025-04-17 10:44:00+05:30,950.2000122070312,950.2000122070312,949.2000122070312,949.2000122070312,735
2025-04-17 10:45:00+05:30,950.9000244140625,951.0,950.9000244140625,950.9000244140625,239
2025-04-17 10:46:00+05:30,951.4500122070312,951.4500122070312,950.0499877929688,950.0499877929688,176
2025-04-17 10:47:00+05:30,950.2000122070312,950.2000122070312,950.1500244140625,950.1500244140625,65
2025-04-17 10:48:00+05:30,951.4000244140625,951.4000244140625,950.2999877929688,951.0999755859375,519
2025-04-17 10:49:00+05:30,949.75,950.4000244140625,949.75,950.4000244140625,178
2025-04-17 10:50:00+05:30,950.2999877929688,950.9000244140625,950.2999877929688,950.9000244140625,162
2025-04-17 10:51:00+05:30,949.6500244140625,950.2000122070312,949.6500244140625,950.2000122070312,0
2025-04-17 10:52:00+05:30,951.2999877929688,951.2999877929688,950.5999755859375,950.5999755859375,211
2025-04-17 10:53:00+05:30,951.2999877929688,951.2999877929688,951.25,951.25,256
2025-04-17 10:54:00+05:30,953.5,953.5,952.0,952.0,1466
2025-04-17 10:55:00+05:30,951.1500244140625,952.1500244140625,951.1500244140625,951.7000122070312,368
2025-04-17 10:56:00+05:30,951.75,952.0999755859375,951.75,952.0999755859375,305
2025-04-17 10:57:00+05:30,951.1500244140625,952.7999877929688,951.0,951.0,420
2025-04-17 10:58:00+05:30,951.1500244140625,951.1500244140625,951.1500244140625,951.1500244140625,27
2025-04-17 10:59:00+05:30,950.4500122070312,950.4500122070312,950.4500122070312,950.4500122070312,99
2025-04-17 11:00:00+05:30,951.2999877929688,951.2999877929688,950.0999755859375,950.0999755859375,81
2025-04-17 11:01:00+05:30,949.7999877929688,951.1500244140625,949.7999877929688,951.1500244140625,45
2025-04-17 11:02:00+05:30,950.75,950.75,949.7000122070312,949.7000122070312,41
2025-04-17 11:04:00+05:30,950.25,950.25,949.6500244140625,949.6500244140625,13
2025-04-17 11:05:00+05:30,950.7000122070312,950.7000122070312,950.0,950.25,602
2025-04-17 11:06:00+05:30,949.9500122070312,949.9500122070312,949.9500122070312,949.9500122070312,1
2025-04-17 11:07:00+05:30,950.75,950.75,950.75,950.75,20
2025-04-17 11:08:00+05:30,951.0,951.0,950.7000122070312,950.7000122070312,644
2025-04-17 11:09:00+05:30,953.1500244140625,953.5,952.25,952.25,645
2025-04-17 11:12:00+05:30,954.7999877929688,955.7000122070312,953.9500122070312,953.9500122070312,1511
2025-04-17 11:13:00+05:30,953.5499877929688,954.75,953.5499877929688,954.2000122070312,166
2025-04-17 11:14:00+05:30,953.25,954.5,953.25,954.2000122070312,214
2025-04-17 11:15:00+05:30,954.4000244140625,954.4000244140625,954.4000244140625,954.4000244140625,0
2025-04-17 11:16:00+05:30,955.2999877929688,955.9000244140625,954.9000244140625,955.9000244140625,546
2025-04-17 11:17:00+05:30,954.8499755859375,955.2999877929688,954.8499755859375,955.2000122070312,550
2025-04-17 11:18:00+05:30,954.2999877929688,955.0999755859375,954.2999877929688,955.0999755859375,32
2025-04-17 11:19:00+05:30,954.9500122070312,955.3499755859375,954.4500122070312,955.3499755859375,34
2025-04-17 11:20:00+05:30,954.0499877929688,954.1500244140625,954.0499877929688,954.1500244140625,77
2025-04-17 11:21:00+05:30,953.8499755859375,954.25,953.0999755859375,953.0999755859375,257
2025-04-17 11:22:00+05:30,953.8499755859375,953.8499755859375,953.8499755859375,953.8499755859375,7
2025-04-17 11:24:00+05:30,953.0999755859375,953.8499755859375,953.0999755859375,953.8499755859375,146
2025-04-17 11:25:00+05:30,953.0999755859375,953.2000122070312,953.0999755859375,953.2000122070312,140
2025-04-17 11:26:00+05:30,952.5999755859375,953.5,952.5999755859375,952.8499755859375,67
2025-04-17 11:27:00+05:30,953.5999755859375,953.7000122070312,952.6500244140625,953.7000122070312,14
2025-04-17 11:28:00+05:30,952.7000122070312,953.4000244140625,952.7000122070312,953.4000244140625,90
2025-04-17 11:29:00+05:30,953.5999755859375,953.5999755859375,952.6500244140625,952.6500244140625,18
2025-04-17 11:30:00+05:30,954.0,954.0,953.8499755859375,953.8499755859375,104
2025-04-17 11:31:00+05:30,952.9500122070312,953.9000244140625,952.9500122070312,953.9000244140625,195
2025-04-17 11:32:00+05:30,953.0,953.5,953.0,953.5,57
2025-04-17 11:33:00+05:30,953.6500244140625,953.6500244140625,953.0,953.0,93
2025-04-17 11:34:00+05:30,952.5,952.5,952.5,952.5,31
2025-04-17 11:35:00+05:30,955.4500122070312,955.4500122070312,953.0,953.0,3727
2025-04-17 11:36:00+05:30,956.2999877929688,956.2999877929688,956.0499877929688,956.0499877929688,605
2025-04-17 11:37:00+05:30,956.4500122070312,956.4500122070312,955.5499877929688,956.4000244140625,134
2025-04-17 11:38:00+05:30,955.0999755859375,956.4500122070312,954.9000244140625,956.4500122070312,147
2025-04-17 11:39:00+05:30,954.25,954.5999755859375,954.25,954.5999755859375,81
2025-04-17 11:40:00+05:30,954.2000122070312,954.2000122070312,954.2000122070312,954.2000122070312,20
2025-04-17 11:41:00+05:30,954.75,954.75,954.5999755859375,954.5999755859375,35
2025-04-17 11:42:00+05:30,954.7000122070312,954.8499755859375,954.6500244140625,954.8499755859375,197
2025-04-17 11:43:00+05:30,955.4500122070312,955.4500122070312,955.4500122070312,955.4500122070312,112
2025-04-17 11:44:00+05:30,954.4000244140625,955.4000244140625,954.4000244140625,955.4000244140625,25
2025-04-17 11:45:00+05:30,954.2000122070312,954.2000122070312,954.2000122070312,954.2000122070312,144
2025-04-17 11:46:00+05:30,955.0999755859375,955.2000122070312,954.2999877929688,955.2000122070312,0
2025-04-17 11:47:00+05:30,954.9000244140625,954.9000244140625,954.2000122070312,954.2000122070312,20
2025-04-17 11:48:00+05:30,954.8499755859375,955.0,954.8499755859375,954.9500122070312,301
2025-04-17 11:49:00+05:30,955.0,955.0,954.75,954.75,0
2025-04-17 11:50:00+05:30,954.75,955.0,954.75,955.0,172
2025-04-17 11:51:00+05:30,955.5999755859375,955.5999755859375,954.75,955.5,469
2025-04-17 11:52:00+05:30,954.3499755859375,954.9000244140625,954.3499755859375,954.9000244140625,47
2025-04-17 11:53:00+05:30,951.6500244140625,953.2999877929688,951.6500244140625,952.4000244140625,264
2025-04-17 11:54:00+05:30,953.0,953.0,951.0999755859375,951.0999755859375,1531
2025-04-17 11:55:00+05:30,951.5499877929688,951.6500244140625,951.1500244140625,951.1500244140625,0
2025-04-17 11:56:00+05:30,952.9500122070312,952.9500122070312,951.5499877929688,951.5499877929688,0
2025-04-17 11:57:00+05:30,953.1500244140625,953.1500244140625,952.0999755859375,952.0999755859375,52
2025-04-17 11:58:00+05:30,953.0999755859375,953.0999755859375,953.0999755859375,953.0999755859375,1
2025-04-17 11:59:00+05:30,952.4000244140625,952.5,952.3499755859375,952.5,587
2025-04-17 12:00:00+05:30,953.0999755859375,953.0999755859375,952.0,952.4000244140625,55
2025-04-17 12:02:00+05:30,952.0999755859375,952.8499755859375,952.0999755859375,952.8499755859375,368
2025-04-17 12:03:00+05:30,952.8499755859375,953.5,952.4000244140625,952.4000244140625,0
2025-04-17 12:04:00+05:30,953.25,953.25,952.7000122070312,952.7000122070312,5
2025-04-17 12:05:00+05:30,953.7999877929688,953.7999877929688,953.3499755859375,953.3499755859375,28
2025-04-17 12:06:00+05:30,953.0,953.0,953.0,953.0,4
2025-04-17 12:07:00+05:30,954.5999755859375,954.5999755859375,953.7999877929688,953.7999877929688,55
2025-04-17 12:08:00+05:30,954.1500244140625,954.1500244140625,954.0999755859375,954.0999755859375,7
2025-04-17 12:09:00+05:30,954.9500122070312,954.9500122070312,954.0999755859375,954.0999755859375,60
2025-04-17 12:10:00+05:30,954.9500122070312,954.9500122070312,954.0999755859375,954.7999877929688,127
2025-04-17 12:11:00+05:30,953.5499877929688,954.8499755859375,953.5499877929688,954.8499755859375,164
2025-04-17 12:12:00+05:30,953.6500244140625,953.6500244140625,953.6500244140625,953.6500244140625,0
2025-04-17 12:13:00+05:30,953.0,953.5499877929688,953.0,953.0499877929688,226
2025-04-17 12:15:00+05:30,952.2000122070312,952.25,952.2000122070312,952.25,0
2025-04-17 12:16:00+05:30,953.0,953.0,953.0,953.0,365
2025-04-17 12:17:00+05:30,953.0,953.1500244140625,953.0,953.0,0
2025-04-17 12:18:00+05:30,952.8499755859375,952.8499755859375,952.8499755859375,952.8499755859375,0
2025-04-17 12:19:00+05:30,952.7999877929688,952.7999877929688,952.7999877929688,952.7999877929688,7
2025-04-17 12:21:00+05:30,952.7999877929688,954.0,952.7999877929688,954.0,124
2025-04-17 12:22:00+05:30,953.75,953.75,953.0499877929688,953.0499877929688,0
2025-04-17 12:23:00+05:30,953.7000122070312,953.7000122070312,953.0499877929688,953.0499877929688,33
2025-04-17 12:24:00+05:30,953.6500244140625,953.6500244140625,953.6500244140625,953.6500244140625,7
2025-04-17 12:26:00+05:30,953.5499877929688,953.5499877929688,953.5499877929688,953.5499877929688,0
2025-04-17 12:27:00+05:30,953.1500244140625,953.5999755859375,952.9000244140625,953.0999755859375,192
2025-04-17 12:28:00+05:30,953.2999877929688,953.2999877929688,953.0999755859375,953.0999755859375,45
2025-04-17 12:29:00+05:30,953.5499877929688,953.5499877929688,953.0999755859375,953.0999755859375,540
2025-04-17 12:30:00+05:30,953.3499755859375,953.3499755859375,953.3499755859375,953.3499755859375,46
2025-04-17 12:31:00+05:30,953.0499877929688,953.5499877929688,953.0,953.0,164
2025-04-17 12:34:00+05:30,952.7000122070312,952.75,952.0999755859375,952.75,451
2025-04-17 12:35:00+05:30,950.7000122070312,952.2000122070312,950.7000122070312,952.2000122070312,601
2025-04-17 12:36:00+05:30,950.6500244140625,951.6500244140625,950.6500244140625,951.6500244140625,48
2025-04-17 12:37:00+05:30,951.2000122070312,951.7000122070312,950.2999877929688,951.7000122070312,265
2025-04-17 12:38:00+05:30,949.5499877929688,950.0,949.5,949.6500244140625,811
2025-04-17 12:39:00+05:30,949.75,949.75,949.75,949.75,5
2025-04-17 12:40:00+05:30,949.1500244140625,949.8499755859375,949.1500244140625,949.8499755859375,23
2025-04-17 12:41:00+05:30,949.0499877929688,949.1500244140625,949.0499877929688,949.1500244140625,20
2025-04-17 12:42:00+05:30,948.7000122070312,948.7000122070312,948.7000122070312,948.7000122070312,180
2025-04-17 12:43:00+05:30,948.4500122070312,948.7000122070312,948.4500122070312,948.7000122070312,57
2025-04-17 12:44:00+05:30,948.5499877929688,948.5999755859375,948.5499877929688,948.5999755859375,19
2025-04-17 12:45:00+05:30,948.6500244140625,948.6500244140625,948.5999755859375,948.5999755859375,71
2025-04-17 12:46:00+05:30,950.4000244140625,950.4000244140625,949.4000244140625,949.4000244140625,1868
2025-04-17 12:47:00+05:30,951.1500244140625,951.2000122070312,950.5499877929688,950.5499877929688,23
2025-04-17 12:48:00+05:30,950.9500122070312,951.75,950.9500122070312,951.5999755859375,21
2025-04-17 12:49:00+05:30,950.2999877929688,950.2999877929688,950.2999877929688,950.2999877929688,23
2025-04-17 12:50:00+05:30,950.2999877929688,950.2999877929688,950.2999877929688,950.2999877929688,0
2025-04-17 12:52:00+05:30,950.2999877929688,950.2999877929688,950.2000122070312,950.2000122070312,4
2025-04-17 12:53:00+05:30,950.0,950.2999877929688,949.4500122070312,950.2999877929688,12
2025-04-17 12:54:00+05:30,950.5999755859375,950.5999755859375,950.5999755859375,950.5999755859375,101
2025-04-17 12:55:00+05:30,951.5499877929688,951.5999755859375,950.8499755859375,951.5999755859375,53
2025-04-17 12:56:00+05:30,950.9000244140625,950.9000244140625,950.9000244140625,950.9000244140625,1
2025-04-17 12:57:00+05:30,950.0999755859375,950.0999755859375,950.0999755859375,950.0999755859375,19
2025-04-17 12:58:00+05:30,948.6500244140625,950.25,948.6500244140625,950.25,1941
2025-04-17 12:59:00+05:30,948.5999755859375,948.5999755859375,948.5999755859375,948.5999755859375,27
2025-04-17 13:00:00+05:30,947.7000122070312,948.4500122070312,947.7000122070312,948.4500122070312,20
2025-04-17 13:01:00+05:30,947.7000122070312,947.7000122070312,947.6500244140625,947.6500244140625,225
2025-04-17 13:02:00+05:30,947.4500122070312,947.9000244140625,947.1500244140625,947.6500244140625,47
2025-04-17 13:03:00+05:30,947.4500122070312,947.4500122070312,947.4500122070312,947.4500122070312,16
2025-04-17 13:04:00+05:30,946.7999877929688,946.7999877929688,946.7999877929688,946.7999877929688,11
2025-04-17 13:05:00+05:30,947.75,947.75,947.4000244140625,947.4000244140625,121
2025-04-17 13:06:00+05:30,947.5499877929688,947.5499877929688,947.1500244140625,947.4500122070312,79
2025-04-17 13:07:00+05:30,946.9500122070312,947.5,946.9500122070312,947.5,19
2025-04-17 13:08:00+05:30,947.0,947.0,946.5499877929688,946.5499877929688,25
2025-04-17 13:09:00+05:30,947.2999877929688,947.2999877929688,947.1500244140625,947.1500244140625,236
2025-04-17 13:10:00+05:30,946.5999755859375,946.5999755859375,946.5999755859375,946.5999755859375,359
2025-04-17 13:11:00+05:30,947.1500244140625,947.1500244140625,946.1500244140625,946.1500244140625,133
2025-04-17 13:12:00+05:30,947.0499877929688,947.0499877929688,946.4000244140625,946.4000244140625,14
2025-04-17 13:13:00+05:30,946.2000122070312,946.2999877929688,946.2000122070312,946.2999877929688,9
2025-04-17 13:14:00+05:30,946.0,946.6500244140625,946.0,946.1500244140625,44
2025-04-17 13:15:00+05:30,946.0,946.0,946.0,946.0,7
2025-04-17 13:16:00+05:30,946.0,946.0,946.0,946.0,21
2025-04-17 13:18:00+05:30,946.2999877929688,946.2999877929688,946.0499877929688,946.0499877929688,69
2025-04-17 13:19:00+05:30,946.0499877929688,946.5999755859375,946.0499877929688,946.25,139
2025-04-17 13:20:00+05:30,945.7999877929688,946.0,945.7999877929688,946.0,219
2025-04-17 13:21:00+05:30,945.0,945.0499877929688,945.0,945.0499877929688,22
2025-04-17 13:22:00+05:30,945.0,945.0,945.0,945.0,25
2025-04-17 13:23:00+05:30,944.5999755859375,944.6500244140625,944.5999755859375,944.6500244140625,7
2025-04-17 13:24:00+05:30,943.9500122070312,944.5999755859375,943.9500122070312,944.5999755859375,106
2025-04-17 13:25:00+05:30,944.2000122070312,944.2000122070312,944.2000122070312,944.2000122070312,5
2025-04-17 13:26:00+05:30,947.4000244140625,947.4000244140625,945.4000244140625,945.4000244140625,578
2025-04-17 13:27:00+05:30,946.4500122070312,946.4500122070312,946.4500122070312,946.4500122070312,98
2025-04-17 13:28:00+05:30,946.5999755859375,947.0499877929688,946.0999755859375,947.0499877929688,460
2025-04-17 13:29:00+05:30,946.2999877929688,946.2999877929688,946.2999877929688,946.2999877929688,7
2025-04-17 13:30:00+05:30,945.7000122070312,946.0999755859375,945.7000122070312,946.0999755859375,340
2025-04-17 13:31:00+05:30,945.0499877929688,945.0499877929688,945.0499877929688,945.0499877929688,8
2025-04-17 13:32:00+05:30,946.0999755859375,946.0999755859375,946.0,946.0,35
2025-04-17 13:33:00+05:30,945.0,945.0499877929688,945.0,945.0499877929688,197
2025-04-17 13:35:00+05:30,946.25,946.25,945.3499755859375,945.3499755859375,11
2025-04-17 13:36:00+05:30,946.2999877929688,947.25,946.2999877929688,946.2999877929688,158
2025-04-17 13:37:00+05:30,945.2000122070312,946.1500244140625,945.0,945.25,195
2025-04-17 13:38:00+05:30,946.2000122070312,946.2000122070312,945.7999877929688,945.7999877929688,42
2025-04-17 13:39:00+05:30,944.5499877929688,946.4500122070312,944.5499877929688,945.75,585
2025-04-17 13:40:00+05:30,945.4000244140625,945.4000244140625,945.4000244140625,945.4000244140625,3
2025-04-17 13:41:00+05:30,945.4000244140625,945.4000244140625,945.4000244140625,945.4000244140625,99
2025-04-17 13:42:00+05:30,945.0,945.0,945.0,945.0,0
2025-04-17 13:43:00+05:30,945.9500122070312,945.9500122070312,943.7000122070312,944.0,222
2025-04-17 13:44:00+05:30,947.25,947.4500122070312,947.25,947.25,536
2025-04-17 13:45:00+05:30,948.5999755859375,948.5999755859375,948.0499877929688,948.0499877929688,687
2025-04-17 13:47:00+05:30,947.7000122070312,948.5999755859375,947.7000122070312,948.5,14
2025-04-17 13:48:00+05:30,947.7999877929688,947.7999877929688,947.7999877929688,947.7999877929688,18
2025-04-17 13:51:00+05:30,948.4000244140625,948.4000244140625,948.0,948.0499877929688,49
2025-04-17 13:52:00+05:30,948.4000244140625,948.4000244140625,948.4000244140625,948.4000244140625,2
2025-04-17 13:53:00+05:30,948.7000122070312,948.7000122070312,948.0,948.0,48
2025-04-17 13:54:00+05:30,946.9000244140625,948.8499755859375,946.9000244140625,948.1500244140625,316
2025-04-17 13:55:00+05:30,946.1500244140625,946.1500244140625,946.1500244140625,946.1500244140625,35
2025-04-17 13:56:00+05:30,945.6500244140625,946.5,945.6500244140625,946.1500244140625,39
2025-04-17 13:57:00+05:30,947.4000244140625,947.4000244140625,946.2999877929688,946.2999877929688,145
2025-04-17 13:58:00+05:30,947.75,947.8499755859375,947.75,947.8499755859375,28
2025-04-17 13:59:00+05:30,947.7999877929688,947.7999877929688,946.0999755859375,946.0999755859375,217
2025-04-17 14:01:00+05:30,946.4500122070312,948.4000244140625,946.4500122070312,948.4000244140625,467
2025-04-17 14:03:00+05:30,946.0999755859375,946.25,945.0499877929688,946.25,91
2025-04-17 14:04:00+05:30,945.2000122070312,947.2000122070312,945.2000122070312,947.2000122070312,1319
2025-04-17 14:05:00+05:30,946.8499755859375,947.0,945.5499877929688,946.0499877929688,343
2025-04-17 14:06:00+05:30,948.0,948.0,948.0,948.0,3
2025-04-17 14:07:00+05:30,946.1500244140625,946.9000244140625,946.1500244140625,946.9000244140625,86
2025-04-17 14:08:00+05:30,945.1500244140625,945.1500244140625,945.1500244140625,945.1500244140625,2
2025-04-17 14:10:00+05:30,945.9000244140625,946.3499755859375,945.9000244140625,946.3499755859375,100
2025-04-17 14:11:00+05:30,946.7000122070312,946.7000122070312,946.0,946.0,476
2025-04-17 14:12:00+05:30,946.6500244140625,946.7000122070312,946.6500244140625,946.7000122070312,12
2025-04-17 14:13:00+05:30,946.6500244140625,946.6500244140625,946.0,946.0,10
2025-04-17 14:14:00+05:30,946.0,946.6500244140625,946.0,946.6500244140625,256
2025-04-17 14:15:00+05:30,945.1500244140625,945.3499755859375,945.1500244140625,945.3499755859375,262
2025-04-17 14:16:00+05:30,945.4500122070312,945.4500122070312,945.1500244140625,945.1500244140625,137
2025-04-17 14:17:00+05:30,945.5499877929688,946.25,945.5499877929688,946.25,27
2025-04-17 14:20:00+05:30,944.1500244140625,946.0499877929688,944.1500244140625,945.5499877929688,547
2025-04-17 14:21:00+05:30,943.6500244140625,943.9500122070312,943.6500244140625,943.9500122070312,17
2025-04-17 14:22:00+05:30,943.5,943.5,943.5,943.5,198
2025-04-17 14:23:00+05:30,943.5,944.2000122070312,943.5,944.2000122070312,126
2025-04-17 14:24:00+05:30,943.25,943.75,942.75,943.0,649
2025-04-17 14:25:00+05:30,942.9500122070312,942.9500122070312,942.0,942.4500122070312,262
2025-04-17 14:26:00+05:30,941.5999755859375,942.0,941.0,942.0,800
2025-04-17 14:27:00+05:30,942.9500122070312,942.9500122070312,942.0999755859375,942.0999755859375,83
2025-04-17 14:28:00+05:30,942.9500122070312,942.9500122070312,942.1500244140625,942.1500244140625,18
2025-04-17 14:29:00+05:30,943.0,943.0,943.0,943.0,5
2025-04-17 14:30:00+05:30,943.0,943.0,942.0999755859375,942.0999755859375,129
2025-04-17 14:31:00+05:30,943.0,943.0,943.0,943.0,75
2025-04-17 14:32:00+05:30,944.0499877929688,944.0499877929688,944.0499877929688,944.0499877929688,0
2025-04-17 14:33:00+05:30,943.0499877929688,943.0499877929688,943.0499877929688,943.0499877929688,17
2025-04-17 14:34:00+05:30,943.0499877929688,943.0499877929688,943.0499877929688,943.0499877929688,13
2025-04-17 14:35:00+05:30,943.5,943.5,943.0499877929688,943.0499877929688,33
2025-04-17 14:36:00+05:30,942.2000122070312,944.0,942.2000122070312,944.0,46
2025-04-17 14:37:00+05:30,943.2999877929688,943.2999877929688,943.2999877929688,943.2999877929688,2
2025-04-17 14:38:00+05:30,943.7000122070312,943.7000122070312,943.2999877929688,943.2999877929688,7
2025-04-17 14:39:00+05:30,944.2000122070312,944.2000122070312,944.2000122070312,944.2000122070312,9
2025-04-17 14:40:00+05:30,942.75,943.7000122070312,942.75,943.7000122070312,162
2025-04-17 14:41:00+05:30,942.25,943.7000122070312,942.25,943.0,174
2025-04-17 14:42:00+05:30,942.25,942.25,942.25,942.25,21
2025-04-17 14:43:00+05:30,943.25,943.25,943.25,943.25,6
2025-04-17 14:44:00+05:30,944.0999755859375,944.0999755859375,942.5,942.5,63
2025-04-17 14:45:00+05:30,943.2000122070312,944.2000122070312,943.2000122070312,944.2000122070312,47
2025-04-17 14:46:00+05:30,944.4000244140625,944.4000244140625,944.4000244140625,944.4000244140625,49
2025-04-17 14:47:00+05:30,944.75,944.75,944.75,944.75,1
2025-04-17 14:48:00+05:30,944.6500244140625,944.6500244140625,944.6500244140625,944.6500244140625,229
2025-04-17 14:49:00+05:30,945.0,945.0,944.7999877929688,944.7999877929688,255
2025-04-17 14:50:00+05:30,945.9000244140625,945.9000244140625,945.0,945.0,14
2025-04-17 14:51:00+05:30,947.9500122070312,947.9500122070312,947.4500122070312,947.4500122070312,566
2025-04-17 14:52:00+05:30,947.0,947.5999755859375,947.0,947.5999755859375,320
2025-04-17 14:53:00+05:30,943.9000244140625,946.2000122070312,943.7000122070312,946.2000122070312,1119
2025-04-17 14:54:00+05:30,944.2000122070312,944.2000122070312,944.2000122070312,944.2000122070312,2
2025-04-17 14:56:00+05:30,945.0999755859375,945.0999755859375,944.2000122070312,944.2000122070312,158
2025-04-17 14:57:00+05:30,944.1500244140625,945.0999755859375,944.1500244140625,945.0999755859375,0
2025-04-17 14:58:00+05:30,943.5999755859375,943.5999755859375,943.5999755859375,943.5999755859375,29
2025-04-17 15:00:00+05:30,945.1500244140625,945.7000122070312,945.1500244140625,945.2000122070312,143
2025-04-17 15:01:00+05:30,944.0,944.0,943.1500244140625,943.1500244140625,319
2025-04-17 15:02:00+05:30,943.7000122070312,943.7000122070312,943.3499755859375,943.3499755859375,34
2025-04-17 15:03:00+05:30,942.7000122070312,942.7000122070312,942.5,942.5,557
2025-04-17 15:04:00+05:30,943.2000122070312,943.75,943.2000122070312,943.5,15
2025-04-17 15:05:00+05:30,943.1500244140625,943.2000122070312,942.8499755859375,943.2000122070312,1587
2025-04-17 15:06:00+05:30,942.0999755859375,942.7999877929688,941.5499877929688,942.7000122070312,115
2025-04-17 15:07:00+05:30,941.0,942.5999755859375,941.0,942.5999755859375,123
2025-04-17 15:08:00+05:30,942.2999877929688,942.2999877929688,940.7999877929688,941.3499755859375,164
2025-04-17 15:09:00+05:30,941.4500122070312,942.0999755859375,940.1500244140625,942.0999755859375,421
2025-04-17 15:10:00+05:30,942.4500122070312,942.4500122070312,940.8499755859375,940.8499755859375,205
2025-04-17 15:11:00+05:30,941.8499755859375,941.9500122070312,941.5499877929688,941.5499877929688,31
2025-04-17 15:12:00+05:30,942.7999877929688,942.7999877929688,942.0,942.0,520
2025-04-17 15:13:00+05:30,941.5499877929688,942.5999755859375,941.5499877929688,942.0999755859375,51
2025-04-17 15:14:00+05:30,941.8499755859375,941.8499755859375,941.0,941.75,133
2025-04-17 15:15:00+05:30,941.7000122070312,941.8499755859375,941.2000122070312,941.8499755859375,77
2025-04-17 15:16:00+05:30,938.6500244140625,941.4000244140625,938.6500244140625,941.4000244140625,1335
2025-04-17 15:17:00+05:30,939.0,939.0,937.3499755859375,938.0499877929688,699
2025-04-17 15:18:00+05:30,939.5,940.6500244140625,939.0,939.0,239
2025-04-17 15:19:00+05:30,938.0,940.0,938.0,939.5,416
2025-04-17 15:20:00+05:30,941.0999755859375,941.2000122070312,939.3499755859375,939.3499755859375,1973
2025-04-17 15:21:00+05:30,941.1500244140625,941.2000122070312,939.75,940.7999877929688,147
2025-04-17 15:22:00+05:30,941.5999755859375,941.6500244140625,940.0499877929688,941.0,415
2025-04-17 15:23:00+05:30,941.7000122070312,941.7000122070312,940.3499755859375,940.3499755859375,302
2025-04-17 15:24:00+05:30,941.0999755859375,941.5999755859375,940.25,940.5,436
2025-04-17 15:25:00+05:30,939.0999755859375,941.0499877929688,939.0999755859375,941.0499877929688,351
2025-04-17 15:26:00+05:30,941.0499877929688,941.9500122070312,939.7000122070312,939.75,485
2025-04-17 15:27:00+05:30,940.0,941.9500122070312,940.0,941.0999755859375,316
2025-04-17 15:28:00+05:30,940.5,941.4500122070312,940.5,940.5499877929688,552
2025-04-17 15:29:00+05:30,942.5,943.1500244140625,940.5499877929688,943.1500244140625,268
2025-04-21 09:15:00+05:30,940.25,942.9500122070312,933.0499877929688,933.0499877929688,0
2025-04-21 09:16:00+05:30,946.1500244140625,946.1500244140625,940.0499877929688,941.0,535
2025-04-21 09:17:00+05:30,944.1500244140625,944.7000122070312,942.2000122070312,944.6500244140625,460
2025-04-21 09:18:00+05:30,941.0499877929688,944.0,940.7999877929688,944.0,176
2025-04-21 09:19:00+05:30,937.8499755859375,940.1500244140625,935.5499877929688,940.1500244140625,912
2025-04-21 09:20:00+05:30,937.9500122070312,939.5999755859375,937.9500122070312,939.5999755859375,277
2025-04-21 09:21:00+05:30,938.7000122070312,938.9000244140625,937.9500122070312,938.2999877929688,105
2025-04-21 09:22:00+05:30,937.5999755859375,939.9000244140625,937.5999755859375,937.9000244140625,230
2025-04-21 09:23:00+05:30,939.8499755859375,939.8499755859375,938.2999877929688,938.9500122070312,220
2025-04-21 09:24:00+05:30,940.0999755859375,940.4500122070312,939.3499755859375,939.8499755859375,176
2025-04-21 09:25:00+05:30,937.0,939.0499877929688,937.0,939.0499877929688,444
2025-04-21 09:26:00+05:30,937.0,938.0499877929688,937.0,937.1500244140625,807
2025-04-21 09:27:00+05:30,938.75,939.0999755859375,938.75,938.8499755859375,227
2025-04-21 09:28:00+05:30,938.0499877929688,938.5999755859375,938.0499877929688,938.5999755859375,7
2025-04-21 09:29:00+05:30,938.75,938.75,938.7000122070312,938.7000122070312,105
2025-04-21 09:30:00+05:30,940.0,940.0,938.1500244140625,938.1500244140625,78
2025-04-21 09:31:00+05:30,939.8499755859375,940.0,939.8499755859375,940.0,13
2025-04-21 09:32:00+05:30,938.1500244140625,939.7999877929688,938.0,939.7999877929688,53
2025-04-21 09:33:00+05:30,940.0,940.0,938.3499755859375,938.9000244140625,59
2025-04-21 09:34:00+05:30,940.0,940.0,939.0499877929688,939.0499877929688,189
2025-04-21 09:35:00+05:30,941.7999877929688,941.7999877929688,939.5499877929688,940.3499755859375,344
2025-04-21 09:36:00+05:30,941.0999755859375,941.0999755859375,941.0999755859375,941.0999755859375,0
2025-04-21 09:37:00+05:30,943.1500244140625,943.1500244140625,941.9000244140625,942.0,1633
2025-04-21 09:38:00+05:30,944.25,944.9000244140625,944.25,944.7999877929688,190
2025-04-21 09:39:00+05:30,946.1500244140625,946.1500244140625,944.9500122070312,944.9500122070312,151
2025-04-21 09:40:00+05:30,944.9000244140625,946.1500244140625,944.25,946.1500244140625,357
2025-04-21 09:41:00+05:30,944.5499877929688,945.3499755859375,944.0,945.0,480
2025-04-21 09:42:00+05:30,945.3499755859375,945.4000244140625,944.2999877929688,944.2999877929688,116
2025-04-21 09:43:00+05:30,943.75,944.0,943.75,944.0,318
2025-04-21 09:44:00+05:30,943.7999877929688,943.7999877929688,943.7999877929688,943.7999877929688,85
2025-04-21 09:45:00+05:30,943.75,943.7999877929688,943.75,943.7999877929688,4
2025-04-21 09:46:00+05:30,941.0999755859375,942.8499755859375,941.0999755859375,942.8499755859375,599
2025-04-21 09:47:00+05:30,943.0,943.0,941.2000122070312,941.2000122070312,171
2025-04-21 09:48:00+05:30,942.4000244140625,942.4000244140625,941.25,941.25,436
2025-04-21 09:49:00+05:30,942.0,942.5,942.0,942.5,251
2025-04-21 09:50:00+05:30,943.7999877929688,943.7999877929688,942.8499755859375,942.8499755859375,479
2025-04-21 09:51:00+05:30,943.5,944.4500122070312,943.0499877929688,944.0,0
2025-04-21 09:52:00+05:30,944.4000244140625,944.5499877929688,943.4000244140625,943.4000244140625,106
2025-04-21 09:53:00+05:30,943.4000244140625,943.5499877929688,943.4000244140625,943.5499877929688,78
2025-04-21 09:54:00+05:30,944.5,944.5499877929688,944.2999877929688,944.2999877929688,186
2025-04-21 09:55:00+05:30,945.1500244140625,947.0,944.4500122070312,944.4500122070312,1415
2025-04-21 09:56:00+05:30,945.3499755859375,946.2999877929688,945.3499755859375,946.2999877929688,13
2025-04-21 09:57:00+05:30,946.3499755859375,946.5,945.4000244140625,945.4000244140625,27
2025-04-21 09:58:00+05:30,946.75,946.75,946.5,946.5,111
2025-04-21 09:59:00+05:30,945.0999755859375,946.0,944.5999755859375,946.0,121
2025-04-21 10:00:00+05:30,946.5999755859375,946.5999755859375,945.5999755859375,946.25,10
2025-04-21 10:01:00+05:30,946.5999755859375,946.5999755859375,946.5999755859375,946.5999755859375,18
2025-04-21 10:02:00+05:30,946.5,946.5,946.5,946.5,0
2025-04-21 10:03:00+05:30,945.8499755859375,946.2000122070312,945.5999755859375,945.5999755859375,92
2025-04-21 10:04:00+05:30,945.25,946.8499755859375,945.25,946.8499755859375,80
2025-04-21 10:05:00+05:30,945.25,945.25,945.25,945.25,51
2025-04-21 10:06:00+05:30,944.9500122070312,944.9500122070312,944.2999877929688,944.2999877929688,0
2025-04-21 10:07:00+05:30,945.25,945.25,944.7999877929688,945.0499877929688,81
2025-04-21 10:08:00+05:30,944.8499755859375,944.8499755859375,943.8499755859375,944.4500122070312,81
2025-04-21 10:09:00+05:30,943.5,945.0,943.5,945.0,364
2025-04-21 10:10:00+05:30,942.8499755859375,943.0,942.8499755859375,943.0,117
2025-04-21 10:11:00+05:30,943.0,943.0,943.0,943.0,100
2025-04-21 10:12:00+05:30,941.7999877929688,943.0999755859375,941.7999877929688,942.2999877929688,120
2025-04-21 10:13:00+05:30,942.6500244140625,942.6500244140625,942.6500244140625,942.6500244140625,72
2025-04-21 10:14:00+05:30,942.75,942.75,941.75,941.75,14
2025-04-21 10:15:00+05:30,943.8499755859375,943.8499755859375,942.7000122070312,942.7000122070312,276
2025-04-21 10:16:00+05:30,946.0,946.0,944.0,944.0,774
2025-04-21 10:17:00+05:30,946.9000244140625,946.9000244140625,945.7000122070312,946.5,532
2025-04-21 10:18:00+05:30,949.8499755859375,949.8499755859375,946.9000244140625,946.9000244140625,775
2025-04-21 10:19:00+05:30,948.8499755859375,949.9000244140625,948.6500244140625,949.5999755859375,85
2025-04-21 10:20:00+05:30,949.4000244140625,949.4000244140625,948.25,948.25,56
2025-04-21 10:21:00+05:30,949.5999755859375,949.5999755859375,949.5999755859375,949.5999755859375,27
2025-04-21 10:22:00+05:30,949.7000122070312,949.7000122070312,949.4000244140625,949.4000244140625,14
2025-04-21 10:23:00+05:30,948.5499877929688,949.0,948.5499877929688,949.0,67
2025-04-21 10:24:00+05:30,948.5499877929688,950.7999877929688,948.5499877929688,949.9500122070312,444
2025-04-21 10:25:00+05:30,950.75,950.75,948.7999877929688,948.9000244140625,166
2025-04-21 10:26:00+05:30,949.5,949.5,949.5,949.5,55
2025-04-21 10:27:00+05:30,949.25,949.25,949.25,949.25,80
2025-04-21 10:28:00+05:30,949.25,949.25,949.25,949.25,17
2025-04-21 10:29:00+05:30,949.25,949.25,949.25,949.25,50
2025-04-21 10:30:00+05:30,950.0,950.0,950.0,950.0,25
2025-04-21 10:31:00+05:30,950.3499755859375,950.3499755859375,949.25,949.25,30
2025-04-21 10:32:00+05:30,950.7000122070312,951.5,950.7000122070312,951.5,1161
2025-04-21 10:33:00+05:30,951.0,951.0,950.7000122070312,950.7000122070312,4
2025-04-21 10:34:00+05:30,951.9000244140625,951.9000244140625,951.0,951.0,64
2025-04-21 10:35:00+05:30,951.0,952.4000244140625,950.7000122070312,950.7000122070312,760
2025-04-21 10:36:00+05:30,955.3499755859375,955.3499755859375,951.1500244140625,951.1500244140625,1916
2025-04-21 10:37:00+05:30,957.4500122070312,958.5,955.0499877929688,955.0499877929688,1548
2025-04-21 10:38:00+05:30,958.25,958.5,956.5,957.6500244140625,1064
2025-04-21 10:39:00+05:30,958.4500122070312,958.7999877929688,957.2000122070312,958.4500122070312,1791
2025-04-21 10:40:00+05:30,959.5,959.5,958.0,959.4000244140625,919
2025-04-21 10:41:00+05:30,957.5,960.0,957.1500244140625,959.5499877929688,858
2025-04-21 10:42:00+05:30,955.25,956.5499877929688,955.25,956.5499877929688,659
2025-04-21 10:43:00+05:30,956.7000122070312,956.7000122070312,955.5999755859375,956.5,439
2025-04-21 10:44:00+05:30,955.0499877929688,955.25,955.0499877929688,955.25,1165
2025-04-21 10:45:00+05:30,954.5,955.0499877929688,953.0,955.0499877929688,628
2025-04-21 10:46:00+05:30,953.9000244140625,954.1500244140625,953.9000244140625,954.1500244140625,442
2025-04-21 10:47:00+05:30,954.0,954.0,954.0,954.0,182
2025-04-21 10:48:00+05:30,952.0999755859375,953.75,952.0999755859375,953.75,1255
2025-04-21 10:49:00+05:30,953.7999877929688,954.0,953.1500244140625,953.1500244140625,370
2025-04-21 10:50:00+05:30,954.3499755859375,955.2999877929688,953.0,953.7999877929688,587
2025-04-21 10:51:00+05:30,954.0,954.4500122070312,953.1500244140625,953.1500244140625,239
2025-04-21 10:52:00+05:30,953.5,954.0,953.5,954.0,27
2025-04-21 10:53:00+05:30,952.9000244140625,953.0,952.9000244140625,953.0,277
2025-04-21 10:54:00+05:30,952.7000122070312,952.7000122070312,952.4000244140625,952.4000244140625,49
2025-04-21 10:55:00+05:30,954.7000122070312,954.7000122070312,952.5999755859375,953.6500244140625,1515
2025-04-21 10:56:00+05:30,954.9000244140625,955.7999877929688,954.9000244140625,955.5499877929688,114
2025-04-21 10:57:00+05:30,954.4000244140625,954.4000244140625,953.9500122070312,953.9500122070312,9
2025-04-21 10:58:00+05:30,953.2999877929688,954.4000244140625,953.2999877929688,954.4000244140625,11
2025-04-21 10:59:00+05:30,953.2000122070312,954.4000244140625,953.2000122070312,954.4000244140625,82
2025-04-21 11:00:00+05:30,953.3499755859375,954.7999877929688,953.3499755859375,954.0,201
2025-04-21 11:01:00+05:30,955.6500244140625,955.6500244140625,954.25,954.25,703
2025-04-21 11:02:00+05:30,956.4500122070312,957.3499755859375,955.0,955.0,626
2025-04-21 11:03:00+05:30,958.6500244140625,958.7000122070312,957.0,957.5,280
2025-04-21 11:04:00+05:30,957.4500122070312,958.75,957.0,957.0,1248
2025-04-21 11:05:00+05:30,957.25,958.4500122070312,957.25,958.3499755859375,671
2025-04-21 11:06:00+05:30,954.9000244140625,957.2000122070312,954.9000244140625,957.2000122070312,753
2025-04-21 11:07:00+05:30,955.2000122070312,955.8499755859375,955.0,955.8499755859375,120
2025-04-21 11:08:00+05:30,955.2000122070312,955.2000122070312,954.1500244140625,954.1500244140625,7
2025-04-21 11:09:00+05:30,954.5999755859375,955.2000122070312,954.5999755859375,955.2000122070312,6
2025-04-21 11:10:00+05:30,955.5499877929688,955.5499877929688,955.5,955.5,28
2025-04-21 11:11:00+05:30,955.3499755859375,955.7999877929688,953.9000244140625,955.7999877929688,527
2025-04-21 11:12:00+05:30,955.7999877929688,955.7999877929688,955.7999877929688,955.7999877929688,211
2025-04-21 11:13:00+05:30,954.5,955.7999877929688,954.5,955.7999877929688,17
2025-04-21 11:14:00+05:30,955.6500244140625,955.6500244140625,954.5999755859375,954.5999755859375,38
2025-04-21 11:15:00+05:30,955.1500244140625,955.1500244140625,954.75,954.75,191
2025-04-21 11:16:00+05:30,955.0999755859375,955.1500244140625,954.0499877929688,955.0999755859375,225
2025-04-21 11:17:00+05:30,954.1500244140625,955.1500244140625,954.1500244140625,955.1500244140625,104
2025-04-21 11:18:00+05:30,957.2000122070312,957.2000122070312,954.75,954.75,700
2025-04-21 11:19:00+05:30,958.0,958.1500244140625,958.0,958.0,67
2025-04-21 11:20:00+05:30,957.1500244140625,958.0,957.1500244140625,957.5499877929688,275
2025-04-21 11:21:00+05:30,957.0499877929688,958.0,957.0499877929688,957.5999755859375,135
2025-04-21 11:22:00+05:30,957.75,958.0,957.2000122070312,958.0,19
2025-04-21 11:23:00+05:30,957.0,957.75,957.0,957.75,602
2025-04-21 11:24:00+05:30,956.25,957.3499755859375,956.25,957.3499755859375,0
2025-04-21 11:25:00+05:30,956.2999877929688,956.2999877929688,956.0499877929688,956.0499877929688,161
2025-04-21 11:26:00+05:30,956.5999755859375,956.5999755859375,956.5999755859375,956.5999755859375,31
2025-04-21 11:27:00+05:30,955.8499755859375,955.8499755859375,955.8499755859375,955.8499755859375,19
2025-04-21 11:28:00+05:30,955.7999877929688,955.7999877929688,955.7999877929688,955.7999877929688,3
2025-04-21 11:29:00+05:30,955.7999877929688,955.7999877929688,955.7999877929688,955.7999877929688,12
2025-04-21 11:30:00+05:30,955.8499755859375,955.8499755859375,955.7999877929688,955.7999877929688,43
2025-04-21 11:31:00+05:30,955.1500244140625,955.8499755859375,955.1500244140625,955.8499755859375,39
2025-04-21 11:32:00+05:30,955.0,955.0,955.0,955.0,68
2025-04-21 11:33:00+05:30,955.75,955.75,955.0,955.0,246
2025-04-21 11:34:00+05:30,955.0,955.0,955.0,955.0,112
2025-04-21 11:35:00+05:30,955.2999877929688,955.9000244140625,954.0999755859375,955.9000244140625,575
2025-04-21 11:36:00+05:30,955.5999755859375,955.5999755859375,955.5999755859375,955.5999755859375,73
2025-04-21 11:37:00+05:30,955.4000244140625,955.4000244140625,955.4000244140625,955.4000244140625,20
2025-04-21 11:38:00+05:30,956.7000122070312,957.0,956.2999877929688,956.2999877929688,576
2025-04-21 11:39:00+05:30,956.7000122070312,956.7000122070312,956.7000122070312,956.7000122070312,3
2025-04-21 11:40:00+05:30,956.7000122070312,956.7000122070312,956.7000122070312,956.7000122070312,0
2025-04-21 11:41:00+05:30,956.5999755859375,956.5999755859375,955.9500122070312,955.9500122070312,6
2025-04-21 11:42:00+05:30,957.0,957.0,956.5999755859375,956.5999755859375,107
2025-04-21 11:43:00+05:30,957.2999877929688,957.2999877929688,956.7000122070312,957.0499877929688,0
2025-04-21 11:44:00+05:30,956.75,957.2999877929688,956.75,957.2999877929688,508
2025-04-21 11:45:00+05:30,957.7000122070312,957.7000122070312,956.2999877929688,956.2999877929688,71
2025-04-21 11:46:00+05:30,957.6500244140625,957.6500244140625,957.6500244140625,957.6500244140625,46
2025-04-21 11:47:00+05:30,957.7999877929688,957.7999877929688,957.7999877929688,957.7999877929688,188
2025-04-21 11:48:00+05:30,957.7999877929688,957.7999877929688,957.0,957.0499877929688,0
2025-04-21 11:49:00+05:30,957.5999755859375,957.5999755859375,957.5999755859375,957.5999755859375,3
2025-04-21 11:51:00+05:30,957.5999755859375,957.5999755859375,957.5999755859375,957.5999755859375,13
2025-04-21 11:52:00+05:30,957.6500244140625,957.6500244140625,956.9500122070312,956.9500122070312,100
2025-04-21 11:53:00+05:30,957.0,957.0,957.0,957.0,41
2025-04-21 11:54:00+05:30,956.9000244140625,956.9000244140625,956.9000244140625,956.9000244140625,129
2025-04-21 11:55:00+05:30,956.8499755859375,957.5,956.8499755859375,957.0,93
2025-04-21 11:57:00+05:30,956.8499755859375,956.8499755859375,956.8499755859375,956.8499755859375,148
2025-04-21 11:58:00+05:30,957.0,957.0,957.0,957.0,103
2025-04-21 12:00:00+05:30,957.4000244140625,957.4500122070312,957.4000244140625,957.4000244140625,29
2025-04-21 12:01:00+05:30,956.75,957.4000244140625,956.75,957.4000244140625,211
2025-04-21 12:02:00+05:30,955.5499877929688,956.25,955.5499877929688,956.25,118
2025-04-21 12:03:00+05:30,956.5,956.5,955.0,955.0,549
2025-04-21 12:04:00+05:30,955.8499755859375,956.0,954.75,955.9000244140625,148
2025-04-21 12:05:00+05:30,955.7999877929688,955.7999877929688,955.7999877929688,955.7999877929688,1
2025-04-21 12:06:00+05:30,957.0,957.0,955.0499877929688,955.0499877929688,283
2025-04-21 12:07:00+05:30,956.75,956.75,956.75,956.75,2
2025-04-21 12:08:00+05:30,956.8499755859375,957.0,956.8499755859375,957.0,6
2025-04-21 12:09:00+05:30,957.4000244140625,957.4000244140625,956.9500122070312,956.9500122070312,252
2025-04-21 12:10:00+05:30,957.4000244140625,957.4000244140625,957.4000244140625,957.4000244140625,1
2025-04-21 12:11:00+05:30,956.6500244140625,957.3499755859375,956.6500244140625,957.3499755859375,20
2025-04-21 12:12:00+05:30,957.2999877929688,957.2999877929688,956.7000122070312,956.7000122070312,20
2025-04-21 12:13:00+05:30,957.2999877929688,957.3499755859375,957.2999877929688,957.2999877929688,70
2025-04-21 12:14:00+05:30,957.0,957.0,957.0,957.0,80
2025-04-21 12:15:00+05:30,957.0,957.0,957.0,957.0,95
2025-04-21 12:16:00+05:30,956.0499877929688,957.0,956.0,957.0,1469
2025-04-21 12:17:00+05:30,955.5499877929688,956.7999877929688,955.5499877929688,956.4500122070312,7
2025-04-21 12:18:00+05:30,956.0,956.0,955.5499877929688,955.5499877929688,15
2025-04-21 12:19:00+05:30,955.5499877929688,955.5499877929688,955.5499877929688,955.5499877929688,37
2025-04-21 12:20:00+05:30,955.0999755859375,956.0,955.0999755859375,955.5499877929688,125
2025-04-21 12:22:00+05:30,956.0,956.0,956.0,956.0,0
2025-04-21 12:23:00+05:30,956.0,956.0,956.0,956.0,2
2025-04-21 12:24:00+05:30,956.0,956.0,956.0,956.0,33
2025-04-21 12:26:00+05:30,956.1500244140625,956.1500244140625,956.1500244140625,956.1500244140625,0
2025-04-21 12:27:00+05:30,956.5499877929688,956.5499877929688,956.1500244140625,956.1500244140625,24
2025-04-21 12:28:00+05:30,956.5499877929688,956.5499877929688,956.5499877929688,956.5499877929688,7
2025-04-21 12:29:00+05:30,956.5,956.7999877929688,956.0499877929688,956.75,169
2025-04-21 12:30:00+05:30,955.5,955.6500244140625,955.5,955.5,125
2025-04-21 12:31:00+05:30,955.9500122070312,955.9500122070312,955.0,955.0,205
2025-04-21 12:32:00+05:30,956.0,956.0,956.0,956.0,76
2025-04-21 12:33:00+05:30,956.4000244140625,956.4000244140625,956.0,956.0,62
2025-04-21 12:34:00+05:30,956.0999755859375,956.25,955.0,956.25,365
2025-04-21 12:35:00+05:30,955.0499877929688,955.0499877929688,955.0499877929688,955.0499877929688,30
2025-04-21 12:36:00+05:30,956.0999755859375,956.0999755859375,956.0999755859375,956.0999755859375,17
2025-04-21 12:37:00+05:30,955.5999755859375,955.5999755859375,955.0,955.0,56
2025-04-21 12:38:00+05:30,956.0,956.0,955.5499877929688,955.5499877929688,39
2025-04-21 12:39:00+05:30,956.0,956.0,956.0,956.0,0
2025-04-21 12:40:00+05:30,955.1500244140625,955.9000244140625,955.1500244140625,955.9000244140625,31
2025-04-21 12:41:00+05:30,955.5,955.5,955.5,955.5,21
2025-04-21 12:42:00+05:30,956.25,956.25,956.25,956.25,40
2025-04-21 12:43:00+05:30,956.0499877929688,956.0499877929688,956.0,956.0,21
2025-04-21 12:44:00+05:30,955.0499877929688,955.0499877929688,955.0499877929688,955.0499877929688,86
2025-04-21 12:45:00+05:30,955.7999877929688,955.8499755859375,955.0499877929688,955.0499877929688,70
2025-04-21 12:46:00+05:30,956.0,956.0,956.0,956.0,58
2025-04-21 12:47:00+05:30,955.7999877929688,956.0499877929688,955.7999877929688,956.0499877929688,12
2025-04-21 12:49:00+05:30,954.2000122070312,955.75,954.2000122070312,955.75,839
2025-04-21 12:50:00+05:30,954.2000122070312,954.2000122070312,954.2000122070312,954.2000122070312,23
2025-04-21 12:51:00+05:30,955.2000122070312,955.2000122070312,955.0,955.0,186
2025-04-21 12:52:00+05:30,955.0999755859375,955.0999755859375,955.0999755859375,955.0999755859375,44
2025-04-21 12:53:00+05:30,955.0499877929688,955.0499877929688,955.0499877929688,955.0499877929688,103
2025-04-21 12:54:00+05:30,955.9000244140625,955.9000244140625,954.25,954.25,194
2025-04-21 12:55:00+05:30,955.9000244140625,955.9000244140625,955.9000244140625,955.9000244140625,30
2025-04-21 12:56:00+05:30,956.6500244140625,956.6500244140625,956.25,956.25,103
2025-04-21 12:57:00+05:30,956.2000122070312,956.2000122070312,955.1500244140625,955.1500244140625,67
2025-04-21 12:58:00+05:30,956.4000244140625,956.5,956.4000244140625,956.5,22
2025-04-21 12:59:00+05:30,956.4500122070312,956.4500122070312,956.4500122070312,956.4500122070312,25
2025-04-21 13:00:00+05:30,956.2999877929688,956.4000244140625,955.0499877929688,956.0,99
2025-04-21 13:01:00+05:30,955.1500244140625,955.1500244140625,955.0999755859375,955.0999755859375,80
2025-04-21 13:02:00+05:30,955.7999877929688,955.7999877929688,955.7999877929688,955.7999877929688,1
2025-04-21 13:03:00+05:30,955.7999877929688,955.7999877929688,955.7999877929688,955.7999877929688,12
2025-04-21 13:04:00+05:30,955.7999877929688,955.7999877929688,955.7999877929688,955.7999877929688,16
2025-04-21 13:05:00+05:30,955.7000122070312,955.9500122070312,955.7000122070312,955.7999877929688,80
2025-04-21 13:07:00+05:30,955.7999877929688,955.7999877929688,955.7999877929688,955.7999877929688,28
2025-04-21 13:08:00+05:30,955.0,955.0,955.0,955.0,8
2025-04-21 13:09:00+05:30,955.1500244140625,955.7999877929688,955.0,955.0,30
2025-04-21 13:10:00+05:30,955.0,955.1500244140625,955.0,955.1500244140625,23
2025-04-21 13:11:00+05:30,955.9500122070312,956.4000244140625,955.0,955.0,1039
2025-04-21 13:12:00+05:30,955.0,956.0,955.0,955.9500122070312,125
2025-04-21 13:13:00+05:30,956.0999755859375,956.2999877929688,956.0,956.0,359
2025-04-21 13:14:00+05:30,955.0999755859375,955.0999755859375,955.0999755859375,955.0999755859375,60
2025-04-21 13:15:00+05:30,955.7999877929688,955.7999877929688,955.7999877929688,955.7999877929688,29
2025-04-21 13:16:00+05:30,955.8499755859375,955.8499755859375,955.0499877929688,955.0499877929688,1003
2025-04-21 13:17:00+05:30,955.9000244140625,955.9000244140625,955.9000244140625,955.9000244140625,17
2025-04-21 13:18:00+05:30,956.7999877929688,956.7999877929688,956.7999877929688,956.7999877929688,0
2025-04-21 13:19:00+05:30,956.7000122070312,957.0999755859375,956.7000122070312,957.0499877929688,630
2025-04-21 13:20:00+05:30,956.5,956.5,956.5,956.5,93
2025-04-21 13:21:00+05:30,957.3499755859375,957.3499755859375,957.3499755859375,957.3499755859375,0
2025-04-21 13:22:00+05:30,956.5,956.5,956.5,956.5,22
2025-04-21 13:23:00+05:30,956.5,956.5,956.0,956.5,45
2025-04-21 13:24:00+05:30,956.7000122070312,956.7000122070312,955.8499755859375,955.9500122070312,115
2025-04-21 13:25:00+05:30,955.6500244140625,956.4000244140625,955.5,955.8499755859375,102
2025-04-21 13:26:00+05:30,956.7000122070312,956.7000122070312,954.9500122070312,954.9500122070312,220
2025-04-21 13:27:00+05:30,956.4000244140625,956.4000244140625,956.0999755859375,956.0999755859375,52
2025-04-21 13:28:00+05:30,956.4500122070312,956.4500122070312,955.7999877929688,955.7999877929688,22
2025-04-21 13:29:00+05:30,956.3499755859375,956.3499755859375,956.3499755859375,956.3499755859375,8
2025-04-21 13:30:00+05:30,955.5,955.5,955.5,955.5,8
2025-04-21 13:31:00+05:30,955.5999755859375,955.5999755859375,955.2999877929688,955.2999877929688,34
2025-04-21 13:32:00+05:30,956.25,956.25,955.5499877929688,955.5499877929688,36
2025-04-21 13:34:00+05:30,955.2000122070312,956.25,955.2000122070312,956.25,113
2025-04-21 13:35:00+05:30,956.25,956.25,956.25,956.25,26
2025-04-21 13:36:00+05:30,955.4500122070312,956.3499755859375,955.4500122070312,956.3499755859375,31
2025-04-21 13:37:00+05:30,955.5499877929688,956.5,955.5499877929688,956.5,105
2025-04-21 13:38:00+05:30,955.8499755859375,956.5,955.8499755859375,956.5,8
2025-04-21 13:41:00+05:30,956.0499877929688,956.0499877929688,955.4500122070312,955.8499755859375,39
2025-04-21 13:42:00+05:30,956.2999877929688,956.2999877929688,956.2999877929688,956.2999877929688,1
2025-04-21 13:43:00+05:30,955.9500122070312,955.9500122070312,955.4500122070312,955.4500122070312,55
2025-04-21 13:45:00+05:30,955.0,955.0,954.8499755859375,954.8499755859375,1091
2025-04-21 13:46:00+05:30,956.0,956.0,956.0,956.0,8
2025-04-21 13:47:00+05:30,955.9500122070312,955.9500122070312,955.7000122070312,955.7000122070312,0
2025-04-21 13:48:00+05:30,955.1500244140625,955.1500244140625,955.1500244140625,955.1500244140625,14
2025-04-21 13:49:00+05:30,955.0,955.0,955.0,955.0,48
2025-04-21 13:50:00+05:30,955.5,955.5,955.5,955.5,0
2025-04-21 13:51:00+05:30,956.1500244140625,956.1500244140625,956.0499877929688,956.0499877929688,141
2025-04-21 13:52:00+05:30,956.5,956.5,956.1500244140625,956.1500244140625,66
2025-04-21 13:53:00+05:30,956.4500122070312,956.5,955.8499755859375,956.5,30
2025-04-21 13:54:00+05:30,956.5,956.5,956.1500244140625,956.5,168
2025-04-21 13:55:00+05:30,956.0,956.1500244140625,956.0,956.1500244140625,61
2025-04-21 13:56:00+05:30,955.0999755859375,955.0999755859375,955.0999755859375,955.0999755859375,6
2025-04-21 13:57:00+05:30,954.4000244140625,955.0499877929688,954.4000244140625,955.0499877929688,93
2025-04-21 13:58:00+05:30,954.4500122070312,954.4500122070312,954.4500122070312,954.4500122070312,102
2025-04-21 14:00:00+05:30,955.7000122070312,955.7000122070312,955.5499877929688,955.5499877929688,24
2025-04-21 14:02:00+05:30,955.0499877929688,955.0499877929688,955.0499877929688,955.0499877929688,0
2025-04-21 14:03:00+05:30,955.0,955.0999755859375,955.0,955.0999755859375,140
2025-04-21 14:04:00+05:30,955.2999877929688,955.2999877929688,955.2999877929688,955.2999877929688,38
2025-04-21 14:06:00+05:30,955.0,955.4500122070312,955.0,955.4500122070312,920
2025-04-21 14:07:00+05:30,955.4000244140625,956.0,955.1500244140625,955.7000122070312,0
2025-04-21 14:08:00+05:30,955.2000122070312,955.2000122070312,955.2000122070312,955.2000122070312,10
2025-04-21 14:09:00+05:30,955.9500122070312,955.9500122070312,955.9500122070312,955.9500122070312,3
2025-04-21 14:10:00+05:30,956.0499877929688,956.0499877929688,955.3499755859375,955.3499755859375,91
2025-04-21 14:11:00+05:30,956.0999755859375,956.0999755859375,956.0999755859375,956.0999755859375,12
2025-04-21 14:12:00+05:30,955.6500244140625,956.4500122070312,955.6500244140625,956.25,86
2025-04-21 14:13:00+05:30,955.2999877929688,955.6500244140625,955.2999877929688,955.6500244140625,39
2025-04-21 14:14:00+05:30,956.1500244140625,956.1500244140625,955.2999877929688,955.2999877929688,40
2025-04-21 14:15:00+05:30,955.7999877929688,955.7999877929688,955.0,955.0,114
2025-04-21 14:16:00+05:30,954.9000244140625,954.9000244140625,954.9000244140625,954.9000244140625,26
2025-04-21 14:17:00+05:30,955.0,955.0,955.0,955.0,30
2025-04-21 14:18:00+05:30,955.0,955.0,955.0,955.0,25
2025-04-21 14:19:00+05:30,955.0,955.0,955.0,955.0,0
2025-04-21 14:21:00+05:30,954.5,955.3499755859375,954.5,955.0,969
2025-04-21 14:22:00+05:30,955.0,955.7000122070312,954.8499755859375,955.0499877929688,0
2025-04-21 14:23:00+05:30,955.0,955.5499877929688,955.0,955.0,54
2025-04-21 14:24:00+05:30,955.5999755859375,955.5999755859375,955.5999755859375,955.5999755859375,0
2025-04-21 14:25:00+05:30,955.5,955.5,954.7999877929688,954.7999877929688,41
2025-04-21 14:26:00+05:30,955.0,955.0,955.0,955.0,30
2025-04-21 14:27:00+05:30,955.5,955.5,955.0,955.0,52
2025-04-21 14:28:00+05:30,954.5999755859375,954.9000244140625,954.5999755859375,954.9000244140625,58
2025-04-21 14:30:00+05:30,955.5,955.5,955.0,955.0,514
2025-04-21 14:31:00+05:30,955.0,955.0,955.0,955.0,23
2025-04-21 14:32:00+05:30,955.4500122070312,955.4500122070312,954.7000122070312,954.7000122070312,142
2025-04-21 14:33:00+05:30,955.4000244140625,955.4000244140625,955.0499877929688,955.0499877929688,13
2025-04-21 14:34:00+05:30,955.0,955.0999755859375,955.0,955.0499877929688,818
2025-04-21 14:35:00+05:30,955.0,955.0,955.0,955.0,4
2025-04-21 14:36:00+05:30,955.5,955.5,955.25,955.25,99
2025-04-21 14:37:00+05:30,955.0,955.4500122070312,954.5999755859375,954.5999755859375,138
2025-04-21 14:38:00+05:30,955.0,955.0,955.0,955.0,20
2025-04-21 14:39:00+05:30,955.0,955.0,954.5999755859375,954.5999755859375,206
2025-04-21 14:40:00+05:30,955.4000244140625,955.4000244140625,955.4000244140625,955.4000244140625,75
2025-04-21 14:41:00+05:30,955.0,955.4000244140625,954.75,955.4000244140625,78
2025-04-21 14:42:00+05:30,955.5999755859375,955.5999755859375,954.5499877929688,954.5499877929688,42
2025-04-21 14:44:00+05:30,955.0,955.0,955.0,955.0,11
2025-04-21 14:45:00+05:30,955.0,955.25,955.0,955.25,51
2025-04-21 14:46:00+05:30,955.0999755859375,955.0999755859375,955.0999755859375,955.0999755859375,4
2025-04-21 14:47:00+05:30,955.3499755859375,955.3499755859375,955.3499755859375,955.3499755859375,181
2025-04-21 14:48:00+05:30,957.7999877929688,957.7999877929688,955.2999877929688,955.3499755859375,1739
2025-04-21 14:49:00+05:30,959.0,959.0,959.0,959.0,1839
2025-04-21 14:50:00+05:30,958.1500244140625,959.1500244140625,958.1500244140625,959.1500244140625,0
2025-04-21 14:51:00+05:30,959.5499877929688,959.5499877929688,959.0,959.0,445
2025-04-21 14:52:00+05:30,959.5499877929688,959.9500122070312,959.5499877929688,959.9500122070312,201
2025-04-21 14:53:00+05:30,961.5,962.5999755859375,961.3499755859375,961.3499755859375,9902
2025-04-21 14:54:00+05:30,961.7999877929688,962.5,960.9500122070312,962.5,1222
2025-04-21 14:55:00+05:30,961.5999755859375,961.7999877929688,960.7000122070312,961.0,388
2025-04-21 14:56:00+05:30,962.0,962.5999755859375,962.0,962.0,643
2025-04-21 14:57:00+05:30,962.9000244140625,962.9000244140625,962.0999755859375,962.2000122070312,596
2025-04-21 14:58:00+05:30,962.0,963.0,962.0,962.8499755859375,575
2025-04-21 14:59:00+05:30,960.0,961.1500244140625,960.0,961.1500244140625,2560
2025-04-21 15:00:00+05:30,960.9500122070312,961.0499877929688,960.2999877929688,961.0,94
2025-04-21 15:01:00+05:30,961.0,961.0,960.5999755859375,961.0,187
2025-04-21 15:02:00+05:30,960.9000244140625,961.0,960.1500244140625,961.0,222
2025-04-21 15:03:00+05:30,959.6500244140625,960.1500244140625,959.2000122070312,960.1500244140625,12
2025-04-21 15:04:00+05:30,959.5999755859375,959.5999755859375,959.0499877929688,959.5999755859375,115
2025-04-21 15:05:00+05:30,958.5999755859375,959.0499877929688,958.5999755859375,959.0499877929688,53
2025-04-21 15:06:00+05:30,958.8499755859375,958.8499755859375,958.0,958.0,143
2025-04-21 15:07:00+05:30,958.75,958.75,958.2000122070312,958.2000122070312,118
2025-04-21 15:08:00+05:30,958.7000122070312,959.3499755859375,958.7000122070312,959.0,96
2025-04-21 15:09:00+05:30,958.7000122070312,958.75,958.5999755859375,958.7000122070312,100
2025-04-21 15:10:00+05:30,959.8499755859375,959.8499755859375,959.5999755859375,959.5999755859375,89
2025-04-21 15:11:00+05:30,959.7999877929688,960.0,959.75,959.75,350
2025-04-21 15:12:00+05:30,959.5499877929688,959.7000122070312,958.9000244140625,958.9000244140625,37
2025-04-21 15:13:00+05:30,959.0,959.0,959.0,959.0,58
2025-04-21 15:14:00+05:30,958.7999877929688,959.0,958.7999877929688,958.9500122070312,91
2025-04-21 15:15:00+05:30,956.7000122070312,958.8499755859375,956.7000122070312,958.25,2955
2025-04-21 15:16:00+05:30,957.4000244140625,957.6500244140625,956.25,956.7000122070312,656
2025-04-21 15:17:00+05:30,958.0,958.4000244140625,957.4000244140625,957.4000244140625,109
2025-04-21 15:18:00+05:30,959.5999755859375,960.5,958.3499755859375,958.3499755859375,1752
2025-04-21 15:19:00+05:30,959.8499755859375,960.0,958.7000122070312,958.7000122070312,317
2025-04-21 15:20:00+05:30,959.7999877929688,959.7999877929688,958.25,959.7000122070312,561
2025-04-21 15:21:00+05:30,959.75,959.8499755859375,958.9000244140625,958.9000244140625,31
2025-04-21 15:22:00+05:30,959.7000122070312,959.75,959.7000122070312,959.7000122070312,113
2025-04-21 15:23:00+05:30,958.75,959.25,958.75,959.25,980
2025-04-21 15:24:00+05:30,958.9000244140625,959.0,958.75,959.0,130
2025-04-21 15:25:00+05:30,958.5,958.9500122070312,957.9000244140625,958.9000244140625,387
2025-04-21 15:26:00+05:30,958.75,958.75,958.6500244140625,958.6500244140625,440
2025-04-21 15:27:00+05:30,957.4000244140625,958.75,957.4000244140625,958.75,223
2025-04-21 15:28:00+05:30,959.0,959.0,957.4000244140625,957.4000244140625,646
2025-04-21 15:29:00+05:30,960.3499755859375,960.3499755859375,958.0,959.0,897
2025-04-22 09:15:00+05:30,961.6500244140625,965.0,961.6500244140625,965.0,0
2025-04-22 09:16:00+05:30,965.4000244140625,967.5,963.75,963.75,4027
2025-04-22 09:17:00+05:30,963.5499877929688,965.4000244140625,962.4000244140625,965.4000244140625,1152
2025-04-22 09:18:00+05:30,960.2000122070312,960.25,956.5,960.25,3194
2025-04-22 09:19:00+05:30,953.9500122070312,960.1500244140625,953.9500122070312,960.1500244140625,1286
2025-04-22 09:20:00+05:30,955.9500122070312,955.9500122070312,951.25,953.1500244140625,817
2025-04-22 09:21:00+05:30,959.9000244140625,959.9000244140625,955.0499877929688,955.0499877929688,563
2025-04-22 09:22:00+05:30,960.7000122070312,960.9500122070312,958.5499877929688,958.5499877929688,1113
2025-04-22 09:23:00+05:30,961.1500244140625,962.9500122070312,960.6500244140625,960.6500244140625,259
2025-04-22 09:24:00+05:30,961.8499755859375,961.8499755859375,960.0,960.5499877929688,559
2025-04-22 09:25:00+05:30,961.5499877929688,963.2000122070312,961.5499877929688,962.2000122070312,698
2025-04-22 09:26:00+05:30,961.5499877929688,963.2000122070312,961.5499877929688,963.2000122070312,492
2025-04-22 09:27:00+05:30,961.2000122070312,962.9500122070312,961.2000122070312,962.3499755859375,314
2025-04-22 09:28:00+05:30,961.8499755859375,962.7000122070312,961.8499755859375,962.3499755859375,188
2025-04-22 09:29:00+05:30,962.4000244140625,962.4000244140625,960.75,962.0,1088
2025-04-22 09:30:00+05:30,961.3499755859375,962.2000122070312,961.3499755859375,962.2000122070312,2600
2025-04-22 09:31:00+05:30,961.4500122070312,963.0,960.5,960.5,1105
2025-04-22 09:32:00+05:30,961.3499755859375,961.9500122070312,960.5999755859375,961.9500122070312,882
2025-04-22 09:33:00+05:30,962.4500122070312,962.4500122070312,961.75,962.4000244140625,387
2025-04-22 09:34:00+05:30,961.5,962.5,961.0499877929688,961.75,313
2025-04-22 09:35:00+05:30,962.2999877929688,963.0,961.8499755859375,961.8499755859375,950
2025-04-22 09:36:00+05:30,962.9500122070312,962.9500122070312,962.0999755859375,962.0999755859375,85
2025-04-22 09:37:00+05:30,962.9000244140625,963.0,961.7999877929688,961.7999877929688,465
2025-04-22 09:38:00+05:30,962.7999877929688,962.9000244140625,962.7999877929688,962.9000244140625,89
2025-04-22 09:39:00+05:30,962.75,962.7999877929688,962.0,962.7999877929688,42
2025-04-22 09:40:00+05:30,961.0,962.75,961.0,962.75,159
2025-04-22 09:41:00+05:30,961.9000244140625,962.0,960.9000244140625,962.0,104
2025-04-22 09:42:00+05:30,961.0,961.0,960.75,960.75,19
2025-04-22 09:43:00+05:30,963.0,963.0,961.9000244140625,961.9000244140625,1291
2025-04-22 09:44:00+05:30,962.5499877929688,963.3499755859375,962.3499755859375,962.5499877929688,167
2025-04-22 09:45:00+05:30,962.9500122070312,963.2000122070312,961.5,961.5,597
2025-04-22 09:46:00+05:30,962.9000244140625,962.9000244140625,961.3499755859375,961.3499755859375,36
2025-04-22 09:47:00+05:30,962.0999755859375,963.0,962.0,962.0,313
2025-04-22 09:48:00+05:30,962.2999877929688,963.25,962.1500244140625,962.1500244140625,94
2025-04-22 09:49:00+05:30,963.2999877929688,963.4000244140625,963.25,963.25,32
2025-04-22 09:50:00+05:30,962.0999755859375,962.4500122070312,962.0999755859375,962.4500122070312,237
2025-04-22 09:51:00+05:30,963.2000122070312,963.2000122070312,963.1500244140625,963.1500244140625,0
2025-04-22 09:52:00+05:30,962.4500122070312,963.9000244140625,962.4500122070312,963.9000244140625,1250
2025-04-22 09:53:00+05:30,962.4000244140625,962.4000244140625,961.4500122070312,962.0,243
2025-04-22 09:54:00+05:30,962.4000244140625,963.0,961.3499755859375,963.0,73
2025-04-22 09:55:00+05:30,961.0,962.4000244140625,960.2999877929688,962.4000244140625,283
2025-04-22 09:56:00+05:30,960.4500122070312,960.8499755859375,960.1500244140625,960.1500244140625,44
2025-04-22 09:57:00+05:30,961.7999877929688,961.7999877929688,960.8499755859375,960.8499755859375,10
2025-04-22 09:58:00+05:30,961.4500122070312,962.4500122070312,961.4500122070312,961.7999877929688,169
2025-04-22 09:59:00+05:30,962.5499877929688,962.75,961.7999877929688,962.3499755859375,87
2025-04-22 10:00:00+05:30,962.5,962.5,962.5,962.5,187
2025-04-22 10:01:00+05:30,962.3499755859375,962.5,962.3499755859375,962.5,0
2025-04-22 10:02:00+05:30,962.3499755859375,962.3499755859375,962.3499755859375,962.3499755859375,25
2025-04-22 10:03:00+05:30,963.9000244140625,963.9000244140625,963.0,963.0,1249
2025-04-22 10:04:00+05:30,964.0,964.0,963.75,963.75,381
2025-04-22 10:05:00+05:30,963.4500122070312,964.0,963.4500122070312,964.0,53
2025-04-22 10:06:00+05:30,965.0,965.0,964.0,964.0,548
2025-04-22 10:07:00+05:30,964.0499877929688,965.0,964.0,965.0,449
2025-04-22 10:08:00+05:30,964.8499755859375,964.8499755859375,964.8499755859375,964.8499755859375,2
2025-04-22 10:09:00+05:30,964.9000244140625,964.9000244140625,964.8499755859375,964.9000244140625,104
2025-04-22 10:10:00+05:30,964.0,965.0,963.9500122070312,965.0,377
2025-04-22 10:11:00+05:30,964.1500244140625,964.9000244140625,964.0999755859375,964.0999755859375,102
2025-04-22 10:12:00+05:30,966.9000244140625,967.0,964.9000244140625,964.9000244140625,1066
2025-04-22 10:13:00+05:30,965.2999877929688,966.7999877929688,965.2999877929688,966.7999877929688,204
2025-04-22 10:14:00+05:30,966.2000122070312,966.9500122070312,965.2000122070312,965.2000122070312,859
2025-04-22 10:15:00+05:30,966.5499877929688,966.9500122070312,965.4000244140625,966.0499877929688,683
2025-04-22 10:16:00+05:30,967.7000122070312,967.7000122070312,966.1500244140625,966.1500244140625,232
2025-04-22 10:17:00+05:30,967.2999877929688,967.7000122070312,967.2999877929688,967.5999755859375,138
2025-04-22 10:18:00+05:30,966.5499877929688,967.5,966.5499877929688,967.5,69
2025-04-22 10:19:00+05:30,967.0,967.5,966.5499877929688,966.5499877929688,113
2025-04-22 10:20:00+05:30,972.8499755859375,973.0999755859375,967.3499755859375,967.3499755859375,4550
2025-04-22 10:21:00+05:30,973.6500244140625,974.7000122070312,971.8499755859375,972.8499755859375,2238
2025-04-22 10:22:00+05:30,974.7000122070312,974.7000122070312,974.0,974.7000122070312,269
2025-04-22 10:23:00+05:30,973.5499877929688,974.0499877929688,972.5999755859375,974.0499877929688,1523
2025-04-22 10:24:00+05:30,973.5,974.0,971.9000244140625,972.5,280
2025-04-22 10:25:00+05:30,973.4500122070312,973.9000244140625,973.0999755859375,973.25,580
2025-04-22 10:26:00+05:30,973.0,973.4500122070312,973.0,973.0499877929688,131
2025-04-22 10:27:00+05:30,972.1500244140625,973.0,972.1500244140625,973.0,118
2025-04-22 10:28:00+05:30,971.9500122070312,972.5,971.5499877929688,972.5,78
2025-04-22 10:29:00+05:30,971.5499877929688,973.1500244140625,971.5499877929688,973.0999755859375,418
2025-04-22 10:30:00+05:30,971.5499877929688,971.5499877929688,971.5499877929688,971.5499877929688,28
2025-04-22 10:31:00+05:30,968.8499755859375,971.2000122070312,968.8499755859375,971.2000122070312,697
2025-04-22 10:32:00+05:30,968.9000244140625,969.5,968.9000244140625,969.5,106
2025-04-22 10:33:00+05:30,968.7999877929688,969.5,968.0499877929688,968.0499877929688,158
2025-04-22 10:34:00+05:30,969.4500122070312,969.4500122070312,968.7999877929688,968.7999877929688,39
2025-04-22 10:35:00+05:30,969.8499755859375,969.8499755859375,968.8499755859375,968.8499755859375,47
2025-04-22 10:36:00+05:30,970.0,970.0,969.0,969.0,559
2025-04-22 10:37:00+05:30,969.9500122070312,970.75,969.2999877929688,969.2999877929688,147
2025-04-22 10:38:00+05:30,970.0499877929688,971.0,970.0499877929688,970.9500122070312,65
2025-04-22 10:39:00+05:30,971.0,971.0,970.8499755859375,971.0,310
2025-04-22 10:40:00+05:30,970.7999877929688,971.2000122070312,969.6500244140625,971.2000122070312,377
2025-04-22 10:41:00+05:30,970.2999877929688,970.8499755859375,969.5499877929688,969.5499877929688,126
2025-04-22 10:42:00+05:30,969.0,970.0,969.0,970.0,55
2025-04-22 10:43:00+05:30,967.5499877929688,969.2999877929688,967.5499877929688,969.2999877929688,256
2025-04-22 10:44:00+05:30,969.0999755859375,969.0999755859375,969.0999755859375,969.0999755859375,21
2025-04-22 10:45:00+05:30,968.8499755859375,968.8499755859375,968.5,968.5,2
2025-04-22 10:46:00+05:30,975.5,975.5,968.8499755859375,968.8499755859375,3524
2025-04-22 10:47:00+05:30,975.0999755859375,975.3499755859375,974.5,975.0999755859375,151
2025-04-22 10:48:00+05:30,974.7999877929688,974.7999877929688,973.2000122070312,973.9000244140625,529
2025-04-22 10:49:00+05:30,974.2999877929688,974.2999877929688,973.1500244140625,973.9000244140625,248
2025-04-22 10:50:00+05:30,973.3499755859375,973.3499755859375,973.3499755859375,973.3499755859375,28
2025-04-22 10:51:00+05:30,974.2999877929688,974.4500122070312,973.0999755859375,974.4500122070312,105
2025-04-22 10:52:00+05:30,974.2000122070312,974.4500122070312,973.3499755859375,974.4500122070312,57
2025-04-22 10:53:00+05:30,973.2000122070312,974.0,973.2000122070312,974.0,10
2025-04-22 10:54:00+05:30,973.75,974.0,972.9500122070312,974.0,124
2025-04-22 10:55:00+05:30,972.8499755859375,972.8499755859375,972.8499755859375,972.8499755859375,84
2025-04-22 10:56:00+05:30,972.4500122070312,973.0,972.4500122070312,973.0,118
2025-04-22 10:58:00+05:30,972.4500122070312,972.4500122070312,972.4500122070312,972.4500122070312,19
2025-04-22 11:00:00+05:30,972.4500122070312,972.8499755859375,972.0,972.8499755859375,20
2025-04-22 11:01:00+05:30,972.0999755859375,973.0,972.0999755859375,973.0,154
2025-04-22 11:02:00+05:30,973.0,973.0,972.0999755859375,973.0,140
2025-04-22 11:03:00+05:30,972.0499877929688,972.0499877929688,972.0499877929688,972.0499877929688,76
2025-04-22 11:04:00+05:30,972.0,972.0,972.0,972.0,75
2025-04-22 11:05:00+05:30,972.1500244140625,972.4000244140625,972.0,972.0,12
2025-04-22 11:06:00+05:30,972.7999877929688,972.7999877929688,972.7999877929688,972.7999877929688,57
2025-04-22 11:07:00+05:30,972.7999877929688,973.0,972.7999877929688,972.7999877929688,481
2025-04-22 11:08:00+05:30,973.0,973.0,972.0999755859375,972.0999755859375,174
2025-04-22 11:09:00+05:30,972.5999755859375,973.0,972.5999755859375,972.7000122070312,2071
2025-04-22 11:10:00+05:30,972.9500122070312,972.9500122070312,972.9500122070312,972.9500122070312,23
2025-04-22 11:11:00+05:30,973.8499755859375,973.8499755859375,972.75,972.75,11
2025-04-22 11:12:00+05:30,972.5499877929688,973.0499877929688,972.5499877929688,972.5999755859375,285
2025-04-22 11:13:00+05:30,973.8499755859375,973.8499755859375,972.5499877929688,972.5499877929688,81
2025-04-22 11:14:00+05:30,973.75,973.8499755859375,973.75,973.8499755859375,208
2025-04-22 11:15:00+05:30,972.5499877929688,973.0,972.5499877929688,973.0,207
2025-04-22 11:16:00+05:30,972.0,972.0499877929688,972.0,972.0,58
2025-04-22 11:18:00+05:30,972.0499877929688,972.0499877929688,972.0499877929688,972.0499877929688,0
2025-04-22 11:19:00+05:30,972.6500244140625,972.6500244140625,972.6500244140625,972.6500244140625,19
2025-04-22 11:20:00+05:30,973.0,973.0,972.9500122070312,972.9500122070312,156
2025-04-22 11:21:00+05:30,972.7999877929688,973.9500122070312,972.7999877929688,973.9500122070312,86
2025-04-22 11:22:00+05:30,975.9000244140625,975.9000244140625,973.5999755859375,973.5999755859375,1352
2025-04-22 11:23:00+05:30,974.0,975.9500122070312,974.0,975.9500122070312,640
2025-04-22 11:24:00+05:30,973.7999877929688,975.8499755859375,973.7999877929688,975.8499755859375,312
2025-04-22 11:25:00+05:30,973.0,974.25,973.0,973.7999877929688,149
2025-04-22 11:26:00+05:30,973.5499877929688,973.5499877929688,972.8499755859375,972.9500122070312,75
2025-04-22 11:27:00+05:30,973.2999877929688,973.2999877929688,972.0499877929688,972.5499877929688,133
2025-04-22 11:28:00+05:30,971.0,972.5499877929688,971.0,972.5499877929688,1146
2025-04-22 11:29:00+05:30,970.9500122070312,971.0499877929688,970.9500122070312,971.0499877929688,66
2025-04-22 11:30:00+05:30,970.25,970.8499755859375,970.25,970.5999755859375,77
2025-04-22 11:31:00+05:30,970.1500244140625,970.25,970.1500244140625,970.25,96
2025-04-22 11:32:00+05:30,970.0999755859375,970.0999755859375,970.0,970.0999755859375,85
2025-04-22 11:33:00+05:30,971.8499755859375,971.8499755859375,969.7000122070312,971.0,561
2025-04-22 11:34:00+05:30,970.8499755859375,971.7999877929688,970.8499755859375,971.7999877929688,11
2025-04-22 11:35:00+05:30,969.7000122070312,970.0499877929688,969.6500244140625,970.0499877929688,22
2025-04-22 11:36:00+05:30,968.1500244140625,969.5,968.1500244140625,969.5,1711
2025-04-22 11:37:00+05:30,970.5499877929688,970.5499877929688,968.9500122070312,968.9500122070312,1438
2025-04-22 11:38:00+05:30,970.5499877929688,970.5499877929688,970.5499877929688,970.5499877929688,186
2025-04-22 11:39:00+05:30,970.4500122070312,970.5999755859375,970.4500122070312,970.5,0
2025-04-22 11:40:00+05:30,970.2000122070312,970.5999755859375,970.2000122070312,970.5999755859375,53
2025-04-22 11:41:00+05:30,970.8499755859375,970.8499755859375,970.0,970.2000122070312,416
2025-04-22 11:42:00+05:30,970.5999755859375,971.5999755859375,970.5,970.5,104
2025-04-22 11:43:00+05:30,971.25,971.2999877929688,970.9500122070312,970.9500122070312,1004
2025-04-22 11:44:00+05:30,971.5,971.5,971.5,971.5,4
2025-04-22 11:45:00+05:30,972.0,972.0,971.25,971.5,226
2025-04-22 11:46:00+05:30,972.0,972.0,972.0,972.0,181
2025-04-22 11:48:00+05:30,972.6500244140625,972.75,971.1500244140625,971.1500244140625,522
2025-04-22 11:49:00+05:30,971.5499877929688,971.7999877929688,971.5499877929688,971.7999877929688,112
2025-04-22 11:50:00+05:30,972.4500122070312,972.4500122070312,970.9500122070312,970.9500122070312,335
2025-04-22 11:51:00+05:30,972.3499755859375,972.3499755859375,972.3499755859375,972.3499755859375,10
2025-04-22 11:52:00+05:30,970.9500122070312,971.3499755859375,970.9500122070312,971.3499755859375,510
2025-04-22 11:53:00+05:30,970.0999755859375,970.9000244140625,970.0999755859375,970.9000244140625,33
2025-04-22 11:54:00+05:30,969.3499755859375,970.0,968.9000244140625,970.0,391
2025-04-22 11:55:00+05:30,970.0,970.0,969.4000244140625,969.4000244140625,2
2025-04-22 11:56:00+05:30,969.5,970.4500122070312,969.4000244140625,969.4000244140625,202
2025-04-22 11:57:00+05:30,970.0,970.0,969.0,969.5499877929688,569
2025-04-22 11:58:00+05:30,969.25,969.3499755859375,969.25,969.3499755859375,2
2025-04-22 11:59:00+05:30,970.3499755859375,970.3499755859375,970.3499755859375,970.3499755859375,57
2025-04-22 12:00:00+05:30,970.0999755859375,970.0999755859375,970.0999755859375,970.0999755859375,1
2025-04-22 12:03:00+05:30,970.0499877929688,970.0499877929688,970.0499877929688,970.0499877929688,16
2025-04-22 12:04:00+05:30,970.0999755859375,970.2000122070312,970.0999755859375,970.2000122070312,5
2025-04-22 12:07:00+05:30,970.0999755859375,970.7000122070312,970.0999755859375,970.4500122070312,23
2025-04-22 12:10:00+05:30,970.0999755859375,970.0999755859375,970.0999755859375,970.0999755859375,18
2025-04-22 12:11:00+05:30,970.9500122070312,971.0,970.7999877929688,970.7999877929688,352
2025-04-22 12:12:00+05:30,970.8499755859375,970.8499755859375,970.8499755859375,970.8499755859375,0
2025-04-22 12:13:00+05:30,970.7999877929688,970.8499755859375,970.1500244140625,970.8499755859375,44
2025-04-22 12:14:00+05:30,970.25,970.8499755859375,970.25,970.8499755859375,6
2025-04-22 12:15:00+05:30,970.8499755859375,970.8499755859375,970.75,970.75,83
2025-04-22 12:16:00+05:30,970.0999755859375,970.0999755859375,970.0999755859375,970.0999755859375,9
2025-04-22 12:17:00+05:30,970.4500122070312,970.4500122070312,970.4500122070312,970.4500122070312,22
2025-04-22 12:18:00+05:30,970.25,970.4500122070312,970.0,970.4500122070312,42
2025-04-22 12:19:00+05:30,970.4500122070312,970.4500122070312,970.4500122070312,970.4500122070312,2
2025-04-22 12:20:00+05:30,969.4000244140625,969.4000244140625,969.4000244140625,969.4000244140625,50
2025-04-22 12:21:00+05:30,970.0,970.0,970.0,970.0,1
2025-04-22 12:22:00+05:30,969.9500122070312,970.0,969.9500122070312,970.0,46
2025-04-22 12:24:00+05:30,969.0999755859375,969.9500122070312,969.0999755859375,969.5999755859375,196
2025-04-22 12:26:00+05:30,970.0,970.0,970.0,970.0,7
2025-04-22 12:27:00+05:30,970.0,970.0,970.0,970.0,3
2025-04-22 12:28:00+05:30,970.2999877929688,970.2999877929688,970.2999877929688,970.2999877929688,21
2025-04-22 12:30:00+05:30,969.2000122070312,970.2000122070312,969.2000122070312,970.2000122070312,25
2025-04-22 12:31:00+05:30,970.2000122070312,970.2000122070312,970.0,970.0,13
2025-04-22 12:32:00+05:30,970.4000244140625,970.4000244140625,970.0,970.0,607
2025-04-22 12:34:00+05:30,970.1500244140625,971.2999877929688,970.1500244140625,971.2999877929688,27
2025-04-22 12:35:00+05:30,970.0,970.8499755859375,970.0,970.0,39
2025-04-22 12:36:00+05:30,970.0,970.0,970.0,970.0,1
2025-04-22 12:37:00+05:30,970.0,970.0,970.0,970.0,86
2025-04-22 12:38:00+05:30,970.0499877929688,970.0499877929688,969.7999877929688,969.7999877929688,192
2025-04-22 12:39:00+05:30,969.7000122070312,969.9500122070312,969.7000122070312,969.9500122070312,46
2025-04-22 12:40:00+05:30,969.7000122070312,969.7000122070312,969.7000122070312,969.7000122070312,96
2025-04-22 12:41:00+05:30,969.7000122070312,969.7000122070312,969.7000122070312,969.7000122070312,0
2025-04-22 12:42:00+05:30,969.3499755859375,969.3499755859375,969.3499755859375,969.3499755859375,83
2025-04-22 12:43:00+05:30,970.7000122070312,970.7000122070312,970.7000122070312,970.7000122070312,0
2025-04-22 12:44:00+05:30,971.5499877929688,971.5499877929688,970.2000122070312,970.2000122070312,71
2025-04-22 12:45:00+05:30,971.7999877929688,971.7999877929688,971.75,971.75,150
2025-04-22 12:46:00+05:30,971.5,971.5,971.5,971.5,379
2025-04-22 12:48:00+05:30,970.0499877929688,970.5999755859375,970.0499877929688,970.5999755859375,0
2025-04-22 12:49:00+05:30,969.0,970.0,969.0,970.0,691
2025-04-22 12:50:00+05:30,970.0,970.0,968.5499877929688,969.5999755859375,355
2025-04-22 12:51:00+05:30,970.3499755859375,970.3499755859375,970.3499755859375,970.3499755859375,9
2025-04-22 12:52:00+05:30,969.5,969.5,969.5,969.5,43
2025-04-22 12:53:00+05:30,970.4500122070312,970.4500122070312,970.4500122070312,970.4500122070312,6
2025-04-22 12:55:00+05:30,969.5999755859375,969.5999755859375,969.5999755859375,969.5999755859375,26
2025-04-22 12:56:00+05:30,970.4000244140625,970.4000244140625,969.6500244140625,970.2999877929688,46
2025-04-22 12:57:00+05:30,969.5,970.4500122070312,969.5,970.4500122070312,43
2025-04-22 12:58:00+05:30,969.3499755859375,970.0,969.3499755859375,970.0,14
2025-04-22 12:59:00+05:30,970.4500122070312,970.4500122070312,970.4500122070312,970.4500122070312,58
2025-04-22 13:00:00+05:30,970.1500244140625,970.3499755859375,969.2999877929688,970.3499755859375,92
2025-04-22 13:01:00+05:30,970.5499877929688,970.5499877929688,970.0499877929688,970.0499877929688,63
2025-04-22 13:02:00+05:30,970.3499755859375,970.3499755859375,969.4500122070312,969.4500122070312,58
2025-04-22 13:03:00+05:30,970.3499755859375,970.75,970.0,970.3499755859375,75
2025-04-22 13:05:00+05:30,970.3499755859375,970.3499755859375,970.0,970.3499755859375,79
2025-04-22 13:06:00+05:30,970.3499755859375,970.3499755859375,970.3499755859375,970.3499755859375,26
2025-04-22 13:07:00+05:30,970.3499755859375,970.3499755859375,970.3499755859375,970.3499755859375,2
2025-04-22 13:08:00+05:30,970.0,970.0,970.0,970.0,36
2025-04-22 13:09:00+05:30,970.0,970.0,970.0,970.0,1
2025-04-22 13:10:00+05:30,970.3499755859375,970.3499755859375,970.0,970.3499755859375,41
2025-04-22 13:11:00+05:30,969.5999755859375,970.3499755859375,969.5,970.3499755859375,57
2025-04-22 13:12:00+05:30,970.25,970.25,970.25,970.25,7
2025-04-22 13:13:00+05:30,970.0,970.3499755859375,969.0999755859375,970.3499755859375,138
2025-04-22 13:16:00+05:30,969.25,969.9500122070312,969.25,969.8499755859375,7
2025-04-22 13:17:00+05:30,969.8499755859375,969.9500122070312,969.8499755859375,969.9500122070312,11
2025-04-22 13:18:00+05:30,969.1500244140625,969.8499755859375,969.1500244140625,969.8499755859375,12
2025-04-22 13:20:00+05:30,969.75,969.8499755859375,969.0,969.8499755859375,138
2025-04-22 13:21:00+05:30,969.7999877929688,969.7999877929688,969.7999877929688,969.7999877929688,6
2025-04-22 13:22:00+05:30,970.0,970.0,969.7999877929688,969.7999877929688,26
2025-04-22 13:23:00+05:30,970.0,970.0,970.0,970.0,10
2025-04-22 13:24:00+05:30,970.0,970.4500122070312,970.0,970.0,773
2025-04-22 13:25:00+05:30,970.0999755859375,970.0999755859375,970.0,970.0,360
2025-04-22 13:26:00+05:30,969.7000122070312,969.7000122070312,969.7000122070312,969.7000122070312,450
2025-04-22 13:27:00+05:30,970.7000122070312,970.7000122070312,970.7000122070312,970.7000122070312,1
2025-04-22 13:28:00+05:30,970.7999877929688,970.7999877929688,970.7999877929688,970.7999877929688,52
2025-04-22 13:29:00+05:30,970.7999877929688,970.7999877929688,970.0,970.0,116
2025-04-22 13:31:00+05:30,970.7999877929688,970.7999877929688,970.7999877929688,970.7999877929688,27
2025-04-22 13:32:00+05:30,970.0499877929688,970.0499877929688,970.0499877929688,970.0499877929688,10
2025-04-22 13:33:00+05:30,970.0499877929688,970.0499877929688,970.0499877929688,970.0499877929688,2
2025-04-22 13:34:00+05:30,971.0,971.0,970.0499877929688,970.0499877929688,134
2025-04-22 13:35:00+05:30,971.0,971.0,970.0,970.0,105
2025-04-22 13:36:00+05:30,971.0,971.0,971.0,971.0,10
2025-04-22 13:37:00+05:30,971.2000122070312,971.2000122070312,970.8499755859375,970.8499755859375,43
2025-04-22 13:38:00+05:30,971.7000122070312,971.7000122070312,970.8499755859375,970.8499755859375,54
2025-04-22 13:40:00+05:30,971.7000122070312,971.7000122070312,971.7000122070312,971.7000122070312,0
2025-04-22 13:41:00+05:30,971.8499755859375,971.8499755859375,971.7000122070312,971.75,61
2025-04-22 13:42:00+05:30,970.8499755859375,971.9500122070312,970.7999877929688,970.7999877929688,155
2025-04-22 13:44:00+05:30,971.5,971.5999755859375,971.5,971.5999755859375,145
2025-04-22 13:45:00+05:30,970.7999877929688,971.5999755859375,970.7999877929688,971.5999755859375,0
2025-04-22 13:46:00+05:30,970.0,970.4500122070312,970.0,970.4500122070312,97
2025-04-22 13:47:00+05:30,970.0,970.0,970.0,970.0,24
2025-04-22 13:48:00+05:30,970.0,970.0,970.0,970.0,419
2025-04-22 13:49:00+05:30,970.0,971.0,970.0,970.7000122070312,612
2025-04-22 13:50:00+05:30,970.0,970.0,970.0,970.0,0
2025-04-22 13:51:00+05:30,970.2000122070312,970.2000122070312,970.2000122070312,970.2000122070312,46
2025-04-22 13:52:00+05:30,970.2000122070312,970.2000122070312,970.2000122070312,970.2000122070312,0
2025-04-22 13:53:00+05:30,970.0,970.0,970.0,970.0,32
2025-04-22 13:54:00+05:30,971.0,971.0,970.2000122070312,970.2000122070312,76
2025-04-22 13:55:00+05:30,970.9000244140625,970.9000244140625,970.9000244140625,970.9000244140625,9
2025-04-22 13:56:00+05:30,970.2999877929688,970.2999877929688,970.2999877929688,970.2999877929688,11
2025-04-22 13:57:00+05:30,970.0,970.0,970.0,970.0,22
2025-04-22 13:58:00+05:30,970.7999877929688,970.7999877929688,969.0499877929688,969.0499877929688,180
2025-04-22 14:00:00+05:30,970.0499877929688,970.0499877929688,970.0,970.0,69
2025-04-22 14:01:00+05:30,970.0,970.0499877929688,970.0,970.0499877929688,186
2025-04-22 14:02:00+05:30,969.7999877929688,970.4500122070312,969.4500122070312,969.4500122070312,178
2025-04-22 14:04:00+05:30,970.2999877929688,970.2999877929688,970.2999877929688,970.2999877929688,4
2025-04-22 14:05:00+05:30,971.0999755859375,971.0999755859375,970.25,970.25,51
2025-04-22 14:06:00+05:30,971.25,971.25,970.2999877929688,970.2999877929688,102
2025-04-22 14:07:00+05:30,971.4500122070312,971.4500122070312,971.4500122070312,971.4500122070312,3
2025-04-22 14:08:00+05:30,970.2999877929688,971.4500122070312,970.2999877929688,971.4500122070312,21
2025-04-22 14:09:00+05:30,970.2999877929688,970.2999877929688,970.2999877929688,970.2999877929688,28
2025-04-22 14:10:00+05:30,971.0,971.25,970.0,971.1500244140625,127
2025-04-22 14:11:00+05:30,971.3499755859375,971.3499755859375,971.3499755859375,971.3499755859375,43
2025-04-22 14:12:00+05:30,969.9500122070312,969.9500122070312,969.9500122070312,969.9500122070312,25
2025-04-22 14:13:00+05:30,970.7999877929688,970.7999877929688,970.0,970.0,53
2025-04-22 14:14:00+05:30,970.0,970.7999877929688,970.0,970.7999877929688,280
2025-04-22 14:16:00+05:30,971.7999877929688,971.7999877929688,970.7000122070312,970.7000122070312,450
2025-04-22 14:17:00+05:30,971.7999877929688,971.7999877929688,970.6500244140625,971.0,107
2025-04-22 14:18:00+05:30,971.75,971.75,971.75,971.75,0
2025-04-22 14:19:00+05:30,971.75,971.75,971.75,971.75,16
2025-04-22 14:20:00+05:30,971.0,971.7000122070312,971.0,971.7000122070312,8
2025-04-22 14:21:00+05:30,971.0,971.7000122070312,970.0,971.6500244140625,251
2025-04-22 14:22:00+05:30,970.8499755859375,971.0,970.8499755859375,971.0,31
2025-04-22 14:23:00+05:30,970.8499755859375,970.8499755859375,970.8499755859375,970.8499755859375,53
2025-04-22 14:24:00+05:30,970.7000122070312,970.7000122070312,969.2999877929688,969.2999877929688,1133
2025-04-22 14:25:00+05:30,970.2000122070312,970.2000122070312,970.2000122070312,970.2000122070312,0
2025-04-22 14:26:00+05:30,970.2000122070312,970.2000122070312,970.2000122070312,970.2000122070312,4
2025-04-22 14:27:00+05:30,969.4000244140625,969.4000244140625,969.4000244140625,969.4000244140625,121
2025-04-22 14:28:00+05:30,969.1500244140625,970.0,969.1500244140625,970.0,18
2025-04-22 14:29:00+05:30,969.75,969.7999877929688,968.7999877929688,969.7999877929688,278
2025-04-22 14:30:00+05:30,969.75,969.8499755859375,969.3499755859375,969.3499755859375,56
2025-04-22 14:31:00+05:30,969.4500122070312,969.4500122070312,969.0,969.0,457
2025-04-22 14:32:00+05:30,968.4000244140625,969.5499877929688,968.4000244140625,969.5,65
2025-04-22 14:33:00+05:30,969.3499755859375,969.3499755859375,968.0,969.3499755859375,224
2025-04-22 14:34:00+05:30,969.2999877929688,969.7000122070312,969.0,969.7000122070312,299
2025-04-22 14:35:00+05:30,969.2999877929688,969.3499755859375,968.2000122070312,968.2000122070312,56
2025-04-22 14:36:00+05:30,969.5,969.5999755859375,969.3499755859375,969.4000244140625,220
2025-04-22 14:37:00+05:30,969.4000244140625,969.4500122070312,969.4000244140625,969.4500122070312,3
2025-04-22 14:38:00+05:30,969.3499755859375,969.4500122070312,969.3499755859375,969.4500122070312,85
2025-04-22 14:39:00+05:30,969.7000122070312,969.75,968.3499755859375,968.3499755859375,116
2025-04-22 14:40:00+05:30,969.75,969.75,969.7000122070312,969.75,112
2025-04-22 14:41:00+05:30,969.5499877929688,969.75,968.5,969.0,72
2025-04-22 14:42:00+05:30,969.25,969.3499755859375,968.25,968.4000244140625,56
2025-04-22 14:43:00+05:30,969.25,969.25,969.0,969.0,2
2025-04-22 14:44:00+05:30,969.5499877929688,969.5499877929688,969.25,969.3499755859375,49
2025-04-22 14:45:00+05:30,968.75,969.2000122070312,968.0,968.5499877929688,608
2025-04-22 14:46:00+05:30,968.8499755859375,969.0499877929688,968.0999755859375,968.0999755859375,39
2025-04-22 14:47:00+05:30,968.75,968.75,968.0499877929688,968.0499877929688,128
2025-04-22 14:48:00+05:30,968.8499755859375,969.0,968.0499877929688,968.7999877929688,235
2025-04-22 14:49:00+05:30,968.8499755859375,968.8499755859375,968.7999877929688,968.7999877929688,8
2025-04-22 14:50:00+05:30,967.7000122070312,968.75,967.5999755859375,968.0,226
2025-04-22 14:51:00+05:30,967.6500244140625,967.7000122070312,967.6500244140625,967.7000122070312,80
2025-04-22 14:52:00+05:30,965.6500244140625,967.9500122070312,965.6500244140625,967.7000122070312,598
2025-04-22 14:53:00+05:30,966.8499755859375,967.0999755859375,965.8499755859375,967.0999755859375,75
2025-04-22 14:54:00+05:30,966.8499755859375,966.8499755859375,966.8499755859375,966.8499755859375,22
2025-04-22 14:55:00+05:30,966.5999755859375,966.7000122070312,965.25,965.25,210
2025-04-22 14:56:00+05:30,965.7999877929688,966.3499755859375,965.4000244140625,965.4000244140625,1065
2025-04-22 14:57:00+05:30,966.5999755859375,966.5999755859375,965.6500244140625,965.6500244140625,77
2025-04-22 14:58:00+05:30,965.7999877929688,966.0,965.7999877929688,966.0,21
2025-04-22 14:59:00+05:30,967.4000244140625,967.4000244140625,965.5999755859375,965.5999755859375,1416
2025-04-22 15:00:00+05:30,966.5,967.25,966.4500122070312,967.2000122070312,207
2025-04-22 15:01:00+05:30,967.1500244140625,967.1500244140625,966.1500244140625,966.5,30
2025-04-22 15:02:00+05:30,967.1500244140625,967.5499877929688,966.8499755859375,967.5,65
2025-04-22 15:03:00+05:30,968.7999877929688,968.7999877929688,967.75,967.75,656
2025-04-22 15:04:00+05:30,969.0499877929688,969.0499877929688,968.1500244140625,968.1500244140625,607
2025-04-22 15:05:00+05:30,967.5,968.2999877929688,966.8499755859375,967.75,251
2025-04-22 15:06:00+05:30,966.8499755859375,967.5,966.5999755859375,967.5,542
2025-04-22 15:07:00+05:30,966.7000122070312,967.7999877929688,966.5,967.25,177
2025-04-22 15:08:00+05:30,967.25,967.7999877929688,966.7000122070312,967.7000122070312,81
2025-04-22 15:09:00+05:30,966.6500244140625,967.25,966.0999755859375,967.25,280
2025-04-22 15:10:00+05:30,967.2999877929688,967.9500122070312,966.8499755859375,966.8499755859375,235
2025-04-22 15:11:00+05:30,967.5999755859375,967.6500244140625,966.6500244140625,967.6500244140625,89
2025-04-22 15:12:00+05:30,966.75,967.5999755859375,966.75,966.9500122070312,91
2025-04-22 15:13:00+05:30,966.75,967.5,966.75,967.5,222
2025-04-22 15:14:00+05:30,966.7999877929688,966.7999877929688,966.4000244140625,966.7999877929688,28
2025-04-22 15:15:00+05:30,966.6500244140625,966.75,965.5999755859375,966.0,207
2025-04-22 15:16:00+05:30,966.2999877929688,966.2999877929688,965.5,965.5,150
2025-04-22 15:17:00+05:30,966.7999877929688,966.7999877929688,966.0499877929688,966.2000122070312,116
2025-04-22 15:18:00+05:30,966.0499877929688,966.7999877929688,966.0499877929688,966.7999877929688,84
2025-04-22 15:19:00+05:30,966.7999877929688,966.7999877929688,966.0499877929688,966.75,106
2025-04-22 15:20:00+05:30,966.6500244140625,966.75,966.0499877929688,966.75,393
2025-04-22 15:21:00+05:30,966.0499877929688,966.6500244140625,966.0499877929688,966.0499877929688,239
2025-04-22 15:22:00+05:30,966.5,966.7999877929688,966.0999755859375,966.6500244140625,82
2025-04-22 15:23:00+05:30,968.9000244140625,968.9000244140625,966.0499877929688,966.7999877929688,1210
2025-04-22 15:24:00+05:30,969.9500122070312,969.9500122070312,967.2000122070312,968.8499755859375,369
2025-04-22 15:25:00+05:30,969.6500244140625,969.9500122070312,969.0,969.9500122070312,51
2025-04-22 15:26:00+05:30,968.75,969.5999755859375,968.2999877929688,969.5999755859375,144
2025-04-22 15:27:00+05:30,968.5,969.0,968.2999877929688,969.0,1091
2025-04-22 15:28:00+05:30,968.2999877929688,968.2999877929688,968.2999877929688,968.2999877929688,2502
2025-04-22 15:29:00+05:30,967.75,969.5999755859375,967.75,969.5999755859375,240
2025-04-24 09:15:00+05:30,972.0499877929688,973.5999755859375,970.0,970.0,0
2025-04-24 09:16:00+05:30,978.7999877929688,978.7999877929688,973.4000244140625,973.4000244140625,400
2025-04-24 09:17:00+05:30,978.9500122070312,980.2000122070312,978.9500122070312,979.5,363
2025-04-24 09:18:00+05:30,978.9500122070312,978.9500122070312,978.9500122070312,978.9500122070312,23
2025-04-24 09:19:00+05:30,978.0,979.9000244140625,976.75,979.9000244140625,324
2025-04-24 09:20:00+05:30,976.5,979.2000122070312,976.5,978.8499755859375,328
2025-04-24 09:21:00+05:30,982.3499755859375,982.3499755859375,976.7000122070312,976.7000122070312,756
2025-04-24 09:22:00+05:30,982.0999755859375,983.25,980.7000122070312,980.7000122070312,662
2025-04-24 09:23:00+05:30,983.0,984.25,982.0999755859375,984.0,1468
2025-04-24 09:24:00+05:30,982.25,982.7999877929688,981.5499877929688,981.5999755859375,465
2025-04-24 09:25:00+05:30,980.7000122070312,982.7999877929688,980.7000122070312,982.7999877929688,183
2025-04-24 09:26:00+05:30,981.2999877929688,981.2999877929688,980.2999877929688,980.2999877929688,2546
2025-04-24 09:27:00+05:30,980.1500244140625,980.5,980.1500244140625,980.5,22
2025-04-24 09:28:00+05:30,978.0,982.0,978.0,980.2000122070312,1118
2025-04-24 09:29:00+05:30,975.0,976.8499755859375,975.0,976.8499755859375,1106
2025-04-24 09:30:00+05:30,976.4000244140625,977.75,976.4000244140625,976.75,313
2025-04-24 09:31:00+05:30,975.9000244140625,977.0,975.9000244140625,977.0,83
2025-04-24 09:32:00+05:30,977.5999755859375,977.9500122070312,977.5999755859375,977.9500122070312,70
2025-04-24 09:33:00+05:30,976.8499755859375,977.5999755859375,976.5499877929688,977.0499877929688,1036
2025-04-24 09:34:00+05:30,979.5999755859375,979.5999755859375,978.4000244140625,978.9000244140625,65
2025-04-24 09:35:00+05:30,981.0999755859375,981.5999755859375,979.7000122070312,980.7000122070312,251
2025-04-24 09:36:00+05:30,981.5999755859375,981.5999755859375,980.0,980.0,82
2025-04-24 09:37:00+05:30,982.4500122070312,982.4500122070312,979.9000244140625,979.9000244140625,931
2025-04-24 09:38:00+05:30,982.7999877929688,983.0,981.5999755859375,982.7000122070312,944
2025-04-24 09:39:00+05:30,982.5999755859375,982.5999755859375,981.5999755859375,981.6500244140625,151
2025-04-24 09:40:00+05:30,982.5,982.5,981.5999755859375,981.5999755859375,56
2025-04-24 09:41:00+05:30,983.25,983.25,982.4500122070312,982.75,583
2025-04-24 09:42:00+05:30,982.3499755859375,982.3499755859375,982.3499755859375,982.3499755859375,0
2025-04-24 09:43:00+05:30,983.0,983.0,982.0,982.4000244140625,827
2025-04-24 09:44:00+05:30,982.4500122070312,982.4500122070312,982.2000122070312,982.4500122070312,226
2025-04-24 09:45:00+05:30,980.0,981.25,979.5,981.25,502
2025-04-24 09:46:00+05:30,976.9000244140625,979.0,976.25,979.0,241
2025-04-24 09:47:00+05:30,977.1500244140625,977.2000122070312,975.0,977.2000122070312,448
2025-04-24 09:48:00+05:30,977.25,977.25,977.25,977.25,108
2025-04-24 09:49:00+05:30,975.6500244140625,975.6500244140625,975.6500244140625,975.6500244140625,60
2025-04-24 09:50:00+05:30,975.7000122070312,975.7000122070312,975.7000122070312,975.7000122070312,1
2025-04-24 09:51:00+05:30,975.9000244140625,977.0499877929688,975.9000244140625,977.0499877929688,49
2025-04-24 09:52:00+05:30,977.0999755859375,977.0999755859375,977.0999755859375,977.0999755859375,0
2025-04-24 09:53:00+05:30,977.6500244140625,977.6500244140625,977.0,977.5,296
2025-04-24 09:54:00+05:30,978.5,978.5,977.9500122070312,977.9500122070312,363
2025-04-24 09:55:00+05:30,978.5,978.5,978.0,978.0,41
2025-04-24 09:56:00+05:30,978.5,978.5,978.4500122070312,978.5,58
2025-04-24 09:58:00+05:30,977.5999755859375,978.5,977.5999755859375,978.5,93
2025-04-24 09:59:00+05:30,978.4500122070312,978.4500122070312,978.4500122070312,978.4500122070312,19
2025-04-24 10:00:00+05:30,977.25,977.25,977.25,977.25,17
2025-04-24 10:01:00+05:30,978.0,978.0,977.0999755859375,977.0999755859375,38
2025-04-24 10:02:00+05:30,977.2000122070312,978.0999755859375,977.1500244140625,977.1500244140625,27
2025-04-24 10:03:00+05:30,978.2999877929688,978.2999877929688,978.2999877929688,978.2999877929688,3
2025-04-24 10:04:00+05:30,978.25,978.25,978.0,978.25,7
2025-04-24 10:05:00+05:30,978.25,978.25,978.25,978.25,10
2025-04-24 10:06:00+05:30,976.8499755859375,978.25,976.75,978.25,310
2025-04-24 10:07:00+05:30,977.9500122070312,978.2000122070312,976.4000244140625,976.75,269
2025-04-24 10:08:00+05:30,977.75,977.75,977.75,977.75,5
2025-04-24 10:09:00+05:30,976.75,976.75,976.75,976.75,17
2025-04-24 10:10:00+05:30,976.7999877929688,976.7999877929688,976.75,976.75,8
2025-04-24 10:11:00+05:30,977.7999877929688,977.7999877929688,977.7999877929688,977.7999877929688,1
2025-04-24 10:12:00+05:30,977.2000122070312,977.7999877929688,977.1500244140625,977.7999877929688,57
2025-04-24 10:13:00+05:30,978.0,978.0,977.0,977.8499755859375,130
2025-04-24 10:14:00+05:30,977.1500244140625,978.0,977.1500244140625,978.0,16
2025-04-24 10:15:00+05:30,978.0,978.0,978.0,978.0,19
2025-04-24 10:16:00+05:30,977.2000122070312,977.2000122070312,977.2000122070312,977.2000122070312,18
2025-04-24 10:17:00+05:30,976.5,977.1500244140625,976.5,977.1500244140625,264
2025-04-24 10:18:00+05:30,977.9500122070312,977.9500122070312,976.5499877929688,976.5499877929688,48
2025-04-24 10:19:00+05:30,978.0,978.0,977.9500122070312,978.0,271
2025-04-24 10:20:00+05:30,978.0499877929688,978.0499877929688,976.5999755859375,978.0,101
2025-04-24 10:21:00+05:30,977.8499755859375,977.8499755859375,977.8499755859375,977.8499755859375,64
2025-04-24 10:22:00+05:30,978.25,978.25,977.8499755859375,977.8499755859375,74
2025-04-24 10:23:00+05:30,977.2999877929688,977.2999877929688,977.2999877929688,977.2999877929688,0
2025-04-24 10:24:00+05:30,976.9500122070312,978.25,976.9500122070312,978.25,27
2025-04-24 10:25:00+05:30,978.5999755859375,978.5999755859375,978.5999755859375,978.5999755859375,74
2025-04-24 10:26:00+05:30,978.4500122070312,978.4500122070312,978.4500122070312,978.4500122070312,0
2025-04-24 10:28:00+05:30,978.7000122070312,978.7000122070312,978.6500244140625,978.6500244140625,2
2025-04-24 10:29:00+05:30,981.0,982.0999755859375,980.0,980.0,4093
2025-04-24 10:30:00+05:30,981.7000122070312,981.7000122070312,980.2000122070312,980.7999877929688,0
2025-04-24 10:31:00+05:30,980.0999755859375,981.0,980.0999755859375,981.0,49
2025-04-24 10:32:00+05:30,980.9500122070312,981.0,980.7999877929688,980.7999877929688,434
2025-04-24 10:33:00+05:30,983.7999877929688,983.9500122070312,982.75,983.9500122070312,636
2025-04-24 10:34:00+05:30,982.6500244140625,982.6500244140625,982.6500244140625,982.6500244140625,10
2025-04-24 10:35:00+05:30,983.9500122070312,983.9500122070312,982.7999877929688,983.9000244140625,450
2025-04-24 10:36:00+05:30,982.0999755859375,983.9500122070312,982.0999755859375,983.9500122070312,1049
2025-04-24 10:37:00+05:30,983.2999877929688,983.2999877929688,983.2999877929688,983.2999877929688,9
2025-04-24 10:38:00+05:30,983.0,983.4500122070312,983.0,983.2999877929688,493
2025-04-24 10:39:00+05:30,983.0,983.0,983.0,983.0,0
2025-04-24 10:40:00+05:30,982.8499755859375,983.0,982.0999755859375,983.0,99
2025-04-24 10:41:00+05:30,982.0999755859375,983.0,982.0999755859375,983.0,151
2025-04-24 10:42:00+05:30,982.8499755859375,982.9500122070312,982.8499755859375,982.9500122070312,120
2025-04-24 10:43:00+05:30,981.0,982.7999877929688,981.0,982.7999877929688,187
2025-04-24 10:45:00+05:30,982.5,982.5,981.25,981.25,0
2025-04-24 10:46:00+05:30,982.5,982.7999877929688,982.5,982.7999877929688,196
2025-04-24 10:47:00+05:30,982.9000244140625,982.9000244140625,982.5,982.5,901
2025-04-24 10:48:00+05:30,982.6500244140625,982.9000244140625,981.5,982.9000244140625,0
2025-04-24 10:49:00+05:30,981.1500244140625,981.4000244140625,981.1500244140625,981.4000244140625,0
2025-04-24 10:50:00+05:30,982.25,982.25,982.25,982.25,2
2025-04-24 10:51:00+05:30,981.0999755859375,982.25,981.0999755859375,982.25,117
2025-04-24 10:52:00+05:30,981.1500244140625,981.1500244140625,981.1500244140625,981.1500244140625,99
2025-04-24 10:53:00+05:30,980.9500122070312,982.0499877929688,980.9500122070312,982.0499877929688,104
2025-04-24 10:54:00+05:30,981.75,981.75,981.75,981.75,21
2025-04-24 10:55:00+05:30,980.0499877929688,980.0499877929688,980.0499877929688,980.0499877929688,104
2025-04-24 10:56:00+05:30,981.4500122070312,981.4500122070312,981.4500122070312,981.4500122070312,6
2025-04-24 10:57:00+05:30,980.25,980.25,980.25,980.25,31
2025-04-24 10:58:00+05:30,981.0,981.0,981.0,981.0,14
2025-04-24 10:59:00+05:30,981.7000122070312,981.7000122070312,981.7000122070312,981.7000122070312,6
2025-04-24 11:00:00+05:30,980.7000122070312,981.6500244140625,980.7000122070312,981.6500244140625,4
2025-04-24 11:01:00+05:30,980.7000122070312,980.7000122070312,980.7000122070312,980.7000122070312,2
2025-04-24 11:03:00+05:30,977.5499877929688,978.4000244140625,977.5499877929688,978.4000244140625,1742
2025-04-24 11:04:00+05:30,977.9000244140625,979.25,977.7999877929688,979.25,27
2025-04-24 11:05:00+05:30,977.9000244140625,977.9000244140625,977.9000244140625,977.9000244140625,0
2025-04-24 11:06:00+05:30,978.75,978.75,978.75,978.75,0
2025-04-24 11:07:00+05:30,977.9000244140625,977.9000244140625,977.9000244140625,977.9000244140625,8
2025-04-24 11:08:00+05:30,977.9000244140625,977.9000244140625,977.9000244140625,977.9000244140625,2
2025-04-24 11:09:00+05:30,978.75,978.75,977.5999755859375,978.75,71
2025-04-24 11:10:00+05:30,978.75,978.75,978.75,978.75,18
2025-04-24 11:13:00+05:30,978.75,978.75,978.75,978.75,123
2025-04-24 11:14:00+05:30,978.2000122070312,979.25,978.2000122070312,979.1500244140625,31
2025-04-24 11:15:00+05:30,979.0999755859375,979.25,979.0999755859375,979.25,0
2025-04-24 11:16:00+05:30,977.5999755859375,978.8499755859375,977.5999755859375,978.8499755859375,27
2025-04-24 11:17:00+05:30,976.8499755859375,977.0,976.8499755859375,977.0,125
2025-04-24 11:20:00+05:30,976.9000244140625,976.9000244140625,976.7999877929688,976.7999877929688,26
2025-04-24 11:21:00+05:30,977.5999755859375,977.5999755859375,976.2000122070312,976.9500122070312,101
2025-04-24 11:22:00+05:30,976.4500122070312,977.6500244140625,976.4500122070312,977.6500244140625,33
2025-04-24 11:23:00+05:30,976.3499755859375,976.3499755859375,976.3499755859375,976.3499755859375,58
2025-04-24 11:24:00+05:30,977.9000244140625,977.9000244140625,977.5,977.5,17
2025-04-24 11:25:00+05:30,977.5999755859375,977.9000244140625,976.2000122070312,977.9000244140625,296
2025-04-24 11:26:00+05:30,977.5999755859375,977.5999755859375,976.2000122070312,976.2000122070312,42
2025-04-24 11:27:00+05:30,976.0999755859375,977.5999755859375,976.0999755859375,976.6500244140625,291
2025-04-24 11:28:00+05:30,977.5499877929688,977.5499877929688,976.0,976.0,129
2025-04-24 11:29:00+05:30,977.3499755859375,977.3499755859375,976.2000122070312,976.2000122070312,29
2025-04-24 11:30:00+05:30,976.0999755859375,977.3499755859375,976.0999755859375,977.3499755859375,129
2025-04-24 11:31:00+05:30,979.3499755859375,979.3499755859375,977.6500244140625,977.6500244140625,552
2025-04-24 11:32:00+05:30,979.8499755859375,979.8499755859375,979.8499755859375,979.8499755859375,16
2025-04-24 11:33:00+05:30,979.75,979.75,977.75,977.75,380
2025-04-24 11:34:00+05:30,979.5499877929688,979.5499877929688,979.5,979.5,20
2025-04-24 11:35:00+05:30,980.4000244140625,980.4500122070312,979.25,979.25,145
2025-04-24 11:36:00+05:30,979.25,979.25,979.25,979.25,378
2025-04-24 11:37:00+05:30,978.25,979.25,978.0,979.25,3667
2025-04-24 11:38:00+05:30,978.2000122070312,978.2000122070312,978.2000122070312,978.2000122070312,5
2025-04-24 11:39:00+05:30,978.0499877929688,978.2999877929688,978.0,978.2999877929688,74
2025-04-24 11:40:00+05:30,978.2999877929688,979.3499755859375,978.2999877929688,979.3499755859375,23
2025-04-24 11:41:00+05:30,979.5,979.5,978.0999755859375,978.0999755859375,14
2025-04-24 11:42:00+05:30,978.0499877929688,980.1500244140625,978.0499877929688,979.4000244140625,335
2025-04-24 11:43:00+05:30,979.6500244140625,979.6500244140625,978.9000244140625,978.9000244140625,228
2025-04-24 11:44:00+05:30,980.25,980.25,980.25,980.25,29
2025-04-24 11:45:00+05:30,978.2999877929688,980.4000244140625,978.2999877929688,980.4000244140625,215
2025-04-24 11:46:00+05:30,979.5999755859375,979.5999755859375,978.2999877929688,978.2999877929688,61
2025-04-24 11:47:00+05:30,979.5999755859375,979.5999755859375,979.5999755859375,979.5999755859375,0
2025-04-24 11:48:00+05:30,980.0,980.4000244140625,980.0,980.0,441
2025-04-24 11:49:00+05:30,980.0,980.0,980.0,980.0,0
2025-04-24 11:50:00+05:30,980.5499877929688,980.5499877929688,980.5499877929688,980.5499877929688,85
2025-04-24 11:51:00+05:30,980.4000244140625,980.5499877929688,979.4000244140625,980.5499877929688,2
2025-04-24 11:52:00+05:30,978.5,979.0499877929688,978.5,979.0499877929688,69
2025-04-24 11:53:00+05:30,979.5999755859375,979.5999755859375,979.5999755859375,979.5999755859375,30
2025-04-24 11:55:00+05:30,980.0499877929688,980.0499877929688,980.0499877929688,980.0499877929688,414
2025-04-24 11:58:00+05:30,980.7999877929688,980.7999877929688,980.7999877929688,980.7999877929688,35
2025-04-24 11:59:00+05:30,980.5,980.5,979.5,979.5,63
2025-04-24 12:00:00+05:30,980.9000244140625,980.9000244140625,980.9000244140625,980.9000244140625,8
2025-04-24 12:02:00+05:30,980.8499755859375,980.8499755859375,980.8499755859375,980.8499755859375,2
2025-04-24 12:03:00+05:30,980.7000122070312,980.8499755859375,980.7000122070312,980.8499755859375,161
2025-04-24 12:04:00+05:30,979.2000122070312,979.2000122070312,979.2000122070312,979.2000122070312,10
2025-04-24 12:05:00+05:30,978.7999877929688,979.9500122070312,978.7999877929688,979.9500122070312,12
2025-04-24 12:06:00+05:30,979.7000122070312,979.7000122070312,978.5499877929688,978.5499877929688,24
2025-04-24 12:07:00+05:30,979.8499755859375,979.8499755859375,979.8499755859375,979.8499755859375,19
2025-04-24 12:08:00+05:30,980.1500244140625,981.0999755859375,980.1500244140625,980.2000122070312,260
2025-04-24 12:09:00+05:30,981.1500244140625,981.1500244140625,981.0999755859375,981.0999755859375,6
2025-04-24 12:11:00+05:30,980.0999755859375,980.0999755859375,980.0999755859375,980.0999755859375,7
2025-04-24 12:12:00+05:30,980.2000122070312,981.1500244140625,980.2000122070312,981.1500244140625,7
2025-04-24 12:14:00+05:30,980.0,980.0,980.0,980.0,138
2025-04-24 12:15:00+05:30,980.1500244140625,980.1500244140625,980.1500244140625,980.1500244140625,0
2025-04-24 12:16:00+05:30,979.0499877929688,979.0499877929688,979.0499877929688,979.0499877929688,5
2025-04-24 12:17:00+05:30,979.7000122070312,979.7000122070312,978.5499877929688,978.7000122070312,18
2025-04-24 12:18:00+05:30,979.7999877929688,979.7999877929688,979.7999877929688,979.7999877929688,13
2025-04-24 12:19:00+05:30,980.0,980.0,979.9000244140625,979.9000244140625,223
2025-04-24 12:20:00+05:30,980.0,980.0,980.0,980.0,0
2025-04-24 12:21:00+05:30,981.0,981.0,980.0,980.0,176
2025-04-24 12:22:00+05:30,981.0,981.0,980.9500122070312,980.9500122070312,11
2025-04-24 12:23:00+05:30,979.5,980.9000244140625,979.5,980.5,43
2025-04-24 12:24:00+05:30,980.7999877929688,980.7999877929688,980.7000122070312,980.7000122070312,5
2025-04-24 12:25:00+05:30,979.5499877929688,979.5499877929688,979.5499877929688,979.5499877929688,12
2025-04-24 12:26:00+05:30,979.0,979.5499877929688,979.0,979.5499877929688,18
2025-04-24 12:27:00+05:30,979.0,979.0,979.0,979.0,1
2025-04-24 12:28:00+05:30,978.3499755859375,978.3499755859375,978.3499755859375,978.3499755859375,116
2025-04-24 12:30:00+05:30,979.5999755859375,979.5999755859375,979.5999755859375,979.5999755859375,0
2025-04-24 12:31:00+05:30,979.7000122070312,979.9500122070312,978.7000122070312,978.7000122070312,28
2025-04-24 12:32:00+05:30,978.4500122070312,979.8499755859375,978.4500122070312,979.8499755859375,34
2025-04-24 12:33:00+05:30,978.4000244140625,978.4500122070312,978.3499755859375,978.4500122070312,213
2025-04-24 12:34:00+05:30,978.3499755859375,978.4500122070312,978.3499755859375,978.4500122070312,12
2025-04-24 12:35:00+05:30,978.3499755859375,978.3499755859375,978.3499755859375,978.3499755859375,10
2025-04-24 12:36:00+05:30,979.2999877929688,979.2999877929688,977.7999877929688,978.3499755859375,438
2025-04-24 12:37:00+05:30,980.2000122070312,980.2000122070312,980.2000122070312,980.2000122070312,65
2025-04-24 12:38:00+05:30,980.7999877929688,981.0,980.7999877929688,981.0,162
2025-04-24 12:40:00+05:30,980.4000244140625,980.4000244140625,978.5,978.5,204
2025-04-24 12:41:00+05:30,980.25,980.25,978.9000244140625,979.0,170
2025-04-24 12:42:00+05:30,980.5999755859375,980.5999755859375,980.5999755859375,980.5999755859375,3
2025-04-24 12:43:00+05:30,980.2000122070312,980.2000122070312,978.2999877929688,978.9000244140625,193
2025-04-24 12:45:00+05:30,980.2000122070312,980.2000122070312,980.0,980.0,26
2025-04-24 12:46:00+05:30,978.75,978.75,978.75,978.75,0
2025-04-24 12:47:00+05:30,978.1500244140625,979.5999755859375,978.1500244140625,979.5999755859375,46
2025-04-24 12:48:00+05:30,977.9500122070312,977.9500122070312,977.9500122070312,977.9500122070312,31
2025-04-24 12:49:00+05:30,977.9500122070312,977.9500122070312,977.9500122070312,977.9500122070312,643
2025-04-24 12:50:00+05:30,977.7000122070312,977.7000122070312,977.7000122070312,977.7000122070312,0
2025-04-24 12:51:00+05:30,978.6500244140625,978.6500244140625,978.6500244140625,978.6500244140625,7
2025-04-24 12:52:00+05:30,980.0499877929688,980.0499877929688,978.0,978.0,151
2025-04-24 12:53:00+05:30,981.25,981.25,981.25,981.25,162
2025-04-24 12:54:00+05:30,981.2000122070312,981.2000122070312,981.2000122070312,981.2000122070312,0
2025-04-24 12:55:00+05:30,981.4000244140625,981.4000244140625,981.4000244140625,981.4000244140625,50
2025-04-24 12:57:00+05:30,980.0,980.0,980.0,980.0,42
2025-04-24 12:58:00+05:30,981.9000244140625,981.9000244140625,981.9000244140625,981.9000244140625,230
2025-04-24 12:59:00+05:30,981.5999755859375,981.5999755859375,980.4000244140625,980.4000244140625,43
2025-04-24 13:00:00+05:30,980.4500122070312,981.5999755859375,980.4500122070312,981.4500122070312,125
2025-04-24 13:01:00+05:30,980.4500122070312,980.4500122070312,980.4500122070312,980.4500122070312,229
2025-04-24 13:03:00+05:30,979.5499877929688,980.5999755859375,979.5499877929688,980.5999755859375,103
2025-04-24 13:04:00+05:30,981.25,981.3499755859375,980.0499877929688,981.3499755859375,3
2025-04-24 13:05:00+05:30,981.1500244140625,981.2000122070312,980.0,981.2000122070312,8
2025-04-24 13:06:00+05:30,979.6500244140625,979.6500244140625,979.6500244140625,979.6500244140625,3
2025-04-24 13:07:00+05:30,979.5499877929688,979.5499877929688,979.5499877929688,979.5499877929688,3
2025-04-24 13:08:00+05:30,979.5499877929688,979.5499877929688,979.5499877929688,979.5499877929688,94
2025-04-24 13:09:00+05:30,979.7000122070312,980.75,979.4000244140625,979.4000244140625,0
2025-04-24 13:10:00+05:30,980.9500122070312,980.9500122070312,980.9500122070312,980.9500122070312,23
2025-04-24 13:11:00+05:30,981.0999755859375,981.0999755859375,981.0999755859375,981.0999755859375,4
2025-04-24 13:12:00+05:30,981.6500244140625,982.4500122070312,980.0499877929688,980.1500244140625,470
2025-04-24 13:14:00+05:30,981.5499877929688,981.5499877929688,981.5499877929688,981.5499877929688,0
2025-04-24 13:15:00+05:30,980.2000122070312,980.2000122070312,980.2000122070312,980.2000122070312,60
2025-04-24 13:16:00+05:30,981.2999877929688,981.2999877929688,981.2999877929688,981.2999877929688,207
2025-04-24 13:17:00+05:30,980.0,981.4000244140625,980.0,981.3499755859375,0
2025-04-24 13:18:00+05:30,981.9000244140625,981.9000244140625,978.5,978.5,1734
2025-04-24 13:19:00+05:30,981.2999877929688,981.2999877929688,981.2999877929688,981.2999877929688,0
2025-04-24 13:20:00+05:30,980.0999755859375,981.25,980.0999755859375,981.25,21
2025-04-24 13:21:00+05:30,980.0,980.0,980.0,980.0,1
2025-04-24 13:23:00+05:30,980.0,980.0499877929688,980.0,980.0499877929688,12
2025-04-24 13:24:00+05:30,980.0,980.0,980.0,980.0,1
2025-04-24 13:28:00+05:30,981.4500122070312,981.4500122070312,981.0999755859375,981.0999755859375,24
2025-04-24 13:29:00+05:30,980.5,980.5,980.5,980.5,29
2025-04-24 13:30:00+05:30,981.0,981.0,980.5,980.5,351
2025-04-24 13:31:00+05:30,981.5499877929688,981.5999755859375,980.5499877929688,981.5999755859375,0
2025-04-24 13:32:00+05:30,981.5,981.5,981.5,981.5,0
2025-04-24 13:33:00+05:30,980.4000244140625,980.4000244140625,980.4000244140625,980.4000244140625,8
2025-04-24 13:34:00+05:30,980.4000244140625,980.4000244140625,980.4000244140625,980.4000244140625,18
2025-04-24 13:35:00+05:30,980.4000244140625,980.4000244140625,980.4000244140625,980.4000244140625,1
2025-04-24 13:36:00+05:30,980.0,980.0,979.2000122070312,979.2000122070312,599
2025-04-24 13:37:00+05:30,981.0499877929688,981.0499877929688,981.0499877929688,981.0499877929688,43
2025-04-24 13:38:00+05:30,981.0499877929688,981.0499877929688,981.0499877929688,981.0499877929688,37
2025-04-24 13:39:00+05:30,980.2000122070312,981.0499877929688,980.2000122070312,981.0499877929688,40
2025-04-24 13:40:00+05:30,980.0,980.0,980.0,980.0,54
2025-04-24 13:41:00+05:30,980.0,980.0,980.0,980.0,145
2025-04-24 13:42:00+05:30,980.8499755859375,980.8499755859375,980.0,980.0,0
2025-04-24 13:44:00+05:30,981.2999877929688,981.2999877929688,981.2999877929688,981.2999877929688,4
2025-04-24 13:46:00+05:30,981.5999755859375,981.5999755859375,981.2999877929688,981.2999877929688,35
2025-04-24 13:47:00+05:30,980.3499755859375,981.5999755859375,980.3499755859375,981.5999755859375,35
2025-04-24 13:48:00+05:30,980.0,980.1500244140625,980.0,980.1500244140625,362
2025-04-24 13:50:00+05:30,980.2999877929688,980.2999877929688,980.2999877929688,980.2999877929688,8
2025-04-24 13:51:00+05:30,979.5,980.25,979.5,980.25,703
2025-04-24 13:52:00+05:30,980.0,980.0,980.0,980.0,58
2025-04-24 13:53:00+05:30,980.0,980.2999877929688,980.0,980.0,16
2025-04-24 13:54:00+05:30,980.0,980.0,980.0,980.0,3
2025-04-24 13:55:00+05:30,980.0,980.0,980.0,980.0,11
2025-04-24 13:56:00+05:30,980.0,980.0,980.0,980.0,80
2025-04-24 13:57:00+05:30,980.0,980.0,980.0,980.0,4
2025-04-24 13:58:00+05:30,980.0,980.0,980.0,980.0,33
2025-04-24 13:59:00+05:30,980.2999877929688,980.2999877929688,980.2999877929688,980.2999877929688,9
2025-04-24 14:00:00+05:30,981.25,981.25,980.9000244140625,980.9000244140625,8
2025-04-24 14:02:00+05:30,980.25,980.25,980.25,980.25,34
2025-04-24 14:03:00+05:30,980.2999877929688,981.1500244140625,980.2999877929688,981.1500244140625,56
2025-04-24 14:04:00+05:30,981.0999755859375,981.0999755859375,981.0999755859375,981.0999755859375,0
2025-04-24 14:05:00+05:30,981.0999755859375,981.25,980.2999877929688,981.25,125
2025-04-24 14:06:00+05:30,981.0999755859375,981.0999755859375,981.0999755859375,981.0999755859375,11
2025-04-24 14:07:00+05:30,980.9500122070312,980.9500122070312,980.9500122070312,980.9500122070312,50
2025-04-24 14:08:00+05:30,980.8499755859375,980.8499755859375,980.0,980.0,0
2025-04-24 14:09:00+05:30,980.0,980.0,979.75,979.75,155
2025-04-24 14:10:00+05:30,980.0,980.0499877929688,980.0,980.0499877929688,39
2025-04-24 14:11:00+05:30,980.0499877929688,980.7999877929688,980.0499877929688,980.7999877929688,2
2025-04-24 14:12:00+05:30,980.3499755859375,980.3499755859375,980.0,980.0,335
2025-04-24 14:16:00+05:30,980.0,980.2000122070312,980.0,980.2000122070312,43
2025-04-24 14:17:00+05:30,977.7999877929688,980.0,977.7999877929688,980.0,516
2025-04-24 14:18:00+05:30,980.6500244140625,980.6500244140625,980.0,980.0,12
2025-04-24 14:20:00+05:30,980.0,980.0,980.0,980.0,22
2025-04-24 14:21:00+05:30,981.0,981.0,981.0,981.0,98
2025-04-24 14:22:00+05:30,981.0,981.0,981.0,981.0,0
2025-04-24 14:23:00+05:30,980.7999877929688,980.7999877929688,980.0,980.5,375
2025-04-24 14:24:00+05:30,981.5,981.5,980.5,981.25,49
2025-04-24 14:25:00+05:30,981.5499877929688,981.5499877929688,981.5499877929688,981.5499877929688,170
2025-04-24 14:26:00+05:30,980.5,980.5,980.5,980.5,0
2025-04-24 14:28:00+05:30,980.0499877929688,980.0499877929688,980.0499877929688,980.0499877929688,0
2025-04-24 14:29:00+05:30,980.0,980.0,980.0,980.0,7
2025-04-24 14:30:00+05:30,980.0,980.0,980.0,980.0,131
2025-04-24 14:31:00+05:30,979.0,980.0,979.0,980.0,103
2025-04-24 14:32:00+05:30,980.0,980.0,980.0,980.0,9
2025-04-24 14:33:00+05:30,980.0,980.25,980.0,980.0,39
2025-04-24 14:34:00+05:30,980.0,980.0,980.0,980.0,6
2025-04-24 14:35:00+05:30,980.0,980.0,980.0,980.0,15
2025-04-24 14:36:00+05:30,980.0,980.0,980.0,980.0,67
2025-04-24 14:37:00+05:30,980.0,980.0,980.0,980.0,1061
2025-04-24 14:39:00+05:30,980.0,980.0,980.0,980.0,41
2025-04-24 14:40:00+05:30,980.0,980.0,980.0,980.0,915
2025-04-24 14:41:00+05:30,980.0,980.0,980.0,980.0,52
2025-04-24 14:42:00+05:30,980.2000122070312,980.2000122070312,980.0,980.0,54
2025-04-24 14:43:00+05:30,980.0,980.0,980.0,980.0,35
2025-04-24 14:44:00+05:30,980.0,980.0,980.0,980.0,21
2025-04-24 14:45:00+05:30,980.0,980.0,980.0,980.0,15
2025-04-24 14:46:00+05:30,980.0,980.2000122070312,980.0,980.0,103
2025-04-24 14:47:00+05:30,980.0,980.0,980.0,980.0,27
2025-04-24 14:48:00+05:30,980.0,980.0,980.0,980.0,0
2025-04-24 14:49:00+05:30,980.0,980.0,980.0,980.0,79
2025-04-24 14:50:00+05:30,980.0,980.0,980.0,980.0,14
2025-04-24 14:51:00+05:30,980.2000122070312,980.2000122070312,980.2000122070312,980.2000122070312,0
2025-04-24 14:52:00+05:30,980.0,980.25,980.0,980.25,101
2025-04-24 14:53:00+05:30,980.0,980.0,980.0,980.0,123
2025-04-24 14:54:00+05:30,980.2000122070312,980.2000122070312,980.0,980.0,107
2025-04-24 14:55:00+05:30,980.2000122070312,980.2000122070312,980.0,980.0,25
2025-04-24 14:56:00+05:30,980.2000122070312,980.2000122070312,980.2000122070312,980.2000122070312,3
2025-04-24 14:57:00+05:30,980.25,980.25,980.0499877929688,980.25,38
2025-04-24 14:58:00+05:30,980.25,980.25,980.0499877929688,980.25,15
2025-04-24 14:59:00+05:30,982.5,982.5,980.25,980.25,1484
2025-04-24 15:00:00+05:30,982.0,983.5999755859375,982.0,983.5999755859375,70
2025-04-24 15:01:00+05:30,982.0,982.5,981.0999755859375,982.25,80
2025-04-24 15:02:00+05:30,982.0,982.5,982.0,982.5,14
2025-04-24 15:03:00+05:30,982.5,982.5,982.0,982.4500122070312,111
2025-04-24 15:04:00+05:30,982.5,982.5,982.5,982.5,61
2025-04-24 15:05:00+05:30,983.4500122070312,983.4500122070312,982.4000244140625,982.5,367
2025-04-24 15:06:00+05:30,983.6500244140625,983.6500244140625,983.5,983.5,317
2025-04-24 15:07:00+05:30,982.5499877929688,983.6500244140625,982.5499877929688,982.8499755859375,74
2025-04-24 15:08:00+05:30,983.4500122070312,983.5499877929688,983.4500122070312,983.5499877929688,12
2025-04-24 15:09:00+05:30,982.5499877929688,983.4000244140625,982.5,983.4000244140625,82
2025-04-24 15:10:00+05:30,983.5499877929688,983.5499877929688,982.5,983.0,341
2025-04-24 15:11:00+05:30,983.6500244140625,983.6500244140625,983.5499877929688,983.5499877929688,36
2025-04-24 15:12:00+05:30,983.0,983.6500244140625,983.0,983.6500244140625,16
2025-04-24 15:13:00+05:30,982.8499755859375,983.4500122070312,982.4000244140625,983.4500122070312,1062
2025-04-24 15:14:00+05:30,982.4500122070312,982.9000244140625,982.4000244140625,982.9000244140625,378
2025-04-24 15:15:00+05:30,982.8499755859375,982.8499755859375,982.4500122070312,982.8499755859375,282
2025-04-24 15:16:00+05:30,982.0999755859375,982.7000122070312,982.0,982.4000244140625,1432
2025-04-24 15:17:00+05:30,982.4000244140625,982.4000244140625,982.1500244140625,982.4000244140625,70
2025-04-24 15:18:00+05:30,983.2999877929688,983.5499877929688,982.1500244140625,982.4000244140625,524
2025-04-24 15:19:00+05:30,982.0999755859375,983.4500122070312,982.0499877929688,983.4500122070312,156
2025-04-24 15:20:00+05:30,982.0,983.0,982.0,983.0,1114
2025-04-24 15:21:00+05:30,982.5,982.5999755859375,982.0,982.0,2753
2025-04-24 15:22:00+05:30,982.0,982.5499877929688,982.0,982.5499877929688,1355
2025-04-24 15:23:00+05:30,982.4500122070312,982.4500122070312,982.0,982.4500122070312,76
2025-04-24 15:24:00+05:30,982.0,982.4500122070312,982.0,982.0,85
2025-04-24 15:25:00+05:30,982.0,982.0,981.7000122070312,982.0,2132
2025-04-24 15:26:00+05:30,980.0499877929688,982.0499877929688,980.0499877929688,982.0,702
2025-04-24 15:27:00+05:30,982.0,982.25,982.0,982.25,108
2025-04-24 15:28:00+05:30,982.0,982.0499877929688,982.0,982.0499877929688,1398
2025-04-24 15:29:00+05:30,982.4000244140625,982.4000244140625,982.0,982.0,645
2025-04-25 09:15:00+05:30,981.4500122070312,984.0,980.0,980.7999877929688,0
2025-04-25 09:16:00+05:30,989.5499877929688,989.5499877929688,984.0,984.0,2887
2025-04-25 09:17:00+05:30,985.0,990.0,985.0,989.9000244140625,4763
2025-04-25 09:18:00+05:30,983.2999877929688,984.25,983.2999877929688,984.0,507
2025-04-25 09:19:00+05:30,978.3499755859375,983.7000122070312,978.3499755859375,983.2999877929688,1129
2025-04-25 09:20:00+05:30,978.25,978.8499755859375,976.9000244140625,978.8499755859375,336
2025-04-25 09:21:00+05:30,976.2999877929688,978.6500244140625,976.2999877929688,978.6500244140625,450
2025-04-25 09:22:00+05:30,972.5999755859375,977.4000244140625,972.5999755859375,977.25,1269
2025-04-25 09:23:00+05:30,973.0,975.0,972.0,972.5999755859375,1469
2025-04-25 09:24:00+05:30,972.4500122070312,975.0,972.4500122070312,974.0,936
2025-04-25 09:25:00+05:30,971.6500244140625,973.9000244140625,971.2999877929688,973.9000244140625,661
2025-04-25 09:26:00+05:30,973.5,975.0,972.7000122070312,972.7000122070312,246
2025-04-25 09:27:00+05:30,976.25,976.25,974.8499755859375,976.0499877929688,419
2025-04-25 09:28:00+05:30,977.2999877929688,977.4000244140625,975.1500244140625,975.1500244140625,645
2025-04-25 09:29:00+05:30,974.5999755859375,976.7999877929688,974.5999755859375,976.7999877929688,254
2025-04-25 09:30:00+05:30,973.1500244140625,975.0,973.1500244140625,975.0,297
2025-04-25 09:31:00+05:30,971.0,974.5,971.0,973.1500244140625,437
2025-04-25 09:32:00+05:30,972.5,974.0,970.2000122070312,971.0,1098
2025-04-25 09:33:00+05:30,971.4500122070312,972.2999877929688,970.2000122070312,972.2999877929688,163
2025-04-25 09:34:00+05:30,967.9500122070312,970.5,967.9500122070312,970.2000122070312,1510
2025-04-25 09:35:00+05:30,969.3499755859375,969.3499755859375,968.0,968.0,876
2025-04-25 09:36:00+05:30,966.5,969.4000244140625,965.6500244140625,969.4000244140625,689
2025-04-25 09:37:00+05:30,963.0999755859375,965.0999755859375,962.3499755859375,965.0499877929688,487
2025-04-25 09:38:00+05:30,965.2999877929688,965.2999877929688,963.1500244140625,963.7000122070312,243
2025-04-25 09:39:00+05:30,964.5,966.5999755859375,964.0999755859375,966.5999755859375,286
2025-04-25 09:40:00+05:30,966.2000122070312,966.9500122070312,964.3499755859375,964.5,534
2025-04-25 09:41:00+05:30,964.4500122070312,966.0,963.0999755859375,966.0,263
2025-04-25 09:42:00+05:30,961.8499755859375,963.0,960.7000122070312,963.0,638
2025-04-25 09:43:00+05:30,961.4500122070312,963.5499877929688,961.0999755859375,963.5499877929688,286
2025-04-25 09:44:00+05:30,958.0,961.8499755859375,956.5,961.8499755859375,10228
2025-04-25 09:45:00+05:30,960.3499755859375,960.3499755859375,956.7000122070312,957.0,553
2025-04-25 09:46:00+05:30,958.5999755859375,959.0999755859375,956.7999877929688,959.0999755859375,390
2025-04-25 09:47:00+05:30,959.7000122070312,959.7000122070312,958.5999755859375,958.5999755859375,344
2025-04-25 09:48:00+05:30,957.5499877929688,958.5999755859375,957.5499877929688,958.5999755859375,476
2025-04-25 09:49:00+05:30,954.0,957.0,951.0499877929688,957.0,6928
2025-04-25 09:50:00+05:30,953.9000244140625,953.9000244140625,952.1500244140625,952.5999755859375,443
2025-04-25 09:51:00+05:30,954.0,955.0,954.0,955.0,430
2025-04-25 09:52:00+05:30,954.7000122070312,954.7000122070312,953.7999877929688,953.7999877929688,51
2025-04-25 09:53:00+05:30,954.0,954.7000122070312,953.7000122070312,954.0999755859375,105
2025-04-25 09:54:00+05:30,953.6500244140625,953.9500122070312,953.0999755859375,953.6500244140625,395
2025-04-25 09:55:00+05:30,951.75,953.8499755859375,951.2999877929688,952.2999877929688,663
2025-04-25 09:56:00+05:30,949.5,951.0,949.5,951.0,676
2025-04-25 09:57:00+05:30,948.9500122070312,950.0,947.0999755859375,950.0,677
2025-04-25 09:58:00+05:30,946.3499755859375,948.4500122070312,945.0,945.0,1008
2025-04-25 09:59:00+05:30,948.7000122070312,950.25,945.0999755859375,945.0999755859375,6002
2025-04-25 10:00:00+05:30,947.5999755859375,950.0,947.5999755859375,950.0,526
2025-04-25 10:01:00+05:30,948.5999755859375,950.5,947.0499877929688,947.0499877929688,11099
2025-04-25 10:02:00+05:30,948.3499755859375,950.25,948.3499755859375,950.0499877929688,110
2025-04-25 10:03:00+05:30,948.75,948.7999877929688,947.7999877929688,948.75,302
2025-04-25 10:04:00+05:30,946.2000122070312,948.0999755859375,946.2000122070312,947.25,939
2025-04-25 10:05:00+05:30,947.5,948.5999755859375,947.5,947.5499877929688,184
2025-04-25 10:06:00+05:30,945.2999877929688,947.5,945.0999755859375,947.5,66
2025-04-25 10:07:00+05:30,947.7000122070312,949.7000122070312,946.3499755859375,946.3499755859375,534
2025-04-25 10:08:00+05:30,947.8499755859375,947.8499755859375,946.7999877929688,947.0,88
2025-04-25 10:09:00+05:30,947.8499755859375,947.8499755859375,946.9000244140625,946.9000244140625,12
2025-04-25 10:10:00+05:30,950.8499755859375,950.8499755859375,948.0999755859375,948.0999755859375,307
2025-04-25 10:11:00+05:30,951.0499877929688,952.0,951.0499877929688,952.0,118
2025-04-25 10:12:00+05:30,951.0499877929688,951.9500122070312,951.0499877929688,951.0999755859375,1263
2025-04-25 10:13:00+05:30,952.5499877929688,954.0,951.3499755859375,951.3499755859375,380
2025-04-25 10:14:00+05:30,951.5999755859375,953.6500244140625,951.5999755859375,952.6500244140625,222
2025-04-25 10:15:00+05:30,953.4000244140625,953.5,951.3499755859375,951.3499755859375,242
2025-04-25 10:16:00+05:30,953.2000122070312,954.5999755859375,952.9000244140625,953.25,394
2025-04-25 10:17:00+05:30,954.0,955.3499755859375,954.0,954.7999877929688,353
2025-04-25 10:18:00+05:30,955.8499755859375,956.4000244140625,954.0,954.0,415
2025-04-25 10:19:00+05:30,956.3499755859375,956.3499755859375,955.0,955.2000122070312,804
2025-04-25 10:20:00+05:30,956.0,956.4000244140625,955.0,956.4000244140625,314
2025-04-25 10:21:00+05:30,955.9500122070312,956.8499755859375,955.0,955.7999877929688,168
2025-04-25 10:22:00+05:30,954.5,955.8499755859375,954.5,955.8499755859375,46
2025-04-25 10:23:00+05:30,957.1500244140625,957.1500244140625,955.2000122070312,955.7999877929688,649
2025-04-25 10:24:00+05:30,953.2000122070312,955.7000122070312,953.2000122070312,955.7000122070312,322
2025-04-25 10:25:00+05:30,952.4500122070312,954.0,951.8499755859375,953.7000122070312,679
2025-04-25 10:26:00+05:30,951.7999877929688,954.4000244140625,951.7999877929688,952.7999877929688,156
2025-04-25 10:27:00+05:30,951.1500244140625,951.9000244140625,950.0,951.9000244140625,159
2025-04-25 10:28:00+05:30,950.8499755859375,950.8499755859375,950.0,950.0,22
2025-04-25 10:29:00+05:30,948.0999755859375,949.9500122070312,948.0999755859375,948.5499877929688,187
2025-04-25 10:30:00+05:30,947.0499877929688,948.2999877929688,947.0499877929688,948.2999877929688,358
2025-04-25 10:31:00+05:30,946.1500244140625,947.4500122070312,946.1500244140625,947.4500122070312,74
2025-04-25 10:32:00+05:30,945.5,948.3499755859375,945.5,946.0499877929688,1227
2025-04-25 10:33:00+05:30,943.4000244140625,945.4500122070312,943.4000244140625,945.4500122070312,470
2025-04-25 10:34:00+05:30,943.6500244140625,943.9000244140625,943.6500244140625,943.9000244140625,874
2025-04-25 10:35:00+05:30,945.0,946.25,943.5,943.5,258
2025-04-25 10:36:00+05:30,945.4000244140625,946.3499755859375,945.0,945.7999877929688,535
2025-04-25 10:37:00+05:30,947.4500122070312,947.5,946.2999877929688,946.2999877929688,199
2025-04-25 10:38:00+05:30,947.5499877929688,947.9500122070312,946.2000122070312,946.75,670
2025-04-25 10:39:00+05:30,945.9000244140625,947.0999755859375,945.9000244140625,946.3499755859375,1040
2025-04-25 10:40:00+05:30,945.25,946.4000244140625,945.25,946.4000244140625,117
2025-04-25 10:41:00+05:30,947.75,947.75,946.0999755859375,946.0999755859375,154
2025-04-25 10:42:00+05:30,948.0999755859375,948.7000122070312,948.0999755859375,948.7000122070312,65
2025-04-25 10:43:00+05:30,947.5,948.5499877929688,947.4000244140625,948.5499877929688,54
2025-04-25 10:44:00+05:30,948.5,948.8499755859375,947.0999755859375,947.5499877929688,662
2025-04-25 10:45:00+05:30,946.8499755859375,948.5,946.8499755859375,948.5,98
2025-04-25 10:46:00+05:30,947.5999755859375,949.0,947.5999755859375,949.0,125
2025-04-25 10:47:00+05:30,947.6500244140625,948.7999877929688,947.6500244140625,948.5999755859375,85
2025-04-25 10:48:00+05:30,948.5999755859375,948.5999755859375,946.9000244140625,946.9000244140625,185
2025-04-25 10:49:00+05:30,948.7999877929688,948.7999877929688,947.7000122070312,947.7000122070312,30
2025-04-25 10:50:00+05:30,947.9000244140625,948.0,947.75,948.0,40
2025-04-25 10:51:00+05:30,947.5,948.1500244140625,947.5,947.5999755859375,39
2025-04-25 10:52:00+05:30,947.3499755859375,947.75,947.3499755859375,947.75,325
2025-04-25 10:53:00+05:30,948.0999755859375,948.0999755859375,948.0999755859375,948.0999755859375,10
2025-04-25 10:54:00+05:30,947.7000122070312,948.9000244140625,947.5999755859375,948.5499877929688,251
2025-04-25 10:55:00+05:30,946.75,948.5499877929688,946.75,948.5499877929688,249
2025-04-25 10:57:00+05:30,945.6500244140625,946.75,945.6500244140625,946.75,54
2025-04-25 10:58:00+05:30,946.6500244140625,946.6500244140625,945.6500244140625,946.5,24
2025-04-25 10:59:00+05:30,947.4500122070312,947.4500122070312,945.8499755859375,945.8499755859375,102
2025-04-25 11:00:00+05:30,946.0499877929688,947.0,945.6500244140625,947.0,215
2025-04-25 11:01:00+05:30,945.5,945.5,944.1500244140625,945.2000122070312,297
2025-04-25 11:02:00+05:30,945.2999877929688,945.2999877929688,945.2999877929688,945.2999877929688,14
2025-04-25 11:03:00+05:30,944.0999755859375,945.2999877929688,944.0999755859375,945.2999877929688,179
2025-04-25 11:04:00+05:30,943.5,944.4000244140625,942.8499755859375,942.8499755859375,967
2025-04-25 11:05:00+05:30,943.5999755859375,944.4500122070312,943.5999755859375,944.4500122070312,32
2025-04-25 11:06:00+05:30,945.0,945.0,943.5,943.6500244140625,121
2025-04-25 11:07:00+05:30,944.9500122070312,944.9500122070312,944.9500122070312,944.9500122070312,142
2025-04-25 11:08:00+05:30,946.5499877929688,946.5499877929688,944.9000244140625,945.0,286
2025-04-25 11:09:00+05:30,945.4000244140625,945.5,945.4000244140625,945.5,78
2025-04-25 11:10:00+05:30,945.4500122070312,946.6500244140625,945.4500122070312,946.6500244140625,7
2025-04-25 11:11:00+05:30,945.0,945.4000244140625,945.0,945.4000244140625,201
2025-04-25 11:12:00+05:30,944.7999877929688,944.7999877929688,943.9500122070312,943.9500122070312,58
2025-04-25 11:13:00+05:30,944.9500122070312,945.0,944.0499877929688,945.0,247
2025-04-25 11:14:00+05:30,944.0,944.1500244140625,944.0,944.1500244140625,88
2025-04-25 11:15:00+05:30,944.0,944.7000122070312,944.0,944.1500244140625,439
2025-04-25 11:16:00+05:30,944.0,944.0,944.0,944.0,3
2025-04-25 11:17:00+05:30,943.3499755859375,944.0,943.3499755859375,944.0,5
2025-04-25 11:18:00+05:30,942.9500122070312,943.9000244140625,942.9500122070312,943.0499877929688,385
2025-04-25 11:19:00+05:30,941.75,942.4000244140625,941.0,942.4000244140625,597
2025-04-25 11:20:00+05:30,941.4500122070312,941.5999755859375,941.0,941.0,113
2025-04-25 11:21:00+05:30,940.2000122070312,940.9500122070312,940.2000122070312,940.5,263
2025-04-25 11:22:00+05:30,940.1500244140625,940.25,940.1500244140625,940.25,238
2025-04-25 11:23:00+05:30,940.7999877929688,940.7999877929688,940.0499877929688,940.0499877929688,161
2025-04-25 11:24:00+05:30,940.1500244140625,940.8499755859375,940.0999755859375,940.1500244140625,265
2025-04-25 11:25:00+05:30,940.9000244140625,940.9000244140625,940.0999755859375,940.0999755859375,103
2025-04-25 11:26:00+05:30,940.8499755859375,940.8499755859375,940.8499755859375,940.8499755859375,51
2025-04-25 11:27:00+05:30,943.75,944.0,942.2999877929688,943.1500244140625,1175
2025-04-25 11:28:00+05:30,943.75,944.0,943.75,943.75,109
2025-04-25 11:29:00+05:30,944.75,944.75,944.0999755859375,944.0999755859375,77
2025-04-25 11:30:00+05:30,946.1500244140625,946.1500244140625,945.4000244140625,945.4000244140625,150
2025-04-25 11:31:00+05:30,946.0999755859375,946.0999755859375,946.0999755859375,946.0999755859375,38
2025-04-25 11:32:00+05:30,947.9500122070312,947.9500122070312,944.0,944.0,723
2025-04-25 11:33:00+05:30,947.5999755859375,948.0,947.5999755859375,948.0,67
2025-04-25 11:34:00+05:30,947.4000244140625,947.4000244140625,945.9500122070312,947.4000244140625,164
2025-04-25 11:35:00+05:30,949.0,949.0,946.7000122070312,946.7000122070312,524
2025-04-25 11:36:00+05:30,950.5,950.5,948.5499877929688,948.8499755859375,108
2025-04-25 11:37:00+05:30,949.2000122070312,949.5,949.1500244140625,949.5,40
2025-04-25 11:38:00+05:30,949.25,949.25,948.6500244140625,949.1500244140625,92
2025-04-25 11:39:00+05:30,949.0499877929688,949.0999755859375,949.0499877929688,949.0999755859375,296
2025-04-25 11:40:00+05:30,952.0499877929688,952.0499877929688,948.75,948.75,228
2025-04-25 11:41:00+05:30,950.5499877929688,951.2000122070312,950.5,951.2000122070312,37
2025-04-25 11:42:00+05:30,950.7000122070312,951.25,950.7000122070312,951.2000122070312,421
2025-04-25 11:43:00+05:30,951.25,951.25,950.0,950.5,1188
2025-04-25 11:44:00+05:30,951.0499877929688,951.5499877929688,951.0499877929688,951.5499877929688,0
2025-04-25 11:45:00+05:30,950.9500122070312,950.9500122070312,950.0,950.0,60
2025-04-25 11:46:00+05:30,952.2999877929688,952.2999877929688,950.5,951.0499877929688,944
2025-04-25 11:47:00+05:30,951.0499877929688,951.4000244140625,951.0499877929688,951.4000244140625,14
2025-04-25 11:48:00+05:30,951.0499877929688,951.0499877929688,950.4000244140625,950.4000244140625,252
2025-04-25 11:49:00+05:30,951.4000244140625,951.4000244140625,951.0499877929688,951.0499877929688,0
2025-04-25 11:50:00+05:30,951.5,951.5499877929688,951.0499877929688,951.0499877929688,2692
2025-04-25 11:51:00+05:30,951.7000122070312,952.25,951.4500122070312,952.25,166
2025-04-25 11:52:00+05:30,951.7000122070312,951.7000122070312,951.7000122070312,951.7000122070312,10
2025-04-25 11:53:00+05:30,951.5,951.7000122070312,951.5,951.7000122070312,35
2025-04-25 11:54:00+05:30,951.25,951.4500122070312,951.0499877929688,951.4500122070312,1163
2025-04-25 11:55:00+05:30,951.0499877929688,951.0499877929688,951.0499877929688,951.0499877929688,983
2025-04-25 11:56:00+05:30,951.0499877929688,951.4000244140625,951.0499877929688,951.0499877929688,33
2025-04-25 11:57:00+05:30,951.4500122070312,951.4500122070312,951.0499877929688,951.0499877929688,367
2025-04-25 11:58:00+05:30,951.0499877929688,951.0499877929688,951.0499877929688,951.0499877929688,175
2025-04-25 11:59:00+05:30,951.0499877929688,951.0999755859375,951.0499877929688,951.0499877929688,1385
2025-04-25 12:00:00+05:30,951.4500122070312,951.4500122070312,951.0999755859375,951.0999755859375,19
2025-04-25 12:01:00+05:30,951.0999755859375,951.0999755859375,951.0499877929688,951.0499877929688,388
2025-04-25 12:02:00+05:30,951.0499877929688,951.4500122070312,951.0499877929688,951.4500122070312,183
2025-04-25 12:03:00+05:30,951.7000122070312,951.7000122070312,951.4500122070312,951.4500122070312,557
2025-04-25 12:04:00+05:30,952.0,952.0,951.8499755859375,951.8499755859375,28
2025-04-25 12:05:00+05:30,952.2999877929688,952.2999877929688,952.0,952.0,377
2025-04-25 12:06:00+05:30,953.0999755859375,953.0999755859375,952.0,952.0,0
2025-04-25 12:07:00+05:30,953.0,953.5,952.7000122070312,953.5,56
2025-04-25 12:08:00+05:30,952.9000244140625,953.0,952.9000244140625,953.0,17
2025-04-25 12:09:00+05:30,955.0,955.0,952.7000122070312,952.7000122070312,321
2025-04-25 12:10:00+05:30,955.0,955.0,955.0,955.0,91
2025-04-25 12:11:00+05:30,956.0999755859375,956.0999755859375,955.0,955.0,0
2025-04-25 12:12:00+05:30,956.0999755859375,956.0999755859375,955.4000244140625,955.4000244140625,20
2025-04-25 12:13:00+05:30,958.1500244140625,958.1500244140625,955.5,956.2000122070312,464
2025-04-25 12:14:00+05:30,957.5499877929688,958.7999877929688,957.0499877929688,957.0499877929688,495
2025-04-25 12:15:00+05:30,958.4500122070312,958.5,958.4000244140625,958.4000244140625,41
2025-04-25 12:16:00+05:30,958.2999877929688,958.3499755859375,958.2000122070312,958.3499755859375,97
2025-04-25 12:17:00+05:30,959.0,959.0,958.2999877929688,958.2999877929688,80
2025-04-25 12:18:00+05:30,959.4000244140625,959.4000244140625,958.5999755859375,959.0,162
2025-04-25 12:19:00+05:30,958.1500244140625,959.4000244140625,958.0999755859375,959.4000244140625,121
2025-04-25 12:20:00+05:30,957.9000244140625,959.0499877929688,957.9000244140625,959.0,75
2025-04-25 12:21:00+05:30,959.2000122070312,959.2000122070312,958.0,958.0,468
2025-04-25 12:22:00+05:30,959.1500244140625,959.1500244140625,958.2000122070312,958.2000122070312,90
2025-04-25 12:23:00+05:30,959.0,959.0,958.0,958.0,33
2025-04-25 12:24:00+05:30,957.7999877929688,958.7999877929688,957.7999877929688,958.7999877929688,18
2025-04-25 12:25:00+05:30,958.7000122070312,958.7000122070312,958.5499877929688,958.5499877929688,691
2025-04-25 12:26:00+05:30,958.75,958.75,957.9000244140625,958.7000122070312,93
2025-04-25 12:27:00+05:30,961.4000244140625,962.25,960.0,960.0,876
2025-04-25 12:28:00+05:30,961.2000122070312,962.2000122070312,961.2000122070312,961.2999877929688,278
2025-04-25 12:29:00+05:30,961.3499755859375,962.2999877929688,960.4500122070312,960.4500122070312,289
2025-04-25 12:30:00+05:30,961.0999755859375,961.7999877929688,961.0,961.0,115
2025-04-25 12:31:00+05:30,961.5,961.7999877929688,961.0,961.0,60
2025-04-25 12:33:00+05:30,962.2999877929688,962.6500244140625,962.2999877929688,962.2999877929688,20
2025-04-25 12:34:00+05:30,963.75,963.7999877929688,963.0,963.0,96
2025-04-25 12:35:00+05:30,964.4500122070312,964.4500122070312,963.5999755859375,963.7000122070312,374
2025-04-25 12:36:00+05:30,964.3499755859375,965.0,964.3499755859375,964.4500122070312,146
2025-04-25 12:37:00+05:30,965.0,965.0,964.4500122070312,964.4500122070312,368
2025-04-25 12:38:00+05:30,965.0499877929688,965.0499877929688,965.0499877929688,965.0499877929688,6
2025-04-25 12:39:00+05:30,964.25,965.0499877929688,964.25,965.0499877929688,197
2025-04-25 12:40:00+05:30,964.8499755859375,964.8499755859375,964.8499755859375,964.8499755859375,3
2025-04-25 12:41:00+05:30,964.8499755859375,964.8499755859375,964.0,964.0,52
2025-04-25 12:43:00+05:30,963.9000244140625,963.9000244140625,963.9000244140625,963.9000244140625,1
2025-04-25 12:44:00+05:30,963.8499755859375,963.9000244140625,963.75,963.9000244140625,433
2025-04-25 12:45:00+05:30,963.1500244140625,964.6500244140625,963.1500244140625,964.6500244140625,3
2025-04-25 12:46:00+05:30,964.5999755859375,964.5999755859375,964.5999755859375,964.5999755859375,169
2025-04-25 12:47:00+05:30,964.25,964.25,963.7000122070312,963.7000122070312,22
2025-04-25 12:48:00+05:30,965.5,966.0,963.4500122070312,963.4500122070312,734
2025-04-25 12:49:00+05:30,965.0,965.0999755859375,965.0,965.0999755859375,153
2025-04-25 12:50:00+05:30,966.0499877929688,966.0499877929688,965.0,965.0,79
2025-04-25 12:51:00+05:30,966.5999755859375,966.7000122070312,965.2999877929688,965.2999877929688,127
2025-04-25 12:52:00+05:30,966.0,966.0,966.0,966.0,19
2025-04-25 12:53:00+05:30,965.1500244140625,965.75,965.0,965.7000122070312,373
2025-04-25 12:54:00+05:30,965.9500122070312,965.9500122070312,965.0499877929688,965.0499877929688,102
2025-04-25 12:55:00+05:30,965.5,965.9500122070312,965.5,965.5,22
2025-04-25 12:56:00+05:30,965.9500122070312,965.9500122070312,965.5,965.5,245
2025-04-25 12:57:00+05:30,967.1500244140625,968.6500244140625,966.3499755859375,966.3499755859375,935
2025-04-25 12:58:00+05:30,967.1500244140625,967.1500244140625,967.1500244140625,967.1500244140625,36
2025-04-25 12:59:00+05:30,966.7999877929688,967.1500244140625,966.7999877929688,967.1500244140625,29
2025-04-25 13:00:00+05:30,967.5,967.5,967.5,967.5,1
2025-04-25 13:01:00+05:30,967.5,967.5,967.5,967.5,197
2025-04-25 13:03:00+05:30,967.5,968.2000122070312,966.75,966.75,230
2025-04-25 13:04:00+05:30,968.25,968.25,968.25,968.25,10
2025-04-25 13:06:00+05:30,967.9500122070312,967.9500122070312,967.4000244140625,967.4000244140625,157
2025-04-25 13:07:00+05:30,970.3499755859375,970.4500122070312,967.4500122070312,967.4500122070312,892
2025-04-25 13:08:00+05:30,970.0,970.5499877929688,970.0,970.5499877929688,1166
2025-04-25 13:09:00+05:30,970.0,970.0499877929688,970.0,970.0,42
2025-04-25 13:10:00+05:30,970.25,970.25,970.25,970.25,112
2025-04-25 13:11:00+05:30,970.0,970.5,970.0,970.5,133
2025-04-25 13:12:00+05:30,970.8499755859375,970.8499755859375,970.0,970.25,2565
2025-04-25 13:13:00+05:30,972.0,972.0,970.4500122070312,971.2000122070312,646
2025-04-25 13:14:00+05:30,970.7000122070312,970.7000122070312,970.7000122070312,970.7000122070312,0
2025-04-25 13:15:00+05:30,971.4500122070312,971.4500122070312,970.7000122070312,971.1500244140625,123
2025-04-25 13:16:00+05:30,971.7000122070312,971.7000122070312,970.7000122070312,970.7000122070312,158
2025-04-25 13:17:00+05:30,970.75,971.7999877929688,970.75,971.7999877929688,122
2025-04-25 13:18:00+05:30,970.6500244140625,971.75,970.6500244140625,971.75,3
2025-04-25 13:19:00+05:30,971.25,971.25,970.0,970.5,616
2025-04-25 13:20:00+05:30,971.4000244140625,971.6500244140625,970.4000244140625,970.4000244140625,174
2025-04-25 13:21:00+05:30,970.0,970.6500244140625,970.0,970.6500244140625,123
2025-04-25 13:22:00+05:30,972.5,973.7999877929688,970.8499755859375,970.9500122070312,2037
2025-04-25 13:23:00+05:30,971.1500244140625,972.4000244140625,971.1500244140625,972.1500244140625,122
2025-04-25 13:24:00+05:30,971.8499755859375,971.8499755859375,971.8499755859375,971.8499755859375,59
2025-04-25 13:25:00+05:30,970.0999755859375,970.0999755859375,970.0999755859375,970.0999755859375,270
2025-04-25 13:27:00+05:30,970.0,970.2000122070312,970.0,970.2000122070312,88
2025-04-25 13:28:00+05:30,970.0,970.6500244140625,970.0,970.0499877929688,265
2025-04-25 13:29:00+05:30,970.8499755859375,970.8499755859375,970.0,970.0,95
2025-04-25 13:30:00+05:30,971.0,971.0499877929688,970.0,970.0,286
2025-04-25 13:31:00+05:30,970.0499877929688,970.8499755859375,970.0499877929688,970.8499755859375,33
2025-04-25 13:32:00+05:30,970.0999755859375,970.0999755859375,970.0999755859375,970.0999755859375,16
2025-04-25 13:33:00+05:30,970.5999755859375,970.5999755859375,970.1500244140625,970.1500244140625,48
2025-04-25 13:34:00+05:30,971.0,971.0,970.0,970.2000122070312,123
2025-04-25 13:35:00+05:30,971.0,971.0,970.4500122070312,970.4500122070312,60
2025-04-25 13:36:00+05:30,971.9000244140625,972.0,971.2000122070312,971.5,89
2025-04-25 13:37:00+05:30,971.0999755859375,971.0999755859375,971.0999755859375,971.0999755859375,26
2025-04-25 13:38:00+05:30,970.5,971.0,970.5,971.0,11
2025-04-25 13:39:00+05:30,970.4000244140625,971.0,970.4000244140625,971.0,53
2025-04-25 13:40:00+05:30,970.1500244140625,970.9500122070312,970.1500244140625,970.9500122070312,0
2025-04-25 13:41:00+05:30,971.4000244140625,971.4000244140625,971.4000244140625,971.4000244140625,31
2025-04-25 13:42:00+05:30,970.4500122070312,970.4500122070312,970.4500122070312,970.4500122070312,12
2025-04-25 13:43:00+05:30,970.1500244140625,970.1500244140625,970.1500244140625,970.1500244140625,231
2025-04-25 13:44:00+05:30,970.0499877929688,970.6500244140625,970.0,970.0,10
2025-04-25 13:45:00+05:30,970.0499877929688,970.0499877929688,970.0,970.0,29
2025-04-25 13:46:00+05:30,970.0,970.0,970.0,970.0,100
2025-04-25 13:47:00+05:30,970.0,970.0,970.0,970.0,0
2025-04-25 13:48:00+05:30,970.5,970.5,970.0,970.0,159
2025-04-25 13:49:00+05:30,970.5999755859375,970.5999755859375,970.25,970.25,12
2025-04-25 13:50:00+05:30,970.25,970.7999877929688,970.25,970.7999877929688,34
2025-04-25 13:51:00+05:30,971.0999755859375,971.0999755859375,971.0999755859375,971.0999755859375,74
2025-04-25 13:53:00+05:30,971.2000122070312,971.25,969.25,969.25,590
2025-04-25 13:54:00+05:30,970.7000122070312,971.1500244140625,970.7000122070312,971.1500244140625,49
2025-04-25 13:56:00+05:30,971.0999755859375,971.0999755859375,970.7000122070312,970.7000122070312,6
2025-04-25 13:57:00+05:30,971.9500122070312,971.9500122070312,971.4500122070312,971.4500122070312,112
2025-04-25 13:59:00+05:30,971.2000122070312,971.2000122070312,971.2000122070312,971.2000122070312,6
2025-04-25 14:00:00+05:30,971.1500244140625,971.1500244140625,971.1500244140625,971.1500244140625,100
2025-04-25 14:02:00+05:30,970.9000244140625,971.1500244140625,970.9000244140625,971.1500244140625,74
2025-04-25 14:03:00+05:30,970.7000122070312,971.6500244140625,970.7000122070312,971.6500244140625,120
2025-04-25 14:04:00+05:30,972.1500244140625,972.2000122070312,970.7000122070312,970.7000122070312,594
2025-04-25 14:05:00+05:30,971.5499877929688,971.9500122070312,971.5499877929688,971.9500122070312,9
2025-04-25 14:06:00+05:30,970.0,971.1500244140625,970.0,971.1500244140625,204
2025-04-25 14:07:00+05:30,970.2000122070312,970.2000122070312,970.2000122070312,970.2000122070312,14
2025-04-25 14:08:00+05:30,970.0499877929688,970.0499877929688,970.0499877929688,970.0499877929688,8
2025-04-25 14:09:00+05:30,970.0,970.0,970.0,970.0,511
2025-04-25 14:10:00+05:30,971.0,971.5499877929688,970.0,970.6500244140625,682
2025-04-25 14:11:00+05:30,971.5999755859375,971.5999755859375,971.5999755859375,971.5999755859375,0
2025-04-25 14:12:00+05:30,971.0,971.0,971.0,971.0,1156
2025-04-25 14:13:00+05:30,971.1500244140625,971.1500244140625,971.0,971.0499877929688,377
2025-04-25 14:14:00+05:30,971.9500122070312,971.9500122070312,971.0999755859375,971.0999755859375,74
2025-04-25 14:16:00+05:30,973.0999755859375,973.0999755859375,971.5,971.5,107
2025-04-25 14:17:00+05:30,973.7000122070312,973.7999877929688,972.25,972.25,382
2025-04-25 14:18:00+05:30,973.0999755859375,973.75,973.0999755859375,973.75,27
2025-04-25 14:19:00+05:30,972.5,973.2999877929688,972.5,973.0999755859375,87
2025-04-25 14:20:00+05:30,971.0499877929688,972.7999877929688,971.0,972.5,592
2025-04-25 14:21:00+05:30,971.7000122070312,971.7000122070312,971.0,971.0,699
2025-04-25 14:22:00+05:30,973.0,973.0,972.2000122070312,972.2000122070312,213
2025-04-25 14:23:00+05:30,972.0,973.0,972.0,973.0,44
2025-04-25 14:24:00+05:30,972.7000122070312,972.7000122070312,972.6500244140625,972.6500244140625,7
2025-04-25 14:25:00+05:30,972.0,972.0,972.0,972.0,10
2025-04-25 14:26:00+05:30,972.0,972.0,972.0,972.0,214
2025-04-25 14:27:00+05:30,972.0,972.0,972.0,972.0,47
2025-04-25 14:28:00+05:30,972.5,972.5,972.0,972.0,117
2025-04-25 14:29:00+05:30,972.5999755859375,972.5999755859375,972.0,972.0,222
2025-04-25 14:30:00+05:30,972.0,972.5,972.0,972.5,67
2025-04-25 14:32:00+05:30,972.3499755859375,972.3499755859375,972.0,972.0,1174
2025-04-25 14:33:00+05:30,972.0499877929688,972.0499877929688,972.0,972.0,2049
2025-04-25 14:34:00+05:30,972.0,972.0499877929688,972.0,972.0,699
2025-04-25 14:35:00+05:30,972.0,972.0,972.0,972.0,286
2025-04-25 14:36:00+05:30,972.0,972.0499877929688,972.0,972.0,686
2025-04-25 14:37:00+05:30,972.0,972.0499877929688,972.0,972.0,634
2025-04-25 14:38:00+05:30,972.0,972.0499877929688,972.0,972.0499877929688,232
2025-04-25 14:39:00+05:30,972.0499877929688,972.0499877929688,972.0499877929688,972.0499877929688,0
2025-04-25 14:40:00+05:30,972.0,972.0499877929688,972.0,972.0499877929688,270
2025-04-25 14:41:00+05:30,971.25,972.9500122070312,971.25,972.2999877929688,203
2025-04-25 14:42:00+05:30,972.6500244140625,972.6500244140625,972.0999755859375,972.0999755859375,1442
2025-04-25 14:43:00+05:30,972.1500244140625,972.1500244140625,972.1500244140625,972.1500244140625,0
2025-04-25 14:45:00+05:30,972.1500244140625,972.5,972.0499877929688,972.0499877929688,405
2025-04-25 14:46:00+05:30,972.0,972.0499877929688,972.0,972.0,1817
2025-04-25 14:47:00+05:30,972.0,972.0499877929688,972.0,972.0499877929688,921
2025-04-25 14:48:00+05:30,972.0,972.0499877929688,972.0,972.0,365
2025-04-25 14:49:00+05:30,971.5999755859375,972.0499877929688,971.5999755859375,972.0499877929688,396
2025-04-25 14:50:00+05:30,972.0499877929688,972.3499755859375,972.0,972.3499755859375,134
2025-04-25 14:51:00+05:30,972.5499877929688,972.5499877929688,972.5499877929688,972.5499877929688,9
2025-04-25 14:52:00+05:30,972.5999755859375,972.5999755859375,972.0,972.0999755859375,88
2025-04-25 14:53:00+05:30,972.9500122070312,972.9500122070312,972.9500122070312,972.9500122070312,0
2025-04-25 14:54:00+05:30,972.2999877929688,972.2999877929688,971.7999877929688,971.7999877929688,151
2025-04-25 14:55:00+05:30,972.25,972.2999877929688,972.25,972.2999877929688,488
2025-04-25 14:56:00+05:30,972.8499755859375,972.8499755859375,972.25,972.25,0
2025-04-25 14:57:00+05:30,972.25,972.7999877929688,972.25,972.25,85
2025-04-25 14:58:00+05:30,972.75,972.75,972.25,972.75,43
2025-04-25 14:59:00+05:30,972.9000244140625,972.9000244140625,972.25,972.25,119
2025-04-25 15:00:00+05:30,972.5999755859375,972.9500122070312,972.3499755859375,972.9500122070312,60
2025-04-25 15:01:00+05:30,972.0,972.7999877929688,971.75,972.3499755859375,540
2025-04-25 15:02:00+05:30,972.0,972.4500122070312,972.0,972.0,3447
2025-04-25 15:03:00+05:30,972.0,972.5499877929688,971.0,972.0,1362
2025-04-25 15:04:00+05:30,972.0,972.2999877929688,972.0,972.2999877929688,231
2025-04-25 15:05:00+05:30,972.0,972.0499877929688,972.0,972.0499877929688,120
2025-04-25 15:06:00+05:30,972.2000122070312,972.25,972.0,972.25,172
2025-04-25 15:07:00+05:30,972.0,972.25,972.0,972.25,62
2025-04-25 15:08:00+05:30,972.0,972.0499877929688,972.0,972.0,214
2025-04-25 15:09:00+05:30,972.0,972.0499877929688,972.0,972.0499877929688,248
2025-04-25 15:10:00+05:30,972.0,972.0999755859375,972.0,972.0499877929688,167
2025-04-25 15:11:00+05:30,972.0499877929688,972.0499877929688,972.0,972.0499877929688,610
2025-04-25 15:12:00+05:30,972.2000122070312,972.3499755859375,972.0999755859375,972.0999755859375,101
2025-04-25 15:13:00+05:30,972.0,972.0999755859375,972.0,972.0999755859375,247
2025-04-25 15:14:00+05:30,972.0,972.0499877929688,972.0,972.0,429
2025-04-25 15:15:00+05:30,972.0,972.25,972.0,972.0,2089
2025-04-25 15:16:00+05:30,972.0499877929688,972.0499877929688,972.0,972.0,697
2025-04-25 15:17:00+05:30,972.0,972.25,972.0,972.0,280
2025-04-25 15:18:00+05:30,972.0,972.4000244140625,972.0,972.0,3421
2025-04-25 15:19:00+05:30,972.0499877929688,972.2000122070312,972.0,972.0,809
2025-04-25 15:20:00+05:30,972.0,972.5,972.0,972.0499877929688,1720
2025-04-25 15:21:00+05:30,972.1500244140625,972.8499755859375,972.0,972.2000122070312,971
2025-04-25 15:22:00+05:30,970.4000244140625,972.25,970.4000244140625,972.1500244140625,5196
2025-04-25 15:23:00+05:30,972.0,972.0499877929688,972.0,972.0,499
2025-04-25 15:24:00+05:30,972.0499877929688,972.4000244140625,971.0,971.0,730
2025-04-25 15:25:00+05:30,972.0499877929688,972.0499877929688,972.0,972.0499877929688,266
2025-04-25 15:26:00+05:30,972.0,972.0499877929688,972.0,972.0499877929688,618
2025-04-25 15:27:00+05:30,972.0,972.0499877929688,972.0,972.0499877929688,1021
2025-04-25 15:28:00+05:30,972.0499877929688,972.0499877929688,972.0,972.0,315
2025-04-25 15:29:00+05:30,972.0499877929688,972.0499877929688,972.0,972.0499877929688,1476
2025-04-28 09:15:00+05:30,975.5499877929688,978.0,975.5499877929688,976.0,0
2025-04-28 09:16:00+05:30,971.0999755859375,975.6500244140625,970.3499755859375,974.7999877929688,2496
2025-04-28 09:17:00+05:30,970.4500122070312,971.4500122070312,969.7000122070312,969.7000122070312,194
2025-04-28 09:18:00+05:30,975.2000122070312,975.2000122070312,972.2000122070312,972.2000122070312,311
2025-04-28 09:19:00+05:30,974.25,975.0999755859375,972.2999877929688,974.5999755859375,710
2025-04-28 09:20:00+05:30,970.25,972.2000122070312,970.25,971.2999877929688,432
2025-04-28 09:21:00+05:30,965.4500122070312,971.1500244140625,965.4500122070312,971.1500244140625,301
2025-04-28 09:22:00+05:30,966.5499877929688,966.5499877929688,962.0499877929688,965.5,533
2025-04-28 09:23:00+05:30,967.6500244140625,969.2999877929688,967.6500244140625,968.5999755859375,1078
2025-04-28 09:24:00+05:30,968.4500122070312,971.1500244140625,968.0,969.0,742
2025-04-28 09:25:00+05:30,965.5,967.9500122070312,964.7999877929688,967.9500122070312,833
2025-04-28 09:26:00+05:30,963.9500122070312,967.4500122070312,963.9500122070312,965.5499877929688,1656
2025-04-28 09:27:00+05:30,969.75,969.75,964.6500244140625,964.6500244140625,513
2025-04-28 09:28:00+05:30,974.2999877929688,974.2999877929688,971.5,971.5,57
2025-04-28 09:29:00+05:30,975.5999755859375,976.5499877929688,973.3499755859375,974.8499755859375,547
2025-04-28 09:30:00+05:30,978.2000122070312,978.4500122070312,976.0,977.0999755859375,1370
2025-04-28 09:31:00+05:30,978.0,978.1500244140625,977.2000122070312,978.1500244140625,46
2025-04-28 09:32:00+05:30,977.8499755859375,978.2000122070312,977.1500244140625,977.1500244140625,293
2025-04-28 09:33:00+05:30,977.0499877929688,978.2000122070312,977.0499877929688,978.2000122070312,156
2025-04-28 09:34:00+05:30,978.0,979.4000244140625,976.0999755859375,976.9500122070312,626
2025-04-28 09:35:00+05:30,977.2999877929688,977.9000244140625,976.3499755859375,977.7000122070312,64
2025-04-28 09:36:00+05:30,976.5999755859375,977.3499755859375,975.2000122070312,976.0,365
2025-04-28 09:37:00+05:30,974.7000122070312,975.75,974.7000122070312,975.5999755859375,96
2025-04-28 09:38:00+05:30,975.1500244140625,976.0499877929688,974.5499877929688,974.5499877929688,169
2025-04-28 09:39:00+05:30,975.0,975.5499877929688,974.7000122070312,974.75,170
2025-04-28 09:40:00+05:30,972.7000122070312,975.0,971.5499877929688,975.0,268
2025-04-28 09:41:00+05:30,972.4500122070312,972.7999877929688,972.4500122070312,972.7999877929688,2
2025-04-28 09:42:00+05:30,972.4500122070312,972.5,972.0499877929688,972.5,506
2025-04-28 09:43:00+05:30,970.2000122070312,971.5,970.2000122070312,971.5,66
2025-04-28 09:44:00+05:30,970.75,971.0,970.2000122070312,970.2000122070312,22
2025-04-28 09:45:00+05:30,971.4500122070312,971.6500244140625,968.2999877929688,970.7999877929688,1611
2025-04-28 09:46:00+05:30,971.2000122070312,971.2000122070312,971.2000122070312,971.2000122070312,25
2025-04-28 09:47:00+05:30,969.5999755859375,970.7000122070312,969.5999755859375,970.0999755859375,108
2025-04-28 09:48:00+05:30,971.2999877929688,971.2999877929688,970.0,970.0,115
2025-04-28 09:49:00+05:30,971.7000122070312,972.2000122070312,971.2999877929688,971.2999877929688,184
2025-04-28 09:50:00+05:30,970.0,972.0,970.0,972.0,62
2025-04-28 09:51:00+05:30,969.9500122070312,971.0,969.9500122070312,971.0,0
2025-04-28 09:52:00+05:30,971.2999877929688,971.2999877929688,971.2999877929688,971.2999877929688,1
2025-04-28 09:54:00+05:30,970.9500122070312,970.9500122070312,970.9500122070312,970.9500122070312,159
2025-04-28 09:55:00+05:30,969.9500122070312,970.9500122070312,969.9500122070312,970.9500122070312,0
2025-04-28 09:56:00+05:30,968.2000122070312,969.9500122070312,968.2000122070312,969.9500122070312,56
2025-04-28 09:57:00+05:30,968.2000122070312,968.2000122070312,966.75,967.6500244140625,183
2025-04-28 09:58:00+05:30,968.0999755859375,968.8499755859375,967.6500244140625,967.6500244140625,47
2025-04-28 09:59:00+05:30,967.4000244140625,967.4500122070312,967.2000122070312,967.2000122070312,164
2025-04-28 10:00:00+05:30,967.7999877929688,967.9500122070312,966.7000122070312,966.7999877929688,185
2025-04-28 10:01:00+05:30,968.9000244140625,968.9500122070312,967.0,967.0,103
2025-04-28 10:02:00+05:30,969.4000244140625,970.4000244140625,968.8499755859375,968.8499755859375,1851
2025-04-28 10:03:00+05:30,969.5,969.5,969.2999877929688,969.5,132
2025-04-28 10:04:00+05:30,969.2999877929688,969.3499755859375,968.3499755859375,968.5999755859375,456
2025-04-28 10:05:00+05:30,972.0,972.0,969.4500122070312,969.4500122070312,805
2025-04-28 10:06:00+05:30,971.75,971.75,970.75,970.75,17
2025-04-28 10:07:00+05:30,971.5499877929688,971.5499877929688,970.5999755859375,970.5999755859375,18
2025-04-28 10:09:00+05:30,973.7999877929688,973.7999877929688,970.2000122070312,971.5,482
2025-04-28 10:10:00+05:30,974.25,974.25,973.8499755859375,973.8499755859375,137
2025-04-28 10:11:00+05:30,973.0999755859375,974.2999877929688,973.0499877929688,974.25,28
2025-04-28 10:12:00+05:30,973.6500244140625,973.6500244140625,972.9000244140625,973.0,98
2025-04-28 10:13:00+05:30,973.8499755859375,973.8499755859375,973.7999877929688,973.8499755859375,663
2025-04-28 10:14:00+05:30,973.25,973.25,973.25,973.25,0
2025-04-28 10:15:00+05:30,972.9000244140625,972.9000244140625,972.9000244140625,972.9000244140625,3
2025-04-28 10:16:00+05:30,973.7999877929688,973.7999877929688,972.9000244140625,972.9000244140625,13
2025-04-28 10:17:00+05:30,972.5999755859375,973.75,972.5999755859375,973.75,46
2025-04-28 10:18:00+05:30,970.5999755859375,971.7999877929688,970.5999755859375,971.7999877929688,90
2025-04-28 10:19:00+05:30,971.7999877929688,971.7999877929688,970.4000244140625,971.3499755859375,87
2025-04-28 10:20:00+05:30,971.3499755859375,972.0,971.0,971.0,73
2025-04-28 10:21:00+05:30,970.4500122070312,971.3499755859375,970.2999877929688,970.2999877929688,27
2025-04-28 10:22:00+05:30,971.8499755859375,973.0999755859375,970.1500244140625,970.1500244140625,247
2025-04-28 10:23:00+05:30,972.25,972.25,971.75,971.75,8
2025-04-28 10:24:00+05:30,971.0999755859375,971.2000122070312,971.0999755859375,971.2000122070312,11
2025-04-28 10:25:00+05:30,971.2000122070312,971.2000122070312,970.5999755859375,970.5999755859375,5
2025-04-28 10:26:00+05:30,969.25,970.2000122070312,969.25,969.75,95
2025-04-28 10:27:00+05:30,970.75,970.75,970.75,970.75,73
2025-04-28 10:28:00+05:30,970.5,970.5,970.5,970.5,0
2025-04-28 10:29:00+05:30,969.0499877929688,969.0499877929688,969.0499877929688,969.0499877929688,43
2025-04-28 10:30:00+05:30,969.3499755859375,969.3499755859375,969.3499755859375,969.3499755859375,1
2025-04-28 10:31:00+05:30,970.7999877929688,970.7999877929688,968.9000244140625,968.9000244140625,67
2025-04-28 10:32:00+05:30,970.7999877929688,970.7999877929688,970.2000122070312,970.2000122070312,112
2025-04-28 10:33:00+05:30,970.5499877929688,970.75,969.9000244140625,970.0999755859375,9
2025-04-28 10:34:00+05:30,970.0,970.5499877929688,970.0,970.5499877929688,40
2025-04-28 10:35:00+05:30,971.7000122070312,971.9500122070312,970.7999877929688,970.7999877929688,1130
2025-04-28 10:36:00+05:30,970.3499755859375,971.2999877929688,970.2999877929688,971.25,15
2025-04-28 10:37:00+05:30,970.4000244140625,970.4000244140625,970.4000244140625,970.4000244140625,9
2025-04-28 10:38:00+05:30,971.0,971.0,970.4000244140625,970.4000244140625,92
2025-04-28 10:39:00+05:30,972.0999755859375,972.0999755859375,970.4000244140625,971.0,30
2025-04-28 10:40:00+05:30,972.2000122070312,972.2000122070312,972.2000122070312,972.2000122070312,7
2025-04-28 10:41:00+05:30,972.2999877929688,972.3499755859375,972.2000122070312,972.2000122070312,128
2025-04-28 10:42:00+05:30,973.25,973.25,972.4000244140625,972.4000244140625,60
2025-04-28 10:43:00+05:30,973.4500122070312,973.4500122070312,972.5999755859375,972.5999755859375,40
2025-04-28 10:44:00+05:30,972.7999877929688,973.3499755859375,972.7999877929688,973.3499755859375,4
2025-04-28 10:45:00+05:30,972.6500244140625,972.6500244140625,971.75,971.75,7
2025-04-28 10:46:00+05:30,972.5,972.5,971.3499755859375,971.3499755859375,20
2025-04-28 10:47:00+05:30,972.4000244140625,972.5,972.4000244140625,972.5,21
2025-04-28 10:48:00+05:30,972.5,972.5,971.3499755859375,972.4000244140625,167
2025-04-28 10:49:00+05:30,972.9000244140625,972.9000244140625,972.5,972.5,117
2025-04-28 10:50:00+05:30,978.4000244140625,978.5,972.9000244140625,972.9000244140625,1498
2025-04-28 10:51:00+05:30,978.4000244140625,978.4000244140625,978.4000244140625,978.4000244140625,55
2025-04-28 10:52:00+05:30,976.6500244140625,977.5499877929688,976.6500244140625,977.5499877929688,22
2025-04-28 10:53:00+05:30,977.7999877929688,978.0,977.7999877929688,978.0,95
2025-04-28 10:54:00+05:30,978.0,978.0,977.1500244140625,977.1500244140625,22
2025-04-28 10:55:00+05:30,978.0,978.0,977.1500244140625,977.1500244140625,18
2025-04-28 10:56:00+05:30,978.2999877929688,979.7000122070312,978.2999877929688,979.7000122070312,252
2025-04-28 10:57:00+05:30,979.2000122070312,979.2000122070312,979.2000122070312,979.2000122070312,42
2025-04-28 10:58:00+05:30,979.2000122070312,979.4000244140625,979.2000122070312,979.4000244140625,124
2025-04-28 10:59:00+05:30,979.7000122070312,979.9500122070312,978.0499877929688,978.0499877929688,1078
2025-04-28 11:00:00+05:30,979.5499877929688,980.3499755859375,979.0999755859375,980.3499755859375,133
2025-04-28 11:01:00+05:30,978.75,979.9500122070312,978.5499877929688,979.5999755859375,143
2025-04-28 11:02:00+05:30,978.8499755859375,979.5499877929688,978.8499755859375,979.5499877929688,123
2025-04-28 11:03:00+05:30,978.5,978.6500244140625,978.5,978.6500244140625,3
2025-04-28 11:04:00+05:30,977.5499877929688,977.5499877929688,977.5499877929688,977.5499877929688,3
2025-04-28 11:05:00+05:30,978.2999877929688,978.2999877929688,978.2999877929688,978.2999877929688,17
2025-04-28 11:06:00+05:30,976.5,977.2000122070312,976.5,977.2000122070312,155
2025-04-28 11:07:00+05:30,976.2000122070312,977.0,976.1500244140625,976.5999755859375,117
2025-04-28 11:08:00+05:30,979.0999755859375,979.0999755859375,977.25,977.25,233
2025-04-28 11:09:00+05:30,978.1500244140625,978.1500244140625,978.1500244140625,978.1500244140625,1
2025-04-28 11:10:00+05:30,979.7999877929688,979.7999877929688,978.8499755859375,978.8499755859375,214
2025-04-28 11:11:00+05:30,977.8499755859375,978.4500122070312,977.8499755859375,978.4500122070312,94
2025-04-28 11:13:00+05:30,978.25,978.25,977.5,977.5,185
2025-04-28 11:14:00+05:30,976.2000122070312,977.5,975.7000122070312,977.5,218
2025-04-28 11:15:00+05:30,976.5499877929688,976.5499877929688,976.2000122070312,976.2000122070312,11
2025-04-28 11:16:00+05:30,973.4500122070312,975.0999755859375,973.4500122070312,975.0999755859375,1222
2025-04-28 11:17:00+05:30,973.8499755859375,973.8499755859375,973.5,973.5,39
2025-04-28 11:18:00+05:30,975.0,975.0,973.8499755859375,973.8499755859375,151
2025-04-28 11:19:00+05:30,974.25,974.25,973.6500244140625,973.6500244140625,0
2025-04-28 11:20:00+05:30,974.0,975.5,974.0,974.25,795
2025-04-28 11:21:00+05:30,975.7999877929688,975.7999877929688,974.3499755859375,974.3499755859375,2
2025-04-28 11:23:00+05:30,975.0999755859375,975.0999755859375,975.0999755859375,975.0999755859375,25
2025-04-28 11:24:00+05:30,975.8499755859375,975.8499755859375,975.0999755859375,975.0999755859375,71
2025-04-28 11:25:00+05:30,975.7999877929688,975.7999877929688,975.7999877929688,975.7999877929688,4
2025-04-28 11:26:00+05:30,975.0499877929688,975.0499877929688,975.0499877929688,975.0499877929688,0
2025-04-28 11:27:00+05:30,976.0499877929688,976.0499877929688,976.0499877929688,976.0499877929688,2
2025-04-28 11:28:00+05:30,976.25,976.25,976.25,976.25,33
2025-04-28 11:29:00+05:30,974.8499755859375,975.0,974.1500244140625,975.0,7
2025-04-28 11:30:00+05:30,975.0,975.0,974.25,975.0,21
2025-04-28 11:31:00+05:30,975.0,975.0,974.25,974.25,24
2025-04-28 11:33:00+05:30,975.5999755859375,975.5999755859375,975.5999755859375,975.5999755859375,51
2025-04-28 11:34:00+05:30,975.5499877929688,975.5499877929688,975.5499877929688,975.5499877929688,17
2025-04-28 11:35:00+05:30,975.0,975.0,974.4500122070312,974.4500122070312,48
2025-04-28 11:36:00+05:30,976.0499877929688,976.0499877929688,975.8499755859375,975.8499755859375,23
2025-04-28 11:38:00+05:30,975.0,975.7999877929688,975.0,975.7999877929688,963
2025-04-28 11:39:00+05:30,974.0499877929688,975.0,974.0499877929688,975.0,0
2025-04-28 11:41:00+05:30,975.0,975.0,975.0,975.0,13
2025-04-28 11:42:00+05:30,975.2000122070312,975.2000122070312,975.2000122070312,975.2000122070312,91
2025-04-28 11:43:00+05:30,974.8499755859375,974.8499755859375,974.8499755859375,974.8499755859375,10
2025-04-28 11:45:00+05:30,974.75,974.75,974.75,974.75,2
2025-04-28 11:47:00+05:30,974.6500244140625,974.6500244140625,974.5,974.5,59
2025-04-28 11:49:00+05:30,974.5,974.5,974.5,974.5,45
2025-04-28 11:50:00+05:30,974.5,974.5,974.5,974.5,0
2025-04-28 11:51:00+05:30,973.2999877929688,974.6500244140625,973.2999877929688,973.7000122070312,113
2025-04-28 11:52:00+05:30,973.0499877929688,973.75,973.0499877929688,973.1500244140625,13
2025-04-28 11:53:00+05:30,973.3499755859375,973.3499755859375,972.2000122070312,972.2000122070312,116
2025-04-28 11:54:00+05:30,973.1500244140625,973.1500244140625,973.1500244140625,973.1500244140625,8
2025-04-28 11:56:00+05:30,974.0,974.0,973.75,973.75,213
2025-04-28 11:57:00+05:30,973.1500244140625,973.1500244140625,973.1500244140625,973.1500244140625,20
2025-04-28 11:58:00+05:30,973.7999877929688,974.0,973.2999877929688,974.0,5
2025-04-28 12:01:00+05:30,973.7999877929688,973.7999877929688,973.7999877929688,973.7999877929688,25
2025-04-28 12:02:00+05:30,973.2999877929688,973.2999877929688,973.2999877929688,973.2999877929688,0
2025-04-28 12:03:00+05:30,974.2000122070312,974.2000122070312,974.2000122070312,974.2000122070312,72
2025-04-28 12:04:00+05:30,974.2000122070312,974.2000122070312,974.2000122070312,974.2000122070312,26
2025-04-28 12:05:00+05:30,974.5,974.5,974.5,974.5,63
2025-04-28 12:06:00+05:30,974.5,974.5,974.5,974.5,19
2025-04-28 12:09:00+05:30,973.25,973.2999877929688,972.7999877929688,973.2999877929688,284
2025-04-28 12:10:00+05:30,972.2999877929688,972.2999877929688,972.2999877929688,972.2999877929688,4
2025-04-28 12:11:00+05:30,973.0499877929688,973.0499877929688,973.0499877929688,973.0499877929688,1
2025-04-28 12:13:00+05:30,972.25,972.25,972.2000122070312,972.2000122070312,43
2025-04-28 12:14:00+05:30,972.8499755859375,972.8499755859375,972.8499755859375,972.8499755859375,8
2025-04-28 12:15:00+05:30,972.5999755859375,972.8499755859375,972.2000122070312,972.2000122070312,48
2025-04-28 12:16:00+05:30,972.9500122070312,972.9500122070312,972.9500122070312,972.9500122070312,0
2025-04-28 12:17:00+05:30,972.4000244140625,973.4000244140625,972.4000244140625,973.4000244140625,42
2025-04-28 12:19:00+05:30,973.2999877929688,973.2999877929688,972.4000244140625,972.4000244140625,16
2025-04-28 12:20:00+05:30,973.2000122070312,973.2000122070312,973.2000122070312,973.2000122070312,8
2025-04-28 12:21:00+05:30,973.25,973.25,972.3499755859375,973.25,2
2025-04-28 12:22:00+05:30,973.25,973.25,973.25,973.25,1
2025-04-28 12:23:00+05:30,972.4000244140625,972.4000244140625,972.4000244140625,972.4000244140625,11
2025-04-28 12:24:00+05:30,972.4000244140625,972.9500122070312,972.4000244140625,972.9500122070312,104
2025-04-28 12:25:00+05:30,972.4000244140625,972.4000244140625,972.4000244140625,972.4000244140625,7
2025-04-28 12:26:00+05:30,973.3499755859375,973.3499755859375,973.3499755859375,973.3499755859375,50
2025-04-28 12:27:00+05:30,973.2999877929688,973.2999877929688,973.2999877929688,973.2999877929688,0
2025-04-28 12:28:00+05:30,973.2999877929688,973.2999877929688,972.5,972.5499877929688,18
2025-04-28 12:29:00+05:30,972.7999877929688,972.7999877929688,972.7999877929688,972.7999877929688,2
2025-04-28 12:30:00+05:30,972.4500122070312,972.4500122070312,972.4500122070312,972.4500122070312,4
2025-04-28 12:31:00+05:30,972.9500122070312,973.2000122070312,971.75,972.4000244140625,268
2025-04-28 12:32:00+05:30,973.0999755859375,973.0999755859375,973.0999755859375,973.0999755859375,17
2025-04-28 12:33:00+05:30,973.0,973.0,973.0,973.0,1
2025-04-28 12:34:00+05:30,972.25,972.25,972.25,972.25,7
2025-04-28 12:35:00+05:30,973.2999877929688,973.2999877929688,973.0,973.0,68
2025-04-28 12:36:00+05:30,972.0,972.0,972.0,972.0,43
2025-04-28 12:37:00+05:30,972.25,972.25,972.25,972.25,4
2025-04-28 12:38:00+05:30,972.0,973.0,972.0,973.0,107
2025-04-28 12:39:00+05:30,970.6500244140625,972.7999877929688,970.6500244140625,972.0,428
2025-04-28 12:40:00+05:30,972.2000122070312,972.2000122070312,971.9000244140625,971.9000244140625,41
2025-04-28 12:41:00+05:30,972.9000244140625,973.4000244140625,972.9000244140625,973.2999877929688,124
2025-04-28 12:42:00+05:30,972.7000122070312,972.8499755859375,971.7000122070312,972.8499755859375,34
2025-04-28 12:43:00+05:30,972.8499755859375,972.8499755859375,972.7999877929688,972.7999877929688,12
2025-04-28 12:44:00+05:30,972.7000122070312,972.9000244140625,971.75,972.7000122070312,43
2025-04-28 12:45:00+05:30,971.4500122070312,971.4500122070312,971.4500122070312,971.4500122070312,79
2025-04-28 12:46:00+05:30,972.5,972.8499755859375,971.5499877929688,972.8499755859375,44
2025-04-28 12:48:00+05:30,972.75,972.75,972.75,972.75,1
2025-04-28 12:50:00+05:30,973.25,973.25,973.2000122070312,973.2000122070312,13
2025-04-28 12:51:00+05:30,974.4500122070312,974.4500122070312,973.4000244140625,973.4000244140625,122
2025-04-28 12:53:00+05:30,974.1500244140625,974.4000244140625,973.5,974.4000244140625,528
2025-04-28 12:55:00+05:30,971.4500122070312,972.4000244140625,971.2000122070312,972.2999877929688,423
2025-04-28 12:56:00+05:30,972.3499755859375,972.4500122070312,971.1500244140625,971.1500244140625,350
2025-04-28 12:59:00+05:30,971.75,971.75,971.0999755859375,971.0999755859375,16
2025-04-28 13:00:00+05:30,971.25,971.4500122070312,970.2000122070312,971.4500122070312,66
2025-04-28 13:01:00+05:30,972.4000244140625,972.4000244140625,971.2999877929688,971.5,72
2025-04-28 13:02:00+05:30,972.0,972.0,971.5999755859375,971.5999755859375,5
2025-04-28 13:03:00+05:30,972.0,972.4000244140625,971.5,971.5,120
2025-04-28 13:04:00+05:30,971.5,972.0,971.3499755859375,972.0,1261
2025-04-28 13:05:00+05:30,971.3499755859375,971.3499755859375,971.0,971.0,12
2025-04-28 13:07:00+05:30,971.8499755859375,971.8499755859375,971.7999877929688,971.7999877929688,235
2025-04-28 13:08:00+05:30,971.7000122070312,971.7000122070312,971.7000122070312,971.7000122070312,6
2025-04-28 13:09:00+05:30,971.0,971.7999877929688,971.0,971.7999877929688,11
2025-04-28 13:10:00+05:30,970.6500244140625,970.6500244140625,970.6500244140625,970.6500244140625,7
2025-04-28 13:11:00+05:30,970.5499877929688,970.5499877929688,970.5,970.5,77
2025-04-28 13:12:00+05:30,971.3499755859375,971.3499755859375,970.9500122070312,971.1500244140625,31
2025-04-28 13:13:00+05:30,972.4000244140625,972.4000244140625,972.4000244140625,972.4000244140625,62
2025-04-28 13:14:00+05:30,972.2999877929688,972.2999877929688,972.2999877929688,972.2999877929688,6
2025-04-28 13:15:00+05:30,972.9500122070312,972.9500122070312,971.5499877929688,971.5499877929688,80
2025-04-28 13:16:00+05:30,972.7999877929688,972.7999877929688,972.0,972.0,15
2025-04-28 13:17:00+05:30,972.7999877929688,972.7999877929688,972.7999877929688,972.7999877929688,12
2025-04-28 13:19:00+05:30,971.7000122070312,971.7999877929688,970.75,971.4500122070312,11
2025-04-28 13:21:00+05:30,971.4000244140625,971.4000244140625,971.4000244140625,971.4000244140625,0
2025-04-28 13:23:00+05:30,971.3499755859375,971.3499755859375,971.3499755859375,971.3499755859375,2
2025-04-28 13:26:00+05:30,970.5,971.25,970.5,971.25,24
2025-04-28 13:27:00+05:30,970.5,970.5,970.5,970.5,150
2025-04-28 13:28:00+05:30,971.9500122070312,971.9500122070312,971.2000122070312,971.2000122070312,76
2025-04-28 13:30:00+05:30,971.2999877929688,971.9500122070312,971.2999877929688,971.9500122070312,7
2025-04-28 13:31:00+05:30,971.1500244140625,972.1500244140625,971.1500244140625,972.1500244140625,35
2025-04-28 13:32:00+05:30,972.2999877929688,972.2999877929688,972.2999877929688,972.2999877929688,2
2025-04-28 13:33:00+05:30,972.3499755859375,972.3499755859375,972.3499755859375,972.3499755859375,84
2025-04-28 13:34:00+05:30,971.6500244140625,971.6500244140625,971.6500244140625,971.6500244140625,0
2025-04-28 13:36:00+05:30,972.4000244140625,972.4500122070312,971.6500244140625,971.6500244140625,10
2025-04-28 13:37:00+05:30,972.3499755859375,972.3499755859375,972.3499755859375,972.3499755859375,0
2025-04-28 13:38:00+05:30,971.6500244140625,971.6500244140625,971.0,971.0,48
2025-04-28 13:39:00+05:30,970.9500122070312,970.9500122070312,970.9500122070312,970.9500122070312,0
2025-04-28 13:40:00+05:30,972.9000244140625,972.9000244140625,970.9500122070312,970.9500122070312,314
2025-04-28 13:41:00+05:30,971.4000244140625,972.2000122070312,971.4000244140625,971.4500122070312,26
2025-04-28 13:42:00+05:30,972.9000244140625,972.9000244140625,971.4500122070312,971.4500122070312,59
2025-04-28 13:43:00+05:30,971.6500244140625,971.75,971.6500244140625,971.75,21
2025-04-28 13:45:00+05:30,973.0,973.0,971.6500244140625,971.6500244140625,1027
2025-04-28 13:46:00+05:30,974.3499755859375,974.4000244140625,973.0,973.0,69
2025-04-28 13:47:00+05:30,974.3499755859375,974.4000244140625,974.3499755859375,974.4000244140625,52
2025-04-28 13:48:00+05:30,974.3499755859375,974.4000244140625,974.3499755859375,974.4000244140625,52
2025-04-28 13:49:00+05:30,974.4000244140625,974.4500122070312,973.3499755859375,973.3499755859375,235
2025-04-28 13:50:00+05:30,973.6500244140625,974.4000244140625,973.0,974.4000244140625,0
2025-04-28 13:52:00+05:30,973.2000122070312,973.3499755859375,973.2000122070312,973.3499755859375,30
2025-04-28 13:53:00+05:30,972.2000122070312,972.2000122070312,972.2000122070312,972.2000122070312,17
2025-04-28 13:54:00+05:30,973.1500244140625,973.1500244140625,972.0499877929688,973.1500244140625,96
2025-04-28 13:55:00+05:30,972.7999877929688,972.7999877929688,972.0499877929688,972.0499877929688,58
2025-04-28 13:56:00+05:30,972.2000122070312,972.2000122070312,971.7000122070312,971.7000122070312,7
2025-04-28 13:57:00+05:30,972.0499877929688,972.1500244140625,972.0,972.1500244140625,17
2025-04-28 13:58:00+05:30,971.75,971.7999877929688,971.1500244140625,971.1500244140625,27
2025-04-28 13:59:00+05:30,973.0,973.0,971.8499755859375,971.8499755859375,37
2025-04-28 14:02:00+05:30,974.0999755859375,974.0999755859375,974.0999755859375,974.0999755859375,25
2025-04-28 14:03:00+05:30,973.2000122070312,974.2000122070312,973.2000122070312,974.2000122070312,28
2025-04-28 14:05:00+05:30,973.2000122070312,973.2000122070312,973.2000122070312,973.2000122070312,13
2025-04-28 14:06:00+05:30,974.0499877929688,974.0499877929688,974.0499877929688,974.0499877929688,2
2025-04-28 14:07:00+05:30,973.0499877929688,973.0499877929688,973.0499877929688,973.0499877929688,6
2025-04-28 14:08:00+05:30,973.4500122070312,973.4500122070312,972.7000122070312,972.7000122070312,38
2025-04-28 14:09:00+05:30,973.4000244140625,973.4000244140625,972.5499877929688,973.4000244140625,33
2025-04-28 14:10:00+05:30,973.4500122070312,973.4500122070312,972.5499877929688,972.5499877929688,43
2025-04-28 14:11:00+05:30,973.5499877929688,973.5499877929688,973.5499877929688,973.5499877929688,32
2025-04-28 14:12:00+05:30,971.4500122070312,973.4500122070312,970.4500122070312,972.7000122070312,468
2025-04-28 14:13:00+05:30,970.0999755859375,971.3499755859375,970.0999755859375,971.3499755859375,10
2025-04-28 14:14:00+05:30,971.4500122070312,971.4500122070312,970.2000122070312,970.2000122070312,78
2025-04-28 14:15:00+05:30,971.2000122070312,971.2000122070312,971.2000122070312,971.2000122070312,0
2025-04-28 14:16:00+05:30,971.0,971.2000122070312,971.0,971.2000122070312,61
2025-04-28 14:17:00+05:30,972.5,973.4500122070312,970.5999755859375,970.5999755859375,936
2025-04-28 14:19:00+05:30,972.4000244140625,972.5499877929688,971.2999877929688,971.2999877929688,91
2025-04-28 14:20:00+05:30,971.0499877929688,972.3499755859375,971.0499877929688,971.0999755859375,223
2025-04-28 14:21:00+05:30,972.1500244140625,972.1500244140625,972.0499877929688,972.0499877929688,1
2025-04-28 14:23:00+05:30,971.75,971.75,970.75,970.7999877929688,17
2025-04-28 14:24:00+05:30,971.6500244140625,971.75,971.6500244140625,971.75,10
2025-04-28 14:25:00+05:30,971.7000122070312,971.7000122070312,971.5999755859375,971.7000122070312,66
2025-04-28 14:26:00+05:30,971.4500122070312,971.7000122070312,970.5,971.7000122070312,68
2025-04-28 14:27:00+05:30,970.5,970.5,970.5,970.5,14
2025-04-28 14:28:00+05:30,971.0499877929688,971.0499877929688,970.5,970.5,26
2025-04-28 14:29:00+05:30,970.5,970.5,970.5,970.5,79
2025-04-28 14:30:00+05:30,970.7000122070312,970.7000122070312,970.5999755859375,970.5999755859375,15
2025-04-28 14:32:00+05:30,971.2000122070312,971.2000122070312,970.7999877929688,970.7999877929688,70
2025-04-28 14:33:00+05:30,972.0,972.0,972.0,972.0,131
2025-04-28 14:34:00+05:30,970.8499755859375,971.7000122070312,970.25,971.1500244140625,11
2025-04-28 14:35:00+05:30,970.7000122070312,970.7000122070312,970.0,970.0999755859375,15
2025-04-28 14:36:00+05:30,970.6500244140625,970.6500244140625,970.0,970.0499877929688,116
2025-04-28 14:38:00+05:30,970.5499877929688,970.5999755859375,969.8499755859375,970.5999755859375,45
2025-04-28 14:39:00+05:30,970.4000244140625,970.4000244140625,969.8499755859375,969.8499755859375,36
2025-04-28 14:40:00+05:30,969.2999877929688,970.3499755859375,968.0499877929688,970.3499755859375,288
2025-04-28 14:41:00+05:30,968.8499755859375,969.25,968.0499877929688,969.25,32
2025-04-28 14:42:00+05:30,970.1500244140625,970.2000122070312,969.5,969.5,26
2025-04-28 14:44:00+05:30,969.0,969.0,969.0,969.0,7
2025-04-28 14:45:00+05:30,969.3499755859375,969.4000244140625,969.3499755859375,969.3499755859375,4
2025-04-28 14:46:00+05:30,968.4000244140625,969.2999877929688,967.9500122070312,967.9500122070312,302
2025-04-28 14:47:00+05:30,968.25,968.8499755859375,967.5999755859375,968.2000122070312,111
2025-04-28 14:48:00+05:30,969.1500244140625,969.1500244140625,969.1500244140625,969.1500244140625,15
2025-04-28 14:49:00+05:30,968.6500244140625,969.3499755859375,968.6500244140625,969.1500244140625,133
2025-04-28 14:50:00+05:30,968.3499755859375,969.0499877929688,968.2999877929688,968.2999877929688,10
2025-04-28 14:51:00+05:30,970.0999755859375,970.0999755859375,968.2000122070312,968.2000122070312,234
2025-04-28 14:52:00+05:30,970.3499755859375,970.3499755859375,969.4000244140625,969.4000244140625,5
2025-04-28 14:54:00+05:30,969.5999755859375,970.5,969.4500122070312,969.4500122070312,176
2025-04-28 14:55:00+05:30,970.5999755859375,970.5999755859375,970.4500122070312,970.4500122070312,118
2025-04-28 14:56:00+05:30,970.2000122070312,970.2000122070312,969.0499877929688,969.0499877929688,131
2025-04-28 14:57:00+05:30,967.7000122070312,970.2000122070312,967.7000122070312,970.2000122070312,32
2025-04-28 14:58:00+05:30,968.5,969.0,968.5,968.5999755859375,62
2025-04-28 14:59:00+05:30,969.3499755859375,969.3499755859375,969.3499755859375,969.3499755859375,3
2025-04-28 15:00:00+05:30,969.25,969.3499755859375,968.75,969.3499755859375,50
2025-04-28 15:01:00+05:30,970.2000122070312,970.2000122070312,969.0,969.25,253
2025-04-28 15:02:00+05:30,970.2000122070312,970.2000122070312,970.2000122070312,970.2000122070312,10
2025-04-28 15:03:00+05:30,969.5999755859375,970.0,969.4000244140625,970.0,143
2025-04-28 15:04:00+05:30,968.3499755859375,969.2999877929688,968.2000122070312,969.2999877929688,87
2025-04-28 15:05:00+05:30,966.5999755859375,967.4500122070312,966.5999755859375,967.4000244140625,86
2025-04-28 15:06:00+05:30,968.25,968.25,966.5499877929688,966.9500122070312,217
2025-04-28 15:07:00+05:30,968.0499877929688,968.8499755859375,968.0499877929688,968.8499755859375,6
2025-04-28 15:08:00+05:30,967.7999877929688,968.0499877929688,967.0,968.0499877929688,45
2025-04-28 15:09:00+05:30,968.4500122070312,968.4500122070312,967.7999877929688,968.2000122070312,22
2025-04-28 15:10:00+05:30,968.8499755859375,969.0,967.6500244140625,969.0,303
2025-04-28 15:11:00+05:30,968.8499755859375,968.8499755859375,968.8499755859375,968.8499755859375,5
2025-04-28 15:12:00+05:30,967.0,968.25,967.0,967.5499877929688,324
2025-04-28 15:13:00+05:30,967.0,968.1500244140625,967.0,968.0999755859375,39
2025-04-28 15:14:00+05:30,966.75,967.0999755859375,966.6500244140625,966.6500244140625,211
2025-04-28 15:15:00+05:30,966.1500244140625,968.25,965.5499877929688,967.1500244140625,704
2025-04-28 15:16:00+05:30,967.5,967.5,965.75,965.75,204
2025-04-28 15:17:00+05:30,967.4000244140625,967.8499755859375,967.4000244140625,967.7000122070312,94
2025-04-28 15:18:00+05:30,967.7999877929688,967.7999877929688,966.7000122070312,967.4000244140625,87
2025-04-28 15:19:00+05:30,967.1500244140625,967.2999877929688,967.0,967.2999877929688,52
2025-04-28 15:20:00+05:30,967.5499877929688,967.5499877929688,967.3499755859375,967.3499755859375,168
2025-04-28 15:21:00+05:30,968.9000244140625,968.9000244140625,967.7000122070312,967.7000122070312,235
2025-04-28 15:22:00+05:30,968.4500122070312,968.8499755859375,968.25,968.8499755859375,129
2025-04-28 15:23:00+05:30,968.7999877929688,968.7999877929688,968.5499877929688,968.5499877929688,221
2025-04-28 15:24:00+05:30,968.1500244140625,968.75,967.3499755859375,968.75,383
2025-04-28 15:25:00+05:30,968.2000122070312,968.7999877929688,968.2000122070312,968.7999877929688,225
2025-04-28 15:26:00+05:30,967.3499755859375,968.2000122070312,967.0,968.2000122070312,151
2025-04-28 15:27:00+05:30,968.4500122070312,968.4500122070312,967.0,967.3499755859375,165
2025-04-28 15:28:00+05:30,968.1500244140625,968.2999877929688,966.0,968.2999877929688,147
2025-04-28 15:29:00+05:30,967.6500244140625,968.4500122070312,967.6500244140625,968.4500122070312,284
2025-04-29 09:15:00+05:30,976.1500244140625,976.1500244140625,962.2999877929688,962.2999877929688,0
2025-04-29 09:16:00+05:30,977.4000244140625,978.9000244140625,975.0,975.0,310
2025-04-29 09:17:00+05:30,975.5499877929688,979.0,975.5,979.0,700
2025-04-29 09:18:00+05:30,975.7999877929688,977.0499877929688,973.6500244140625,975.1500244140625,314
2025-04-29 09:19:00+05:30,976.8499755859375,977.2000122070312,975.0,977.2000122070312,229
2025-04-29 09:20:00+05:30,976.25,977.8499755859375,976.2000122070312,976.2000122070312,268
2025-04-29 09:21:00+05:30,976.9500122070312,976.9500122070312,975.7999877929688,975.7999877929688,93
2025-04-29 09:22:00+05:30,975.0,976.7999877929688,975.0,976.7999877929688,110
2025-04-29 09:23:00+05:30,975.3499755859375,975.8499755859375,974.0,974.3499755859375,241
2025-04-29 09:24:00+05:30,978.9000244140625,978.9500122070312,977.25,977.25,41
2025-04-29 09:25:00+05:30,977.6500244140625,977.6500244140625,977.6500244140625,977.6500244140625,7
2025-04-29 09:26:00+05:30,977.0,977.0,977.0,977.0,15
2025-04-29 09:27:00+05:30,977.9000244140625,977.9000244140625,977.0,977.8499755859375,78
2025-04-29 09:28:00+05:30,976.8499755859375,977.9500122070312,976.8499755859375,977.9500122070312,531
2025-04-29 09:29:00+05:30,976.5499877929688,977.7000122070312,976.5499877929688,977.0,64
2025-04-29 09:30:00+05:30,973.3499755859375,975.5,973.3499755859375,975.5,931
2025-04-29 09:31:00+05:30,975.9500122070312,975.9500122070312,974.3499755859375,974.4500122070312,85
2025-04-29 09:32:00+05:30,975.5999755859375,976.4500122070312,975.3499755859375,975.5999755859375,20
2025-04-29 09:33:00+05:30,977.2000122070312,978.2999877929688,977.2000122070312,977.9500122070312,322
2025-04-29 09:34:00+05:30,978.2000122070312,978.4000244140625,977.2999877929688,978.4000244140625,283
2025-04-29 09:35:00+05:30,978.2000122070312,978.2000122070312,978.2000122070312,978.2000122070312,150
2025-04-29 09:36:00+05:30,978.1500244140625,978.2000122070312,977.5499877929688,977.5499877929688,16
2025-04-29 09:37:00+05:30,974.9500122070312,978.0999755859375,974.9500122070312,978.0999755859375,339
2025-04-29 09:38:00+05:30,974.5999755859375,974.5999755859375,974.2999877929688,974.5999755859375,62
2025-04-29 09:39:00+05:30,974.5999755859375,974.5999755859375,974.5999755859375,974.5999755859375,40
2025-04-29 09:40:00+05:30,975.0,976.0,975.0,976.0,370
2025-04-29 09:41:00+05:30,974.0,974.9500122070312,974.0,974.9500122070312,66
2025-04-29 09:42:00+05:30,974.3499755859375,975.0,973.7999877929688,974.0,357
2025-04-29 09:43:00+05:30,972.0,974.5999755859375,971.8499755859375,974.5999755859375,94
2025-04-29 09:44:00+05:30,972.2999877929688,972.75,971.7999877929688,971.7999877929688,15
2025-04-29 09:45:00+05:30,974.8499755859375,974.8499755859375,972.2999877929688,972.2999877929688,329
2025-04-29 09:46:00+05:30,974.2000122070312,974.2000122070312,974.2000122070312,974.2000122070312,30
2025-04-29 09:47:00+05:30,973.75,974.4500122070312,973.75,974.4500122070312,113
2025-04-29 09:48:00+05:30,972.75,972.8499755859375,972.6500244140625,972.6500244140625,31
2025-04-29 09:49:00+05:30,972.6500244140625,972.6500244140625,972.6500244140625,972.6500244140625,1
2025-04-29 09:50:00+05:30,971.7999877929688,972.1500244140625,971.0999755859375,971.2999877929688,72
2025-04-29 09:51:00+05:30,970.0,970.8499755859375,970.0,970.4000244140625,69
2025-04-29 09:52:00+05:30,971.9500122070312,971.9500122070312,971.0999755859375,971.0999755859375,47
2025-04-29 09:53:00+05:30,973.5,973.5,972.9500122070312,972.9500122070312,1
2025-04-29 09:55:00+05:30,974.8499755859375,974.8499755859375,974.2999877929688,974.2999877929688,122
2025-04-29 09:56:00+05:30,975.1500244140625,975.6500244140625,975.0,975.6500244140625,129
2025-04-29 09:58:00+05:30,975.5499877929688,976.0,975.2999877929688,975.2999877929688,11
2025-04-29 09:59:00+05:30,975.0999755859375,975.0999755859375,975.0999755859375,975.0999755859375,6
2025-04-29 10:00:00+05:30,975.75,975.75,975.75,975.75,0
2025-04-29 10:01:00+05:30,974.9000244140625,975.0,973.5499877929688,975.0,103
2025-04-29 10:02:00+05:30,974.5499877929688,974.7999877929688,973.5999755859375,974.7999877929688,3
2025-04-29 10:04:00+05:30,974.3499755859375,974.3499755859375,974.2999877929688,974.3499755859375,32
2025-04-29 10:05:00+05:30,974.4500122070312,974.4500122070312,974.2999877929688,974.2999877929688,28
2025-04-29 10:06:00+05:30,974.1500244140625,974.25,974.1500244140625,974.25,3
2025-04-29 10:07:00+05:30,974.3499755859375,974.3499755859375,974.3499755859375,974.3499755859375,2
2025-04-29 10:08:00+05:30,973.75,974.3499755859375,973.75,974.2999877929688,7
2025-04-29 10:09:00+05:30,974.2999877929688,974.2999877929688,973.7000122070312,973.7000122070312,51
2025-04-29 10:10:00+05:30,974.25,974.25,973.3499755859375,973.3499755859375,11
2025-04-29 10:11:00+05:30,974.75,974.75,974.75,974.75,114
2025-04-29 10:12:00+05:30,974.2999877929688,975.25,974.2999877929688,975.0,57
2025-04-29 10:13:00+05:30,974.5499877929688,974.5499877929688,974.3499755859375,974.4500122070312,16
2025-04-29 10:14:00+05:30,974.4000244140625,974.5499877929688,974.4000244140625,974.5499877929688,2
2025-04-29 10:15:00+05:30,973.3499755859375,974.25,973.3499755859375,974.25,13
2025-04-29 10:16:00+05:30,974.1500244140625,974.4000244140625,974.1500244140625,974.2000122070312,13
2025-04-29 10:17:00+05:30,973.7999877929688,973.7999877929688,973.3499755859375,973.3499755859375,110
2025-04-29 10:19:00+05:30,973.7999877929688,973.7999877929688,973.5,973.5,130
2025-04-29 10:20:00+05:30,974.0,974.1500244140625,974.0,974.1500244140625,57
2025-04-29 10:21:00+05:30,974.2999877929688,974.2999877929688,973.25,973.25,2
2025-04-29 10:22:00+05:30,974.0,974.0,974.0,974.0,9
2025-04-29 10:23:00+05:30,975.0,975.0,975.0,975.0,2
2025-04-29 10:24:00+05:30,975.4500122070312,975.7999877929688,974.25,975.0,306
2025-04-29 10:26:00+05:30,974.4000244140625,975.2999877929688,974.4000244140625,975.2999877929688,10
2025-04-29 10:27:00+05:30,974.5,974.5,974.5,974.5,1
2025-04-29 10:28:00+05:30,974.0,974.2000122070312,972.2999877929688,973.2999877929688,141
2025-04-29 10:29:00+05:30,973.5,973.8499755859375,973.5,973.8499755859375,2
2025-04-29 10:30:00+05:30,973.4000244140625,973.5499877929688,972.5499877929688,973.5,159
2025-04-29 10:31:00+05:30,973.2999877929688,973.4000244140625,972.75,973.4000244140625,37
2025-04-29 10:32:00+05:30,973.3499755859375,973.3499755859375,973.3499755859375,973.3499755859375,1
2025-04-29 10:34:00+05:30,973.2999877929688,973.2999877929688,973.2999877929688,973.2999877929688,57
2025-04-29 10:36:00+05:30,974.4000244140625,974.4000244140625,972.4000244140625,972.4000244140625,81
2025-04-29 10:37:00+05:30,974.4500122070312,974.4500122070312,974.4000244140625,974.4000244140625,3
2025-04-29 10:39:00+05:30,974.2000122070312,974.5,973.25,974.5,16
2025-04-29 10:40:00+05:30,973.7000122070312,973.7000122070312,973.7000122070312,973.7000122070312,2
2025-04-29 10:41:00+05:30,973.7000122070312,973.7000122070312,973.7000122070312,973.7000122070312,7
2025-04-29 10:43:00+05:30,973.4000244140625,973.4000244140625,972.5499877929688,972.5499877929688,8
2025-04-29 10:44:00+05:30,973.4000244140625,973.5,973.25,973.25,33
2025-04-29 10:45:00+05:30,971.75,973.4500122070312,971.75,973.4500122070312,287
2025-04-29 10:46:00+05:30,971.7000122070312,971.7000122070312,971.7000122070312,971.7000122070312,4
2025-04-29 10:47:00+05:30,972.75,972.8499755859375,971.2000122070312,971.2000122070312,75
2025-04-29 10:48:00+05:30,972.25,972.8499755859375,971.75,972.8499755859375,20
2025-04-29 10:49:00+05:30,972.7999877929688,972.7999877929688,971.1500244140625,971.1500244140625,31
2025-04-29 10:50:00+05:30,972.0499877929688,972.7000122070312,971.7999877929688,972.7000122070312,19
2025-04-29 10:51:00+05:30,972.7999877929688,972.7999877929688,971.8499755859375,971.8499755859375,77
2025-04-29 10:54:00+05:30,973.0,973.0,972.7999877929688,972.7999877929688,23
2025-04-29 10:55:00+05:30,972.0499877929688,973.0,972.0499877929688,973.0,36
2025-04-29 10:56:00+05:30,972.8499755859375,973.0,972.0499877929688,972.7000122070312,12
2025-04-29 10:57:00+05:30,975.9000244140625,976.0499877929688,975.9000244140625,976.0,2903
2025-04-29 10:58:00+05:30,976.0499877929688,976.0499877929688,975.75,975.75,12
2025-04-29 10:59:00+05:30,975.5999755859375,975.5999755859375,974.75,974.75,38
2025-04-29 11:00:00+05:30,975.75,975.7999877929688,975.5,975.5,26
2025-04-29 11:02:00+05:30,975.7000122070312,975.7000122070312,975.6500244140625,975.6500244140625,2
2025-04-29 11:04:00+05:30,975.75,975.75,975.75,975.75,12
2025-04-29 11:05:00+05:30,977.0999755859375,977.25,975.8499755859375,975.8499755859375,143
2025-04-29 11:07:00+05:30,976.4000244140625,977.7000122070312,976.4000244140625,977.2000122070312,337
2025-04-29 11:08:00+05:30,977.0,977.1500244140625,977.0,977.1500244140625,60
2025-04-29 11:09:00+05:30,976.9500122070312,977.0,976.9500122070312,977.0,18
2025-04-29 11:10:00+05:30,977.0999755859375,977.1500244140625,977.0999755859375,977.1500244140625,108
2025-04-29 11:11:00+05:30,976.8499755859375,976.8499755859375,976.8499755859375,976.8499755859375,0
2025-04-29 11:13:00+05:30,976.7999877929688,976.9500122070312,976.7999877929688,976.9500122070312,21
2025-04-29 11:16:00+05:30,976.75,976.75,976.75,976.75,0
2025-04-29 11:17:00+05:30,976.2000122070312,976.2000122070312,975.6500244140625,975.6500244140625,100
2025-04-29 11:18:00+05:30,975.0999755859375,975.0999755859375,975.0999755859375,975.0999755859375,25
2025-04-29 11:19:00+05:30,976.0999755859375,976.0999755859375,976.0999755859375,976.0999755859375,4
2025-04-29 11:21:00+05:30,976.8499755859375,976.8499755859375,975.5,975.5,711
2025-04-29 11:22:00+05:30,976.8499755859375,976.8499755859375,976.8499755859375,976.8499755859375,0
2025-04-29 11:23:00+05:30,976.5,976.7000122070312,975.1500244140625,976.0,80
2025-04-29 11:24:00+05:30,976.4000244140625,976.4000244140625,976.4000244140625,976.4000244140625,3
2025-04-29 11:25:00+05:30,975.7000122070312,975.7000122070312,975.7000122070312,975.7000122070312,0
2025-04-29 11:26:00+05:30,976.5,976.5,976.0999755859375,976.0999755859375,13
2025-04-29 11:27:00+05:30,975.25,975.5999755859375,975.25,975.5999755859375,4
2025-04-29 11:28:00+05:30,975.7999877929688,976.0,974.75,974.75,217
2025-04-29 11:29:00+05:30,975.4500122070312,975.4500122070312,975.0,975.0,56
2025-04-29 11:30:00+05:30,975.5999755859375,975.5999755859375,975.5,975.5,7
2025-04-29 11:31:00+05:30,974.5499877929688,975.2000122070312,973.6500244140625,974.4000244140625,65
2025-04-29 11:32:00+05:30,974.2000122070312,974.2000122070312,973.4500122070312,973.4500122070312,3
2025-04-29 11:33:00+05:30,974.5499877929688,974.5999755859375,974.5499877929688,974.5999755859375,7
2025-04-29 11:34:00+05:30,974.5999755859375,974.7000122070312,973.8499755859375,974.7000122070312,39
2025-04-29 11:35:00+05:30,974.7999877929688,974.7999877929688,974.7999877929688,974.7999877929688,3
2025-04-29 11:38:00+05:30,974.9500122070312,974.9500122070312,974.9500122070312,974.9500122070312,8
2025-04-29 11:39:00+05:30,974.7000122070312,974.75,974.7000122070312,974.75,6
2025-04-29 11:40:00+05:30,974.7000122070312,974.75,974.7000122070312,974.75,15
2025-04-29 11:41:00+05:30,974.4000244140625,974.4000244140625,973.4000244140625,973.4000244140625,16
2025-04-29 11:42:00+05:30,974.7999877929688,974.9500122070312,974.6500244140625,974.9500122070312,142
2025-04-29 11:43:00+05:30,973.8499755859375,974.75,973.8499755859375,974.75,40
2025-04-29 11:44:00+05:30,973.5,974.5499877929688,973.4500122070312,974.5499877929688,383
2025-04-29 11:45:00+05:30,974.4500122070312,974.5499877929688,973.5,974.5499877929688,45
2025-04-29 11:46:00+05:30,972.9000244140625,972.9000244140625,972.9000244140625,972.9000244140625,16
2025-04-29 11:47:00+05:30,973.7999877929688,973.7999877929688,973.7999877929688,973.7999877929688,0
2025-04-29 11:48:00+05:30,973.8499755859375,973.8499755859375,973.75,973.75,11
2025-04-29 11:49:00+05:30,973.5,973.5,972.0999755859375,972.0999755859375,343
2025-04-29 11:50:00+05:30,973.4500122070312,973.4500122070312,973.4500122070312,973.4500122070312,0
2025-04-29 11:51:00+05:30,972.5,973.25,972.4000244140625,972.4000244140625,29
2025-04-29 11:53:00+05:30,971.8499755859375,972.0,971.8499755859375,972.0,7
2025-04-29 11:54:00+05:30,972.4000244140625,972.4000244140625,971.8499755859375,971.8499755859375,38
2025-04-29 11:55:00+05:30,971.8499755859375,971.8499755859375,970.9000244140625,970.9000244140625,16
2025-04-29 11:56:00+05:30,972.2999877929688,972.4000244140625,971.5,971.8499755859375,116
2025-04-29 11:57:00+05:30,971.5,971.5,971.5,971.5,2
2025-04-29 11:58:00+05:30,972.3499755859375,972.3499755859375,972.1500244140625,972.1500244140625,12
2025-04-29 11:59:00+05:30,972.25,972.25,971.8499755859375,971.8499755859375,14
2025-04-29 12:00:00+05:30,971.7999877929688,971.7999877929688,971.3499755859375,971.3499755859375,112
2025-04-29 12:01:00+05:30,970.9000244140625,971.9500122070312,970.9000244140625,971.9500122070312,2
2025-04-29 12:02:00+05:30,970.0499877929688,970.0499877929688,970.0499877929688,970.0499877929688,253
2025-04-29 12:03:00+05:30,971.8499755859375,971.8499755859375,970.7999877929688,971.75,529
2025-04-29 12:04:00+05:30,972.4500122070312,972.4500122070312,971.5,971.5,7
2025-04-29 12:07:00+05:30,972.5,972.5,972.4500122070312,972.4500122070312,6
2025-04-29 12:09:00+05:30,973.4000244140625,973.4000244140625,971.5999755859375,971.5999755859375,246
2025-04-29 12:11:00+05:30,973.5,973.5,972.3499755859375,973.4000244140625,62
2025-04-29 12:12:00+05:30,972.8499755859375,972.8499755859375,972.8499755859375,972.8499755859375,0
2025-04-29 12:13:00+05:30,972.7999877929688,972.7999877929688,972.7999877929688,972.7999877929688,2
2025-04-29 12:17:00+05:30,972.7999877929688,972.7999877929688,972.7999877929688,972.7999877929688,1
2025-04-29 12:19:00+05:30,972.4500122070312,972.5,971.8499755859375,971.8499755859375,27
2025-04-29 12:20:00+05:30,972.25,972.4500122070312,972.2000122070312,972.2000122070312,69
2025-04-29 12:21:00+05:30,972.25,972.25,972.25,972.25,300
2025-04-29 12:22:00+05:30,973.0499877929688,973.4500122070312,973.0499877929688,973.4500122070312,0
2025-04-29 12:23:00+05:30,972.0,972.8499755859375,972.0,972.8499755859375,62
2025-04-29 12:24:00+05:30,972.8499755859375,972.8499755859375,972.1500244140625,972.1500244140625,5
2025-04-29 12:25:00+05:30,972.5,972.5,972.2000122070312,972.2000122070312,4
2025-04-29 12:26:00+05:30,972.5,972.5,972.5,972.5,6
2025-04-29 12:27:00+05:30,972.0499877929688,972.8499755859375,972.0499877929688,972.5,13
2025-04-29 12:28:00+05:30,972.0499877929688,972.8499755859375,972.0,972.0,24
2025-04-29 12:29:00+05:30,972.0999755859375,972.0999755859375,972.0999755859375,972.0999755859375,1
2025-04-29 12:30:00+05:30,972.3499755859375,973.0499877929688,972.0999755859375,972.1500244140625,62
2025-04-29 12:31:00+05:30,972.8499755859375,972.8499755859375,972.25,972.25,24
2025-04-29 12:32:00+05:30,972.2000122070312,972.2000122070312,972.2000122070312,972.2000122070312,1
2025-04-29 12:33:00+05:30,972.8499755859375,972.8499755859375,972.2000122070312,972.2000122070312,2
2025-04-29 12:35:00+05:30,972.8499755859375,973.0499877929688,972.0999755859375,973.0,56
2025-04-29 12:36:00+05:30,973.0499877929688,973.0499877929688,973.0499877929688,973.0499877929688,2
2025-04-29 12:38:00+05:30,973.2000122070312,973.2000122070312,972.1500244140625,972.1500244140625,30
2025-04-29 12:40:00+05:30,973.4500122070312,973.4500122070312,973.4500122070312,973.4500122070312,12
2025-04-29 12:41:00+05:30,972.7000122070312,973.4500122070312,972.7000122070312,973.4500122070312,3
2025-04-29 12:42:00+05:30,973.0,973.25,972.6500244140625,972.7000122070312,880
2025-04-29 12:43:00+05:30,973.0,973.0,973.0,973.0,0
2025-04-29 12:44:00+05:30,973.2000122070312,973.2000122070312,972.2999877929688,972.2999877929688,14
2025-04-29 12:45:00+05:30,973.2999877929688,973.2999877929688,973.2999877929688,973.2999877929688,5
2025-04-29 12:47:00+05:30,973.4500122070312,973.4500122070312,973.4500122070312,973.4500122070312,1
2025-04-29 12:48:00+05:30,972.5999755859375,972.8499755859375,972.0,972.0,443
2025-04-29 12:49:00+05:30,972.0999755859375,972.0999755859375,971.1500244140625,971.1500244140625,56
2025-04-29 12:50:00+05:30,972.5999755859375,972.5999755859375,972.25,972.25,0
2025-04-29 12:51:00+05:30,972.5999755859375,972.5999755859375,972.5,972.5999755859375,88
2025-04-29 12:53:00+05:30,972.5999755859375,972.5999755859375,972.5999755859375,972.5999755859375,5
2025-04-29 12:54:00+05:30,972.5999755859375,972.5999755859375,972.5999755859375,972.5999755859375,11
2025-04-29 12:55:00+05:30,973.5,973.5,972.5999755859375,972.5999755859375,57
2025-04-29 12:56:00+05:30,973.4500122070312,973.5,973.4500122070312,973.5,12
2025-04-29 12:57:00+05:30,973.4000244140625,973.4000244140625,973.4000244140625,973.4000244140625,2
2025-04-29 12:58:00+05:30,973.0999755859375,973.4500122070312,972.5999755859375,973.4500122070312,19
2025-04-29 12:59:00+05:30,973.0,973.0,973.0,973.0,2
2025-04-29 13:01:00+05:30,972.7999877929688,972.7999877929688,972.0,972.0,23
2025-04-29 13:02:00+05:30,972.25,972.25,972.25,972.25,2
2025-04-29 13:03:00+05:30,973.0,973.0,973.0,973.0,0
2025-04-29 13:05:00+05:30,973.0,973.0,972.25,973.0,10
2025-04-29 13:07:00+05:30,972.0499877929688,972.0999755859375,972.0,972.0,157
2025-04-29 13:08:00+05:30,973.0,973.0,971.0999755859375,971.0999755859375,146
2025-04-29 13:10:00+05:30,973.0,973.0,972.5,972.5,51
2025-04-29 13:11:00+05:30,973.0,973.0,973.0,973.0,11
2025-04-29 13:13:00+05:30,973.0,973.0,973.0,973.0,10
2025-04-29 13:14:00+05:30,973.0,973.0,972.5,972.5,9
2025-04-29 13:16:00+05:30,972.1500244140625,972.8499755859375,972.1500244140625,972.8499755859375,15
2025-04-29 13:17:00+05:30,972.7999877929688,972.7999877929688,972.7999877929688,972.7999877929688,0
2025-04-29 13:19:00+05:30,973.0,973.0,972.7000122070312,972.7000122070312,310
2025-04-29 13:20:00+05:30,973.0,973.0,973.0,973.0,0
2025-04-29 13:21:00+05:30,973.4000244140625,973.4500122070312,973.4000244140625,973.4500122070312,3
2025-04-29 13:22:00+05:30,973.5499877929688,973.5499877929688,973.5499877929688,973.5499877929688,9
2025-04-29 13:26:00+05:30,972.75,972.75,972.75,972.75,8
2025-04-29 13:27:00+05:30,973.8499755859375,973.9500122070312,972.75,972.75,153
2025-04-29 13:28:00+05:30,974.7999877929688,976.0,974.4000244140625,974.5,420
2025-04-29 13:29:00+05:30,975.3499755859375,975.4000244140625,974.4000244140625,975.0499877929688,36
2025-04-29 13:30:00+05:30,975.3499755859375,975.3499755859375,975.3499755859375,975.3499755859375,12
2025-04-29 13:33:00+05:30,974.75,975.6500244140625,974.7000122070312,974.7000122070312,14
2025-04-29 13:34:00+05:30,975.75,975.8499755859375,975.75,975.75,50
2025-04-29 13:35:00+05:30,975.7999877929688,975.7999877929688,975.7999877929688,975.7999877929688,4
2025-04-29 13:37:00+05:30,975.5499877929688,975.5499877929688,975.0999755859375,975.0999755859375,26
2025-04-29 13:38:00+05:30,975.5499877929688,975.5499877929688,975.5499877929688,975.5499877929688,2
2025-04-29 13:40:00+05:30,975.0499877929688,975.2999877929688,974.9000244140625,974.9000244140625,84
2025-04-29 13:41:00+05:30,975.2999877929688,976.0,975.2999877929688,975.2999877929688,63
2025-04-29 13:42:00+05:30,975.7999877929688,975.8499755859375,975.7999877929688,975.8499755859375,19
2025-04-29 13:43:00+05:30,975.7999877929688,975.7999877929688,975.7999877929688,975.7999877929688,10
2025-04-29 13:44:00+05:30,974.5999755859375,975.75,974.5999755859375,975.0,37
2025-04-29 13:46:00+05:30,975.0,975.0,974.5999755859375,974.5999755859375,74
2025-04-29 13:47:00+05:30,975.6500244140625,976.0499877929688,975.5499877929688,975.5499877929688,322
2025-04-29 13:48:00+05:30,975.9000244140625,975.9000244140625,975.2000122070312,975.2000122070312,55
2025-04-29 13:50:00+05:30,976.0999755859375,976.9000244140625,975.7000122070312,976.4500122070312,62
2025-04-29 13:51:00+05:30,975.4000244140625,975.5,974.5,975.0,381
2025-04-29 13:52:00+05:30,975.3499755859375,975.3499755859375,975.3499755859375,975.3499755859375,9
2025-04-29 13:53:00+05:30,975.4500122070312,975.4500122070312,975.3499755859375,975.3499755859375,9
2025-04-29 13:54:00+05:30,975.2999877929688,975.4500122070312,974.75,975.3499755859375,25
2025-04-29 13:55:00+05:30,975.0499877929688,975.0499877929688,974.4000244140625,974.4000244140625,13
2025-04-29 13:57:00+05:30,975.1500244140625,975.1500244140625,975.0999755859375,975.1500244140625,22
2025-04-29 13:58:00+05:30,975.1500244140625,975.1500244140625,975.1500244140625,975.1500244140625,42
2025-04-29 13:59:00+05:30,975.7999877929688,975.7999877929688,975.3499755859375,975.3499755859375,0
2025-04-29 14:00:00+05:30,975.75,975.75,975.75,975.75,3
2025-04-29 14:01:00+05:30,975.6500244140625,975.6500244140625,974.7000122070312,974.7000122070312,29
2025-04-29 14:02:00+05:30,974.8499755859375,976.0,974.8499755859375,976.0,75
2025-04-29 14:04:00+05:30,975.5499877929688,975.6500244140625,974.7999877929688,974.7999877929688,48
2025-04-29 14:05:00+05:30,975.5499877929688,975.5499877929688,975.5499877929688,975.5499877929688,56
2025-04-29 14:06:00+05:30,975.8499755859375,975.8499755859375,974.4500122070312,974.4500122070312,54
2025-04-29 14:07:00+05:30,975.75,975.7999877929688,974.5999755859375,975.5,39
2025-04-29 14:08:00+05:30,975.0999755859375,975.4000244140625,974.0999755859375,974.0999755859375,131
2025-04-29 14:09:00+05:30,975.0,975.0,975.0,975.0,23
2025-04-29 14:11:00+05:30,974.5499877929688,974.5499877929688,973.7999877929688,973.7999877929688,21
2025-04-29 14:12:00+05:30,974.6500244140625,974.6500244140625,974.5499877929688,974.5499877929688,23
2025-04-29 14:13:00+05:30,975.1500244140625,975.2000122070312,974.0,974.0,673
2025-04-29 14:14:00+05:30,975.0999755859375,975.1500244140625,974.1500244140625,975.1500244140625,66
2025-04-29 14:15:00+05:30,974.5999755859375,974.7000122070312,973.2999877929688,974.0,40
2025-04-29 14:16:00+05:30,974.5999755859375,974.5999755859375,974.5999755859375,974.5999755859375,7
2025-04-29 14:18:00+05:30,974.1500244140625,974.5999755859375,974.1500244140625,974.3499755859375,62
2025-04-29 14:20:00+05:30,974.7000122070312,974.7000122070312,974.0,974.0,10
2025-04-29 14:22:00+05:30,973.75,973.75,973.75,973.75,0
2025-04-29 14:23:00+05:30,974.0999755859375,974.0999755859375,973.75,973.75,19
2025-04-29 14:24:00+05:30,974.0999755859375,974.0999755859375,974.0999755859375,974.0999755859375,11
2025-04-29 14:26:00+05:30,974.1500244140625,974.1500244140625,973.3499755859375,973.3499755859375,15
2025-04-29 14:27:00+05:30,974.0,974.0,973.0999755859375,973.0999755859375,27
2025-04-29 14:28:00+05:30,973.7000122070312,973.7999877929688,972.8499755859375,972.8499755859375,64
2025-04-29 14:29:00+05:30,973.5,973.5,973.5,973.5,20
2025-04-29 14:33:00+05:30,973.2000122070312,973.25,971.5999755859375,971.5999755859375,604
2025-04-29 14:35:00+05:30,972.25,973.25,972.25,973.25,125
2025-04-29 14:36:00+05:30,971.9500122070312,971.9500122070312,971.9500122070312,971.9500122070312,0
2025-04-29 14:38:00+05:30,972.0,972.0,971.4500122070312,971.4500122070312,3
2025-04-29 14:40:00+05:30,972.0,972.0,972.0,972.0,3
2025-04-29 14:41:00+05:30,972.8499755859375,972.9000244140625,972.4500122070312,972.4500122070312,21
2025-04-29 14:42:00+05:30,972.25,972.25,972.25,972.25,2
2025-04-29 14:43:00+05:30,971.2000122070312,973.2000122070312,970.75,973.0999755859375,2340
2025-04-29 14:44:00+05:30,971.25,971.25,971.25,971.25,10
2025-04-29 14:45:00+05:30,971.25,971.25,971.25,971.25,15
2025-04-29 14:46:00+05:30,972.7000122070312,972.7000122070312,971.75,971.75,20
2025-04-29 14:47:00+05:30,973.5,973.5,972.7000122070312,972.7000122070312,50
2025-04-29 14:48:00+05:30,973.5,973.5,973.5,973.5,51
2025-04-29 14:49:00+05:30,973.5,973.5,973.5,973.5,118
2025-04-29 14:50:00+05:30,973.9000244140625,973.9000244140625,973.5,973.9000244140625,31
2025-04-29 14:51:00+05:30,973.7999877929688,973.7999877929688,972.7999877929688,972.7999877929688,15
2025-04-29 14:52:00+05:30,973.5999755859375,973.5999755859375,973.0,973.5499877929688,84
2025-04-29 14:53:00+05:30,973.4500122070312,973.4500122070312,972.5,972.5,169
2025-04-29 14:54:00+05:30,972.5499877929688,973.4500122070312,972.5499877929688,973.4000244140625,59
2025-04-29 14:55:00+05:30,973.3499755859375,973.3499755859375,972.5,972.5,28
2025-04-29 14:57:00+05:30,972.1500244140625,972.5499877929688,972.1500244140625,972.5499877929688,58
2025-04-29 14:58:00+05:30,973.0999755859375,973.2000122070312,973.0499877929688,973.1500244140625,254
2025-04-29 14:59:00+05:30,973.8499755859375,973.8499755859375,972.9000244140625,972.9500122070312,104
2025-04-29 15:00:00+05:30,974.2999877929688,974.5,973.3499755859375,973.3499755859375,90
2025-04-29 15:01:00+05:30,973.75,973.75,973.25,973.25,4
2025-04-29 15:02:00+05:30,973.3499755859375,973.3499755859375,973.3499755859375,973.3499755859375,1
2025-04-29 15:03:00+05:30,973.25,973.5999755859375,972.4000244140625,972.4000244140625,59
2025-04-29 15:04:00+05:30,973.3499755859375,973.3499755859375,972.5499877929688,972.5499877929688,67
2025-04-29 15:05:00+05:30,972.75,972.9000244140625,972.5499877929688,972.9000244140625,63
2025-04-29 15:06:00+05:30,972.5999755859375,973.0,972.5499877929688,972.75,296
2025-04-29 15:07:00+05:30,972.7999877929688,972.9000244140625,972.5499877929688,972.5999755859375,56
2025-04-29 15:08:00+05:30,972.7999877929688,972.9000244140625,972.7999877929688,972.9000244140625,4
2025-04-29 15:09:00+05:30,972.0,973.0,972.0,972.7999877929688,890
2025-04-29 15:10:00+05:30,973.7999877929688,973.7999877929688,972.6500244140625,972.6500244140625,281
2025-04-29 15:11:00+05:30,973.7000122070312,973.7000122070312,972.75,973.7000122070312,44
2025-04-29 15:12:00+05:30,973.6500244140625,973.6500244140625,972.5,973.6500244140625,11
2025-04-29 15:13:00+05:30,973.5,973.5,972.5999755859375,972.5999755859375,35
2025-04-29 15:14:00+05:30,973.0,973.3499755859375,972.0999755859375,973.3499755859375,93
2025-04-29 15:15:00+05:30,972.4000244140625,973.1500244140625,972.2000122070312,972.2000122070312,15
2025-04-29 15:16:00+05:30,973.0999755859375,973.5,972.5499877929688,972.8499755859375,148
2025-04-29 15:17:00+05:30,978.4000244140625,978.4000244140625,972.8499755859375,972.8499755859375,6018
2025-04-29 15:18:00+05:30,984.0499877929688,984.2999877929688,978.5999755859375,978.5999755859375,2598
2025-04-29 15:19:00+05:30,984.5999755859375,986.25,984.5999755859375,986.0,1970
2025-04-29 15:20:00+05:30,983.4000244140625,984.2999877929688,983.4000244140625,984.2999877929688,1604
2025-04-29 15:21:00+05:30,984.2999877929688,984.7000122070312,982.4000244140625,982.4000244140625,556
2025-04-29 15:22:00+05:30,982.6500244140625,984.7000122070312,982.6500244140625,984.0,1354
2025-04-29 15:23:00+05:30,982.1500244140625,982.8499755859375,981.9500122070312,982.8499755859375,1339
2025-04-29 15:24:00+05:30,985.4500122070312,985.4500122070312,982.7000122070312,982.7000122070312,2652
2025-04-29 15:25:00+05:30,986.3499755859375,988.6500244140625,985.7999877929688,986.0,1645
2025-04-29 15:26:00+05:30,985.0499877929688,985.9000244140625,985.0499877929688,985.8499755859375,873
2025-04-29 15:27:00+05:30,985.0,985.0499877929688,984.0,985.0499877929688,3354
2025-04-29 15:28:00+05:30,984.0,985.0,983.2000122070312,985.0,452
2025-04-29 15:29:00+05:30,984.0,984.0,981.5999755859375,984.0,1496
2025-04-30 09:15:00+05:30,974.2999877929688,984.25,972.2999877929688,984.0,0
2025-04-30 09:16:00+05:30,964.2000122070312,977.7999877929688,964.2000122070312,977.7999877929688,904
2025-04-30 09:17:00+05:30,962.3499755859375,965.0,960.2999877929688,965.0,1802
2025-04-30 09:18:00+05:30,964.2000122070312,964.2000122070312,960.2999877929688,962.4000244140625,326
2025-04-30 09:19:00+05:30,972.0,972.0,962.0499877929688,963.25,774
2025-04-30 09:20:00+05:30,967.1500244140625,975.0,967.1500244140625,969.25,1184
2025-04-30 09:21:00+05:30,969.7999877929688,970.2000122070312,965.6500244140625,965.6500244140625,682
2025-04-30 09:22:00+05:30,967.8499755859375,968.6500244140625,966.1500244140625,968.6500244140625,857
2025-04-30 09:23:00+05:30,970.1500244140625,971.4000244140625,970.1500244140625,971.4000244140625,798
2025-04-30 09:24:00+05:30,966.5999755859375,969.7999877929688,966.5999755859375,968.8499755859375,230
2025-04-30 09:25:00+05:30,964.1500244140625,965.25,964.1500244140625,965.0,229
2025-04-30 09:26:00+05:30,963.9000244140625,964.6500244140625,963.0999755859375,963.6500244140625,263
2025-04-30 09:27:00+05:30,963.2999877929688,963.9000244140625,963.0,963.9000244140625,257
2025-04-30 09:28:00+05:30,964.7999877929688,965.2000122070312,962.2000122070312,962.2000122070312,217
2025-04-30 09:29:00+05:30,967.5999755859375,967.5999755859375,963.7999877929688,963.7999877929688,403
2025-04-30 09:30:00+05:30,966.1500244140625,968.2999877929688,966.1500244140625,967.5999755859375,324
2025-04-30 09:31:00+05:30,969.0,969.0,967.8499755859375,967.8499755859375,113
2025-04-30 09:32:00+05:30,971.3499755859375,971.3499755859375,969.5,969.5,605
2025-04-30 09:33:00+05:30,974.4500122070312,974.9500122070312,970.7999877929688,970.7999877929688,600
2025-04-30 09:34:00+05:30,972.9500122070312,974.4500122070312,972.9500122070312,974.4500122070312,578
2025-04-30 09:35:00+05:30,972.9000244140625,972.9000244140625,972.0,972.0499877929688,429
2025-04-30 09:36:00+05:30,973.8499755859375,973.8499755859375,973.0,973.0,186
2025-04-30 09:37:00+05:30,975.5,975.9500122070312,973.4000244140625,973.4000244140625,493
2025-04-30 09:38:00+05:30,978.7000122070312,978.7000122070312,974.25,975.0,1297
2025-04-30 09:39:00+05:30,977.75,977.75,977.75,977.75,10
2025-04-30 09:40:00+05:30,978.8499755859375,978.8499755859375,976.7000122070312,978.5,493
2025-04-30 09:41:00+05:30,977.4500122070312,978.8499755859375,977.1500244140625,978.8499755859375,47
2025-04-30 09:42:00+05:30,975.0,976.1500244140625,975.0,976.1500244140625,514
2025-04-30 09:43:00+05:30,973.0499877929688,976.0,973.0499877929688,976.0,2572
2025-04-30 09:44:00+05:30,975.4500122070312,975.4500122070312,972.3499755859375,973.0499877929688,809
2025-04-30 09:45:00+05:30,977.9500122070312,977.9500122070312,975.0499877929688,976.0,713
2025-04-30 09:46:00+05:30,985.0,985.0,977.7999877929688,977.7999877929688,4935
2025-04-30 09:47:00+05:30,986.5999755859375,986.7999877929688,985.1500244140625,985.8499755859375,1177
2025-04-30 09:48:00+05:30,985.4000244140625,987.0,985.0,985.0,583
2025-04-30 09:49:00+05:30,987.8499755859375,988.8499755859375,984.9500122070312,985.2000122070312,1346
2025-04-30 09:50:00+05:30,996.2000122070312,997.0999755859375,993.0,993.0,5315
2025-04-30 09:51:00+05:30,1005.0,1007.0499877929688,996.9500122070312,998.7000122070312,12059
2025-04-30 09:52:00+05:30,1019.9500122070312,1020.0,1005.0,1005.0,10524
2025-04-30 09:53:00+05:30,1023.5999755859375,1025.75,1015.25,1018.5499877929688,11875
2025-04-30 09:54:00+05:30,1022.5999755859375,1026.949951171875,1017.5,1024.5999755859375,5255
2025-04-30 09:55:00+05:30,1017.0,1024.25,1017.0,1024.25,3809
2025-04-30 09:56:00+05:30,1011.5,1016.5,1011.0,1016.5,3594
2025-04-30 09:57:00+05:30,1010.2000122070312,1011.4500122070312,1007.0,1010.0,5621
2025-04-30 09:58:00+05:30,1003.9500122070312,1011.6500244140625,1003.9500122070312,1010.9500122070312,2360
2025-04-30 09:59:00+05:30,1005.2999877929688,1007.0,1004.6500244140625,1005.4500122070312,2956
2025-04-30 10:00:00+05:30,1006.0,1007.0999755859375,1003.6500244140625,1004.9500122070312,3468
2025-04-30 10:01:00+05:30,1000.1500244140625,1005.3499755859375,999.9000244140625,1005.3499755859375,2380
2025-04-30 10:02:00+05:30,1000.8499755859375,1000.8499755859375,997.8499755859375,999.1500244140625,1580
2025-04-30 10:03:00+05:30,999.9500122070312,1001.0499877929688,999.0,1001.0499877929688,2938
2025-04-30 10:04:00+05:30,1000.2000122070312,1000.4500122070312,998.0499877929688,999.9500122070312,1370
2025-04-30 10:05:00+05:30,998.7999877929688,999.1500244140625,997.9000244140625,998.5999755859375,2119
2025-04-30 10:06:00+05:30,998.7999877929688,999.0499877929688,998.1500244140625,998.7999877929688,463
2025-04-30 10:07:00+05:30,994.2999877929688,998.5999755859375,994.2999877929688,998.5999755859375,2120
2025-04-30 10:08:00+05:30,991.4000244140625,992.6500244140625,990.9000244140625,992.3499755859375,2700
2025-04-30 10:09:00+05:30,993.9500122070312,993.9500122070312,990.1500244140625,991.0999755859375,769
2025-04-30 10:10:00+05:30,993.9500122070312,993.9500122070312,992.75,993.9000244140625,972
2025-04-30 10:11:00+05:30,994.7000122070312,995.75,993.2000122070312,993.9500122070312,615
2025-04-30 10:12:00+05:30,993.8499755859375,993.9000244140625,992.5499877929688,993.9000244140625,912
2025-04-30 10:13:00+05:30,992.7999877929688,994.2999877929688,992.5,994.2999877929688,778
2025-04-30 10:14:00+05:30,991.3499755859375,992.5999755859375,991.0999755859375,992.5999755859375,175
2025-04-30 10:15:00+05:30,991.8499755859375,992.8499755859375,990.5499877929688,990.5499877929688,1033
2025-04-30 10:16:00+05:30,992.0999755859375,992.0999755859375,992.0999755859375,992.0999755859375,36
2025-04-30 10:17:00+05:30,991.2000122070312,992.4500122070312,991.2000122070312,992.0999755859375,216
2025-04-30 10:18:00+05:30,991.0499877929688,992.0,990.75,992.0,100
2025-04-30 10:19:00+05:30,991.3499755859375,992.25,990.5999755859375,991.8499755859375,380
2025-04-30 10:20:00+05:30,990.0999755859375,991.0,990.0999755859375,990.5999755859375,400
2025-04-30 10:21:00+05:30,987.7999877929688,990.0,985.5999755859375,990.0,2221
2025-04-30 10:22:00+05:30,989.0499877929688,989.1500244140625,986.25,987.25,1121
2025-04-30 10:23:00+05:30,991.8499755859375,991.8499755859375,989.0,989.0,225
2025-04-30 10:24:00+05:30,991.7999877929688,991.7999877929688,990.7999877929688,990.7999877929688,235
2025-04-30 10:25:00+05:30,990.8499755859375,991.5499877929688,990.8499755859375,991.5499877929688,71
2025-04-30 10:26:00+05:30,994.9500122070312,994.9500122070312,990.0,990.0,1427
2025-04-30 10:27:00+05:30,1000.0,1001.0499877929688,994.9500122070312,994.9500122070312,5664
2025-04-30 10:28:00+05:30,999.4500122070312,1001.2999877929688,999.0499877929688,1000.0999755859375,973
2025-04-30 10:29:00+05:30,997.9500122070312,999.4500122070312,997.9500122070312,999.0499877929688,777
2025-04-30 10:30:00+05:30,998.0,999.5,998.0,999.5,325
2025-04-30 10:31:00+05:30,996.7999877929688,998.4000244140625,996.7999877929688,998.4000244140625,353
2025-04-30 10:32:00+05:30,996.75,996.9000244140625,996.0,996.75,2774
2025-04-30 10:33:00+05:30,998.0,998.0,996.7000122070312,996.7000122070312,193
2025-04-30 10:34:00+05:30,998.7000122070312,999.0999755859375,997.0999755859375,998.0,3378
2025-04-30 10:35:00+05:30,1004.9000244140625,1004.9000244140625,998.0999755859375,1001.7000122070312,4750
2025-04-30 10:36:00+05:30,1010.4000244140625,1012.0,1006.0,1006.0,3592
2025-04-30 10:37:00+05:30,1015.0,1015.0,1011.2000122070312,1012.0,3377
2025-04-30 10:38:00+05:30,1016.2999877929688,1017.7000122070312,1014.0999755859375,1015.75,7776
2025-04-30 10:39:00+05:30,1019.0999755859375,1022.5,1018.5,1019.2999877929688,7138
2025-04-30 10:40:00+05:30,1020.2000122070312,1020.9000244140625,1017.5499877929688,1018.0499877929688,1751
2025-04-30 10:41:00+05:30,1021.8499755859375,1021.8499755859375,1018.7000122070312,1020.0499877929688,3214
2025-04-30 10:42:00+05:30,1020.4000244140625,1022.5999755859375,1020.0,1021.9500122070312,5817
2025-04-30 10:43:00+05:30,1022.9500122070312,1023.7999877929688,1018.0499877929688,1019.0999755859375,8791
2025-04-30 10:44:00+05:30,1023.0,1024.25,1021.1500244140625,1022.25,1876
2025-04-30 10:45:00+05:30,1026.550048828125,1029.0,1024.25,1024.25,12383
2025-04-30 10:46:00+05:30,1037.4000244140625,1039.0,1027.699951171875,1027.699951171875,16051
2025-04-30 10:47:00+05:30,1039.4000244140625,1039.4000244140625,1034.050048828125,1038.949951171875,10081
2025-04-30 10:48:00+05:30,1048.699951171875,1055.5,1038.4000244140625,1038.4000244140625,31023
2025-04-30 10:49:00+05:30,1045.050048828125,1048.699951171875,1041.800048828125,1047.5999755859375,15652
2025-04-30 10:50:00+05:30,1044.0,1045.0,1038.0,1045.0,11374
2025-04-30 10:51:00+05:30,1041.6500244140625,1044.0,1040.75,1044.0,2597
2025-04-30 10:52:00+05:30,1043.5,1043.5,1040.4000244140625,1041.8499755859375,2844
2025-04-30 10:53:00+05:30,1049.0,1049.6500244140625,1042.699951171875,1043.5,9977
2025-04-30 10:54:00+05:30,1050.0,1051.0,1048.050048828125,1049.300048828125,23769
2025-04-30 10:55:00+05:30,1043.550048828125,1051.0,1040.9000244140625,1050.949951171875,11558
2025-04-30 10:56:00+05:30,1044.5999755859375,1045.800048828125,1042.75,1042.75,6389
2025-04-30 10:57:00+05:30,1046.75,1047.6500244140625,1044.3499755859375,1044.800048828125,5296
2025-04-30 10:58:00+05:30,1047.0,1047.300048828125,1045.5,1046.6500244140625,4137
2025-04-30 10:59:00+05:30,1046.050048828125,1047.0,1046.0,1047.0,5297
2025-04-30 11:00:00+05:30,1046.9000244140625,1047.0,1046.1500244140625,1046.5,3635
2025-04-30 11:01:00+05:30,1046.0,1047.0,1044.300048828125,1046.5,14044
2025-04-30 11:02:00+05:30,1046.6500244140625,1047.800048828125,1044.300048828125,1045.449951171875,18644
2025-04-30 11:03:00+05:30,1049.6500244140625,1052.550048828125,1045.949951171875,1045.949951171875,17825
2025-04-30 11:04:00+05:30,1045.6500244140625,1049.949951171875,1045.6500244140625,1048.6500244140625,11133
2025-04-30 11:05:00+05:30,1049.8499755859375,1049.8499755859375,1040.050048828125,1044.9000244140625,16852
2025-04-30 11:06:00+05:30,1047.0,1049.9000244140625,1046.0999755859375,1049.9000244140625,10036
2025-04-30 11:07:00+05:30,1047.800048828125,1048.9000244140625,1046.75,1047.0,4761
2025-04-30 11:08:00+05:30,1048.0,1048.5,1046.5,1048.5,4215
2025-04-30 11:09:00+05:30,1043.0,1047.800048828125,1043.0,1047.800048828125,5849
2025-04-30 11:10:00+05:30,1040.5,1043.3499755859375,1040.0,1043.300048828125,10044
2025-04-30 11:11:00+05:30,1040.0,1041.1500244140625,1037.949951171875,1040.75,18067
2025-04-30 11:12:00+05:30,1045.6500244140625,1046.9000244140625,1040.050048828125,1040.050048828125,9252
2025-04-30 11:13:00+05:30,1042.0,1047.550048828125,1042.0,1045.8499755859375,7591
2025-04-30 11:14:00+05:30,1042.3499755859375,1043.8499755859375,1042.0,1042.0,1354
2025-04-30 11:15:00+05:30,1043.8499755859375,1043.8499755859375,1042.199951171875,1043.0,2081
2025-04-30 11:16:00+05:30,1043.550048828125,1045.0,1042.5999755859375,1043.949951171875,3130
2025-04-30 11:17:00+05:30,1042.75,1044.1500244140625,1042.050048828125,1043.8499755859375,5581
2025-04-30 11:18:00+05:30,1044.050048828125,1044.6500244140625,1042.449951171875,1043.199951171875,1739
2025-04-30 11:19:00+05:30,1044.949951171875,1045.0,1044.050048828125,1044.050048828125,1703
2025-04-30 11:20:00+05:30,1044.0,1045.0,1044.0,1045.0,1186
2025-04-30 11:21:00+05:30,1045.050048828125,1045.050048828125,1043.3499755859375,1044.75,7442
2025-04-30 11:22:00+05:30,1045.0,1045.0,1043.800048828125,1045.0,1651
2025-04-30 11:23:00+05:30,1043.0999755859375,1045.0,1043.0999755859375,1045.0,2298
2025-04-30 11:24:00+05:30,1043.0,1044.550048828125,1043.0,1043.0999755859375,1458
2025-04-30 11:25:00+05:30,1044.050048828125,1044.9000244140625,1043.0,1043.0,4981
2025-04-30 11:26:00+05:30,1042.25,1044.1500244140625,1042.199951171875,1043.4000244140625,2031
2025-04-30 11:27:00+05:30,1042.9000244140625,1043.800048828125,1042.199951171875,1042.199951171875,3253
2025-04-30 11:28:00+05:30,1042.4000244140625,1043.300048828125,1042.1500244140625,1042.8499755859375,2003
2025-04-30 11:29:00+05:30,1042.050048828125,1042.800048828125,1042.050048828125,1042.5,1748
2025-04-30 11:30:00+05:30,1042.550048828125,1042.800048828125,1041.550048828125,1042.75,5785
2025-04-30 11:31:00+05:30,1041.550048828125,1042.0,1041.5,1042.0,3599
2025-04-30 11:32:00+05:30,1043.75,1044.4000244140625,1041.0,1041.5,7525
2025-04-30 11:33:00+05:30,1049.9000244140625,1051.3499755859375,1043.75,1043.75,25784
2025-04-30 11:34:00+05:30,1055.550048828125,1057.1500244140625,1049.0,1049.75,26655
2025-04-30 11:35:00+05:30,1050.75,1058.9000244140625,1049.6500244140625,1055.0,25820
2025-04-30 11:36:00+05:30,1049.75,1051.25,1047.800048828125,1050.1500244140625,13723
2025-04-30 11:37:00+05:30,1050.699951171875,1051.6500244140625,1048.550048828125,1050.199951171875,4298
2025-04-30 11:38:00+05:30,1050.5,1051.800048828125,1048.5,1050.0,7292
2025-04-30 11:39:00+05:30,1050.800048828125,1050.949951171875,1049.6500244140625,1050.699951171875,1764
2025-04-30 11:40:00+05:30,1050.0,1050.949951171875,1049.6500244140625,1050.300048828125,2645
2025-04-30 11:41:00+05:30,1049.0,1050.0,1049.0,1049.699951171875,6681
2025-04-30 11:42:00+05:30,1051.5,1052.550048828125,1048.5,1048.699951171875,11372
2025-04-30 11:43:00+05:30,1045.300048828125,1051.8499755859375,1045.300048828125,1051.050048828125,8249
2025-04-30 11:44:00+05:30,1045.050048828125,1046.050048828125,1042.050048828125,1044.550048828125,12864
2025-04-30 11:45:00+05:30,1047.0,1047.0,1044.25,1044.6500244140625,2012
2025-04-30 11:46:00+05:30,1045.550048828125,1047.0999755859375,1045.4000244140625,1047.0,1247
2025-04-30 11:47:00+05:30,1044.5999755859375,1045.5,1044.0,1045.5,3848
2025-04-30 11:48:00+05:30,1048.699951171875,1048.949951171875,1044.6500244140625,1044.6500244140625,4984
2025-04-30 11:49:00+05:30,1047.9000244140625,1049.300048828125,1046.800048828125,1049.300048828125,2538
2025-04-30 11:50:00+05:30,1046.8499755859375,1048.0,1045.449951171875,1048.0,2274
2025-04-30 11:51:00+05:30,1046.550048828125,1047.0,1045.1500244140625,1046.0,1634
2025-04-30 11:52:00+05:30,1044.3499755859375,1046.4000244140625,1044.0,1046.4000244140625,2431
2025-04-30 11:53:00+05:30,1044.300048828125,1046.0,1042.300048828125,1044.1500244140625,9519
2025-04-30 11:54:00+05:30,1046.800048828125,1046.800048828125,1043.050048828125,1043.199951171875,3772
2025-04-30 11:55:00+05:30,1050.0,1051.0,1045.550048828125,1045.550048828125,7823
2025-04-30 11:56:00+05:30,1049.050048828125,1049.800048828125,1048.0,1049.25,7687
2025-04-30 11:57:00+05:30,1047.6500244140625,1049.800048828125,1047.0,1049.449951171875,2090
2025-04-30 11:58:00+05:30,1046.4000244140625,1047.800048828125,1045.199951171875,1047.800048828125,3106
2025-04-30 11:59:00+05:30,1047.75,1048.25,1046.199951171875,1047.0,1321
2025-04-30 12:00:00+05:30,1050.300048828125,1050.4000244140625,1047.0,1047.1500244140625,5695
2025-04-30 12:01:00+05:30,1050.75,1050.75,1049.699951171875,1050.3499755859375,4308
2025-04-30 12:02:00+05:30,1055.0999755859375,1055.0999755859375,1050.0,1051.0,11141
2025-04-30 12:03:00+05:30,1055.0,1056.0,1053.6500244140625,1053.800048828125,11665
2025-04-30 12:04:00+05:30,1057.300048828125,1058.8499755859375,1054.75,1054.75,15013
2025-04-30 12:05:00+05:30,1055.9000244140625,1057.199951171875,1053.0,1057.199951171875,14533
2025-04-30 12:06:00+05:30,1056.800048828125,1057.5,1054.9000244140625,1054.9000244140625,6072
2025-04-30 12:07:00+05:30,1055.800048828125,1056.800048828125,1054.199951171875,1056.800048828125,5157
2025-04-30 12:08:00+05:30,1063.3499755859375,1063.3499755859375,1055.800048828125,1055.800048828125,33224
2025-04-30 12:09:00+05:30,1063.9000244140625,1064.449951171875,1059.1500244140625,1063.3499755859375,21873
2025-04-30 12:10:00+05:30,1062.050048828125,1064.0,1062.0,1063.9000244140625,10502
2025-04-30 12:11:00+05:30,1063.0,1063.0,1061.1500244140625,1062.300048828125,7191
2025-04-30 12:12:00+05:30,1060.449951171875,1062.949951171875,1056.25,1062.25,20473
2025-04-30 12:13:00+05:30,1060.449951171875,1060.800048828125,1058.449951171875,1060.699951171875,6113
2025-04-30 12:14:00+05:30,1056.199951171875,1060.800048828125,1056.199951171875,1060.800048828125,7509
2025-04-30 12:15:00+05:30,1060.5,1060.5,1056.550048828125,1056.5999755859375,9172
2025-04-30 12:16:00+05:30,1061.800048828125,1061.800048828125,1058.550048828125,1060.5,7468
2025-04-30 12:17:00+05:30,1060.9000244140625,1062.0,1059.550048828125,1061.0,5201
2025-04-30 12:18:00+05:30,1060.0,1061.5,1060.0,1061.5,5032
2025-04-30 12:19:00+05:30,1059.75,1062.25,1059.75,1060.0,10465
2025-04-30 12:20:00+05:30,1063.5,1063.5,1059.0999755859375,1059.449951171875,16522
2025-04-30 12:21:00+05:30,1067.25,1069.5999755859375,1063.449951171875,1063.800048828125,40726
2025-04-30 12:22:00+05:30,1066.1500244140625,1067.4000244140625,1065.4000244140625,1067.199951171875,11628
2025-04-30 12:23:00+05:30,1067.800048828125,1070.0,1065.8499755859375,1066.0,17750
2025-04-30 12:24:00+05:30,1068.300048828125,1069.949951171875,1066.5,1068.199951171875,14615
2025-04-30 12:25:00+05:30,1071.8499755859375,1074.1500244140625,1069.449951171875,1069.9000244140625,38235
2025-04-30 12:26:00+05:30,1065.550048828125,1073.0,1065.550048828125,1071.6500244140625,28066
2025-04-30 12:27:00+05:30,1063.949951171875,1066.25,1060.1500244140625,1066.25,30681
2025-04-30 12:28:00+05:30,1063.4000244140625,1064.75,1062.0999755859375,1064.0,12190
2025-04-30 12:29:00+05:30,1065.050048828125,1065.6500244140625,1061.449951171875,1062.5999755859375,10416
2025-04-30 12:30:00+05:30,1063.699951171875,1065.0999755859375,1063.3499755859375,1065.0,5979
2025-04-30 12:31:00+05:30,1064.949951171875,1066.699951171875,1064.300048828125,1064.300048828125,11002
2025-04-30 12:32:00+05:30,1066.0,1067.0,1064.300048828125,1065.0,6710
2025-04-30 12:33:00+05:30,1069.3499755859375,1070.199951171875,1065.0999755859375,1065.0999755859375,25520
2025-04-30 12:34:00+05:30,1067.1500244140625,1070.0,1066.5999755859375,1068.8499755859375,10927
2025-04-30 12:35:00+05:30,1066.5999755859375,1069.0,1065.050048828125,1067.199951171875,24134
2025-04-30 12:36:00+05:30,1066.25,1067.3499755859375,1065.25,1067.3499755859375,4464
2025-04-30 12:37:00+05:30,1068.449951171875,1068.5,1065.75,1067.0,3756
2025-04-30 12:38:00+05:30,1068.8499755859375,1069.449951171875,1067.75,1068.449951171875,5912
2025-04-30 12:39:00+05:30,1068.0,1069.0,1068.0,1068.8499755859375,3711
2025-04-30 12:40:00+05:30,1066.5,1068.550048828125,1066.5,1067.949951171875,2744
2025-04-30 12:41:00+05:30,1068.949951171875,1068.949951171875,1066.0999755859375,1066.9000244140625,10915
2025-04-30 12:42:00+05:30,1067.0,1070.0,1067.0,1069.8499755859375,19058
2025-04-30 12:43:00+05:30,1068.0999755859375,1069.0,1067.199951171875,1067.5999755859375,3746
2025-04-30 12:44:00+05:30,1068.300048828125,1069.050048828125,1067.0,1068.449951171875,8258
2025-04-30 12:45:00+05:30,1067.5,1069.3499755859375,1067.0999755859375,1069.050048828125,4251
2025-04-30 12:46:00+05:30,1067.0,1068.0,1066.0999755859375,1067.5,11896
2025-04-30 12:47:00+05:30,1066.699951171875,1066.8499755859375,1065.0,1066.0,9363
2025-04-30 12:48:00+05:30,1064.949951171875,1066.800048828125,1063.9000244140625,1066.699951171875,6213
2025-04-30 12:49:00+05:30,1064.5,1066.0,1063.6500244140625,1065.449951171875,6709
2025-04-30 12:50:00+05:30,1061.75,1064.8499755859375,1059.0999755859375,1064.8499755859375,22736
2025-04-30 12:51:00+05:30,1065.449951171875,1065.449951171875,1060.3499755859375,1061.449951171875,16080
2025-04-30 12:52:00+05:30,1066.449951171875,1067.949951171875,1064.050048828125,1065.800048828125,21141
2025-04-30 12:53:00+05:30,1068.300048828125,1068.8499755859375,1065.5,1065.5,12644
2025-04-30 12:54:00+05:30,1065.6500244140625,1068.0999755859375,1064.3499755859375,1067.25,11788
2025-04-30 12:55:00+05:30,1064.3499755859375,1066.4000244140625,1063.0,1066.199951171875,8139
2025-04-30 12:56:00+05:30,1063.9000244140625,1064.949951171875,1062.25,1062.699951171875,6356
2025-04-30 12:57:00+05:30,1058.4000244140625,1064.300048828125,1056.699951171875,1063.9000244140625,18420
2025-04-30 12:58:00+05:30,1054.0999755859375,1061.25,1052.8499755859375,1057.9000244140625,25575
2025-04-30 12:59:00+05:30,1055.5,1055.5,1052.0,1053.300048828125,25955
2025-04-30 13:00:00+05:30,1054.5,1056.5999755859375,1054.0,1055.5,8801
2025-04-30 13:01:00+05:30,1056.8499755859375,1057.0,1054.0,1054.5,7859
2025-04-30 13:02:00+05:30,1055.25,1058.0,1055.1500244140625,1056.8499755859375,4888
2025-04-30 13:03:00+05:30,1057.25,1057.5,1055.3499755859375,1055.5999755859375,2206
2025-04-30 13:04:00+05:30,1053.0,1057.0,1052.4000244140625,1057.0,5410
2025-04-30 13:05:00+05:30,1054.0,1054.300048828125,1052.9000244140625,1052.9000244140625,4075
2025-04-30 13:06:00+05:30,1056.3499755859375,1056.550048828125,1051.5,1054.25,16688
2025-04-30 13:07:00+05:30,1059.449951171875,1059.449951171875,1056.0,1056.199951171875,11428
2025-04-30 13:08:00+05:30,1061.0999755859375,1062.800048828125,1058.4000244140625,1059.449951171875,12328
2025-04-30 13:09:00+05:30,1059.4000244140625,1061.5999755859375,1059.0,1061.300048828125,7326
2025-04-30 13:10:00+05:30,1062.4000244140625,1063.699951171875,1059.0,1059.4000244140625,8111
2025-04-30 13:11:00+05:30,1060.699951171875,1063.0,1060.0,1062.300048828125,7346
2025-04-30 13:12:00+05:30,1060.0,1061.0,1059.0,1059.75,4849
2025-04-30 13:13:00+05:30,1059.75,1061.0999755859375,1059.050048828125,1059.050048828125,5579
2025-04-30 13:14:00+05:30,1059.050048828125,1060.0,1059.0,1059.8499755859375,1751
2025-04-30 13:15:00+05:30,1059.199951171875,1060.0,1058.4000244140625,1059.699951171875,3934
2025-04-30 13:16:00+05:30,1057.3499755859375,1059.3499755859375,1057.0999755859375,1059.25,9397
2025-04-30 13:17:00+05:30,1060.550048828125,1061.0,1056.9000244140625,1056.9000244140625,6470
2025-04-30 13:18:00+05:30,1060.6500244140625,1062.0,1060.0,1060.800048828125,7785
2025-04-30 13:19:00+05:30,1058.8499755859375,1061.0,1058.8499755859375,1060.6500244140625,1730
2025-04-30 13:20:00+05:30,1060.5,1060.949951171875,1058.699951171875,1058.699951171875,5338
2025-04-30 13:21:00+05:30,1055.75,1060.0,1055.5,1060.0,5347
2025-04-30 13:22:00+05:30,1054.5,1056.8499755859375,1054.0999755859375,1055.0,8177
2025-04-30 13:23:00+05:30,1055.0,1056.449951171875,1054.1500244140625,1055.8499755859375,7215
2025-04-30 13:24:00+05:30,1052.5,1055.0,1052.0,1055.0,10444
2025-04-30 13:25:00+05:30,1053.25,1053.75,1052.199951171875,1052.199951171875,8289
2025-04-30 13:26:00+05:30,1055.949951171875,1057.449951171875,1054.0999755859375,1054.550048828125,8194
2025-04-30 13:27:00+05:30,1056.4000244140625,1056.949951171875,1055.0,1055.949951171875,3657
2025-04-30 13:28:00+05:30,1056.0,1056.949951171875,1055.9000244140625,1056.949951171875,1776
2025-04-30 13:29:00+05:30,1050.0999755859375,1055.550048828125,1049.0,1055.449951171875,17454
2025-04-30 13:30:00+05:30,1052.0,1053.449951171875,1050.050048828125,1050.050048828125,6074
2025-04-30 13:31:00+05:30,1051.5,1052.0999755859375,1050.0999755859375,1052.0999755859375,13489
2025-04-30 13:32:00+05:30,1055.0,1055.9000244140625,1052.1500244140625,1052.800048828125,7372
2025-04-30 13:33:00+05:30,1055.5,1059.0,1054.4000244140625,1055.4000244140625,27527
2025-04-30 13:34:00+05:30,1053.0,1055.4000244140625,1053.0,1054.3499755859375,8236
2025-04-30 13:35:00+05:30,1055.550048828125,1056.3499755859375,1051.550048828125,1052.8499755859375,14662
2025-04-30 13:36:00+05:30,1054.1500244140625,1057.9000244140625,1054.050048828125,1055.300048828125,15526
2025-04-30 13:37:00+05:30,1053.4000244140625,1055.1500244140625,1052.0,1055.0,11828
2025-04-30 13:38:00+05:30,1054.9000244140625,1056.300048828125,1054.5,1054.5,4496
2025-04-30 13:39:00+05:30,1058.4000244140625,1061.949951171875,1055.0,1055.0,21334
2025-04-30 13:40:00+05:30,1057.800048828125,1059.5,1057.0,1058.0,8630
2025-04-30 13:41:00+05:30,1061.300048828125,1062.0,1056.5,1057.300048828125,15720
2025-04-30 13:42:00+05:30,1061.800048828125,1062.699951171875,1060.050048828125,1061.3499755859375,10306
2025-04-30 13:43:00+05:30,1060.9000244140625,1063.0,1060.050048828125,1061.0,18281
2025-04-30 13:44:00+05:30,1059.550048828125,1061.0,1058.699951171875,1060.9000244140625,2480
2025-04-30 13:45:00+05:30,1060.050048828125,1060.050048828125,1059.050048828125,1059.050048828125,1050
2025-04-30 13:46:00+05:30,1060.449951171875,1060.5999755859375,1059.199951171875,1060.199951171875,1496
2025-04-30 13:47:00+05:30,1059.8499755859375,1060.4000244140625,1059.25,1060.4000244140625,1154
2025-04-30 13:48:00+05:30,1056.3499755859375,1059.0,1056.3499755859375,1059.0,3175
2025-04-30 13:49:00+05:30,1054.3499755859375,1056.3499755859375,1054.3499755859375,1055.0,5858
2025-04-30 13:50:00+05:30,1055.0,1055.8499755859375,1054.199951171875,1055.199951171875,2629
2025-04-30 13:51:00+05:30,1051.800048828125,1055.1500244140625,1051.800048828125,1055.0,8039
2025-04-30 13:52:00+05:30,1052.699951171875,1052.699951171875,1050.199951171875,1051.949951171875,6719
2025-04-30 13:53:00+05:30,1052.25,1054.050048828125,1052.0,1052.0,3204
2025-04-30 13:54:00+05:30,1054.800048828125,1054.800048828125,1052.8499755859375,1052.8499755859375,1144
2025-04-30 13:55:00+05:30,1054.5,1055.300048828125,1054.300048828125,1054.3499755859375,949
2025-04-30 13:56:00+05:30,1053.199951171875,1054.949951171875,1053.199951171875,1054.949951171875,2325
2025-04-30 13:57:00+05:30,1052.0,1053.800048828125,1052.0,1053.050048828125,1283
2025-04-30 13:58:00+05:30,1046.9000244140625,1052.199951171875,1046.550048828125,1052.199951171875,19249
2025-04-30 13:59:00+05:30,1048.5,1048.699951171875,1046.75,1047.1500244140625,4532
2025-04-30 14:00:00+05:30,1043.050048828125,1048.550048828125,1042.9000244140625,1048.0,8104
2025-04-30 14:01:00+05:30,1043.25,1044.949951171875,1043.0,1043.199951171875,3237
2025-04-30 14:02:00+05:30,1044.0,1044.050048828125,1041.050048828125,1043.0,15733
2025-04-30 14:03:00+05:30,1043.8499755859375,1045.0,1043.550048828125,1044.3499755859375,7745
2025-04-30 14:04:00+05:30,1040.4000244140625,1044.699951171875,1038.5,1044.5,16042
2025-04-30 14:05:00+05:30,1041.0,1041.8499755859375,1040.4000244140625,1040.5,6445
2025-04-30 14:06:00+05:30,1039.199951171875,1041.0,1038.0,1041.0,5974
2025-04-30 14:07:00+05:30,1039.8499755859375,1041.0,1039.8499755859375,1041.0,4838
2025-04-30 14:08:00+05:30,1039.0,1041.4000244140625,1038.199951171875,1038.9000244140625,4537
2025-04-30 14:09:00+05:30,1039.050048828125,1040.5999755859375,1039.0,1039.0,592
2025-04-30 14:10:00+05:30,1042.0,1042.0999755859375,1039.949951171875,1039.949951171875,3999
2025-04-30 14:11:00+05:30,1033.050048828125,1042.550048828125,1032.449951171875,1042.550048828125,13513
2025-04-30 14:12:00+05:30,1034.5,1037.300048828125,1033.0,1033.75,10041
2025-04-30 14:13:00+05:30,1040.949951171875,1041.5999755859375,1034.9000244140625,1034.9000244140625,11960
2025-04-30 14:14:00+05:30,1042.0,1042.300048828125,1039.5,1041.199951171875,9276
2025-04-30 14:15:00+05:30,1045.199951171875,1046.699951171875,1040.800048828125,1042.0,5559
2025-04-30 14:16:00+05:30,1044.9000244140625,1047.050048828125,1044.5,1045.0,4989
2025-04-30 14:17:00+05:30,1040.550048828125,1044.8499755859375,1040.0,1044.8499755859375,9587
2025-04-30 14:18:00+05:30,1044.5,1044.5,1041.4000244140625,1041.4000244140625,1410
2025-04-30 14:19:00+05:30,1043.8499755859375,1044.199951171875,1043.0999755859375,1044.1500244140625,852
2025-04-30 14:20:00+05:30,1045.25,1046.4000244140625,1043.6500244140625,1043.6500244140625,8373
2025-04-30 14:21:00+05:30,1046.050048828125,1048.699951171875,1046.050048828125,1046.9000244140625,5048
2025-04-30 14:22:00+05:30,1046.449951171875,1047.550048828125,1045.75,1046.75,2045
2025-04-30 14:23:00+05:30,1044.949951171875,1046.3499755859375,1044.0,1046.1500244140625,3250
2025-04-30 14:24:00+05:30,1042.800048828125,1044.949951171875,1042.1500244140625,1044.949951171875,1983
2025-04-30 14:25:00+05:30,1043.800048828125,1044.5,1042.800048828125,1042.800048828125,1044
2025-04-30 14:26:00+05:30,1042.0,1044.1500244140625,1042.0,1043.0999755859375,5219
2025-04-30 14:27:00+05:30,1044.199951171875,1044.4000244140625,1042.0,1042.0,2182
2025-04-30 14:28:00+05:30,1044.699951171875,1045.6500244140625,1044.199951171875,1045.6500244140625,1869
2025-04-30 14:29:00+05:30,1044.300048828125,1044.9000244140625,1044.050048828125,1044.5,886
2025-04-30 14:30:00+05:30,1042.5,1044.3499755859375,1042.5,1044.1500244140625,1082
2025-04-30 14:31:00+05:30,1042.699951171875,1043.949951171875,1042.5,1042.550048828125,1222
2025-04-30 14:32:00+05:30,1042.949951171875,1045.449951171875,1042.6500244140625,1042.6500244140625,5199
2025-04-30 14:33:00+05:30,1042.9000244140625,1043.6500244140625,1042.699951171875,1043.199951171875,442
2025-04-30 14:34:00+05:30,1043.449951171875,1043.5999755859375,1042.0,1043.5999755859375,1649
2025-04-30 14:35:00+05:30,1042.8499755859375,1042.8499755859375,1040.699951171875,1042.0,10207
2025-04-30 14:36:00+05:30,1046.3499755859375,1046.5,1041.9000244140625,1042.0999755859375,5951
2025-04-30 14:37:00+05:30,1047.800048828125,1048.8499755859375,1045.8499755859375,1046.0,5705
2025-04-30 14:38:00+05:30,1045.3499755859375,1048.0,1045.3499755859375,1048.0,1503
2025-04-30 14:39:00+05:30,1046.050048828125,1046.449951171875,1045.0,1045.0,2244
2025-04-30 14:40:00+05:30,1052.5999755859375,1052.5999755859375,1045.800048828125,1046.449951171875,14002
2025-04-30 14:41:00+05:30,1053.4000244140625,1057.0,1052.75,1054.449951171875,15193
2025-04-30 14:42:00+05:30,1054.25,1055.800048828125,1052.4000244140625,1052.4000244140625,4556
2025-04-30 14:43:00+05:30,1052.0,1054.25,1052.0,1053.4000244140625,7500
2025-04-30 14:44:00+05:30,1052.5,1053.0,1052.0,1052.5999755859375,918
2025-04-30 14:45:00+05:30,1052.5999755859375,1052.9000244140625,1052.5,1052.9000244140625,419
2025-04-30 14:46:00+05:30,1056.199951171875,1056.9000244140625,1053.0,1053.0,12347
2025-04-30 14:47:00+05:30,1058.050048828125,1058.050048828125,1055.550048828125,1056.4000244140625,6713
2025-04-30 14:48:00+05:30,1058.4000244140625,1060.0,1057.949951171875,1057.949951171875,9230
2025-04-30 14:49:00+05:30,1059.550048828125,1060.0,1058.449951171875,1058.8499755859375,5473
2025-04-30 14:50:00+05:30,1055.5,1058.949951171875,1052.0,1058.949951171875,16008
2025-04-30 14:51:00+05:30,1057.800048828125,1059.0999755859375,1053.949951171875,1055.5,11843
2025-04-30 14:52:00+05:30,1056.5,1058.0,1056.0999755859375,1057.949951171875,2468
2025-04-30 14:53:00+05:30,1054.8499755859375,1057.0,1054.8499755859375,1056.5,3455
2025-04-30 14:54:00+05:30,1057.0,1059.0,1055.1500244140625,1055.1500244140625,9554
2025-04-30 14:55:00+05:30,1054.0,1056.0,1052.699951171875,1056.0,8889
2025-04-30 14:56:00+05:30,1054.0,1054.5999755859375,1053.0,1053.699951171875,3776
2025-04-30 14:57:00+05:30,1054.5,1056.0,1054.0,1054.0,2839
2025-04-30 14:58:00+05:30,1054.199951171875,1056.0,1054.199951171875,1054.5,2248
2025-04-30 14:59:00+05:30,1054.6500244140625,1055.0999755859375,1054.1500244140625,1054.199951171875,1745
2025-04-30 15:00:00+05:30,1046.0,1054.9000244140625,1046.0,1054.9000244140625,22905
2025-04-30 15:01:00+05:30,1044.5999755859375,1046.9000244140625,1043.300048828125,1045.0999755859375,13241
2025-04-30 15:02:00+05:30,1038.9000244140625,1045.949951171875,1038.0,1044.699951171875,10465
2025-04-30 15:03:00+05:30,1045.25,1045.449951171875,1038.0999755859375,1038.0999755859375,12230
2025-04-30 15:04:00+05:30,1045.800048828125,1046.0,1044.1500244140625,1045.8499755859375,9384
2025-04-30 15:05:00+05:30,1045.6500244140625,1046.3499755859375,1045.0,1045.800048828125,3252
2025-04-30 15:06:00+05:30,1045.300048828125,1047.6500244140625,1045.300048828125,1045.4000244140625,12094
2025-04-30 15:07:00+05:30,1045.0999755859375,1046.0999755859375,1045.0,1045.25,2473
2025-04-30 15:08:00+05:30,1050.550048828125,1051.3499755859375,1045.6500244140625,1045.6500244140625,7305
2025-04-30 15:09:00+05:30,1050.0,1050.699951171875,1049.6500244140625,1050.0,4184
2025-04-30 15:10:00+05:30,1045.449951171875,1050.800048828125,1045.449951171875,1050.800048828125,7083
2025-04-30 15:11:00+05:30,1047.300048828125,1047.949951171875,1044.75,1045.0,11775
2025-04-30 15:12:00+05:30,1047.550048828125,1047.550048828125,1045.300048828125,1047.300048828125,2021
2025-04-30 15:13:00+05:30,1045.25,1047.25,1045.25,1047.25,2671
2025-04-30 15:14:00+05:30,1045.9000244140625,1046.550048828125,1045.0,1045.5999755859375,3687
2025-04-30 15:15:00+05:30,1047.0999755859375,1048.4000244140625,1046.4000244140625,1046.4000244140625,9686
2025-04-30 15:16:00+05:30,1044.800048828125,1047.199951171875,1043.0,1047.199951171875,7885
2025-04-30 15:17:00+05:30,1044.050048828125,1046.0999755859375,1043.0,1043.9000244140625,3783
2025-04-30 15:18:00+05:30,1043.0,1044.0999755859375,1042.0,1044.0999755859375,7598
2025-04-30 15:19:00+05:30,1044.9000244140625,1044.9000244140625,1042.1500244140625,1042.1500244140625,8557
2025-04-30 15:20:00+05:30,1041.800048828125,1044.050048828125,1041.3499755859375,1043.800048828125,14802
2025-04-30 15:21:00+05:30,1041.8499755859375,1043.3499755859375,1041.0,1042.050048828125,1368
2025-04-30 15:22:00+05:30,1041.0,1043.449951171875,1041.0,1043.4000244140625,891
2025-04-30 15:23:00+05:30,1041.0,1041.199951171875,1041.0,1041.0,1399
2025-04-30 15:24:00+05:30,1040.9000244140625,1041.050048828125,1040.0,1041.050048828125,6953
2025-04-30 15:25:00+05:30,1040.0,1041.0,1040.0,1041.0,1773
2025-04-30 15:26:00+05:30,1039.6500244140625,1040.300048828125,1039.6500244140625,1040.300048828125,2090
2025-04-30 15:27:00+05:30,1039.550048828125,1040.0,1039.5,1040.0,2821
2025-04-30 15:28:00+05:30,1039.0,1039.6500244140625,1039.0,1039.5999755859375,4633
2025-04-30 15:29:00+05:30,1044.699951171875,1044.699951171875,1038.0,1039.4000244140625,5677
