timestamp,symbol,timeframe,filtered_price,volatility,features,regime_probs,hidden_state
1777778986.077281,^NSEI,1d,100.32150209099439,0.0,"[0.0, 0.0, 0.0, 0.5, 0.0, 100.32150209099439, 100.32150209099439, 0.0, 100.32150209099439, 0.5, 0.0, 0.0, 0.0, 0.0]","[0.34, 0.33, 0.33]","[0.0, 0.0, 0.0, 0.0]"
1777778987.077856,^NSEI,1d,99.81374155633748,0.0,"[-0.005061333054965198, 0.0, -0.5077605346569101, 0.5, -0.04050511387576705, 99.98299506788979, 100.06762182366593, 0.0, 100.06762182366593, 0.25, 0.0, 0.0, 0.0, 0.0]","[0.34, 0.33, 0.33]","[-0.5077605346569101, 0.0, 0.0, 0.0]"
1777778988.078225,^NSEI,1d,99.89785213855745,0.002952004215602945,"[0.0008426753762406923, 0.002952004215602945, -0.42364995243693215, 0.1427293653218203, -0.06506861689051391, 99.98273698111169, 100.01103192862978, 0.29489888064270126, 100.01103192862978, 0.3726627349484911, -38.33998253596867, 0.0, 0.0, 0.0]","[0.34, 0.33, 0.33]","[-0.42364995243693215, 0.002952004215602945, 0.0, 0.0]"
1777778989.078583,^NSEI,1d,100.18059869133869,0.003351400359508232,"[0.002830356676628709, 0.003351400359508232, -0.14090339965569854, 0.42052650736740377, -0.06101672339653419, 100.09034722555666, 100.053423619307, 0.33574529446990237, 100.053423619307, 0.6543634430169543, 37.946845613620226, 0.0, 0.0, 0.0]","[0.34, 0.33, 0.33]","[-0.14090339965569854, 0.003351400359508232, 0.0, 0.0]"
1777778990.078901,^NSEI,1d,99.95895702927847,0.002999650812687443,"[-0.0022124210171982554, 0.002999650812687443, -0.36254506171592027, 0.3355351982688323, -0.074827632038307, 100.05642972597425, 100.03453030130129, 0.29984196668826435, 100.03453030130129, 0.3995345186777703, -25.194023152019778, 0.0, 0.0, 0.0]","[0.34, 0.33, 0.33]","[-0.36254506171592027, 0.002999650812687443, 0.0, 0.0]"
1777778991.07924,^NSEI,1d,99.59752066356138,0.0028945292771388304,"[-0.0036158477084871567, 0.0028945292771388304, -0.2162208927760929, 0.25222305901937064, -0.11362793855801101, 99.93824572219204, 99.96169536167797, 0.28828793949111803, 99.96169536167797, 0.11525682653365368, -125.81482626306781, 0.0, 0.0, 0.0]","[0.34, 0.33, 0.33]","[-0.2162208927760929, 0.0028945292771388304, 0.0, 0.0]"
1777778992.079587,^NSEI,1d,99.35959780174547,0.0026657244174703855,"[-0.0023888432184935265, 0.0026657244174703855, -0.5382543368119883, 0.21667917442233203, -0.16171173533727767, 99.81580083436101, 99.87568142454475, 0.26486530597014973, 99.87568142454475, 0.07552259771532983, -193.5997657586146, 0.0, 0.0, 0.0]","[0.34, 0.33, 0.33]","[-0.5382543368119883, 0.0026657244174703855, 0.0, 0.0]"
1777778993.079868,^NSEI,1d,99.14382247056805,0.002476049486179302,"[-0.002171660674472064, 0.002476049486179302, -1.0367762207706335, 0.19207266639000578, -0.21475420384416566, 99.69507439475522, 99.78419905529768, 0.24548501068610196, 99.78419905529768, 0.07124413286076993, -258.6283466077908, 0.0, 0.0, 0.0]","[0.34, 0.33, 0.33]","[-1.0367762207706335, 0.002476049486179302, 0.0, 0.0]"
1777778994.080199,^NSEI,1d,98.97587407676993,0.002316135361456068,"[-0.0016939874781203314, 0.002316135361456068, -0.9830829525085392, 0.17644280931051498, -0.2672619447284177, 99.58424588599085, 99.6943851687946, 0.2292415218802298, 99.6943851687946, 0.08622839202864098, -310.21981874710843, 0.0, 0.0, 0.0]","[0.34, 0.33, 0.33]","[-0.9830829525085392, 0.002316135361456068, 0.0, 0.0]"
1777778995.080495,^NSEI,1d,98.757524311963,0.0021898316858264683,"[-0.0022060907957990768, 0.0021898316858264683, -0.839996351598387, 0.1595360115113712, -0.32277298284478206, 99.46955103763631, 99.60069908311144, 0.21626235595211435, 99.60069908311144, 0.07723590180760352, -385.0409036483626, 0.0, 0.0, 0.0]","[0.34, 0.33, 0.33]","[-0.839996351598387, 0.0021898316858264683, 0.0, 0.0]"
1777778996.080761,^NSEI,1d,98.66015656386347,0.002089799470907301,"[-0.0009859273891066399, 0.002089799470907301, -0.6994412378819987, 0.15298471891645904, -0.37035344010237736, 99.37264225714381, 99.51519521772526, 0.20617994298679335, 99.51519521772526, 0.10915534800606282, -409.14866032125855, 0.0, 0.0, 0.0]","[0.34, 0.33, 0.33]","[-0.6994412378819987, 0.002089799470907301, 0.0, 0.0]"
1777778997.08104,^NSEI,1d,98.64636118083648,0.0020402969973445273,"[-0.0001398272971324351, 0.0020402969973445273, -0.4974612897315751, 0.15209890725905026, -0.4045115105017487, 99.29967270193879, 99.44279238131787, 0.2012678745162244, 99.44279238131787, 0.1543682831679082, -390.3506212663935, 0.0, 0.0, 0.0]","[0.34, 0.33, 0.33]","[-0.4974612897315751, 0.0020402969973445273, 0.0, 0.0]"
1777778998.081317,^NSEI,1d,98.6414809179134,0.0019956943043863934,"[-4.9472305563651133e-05, 0.0019956943043863934, -0.3343931588565283, 0.15178794991281763, -0.4270530224096234, 99.19841242747334, 99.38115303797908, 0.1968582416441189, 99.38115303797908, 0.18828587789575657, -370.6339785807529, 0.0, 0.0, 0.0]","[0.34, 0.33, 0.33]","[-0.3343931588565283, 0.0019956943043863934, 0.0, 0.0]"
1777778999.081593,^NSEI,1d,98.72267333220609,0.002007170088730656,"[0.0008231061976883028, 0.002007170088730656, -0.03485097975691076, 0.17969064251118752, -0.4333701622524444, 99.12522179743223, 99.334118773281, 0.19815319699193165, 99.334118773281, 0.24363916314912143, -304.63060629884205, 0.0, 0.0, 0.0]","[0.34, 0.33, 0.33]","[-0.03485097975691076, 0.002007170088730656, 0.0, 0.0]"
1777779000.081859,^NSEI,1d,98.82787113222018,0.002022723066226705,"[0.0010655890532876994, 0.002022723066226705, 0.16771456835671472, 0.21319806151211765, -0.42498894973783763, 99.07947554124576, 99.30036893054361, 0.19990141452522206, 99.30036893054361, 0.29969894397431934, -233.59490293688776, 0.0, 0.0, 0.0]","[0.34, 0.33, 0.33]","[0.16771456835671472, 0.002022723066226705, 0.0, 0.0]"
1777779001.082143,^NSEI,1d,98.86377576992132,0.0019865213918978967,"[0.00036330477718274937, 0.0019865213918978967, 0.21741458908483935, 0.2770116237006775, -0.41071510615921625, 99.04629096104199, 99.2730818580047, 0.19639500545074565, 99.2730818580047, 0.3237893087983317, -206.04162117395447, 0.0, 0.0, 0.0]","[0.34, 0.33, 0.33]","[0.21741458908483935, 0.0019865213918978967, 0.0, 0.0]"
1777779002.082421,^NSEI,1d,98.92026280808969,0.001959448841278386,"[0.0005713623390212074, 0.001959448841278386, 0.2787818901762904, 0.2677229572306263, -0.39034529283307506, 99.02690201443394, 99.252327796245, 0.19382919433826476, 99.252327796245, 0.3542169946744783, -169.46856746648373, 0.0, 0.0, 0.0]","[0.34, 0.33, 0.33]","[0.2787818901762904, 0.001959448841278386, 0.0, 0.0]"
1777779003.082716,^NSEI,1d,98.9136538850705,0.001910474941333583,"[-6.681060918740186e-05, 0.001910474941333583, 0.19098055286441706, 0.15382607487506306, -0.3704648655069178, 99.0094792253011, 99.23351257895753, 0.18897205710317042, 99.23351257895753, 0.35690381789451625, -167.42365312771622, 0.0, 0.0, 0.0]","[0.34, 0.33, 0.33]","[0.19098055286441706, 0.001910474941333583, 0.0, 0.0]"
1777779004.083,^NSEI,1d,98.9594726811129,0.0018801007191208325,"[0.00046322013435713016, 0.0018801007191208325, 0.1316015488927178, 0.19792668531027574, -0.347012149649629, 99.00178591081061, 99.21908942643938, 0.18605377575157875, 99.21908942643938, 0.38141986701335806, -138.08661561912697, 0.0, 0.0, 0.0]","[0.34, 0.33, 0.33]","[0.1316015488927178, 0.0018801007191208325, 0.0, 0.0]"
1777779005.083268,^NSEI,1d,98.99923298514548,0.0018481702182053814,"[0.00040178370958692347, 0.0018481702182053814, 0.13545721522416443, 0.27543649264575565, -0.32151119816168716, 99.00139315301598, 99.20809660437469, 0.18296743402832172, 99.20809660437469, 0.4025155220093953, -113.01102959662309, 0.0, 0.0, 0.0]","[0.34, 0.33, 0.33]","[0.13545721522416443, 0.0018481702182053814, 0.0, 0.0]"
1777779006.083562,^NSEI,1d,99.02651979402896,0.001813786758932748,"[0.00027562646760675833, 0.001813786758932748, 0.10625698593926813, 0.35148730201444706, -0.2956911494421348, 99.0052587900949, 99.19945008959633, 0.17961299038560138, 99.19945008959633, 0.41751910636740824, -95.34213143617991, 0.0, 0.0, 0.0]","[0.34, 0.33, 0.33]","[0.10625698593926813, 0.001813786758932748, 0.0, 0.0]"
1777779007.083834,^NSEI,1d,99.01721304000488,0.0017739989026855966,"[-9.398244069809429e-05, 0.0017739989026855966, 0.10355915493437351, 0.43086450788042785, -0.27283448595787263, 99.00709790546567, 99.19116658734215, 0.1756564272799546, 99.19116658734215, 0.41531092536251635, -98.0573026702184, 0.0, 0.0, 0.0]","[0.34, 0.33, 0.33]","[0.10355915493437351, 0.0017739989026855966, 0.0, 0.0]"
1777779008.084117,^NSEI,1d,99.07055151215775,0.001749975347971581,"[0.0005386787863977102, 0.001749975347971581, 0.11107883104484984, 0.5597008465554656, -0.24756269786020368, 99.01685999880291, 99.18592245363848, 0.1733710228562247, 99.18592245363848, 0.4426381887821457, -65.92718098255598, 0.0, 0.0, 0.0]","[0.34, 0.33, 0.33]","[0.11107883104484984, 0.001749975347971581, 0.0, 0.0]"
1777779009.084397,^NSEI,1d,99.11310455801079,0.001723572482317286,"[0.00042952265030863675, 0.001723572482317286, 0.1138715728653068, 0.786857945788353, -0.22154709158617436, 99.03166685406566, 99.182888374654, 0.17082861965322338, 99.182888374654, 0.46457309859016294, -40.48789207250929, 0.0, 0.0, 0.0]","[0.34, 0.33, 0.33]","[0.1138715728653068, 0.001723572482317286, 0.0, 0.0]"
1777779010.084672,^NSEI,1d,99.13306033724233,0.001693518315357886,"[0.00020134349862744303, 0.001693518315357886, 0.10654054321337014, 0.9361567728752611, -0.19704782688479838, 99.04726585147745, 99.18089525315753, 0.1678836533385983, 99.18089525315753, 0.47522013483661824, -28.245880473453493, 0.0, 0.0, 0.0]","[0.34, 0.33, 0.33]","[0.10654054321337014, 0.001693518315357886, 0.0, 0.0]"
1777779011.084973,^NSEI,1d,99.13627903250419,0.0016625183479009166,"[3.246843435393539e-05, 0.0016625183479009166, 0.1190659924993156, 0.9608901151645945, -0.17535092498236793, 99.06096018702002, 99.17917924467086, 0.16481588283416315, 99.17917924467086, 0.4773400648580131, -25.804354111842898, 0.0, 0.0, 0.0]","[0.34, 0.33, 0.33]","[0.1190659924993156, 0.0016625183479009166, 0.0, 0.0]"
1777779012.085277,^NSEI,1d,99.1639973948683,0.0016366603571106545,"[0.00027959857515959474, 0.0016366603571106545, 0.09344588271055443, 0.971319720924085, -0.15414247521231061, 99.07681206515052, 99.17861695393742, 0.16229778338880516, 99.17861695393742, 0.49213098396604654, -8.93255525228647, 0.0, 0.0, 0.0]","[0.34, 0.33, 0.33]","[0.09344588271055443, 0.0016366603571106545, 0.0, 0.0]"
1777779013.085589,^NSEI,1d,99.20681071277079,0.0016145763718423667,"[0.0004317425580576788, 0.0016145763718423667, 0.09370615475999955, 0.9691674016233953, -0.13235425159724912, 99.09681185709209, 99.17962387389575, 0.1601769725026779, 99.17962387389575, 0.5149009318732725, 16.83837280736165, 0.0, 0.0, 0.0]","[0.34, 0.33, 0.33]","[0.09370615475999955, 0.0016145763718423667, 0.0, 0.0]"
1777779014.085905,^NSEI,1d,99.26555426508853,0.0015964050580120693,"[0.0005921322527725831, 0.0015964050580120693, 0.1324939278461983, 0.9660886996091418, -0.10908930012880091, 99.12277222755307, 99.18258699083344, 0.15846803291515885, 99.18258699083344, 0.5462504465491239, 51.971317579260266, 0.0, 0.0, 0.0]","[0.34, 0.33, 0.33]","[0.1324939278461983, 0.0015964050580120693, 0.0, 0.0]"
1777779015.08621,^NSEI,1d,99.33980301091773,0.001582002678767362,"[0.0007479809726436197, 0.001582002678767362, 0.20352397841354275, 0.9686334177349083, -0.0836956142668015, 99.15616157883994, 99.18782752483625, 0.15715583447149392, 99.18782752483625, 0.5859917041505349, 96.06525205121427, 0.0, 0.0, 0.0]","[0.34, 0.33, 0.33]","[0.20352397841354275, 0.001582002678767362, 0.0, 0.0]"
1777779016.086516,^NSEI,1d,99.50016333200551,0.0015943933062731483,"[0.0016142605101618255, 0.0015943933062731483, 0.3361659371372099, 0.9739359541938313, -0.050054203840659284, 99.2090849254808, 99.19790287345462, 0.15864239438963454, 99.19790287345462, 0.6724693985213, 189.57709955356992, 0.0, 0.0, 0.0]","[0.34, 0.33, 0.33]","[0.3361659371372099, 0.0015943933062731483, 0.0, 0.0]"
1777779017.086835,^NSEI,1d,99.63490982848548,0.0015945904263239487,"[0.0013542339225147762, 0.0015945904263239487, 0.4280991157146872, 0.9873960307793418, -0.012377546906208181, 99.27459644901998, 99.21155934079935, 0.15887687334015285, 99.21155934079935, 0.7417000949518391, 265.4916777984694, 0.0, 0.0, 0.0]","[0.34, 0.33, 0.33]","[0.4280991157146872, 0.0015945904263239487, 0.0, 0.0]"
1777779018.087145,^NSEI,1d,99.7417472751791,0.0015855074519753071,"[0.0010722892897432326, 0.0015855074519753071, 0.4761930100905687, 0.9883478070816948, 0.025804901390117152, 99.3464658068906, 99.22762564184116, 0.15814128357783425, 99.22762564184116, 0.7916662386554478, 324.26314534026113, 0.0, 0.0, 0.0]","[0.34, 0.33, 0.33]","[0.4761930100905687, 0.0015855074519753071, 0.0, 0.0]"
1777779019.08742,^NSEI,1d,99.81067305326596,0.0015684207455853888,"[0.0006910424167395421, 0.0015684207455853888, 0.47087004234822416, 0.9887512226987873, 0.06092420470170623, 99.41788230633297, 99.24477409511836, 0.15654513024758288, 99.24477409511836, 0.8177897699433029, 360.8081311984854, 0.0, 0.0, 0.0]","[0.34, 0.33, 0.33]","[0.47087004234822416, 0.0015684207455853888, 0.0, 0.0]"
1777779020.087701,^NSEI,1d,99.90101534126798,0.001555500568745174,"[0.0009051365474091853, 0.001555500568745174, 0.400852009262465, 0.9895393898066871, 0.09495182765309096, 99.49221046555374, 99.26352384500835, 0.1553960861815627, 99.26352384500835, 0.8524443117755703, 409.8304488399472, 0.0, 0.0, 0.0]","[0.34, 0.33, 0.33]","[0.400852009262465, 0.001555500568745174, 0.0, 0.0]"
1777779021.08799,^NSEI,1d,100.03167078423066,0.0015515220341157368,"[0.0013078489994956526, 0.0015515220341157368, 0.39676095574517944, 1.0, 0.1309522305134152, 99.5752043607348, 99.28486125998674, 0.15520134133114527, 99.28486125998674, 0.9029024056033587, 481.33994092423313, 0.0, 0.0, 0.0]","[0.34, 0.33, 0.33]","[0.39676095574517944, 0.0015515220341157368, 0.0, 0.0]"
1777779022.088264,^NSEI,1d,100.15203434506131,0.0015443207058568975,"[0.0012032545281611818, 0.0015443207058568975, 0.41028706988221586, 1.0, 0.16726699281481672, 99.66394743524657, 99.30829837039416, 0.15466686037276933, 99.30829837039416, 0.9410715187379761, 546.3476410484251, 0.0, 0.0, 0.0]","[0.34, 0.33, 0.33]","[0.41028706988221586, 0.0015443207058568975, 0.0, 0.0]"
1777779023.088714,^NSEI,1d,100.23478432221673,0.0015298578326940486,"[0.0008262435975120703, 0.0015298578326940486, 0.42411126895076734, 1.0, 0.20041369088312422, 99.75176849478044, 99.33267957965265, 0.15334496990374188, 99.33267957965265, 0.9559290114707741, 589.6657344790589, 0.0, 0.0, 0.0]","[0.34, 0.33, 0.33]","[0.42411126895076734, 0.0015298578326940486, 0.0, 0.0]"
1777779024.089078,^NSEI,1d,100.28308145500546,0.0015117485108498202,"[0.0004818400430081816, 0.0015117485108498202, 0.3820661137374799, 1.0, 0.227952172146189, 99.83350895019967, 99.35704885850785, 0.15160279905303573, 99.35704885850785, 0.9531772608140827, 612.5573068876665, 0.0, 0.0, 0.0]","[0.34, 0.33, 0.33]","[0.3820661137374799, 0.0015117485108498202, 0.0, 0.0]"
1777779025.089466,^NSEI,1d,100.3540226151428,0.0014965307538601438,"[0.0007074090575205059, 0.0014965307538601438, 0.32235183091214026, 1.0, 0.2525892836635819, 99.91358797557554, 99.38197320242372, 0.15018288111713757, 99.38197320242372, 0.9603391684745912, 649.5352068186864, 0.0, 0.0, 0.0]","[0.34, 0.33, 0.33]","[0.32235183091214026, 0.0014965307538601438, 0.0, 0.0]"
1777779026.089758,^NSEI,1d,100.44996288500339,0.001485077374916774,"[0.0009560181780507377, 0.001485077374916774, 0.29792853994207746, 1.0, 0.2766667084177925, 99.99610719241059, 99.40802173126714, 0.14917596719174822, 99.40802173126714, 0.9763568989257476, 701.6073177969183, 0.0, 0.0, 0.0]","[0.34, 0.33, 0.33]","[0.29792853994207746, 0.001485077374916774, 0.0, 0.0]"
1777779027.090059,^NSEI,1d,100.56239131994491,0.0014763926348138148,"[0.0011192481481574095, 0.0014763926348138148, 0.32760699772818214, 1.0, 0.30134654075993694, 100.08322782741587, 99.43550672147376, 0.14846957388403137, 99.43550672147376, 0.9957960925880763, 763.2689109244031, 0.0, 0.0, 0.0]","[0.34, 0.33, 0.33]","[0.32760699772818214, 0.0014763926348138148, 0.0, 0.0]"
1777779028.090344,^NSEI,1d,100.64604349183423,0.0014634541865718935,"[0.0008318435032355438, 0.0014634541865718935, 0.36296203682877604, 1.0, 0.3239215508566673, 100.169814852711, 99.46365873938912, 0.14729087371002167, 99.46365873938912, 1.0, 807.9410775507943, 0.0, 0.0, 0.0]","[0.34, 0.33, 0.33]","[0.36296203682877604, 0.0014634541865718935, 0.0, 0.0]"
1777779029.090634,^NSEI,1d,100.73521768161659,0.0014514553323867422,"[0.0008860178372495094, 0.0014514553323867422, 0.38119506647379353, 1.0, 0.34503072147514047, 100.25679990331186, 99.49255780625793, 0.14621266886312165, 99.49255780625793, 1.0, 856.1475145881694, 0.0, 0.0, 0.0]","[0.34, 0.33, 0.33]","[0.38119506647379353, 0.0014514553323867422, 0.0, 0.0]"
1777779030.090915,^NSEI,1d,100.82552254828342,0.0014398077706619468,"[0.0008964577507763391, 0.0014398077706619468, 0.3755596632800291, 1.0, 0.3648410784576157, 100.34429569484594, 99.5221792449696, 0.1451693708460698, 99.5221792449696, 1.0, 905.2203564053567, 0.0, 0.0, 0.0]","[0.34, 0.33, 0.33]","[0.3755596632800291, 0.0014398077706619468, 0.0, 0.0]"
1777779031.09132,^NSEI,1d,100.92061062056021,0.0014289439757555647,"[0.0009430952587551329, 0.0014289439757555647, 0.3582193006153034, 1.0, 0.38378965361459905, 100.4329595295712, 99.55257992704766, 0.1442098985758226, 99.55257992704766, 1.0, 957.3718191360127, 0.0, 0.0, 0.0]","[0.34, 0.33, 0.33]","[0.3582193006153034, 0.0014289439757555647, 0.0, 0.0]"
1777779032.091838,^NSEI,1d,101.04365364425513,0.0014221699705305741,"[0.0012192060961415923, 0.0014221699705305741, 0.3976101524208957, 1.0, 0.4040771300168018, 100.52691247029182, 99.5843048997542, 0.14370124992555186, 99.5843048997542, 1.0, 1026.1422859016523, 0.0, 0.0, 0.0]","[0.34, 0.33, 0.33]","[0.3976101524208957, 0.0014221699705305741, 0.0, 0.0]"
1777779033.092283,^NSEI,1d,101.17042643160462,0.0014158477904989983,"[0.0012546338416841534, 0.0014158477904989983, 0.4352087499880355, 1.0, 0.42547993781259663, 100.6259146181861, 99.61734909833443, 0.14324192472702887, 99.61734909833443, 1.0, 1096.923937510848, 0.0, 0.0, 0.0]","[0.34, 0.33, 0.33]","[0.4352087499880355, 0.0014158477904989983, 0.0, 0.0]"
1777779034.092675,^NSEI,1d,101.3170894023686,0.001412703318387624,"[0.0014496624748648256, 0.001412703318387624, 0.4915668540851783, 1.0, 0.4490993554022964, 100.73224920036803, 99.65203767596778, 0.14313098840810168, 99.65203767596778, 1.0, 1178.6280280711808, 0.0, 0.0, 0.0]","[0.34, 0.33, 0.33]","[0.4915668540851783, 0.001412703318387624, 0.0, 0.0]"
1777779035.093058,^NSEI,1d,101.4610893109139,0.0014087195574880708,"[0.0014212795629514456, 0.0014087195574880708, 0.5404786903536944, 1.0, 0.47397382792316023, 100.84437844814431, 99.6882187086667, 0.14293022083632825, 99.6882187086667, 1.0, 1258.4978981966199, 0.0, 0.0, 0.0]","[0.34, 0.33, 0.33]","[0.5404786903536944, 0.0014087195574880708, 0.0, 0.0]"
1777779036.093452,^NSEI,1d,101.6104839252412,0.0014053403456913626,"[0.0014724325881175237, 0.0014053403456913626, 0.5668302809860677, 1.0, 0.49997848271719647, 100.96224082923614, 99.7259101835015, 0.1427973126053651, 99.7259101835015, 1.0, 1341.0087794872045, 0.0, 0.0, 0.0]","[0.34, 0.33, 0.33]","[0.5668302809860677, 0.0014053403456913626, 0.0, 0.0]"
1777779037.093772,^NSEI,1d,101.77728061951925,0.001404685183909655,"[0.0016415303602014823, 0.001404685183909655, 0.606854187914621, 1.0, 0.5279604587208553, 101.08763156620277, 99.76535961496337, 0.14296503814485395, 99.76535961496337, 1.0, 1432.2931768640863, 0.0, 0.0, 0.0]","[0.34, 0.33, 0.33]","[0.606854187914621, 0.001404685183909655, 0.0, 0.0]"
1777779038.09409,^NSEI,1d,101.88653983985796,0.0013953374163901983,"[0.0010735128672494714, 0.0013953374163901983, 0.5694504374893654, 1.0, 0.5525828511299835, 101.2105405313805, 99.8053818833576, 0.14216610126508442, 99.8053818833576, 1.0, 1491.5087433722042, 0.0, 0.0, 0.0]","[0.34, 0.33, 0.33]","[0.5694504374893654, 0.0013953374163901983, 0.0, 0.0]"
1777779039.094371,^NSEI,1d,101.98121335305555,0.0013847708437275824,"[0.0009292053037270296, 0.0013847708437275824, 0.5201240421416458, 1.0, 0.5731289618921522, 101.32910558086897, 99.84567505872238, 0.14122061085927332, 99.84567505872238, 1.0, 1542.1600649712154, 0.0, 0.0, 0.0]","[0.34, 0.33, 0.33]","[0.5201240421416458, 0.0013847708437275824, 0.0, 0.0]"
1777779040.094653,^NSEI,1d,102.05673157776451,0.001373112733345278,"[0.0007405111414738349, 0.001373112733345278, 0.44624765252331144, 1.0, 0.5887192037835405, 101.44104804192982, 99.88587608634133, 0.14013539765302957, 99.88587608634133, 1.0, 1580.9739715503074, 0.0, 0.0, 0.0]","[0.34, 0.33, 0.33]","[0.44624765252331144, 0.001373112733345278, 0.0, 0.0]"
1777779041.094938,^NSEI,1d,102.10816629961616,0.0013607981451512303,"[0.0005039816683964371, 0.0013607981451512303, 0.33088568009691244, 1.0, 0.5983277847432191, 101.54368162003541, 99.92555984014982, 0.13894860330531103, 99.92555984014982, 1.0, 1603.916398066358, 0.0, 0.0, 0.0]","[0.34, 0.33, 0.33]","[0.33088568009691244, 0.0013607981451512303, 0.0, 0.0]"
1777779042.095239,^NSEI,1d,102.14902814135883,0.0013486332409084589,"[0.00040018191711294743, 0.0013486332409084589, 0.26248830150086633, 1.0, 0.6022969590843417, 101.63681185408517, 99.9645680559605, 0.13776157487793012, 99.9645680559605, 1.0, 1619.7584481358654, 0.0, 0.0, 0.0]","[0.34, 0.33, 0.33]","[0.26248830150086633, 0.0013486332409084589, 0.0, 0.0]"
1777779043.095534,^NSEI,1d,102.2397398940803,0.0013388050600648372,"[0.0008880334387121508, 0.0013388050600648372, 0.25852654102475014, 1.0, 0.6057791932258709, 101.72957001408443, 100.00379515661774, 0.1368790811099075, 100.00379515661774, 1.0, 1670.1047853481189, 0.0, 0.0, 0.0]","[0.34, 0.33, 0.33]","[0.25852654102475014, 0.0013388050600648372, 0.0, 0.0]"
1777779044.095841,^NSEI,1d,102.29820028266946,0.0013275766781283163,"[0.0005717971177324835, 0.0013275766781283163, 0.2414687049049462, 1.0, 0.606267479540719, 101.81705159386675, 100.04268337909319, 0.1358087049097715, 100.04268337909319, 1.0, 1698.9729789138844, 0.0, 0.0, 0.0]","[0.34, 0.33, 0.33]","[0.2414687049049462, 0.0013275766781283163, 0.0, 0.0]"
1777779045.09618,^NSEI,1d,102.38807847090739,0.001318130691495083,"[0.0008785901217184846, 0.001318130691495083, 0.2799121712912296, 1.0, 0.6069107789397918, 101.90490188264222, 100.08177329729008, 0.13496086867570997, 100.08177329729008, 1.0, 1749.6786839864785, 0.0, 0.0, 0.0]","[0.34, 0.33, 0.33]","[0.2799121712912296, 0.001318130691495083, 0.0, 0.0]"
1777779046.096474,^NSEI,1d,102.4180263181234,0.0013071184186295851,"[0.0002924934979077366, 0.0013071184186295851, 0.26899817676456905, 1.0, 0.6028874283444594, 101.98384410348548, 100.12007252713981, 0.13387248860010867, 100.12007252713981, 0.9917386368838481, 1758.0303040889096, 0.0, 0.0, 0.0]","[0.34, 0.33, 0.33]","[0.26899817676456905, 0.0013071184186295851, 0.0, 0.0]"
1777779047.096755,^NSEI,1d,102.43638356963534,0.0012965322265642652,"[0.00017923848146539866, 0.0012965322265642652, 0.1966436755550376, 1.0, 0.5943291147126644, 102.05346555981623, 100.15743238266393, 0.1328120724707304, 100.15743238266393, 0.9767712966275957, 1757.7281461105674, 0.0, 0.0, 0.0]","[0.34, 0.33, 0.33]","[0.1966436755550376, 0.0012965322265642652, 0.0, 0.0]"
1777779048.097083,^NSEI,1d,102.4601860300935,0.0012861091966741517,"[0.00023236334228820285, 0.0012861091966741517, 0.16198574742404048, 1.0, 0.5827496736449689, 102.1160379398589, 100.19398402786122, 0.1317749875462477, 100.19398402786122, 0.9644212138743677, 1762.0603352286273, 0.0, 0.0, 0.0]","[0.34, 0.33, 0.33]","[0.16198574742404048, 0.0012861091966741517, 0.0, 0.0]"
1777779049.097369,^NSEI,1d,102.50333700678178,0.0012759003622717553,"[0.00042114872478962045, 0.0012759003622717553, 0.11525853587438917, 1.0, 0.5704786832149722, 102.1756224116932, 100.23006766815686, 0.1307840448210167, 100.23006766815686, 0.9569336606726528, 1781.6981684818488, 0.0, 0.0, 0.0]","[0.34, 0.33, 0.33]","[0.11525853587438917, 0.0012759003622717553, 0.0, 0.0]"
1777779050.097652,^NSEI,1d,102.56943059211649,0.0012664485969407905,"[0.0006447944746456382, 0.0012664485969407905, 0.1514042739930943, 1.0, 0.5596359005604512, 102.23619674001142, 100.26519155098688, 0.12989891146240173, 100.26519155098688, 0.9510536812025636, 1819.4493220614577, 0.0, 0.0, 0.0]","[0.34, 0.33, 0.33]","[0.1514042739930943, 0.0012664485969407905, 0.0, 0.0]"
1777779051.097939,^NSEI,1d,102.6605777344349,0.0010690088380848081,"[0.0008886384743702668, 0.0010690088380848081, 0.224194164799556, 1.0, 0.552034222932761, 102.3014880362975, 100.30967336626966, 0.10974506492100337, 100.30967336626966, 0.9487133667063689, 2199.143996205882, 0.0, 0.0, 0.0]","[0.34, 0.33, 0.33]","[0.224194164799556, 0.0010690088380848081, 0.0, 0.0]"
1777779052.09824,^NSEI,1d,102.7375224068368,0.0010685229200778456,"[0.0007495055463349342, 0.0010685229200778456, 0.2773363767433068, 1.0, 0.5459255408470369, 102.36857667631546, 100.35404321421153, 0.10977739744371635, 100.35404321421153, 0.9437573601883387, 2230.6299170930547, 0.0, 0.0, 0.0]","[0.34, 0.33, 0.33]","[0.2773363767433068, 0.0010685229200778456, 0.0, 0.0]"
1777779053.098543,^NSEI,1d,102.79699727586762,0.0010253926584811355,"[0.0005789011418370002, 0.0010253926584811355, 0.29366026908584786, 1.0, 0.5396625966757966, 102.43448249803842, 100.3949244420948, 0.10540728632057994, 100.3949244420948, 0.9363310612937683, 2342.588289378719, 0.0, 0.0, 0.0]","[0.34, 0.33, 0.33]","[0.29366026908584786, 0.0010253926584811355, 0.0, 0.0]"
1777779054.098834,^NSEI,1d,102.88380530105655,0.0009722498000383843,"[0.0008444607088665269, 0.0009722498000383843, 0.3143747089400648, 1.0, 0.5355305871928806, 102.50360086468264, 100.44062519634133, 0.1000287591311403, 100.44062519634133, 0.9334271713112324, 2512.9139698653253, 0.0, 0.0, 0.0]","[0.34, 0.33, 0.33]","[0.3143747089400648, 0.0009722498000383843, 0.0, 0.0]"
1777779055.09913,^NSEI,1d,102.96194312197666,0.0008268183011496433,"[0.0007594763888394269, 0.0008268183011496433, 0.30136538754176456, 1.0, 0.5324235616350279, 102.57410964815969, 100.49319429725406, 0.08513081889517894, 100.49319429725406, 0.9288334164985995, 2985.8420178773767, 0.0, 0.0, 0.0]","[0.34, 0.33, 0.33]","[0.30136538754176456, 0.0008268183011496433, 0.0, 0.0]"
1777779056.099415,^NSEI,1d,102.99535786726382,0.0007417919698541537,"[0.0003245349133278769, 0.0007417919698541537, 0.25783546042701744, 1.0, 0.5265873411025126, 102.63891216012695, 100.55000304827779, 0.07640112939819113, 100.55000304827779, 0.9173291850718658, 3296.55067507245, 0.0, 0.0, 0.0]","[0.34, 0.33, 0.33]","[0.25783546042701744, 0.0007417919698541537, 0.0, 0.0]"
1777779057.099696,^NSEI,1d,102.9908414184654,0.0006619087174530023,"[-4.385099379184858e-05, 0.0006619087174530023, 0.1938441425977686, 0.9940820224936828, 0.5156535217942206, 102.69305130409336, 100.61011271933869, 0.06817053575270197, 100.61011271933869, 0.9008652587116175, 3596.762871302939, 0.0, 0.0, 0.0]","[0.34, 0.33, 0.33]","[0.1938441425977686, 0.0006619087174530023, 0.0, 0.0]"
1777779058.10005,^NSEI,1d,102.95709461905545,0.0006075305151153381,"[-0.0003276679648904134, 0.0006075305151153381, 0.07328931799889915, 0.9481528971359873, 0.4985186933599266, 102.73366838765452, 100.67231929031189, 0.06254957672869337, 100.67231929031189, 0.8812255116375634, 3760.7581379016083, 0.0, 0.0, 0.0]","[0.34, 0.33, 0.33]","[0.07328931799889915, 0.0006075305151153381, 0.0, 0.0]"
1777779059.100362,^NSEI,1d,102.94117972383386,0.0005028587963771705,"[-0.00015457793637713103, 0.0005028587963771705, -0.02076339814280459, 0.9183288934429668, 0.47814328122582594, 102.7655909946316, 100.73768890612237, 0.05176487773357308, 100.73768890612237, 0.8661271121126659, 4381.927558166347, 0.0, 0.0, 0.0]","[0.34, 0.33, 0.33]","[-0.02076339814280459, 0.0005028587963771705, 0.0, 0.0]"
1777779060.100655,^NSEI,1d,102.93105976791146,0.0004686638518554163,"[-9.830814013926045e-05, 0.0004686638518554163, -0.06429809935235653, 0.9000546922432747, 0.45592342302749955, 102.7910474152993, 100.80442176868561, 0.04824006694638946, 100.80442176868561, 0.8531019461254796, 4537.661675434531, 0.0, 0.0, 0.0]","[0.34, 0.33, 0.33]","[-0.06429809935235653, 0.0004686638518554163, 0.0, 0.0]"
1777779061.100943,^NSEI,1d,102.94434590810738,0.00046261852151669564,"[0.0001290780472470958, 0.00046261852151669564, -0.0464955103580138, 0.8992457440664662, 0.43437885672788923, 102.81463168783952, 100.87157778004924, 0.047623961102511936, 100.87157778004924, 0.844593111939981, 4480.512628985475, 0.0, 0.0, 0.0]","[0.34, 0.33, 0.33]","[-0.0464955103580138, 0.00046261852151669564, 0.0, 0.0]"
1777779062.101241,^NSEI,1d,102.94389147201463,0.0004615611791243943,"[-4.414386130134626e-06, 0.0004615611791243943, -0.01320314704082648, 0.8946587827340582, 0.41251277305296696, 102.83451965465639, 100.93880294495708, 0.04751490393147675, 100.93880294495708, 0.8344620158190443, 4344.1446502526705, 0.0, 0.0, 0.0]","[0.34, 0.33, 0.33]","[-0.01320314704082648, 0.0004615611791243943, 0.0, 0.0]"
1777779063.101535,^NSEI,1d,102.94925631774784,0.0004673648645079244,"[5.211426978812091e-05, 0.0004673648645079244, 0.008076593913983743, 0.8877173016767237, 0.3911081906532843, 102.85217384099349, 101.00484330410615, 0.0481148652301358, 101.00484330410615, 0.8256442725474091, 4160.374819123196, 0.0, 0.0, 0.0]","[0.34, 0.33, 0.33]","[0.008076593913983743, 0.0004673648645079244, 0.0, 0.0]"
1777779064.101821,^NSEI,1d,102.9754544405161,0.0004670659061826131,"[0.0002544760759359419, 0.0004670659061826131, 0.04439467260463914, 0.8793054089598585, 0.3719710240293068, 102.87114090348301, 101.06964929329828, 0.04809632394282604, 101.06964929329828, 0.8204444331337467, 4080.377355723089, 0.0, 0.0, 0.0]","[0.34, 0.33, 0.33]","[0.04439467260463914, 0.0004670659061826131, 0.0, 0.0]"
1777779065.102165,^NSEI,1d,102.99133638756064,0.00046973202320272836,"[0.00015423041472186893, 0.00046973202320272836, 0.04699047945325674, 0.8595004350452505, 0.3540054673328257, 102.8896338008352, 101.13414242794889, 0.048378328813681634, 101.13414242794889, 0.8138713255154045, 3953.7307823916776, 0.0, 0.0, 0.0]","[0.34, 0.33, 0.33]","[0.04699047945325674, 0.00046973202320272836, 0.0, 0.0]"
1777779066.102492,^NSEI,1d,103.02224918569682,0.0004715466541948342,"[0.0003001495001468792, 0.0004715466541948342, 0.07835771368219469, 0.8438197217325322, 0.3383616165833985, 102.91003601746155, 101.198235965099, 0.048579796911141816, 101.198235965099, 0.8100389754305276, 3868.1500639895794, 0.0, 0.0, 0.0]","[0.34, 0.33, 0.33]","[0.07835771368219469, 0.0004715466541948342, 0.0, 0.0]"
1777779067.102809,^NSEI,1d,103.03115367767035,0.00046835431110429265,"[8.64327079238399e-05, 0.00046835431110429265, 0.08189735992250746, 0.8220543539349304, 0.3229593953664107, 102.92867054548742, 101.26257189935838, 0.0482550850029858, 101.26257189935838, 0.8029504984897654, 3776.162055905882, 0.0, 0.0, 0.0]","[0.34, 0.33, 0.33]","[0.08189735992250746, 0.00046835431110429265, 0.0, 0.0]"
1777779068.103123,^NSEI,1d,103.02862249027885,0.000475050546822935,"[-2.4567204201323494e-05, 0.000475050546822935, 0.05316804976274625, 0.7592425310257903, 0.30700976099859645, 102.94404867184329, 101.3261523651266, 0.048943803452420706, 101.3261523651266, 0.7942757418685078, 3583.7662676911, 0.0, 0.0, 0.0]","[0.34, 0.33, 0.33]","[0.05316804976274625, 0.000475050546822935, 0.0, 0.0]"
1777779069.103466,^NSEI,1d,103.01446394407057,0.000483724562608567,"[-0.00013742342531673307, 0.000483724562608567, 0.02312755650993381, 0.6219522759392698, 0.289885465303513, 102.95488241110216, 101.3888903488598, 0.04983062651370153, 101.3888903488598, 0.783986641270403, 3360.5355627272365, 0.0, 0.0, 0.0]","[0.34, 0.33, 0.33]","[0.02312755650993381, 0.000483724562608567, 0.0, 0.0]"
1777779070.103784,^NSEI,1d,102.96286075957967,0.0005016559119678335,"[-0.0005009314470530823, 0.0005016559119678335, -0.05938842611715245, 0.4305049482056842, 0.2690489629015076, 102.95610963771004, 101.45039567644653, 0.051651927813164, 101.45039567644653, 0.7676649746680034, 3014.9451985928486, 0.0, 0.0, 0.0]","[0.34, 0.33, 0.33]","[-0.05938842611715245, 0.0005016559119678335, 0.0, 0.0]"
1777779071.104086,^NSEI,1d,102.92904642917406,0.0005075990330557864,"[-0.0003284128874833985, 0.0005075990330557864, -0.1021072484962815, 0.382516053040067, 0.24696054334732764, 102.95194727999032, 101.5115180731523, 0.052246684440802896, 101.5115180731523, 0.7548592280125344, 2792.614374160899, 0.0, 0.0, 0.0]","[0.34, 0.33, 0.33]","[-0.1021072484962815, 0.0005075990330557864, 0.0, 0.0]"
1777779072.104384,^NSEI,1d,102.8819408832997,0.0005244161644140578,"[-0.0004576506584734831, 0.0005244161644140578, -0.14668160697914345, 0.3639827756282773, 0.22308272900183113, 102.94117803269722, 101.57107103207639, 0.05395295282549387, 101.57107103207639, 0.7398950428502772, 2499.6747624817804, 0.0, 0.0, 0.0]","[0.34, 0.33, 0.33]","[-0.14668160697914345, 0.0005244161644140578, 0.0, 0.0]"
1777779073.104675,^NSEI,1d,102.83737080859358,0.0005392506412643213,"[-0.0004332157259424752, 0.0005392506412643213, -0.17709313547699423, 0.32973573417638263, 0.1982773388229475, 102.92520814428721, 101.62926269224175, 0.05545511815447088, 101.62926269224175, 0.7255276154796375, 2240.3461839550273, 0.0, 0.0, 0.0]","[0.34, 0.33, 0.33]","[-0.17709313547699423, 0.0005392506412643213, 0.0, 0.0]"
1777779074.104985,^NSEI,1d,102.81014961849118,0.0005473556490323184,"[-0.0002647013424046073, 0.0005473556490323184, -0.1527111410884885, 0.31219438940807254, 0.17441185455697905, 102.90750690581382, 101.68671721226127, 0.056273716171539, 101.68671721226127, 0.7144898767176595, 2052.472479668474, 0.0, 0.0, 0.0]","[0.34, 0.33, 0.33]","[-0.1527111410884885, 0.0005473556490323184, 0.0, 0.0]"
1777779075.10528,^NSEI,1d,102.79870306331338,0.0005498446750741441,"[-0.00011133682054032821, 0.0005498446750741441, -0.13034336586068207, 0.27247185662864937, 0.15281311057879066, 102.8907684833889, 101.74394258774265, 0.05652331948389097, 101.74394258774265, 0.7066014645588742, 1918.2880609483059, 0.0, 0.0, 0.0]","[0.34, 0.33, 0.33]","[-0.13034336586068207, 0.0005498446750741441, 0.0, 0.0]"
1777779076.105582,^NSEI,1d,102.80961628962991,0.0005516795318383429,"[0.00010616112841239555, 0.0005516795318383429, -0.07232459366979072, 0.296893650175753, 0.13502012852906375, 102.8782845040034, 101.80090538297331, 0.056717960983142704, 101.80090538297331, 0.703243765725393, 1828.4363447295386, 0.0, 0.0, 0.0]","[0.34, 0.33, 0.33]","[-0.07232459366979072, 0.0005516795318383429, 0.0, 0.0]"
1777779077.105906,^NSEI,1d,102.81764833029077,0.000554743113156732,"[7.812538311808573e-05, 0.000554743113156732, -0.019722478302810487, 0.30254208299862884, 0.12018179964218234, 102.86895719762018, 101.85732472074704, 0.05703738232219957, 101.85732472074704, 0.6995607612503174, 1731.1140720234594, 0.0, 0.0, 0.0]","[0.34, 0.33, 0.33]","[-0.019722478302810487, 0.000554743113156732, 0.0, 0.0]"
1777779078.106262,^NSEI,1d,102.81241418894699,0.0005598502290342074,"[-5.0907032292386104e-05, 0.0005598502290342074, 0.002264570455807302, 0.23897179439788543, 0.10676919679293917, 102.86025996149647, 101.91274440705735, 0.05755955363124177, 101.91274440705735, 0.6933244172261629, 1606.982966572425, 0.0, 0.0, 0.0]","[0.34, 0.33, 0.33]","[0.002264570455807302, 0.0005598502290342074, 0.0, 0.0]"
1777779079.106565,^NSEI,1d,102.80542737894011,0.0005644421995525771,"[-6.795687137584957e-05, 0.0005644421995525771, 0.006724315626726707, 0.19364793611328524, 0.0944866519185723, 102.85182782588002, 101.96689478780769, 0.05802772155571169, 101.96689478780769, 0.6867837284847146, 1485.595144723604, 0.0, 0.0, 0.0]","[0.34, 0.33, 0.33]","[0.006724315626726707, 0.0005644421995525771, 0.0, 0.0]"
1777779080.106871,^NSEI,1d,102.74515249533702,0.0005647430849859352,"[-0.000586300598517165, 0.0005647430849859352, -0.06446379429289095, 0.08370714408386448, 0.07897855166496015, 102.83541930046711, 102.01759774348474, 0.05802461438756699, 102.01759774348474, 0.668052391655148, 1288.2933340749112, 0.0, 0.0, 0.0]","[0.34, 0.33, 0.33]","[-0.06446379429289095, 0.0005647430849859352, 0.0, 0.0]"
1777779081.107207,^NSEI,1d,102.64175884434815,0.0005845962773087358,"[-0.00100631171863383, 0.0005845962773087358, -0.17588948594261922, 0.04436360423422542, 0.057680363619127206, 102.80562781343919, 102.0645797593576, 0.06000399011682694, 102.0645797593576, 0.638424190100637, 987.3122826708124, 0.0, 0.0, 0.0]","[0.34, 0.33, 0.33]","[-0.17588948594261922, 0.0005845962773087358, 0.0, 0.0]"
1777779082.107551,^NSEI,1d,102.50112828757992,0.0006222068310968219,"[-0.0013701105510232907, 0.0006222068310968219, -0.31128590136707146, 0.03350940700371709, 0.029118030979290666, 102.7587832997903, 102.10769508767636, 0.06377690221566391, 102.10769508767636, 0.5981899457490759, 632.3189978644458, 0.0, 0.0, 0.0]","[0.34, 0.33, 0.33]","[-0.31128590136707146, 0.0006222068310968219, 0.0, 0.0]"
1777779083.108193,^NSEI,1d,102.33495376371823,0.0006710233873661052,"[-0.001621197021319227, 0.0006710233873661052, -0.47047361522187714, 0.026389530051035736, -0.006847781750067838, 102.693580810006, 102.14713697377718, 0.06866914732048396, 102.14713697377718, 0.5489467227256354, 279.89604159442115, 0.0, 0.0, 0.0]","[0.34, 0.33, 0.33]","[-0.47047361522187714, 0.0006710233873661052, 0.0, 0.0]"
1777779084.108647,^NSEI,1d,102.18676150882449,0.0007054120515778712,"[-0.0014481098534124058, 0.0007054120515778712, -0.5583909865125349, 0.023237698438283588, -0.04676969203667625, 102.61561158070216, 102.18285175764524, 0.07208377308003852, 102.18285175764524, 0.5010663699111476, 5.542506922734249, 0.0, 0.0, 0.0]","[0.34, 0.33, 0.33]","[-0.5583909865125349, 0.0007054120515778712, 0.0, 0.0]"
1777779085.108996,^NSEI,1d,102.01623744698684,0.0007383338243064271,"[-0.001668749056333757, 0.0007383338243064271, -0.625521397361311, 0.019878094707062813, -0.09111761309686983, 102.52340291237361, 102.21386061175082, 0.07532203873558634, 102.21386061175082, 0.44359890244724665, -267.66099325007156, 0.0, 0.0, 0.0]","[0.34, 0.33, 0.33]","[-0.625521397361311, 0.0007383338243064271, 0.0, 0.0]"
1777779086.109308,^NSEI,1d,101.84025684772921,0.0007713851397841743,"[-0.0017250253847979505, 0.0007713851397841743, -0.660871439850709, 0.01748746115036212, -0.13886309634011695, 102.41830539940374, 102.240239088355, 0.07855806076414182, 102.240239088355, 0.3806858278833404, -518.524690192632, 0.0, 0.0, 0.0]","[0.34, 0.33, 0.33]","[-0.660871439850709, 0.0007713851397841743, 0.0, 0.0]"
1777779087.109726,^NSEI,1d,101.7095130530668,0.0007913775308802377,"[-0.001283812499195626, 0.0007913775308802377, -0.6254407106514321, 0.016181373489232983, -0.1851177452206798, 102.30926152123716, 102.26328172477454, 0.08049062330696731, 102.26328172477454, 0.32740744619778767, -699.7528361612626, 0.0, 0.0, 0.0]","[0.34, 0.33, 0.33]","[-0.6254407106514321, 0.0007913775308802377, 0.0, 0.0]"
1777779088.110122,^NSEI,1d,101.57262485486665,0.0008143659431959657,"[-0.001345874088776069, 0.0008143659431959657, -0.6141366539578428, 0.014778415119575356, -0.23016739482430637, 102.19593441641284, 102.28343084039736, 0.08271728644282347, 102.28343084039736, 0.2684945291036737, -872.8336339080751, 0.0, 0.0, 0.0]","[0.34, 0.33, 0.33]","[-0.6141366539578428, 0.0008143659431959657, 0.0, 0.0]"
1777779089.110466,^NSEI,1d,101.4630480343369,0.0008270077484206704,"[-0.0010788026861206295, 0.0008270077484206704, -0.5531894126499424, 0.01371440232738479, -0.27158088495690436, 102.0831848468394, 102.30075936257228, 0.08391072690277529, 102.30075936257228, 0.2153329773966377, -1012.9425387309323, 0.0, 0.0, 0.0]","[0.34, 0.33, 0.33]","[-0.5531894126499424, 0.0008270077484206704, 0.0, 0.0]"
1777779090.110793,^NSEI,1d,101.32894907386128,0.0008413894099039436,"[-0.0013216531838293514, 0.0008413894099039436, -0.5113077738679266, 0.005331722154385687, -0.31162976569750356, 101.96715113050095, 102.31449352177319, 0.08525710466744289, 102.31449352177319, 0.1523529552927416, -1171.3297508990747, 0.0, 0.0, 0.0]","[0.34, 0.33, 0.33]","[-0.5113077738679266, 0.0008413894099039436, 0.0, 0.0]"
1777779091.111122,^NSEI,1d,101.19343389736649,0.0008516538622307077,"[-0.001337378683321895, 0.0008516538622307077, -0.5160791557003108, 0.0, -0.35026608502151646, 101.84811961212387, 102.32435356204539, 0.08618177881107998, 102.32435356204539, 0.08928100275010827, -1327.9099817814717, 0.0, 0.0, 0.0]","[0.34, 0.33, 0.33]","[-0.5160791557003108, 0.0008516538622307077, 0.0, 0.0]"
1777779092.111435,^NSEI,1d,101.03402563646482,0.0008713446749211231,"[-0.0015752826518699594, 0.0008713446749211231, -0.5385992184018278, 0.0, -0.38926139778294555, 101.72287641276569, 102.33041578305524, 0.08803546022417785, 102.33041578305524, 0.019963987184005317, -1487.8040618171897, 0.0, 0.0, 0.0]","[0.34, 0.33, 0.33]","[-0.5385992184018278, 0.0008713446749211231, 0.0, 0.0]"
1777779093.111734,^NSEI,1d,100.87005041629114,0.0008895722755400459,"[-0.0016229702730413752, 0.0008895722755400459, -0.5929976180457572, 0.0, -0.4284578980197722, 101.59167446668394, 102.33252254453453, 0.08973120028265925, 102.33252254453453, 0.0, -1644.0172074332536, 0.0, 0.0, 0.0]","[0.34, 0.33, 0.33]","[-0.5929976180457572, 0.0008895722755400459, 0.0, 0.0]"
1777779094.112066,^NSEI,1d,100.73691254995462,0.0008979300516506171,"[-0.001319894912187026, 0.0008979300516506171, -0.592036523906657, 0.0, -0.46490538015785887, 101.46017479547866, 102.33113801331064, 0.09045470108910444, 102.33113801331064, 0.0, -1775.4450476687257, 0.0, 0.0, 0.0]","[0.34, 0.33, 0.33]","[-0.592036523906657, 0.0008979300516506171, 0.0, 0.0]"
1777779095.112374,^NSEI,1d,100.55650702634316,0.0009162581742896537,"[-0.0017908581774531513, 0.0009162581742896537, -0.6369268710233342, 0.0, -0.5025543565922277, 101.32115178262717, 102.325448894651, 0.09213572154090191, 102.325448894651, 0.0, -1930.6151016652636, 0.0, 0.0, 0.0]","[0.34, 0.33, 0.33]","[-0.6369268710233342, 0.0009162581742896537, 0.0, 0.0]"
1777779096.112672,^NSEI,1d,100.39520365438399,0.0009217467851723911,"[-0.0016041067528022516, 0.0009217467851723911, -0.6388219820808274, 0.0, -0.5391918081818119, 101.178701107029, 102.31531686355927, 0.09253895621515593, 102.31531686355927, 0.0, -2083.1243895428092, 0.0, 0.0, 0.0]","[0.34, 0.33, 0.33]","[-0.6388219820808274, 0.0009217467851723911, 0.0, 0.0]"
1777779097.113003,^NSEI,1d,100.24661281511246,0.0009213378661181658,"[-0.0014800591448877042, 0.0009213378661181658, -0.6234376011786793, 0.0, -0.5736051285635995, 101.03530624313395, 102.30088227580157, 0.09236100033664969, 102.30088227580157, 0.0, -2229.65921214579, 0.0, 0.0, 0.0]","[0.34, 0.33, 0.33]","[-0.6234376011786793, 0.0009213378661181658, 0.0, 0.0]"
1777779098.113359,^NSEI,1d,100.08555232691376,0.000916750521018729,"[-0.0016066426952075512, 0.000916750521018729, -0.6513602230408679, 0.0, -0.6068784512425225, 100.88919353033106, 102.2816395089976, 0.09175348224214544, 102.2816395089976, 0.0, -2395.512335944424, 0.0, 0.0, 0.0]","[0.34, 0.33, 0.33]","[-0.6513602230408679, 0.000916750521018729, 0.0, 0.0]"
1777779099.113657,^NSEI,1d,99.88726018587924,0.000920381747589474,"[-0.0019812264250370928, 0.000920381747589474, -0.6692468404639129, 0.0, -0.6418494765436691, 100.73505333585108, 102.25704842891892, 0.09193441109180403, 102.25704842891892, 0.0, -2574.78839540905, 0.0, 0.0, 0.0]","[0.34, 0.33, 0.33]","[-0.6692468404639129, 0.000920381747589474, 0.0, 0.0]"
1777779100.113983,^NSEI,1d,99.69785870616684,0.0009170432422188243,"[-0.0018961525159459387, 0.0009170432422188243, -0.6973449482171503, 0.0, -0.6770428539897893, 100.57548872395154, 102.22716365987088, 0.09142724759017748, 102.22716365987088, 0.0, -2758.1087098840435, 0.0, 0.0, 0.0]","[0.34, 0.33, 0.33]","[-0.6973449482171503, 0.0009170432422188243, 0.0, 0.0]"
1777779101.11429,^NSEI,1d,99.49947980804474,0.0009076721960878813,"[-0.001989800991681984, 0.0009076721960878813, -0.7471330070677169, 0.0, -0.7127255221639786, 100.40995137510009, 102.19157302219159, 0.09031291134696977, 102.19157302219159, 0.0, -2965.9311211139066, 0.0, 0.0, 0.0]","[0.34, 0.33, 0.33]","[-0.7471330070677169, 0.0009076721960878813, 0.0, 0.0]"
1777779102.114582,^NSEI,1d,99.31464930638992,0.0009084769569577269,"[-0.0018576026931134907, 0.0009084769569577269, -0.7709030205238321, 0.0, -0.7473041139177781, 100.24144551724062, 102.15138723260617, 0.09022507038319294, 102.15138723260617, 0.0, -3122.520504775162, 0.0, 0.0, 0.0]","[0.34, 0.33, 0.33]","[-0.7709030205238321, 0.0009084769569577269, 0.0, 0.0]"
1777779103.11488,^NSEI,1d,99.13681311658036,0.0009089669630296352,"[-0.0017906340207770955, 0.0009089669630296352, -0.750447069298886, 0.0, -0.7800656797049328, 100.07150378813851, 102.10694347891123, 0.09011208794301455, 102.10694347891123, 0.0, -3267.5889038159044, 0.0, 0.0, 0.0]","[0.34, 0.33, 0.33]","[-0.750447069298886, 0.0009089669630296352, 0.0, 0.0]"
1777779104.115191,^NSEI,1d,99.01183685521792,0.0009021629715584971,"[-0.0012606443301285846, 0.0009021629715584971, -0.6860218509489187, 0.0, -0.8068135520433799, 99.90847927568701, 102.05936699887144, 0.08932481295676853, 102.05936699887144, 0.0, -3378.026187872545, 0.0, 0.0, 0.0]","[0.34, 0.33, 0.33]","[-0.6860218509489187, 0.0009021629715584971, 0.0, 0.0]"
1777779105.115492,^NSEI,1d,98.88426135709508,0.0008992243360205846,"[-0.001288487338229946, 0.0008992243360205846, -0.615218450949655, 0.0, -0.8287523686597353, 99.75090821733868, 102.00899348414455, 0.08891913426171978, 102.00899348414455, 0.0, -3474.9194409902398, 0.0, 0.0, 0.0]","[0.34, 0.33, 0.33]","[-0.615218450949655, 0.0008992243360205846, 0.0, 0.0]"
1777779106.115799,^NSEI,1d,98.7309920894095,0.0009012182275095009,"[-0.0015499864749163145, 0.0009012182275095009, -0.583657216980427, 0.0, -0.8487230370074599, 99.59400010643888, 101.95558667083284, 0.08897816969107218, 101.95558667083284, 0.0, -3578.03968338995, 0.0, 0.0, 0.0]","[0.34, 0.33, 0.33]","[-0.583657216980427, 0.0009012182275095009, 0.0, 0.0]"
1777779107.116122,^NSEI,1d,98.58834070967075,0.000890187651615463,"[-0.0014448490460783397, 0.000890187651615463, -0.5484724069096103, 0.0, -0.8660771118800454, 99.4392846054546, 101.89853355857645, 0.08776212349300695, 101.89853355857645, 0.0, -3718.533775320907, 0.0, 0.0, 0.0]","[0.34, 0.33, 0.33]","[-0.5484724069096103, 0.000890187651615463, 0.0, 0.0]"
1777779108.116442,^NSEI,1d,98.4571807347913,0.0008833754027989954,"[-0.0013303801842623599, 0.0008833754027989954, -0.5546561204266283, 0.0, -0.8802666886295185, 99.2881937459496, 101.83851762814083, 0.08697465169004975, 101.83851762814083, 0.0, -3827.7462589921533, 0.0, 0.0, 0.0]","[0.34, 0.33, 0.33]","[-0.5546561204266283, 0.0008833754027989954, 0.0, 0.0]"
1777779109.116737,^NSEI,1d,98.37066193930642,0.0008641729442631266,"[-0.0008787454083001704, 0.0008641729442631266, -0.5135994177886687, 0.0, -0.8882541334305643, 99.14703568742809, 101.77574549483458, 0.08500926455720312, 101.77574549483458, 0.0, -3940.280216052879, 0.0, 0.0, 0.0]","[0.34, 0.33, 0.33]","[-0.5135994177886687, 0.0008641729442631266, 0.0, 0.0]"
1777779110.117047,^NSEI,1d,98.31232844229459,0.0008564287472558782,"[-0.0005929968942144682, 0.0008564287472558782, -0.41866364711491144, 0.0, -0.8890429331539167, 99.01861960558878, 101.71159396552476, 0.08419750428764279, 101.71159396552476, 0.0, -3969.1165600429804, 0.0, 0.0, 0.0]","[0.34, 0.33, 0.33]","[-0.41866364711491144, 0.0008564287472558782, 0.0, 0.0]"
1777779111.117358,^NSEI,1d,98.26714254307025,0.0008505399446881972,"[-0.00045961579732961197, 0.0008505399446881972, -0.32119816660049594, 0.0, -0.8831339683949011, 98.90300829104334, 101.64644957448468, 0.08358012998325016, 101.64644957448468, 0.0, -3973.1314825587183, 0.0, 0.0, 0.0]","[0.34, 0.33, 0.33]","[-0.32119816660049594, 0.0008505399446881972, 0.0, 0.0]"
1777779112.117656,^NSEI,1d,98.26811692063967,0.0008473810918494395,"[9.915598888950685e-06, 0.0008473810918494395, -0.18906381415162343, 0.0005409185797880412, -0.8683625047075765, 98.8053336767749, 101.58094849464948, 0.08327054421020003, 101.58094849464948, 0.0, -3909.4943300887594, 0.0, 0.0, 0.0]","[0.34, 0.33, 0.33]","[-0.18906381415162343, 0.0008473810918494395, 0.0, 0.0]"
1777779113.118026,^NSEI,1d,98.23327800912342,0.0008374318804379567,"[-0.0003545291454438039, 0.0008374318804379567, -0.13738393018299178, 0.0005935941574571757, -0.849672724051203, 98.71732661537422, 101.51422882281105, 0.08226367872476481, 101.51422882281105, 0.012534781572289013, -3917.871877497387, 0.0, 0.0, 0.0]","[0.34, 0.33, 0.33]","[-0.13738393018299178, 0.0008374318804379567, 0.0, 0.0]"
1777779114.118366,^NSEI,1d,98.18077360881153,0.0008212428251908936,"[-0.0005344869007324885, 0.0008212428251908936, -0.13155483348305097, 0.0006462757636873562, -0.8295352386723636, 98.63478207150774, 101.44565605744691, 0.08063025589792791, 101.44565605744691, 0.027403218967845464, -3975.5384747214944, 0.0, 0.0, 0.0]","[0.34, 0.33, 0.33]","[-0.13155483348305097, 0.0008212428251908936, 0.0, 0.0]"
1777779115.118694,^NSEI,1d,98.10264690469667,0.0007970990282151193,"[-0.0007957434153671559, 0.0007970990282151193, -0.16449563837358028, 0.0007008175226809499, -0.8105369431776097, 98.55291687235585, 101.37443838823225, 0.07819752451306469, 101.37443838823225, 0.03762054977340916, -4104.623600986998, 0.0, 0.0, 0.0]","[0.34, 0.33, 0.33]","[-0.16449563837358028, 0.0007970990282151193, 0.0, 0.0]"
1777779116.119024,^NSEI,1d,98.01593744828286,0.0007758570041191334,"[-0.0008838645964165417, 0.0007758570041191334, -0.2521794723568149, 0.0007526140297183303, -0.7933323441628488, 98.47030600562294, 101.30066362325485, 0.07604635158455311, 101.30066362325485, 0.04596325959308702, -4233.674707494966, 0.0, 0.0, 0.0]","[0.34, 0.33, 0.33]","[-0.2521794723568149, 0.0007758570041191334, 0.0, 0.0]"
1777779117.119381,^NSEI,1d,97.89165943594553,0.0007606652236411383,"[-0.0012679367822493357, 0.0007606652236411383, -0.3416185731778967, 0.0007837066331704535, -0.7807260485495675, 98.38128543030561, 101.22401771950607, 0.07446278101744565, 101.22401771950607, 0.04897856454139107, -4380.847421431029, 0.0, 0.0, 0.0]","[0.34, 0.33, 0.33]","[-0.3416185731778967, 0.0007606652236411383, 0.0, 0.0]"
1777779118.1197,^NSEI,1d,97.79043814703395,0.0007338258265634594,"[-0.0010340134133471058, 0.0007338258265634594, -0.3903354617775818, 0.0007980007399527267, -0.7700267910044687, 98.2903876249822, 101.14443385772447, 0.07176114910325004, 101.14443385772447, 0.05476239109217406, -4570.561009548315, 0.0, 0.0, 0.0]","[0.34, 0.33, 0.33]","[-0.3903354617775818, 0.0007338258265634594, 0.0, 0.0]"
1777779119.120015,^NSEI,1d,97.68641193592738,0.0007079473048588712,"[-0.0010637666941440806, 0.0007079473048588712, -0.4162349687692881, 0.0008126986937061531, -0.7611673349419732, 98.19746904799783, 101.06200368294245, 0.06915683205137325, 101.06200368294245, 0.05979507468209918, -4768.139837311743, 0.0, 0.0, 0.0]","[0.34, 0.33, 0.33]","[-0.4162349687692881, 0.0007079473048588712, 0.0, 0.0]"
1777779120.120338,^NSEI,1d,97.5429582745519,0.0006974512731403088,"[-0.0014685119304982338, 0.0006974512731403088, -0.47297917373094833, 0.000818162206525983, -0.75699549095782, 98.0967749801561, 100.97680993930632, 0.06803146043445825, 100.97680993930632, 0.0597881083678372, -4923.428771293695, 0.0, 0.0, 0.0]","[0.34, 0.33, 0.33]","[-0.47297917373094833, 0.0006974512731403088, 0.0, 0.0]"
1777779121.120648,^NSEI,1d,97.3751197136402,0.0006981984801555903,"[-0.0017206630174091402, 0.0006981984801555903, -0.5165397223053247, 0.0007999566820026871, -0.758489054051978, 97.98575032565618, 100.88906428766843, 0.06798716058903226, 100.88906428766843, 0.05711874098832413, -5032.873421960419, 0.0, 0.0, 0.0]","[0.34, 0.33, 0.33]","[-0.5165397223053247, 0.0006981984801555903, 0.0, 0.0]"
1777779122.120952,^NSEI,1d,97.2220810157629,0.0006999912317917784,"[-0.0015716406647546244, 0.0006999912317917784, -0.5683571312710569, 0.0007846835447705302, -0.7632236898789131, 97.86826237764167, 100.79945470011698, 0.06805460424758394, 100.79945470011698, 0.05667969850869942, -5110.597850200247, 0.0, 0.0, 0.0]","[0.34, 0.33, 0.33]","[-0.5683571312710569, 0.0006999912317917784, 0.0, 0.0]"
1777779123.121272,^NSEI,1d,97.09851564275311,0.0006952191786798799,"[-0.0012709599683404051, 0.0006952191786798799, -0.5878962931742677, 0.0007610614171005637, -0.7680925233181171, 97.74983957293318, 100.7081630738501, 0.06750475029619028, 100.7081630738501, 0.0598677960639569, -5192.09990430814, 0.0, 0.0, 0.0]","[0.34, 0.33, 0.33]","[-0.5878962931742677, 0.0006952191786798799, 0.0, 0.0]"
1777779124.121574,^NSEI,1d,97.03735748307736,0.0006885882218926831,"[-0.0006298567930818878, 0.0006885882218926831, -0.5056007914745493, 0.0007589143399326304, -0.7680326588549633, 97.64022724582837, 100.61607397564956, 0.06681878144643688, 100.61607397564956, 0.06997852001091115, -5197.179357404029, 0.0, 0.0, 0.0]","[0.34, 0.33, 0.33]","[-0.5056007914745493, 0.0006885882218926831, 0.0, 0.0]"
1777779125.121878,^NSEI,1d,97.06500800727041,0.0006925608364603201,"[0.00028494720909801594, 0.0006925608364603201, -0.31011170636979557, 0.02287383107027253, -0.7570275077433024, 97.55173196802482, 100.52420932094898, 0.06722342313654286, 100.52420932094898, 0.08923966609221787, -4994.797758646824, 0.0, 0.0, 0.0]","[0.34, 0.33, 0.33]","[-0.31011170636979557, 0.0006925608364603201, 0.0, 0.0]"
1777779126.12222,^NSEI,1d,97.10504196614221,0.0007030057597398994,"[0.0004124448108921391, 0.0007030057597398994, -0.11703904962068634, 0.05246166053968068, -0.7365845520877627, 97.48301055126095, 100.43297729741973, 0.06826540380198262, 100.43297729741973, 0.10846941784496866, -4733.866380424532, 0.0, 0.0, 0.0]","[0.34, 0.33, 0.33]","[-0.11703904962068634, 0.0007030057597398994, 0.0, 0.0]"
1777779127.122549,^NSEI,1d,97.11414037480384,0.0007039148449901788,"[9.369656278817292e-05, 0.0007039148449901788, 0.015624732050724788, 0.06070106228774108, -0.7114480664577201, 97.42626188904428, 100.34180361081121, 0.0683600850682845, 100.34180361081121, 0.12296461254110294, -4585.303547693196, 0.0, 0.0, 0.0]","[0.34, 0.33, 0.33]","[0.015624732050724788, 0.0007039148449901788, 0.0, 0.0]"
1777779128.122886,^NSEI,1d,97.05890997757912,0.0006898812783457867,"[-0.0005687163271132475, 0.0006898812783457867, 0.021552494501762, 0.0605420510106309, -0.688052412065133, 97.36974657148525, 100.24935760357783, 0.06695912489018091, 100.24935760357783, 0.12938857174595852, -4624.632855161462, 0.0, 0.0, 0.0]","[0.34, 0.33, 0.33]","[0.021552494501762, 0.0006898812783457867, 0.0, 0.0]"
1777779129.123224,^NSEI,1d,97.01394005123026,0.0006789665025402581,"[-0.00046332610122289255, 0.0006789665025402581, -0.0510679560401428, 0.0621224405943154, -0.6654687748330588, 97.31500780973401, 100.15596078582266, 0.06586921557423409, 100.15596078582266, 0.13647723286252783, -4627.652060649475, 0.0, 0.0, 0.0]","[0.34, 0.33, 0.33]","[-0.0510679560401428, 0.0006789665025402581, 0.0, 0.0]"
1777779130.123524,^NSEI,1d,96.94676657074822,0.0006617264772301517,"[-0.0006924106004412142, 0.0006617264772301517, -0.15827539539398572, 0.06307067410839849, -0.645549920460823, 97.25835551390118, 100.0610313699641, 0.06415224232171506, 100.0610313699641, 0.14059338437778426, -4706.272011740461, 0.0, 0.0, 0.0]","[0.34, 0.33, 0.33]","[-0.15827539539398572, 0.0006617264772301517, 0.0, 0.0]"
1777779131.123867,^NSEI,1d,96.8700097601239,0.0006490966234408429,"[-0.000791741832547898, 0.0006490966234408429, -0.24413061467993202, 0.06555966833429665, -0.6287103365955033, 97.19860995576526, 99.96476349625243, 0.06287799624797792, 99.96476349625243, 0.14330079529305192, -4767.785911014791, 0.0, 0.0, 0.0]","[0.34, 0.33, 0.33]","[-0.24413061467993202, 0.0006490966234408429, 0.0, 0.0]"
1777779132.124202,^NSEI,1d,96.77822733229497,0.000638254014025927,"[-0.0009474803198245723, 0.000638254014025927, -0.2806826452841449, 0.0660332078838637, -0.61567381542703, 97.13393538405982, 99.86710107190893, 0.06176909206515095, 99.86710107190893, 0.14407091985102266, -4839.568058695332, 0.0, 0.0, 0.0]","[0.34, 0.33, 0.33]","[-0.2806826452841449, 0.000638254014025927, 0.0, 0.0]"
1777779133.124509,^NSEI,1d,96.68577142219956,0.0006294386786083783,"[-0.0009553379168431747, 0.0006294386786083783, -0.3281686290306993, 0.06663631270065111, -0.6058191912094628, 97.06498590886835, 99.7682152512547, 0.060857764204221, 99.7682152512547, 0.1445693826325563, -4897.131259664708, 0.0, 0.0, 0.0]","[0.34, 0.33, 0.33]","[-0.3281686290306993, 0.0006294386786083783, 0.0, 0.0]"
1777779134.124994,^NSEI,1d,96.62791010995267,0.0006283701031839547,"[-0.0005984470247874976, 0.0006283701031839547, -0.3188564607955584, 0.07190623277739788, -0.5958101265890576, 96.99774270938678, 99.66923164735428, 0.06071808984624086, 99.66923164735428, 0.14874362481543002, -4840.016292931859, 0.0, 0.0, 0.0]","[0.34, 0.33, 0.33]","[-0.3188564607955584, 0.0006283701031839547, 0.0, 0.0]"
1777779135.12554,^NSEI,1d,96.57707736777321,0.0006255830352707558,"[-0.0005260668695163688, 0.0006255830352707558, -0.2929323923506928, 0.08066510595743764, -0.5852334414154399, 96.93302389342482, 99.56998213076989, 0.060416981197310184, 99.56998213076989, 0.1533541890639135, -4784.184663353806, 0.0, 0.0, 0.0]","[0.34, 0.33, 0.33]","[-0.2929323923506928, 0.0006255830352707558, 0.0, 0.0]"
1777779136.125932,^NSEI,1d,96.52372772459326,0.0006244215666370334,"[-0.0005524048214546458, 0.0006244215666370334, -0.2544996077017174, 0.09002085138349088, -0.5745333497363418, 96.87005423862, 99.4706350501651, 0.060271497283436976, 99.4706350501651, 0.15734547367860935, -4719.4195124346725, 0.0, 0.0, 0.0]","[0.34, 0.33, 0.33]","[-0.2544996077017174, 0.0006244215666370334, 0.0, 0.0]"
1777779137.126389,^NSEI,1d,96.44204521939324,0.0006206941412484224,"[-0.0008462427542488013, 0.0006206941412484224, -0.24372620280632873, 0.09459251907047872, -0.5661186817446122, 96.80420607823788, 99.37070808783385, 0.05986101243769281, 99.37070808783385, 0.15784297685006582, -4718.3671857287, 0.0, 0.0, 0.0]","[0.34, 0.33, 0.33]","[-0.24372620280632873, 0.0006206941412484224, 0.0, 0.0]"
1777779138.126751,^NSEI,1d,96.31453704699389,0.0006148804722091716,"[-0.0013221222352686583, 0.0006148804722091716, -0.31337306295877454, 0.08736111706490718, -0.5632460902986764, 96.72887212084864, 99.2692141414042, 0.059221928020063354, 99.2692141414042, 0.15293409005545183, -4805.286926408008, 0.0, 0.0, 0.0]","[0.34, 0.33, 0.33]","[-0.31337306295877454, 0.0006148804722091716, 0.0, 0.0]"
1777779139.127129,^NSEI,1d,96.17759394325505,0.0006060687571287385,"[-0.0014218321339386842, 0.0006060687571287385, -0.39948342451816643, 0.04965933577523174, -0.5655009617968432, 96.64406034167438, 99.16575931140329, 0.05829023482482107, 99.16575931140329, 0.14681037896154933, -4930.406547113122, 0.0, 0.0, 0.0]","[0.34, 0.33, 0.33]","[-0.39948342451816643, 0.0006060687571287385, 0.0, 0.0]"
1777779140.127457,^NSEI,1d,96.04394827593455,0.0005900662222759898,"[-0.0013895717478578714, 0.0005900662222759898, -0.4797794486587037, 0.008388685683659105, -0.5714843364400934, 96.55173559111827, 99.0600457486893, 0.05667228973165127, 99.0600457486893, 0.14083508002553677, -5111.4558991720105, 0.0, 0.0, 0.0]","[0.34, 0.33, 0.33]","[-0.4797794486587037, 0.0005900662222759898, 0.0, 0.0]"
1777779141.127822,^NSEI,1d,95.9656052379155,0.0005732321356874772,"[-0.0008156998897419006, 0.0005732321356874772, -0.47643998147773914, 0.0, -0.5759091106442895, 96.46156157161025, 98.95298257537094, 0.05501056884307165, 98.95298257537094, 0.1408797079010772, -5211.461729849951, 0.0, 0.0, 0.0]","[0.34, 0.33, 0.33]","[-0.47643998147773914, 0.0005732321356874772, 0.0, 0.0]"
1777779142.128138,^NSEI,1d,95.89407673363289,0.0005601318996408852,"[-0.0007453556313772979, 0.0005601318996408852, -0.420460313361005, 0.0, -0.5785187248422687, 96.37425605305349, 98.84488355263166, 0.0537133313651186, 98.84488355263166, 0.14117803661431766, -5268.057078860547, 0.0, 0.0, 0.0]","[0.34, 0.33, 0.33]","[-0.420460313361005, 0.0005601318996408852, 0.0, 0.0]"
1777779143.128449,^NSEI,1d,95.85401364698721,0.0005517987819777693,"[-0.000417784789324974, 0.0005517987819777693, -0.3235802962678349, 0.0, -0.577166404133294, 96.29421738926632, 98.73626771306989, 0.05289212797808802, 98.73626771306989, 0.14455498472085346, -5223.378811660371, 0.0, 0.0, 0.0]","[0.34, 0.33, 0.33]","[-0.3235802962678349, 0.0005517987819777693, 0.0, 0.0]"
1777779144.128757,^NSEI,1d,95.80108235630033,0.0005523040959252976,"[-0.0005522073481640691, 0.0005523040959252976, -0.24286591963422666, 0.0, -0.5737519378305365, 96.21834811012559, 98.62776661714744, 0.05291133017946144, 98.62776661714744, 0.1458370248859649, -5117.9853303667005, 0.0, 0.0, 0.0]","[0.34, 0.33, 0.33]","[-0.24286591963422666, 0.0005523040959252976, 0.0, 0.0]"
1777779145.129075,^NSEI,1d,95.71565531459063,0.0005527666876263431,"[-0.0008917126989439973, 0.0005527666876263431, -0.24994992332486277, 0.0, -0.571352995332802, 96.14100755927164, 98.519546249495, 0.05290842574223105, 98.519546249495, 0.14276854567676336, -5072.467277188241, 0.0, 0.0, 0.0]","[0.34, 0.33, 0.33]","[-0.24994992332486277, 0.0005527666876263431, 0.0, 0.0]"
1777779146.129391,^NSEI,1d,95.6055100461188,0.0005517036071436977,"[-0.0011507549951972104, 0.0005517036071436977, -0.2885666875140913, 0.0, -0.5717488538769686, 96.05861954795873, 98.41180221447216, 0.05274590475525676, 98.41180221447216, 0.1364341879170304, -5086.593837735112, 0.0, 0.0, 0.0]","[0.34, 0.33, 0.33]","[-0.2885666875140913, 0.0005517036071436977, 0.0, 0.0]"
1777779147.129719,^NSEI,1d,95.47855835145972,0.0005484592248808539,"[-0.001327870063114878, 0.0005484592248808539, -0.37545529552748746, 0.0, -0.575670543719113, 95.96937599424736, 98.30467103615561, 0.05236609610618298, 98.30467103615561, 0.1279480257373495, -5152.821862572964, 0.0, 0.0, 0.0]","[0.34, 0.33, 0.33]","[-0.37545529552748746, 0.0005484592248808539, 0.0, 0.0]"
1777779148.13007,^NSEI,1d,95.41677192746316,0.0005491200262201199,"[-0.0006471235538467984, 0.0005491200262201199, -0.3843104288371677, 0.0, -0.5771115762080257, 95.88435610655173, 98.19888994894686, 0.05239526030264777, 98.19888994894686, 0.1276841102944817, -5066.502565266959, 0.0, 0.0, 0.0]","[0.34, 0.33, 0.33]","[-0.3843104288371677, 0.0005491200262201199, 0.0, 0.0]"
1777779149.130377,^NSEI,1d,95.33358603045497,0.0005444246606317518,"[-0.0008718162994597141, 0.0005444246606317518, -0.38206928413566743, 0.0, -0.5782997321791186, 95.79961824719739, 98.09447352056354, 0.05190195522143836, 98.09447352056354, 0.12454368764748901, -5071.2021143657075, 0.0, 0.0, 0.0]","[0.34, 0.33, 0.33]","[-0.38206928413566743, 0.0005444246606317518, 0.0, 0.0]"
1777779150.130689,^NSEI,1d,95.2777745318546,0.0005409384487497366,"[-0.0005854337482126571, 0.0005409384487497366, -0.3277355142641909, 0.0, -0.5770925125897719, 95.7193316257962, 97.99193473437799, 0.05153941155558859, 97.99193473437799, 0.12498241626950057, -5017.502839364789, 0.0, 0.0, 0.0]","[0.34, 0.33, 0.33]","[-0.3277355142641909, 0.0005409384487497366, 0.0, 0.0]"
1777779151.131012,^NSEI,1d,95.1979916878457,0.000540628827744311,"[-0.000837370986055403, 0.000540628827744311, -0.2805666636140245, 0.0, -0.5759345758228847, 95.63912236889615, 97.89019221304642, 0.05146677864981268, 97.89019221304642, 0.12194411326052723, -4979.757621201043, 0.0, 0.0, 0.0]","[0.34, 0.33, 0.33]","[-0.2805666636140245, 0.000540628827744311, 0.0, 0.0]"
1777779152.131337,^NSEI,1d,95.14815558459053,0.0005428108106109469,"[-0.0005234995231683753, 0.0005428108106109469, -0.26861634287263314, 0.0, -0.5724395330222052, 95.56358652587785, 97.78980988069836, 0.05164744746100808, 97.78980988069836, 0.12277267919197725, -4866.620642898737, 0.0, 0.0, 0.0]","[0.34, 0.33, 0.33]","[-0.26861634287263314, 0.0005428108106109469, 0.0, 0.0]"
1777779153.131651,^NSEI,1d,95.11166925014395,0.0005484594612261241,"[-0.00038346864657971304, 0.0005484594612261241, -0.22191678031101958, 0.0, -0.5660883149658815, 95.49405774197203, 97.69056958719534, 0.05216489487325126, 97.69056958719534, 0.12503077714885294, -4702.080134210941, 0.0, 0.0, 0.0]","[0.34, 0.33, 0.33]","[-0.22191678031101958, 0.0005484594612261241, 0.0, 0.0]"
1777779154.131968,^NSEI,1d,95.07232170795498,0.0005519305730589217,"[-0.00041369836634324187, 0.0005519305730589217, -0.20545282389961983, 0.0, -0.5577999758090044, 95.42917219382032, 97.59280978460305, 0.05247332100231375, 97.59280978460305, 0.12655651003800347, -4566.675954692925, 0.0, 0.0, 0.0]","[0.34, 0.33, 0.33]","[-0.20545282389961983, 0.0005519305730589217, 0.0, 0.0]"
1777779155.132285,^NSEI,1d,95.03359255611016,0.0005549647995245884,"[-0.0004073651631627169, 0.0005549647995245884, -0.16439913173553578, 0.0, -0.5480390729038191, 95.36831016335165, 97.49656226364593, 0.05274029864100309, 97.49656226364593, 0.12785219624938693, -4438.06473788188, 0.0, 0.0, 0.0]","[0.34, 0.33, 0.33]","[-0.16439913173553578, 0.0005549647995245884, 0.0, 0.0]"
1777779156.132592,^NSEI,1d,94.97752893735245,0.0005519147826743644,"[-0.0005899347509631132, 0.0005519147826743644, -0.1706266472380804, 0.0, -0.5386184938003282, 95.30818624622455, 97.40192950272228, 0.052419502242407025, 97.40192950272228, 0.12642243871847558, -4392.70815255597, 0.0, 0.0, 0.0]","[0.34, 0.33, 0.33]","[-0.1706266472380804, 0.0005519147826743644, 0.0, 0.0]"
1777779157.132922,^NSEI,1d,94.93673664640528,0.0005495348985128816,"[-0.00042949412775387404, 0.0005495348985128816, -0.17493260373866804, 0.0, -0.5283536816004926, 95.25103712662073, 97.30922147506783, 0.05217104993812649, 97.30922147506783, 0.1271577115851449, -4317.259622787973, 0.0, 0.0, 0.0]","[0.34, 0.33, 0.33]","[-0.17493260373866804, 0.0005495348985128816, 0.0, 0.0]"
1777779158.133246,^NSEI,1d,94.88453161432527,0.0005496599974863947,"[-0.0005498928436359645, 0.0005496599974863947, -0.18779009362971522, 0.0, -0.5184548292269398, 95.19464756108226, 97.21777802294861, 0.052154231408627766, 97.21777802294861, 0.1258513416958714, -4244.890330919691, 0.0, 0.0, 0.0]","[0.34, 0.33, 0.33]","[-0.18779009362971522, 0.0005496599974863947, 0.0, 0.0]"
1777779159.13356,^NSEI,1d,94.79895341098761,0.0005389747412832424,"[-0.0009019194370427926, 0.0005389747412832424, -0.23463914512255712, 0.0, -0.5116177522292702, 95.13376787023213, 97.12781624770868, 0.05109424138860919, 97.12781624770868, 0.11937310855195912, -4320.912759615217, 0.0, 0.0, 0.0]","[0.34, 0.33, 0.33]","[-0.23463914512255712, 0.0005389747412832424, 0.0, 0.0]"
1777779160.133877,^NSEI,1d,94.67996208312026,0.0005337740723741522,"[-0.0012551966407422074, 0.0005337740723741522, -0.297566854232187, 0.0, -0.5099228519358547, 95.06394821659414, 97.03851559815769, 0.05053770893333742, 97.03851559815769, 0.10765576328773171, -4418.636342801203, 0.0, 0.0, 0.0]","[0.34, 0.33, 0.33]","[-0.297566854232187, 0.0005337740723741522, 0.0, 0.0]"
1777779161.134193,^NSEI,1d,94.57012876253904,0.0005299449010120181,"[-0.0011600482104628775, 0.0005299449010120181, -0.3666078838662372, 0.0, -0.5115454843798375, 94.98797233065747, 96.94982053483622, 0.05011695752575756, 96.94982053483622, 0.09753894802411661, -4490.45130494276, 0.0, 0.0, 0.0]","[0.34, 0.33, 0.33]","[-0.3666078838662372, 0.0005299449010120181, 0.0, 0.0]"
1777779162.134506,^NSEI,1d,94.50908593387737,0.0005235780116154096,"[-0.0006454768483497056, 0.0005235780116154096, -0.3754456804478963, 0.0, -0.5118567128331222, 94.91429299156457, 96.86268824744504, 0.04948287929284939, 96.86268824744504, 0.09559508928232066, -4495.227571352794, 0.0, 0.0, 0.0]","[0.34, 0.33, 0.33]","[-0.3754456804478963, 0.0005235780116154096, 0.0, 0.0]"
1777779163.134839,^NSEI,1d,94.4551319292758,0.0005068177619336222,"[-0.0005708869583113657, 0.0005068177619336222, -0.3438214817118137, 0.0, -0.5105714510159487, 94.8436485214747, 96.77781124343561, 0.047871538567540575, 96.77781124343561, 0.09517150521921058, -4582.868811263198, 0.0, 0.0, 0.0]","[0.34, 0.33, 0.33]","[-0.3438214817118137, 0.0005068177619336222, 0.0, 0.0]"
1777779164.135223,^NSEI,1d,94.4000089106659,0.000491328330080098,"[-0.0005835894512451102, 0.000491328330080098, -0.2799531724543556, 0.0, -0.5081432792703424, 94.77539176286622, 96.69503234038089, 0.04638139873762385, 96.69503234038089, 0.09486519276991898, -4671.058616426301, 0.0, 0.0, 0.0]","[0.34, 0.33, 0.33]","[-0.2799531724543556, 0.000491328330080098, 0.0, 0.0]"
1777779165.135575,^NSEI,1d,94.35542497265473,0.00047212156765479333,"[-0.00047228743435144674, 0.00047212156765479333, -0.21470378988431094, 0.0, -0.504006612367732, 94.71077728472436, 96.61465648357793, 0.04454723115482399, 96.61465648357793, 0.09675378266390883, -4785.274949724621, 0.0, 0.0, 0.0]","[0.34, 0.33, 0.33]","[-0.21470378988431094, 0.00047212156765479333, 0.0, 0.0]"
1777779166.13591,^NSEI,1d,94.35060129370207,0.00046370647975226925,"[-5.112243364977883e-05, 0.00046370647975226925, -0.15848464017530262, 0.0, -0.4954067638292372, 94.65536155011164, 96.53709323337968, 0.043750985188412486, 96.53709323337968, 0.10571404311229035, -4715.2499159505405, 0.0, 0.0, 0.0]","[0.34, 0.33, 0.33]","[-0.15848464017530262, 0.00046370647975226925, 0.0, 0.0]"
1777779167.136273,^NSEI,1d,94.35294697175345,0.0004577762344735367,"[2.48612941435546e-05, 0.0004577762344735367, -0.10218495752233991, 0.003086145945319743, -0.48283621001486665, 94.60883338862101, 96.46234532486676, 0.043192536776210586, 96.46234532486676, 0.11593671610939162, -4607.924558467325, 0.0, 0.0, 0.0]","[0.34, 0.33, 0.33]","[-0.10218495752233991, 0.0004577762344735367, 0.0, 0.0]"
1777779168.136626,^NSEI,1d,94.34372939179063,0.00046110359431402316,"[-9.769254971529103e-05, 0.00046110359431402316, -0.056279518875271606, 0.0032121497288439115, -0.46822038408879507, 94.56804525749406, 96.38940614575071, 0.04350223272354421, 96.38940614575071, 0.12385485034635105, -4436.479739446409, 0.0, 0.0, 0.0]","[0.34, 0.33, 0.33]","[-0.056279518875271606, 0.00046110359431402316, 0.0, 0.0]"
1777779169.137068,^NSEI,1d,94.36777347570317,0.0004727414888444569,"[0.00025485619518698883, 0.0004727414888444569, 0.012348503048443149, 0.036866737099450264, -0.4495153470073774, 94.53723072906456, 96.31883602260396, 0.04461156173184037, 96.31883602260396, 0.1374692050023718, -4127.123582213729, 0.0, 0.0, 0.0]","[0.34, 0.33, 0.33]","[0.012348503048443149, 0.0004727414888444569, 0.0, 0.0]"
1777779170.137419,^NSEI,1d,94.4043554622679,0.0004812336717011072,"[0.00038765338226556253, 0.0004812336717011072, 0.05375416856583115, 0.09036870374566192, -0.4268195002574231, 94.51678513668193, 96.25123232530487, 0.04543055460368366, 96.25123232530487, 0.15314748962218727, -3837.796421244725, 0.0, 0.0, 0.0]","[0.34, 0.33, 0.33]","[0.05375416856583115, 0.0004812336717011072, 0.0, 0.0]"
1777779171.137754,^NSEI,1d,94.48606672016058,0.0005098007837496728,"[0.0008655454241762927, 0.0005098007837496728, 0.13311974840712537, 0.1959993084707648, -0.3976555370715005, 94.51205624409774, 96.18713429421878, 0.04816907086736174, 96.18713429421878, 0.17679149360204152, -3336.7300096060158, 0.0, 0.0, 0.0]","[0.34, 0.33, 0.33]","[0.13311974840712537, 0.0005098007837496728, 0.0, 0.0]"
1777779172.138116,^NSEI,1d,94.57137265233591,0.0005385913094867396,"[0.000902841393831974, 0.0005385913094867396, 0.22764326054527828, 0.2979892768080758, -0.3634695595064841, 94.52117987807794, 96.12641854293041, 0.05093531943678003, 96.12641854293041, 0.2007604857174622, -2887.2465322108683, 0.0, 0.0, 0.0]","[0.34, 0.33, 0.33]","[0.22764326054527828, 0.0005385913094867396, 0.0, 0.0]"
1777779173.138458,^NSEI,1d,94.61757125642801,0.0005551171505118573,"[0.0004885051659547476, 0.0005551171505118573, 0.24979778072483327, 0.376810640087796, -0.3288582119765948, 94.53600799449859, 96.06777650101044, 0.05252383654422092, 96.06777650101044, 0.21700414685434632, -2612.4309855050287, 0.0, 0.0, 0.0]","[0.34, 0.33, 0.33]","[0.24979778072483327, 0.0005551171505118573, 0.0, 0.0]"
1777779174.138803,^NSEI,1d,94.6220227128138,0.0005610216411987028,"[4.704682572891613e-05, 0.0005610216411987028, 0.21766725054590097, 0.45346797034959124, -0.2976382854882047, 94.54924000063663, 96.0101154739873, 0.053085002475883734, 96.0101154739873, 0.2249553602099621, -2474.223201457323, 0.0, 0.0, 0.0]","[0.34, 0.33, 0.33]","[0.21766725054590097, 0.0005610216411987028, 0.0, 0.0]"
1777779175.139184,^NSEI,1d,94.67562168145318,0.0005791015247894876,"[0.0005664534228152704, 0.0005791015247894876, 0.1895549612926004, 0.5937020800397589, -0.26551063862734736, 94.56868335830254, 95.95399796052453, 0.054826796876122214, 95.95399796052453, 0.24220932882685134, -2207.5166863635213, 0.0, 0.0, 0.0]","[0.34, 0.33, 0.33]","[0.1895549612926004, 0.0005791015247894876, 0.0, 0.0]"
1777779176.139565,^NSEI,1d,94.77984314246783,0.0006114104483293792,"[0.0011008267932510734, 0.0006114104483293792, 0.20847049013191565, 0.7231786528384248, -0.22899968036621487, 94.60116868676698, 95.8994936827406, 0.05794938638832449, 95.8994936827406, 0.2692777143963044, -1831.2584342189616, 0.0, 0.0, 0.0]","[0.34, 0.33, 0.33]","[0.20847049013191565, 0.0006114104483293792, 0.0, 0.0]"
1777779177.139913,^NSEI,1d,94.87595317818369,0.0006415649974608733,"[0.001014034551327541, 0.0006415649974608733, 0.2583819217556851, 0.8243202131623982, -0.19011764833395262, 94.6434420300491, 95.84703548225717, 0.060869090659859355, 95.84703548225717, 0.29484875013418554, -1513.6148448196777, 0.0, 0.0, 0.0]","[0.34, 0.33, 0.33]","[0.2583819217556851, 0.0006415649974608733, 0.0, 0.0]"
1777779178.140272,^NSEI,1d,94.95800765732355,0.000664903305324215,"[0.0008648606563746666, 0.000664903305324215, 0.3359849445097467, 0.9129936537536156, -0.15094227848175024, 94.69183496547186, 95.79667976426516, 0.06313789315835655, 95.79667976426516, 0.3178581055430141, -1261.3444695280446, 0.0, 0.0, 0.0]","[0.34, 0.33, 0.33]","[0.3359849445097467, 0.000664903305324215, 0.0, 0.0]"
1777779179.140598,^NSEI,1d,95.08247366966657,0.0007016190212903537,"[0.0013107479338886642, 0.0007016190212903537, 0.40685198821338986, 0.9813446048025708, -0.10860027230259561, 94.75193125603317, 95.74948955746783, 0.06671167211797728, 95.74948955746783, 0.35071603059834433, -950.6810214103674, 0.0, 0.0, 0.0]","[0.34, 0.33, 0.33]","[0.40685198821338986, 0.0007016190212903537, 0.0, 0.0]"
1777779180.140931,^NSEI,1d,95.16958190644092,0.0007210050859249395,"[0.0009161334724734333, 0.0007210050859249395, 0.38973876397309937, 0.9889513800982503, -0.06723992068390316, 94.81618237638351, 95.70501525212654, 0.06861775257989401, 95.70501525212654, 0.3762880907455488, -742.6207611264474, 0.0, 0.0, 0.0]","[0.34, 0.33, 0.33]","[0.38973876397309937, 0.0007210050859249395, 0.0, 0.0]"
1777779181.14155,^NSEI,1d,95.22732802488854,0.0007256568773391223,"[0.000606770748497977, 0.0007256568773391223, 0.351374846704843, 0.989633608224101, -0.029462291924900796, 94.87943325148021, 95.66338507382878, 0.0691023654918889, 95.66338507382878, 0.3959587968344058, -600.9135482036627, 0.0, 0.0, 0.0]","[0.34, 0.33, 0.33]","[0.351374846704843, 0.0007256568773391223, 0.0, 0.0]"
1777779182.142093,^NSEI,1d,95.30330969961986,0.000737334770939833,"[0.0007978977916031128, 0.000737334770939833, 0.3453020422963107, 1.0, 0.006532534197319251, 94.94464264735703, 95.62452369183794, 0.07027044402717718, 95.62452369183794, 0.4207863210283828, -435.64199720114385, 0.0, 0.0, 0.0]","[0.34, 0.33, 0.33]","[0.3453020422963107, 0.000737334770939833, 0.0, 0.0]"
1777779183.142531,^NSEI,1d,95.36553781821812,0.0007439754125187673,"[0.0006529481378389532, 0.0007439754125187673, 0.2830641485515457, 1.0, 0.039623230401232945, 95.00939248867921, 95.58826003374872, 0.07094961533838293, 95.58826003374872, 0.4432011529815, -299.3677099846241, 0.0, 0.0, 0.0]","[0.34, 0.33, 0.33]","[0.2830641485515457, 0.0007439754125187673, 0.0, 0.0]"
1777779184.142899,^NSEI,1d,95.42627955566813,0.0007414560763650186,"[0.0006369359292640837, 0.0007414560763650186, 0.25669764922720617, 1.0, 0.06994293747551694, 95.07352514416615, 95.55518692876618, 0.07075439482145708, 95.55518692876618, 0.4660417276888473, -173.85705938241406, 0.0, 0.0, 0.0]","[0.34, 0.33, 0.33]","[0.25669764922720617, 0.0007414560763650186, 0.0, 0.0]"
1777779185.143367,^NSEI,1d,95.48078542208188,0.000729272855497923,"[0.0005711829767181886, 0.000729272855497923, 0.25345739719334404, 1.0, 0.0972486695413437, 95.13617709170352, 95.52558795546057, 0.06963154502994612, 95.52558795546057, 0.4878374897937889, -61.43452761325695, 0.0, 0.0, 0.0]","[0.34, 0.33, 0.33]","[0.25345739719334404, 0.000729272855497923, 0.0, 0.0]"
1777779186.143706,^NSEI,1d,95.54441069633361,0.000721391830680011,"[0.0006663673111869859, 0.000721391830680011, 0.2411009967137545, 1.0, 0.12260932287179571, 95.19897945198454, 95.49937435671949, 0.06892495734347094, 95.49937435671949, 0.5125689495633564, 62.42978877606017, 0.0, 0.0, 0.0]","[0.34, 0.33, 0.33]","[0.2411009967137545, 0.000721391830680011, 0.0, 0.0]"
1777779187.144081,^NSEI,1d,95.64938879731311,0.0007299159216300291,"[0.001098736181576789, 0.0007299159216300291, 0.2838509790949928, 1.0, 0.1494558448142982, 95.26827180678933, 95.47673174975948, 0.06981601177733977, 95.47673174975948, 0.5494376044683323, 236.5437476251437, 0.0, 0.0, 0.0]","[0.34, 0.33, 0.33]","[0.2838509790949928, 0.0007299159216300291, 0.0, 0.0]"
1777779188.144433,^NSEI,1d,95.7545041049402,0.0007465902022441031,"[0.0010989647602436187, 0.0007465902022441031, 0.3282245492720648, 1.0, 0.17717151082138116, 95.34307740446053, 95.4566871657261, 0.0714893745854911, 95.4566871657261, 0.5874383181523948, 398.90282288586457, 0.0, 0.0, 0.0]","[0.34, 0.33, 0.33]","[0.3282245492720648, 0.0007465902022441031, 0.0, 0.0]"
1777779189.144757,^NSEI,1d,95.87681260185916,0.0007666940588929833,"[0.0012773132508202424, 0.0007666940588929833, 0.39602717977727764, 1.0, 0.2066238185774978, 95.42519142205536, 95.43812161251654, 0.07350818260744132, 95.43812161251654, 0.632312828697463, 572.185194673396, 0.0, 0.0, 0.0]","[0.34, 0.33, 0.33]","[0.39602717977727764, 0.0007666940588929833, 0.0, 0.0]"
1777779190.145092,^NSEI,1d,95.93232084206885,0.0007690202222867044,"[0.0005789537501647574, 0.0007690202222867044, 0.3879101457352334, 1.0, 0.23177230884668631, 95.50321153970867, 95.41979784495291, 0.07377389469844722, 95.41979784495291, 0.6592795725064816, 666.4623143354212, 0.0, 0.0, 0.0]","[0.34, 0.33, 0.33]","[0.3879101457352334, 0.0007690202222867044, 0.0, 0.0]"
1777779191.145422,^NSEI,1d,95.98522827119105,0.0007737363136920822,"[0.0005515078615610741, 0.0007737363136920822, 0.33583947387793955, 1.0, 0.2530547977471542, 95.57736670409338, 95.40215859333395, 0.07426725669144439, 95.40215859333395, 0.6871042866076582, 753.5767257385523, 0.0, 0.0, 0.0]","[0.34, 0.33, 0.33]","[0.33583947387793955, 0.0007737363136920822, 0.0, 0.0]"
1777779192.145747,^NSEI,1d,96.01147104622855,0.0007742148342876267,"[0.0002734043092897346, 0.0007742148342876267, 0.2569669412883542, 1.0, 0.26893873779755495, 95.64415096496074, 95.38579236003159, 0.0743335051457671, 95.38579236003159, 0.70725638307557, 808.1460836030928, 0.0, 0.0, 0.0]","[0.34, 0.33, 0.33]","[0.2569669412883542, 0.0007742148342876267, 0.0, 0.0]"
1777779193.146091,^NSEI,1d,96.00076520473009,0.0007733556381487427,"[-0.00011150585843340311, 0.0007733556381487427, 0.12395260287092924, 0.9886665170606481, 0.2774645640104154, 95.69901316674769, 95.36996150305504, 0.07424273303767165, 95.36996150305504, 0.7158394305682426, 815.670915886856, 0.0, 0.0, 0.0]","[0.34, 0.33, 0.33]","[0.12395260287092924, 0.0007733556381487427, 0.0, 0.0]"
1777779194.14643,^NSEI,1d,95.96483830122267,0.0007709600140937668,"[-0.00037423559521425744, 0.0007709600140937668, 0.03251745915382287, 0.9477513337507719, 0.27811638923628834, 95.73990759596569, 95.35461887384369, 0.07398505308921668, 95.35461887384369, 0.7156847362755026, 791.505935747223, 0.0, 0.0, 0.0]","[0.34, 0.33, 0.33]","[0.03251745915382287, 0.0007709600140937668, 0.0, 0.0]"
1777779195.146755,^NSEI,1d,95.92075591430172,0.0007677915050938037,"[-0.00045935977907427455, 0.0007677915050938037, -0.06447235688932551, 0.8967024975757902, 0.27194111728867654, 95.76772832719818, 95.33978678250273, 0.07364714155317709, 95.33978678250273, 0.7120411778363083, 756.6756442922815, 0.0, 0.0, 0.0]","[0.34, 0.33, 0.33]","[-0.06447235688932551, 0.0007677915050938037, 0.0, 0.0]"
1777779196.147094,^NSEI,1d,95.90558928302406,0.0007612512448473977,"[-0.00015811626100211074, 0.0007612512448473977, -0.1058817632044935, 0.8703550913728054, 0.2627940234695245, 95.78893560273065, 95.32615181298286, 0.0730082492295253, 95.32615181298286, 0.7179697111080886, 761.1645615861748, 0.0, 0.0, 0.0]","[0.34, 0.33, 0.33]","[-0.1058817632044935, 0.0007612512448473977, 0.0, 0.0]"
1777779197.147427,^NSEI,1d,95.8520878009823,0.0007561885970585529,"[-0.0005578557250075008, 0.0007561885970585529, -0.14867740374778293, 0.8025925305008585, 0.24836476879340807, 95.7986500098728, 95.31312550640135, 0.07248225579935803, 95.31312550640135, 0.7086703881190437, 712.7352841307421, 0.0, 0.0, 0.0]","[0.34, 0.33, 0.33]","[-0.14867740374778293, 0.0007561885970585529, 0.0, 0.0]"
1777779198.147757,^NSEI,1d,95.8017360407538,0.0007555423518350243,"[-0.00052530687002931, 0.0007555423518350243, -0.16310226046887522, 0.7366698792765053, 0.23021276481192388, 95.7991236280062, 95.3002165365701, 0.07238226895810933, 95.3002165365701, 0.6998749113551462, 663.7874143860028, 0.0, 0.0, 0.0]","[0.34, 0.33, 0.33]","[-0.16310226046887522, 0.0007555423518350243, 0.0, 0.0]"
1777779199.148138,^NSEI,1d,95.73933647662712,0.000756717240184408,"[-0.0006513406406344681, 0.000756717240184408, -0.1814194376746059, 0.6614897400080733, 0.20838985897231055, 95.78992439163883, 95.28712683514595, 0.0724476064756797, 95.28712683514595, 0.685640926998551, 597.5939458852031, 0.0, 0.0, 0.0]","[0.34, 0.33, 0.33]","[-0.1814194376746059, 0.000756717240184408, 0.0, 0.0]"
1777779200.148467,^NSEI,1d,95.66989639014258,0.0007585061345294697,"[-0.0007253036112432837, 0.0007585061345294697, -0.23569289288147388, 0.5779359551000465, 0.1833779473958117, 95.77145668793644, 95.27378572054516, 0.07256620330172192, 95.27378572054516, 0.6676078131380664, 522.2247409286175, 0.0, 0.0, 0.0]","[0.34, 0.33, 0.33]","[-0.23569289288147388, 0.0007585061345294697, 0.0, 0.0]"
1777779201.1488,^NSEI,1d,95.63238634989568,0.0007539627502749226,"[-0.0003920777764191774, 0.0007539627502749226, -0.2197014510866211, 0.48869084552275666, 0.15869968927606237, 95.75005835200031, 95.26113480070926, 0.07210325702772132, 95.26113480070926, 0.6616636589458168, 492.40038589579285, 0.0, 0.0, 0.0]","[0.34, 0.33, 0.33]","[-0.2197014510866211, 0.0007539627502749226, 0.0, 0.0]"
1777779202.14917,^NSEI,1d,95.61245463939966,0.000738984146542731,"[-0.00020842008922687644, 0.000738984146542731, -0.18928140135413685, 0.39171601852585863, 0.1359663341936539, 95.72888543621333, 95.25016476309061, 0.07065608819055234, 95.25016476309061, 0.6616146495710283, 490.2539222309283, 0.0, 0.0, 0.0]","[0.34, 0.33, 0.33]","[-0.18928140135413685, 0.000738984146542731, 0.0, 0.0]"
1777779203.149489,^NSEI,1d,95.63327886068348,0.0007214137631503921,"[0.0002177982080091483, 0.0007214137631503921, -0.10605761594364083, 0.28031320601153853, 0.11826701855694921, 95.7141736934152, 95.24165983992542, 0.06899116358529651, 95.24165983992542, 0.677904328027779, 542.8493892989628, 0.0, 0.0, 0.0]","[0.34, 0.33, 0.33]","[-0.10605761594364083, 0.0007214137631503921, 0.0, 0.0]"
1777779204.149824,^NSEI,1d,95.64942384298953,0.0007031540533751222,"[0.00016882180030216245, 0.0007031540533751222, -0.020472547153048026, 0.2253990550202434, 0.104340179896667, 95.70421039658041, 95.23549539566065, 0.06725628007819315, 95.23549539566065, 0.6904106518178514, 588.6739119856295, 0.0, 0.0, 0.0]","[0.34, 0.33, 0.33]","[-0.020472547153048026, 0.0007031540533751222, 0.0, 0.0]"
1777779205.150161,^NSEI,1d,95.64483598445746,0.0006967484383251632,"[-4.796535460169108e-05, 0.0006967484383251632, 0.012449634561775724, 0.13548654587412856, 0.09187379417001296, 95.69507424520442, 95.23048337607537, 0.06664039010603712, 95.23048337607537, 0.6924840266028653, 594.6947069994234, 0.0, 0.0, 0.0]","[0.34, 0.33, 0.33]","[0.012449634561775724, 0.0006967484383251632, 0.0, 0.0]"
1777779206.150487,^NSEI,1d,95.63433087978456,0.0006913044574618253,"[-0.00010983452023075009, 0.0006913044574618253, 0.021876240384898438, 0.08212080798093453, 0.08022167399235514, 95.68572820109787, 95.226424847109, 0.06611243922357414, 95.226424847109, 0.6909281532855059, 590.0526580910703, 0.0, 0.0, 0.0]","[0.34, 0.33, 0.33]","[0.021876240384898438, 0.0006913044574618253, 0.0, 0.0]"
1777779207.150814,^NSEI,1d,95.63194002403338,0.000689683954242172,"[-2.4999973641040386e-05, 0.000689683954242172, -0.0013388366500919346, 0.08365797799469092, 0.06998758936029503, 95.67745189336844, 95.22295494675033, 0.06595581454762557, 95.22295494675033, 0.6926515786845362, 593.0036138544698, 0.0, 0.0, 0.0]","[0.34, 0.33, 0.33]","[-0.0013388366500919346, 0.000689683954242172, 0.0, 0.0]"
1777779208.151163,^NSEI,1d,95.6354704614056,0.0006866576785902553,"[3.691692724556847e-05, 0.0006866576785902553, -0.013953381583931446, 0.09886211849508485, 0.06145348285079422, 95.67099126906538, 95.22036726089262, 0.0656688301379157, 95.22036726089262, 0.6964317381442509, 604.5271369646906, 0.0, 0.0, 0.0]","[0.34, 0.33, 0.33]","[-0.013953381583931446, 0.0006866576785902553, 0.0, 0.0]"
1777779209.151496,^NSEI,1d,95.6071696436055,0.0006788630943964423,"[-0.00029592386238662556, 0.0006788630943964423, -0.03766634085195619, 0.1027832224414766, 0.05180927738093999, 95.66117005294399, 95.21867217228346, 0.06490417903074364, 95.21867217228346, 0.6843369709161906, 572.2766114829708, 0.0, 0.0, 0.0]","[0.34, 0.33, 0.33]","[-0.03766634085195619, 0.0006788630943964423, 0.0, 0.0]"
1777779210.151887,^NSEI,1d,95.58300755750975,0.0006644213726490205,"[-0.0002527225331094486, 0.0006644213726490205, -0.05132332227481129, 0.1004763960136492, 0.041735396969500016, 95.6491421669853, 95.21832057089895, 0.06350739308328232, 95.21832057089895, 0.6731216185833628, 548.8790722622304, 0.0, 0.0, 0.0]","[0.34, 0.33, 0.33]","[-0.05132332227481129, 0.0006644213726490205, 0.0, 0.0]"
1777779211.152252,^NSEI,1d,95.56692471562228,0.0006435406071870327,"[-0.00016826047116994732, 0.0006435406071870327, -0.06501530841110537, 0.1107085632866405, 0.03208417681601361, 95.63649192339805, 95.219701295339, 0.061501196758489, 95.219701295339, 0.664582762224566, 539.5516870349898, 0.0, 0.0, 0.0]","[0.34, 0.33, 0.33]","[-0.06501530841110537, 0.0006435406071870327, 0.0, 0.0]"
1777779212.152601,^NSEI,1d,95.62642905549491,0.0006424044394472944,"[0.0006226457537448066, 0.0006424044394472944, -0.009041405910693356, 0.26667710505106174, 0.028903832847234412, 95.63494189837162, 95.22297718796449, 0.06143084255374167, 95.22297718796449, 0.6905622403921676, 628.034058851678, 0.0, 0.0, 0.0]","[0.34, 0.33, 0.33]","[-0.009041405910693356, 0.0006424044394472944, 0.0, 0.0]"
1777779213.152932,^NSEI,1d,95.74163514799197,0.0006482239807887005,"[0.0012047515904855517, 0.0006482239807887005, 0.1344655043864691, 0.5028399882181533, 0.035272951556947874, 95.65135497541047, 95.229352955426, 0.06206202386285072, 95.229352955426, 0.7402689816316522, 790.2857773676894, 0.0, 0.0, 0.0]","[0.34, 0.33, 0.33]","[0.1344655043864691, 0.0006482239807887005, 0.0, 0.0]"
1777779214.153317,^NSEI,1d,95.82749346253814,0.0006509741972300394,"[0.0008967709232608919, 0.0006509741972300394, 0.24448590502839807, 0.6772302711202456, 0.04671012718726786, 95.67845139007598, 95.23794231371792, 0.06238122562934262, 95.23794231371792, 0.7738808975225879, 905.6444192854642, 0.0, 0.0, 0.0]","[0.34, 0.33, 0.33]","[0.24448590502839807, 0.0006509741972300394, 0.0, 0.0]"
1777779215.153699,^NSEI,1d,95.90248134625331,0.000645892613338527,"[0.0007825299504936127, 0.000645892613338527, 0.33555663063103225, 0.7800620889042947, 0.061120507624906395, 95.7129164039937, 95.24894996463055, 0.061942704302380885, 95.24894996463055, 0.8001238654374909, 1011.8266846941398, 0.0, 0.0, 0.0]","[0.34, 0.33, 0.33]","[0.33555663063103225, 0.000645892613338527, 0.0, 0.0]"
1777779216.154084,^NSEI,1d,95.93099771306257,0.0006412110022179575,"[0.0002973475389682457, 0.0006412110022179575, 0.30456865756765694, 0.8245258569182354, 0.07398897161498041, 95.74646654498379, 95.26118187288793, 0.06151201118736144, 95.26118187288793, 0.8040524608943136, 1044.6106474432495, 0.0, 0.0, 0.0]","[0.34, 0.33, 0.33]","[0.30456865756765694, 0.0006412110022179575, 0.0, 0.0]"
1777779217.154421,^NSEI,1d,95.94142734717117,0.0006379709675340278,"[0.00010872016717474342, 0.0006379709675340278, 0.19979219917919977, 0.8207116740659489, 0.08405991596211493, 95.77645961985627, 95.27414684315397, 0.06120784523127042, 95.27414684315397, 0.79960436576612, 1045.9418029576846, 0.0, 0.0, 0.0]","[0.34, 0.33, 0.33]","[0.19979219917919977, 0.0006379709675340278, 0.0, 0.0]"
1777779218.154751,^NSEI,1d,95.96158857699788,0.0006342536755774003,"[0.00021014102441646294, 0.0006342536755774003, 0.13409511445973976, 0.8221758522910254, 0.09260061244862072, 95.80494011724439, 95.28804163798277, 0.06086399026920718, 95.28804163798277, 0.7992709673364904, 1061.9519680385606, 0.0, 0.0, 0.0]","[0.34, 0.33, 0.33]","[0.13409511445973976, 0.0006342536755774003, 0.0, 0.0]"
1777779219.155099,^NSEI,1d,96.01797761886263,0.0006326995026197744,"[0.0005876209710670004, 0.0006326995026197744, 0.11549627260932027, 0.8478812225582104, 0.10273503483097102, 95.83771384270399, 95.30342265458827, 0.060750526682011016, 95.30342265458827, 0.8140014836844613, 1129.3749423156626, 0.0, 0.0, 0.0]","[0.34, 0.33, 0.33]","[0.11549627260932027, 0.0006326995026197744, 0.0, 0.0]"
1777779220.15546,^NSEI,1d,96.0510314655345,0.0006259413808727395,"[0.00034424643688165947, 0.0006259413808727395, 0.12003375247194015, 0.8728217431967101, 0.11214111381285363, 95.8705310109782, 95.32019613159113, 0.06012231526978762, 95.32019613159113, 0.8178379297093171, 1167.5779174790837, 0.0, 0.0, 0.0]","[0.34, 0.33, 0.33]","[0.12003375247194015, 0.0006259413808727395, 0.0, 0.0]"
1777779221.155814,^NSEI,1d,96.06389393255006,0.0006213110171984246,"[0.00013391284632031347, 0.0006213110171984246, 0.12246658537888777, 0.8793596062235083, 0.11925865324647589, 95.90027796570668, 95.33780796418714, 0.059685555655274246, 95.33780796418714, 0.8129282246459529, 1168.6352700406687, 0.0, 0.0, 0.0]","[0.34, 0.33, 0.33]","[0.12246658537888777, 0.0006213110171984246, 0.0, 0.0]"
1777779222.15621,^NSEI,1d,96.01248165210937,0.0006210420136039865,"[-0.0005351883869790362, 0.0006210420136039865, 0.050893075111488884, 0.8055988908009852, 0.11937473552259803, 95.91753812540732, 95.35543218352751, 0.059627784936341806, 95.35543218352751, 0.781675717620553, 1057.9790967263516, 0.0, 0.0, 0.0]","[0.34, 0.33, 0.33]","[0.050893075111488884, 0.0006210420136039865, 0.0, 0.0]"
1777779223.156552,^NSEI,1d,95.95847708411848,0.0006131372153450387,"[-0.0005624744518797748, 0.0006131372153450387, -0.05950053474414574, 0.773584249845048, 0.11379723062259472, 95.92383372109128, 95.37354974092017, 0.05883571342810712, 95.37354974092017, 0.7505673077829405, 953.9909314901928, 0.0, 0.0, 0.0]","[0.34, 0.33, 0.33]","[-0.05950053474414574, 0.0006131372153450387, 0.0, 0.0]"
1777779224.15688,^NSEI,1d,95.87556331571857,0.0006005194755336128,"[-0.000864058819183176, 0.0006005194755336128, -0.1754681498159414, 0.7089659291079726, 0.10151635231721912, 95.91640500746108, 95.39223101017953, 0.057575142998845, 95.39223101017953, 0.7082509927085757, 804.8570033628878, 0.0, 0.0, 0.0]","[0.34, 0.33, 0.33]","[-0.1754681498159414, 0.0006005194755336128, 0.0, 0.0]"
1777779225.157231,^NSEI,1d,95.78043646198174,0.0005949305568304908,"[-0.000992190819506074, 0.0005949305568304908, -0.2834574705683224, 0.6372273483280252, 0.08314923309248456, 95.89548538168708, 95.41114206798332, 0.05698270839779424, 95.41114206798332, 0.6611790430686411, 620.7352938229335, 0.0, 0.0, 0.0]","[0.34, 0.33, 0.33]","[-0.2834574705683224, 0.0005949305568304908, 0.0, 0.0]"
1777779226.157623,^NSEI,1d,95.66351445911111,0.0006117279899608318,"[-0.0012207294849510683, 0.0006117279899608318, -0.3489671929982592, 0.522389524259131, 0.05848435901970106, 95.85979632062421, 95.42918001369009, 0.05852004941266101, 95.42918001369009, 0.6042061307391415, 383.0696800975723, 0.0, 0.0, 0.0]","[0.34, 0.33, 0.33]","[-0.3489671929982592, 0.0006117279899608318, 0.0, 0.0]"
1777779227.158273,^NSEI,1d,95.54810467609639,0.0006289140878915796,"[-0.0012064137897009357, 0.0006289140878915796, -0.4103724080220985, 0.3844837539294996, 0.02928706064219, 95.81184250652589, 95.44625771285916, 0.06009154910213633, 95.44625771285916, 0.5463967939489233, 161.94097921810166, 0.0, 0.0, 0.0]","[0.34, 0.33, 0.33]","[-0.4103724080220985, 0.0006289140878915796, 0.0, 0.0]"
1777779228.158831,^NSEI,1d,95.38654850852893,0.0006639354849135321,"[-0.0016908359209753248, 0.0006639354849135321, -0.4890148071896334, 0.25843255250838565, -0.006809742743214997, 95.74641164691886, 95.46167239407578, 0.06333051433823832, 95.46167239407578, 0.4647504667086375, -113.14937558523195, 0.0, 0.0, 0.0]","[0.34, 0.33, 0.33]","[-0.4890148071896334, 0.0006639354849135321, 0.0, 0.0]"
1777779229.159232,^NSEI,1d,95.18932226338309,0.0007152718433444977,"[-0.0020676526012282236, 0.0007152718433444977, -0.5911141985986461, 0.15542982168386274, -0.050746257911569614, 95.66070547823128, 95.4747020392434, 0.06808624200204345, 95.4747020392434, 0.3616014829419158, -398.9808609352158, 0.0, 0.0, 0.0]","[0.34, 0.33, 0.33]","[-0.5911141985986461, 0.0007152718433444977, 0.0, 0.0]"
1777779230.159634,^NSEI,1d,95.05780885668467,0.0007393871076007091,"[-0.0013815983092570774, 0.0007393871076007091, -0.6057056024264398, 0.11629989611997871, -0.09508224659307984, 95.56795220517613, 95.48575215741502, 0.07028451834540515, 95.48575215741502, 0.2854240110867292, -578.7811233536548, 0.0, 0.0, 0.0]","[0.34, 0.33, 0.33]","[-0.6057056024264398, 0.0007393871076007091, 0.0, 0.0]"
1777779231.16004,^NSEI,1d,94.89450298141891,0.0007735811395184507,"[-0.001717963807812715, 0.0007735811395184507, -0.6536016946774765, 0.09440759647889366, -0.14176211100472358, 95.46434442269863, 95.49421397006603, 0.07340859775040305, 95.49421397006603, 0.19001850480607668, -775.2399302553242, 0.0, 0.0, 0.0]","[0.34, 0.33, 0.33]","[-0.6536016946774765, 0.0007735811395184507, 0.0, 0.0]"
1777779232.160496,^NSEI,1d,94.70617838446465,0.000815008926586578,"[-0.001984568031207618, 0.000815008926586578, -0.6803701240642823, 0.06970688469849208, -0.19174217648590286, 95.3477040404603, 95.49987723557658, 0.0771863807862395, 95.49987723557658, 0.07973985053310434, -973.8529545143731, 0.0, 0.0, 0.0]","[0.34, 0.33, 0.33]","[-0.6803701240642823, 0.000815008926586578, 0.0, 0.0]"
1777779233.1609,^NSEI,1d,94.57506739969311,0.0008340270262844272,"[-0.0013843973752091098, 0.0008340270262844272, -0.614254863689979, 0.02972475533837155, -0.23917424735482484, 95.22883769676851, 95.50311620313892, 0.07887816222401532, 95.50311620313892, 0.0010782712568691312, -1112.7322906791671, 0.0, 0.0, 0.0]","[0.34, 0.33, 0.33]","[-0.614254863689979, 0.0008340270262844272, 0.0, 0.0]"
1777779234.161292,^NSEI,1d,94.53043028277965,0.0008351548588653401,"[-0.0004719755231557832, 0.0008351548588653401, -0.5273785739050254, 0.008259107888388684, -0.2771712894434444, 95.12139226028084, 95.5050861222094, 0.0789475481612947, 95.5050861222094, 0.0, -1167.0360641306056, 0.0, 0.0, 0.0]","[0.34, 0.33, 0.33]","[-0.5273785739050254, 0.0008351548588653401, 0.0, 0.0]"
1777779235.161625,^NSEI,1d,94.45379662877096,0.0008345485106982641,"[-0.0008106770886310925, 0.0008345485106982641, -0.44070635264795044, 0.0, -0.309895630551253, 95.01868717975734, 95.50458190203145, 0.07882627530633753, 95.50458190203145, 0.0, -1259.1062829664613, 0.0, 0.0, 0.0]","[0.34, 0.33, 0.33]","[-0.44070635264795044, 0.0008345485106982641, 0.0, 0.0]"
1777779236.161977,^NSEI,1d,94.36956824714689,0.0008337229315628344,"[-0.0008917416200336837, 0.0008337229315628344, -0.3366101373177628, 0.0, -0.33872185838006885, 94.91882377906256, 95.50142870820036, 0.07867807308933028, 95.50142870820036, 0.0, -1357.5978520007566, 0.0, 0.0, 0.0]","[0.34, 0.33, 0.33]","[-0.3366101373177628, 0.0008337229315628344, 0.0, 0.0]"
1777779237.16234,^NSEI,1d,94.29828696141121,0.0008358339220483636,"[-0.0007553418656001382, 0.0008358339220483636, -0.2767804382819037, 0.0, -0.36313268806669896, 94.82335667756534, 95.49643989109073, 0.0788177070333984, 95.49643989109073, 0.0, -1433.482056750258, 0.0, 0.0, 0.0]","[0.34, 0.33, 0.33]","[-0.2767804382819037, 0.0008358339220483636, 0.0, 0.0]"
1777779238.162699,^NSEI,1d,94.27934447243513,0.0008359382628245353,"[-0.00020087839966628174, 0.0008359382628245353, -0.25108581034452016, 0.0, -0.3796307994709167, 94.73966371090819, 95.49108554358482, 0.07881171143852338, 95.49108554358482, 0.0, -1449.5580894399554, 0.0, 0.0, 0.0]","[0.34, 0.33, 0.33]","[-0.25108581034452016, 0.0008359382628245353, 0.0, 0.0]"
1777779239.16305,^NSEI,1d,94.23279557997851,0.0008339347682596939,"[-0.0004937337305121251, 0.0008339347682596939, -0.22100104879244498, 0.0, -0.3919436952745201, 94.66168636827256, 95.48416638574928, 0.07858400454445248, 95.48416638574928, 0.0, -1500.561978465293, 0.0, 0.0, 0.0]","[0.34, 0.33, 0.33]","[-0.22100104879244498, 0.0008339347682596939, 0.0, 0.0]"
1777779240.163428,^NSEI,1d,94.18118944536172,0.0008226661728744686,"[-0.0005476451621663962, 0.0008226661728744686, -0.18837880178516286, 0.0, -0.4012406848305403, 94.58776595012318, 95.474812421732, 0.07747967867778104, 95.474812421732, 0.0, -1572.4761987602324, 0.0, 0.0, 0.0]","[0.34, 0.33, 0.33]","[-0.18837880178516286, 0.0008226661728744686, 0.0, 0.0]"
1777779241.163772,^NSEI,1d,94.15416534774377,0.0008109100503389703,"[-0.0002869373149468601, 0.0008109100503389703, -0.14412161366743703, 0.0, -0.406107876060986, 94.52106003091812, 95.46353448688137, 0.07635055896176263, 95.46353448688137, 0.0, -1614.6909741595496, 0.0, 0.0, 0.0]","[0.34, 0.33, 0.33]","[-0.14412161366743703, 0.0008109100503389703, 0.0, 0.0]"
1777779242.164133,^NSEI,1d,94.14119123397312,0.000801380575208403,"[-0.00013779649283422873, 0.000801380575208403, -0.1381532384620101, 0.0, -0.4063281631688085, 94.46262150768301, 95.45077173026652, 0.07544292198188564, 95.45077173026652, 0.0, -1634.1555271075092, 0.0, 0.0, 0.0]","[0.34, 0.33, 0.33]","[-0.1381532384620101, 0.000801380575208403, 0.0, 0.0]"
1777779243.164487,^NSEI,1d,94.11822926259461,0.0007804893689770785,"[-0.00024390993015415118, 0.0007804893689770785, -0.11456631738390399, 0.0, -0.4037019580442518, 94.4096400660518, 95.43570541140602, 0.07345827736640247, 95.43570541140602, 0.0, -1688.0129328835233, 0.0, 0.0, 0.0]","[0.34, 0.33, 0.33]","[-0.11456631738390399, 0.0007804893689770785, 0.0, 0.0]"
1777779244.164834,^NSEI,1d,94.09267279538838,0.0007687379324717774,"[-0.000271535784368885, 0.0007687379324717774, -0.08851664997334296, 0.0, -0.39908249094038695, 94.36087718361158, 95.41887870654583, 0.07233260674547032, 95.41887870654583, 0.0, -1725.1729817640205, 0.0, 0.0, 0.0]","[0.34, 0.33, 0.33]","[-0.08851664997334296, 0.0007687379324717774, 0.0, 0.0]"
1777779245.165184,^NSEI,1d,94.02856514763677,0.0007647930231649994,"[-0.0006813245478850322, 0.0007647930231649994, -0.12560020010700157, 0.0, -0.39602930082796206, 94.30975398269146, 95.40014803658876, 0.07191239060312822, 95.40014803658876, 0.0, -1793.404028812748, 0.0, 0.0, 0.0]","[0.34, 0.33, 0.33]","[-0.12560020010700157, 0.0007647930231649994, 0.0, 0.0]"
1777779246.165514,^NSEI,1d,93.96020296091491,0.0007571223723240912,"[-0.0007270363704318887, 0.0007571223723240912, -0.18098827305820464, 0.0, -0.3945774392168744, 94.25597831737753, 95.37916199379649, 0.07113937176982099, 95.37916199379649, 0.0, -1874.1475417321035, 0.0, 0.0, 0.0]","[0.34, 0.33, 0.33]","[-0.18098827305820464, 0.0007571223723240912, 0.0, 0.0]"
1777779247.16584,^NSEI,1d,93.88692582805297,0.0007521028826988729,"[-0.000779874144082339, 0.0007521028826988729, -0.23130343454164404, 0.0, -0.3947888012863672, 94.19920239248925, 95.35605868145016, 0.0706126275630139, 95.35605868145016, 0.0, -1953.3668693374893, 0.0, 0.0, 0.0]","[0.34, 0.33, 0.33]","[-0.23130343454164404, 0.0007521028826988729, 0.0, 0.0]"
1777779248.16621,^NSEI,1d,93.82311993822775,0.000745708411356153,"[-0.0006796035684678196, 0.000745708411356153, -0.26955285716063315, 0.0, -0.39554530916386454, 94.14134479274087, 95.33100931242765, 0.06996468971761362, 95.33100931242765, 0.0, -2022.0898024438832, 0.0, 0.0, 0.0]","[0.34, 0.33, 0.33]","[-0.26955285716063315, 0.000745708411356153, 0.0, 0.0]"
1777779249.166557,^NSEI,1d,93.7459973215487,0.0007413198921606673,"[-0.0008220001288576335, 0.0007413198921606673, -0.2825678260880693, 0.0, -0.39778260748556704, 94.08052355159343, 95.30390324835682, 0.0694957726249047, 95.30390324835682, 0.0, -2101.529910747992, 0.0, 0.0, 0.0]","[0.34, 0.33, 0.33]","[-0.2825678260880693, 0.0007413198921606673, 0.0, 0.0]"
1777779250.166902,^NSEI,1d,93.68525111930582,0.000732803733124317,"[-0.0006479871565558424, 0.000732803733124317, -0.274951841609095, 0.0, -0.39984819209244904, 94.01971479518433, 95.27485387996576, 0.0686529017589164, 95.27485387996576, 0.0, -2169.2066904226235, 0.0, 0.0, 0.0]","[0.34, 0.33, 0.33]","[-0.274951841609095, 0.000732803733124317, 0.0, 0.0]"
1777779251.167263,^NSEI,1d,93.6559031279681,0.0007110913970435833,"[-0.00031326159653819526, 0.0007110913970435833, -0.23102270008486414, 0.0, -0.39925100360572685, 93.96374615959836, 95.24370566638225, 0.06659790699664533, 95.24370566638225, 0.0, -2232.9092223806424, 0.0, 0.0, 0.0]","[0.34, 0.33, 0.33]","[-0.23102270008486414, 0.0007110913970435833, 0.0, 0.0]"
1777779252.167608,^NSEI,1d,93.63253288108812,0.0006880800125605423,"[-0.0002495330897407012, 0.0006880800125605423, -0.19058705713962354, 0.0, -0.3960975452901039, 93.91279305167966, 95.21054986600956, 0.06442667440089452, 95.21054986600956, 0.011817707974567208, -2293.3626266067245, 0.0, 0.0, 0.0]","[0.34, 0.33, 0.33]","[-0.19058705713962354, 0.0006880800125605423, 0.0, 0.0]"
1777779253.167947,^NSEI,1d,93.62064064433272,0.0006575550478207908,"[-0.00012700966629305638, 0.0006575550478207908, -0.12535667721597576, 0.0, -0.39006162340353967, 93.86784778963346, 95.17529717917321, 0.06156072483589728, 95.17529717917321, 0.030178456687526767, -2364.2986849432473, 0.0, 0.0, 0.0]","[0.34, 0.33, 0.33]","[-0.12535667721597576, 0.0006575550478207908, 0.0, 0.0]"
1777779254.168361,^NSEI,1d,93.61124196842283,0.0006475284260480979,"[-0.0001003910659573281, 0.0006475284260480979, -0.07400915088298632, 0.0, -0.38163723023035345, 93.82837117400875, 95.1390303217725, 0.06061594017222048, 95.1390303217725, 0.047448046631299555, -2359.4151112003547, 0.0, 0.0, 0.0]","[0.34, 0.33, 0.33]","[-0.07400915088298632, 0.0006475284260480979, 0.0, 0.0]"
1777779255.168755,^NSEI,1d,93.60271923517062,0.0006378797167005191,"[-9.104390747301011e-05, 0.0006378797167005191, -0.05318389279747748, 0.0, -0.37136765622203427, 93.79365608782572, 95.10180361808469, 0.059707276028128864, 95.10180361808469, 0.0633377642090032, -2350.1051117727807, 0.0, 0.0, 0.0]","[0.34, 0.33, 0.33]","[-0.05318389279747748, 0.0006378797167005191, 0.0, 0.0]"
1777779256.169155,^NSEI,1d,93.57407949659436,0.0006324538494913549,"[-0.00030597122402292975, 0.0006324538494913549, -0.058453384493759586, 0.0, -0.36137423500038324, 93.75987483035789, 95.06371937512165, 0.05918128679023117, 95.06371937512165, 0.0724516035719532, -2355.333720753402, 0.0, 0.0, 0.0]","[0.34, 0.33, 0.33]","[-0.058453384493759586, 0.0006324538494913549, 0.0, 0.0]"
1777779257.169579,^NSEI,1d,93.55603876595598,0.0006319515961271665,"[-0.00019279623946550752, 0.0006319515961271665, -0.0646018783767488, 0.0, -0.3508655532549767, 93.7285146189191, 95.0255205245158, 0.05912288802548094, 95.0255205245158, 0.08377916640194541, -2325.307456402281, 0.0, 0.0, 0.0]","[0.34, 0.33, 0.33]","[-0.0646018783767488, 0.0006319515961271665, 0.0, 0.0]"
1777779258.169951,^NSEI,1d,93.53632243529037,0.0006323920891530717,"[-0.00021074353858574073, 0.0006323920891530717, -0.07491953313245858, 0.0, -0.34020660029943883, 93.69894558831159, 94.9875749641106, 0.059151630356548614, 94.9875749641106, 0.0939735023528079, -2294.861927769871, 0.0, 0.0, 0.0]","[0.34, 0.33, 0.33]","[-0.07491953313245858, 0.0006323920891530717, 0.0, 0.0]"
1777779259.170383,^NSEI,1d,93.57834061072785,0.0006410442253201153,"[0.0004492177406968867, 0.0006410442253201153, -0.024378624442775276, 0.07885897495838151, -0.32462669338742955, 93.68039063151275, 94.95097472499225, 0.05998785486354592, 94.95097472499225, 0.11977952553211196, -2141.247140287325, 0.0, 0.0, 0.0]","[0.34, 0.33, 0.33]","[-0.024378624442775276, 0.0006410442253201153, 0.0, 0.0]"
1777779260.170735,^NSEI,1d,93.66611060465127,0.0006612270210605617,"[0.0009379306509454629, 0.0006612270210605617, 0.09203110805690073, 0.23481682488759106, -0.30171916916167163, 93.67819248777246, 94.9159828706427, 0.06193456328944265, 94.9159828706427, 0.1559596269527448, -1890.2316847044763, 0.0, 0.0, 0.0]","[0.34, 0.33, 0.33]","[0.09203110805690073, 0.0006612270210605617, 0.0, 0.0]"
1777779261.171112,^NSEI,1d,93.76332626574543,0.0006833480349065018,"[0.0010378957817998753, 0.0006833480349065018, 0.2072874997894587, 0.39333213313556065, -0.27257818809168555, 93.6912888471644, 94.8833459716546, 0.06407298474999433, 94.8833459716546, 0.1928185023756097, -1639.017965512138, 0.0, 0.0, 0.0]","[0.34, 0.33, 0.33]","[0.2072874997894587, 0.0006833480349065018, 0.0, 0.0]"
1777779262.171483,^NSEI,1d,93.83512957271722,0.0006966253530854867,"[0.0007657930859692583, 0.0006966253530854867, 0.2988071374268486, 0.5104053497371901, -0.24091273175724837, 93.71341677069938, 94.85261774559154, 0.06536793027041653, 94.85261774559154, 0.221449211512312, -1460.5959550103562, 0.0, 0.0, 0.0]","[0.34, 0.33, 0.33]","[0.2988071374268486, 0.0006966253530854867, 0.0, 0.0]"
1777779263.17182,^NSEI,1d,93.87203096054549,0.000700983464028354,"[0.00039325770632276036, 0.000700983464028354, 0.29369034981763775, 0.6155243167796491, -0.21041446902634675, 93.73781737480562, 94.82344109690276, 0.06580274143810007, 94.82344109690276, 0.23983320236834915, -1357.2504704886794, 0.0, 0.0, 0.0]","[0.34, 0.33, 0.33]","[0.29369034981763775, 0.000700983464028354, 0.0, 0.0]"
1777779264.172189,^NSEI,1d,93.94360548806193,0.0007113343144886132,"[0.0007624691485212395, 0.0007113343144886132, 0.2774948834106681, 0.7320757821524974, -0.1784122841258835, 93.76947623162417, 94.79646780155775, 0.06682531021043926, 94.79646780155775, 0.26680559439266954, -1198.9612986812713, 0.0, 0.0, 0.0]","[0.34, 0.33, 0.33]","[0.2774948834106681, 0.0007113343144886132, 0.0, 0.0]"
1777779265.172596,^NSEI,1d,94.02141624353968,0.0007244234304394716,"[0.0008282709086317752, 0.0007244234304394716, 0.25808997779424203, 0.8020110614161189, -0.145099032977285, 93.80823578024481, 94.77129639364594, 0.06811131688992247, 94.77129639364594, 0.2946974565977166, -1035.1406630392248, 0.0, 0.0, 0.0]","[0.34, 0.33, 0.33]","[0.25808997779424203, 0.0007244234304394716, 0.0, 0.0]"
1777779266.17293,^NSEI,1d,94.11181914952114,0.0007402135012191551,"[0.0009615139783397484, 0.0007402135012191551, 0.2766895768039177, 0.8565170392637579, -0.11013372933462051, 93.85494138748628, 94.74784896411659, 0.06966283915877097, 94.74784896411659, 0.3253630499950402, -859.2518422696758, 0.0, 0.0, 0.0]","[0.34, 0.33, 0.33]","[0.2766895768039177, 0.0007402135012191551, 0.0, 0.0]"
1777779267.1733,^NSEI,1d,94.14737765658879,0.0007420470384557527,"[0.0003778325335647199, 0.0007420470384557527, 0.2753466960433002, 0.8784989234165547, -0.07864759944116884, 93.8999319498417, 94.7246317578026, 0.06986178276844701, 94.7246317578026, 0.3408128684965848, -777.9211711633716, 0.0, 0.0, 0.0]","[0.34, 0.33, 0.33]","[0.2753466960433002, 0.0007420470384557527, 0.0, 0.0]"
1777779268.173645,^NSEI,1d,94.20992043704229,0.0007488710058736791,"[0.0006643071959118019, 0.0007488710058736791, 0.2663149489803516, 0.8996678116273551, -0.048093542597015926, 93.94762238201415, 94.70213951708467, 0.07055107788096714, 94.70213951708467, 0.363451984286894, -657.2815293711845, 0.0, 0.0, 0.0]","[0.34, 0.33, 0.33]","[0.2663149489803516, 0.0007488710058736791, 0.0, 0.0]"
1777779269.173996,^NSEI,1d,94.2847160689045,0.0007593899298050884,"[0.0007939252205631523, 0.0007593899298050884, 0.2632998253648253, 0.918277224706814, -0.017640501364169836, 93.99948271036021, 94.68088764340416, 0.07159886391725807, 94.68088764340416, 0.38930239907080677, -521.6971663047282, 0.0, 0.0, 0.0]","[0.34, 0.33, 0.33]","[0.2632998253648253, 0.0007593899298050884, 0.0, 0.0]"
1777779270.174333,^NSEI,1d,94.32439166326658,0.0007634713385405484,"[0.0004208062135233552, 0.0007634713385405484, 0.2125725137454424, 0.9541263168856113, 0.009584754939837126, 94.04946864875113, 94.66041984314609, 0.07201396956017708, 94.66041984314609, 0.4053575713445022, -440.1320166410662, 0.0, 0.0, 0.0]","[0.34, 0.33, 0.33]","[0.2125725137454424, 0.0007634713385405484, 0.0, 0.0]"
1777779271.174687,^NSEI,1d,94.349401904135,0.0007654461611822155,"[0.0002651513614601061, 0.0007654461611822155, 0.20202424754620552, 0.9762384931252845, 0.0328009746352933, 94.0956123067785, 94.64038018502265, 0.07221938749735815, 94.64038018502265, 0.41732725069870086, -380.1420604660781, 0.0, 0.0, 0.0]","[0.34, 0.33, 0.33]","[0.20202424754620552, 0.0007654461611822155, 0.0, 0.0]"
1777779272.175348,^NSEI,1d,94.38203458143617,0.0007679623666533961,"[0.00034587052639016097, 0.0007679623666533961, 0.1721141443938876, 1.0, 0.05321969680925065, 94.13967662859899, 94.62079524939814, 0.0724818506467224, 94.62079524939814, 0.43150493621995084, -310.90152112848136, 0.0, 0.0, 0.0]","[0.34, 0.33, 0.33]","[0.1721141443938876, 0.0007679623666533961, 0.0, 0.0]"
1777779273.17589,^NSEI,1d,94.41580335450237,0.000771037261451711,"[0.0003577881449150457, 0.000771037261451711, 0.13108728559787153, 1.0, 0.07130458416948215, 94.18215711394947, 94.60218015113091, 0.07279810245621877, 94.60218015113091, 0.44600061799191304, -241.72216564167837, 0.0, 0.0, 0.0]","[0.34, 0.33, 0.33]","[0.13108728559787153, 0.000771037261451711, 0.0, 0.0]"
1777779274.176337,^NSEI,1d,94.44043325090989,0.0007730710809632443,"[0.0002608662483656502, 0.0007730710809632443, 0.11604158764330919, 1.0, 0.08662584572998355, 94.22189153855517, 94.5843274275903, 0.07300916781991804, 94.5843274275903, 0.4578844722459289, -186.13317743190345, 0.0, 0.0, 0.0]","[0.34, 0.33, 0.33]","[0.11604158764330919, 0.0007730710809632443, 0.0, 0.0]"
1777779275.176758,^NSEI,1d,94.46182233676133,0.0007747734914962507,"[0.0002264822927549718, 0.0007747734914962507, 0.11242043262633672, 1.0, 0.09934874578368635, 94.25880532207381, 94.56706020292057, 0.0731865159049511, 94.56706020292057, 0.4688737033693063, -135.83049409190076, 0.0, 0.0, 0.0]","[0.34, 0.33, 0.33]","[0.11242043262633672, 0.0007747734914962507, 0.0, 0.0]"
1777779276.177182,^NSEI,1d,94.47567677474451,0.0007692845189503977,"[0.00014666706231637584, 0.0007692845189503977, 0.09364219330834089, 1.0, 0.10928984761368099, 94.29217278053277, 94.54907969853386, 0.07267867556017259, 94.54907969853386, 0.47801507336061505, -95.4171336887102, 0.0, 0.0, 0.0]","[0.34, 0.33, 0.33]","[0.09364219330834089, 0.0007692845189503977, 0.0, 0.0]"
1777779277.177566,^NSEI,1d,94.49419771111013,0.0007506790705798273,"[0.00019603920287099264, 0.0007506790705798273, 0.07839435660775962, 1.0, 0.1173104453956455, 94.32325549135214, 94.52958848858258, 0.0709348165129626, 94.52958848858258, 0.4892242456825734, -47.14501690463726, 0.0, 0.0, 0.0]","[0.34, 0.33, 0.33]","[0.07839435660775962, 0.0007506790705798273, 0.0, 0.0]"
1777779278.177921,^NSEI,1d,94.55627897530614,0.0007457549105296162,"[0.0006569849334644472, 0.0007457549105296162, 0.11584572439625163, 1.0, 0.12720986996703232, 94.35910696320859, 94.50972576221957, 0.07051580936724286, 94.50972576221957, 0.5144638451487549, 62.424279651752244, 0.0, 0.0, 0.0]","[0.34, 0.33, 0.33]","[0.11584572439625163, 0.0007457549105296162, 0.0, 0.0]"
1777779279.178289,^NSEI,1d,94.53994210855383,0.0007352589149928044,"[-0.00017277400220643268, 0.0007352589149928044, 0.07811977179250107, 0.9704508741701199, 0.13221291848375927, 94.38692840321282, 94.48843608663051, 0.06951133525821783, 94.48843608663051, 0.5163967344018993, 70.05154357607536, 0.0, 0.0, 0.0]","[0.34, 0.33, 0.33]","[0.07811977179250107, 0.0007352589149928044, 0.0, 0.0]"
1777779280.178633,^NSEI,1d,94.51776678445968,0.0007323272648977251,"[-0.00023456037310332965, 0.0007323272648977251, 0.0420900097151673, 0.9204433642734331, 0.13285701410831052, 94.4070576220949, 94.46635435337112, 0.06921793763350441, 94.46635435337112, 0.5168230804181343, 70.20417448986414, 0.0, 0.0, 0.0]","[0.34, 0.33, 0.33]","[0.0420900097151673, 0.0007323272648977251, 0.0, 0.0]"
1777779281.178976,^NSEI,1d,94.50202093723499,0.0007311231713767548,"[-0.00016659140138805997, 0.0007311231713767548, 0.007823226124855864, 0.8830826028971024, 0.13059152830497567, 94.42166782131704, 94.44386362821585, 0.06909261724914373, 94.44386362821585, 0.519618429513197, 79.54515914141085, 0.0, 0.0, 0.0]","[0.34, 0.33, 0.33]","[0.007823226124855864, 0.0007311231713767548, 0.0, 0.0]"
1777779282.179337,^NSEI,1d,94.4960120855532,0.000729299727347398,"[-6.358437229374276e-05, 0.000729299727347398, -0.06026688975293837, 0.8520202808233077, 0.1268490138129721, 94.43310668261921, 94.42096399553702, 0.06891591584941038, 94.42096399553702, 0.5262011941142674, 102.904316568369, 0.0, 0.0, 0.0]","[0.34, 0.33, 0.33]","[-0.06026688975293837, 0.000729299727347398, 0.0, 0.0]"
1777779283.17968,^NSEI,1d,94.47985971166183,0.0007218763424018037,"[-0.00017093180479139326, 0.0007218763424018037, -0.06008239689199968, 0.7806185976655026, 0.1211827631055229, 94.44030020790518, 94.396930903237, 0.06820277555928998, 94.396930903237, 0.5301644489231714, 114.87952098403265, 0.0, 0.0, 0.0]","[0.34, 0.33, 0.33]","[-0.06008239689199968, 0.0007218763424018037, 0.0, 0.0]"
1777779284.180028,^NSEI,1d,94.41340753247498,0.000720044915749764,"[-0.000703347564122721, 0.000720044915749764, -0.10435925198470386, 0.6189700203980188, 0.11006136415359435, 94.43616316569377, 94.37134302928297, 0.06798189407236907, 94.37134302928297, 0.5160558449592686, 58.41927673110248, 0.0, 0.0, 0.0]","[0.34, 0.33, 0.33]","[-0.10435925198470386, 0.000720044915749764, 0.0, 0.0]"
1777779285.180389,^NSEI,1d,94.35902656361847,0.0007192293967298544,"[-0.0005759877784074368, 0.0007192293967298544, -0.14299437361651712, 0.5120277783261383, 0.09575567380926486, 94.42429482711773, 94.3447044766434, 0.06786578575136762, 94.3447044766434, 0.5057816609827102, 19.913100104346935, 0.0, 0.0, 0.0]","[0.34, 0.33, 0.33]","[-0.14299437361651712, 0.0007192293967298544, 0.0, 0.0]"
1777779286.18073,^NSEI,1d,94.35673885967036,0.0007191826012160966,"[-2.424467516704036e-05, 0.0007191826012160966, -0.13927322588284596, 0.4662365143352368, 0.08327378415498288, 94.41390037338647, 94.31883349551154, 0.06785972489536568, 94.31883349551154, 0.5162663470367908, 52.706175169868374, 0.0, 0.0, 0.0]","[0.34, 0.33, 0.33]","[-0.13927322588284596, 0.0007191826012160966, 0.0, 0.0]"
1777779287.18109,^NSEI,1d,94.310093557019,0.0007188014790409226,"[-0.0004943505171446025, 0.0007188014790409226, -0.1697661546428293, 0.36327632224685524, 0.06882454396323112, 94.39792820863018, 94.29307750290062, 0.06779023473727305, 94.29307750290062, 0.5078095025662837, 23.672814559438855, 0.0, 0.0, 0.0]","[0.34, 0.33, 0.33]","[-0.1697661546428293, 0.0007188014790409226, 0.0, 0.0]"
1777779288.181439,^NSEI,1d,94.29044608211252,0.0007149300498096229,"[-0.00020832844253938724, 0.0007149300498096229, -0.1229614503624532, 0.30344261245976967, 0.05515226889755809, 94.38139033383872, 94.26831004612552, 0.06741107331405627, 94.26831004612552, 0.5109166609274627, 30.9625200296139, 0.0, 0.0, 0.0]","[0.34, 0.33, 0.33]","[-0.1229614503624532, 0.0007149300498096229, 0.0, 0.0]"
1777779289.181772,^NSEI,1d,94.26241382851401,0.0007089827397013983,"[-0.00029729686053345104, 0.0007089827397013983, -0.09661273510445767, 0.24313395322413756, 0.04157566531408463, 94.3630835974931, 94.24459094247759, 0.06683042440700683, 94.24459094247759, 0.5094847374594255, 25.1386741007737, 0.0, 0.0, 0.0]","[0.34, 0.33, 0.33]","[-0.09661273510445767, 0.0007089827397013983, 0.0, 0.0]"
1777779290.182145,^NSEI,1d,94.23405286123764,0.0006983894081196169,"[-0.00030087249121336625, 0.0006983894081196169, -0.12268599843271488, 0.19996372448573907, 0.028202515029619235, 94.34323009077416, 94.22225560501082, 0.06581206440247245, 94.22225560501082, 0.5067888136900175, 16.892089269497102, 0.0, 0.0, 0.0]","[0.34, 0.33, 0.33]","[-0.12268599843271488, 0.0006983894081196169, 0.0, 0.0]"
1777779291.182494,^NSEI,1d,94.17656154277623,0.0006892853107484674,"[-0.0006100906913774971, 0.0006892853107484674, -0.13353201424277472, 0.14038301861055075, 0.012817377331302282, 94.31758510219079, 94.20082524355269, 0.06491452048823468, 94.20082524355269, 0.4848749488032954, -35.2012445327053, 0.0, 0.0, 0.0]","[0.34, 0.33, 0.33]","[-0.13353201424277472, 0.0006892853107484674, 0.0, 0.0]"
1777779292.182831,^NSEI,1d,94.11181690431675,0.0006668266921870142,"[-0.0006874814433532394, 0.0006668266921870142, -0.17862917779577003, 0.0, -0.004547387035032102, 94.2859239717816, 94.18090756223687, 0.06275627156201546, 94.18090756223687, 0.4536045707820787, -103.61111624598448, 0.0, 0.0, 0.0]","[0.34, 0.33, 0.33]","[-0.17862917779577003, 0.0006668266921870142, 0.0, 0.0]"
1777779293.183207,^NSEI,1d,94.08692879408888,0.0006244909505651608,"[-0.00026445255278814743, 0.0006244909505651608, -0.17548503442513663, 0.0, -0.020085813553322396, 94.25530633867311, 94.16368266427915, 0.058756435598377156, 94.16368266427915, 0.44518785292199037, -122.90629691400952, 0.0, 0.0, 0.0]","[0.34, 0.33, 0.33]","[-0.17548503442513663, 0.0006244909505651608, 0.0, 0.0]"
1777779294.183553,^NSEI,1d,94.08031952067101,0.0006060289207640553,"[-7.024645721330592e-05, 0.0006060289207640553, -0.15373334056663168, 0.0, -0.03255813177607081, 94.22838157645762, 94.14840939340394, 0.057015394504249736, 94.14840939340394, 0.4486607571231184, -112.3541639680853, 0.0, 0.0, 0.0]","[0.34, 0.33, 0.33]","[-0.15373334056663168, 0.0006060289207640553, 0.0, 0.0]"
1777779295.183894,^NSEI,1d,94.12511867686993,0.0005784318856581204,"[0.000476179889983013, 0.0005784318856581204, -0.051442865906295765, 0.09624859909496167, -0.03838513635189145, 94.21249069434666, 94.13638776364535, 0.05444496988405624, 94.13638776364535, 0.49113976938382076, -19.482132736497313, 0.0, 0.0, 0.0]","[0.34, 0.33, 0.33]","[-0.051442865906295765, 0.0005784318856581204, 0.0, 0.0]"
1777779296.18428,^NSEI,1d,94.20412497344411,0.00054158621884402,"[0.0008393752665046365, 0.00054158621884402, 0.09230806912735545, 0.22986411003674462, -0.03621051924852736, 94.21120067912548, 94.12854317909816, 0.05101965584387711, 94.12854317909816, 0.56097174584937, 139.5563471080834, 0.0, 0.0, 0.0]","[0.34, 0.33, 0.33]","[0.09230806912735545, 0.00054158621884402, 0.0, 0.0]"
1777779297.184718,^NSEI,1d,94.29448512385771,0.0005314845516948205,"[0.0009591952628303092, 0.0005314845516948205, 0.20755632976883476, 0.3493462219069127, -0.026885886785294133, 94.22401265565219, 94.12415908103823, 0.050116062153347435, 94.12415908103823, 0.6393781425558052, 320.4722362603757, 0.0, 0.0, 0.0]","[0.34, 0.33, 0.33]","[0.20755632976883476, 0.0005314845516948205, 0.0, 0.0]"
1777779298.185109,^NSEI,1d,94.4353498098988,0.0005619296487008295,"[0.0014938804306111374, 0.0005619296487008295, 0.3550302892277841, 0.5161106200833023, -0.00803680237227411, 94.25652432148158, 94.12267344864946, 0.05306602294361637, 94.12267344864946, 0.7573403571229576, 556.4332865728519, 0.0, 0.0, 0.0]","[0.34, 0.33, 0.33]","[0.3550302892277841, 0.0005619296487008295, 0.0, 0.0]"
1777779299.185465,^NSEI,1d,94.58594820964608,0.0005873588154085801,"[0.0015947248572747406, 0.0005873588154085801, 0.46082953277614536, 0.6445783311157451, 0.018836133906447117, 94.30720300445358, 94.12473831710064, 0.05555589049471503, 94.12473831710064, 0.8762658924384507, 785.2268161236541, 0.0, 0.0, 0.0]","[0.34, 0.33, 0.33]","[0.46082953277614536, 0.0005873588154085801, 0.0, 0.0]"
1777779300.185807,^NSEI,1d,94.75806233391243,0.0006169616291281363,"[0.0018196584960471452, 0.0006169616291281363, 0.5539373604683249, 0.7100552884220284, 0.05340567345371028, 94.37656435740378, 94.13080853720635, 0.0584620885105561, 94.13080853720635, 0.997886999005408, 1016.6820221745294, 0.0, 0.0, 0.0]","[0.34, 0.33, 0.33]","[0.5539373604683249, 0.0006169616291281363, 0.0, 0.0]"
1777779301.18621,^NSEI,1d,94.91620042362445,0.0006394777926222442,"[0.0016688615809255115, 0.0006394777926222442, 0.6217152997667341, 0.7840009141366109, 0.09249646330712835, 94.45958485994919, 94.14046343505343, 0.060696802330989875, 94.14046343505343, 1.0, 1213.0788551546457, 0.0, 0.0, 0.0]","[0.34, 0.33, 0.33]","[0.6217152997667341, 0.0006394777926222442, 0.0, 0.0]"
1777779302.186563,^NSEI,1d,95.07210572992568,0.0006661357186911213,"[0.001642557388574429, 0.0006661357186911213, 0.6367559200268857, 0.8247180636557166, 0.13450595031486046, 94.55381778150456, 94.15285032970172, 0.06333092547788231, 94.15285032970172, 1.0, 1379.9821484279355, 0.0, 0.0, 0.0]","[0.34, 0.33, 0.33]","[0.6367559200268857, 0.0006661357186911213, 0.0, 0.0]"
1777779303.186913,^NSEI,1d,95.2020880556199,0.000678724564942151,"[0.0013671972940565724, 0.000678724564942151, 0.6161398459738194, 0.8598640600022762, 0.17625549515028638, 94.6535504963961, 94.16799552463362, 0.06461599579713496, 94.16799552463362, 1.0, 1523.582001300349, 0.0, 0.0, 0.0]","[0.34, 0.33, 0.33]","[0.6161398459738194, 0.000678724564942151, 0.0, 0.0]"
1777779304.187263,^NSEI,1d,95.35921319011015,0.0006973970731957734,"[0.0016504379021441272, 0.0006973970731957734, 0.6011508561977195, 0.8922190602464152, 0.21949084156752008, 94.76211337325566, 94.1864021456453, 0.06650323618103461, 94.1864021456453, 1.0, 1681.697686356104, 0.0, 0.0, 0.0]","[0.34, 0.33, 0.33]","[0.6011508561977195, 0.0006973970731957734, 0.0, 0.0]"
1777779305.187601,^NSEI,1d,95.47530319251202,0.0007060721385363116,"[0.0012173968148250357, 0.0007060721385363116, 0.5591027688875698, 0.9351064341528159, 0.260124109193967, 94.87183458890166, 94.20704492446981, 0.0674124515025397, 94.20704492446981, 1.0, 1796.216277095006, 0.0, 0.0, 0.0]","[0.34, 0.33, 0.33]","[0.5591027688875698, 0.0007060721385363116, 0.0, 0.0]"
1777779306.187932,^NSEI,1d,95.61252666800692,0.0007205434316293159,"[0.0014372667161707264, 0.0007205434316293159, 0.5404209380812404, 0.9797169704961973, 0.2999415150059974, 94.98578669434094, 94.23003454062659, 0.06889297807211518, 94.23003454062659, 1.0, 1918.6798001255743, 0.0, 0.0, 0.0]","[0.34, 0.33, 0.33]","[0.5404209380812404, 0.0007205434316293159, 0.0, 0.0]"
1777779307.188288,^NSEI,1d,95.74017318618354,0.0007304265444525071,"[0.0013350396922344953, 0.0007304265444525071, 0.538085130563644, 0.9960023682529894, 0.33790197952856715, 95.10184557351472, 94.25537741443267, 0.06993116386566862, 94.25537741443267, 1.0, 2032.7790426398042, 0.0, 0.0, 0.0]","[0.34, 0.33, 0.33]","[0.538085130563644, 0.0007304265444525071, 0.0, 0.0]"
1777779308.188633,^NSEI,1d,95.90081983825787,0.0007477649652532704,"[0.0016779440304743169, 0.0007477649652532704, 0.5416066481477202, 1.0, 0.3766074669620423, 95.22476323347091, 94.28362971197751, 0.07171127321411504, 94.28362971197751, 1.0, 2162.6984432636737, 0.0, 0.0, 0.0]","[0.34, 0.33, 0.33]","[0.5416066481477202, 0.0007477649652532704, 0.0, 0.0]"
1777779309.188988,^NSEI,1d,96.08067696130563,0.0007625434086775886,"[0.0018754492751062257, 0.0007625434086775886, 0.605373768793612, 1.0, 0.4169880327345368, 95.35644071408495, 94.31569395906608, 0.07326568691812425, 94.31569395906608, 1.0, 2314.6000373938055, 0.0, 0.0, 0.0]","[0.34, 0.33, 0.33]","[0.605373768793612, 0.0007625434086775886, 0.0, 0.0]"
1777779310.189364,^NSEI,1d,96.31319099284677,0.000793152750350616,"[0.002419987440708635, 0.000793152750350616, 0.700664324839849, 1.0, 0.4624213556264891, 95.50363139846891, 94.35245939706502, 0.07639107233102059, 94.35245939706502, 1.0, 2472.073121999518, 0.0, 0.0, 0.0]","[0.34, 0.33, 0.33]","[0.700664324839849, 0.000793152750350616, 0.0, 0.0]"
1777779311.189745,^NSEI,1d,96.56266652720556,0.0008251710802403641,"[0.0025902530254378413, 0.0008251710802403641, 0.8224933410220245, 1.0, 0.5126486871555613, 95.66655842897785, 94.39426784548928, 0.07968071984914427, 94.39426784548928, 1.0, 2627.817108040978, 0.0, 0.0, 0.0]","[0.34, 0.33, 0.33]","[0.8224933410220245, 0.0008251710802403641, 0.0, 0.0]"
1777779312.190105,^NSEI,1d,96.75397590164505,0.0008347135586980305,"[0.0019811939885233465, 0.0008347135586980305, 0.8531560633871749, 1.0, 0.5614195815661702, 95.8338516711384, 94.44006246991768, 0.08076185554304562, 94.44006246991768, 1.0, 2772.1047629040163, 0.0, 0.0, 0.0]","[0.34, 0.33, 0.33]","[0.8531560633871749, 0.0008347135586980305, 0.0, 0.0]"
1777779313.190495,^NSEI,1d,96.93782935301773,0.0008365841452694272,"[0.001900215982437557, 0.0008365841452694272, 0.8571523917121056, 1.0, 0.6078988245982657, 96.00369301016435, 94.48993484540938, 0.08109665111356792, 94.48993484540938, 1.0, 2926.0589283819068, 0.0, 0.0, 0.0]","[0.34, 0.33, 0.33]","[0.8571523917121056, 0.0008365841452694272, 0.0, 0.0]"
1777779314.190837,^NSEI,1d,97.07914779312316,0.0008312513246476801,"[0.0014578255057763273, 0.0008312513246476801, 0.7659568002763848, 1.0, 0.6486598298576922, 96.16914692483564, 94.54296448093777, 0.08069717019870154, 94.54296448093777, 1.0, 3051.0427315834104, 0.0, 0.0, 0.0]","[0.34, 0.33, 0.33]","[0.7659568002763848, 0.0008312513246476801, 0.0, 0.0]"
1777779315.191238,^NSEI,1d,97.20032840654953,0.0008282748244382162,"[0.0012482661434627823, 0.0008282748244382162, 0.6376618793439661, 1.0, 0.6828697851271954, 96.32778969831584, 94.59834612591561, 0.08050858494627178, 94.59834612591561, 1.0, 3141.4479878689226, 0.0, 0.0, 0.0]","[0.34, 0.33, 0.33]","[0.6376618793439661, 0.0008282748244382162, 0.0, 0.0]"
1777779316.191916,^NSEI,1d,97.36586260823363,0.0008330700740441183,"[0.0017030210123543386, 0.0008330700740441183, 0.611886706588578, 1.0, 0.7150954722624334, 96.4874929525098, 94.65667940290226, 0.08111258637241063, 94.65667940290226, 1.0, 3252.0472043602617, 0.0, 0.0, 0.0]","[0.34, 0.33, 0.33]","[0.611886706588578, 0.0008330700740441183, 0.0, 0.0]"
1777779317.192478,^NSEI,1d,97.54722658653384,0.0008420110214810864,"[0.0018627060187404415, 0.0008420110214810864, 0.6093972335161055, 1.0, 0.7466620633648233, 96.6505286824962, 94.71803230824915, 0.08213583990077435, 94.71803230824915, 1.0, 3360.044234703927, 0.0, 0.0, 0.0]","[0.34, 0.33, 0.33]","[0.6093972335161055, 0.0008420110214810864, 0.0, 0.0]"
1777779318.192875,^NSEI,1d,97.70113774769591,0.000844594154874277,"[0.0015778117589590006, 0.000844594154874277, 0.6219899545727543, 1.0, 0.7751625670874489, 96.81216065258094, 94.78193692980031, 0.08251780986627055, 94.78193692980031, 1.0, 3456.3355678564235, 0.0, 0.0, 0.0]","[0.34, 0.33, 0.33]","[0.6219899545727543, 0.000844594154874277, 0.0, 0.0]"
1777779319.193352,^NSEI,1d,97.8185562160044,0.0008416359984172065,"[0.0012018127016259347, 0.0008416359984172065, 0.618227809454865, 1.0, 0.798024975483159, 96.96699008804352, 94.84780938262583, 0.08232761822458651, 94.84780938262583, 1.0, 3529.728812652265, 0.0, 0.0, 0.0]","[0.34, 0.33, 0.33]","[0.618227809454865, 0.0008416359984172065, 0.0, 0.0]"
1777779320.1938,^NSEI,1d,97.93398697248327,0.0008343343738212104,"[0.0011800496852966877, 0.0008343343738212104, 0.5681243642496412, 1.0, 0.8160509686296393, 97.1157584292809, 94.9159329369366, 0.0817096916965014, 94.9159329369366, 1.0, 3617.319542672238, 0.0, 0.0, 0.0]","[0.34, 0.33, 0.33]","[0.5681243642496412, 0.0008343343738212104, 0.0, 0.0]"
1777779321.194184,^NSEI,1d,98.0080110236502,0.0008265154139318663,"[0.0007558566076527508, 0.0008265154139318663, 0.4607844371163594, 1.0, 0.8267792240610277, 97.25302761086874, 94.98549500346306, 0.08100513179985117, 94.98549500346306, 1.0, 3656.938478386685, 0.0, 0.0, 0.0]","[0.34, 0.33, 0.33]","[0.4607844371163594, 0.0008265154139318663, 0.0, 0.0]"
1777779322.194533,^NSEI,1d,98.05939981746712,0.0008184728347246227,"[0.0005243325854712592, 0.0008184728347246227, 0.35826206977121444, 1.0, 0.8298619579387179, 97.37708582884272, 95.05616808755957, 0.08025895493999748, 95.05616808755957, 1.0, 3669.31143281988, 0.0, 0.0, 0.0]","[0.34, 0.33, 0.33]","[0.35826206977121444, 0.0008184728347246227, 0.0, 0.0]"
1777779323.194869,^NSEI,1d,98.11948817130701,0.0008178207569701869,"[0.0006127750521799963, 0.0008178207569701869, 0.30093195530261596, 1.0, 0.8276134619328559, 97.49130356957448, 95.12712351819363, 0.0802441540897856, 95.12712351819363, 1.0, 3658.949259492161, 0.0, 0.0, 0.0]","[0.34, 0.33, 0.33]","[0.30093195530261596, 0.0008178207569701869, 0.0, 0.0]"
1777779324.195262,^NSEI,1d,98.21428607460265,0.0008179343852010226,"[0.0009661475519535393, 0.0008179343852010226, 0.28029910211938613, 1.0, 0.823982553256613, 97.60253385778648, 95.19818875991162, 0.08033284169838747, 95.19818875991162, 1.0, 3687.4563158874603, 0.0, 0.0, 0.0]","[0.34, 0.33, 0.33]","[0.28029910211938613, 0.0008179343852010226, 0.0, 0.0]"
1777779325.195596,^NSEI,1d,98.32593252962633,0.0008185858811104033,"[0.001136763901525167, 0.0008185858811104033, 0.31792150597613045, 1.0, 0.8206539796962034, 97.71382759382902, 95.26947948278476, 0.08048822011576623, 95.26947948278476, 1.0, 3733.820870078435, 0.0, 0.0, 0.0]","[0.34, 0.33, 0.33]","[0.31792150597613045, 0.0008185858811104033, 0.0, 0.0]"
1777779326.195949,^NSEI,1d,98.36213262861574,0.0008198973560047525,"[0.00036816430882569037, 0.0008198973560047525, 0.3027328111486156, 1.0, 0.8115816979703112, 97.81356766902357, 95.34021390553318, 0.08064685247319084, 95.34021390553318, 1.0, 3685.728098707331, 0.0, 0.0, 0.0]","[0.34, 0.33, 0.33]","[0.3027328111486156, 0.0008198973560047525, 0.0, 0.0]"
1777779327.196355,^NSEI,1d,98.40725081153641,0.0008195090093415512,"[0.0004586946390337689, 0.0008195090093415512, 0.2877626402294027, 1.0, 0.7988241619967766, 97.90490516458296, 95.4110767157049, 0.08064562862458777, 95.4110767157049, 1.0, 3656.0599843055397, 0.0, 0.0, 0.0]","[0.34, 0.33, 0.33]","[0.2877626402294027, 0.0008195090093415512, 0.0, 0.0]"
1777779328.196744,^NSEI,1d,98.45382392092753,0.0008201577345907664,"[0.0004732690833962306, 0.0008201577345907664, 0.23953784632487896, 1.0, 0.7834407660618439, 97.98935597330205, 95.48154887871843, 0.08074766518878614, 95.48154887871843, 0.9926987287031455, 3624.028545792084, 0.0, 0.0, 0.0]","[0.34, 0.33, 0.33]","[0.23953784632487896, 0.0008201577345907664, 0.0, 0.0]"
1777779329.197106,^NSEI,1d,98.5124399132721,0.0008202450072784289,"[0.0005953653196004617, 0.0008202450072784289, 0.18650738364577535, 1.0, 0.7671360675691403, 98.06983248121028, 95.551721123558, 0.08080433699367766, 95.551721123558, 0.9798025989847403, 3609.554173987314, 0.0, 0.0, 0.0]","[0.34, 0.33, 0.33]","[0.18650738364577535, 0.0008202450072784289, 0.0, 0.0]"
1777779330.197494,^NSEI,1d,98.6203328525004,0.0008210027897547749,"[0.0010952214697278768, 0.0008210027897547749, 0.258200223884657, 1.0, 0.7542262838977223, 98.15452565456287, 95.62216665016705, 0.08096756839844729, 95.62216665016705, 0.9750388748442806, 3651.8343661522426, 0.0, 0.0, 0.0]","[0.34, 0.33, 0.33]","[0.258200223884657, 0.0008210027897547749, 0.0, 0.0]"
1777779331.197836,^NSEI,1d,98.66000968117831,0.0008208434560716911,"[0.00040231894914869126, 0.0008208434560716911, 0.25275886964189453, 1.0, 0.7386817127799787, 98.23229385000256, 95.69267652555126, 0.0809844233227649, 95.69267652555126, 0.9605209578677917, 3614.980583298801, 0.0, 0.0, 0.0]","[0.34, 0.33, 0.33]","[0.25275886964189453, 0.0008208434560716911, 0.0, 0.0]"
1777779332.198205,^NSEI,1d,98.68069358020905,0.000823363349697828,"[0.000209648256650122, 0.000823363349697828, 0.22686965928151892, 1.0, 0.719734890174692, 98.3012801246033, 95.76253235591324, 0.08125006641670587, 95.76253235591324, 0.9443849712851586, 3544.1961624436794, 0.0, 0.0, 0.0]","[0.34, 0.33, 0.33]","[0.22686965928151892, 0.000823363349697828, 0.0, 0.0]"
1777779333.198568,^NSEI,1d,98.71962072598029,0.0008243309064966524,"[0.0003944758022966179, 0.0008243309064966524, 0.207180812708188, 1.0, 0.6997937058902295, 98.36564111927697, 95.83182774118005, 0.08137763444205305, 95.83182774118005, 0.9319996246780898, 3503.196303864375, 0.0, 0.0, 0.0]","[0.34, 0.33, 0.33]","[0.207180812708188, 0.0008243309064966524, 0.0, 0.0]"
1777779334.198928,^NSEI,1d,98.70876226644862,0.0008299384557228089,"[-0.00010999292189154437, 0.0008299384557228089, 0.08842941394821935, 0.9864256987708195, 0.6753292119695118, 98.41842955676206, 95.90033353185476, 0.08192219772172624, 95.90033353185476, 0.9135798267730945, 3383.8999931000276, 0.0, 0.0, 0.0]","[0.34, 0.33, 0.33]","[0.08842941394821935, 0.0008299384557228089, 0.0, 0.0]"
1777779335.199315,^NSEI,1d,98.74404716334905,0.0008292431317831901,"[0.0003574646879391477, 0.0008292431317831901, 0.0840374821707428, 0.9857237976092966, 0.6512805637932217, 98.4685253151705, 95.96899986403, 0.08188282291468259, 95.96899986403, 0.9028316594834821, 3346.4821027237717, 0.0, 0.0, 0.0]","[0.34, 0.33, 0.33]","[0.0840374821707428, 0.0008292431317831901, 0.0, 0.0]"
1777779336.199673,^NSEI,1d,98.79030297085235,0.000828536700518564,"[0.0004684414790775255, 0.000828536700518564, 0.10960939064329978, 0.9856194781541175, 0.6287069517062918, 98.51803033773405, 96.03787905761462, 0.0818513916666993, 96.03787905761462, 0.894248019102597, 3322.030166575662, 0.0, 0.0, 0.0]","[0.34, 0.33, 0.33]","[0.10960939064329978, 0.000828536700518564, 0.0, 0.0]"
1777779337.200017,^NSEI,1d,98.86215497707249,0.0008273218989769655,"[0.000727318411416759, 0.0008273218989769655, 0.14253425109220075, 0.985831655460709, 0.6095881058237609, 98.57097314998104, 96.10735330171727, 0.08179082579258667, 96.10735330171727, 0.8895885415719906, 3329.7821304642207, 0.0, 0.0, 0.0]","[0.34, 0.33, 0.33]","[0.14253425109220075, 0.0008273218989769655, 0.0, 0.0]"
1777779338.200408,^NSEI,1d,98.91443297895171,0.0008256660920860451,"[0.0005287969080922842, 0.0008256660920860451, 0.20567071250309255, 0.9849858202678469, 0.5918324051331894, 98.62381361001952, 96.17725954746791, 0.08167029332863808, 96.17725954746791, 0.8825432526029704, 3315.109410110725, 0.0, 0.0, 0.0]","[0.34, 0.33, 0.33]","[0.20567071250309255, 0.0008256660920860451, 0.0, 0.0]"
1777779339.200755,^NSEI,1d,98.99117665185418,0.0008233033356315521,"[0.0007758592006365456, 0.0008233033356315521, 0.24712948850512362, 0.9842078355460602, 0.5772987172078956, 98.68033131609688, 96.24803070864125, 0.08149976593556377, 96.24803070864125, 0.8790937365844117, 3331.877601478037, 0.0, 0.0, 0.0]","[0.34, 0.33, 0.33]","[0.24712948850512362, 0.0008233033356315521, 0.0, 0.0]"
1777779340.201108,^NSEI,1d,99.09987964148026,0.000821179848108093,"[0.0010981078647886292, 0.000821179848108093, 0.30957667062790506, 0.9857058766296639, 0.56800448559882, 98.74487763344365, 96.320283878434, 0.08137882411152106, 96.320283878434, 0.8799296726904553, 3384.880631752154, 0.0, 0.0, 0.0]","[0.34, 0.33, 0.33]","[0.30957667062790506, 0.000821179848108093, 0.0, 0.0]"
1777779341.201447,^NSEI,1d,99.21326580704007,0.0008196526373738173,"[0.0011441604769856517, 0.0008196526373738173, 0.35111082996758114, 0.9868750434373136, 0.5632947449483225, 98.81693876407864, 96.3940193174329, 0.08132041498120997, 96.3940193174329, 0.8811995743087037, 3439.562518385943, 0.0, 0.0, 0.0]","[0.34, 0.33, 0.33]","[0.35111082996758114, 0.0008196526373738173, 0.0, 0.0]"
1777779342.201778,^NSEI,1d,99.33125847770134,0.0008212431055114127,"[0.0011892832042314802, 0.0008212431055114127, 0.41682549874963115, 0.9879081551586735, 0.562597984555552, 98.89606450239478, 96.46862837215782, 0.08157511118658428, 96.46862837215782, 0.8828079659336335, 3485.728021741955, 0.0, 0.0, 0.0]","[0.34, 0.33, 0.33]","[0.41682549874963115, 0.0008212431055114127, 0.0, 0.0]"
1777779343.202197,^NSEI,1d,99.45488734098687,0.000814594251426612,"[0.0012446118692162266, 0.000814594251426612, 0.46371068913269653, 0.9887136988683828, 0.5655028482346154, 98.98203674256519, 96.5454243914146, 0.08101537950424924, 96.5454243914146, 0.8849449369814694, 3571.6713498491836, 0.0, 0.0, 0.0]","[0.34, 0.33, 0.33]","[0.46371068913269653, 0.000814594251426612, 0.0, 0.0]"
1777779344.202612,^NSEI,1d,99.54755039279546,0.0008043946280609801,"[0.0009317093838826154, 0.0008043946280609801, 0.44767075131520073, 0.9885211075346758, 0.5687261860219479, 99.06903848456739, 96.62401476029484, 0.08007551477259438, 96.62401476029484, 0.8830484207420954, 3634.454446255933, 0.0, 0.0, 0.0]","[0.34, 0.33, 0.33]","[0.44767075131520073, 0.0008043946280609801, 0.0, 0.0]"
1777779345.202985,^NSEI,1d,99.63326306274101,0.0007949256607362653,"[0.0008610223918855352, 0.0007949256607362653, 0.4199972557009346, 0.9890455038773712, 0.5716078610823985, 99.15584212919401, 96.70419041850587, 0.07920103747145954, 96.70419041850587, 0.8804082195926239, 3684.7126579386154, 0.0, 0.0, 0.0]","[0.34, 0.33, 0.33]","[0.4199972557009346, 0.0007949256607362653, 0.0, 0.0]"
1777779346.20338,^NSEI,1d,99.71208785954988,0.0007869944947307003,"[0.0007911494051864636, 0.0007869944947307003, 0.3808293818485424, 0.9896451852742797, 0.573639552049471, 99.24141802812566, 96.78569160247457, 0.07847286420356965, 96.78569160247457, 0.8770937897418338, 3718.4456519949194, 0.0, 0.0, 0.0]","[0.34, 0.33, 0.33]","[0.3808293818485424, 0.0007869944947307003, 0.0, 0.0]"
1777779347.203762,^NSEI,1d,99.80128735552066,0.0007766306393225161,"[0.0008945705368883361, 0.0007766306393225161, 0.3464000145337849, 0.9901107634773303, 0.5758097592817677, 99.32755025979462, 96.86883890940986, 0.07750873760412814, 96.86883890940986, 0.8752852269549902, 3775.8598458964757, 0.0, 0.0, 0.0]","[0.34, 0.33, 0.33]","[0.3464000145337849, 0.0007766306393225161, 0.0, 0.0]"
1777779348.204149,^NSEI,1d,99.92027243996104,0.0007523309310546135,"[0.0011922199361669888, 0.0007523309310546135, 0.3727220471655812, 1.0, 0.5804398172431178, 99.41873705098372, 96.95488367358934, 0.07517311159598652, 96.95488367358934, 0.8773376179733458, 3941.6015532085553, 0.0, 0.0, 0.0]","[0.34, 0.33, 0.33]","[0.3727220471655812, 0.0007523309310546135, 0.0, 0.0]"
1777779349.204512,^NSEI,1d,100.00205620977528,0.000729507874534597,"[0.0008184902604561879, 0.000729507874534597, 0.3687931470342676, 1.0, 0.5839767181540338, 99.50847840801015, 97.04305601181053, 0.07295228747468245, 97.04305601181053, 0.8749726647306301, 4056.1593661377406, 0.0, 0.0, 0.0]","[0.34, 0.33, 0.33]","[0.3687931470342676, 0.000729507874534597, 0.0, 0.0]"
1777779350.204859,^NSEI,1d,100.07794245630231,0.0007202738663771626,"[0.0007588468617869888, 0.0007202738663771626, 0.3658545967524276, 1.0, 0.5861463929308712, 99.59608720096037, 97.1324498180079, 0.07208352655207206, 97.1324498180079, 0.8721548876992359, 4089.4065102065492, 0.0, 0.0, 0.0]","[0.34, 0.33, 0.33]","[0.3658545967524276, 0.0007202738663771626, 0.0, 0.0]"
1777779351.205209,^NSEI,1d,100.19934237166733,0.0006986725269160633,"[0.0012130536698236522, 0.0006986725269160633, 0.39805501614667094, 1.0, 0.5908508733597984, 99.68889524201195, 97.22446933073678, 0.07000652773014059, 97.22446933073678, 0.8751951469944311, 4257.893256604235, 0.0, 0.0, 0.0]","[0.34, 0.33, 0.33]","[0.39805501614667094, 0.0006986725269160633, 0.0, 0.0]"
1777779352.205563,^NSEI,1d,100.29354457945806,0.0006833451422980336,"[0.0009401479646573661, 0.0006833451422980336, 0.37327213949701843, 1.0, 0.5953180826317919, 99.7819175795989, 97.3182677447578, 0.06853510649222394, 97.3182677447578, 0.8750614363772498, 4353.98841747033, 0.0, 0.0, 0.0]","[0.34, 0.33, 0.33]","[0.37327213949701843, 0.0006833451422980336, 0.0, 0.0]"
1777779353.205974,^NSEI,1d,100.35903764574375,0.0006658538407131056,"[0.0006530137763134869, 0.0006658538407131056, 0.3569814359684784, 1.0, 0.597258299468507, 99.87070463720356, 97.41352749190202, 0.06682445066668963, 97.41352749190202, 0.8718062376161652, 4423.658727697962, 0.0, 0.0, 0.0]","[0.34, 0.33, 0.33]","[0.3569814359684784, 0.0006658538407131056, 0.0, 0.0]"
1777779354.206347,^NSEI,1d,100.42957769916569,0.0006470565163272037,"[0.0007028769413964991, 0.0006470565163272037, 0.3516352428633809, 1.0, 0.5975991769285542, 99.95668380102188, 97.51033256749466, 0.06498361268223438, 97.51033256749466, 0.8696798525403598, 4511.576744858603, 0.0, 0.0, 0.0]","[0.34, 0.33, 0.33]","[0.3516352428633809, 0.0006470565163272037, 0.0, 0.0]"
1777779355.206729,^NSEI,1d,100.52553389379051,0.0006146726815358145,"[0.0009554575138437108, 0.0006146726815358145, 0.3261915221231817, 1.0, 0.5987106244053706, 100.0441977277287, 97.60953526047925, 0.06179029948131562, 97.60953526047925, 0.8712479178923681, 4743.986061045333, 0.0, 0.0, 0.0]","[0.34, 0.33, 0.33]","[0.3261915221231817, 0.0006146726815358145, 0.0, 0.0]"
1777779356.207074,^NSEI,1d,100.61951583358476,0.0005759634405441564,"[0.0009349061492530155, 0.0005759634405441564, 0.32597125412669925, 1.0, 0.6002556383936763, 100.13270763964029, 97.71121805624907, 0.05795316252539869, 97.71121805624907, 0.8731790851361648, 5049.448580604353, 0.0, 0.0, 0.0]","[0.34, 0.33, 0.33]","[0.32597125412669925, 0.0005759634405441564, 0.0, 0.0]"
1777779357.207472,^NSEI,1d,100.75404959833853,0.0005528352173718443,"[0.0013370543839256316, 0.0005528352173718443, 0.3950119525947713, 1.0, 0.6053576376040581, 100.22829855992583, 97.81539181881546, 0.05570038691079106, 97.81539181881546, 0.880673106074063, 5315.612477608294, 0.0, 0.0, 0.0]","[0.34, 0.33, 0.33]","[0.3950119525947713, 0.0005528352173718443, 0.0, 0.0]"
1777779358.20798,^NSEI,1d,100.91303615642647,0.0005372674964434524,"[0.0015779669275999791, 0.0005372674964434524, 0.48345845726078096, 1.0, 0.6151389563499379, 100.33364382419636, 97.92215301624914, 0.05421729429427085, 97.92215301624914, 0.8916380150001117, 5566.841768720551, 0.0, 0.0, 0.0]","[0.34, 0.33, 0.33]","[0.48345845726078096, 0.0005372674964434524, 0.0, 0.0]"
1777779359.208684,^NSEI,1d,101.09547207950882,0.00053863656809413,"[0.0018078528803707357, 0.00053863656809413, 0.5699381857183141, 1.0, 0.6303455450997006, 100.45084996763352, 98.03106478816537, 0.05445371813076257, 98.03106478816537, 0.9057308816993714, 5689.192811743768, 0.0, 0.0, 0.0]","[0.34, 0.33, 0.33]","[0.5699381857183141, 0.00053863656809413, 0.0, 0.0]"
1777779360.209148,^NSEI,1d,101.29131029555153,0.0005469372656393925,"[0.001937161101425796, 0.0005469372656393925, 0.6717944619667691, 1.0, 0.650698535972225, 100.58015361117694, 98.14180205882329, 0.055399992286080196, 98.14180205882329, 0.9214557968666428, 5758.445135469662, 0.0, 0.0, 0.0]","[0.34, 0.33, 0.33]","[0.6717944619667691, 0.0005469372656393925, 0.0, 0.0]"
1777779361.20957,^NSEI,1d,101.55952558636433,0.0005777291341082193,"[0.0026479595340429115, 0.0005777291341082193, 0.8054759880258047, 1.0, 0.6806253352115164, 100.73082942576264, 98.25531831604997, 0.058673896777451814, 98.25531831604997, 0.9461146562996334, 5719.30178908967, 0.0, 0.0, 0.0]","[0.34, 0.33, 0.33]","[0.8054759880258047, 0.0005777291341082193, 0.0, 0.0]"
1777779362.20995,^NSEI,1d,101.81305767835772,0.0005997260586381466,"[0.002496389093288875, 0.0005997260586381466, 0.9000215219312508, 1.0, 0.7165406259191798, 100.89732950435419, 98.37059500149464, 0.061059943799339766, 98.37059500149464, 0.9677590598636489, 5740.058527188572, 0.0, 0.0, 0.0]","[0.34, 0.33, 0.33]","[0.9000215219312508, 0.0005997260586381466, 0.0, 0.0]"
1777779363.21037,^NSEI,1d,101.99096585890952,0.000601686433643853,"[0.0017474004278884736, 0.000601686433643853, 0.8954937794006952, 1.0, 0.750705786906579, 101.06558516478523, 98.48629840226437, 0.06136658051153924, 98.48629840226437, 0.9785064794518109, 5824.740696612774, 0.0, 0.0, 0.0]","[0.34, 0.33, 0.33]","[0.8954937794006952, 0.000601686433643853, 0.0, 0.0]"
1777779364.210756,^NSEI,1d,102.21770038748018,0.0006104191398005753,"[0.00222308443361852, 0.0006104191398005753, 0.9263900919286527, 1.0, 0.7870053963084302, 101.24283725637008, 98.60285524685136, 0.062395640742918576, 98.60285524685136, 0.9945251609159744, 5921.9066129050125, 0.0, 0.0, 0.0]","[0.34, 0.33, 0.33]","[0.9263900919286527, 0.0006104191398005753, 0.0, 0.0]"
1777779365.211177,^NSEI,1d,102.4224895921681,0.0006159494763716832,"[0.0020034612783463666, 0.0006159494763716832, 0.8629640058037751, 1.0, 0.8228129994908784, 101.42432577612423, 98.72014101510987, 0.06308707883298012, 98.72014101510987, 1.0, 6010.799130583428, 0.0, 0.0, 0.0]","[0.34, 0.33, 0.33]","[0.8629640058037751, 0.0006159494763716832, 0.0, 0.0]"
1777779366.211521,^NSEI,1d,102.62523503960642,0.0006212114242926301,"[0.0019795012623264815, 0.0006212114242926301, 0.8121773612487004, 1.0, 0.8576640291245354, 101.60908400300161, 98.83815866057361, 0.06375196842731984, 98.83815866057361, 1.0, 6096.2761323089535, 0.0, 0.0, 0.0]","[0.34, 0.33, 0.33]","[0.8121773612487004, 0.0006212114242926301, 0.0, 0.0]"
1777779367.21188,^NSEI,1d,102.86675238877827,0.0006373044510426679,"[0.002353391435143939, 0.0006373044510426679, 0.8757865298687477, 1.0, 0.8944613589574573, 101.80257501972002, 98.95791904077922, 0.06555743916167238, 98.95791904077922, 1.0, 6133.384666628274, 0.0, 0.0, 0.0]","[0.34, 0.33, 0.33]","[0.8757865298687477, 0.0006373044510426679, 0.0, 0.0]"
1777779368.212251,^NSEI,1d,103.04638715418821,0.0006384473609360327,"[0.0017462859596366518, 0.0006384473609360327, 0.8286867667080315, 1.0, 0.9274277228733041, 101.99393337240024, 99.07803113396794, 0.06578969393258416, 99.07803113396794, 1.0, 6215.635403993576, 0.0, 0.0, 0.0]","[0.34, 0.33, 0.33]","[0.8286867667080315, 0.0006384473609360327, 0.0, 0.0]"
1777779369.212591,^NSEI,1d,103.17878182986395,0.0006385104737237451,"[0.0012848065743211237, 0.0006385104737237451, 0.7562922376958454, 1.0, 0.9532484924651214, 102.17622087069519, 99.19839798767657, 0.06588073286442538, 99.19839798767657, 1.0, 6233.8583406065045, 0.0, 0.0, 0.0]","[0.34, 0.33, 0.33]","[0.7562922376958454, 0.0006385104737237451, 0.0, 0.0]"
1777779370.212926,^NSEI,1d,103.25424252231477,0.0006406410339855245,"[0.0007313586292891941, 0.0006406410339855245, 0.6290074827083458, 1.0, 0.9686348659390518, 102.34207325801995, 99.31779979790012, 0.06614890469288785, 99.31779979790012, 1.0, 6144.537292476323, 0.0, 0.0, 0.0]","[0.34, 0.33, 0.33]","[0.6290074827083458, 0.0006406410339855245, 0.0, 0.0]"
1777779371.213324,^NSEI,1d,103.30190790117399,0.0006469406585807853,"[0.00046163119010747116, 0.0006469406585807853, 0.43515551239572403, 1.0, 0.973453509442507, 102.48974377902347, 99.43595190282186, 0.06683020433023713, 99.43595190282186, 1.0, 5975.750553123385, 0.0, 0.0, 0.0]","[0.34, 0.33, 0.33]","[0.43515551239572403, 0.0006469406585807853, 0.0, 0.0]"
1777779372.213685,^NSEI,1d,103.36308126835239,0.0006481235388420408,"[0.0005921804197161671, 0.0006481235388420408, 0.3166941141641786, 1.0, 0.9710152395174276, 102.6241074824051, 99.55254973766708, 0.06699204601726201, 99.55254973766708, 1.0, 5879.329020349011, 0.0, 0.0, 0.0]","[0.34, 0.33, 0.33]","[0.3166941141641786, 0.0006481235388420408, 0.0, 0.0]"
1777779373.214115,^NSEI,1d,103.44018149750885,0.000644086826454748,"[0.0007459165130370738, 0.000644086826454748, 0.26139966764489486, 1.0, 0.9641896589620984, 102.749662617848, 99.66754199604526, 0.06662445822863362, 99.66754199604526, 0.9955150907489502, 5857.346162829249, 0.0, 0.0, 0.0]","[0.34, 0.33, 0.33]","[0.26139966764489486, 0.000644086826454748, 0.0, 0.0]"
1777779374.214475,^NSEI,1d,103.52464246783828,0.0006252688432281929,"[0.0008165199355481128, 0.0006252688432281929, 0.27039994552350777, 1.0, 0.9545916928611291, 102.86889595971782, 99.78022092534201, 0.06473073344147749, 99.78022092534201, 0.9888524039662526, 5988.498520355246, 0.0, 0.0, 0.0]","[0.34, 0.33, 0.33]","[0.27039994552350777, 0.0006252688432281929, 0.0, 0.0]"
1777779375.214818,^NSEI,1d,103.5604544583616,0.0006049388619515157,"[0.0003459272079539292, 0.0006049388619515157, 0.2585465571876142, 1.0, 0.9390501781587659, 102.97529392493682, 99.88956136176631, 0.06264774346322304, 99.88956136176631, 0.9760461344576354, 6068.205115394795, 0.0, 0.0, 0.0]","[0.34, 0.33, 0.33]","[0.2585465571876142, 0.0006049388619515157, 0.0, 0.0]"
1777779376.215216,^NSEI,1d,103.5205356915799,0.0006216767685122542,"[-0.00038546341835300003, 0.0006216767685122542, 0.1574544232275059, 0.9778684620395424, 0.9129879483000849, 103.05918145415944, 99.99528885848405, 0.06435631210339886, 99.99528885848405, 0.9546455297820363, 5670.546193212561, 0.0, 0.0, 0.0]","[0.34, 0.33, 0.33]","[0.1574544232275059, 0.0006216767685122542, 0.0, 0.0]"
1777779377.215547,^NSEI,1d,103.48422657091075,0.0006364735796651882,"[-0.0003507431682668383, 0.0006364735796651882, 0.04404507340190378, 0.9540453112772848, 0.879267947239299, 103.1245762239187, 100.09757631501363, 0.06586497612447094, 100.09757631501363, 0.9348270487737682, 5320.959681749309, 0.0, 0.0, 0.0]","[0.34, 0.33, 0.33]","[0.04404507340190378, 0.0006364735796651882, 0.0, 0.0]"
1777779378.215887,^NSEI,1d,103.43465429140245,0.0006606117442574141,"[-0.0004790322269484071, 0.0006606117442574141, -0.08998817643582413, 0.9148767054549464, 0.8388745115906318, 103.17228329742989, 100.19688110404924, 0.068330147388106, 100.19688110404924, 0.9145229958697557, 4901.174124587742, 0.0, 0.0, 0.0]","[0.34, 0.33, 0.33]","[-0.08998817643582413, 0.0006606117442574141, 0.0, 0.0]"
1777779379.216258,^NSEI,1d,103.4018290096826,0.0006793736766770833,"[-0.00031735284411909355, 0.0006793736766770833, -0.15862544867900397, 0.8782702008038253, 0.7950488683422066, 103.2076017863522, 100.2937795509732, 0.07024848074944316, 100.2937795509732, 0.897352306605859, 4574.874719773262, 0.0, 0.0, 0.0]","[0.34, 0.33, 0.33]","[-0.15862544867900397, 0.0006793736766770833, 0.0, 0.0]"
1777779380.216639,^NSEI,1d,103.39303238072858,0.0006852756360205105,"[-8.507227617020689e-05, 0.0006852756360205105, -0.12750331085130995, 0.8487554169695294, 0.7509504265907196, 103.23613369400441, 100.38795407866843, 0.07085272602479302, 100.38795407866843, 0.8838233134109689, 4385.2110655955275, 0.0, 0.0, 0.0]","[0.34, 0.33, 0.33]","[-0.12750331085130995, 0.0006852756360205105, 0.0, 0.0]"
1777779381.217022,^NSEI,1d,103.38958873874213,0.0006856918237850292,"[-3.3306325456921114e-05, 0.0006856918237850292, -0.09463783216861543, 0.8028832666336843, 0.7075678192406372, 103.25974566209821, 100.47924098729669, 0.07089339566265221, 100.47924098729669, 0.8714159239369508, 4244.396171125797, 0.0, 0.0, 0.0]","[0.34, 0.33, 0.33]","[-0.09463783216861543, 0.0006856918237850292, 0.0, 0.0]"
1777779382.217364,^NSEI,1d,103.41133234212472,0.0006858405726111893,"[0.00021030747532552386, 0.0006858405726111893, -0.02332194927772946, 0.7586166054998581, 0.6672496785586901, 103.28306935968672, 100.56846277783464, 0.07092368738800882, 100.56846277783464, 0.8625315693278143, 4145.088053724314, 0.0, 0.0, 0.0]","[0.34, 0.33, 0.33]","[-0.02332194927772946, 0.0006858405726111893, 0.0, 0.0]"
1777779383.217702,^NSEI,1d,103.44047339571485,0.000688751136789894,"[0.00028179748708500967, 0.000688751136789894, 0.03864438603224585, 0.7171353732770723, 0.6303820493851475, 103.30728798992452, 100.65630523376761, 0.07124474364138339, 100.65630523376761, 0.8549068496799892, 4042.34274650142, 0.0, 0.0, 0.0]","[0.34, 0.33, 0.33]","[0.03864438603224585, 0.000688751136789894, 0.0, 0.0]"
1777779384.218074,^NSEI,1d,103.4865734720128,0.0006896698111074193,"[0.0004456676848489405, 0.0006896698111074193, 0.09354109128420873, 0.7025770858299238, 0.5979908126739559, 103.33487205496266, 100.74306439782276, 0.07137156557859713, 100.74306439782276, 0.8496403525984844, 3978.003720047876, 0.0, 0.0, 0.0]","[0.34, 0.33, 0.33]","[0.09354109128420873, 0.0006896698111074193, 0.0, 0.0]"
1777779385.218477,^NSEI,1d,103.50887810829907,0.0006942133815797033,"[0.00021553169206352173, 0.0006942133815797033, 0.11928936955693814, 0.6887791345011719, 0.567577640303881, 103.36164338550637, 100.8290154460204, 0.07185724829508362, 100.8290154460204, 0.8417397797146317, 3860.2866688921467, 0.0, 0.0, 0.0]","[0.34, 0.33, 0.33]","[0.11928936955693814, 0.0006942133815797033, 0.0, 0.0]"
1777779386.218859,^NSEI,1d,103.5253114729207,0.0006983926158932943,"[0.00015876285128353534, 0.0006983926158932943, 0.11397913079598254, 0.6610892383456036, 0.538592458725077, 103.38682445756727, 100.91442031563685, 0.07230131309074117, 100.91442031563685, 0.8335331531679936, 3738.428926463293, 0.0, 0.0, 0.0]","[0.34, 0.33, 0.33]","[0.11397913079598254, 0.0006983926158932943, 0.0, 0.0]"
1777779387.21929,^NSEI,1d,103.54825323774955,0.0007021274158823737,"[0.00022160536879760236, 0.0007021274158823737, 0.10777984203470226, 0.620212539040463, 0.5115755774495767, 103.41166181005815, 100.99924476980003, 0.07270406746495472, 100.99924476980003, 0.8265182888010332, 3630.4072598363705, 0.0, 0.0, 0.0]","[0.34, 0.33, 0.33]","[0.10777984203470226, 0.0007021274158823737, 0.0, 0.0]"
1777779388.219657,^NSEI,1d,103.59775895857874,0.0007033872554248521,"[0.00047809324910118756, 0.0007033872554248521, 0.11118548656594385, 0.5881494289400471, 0.4885277584668444, 103.44029467924634, 101.08336153361216, 0.0728693433420401, 101.08336153361216, 0.8230513136876881, 3574.698582572208, 0.0, 0.0, 0.0]","[0.34, 0.33, 0.33]","[0.11118548656594385, 0.0007033872554248521, 0.0, 0.0]"
1777779389.220027,^NSEI,1d,103.63349258434833,0.0007049225091166763,"[0.00034492662900055705, 0.0007049225091166763, 0.12461447604925979, 0.5880466036664371, 0.46775362811804655, 103.47001825700482, 101.16629215946719, 0.07305358162108329, 101.16629215946719, 0.8179997836273688, 3499.9597728447334, 0.0, 0.0, 0.0]","[0.34, 0.33, 0.33]","[0.12461447604925979, 0.0007049225091166763, 0.0, 0.0]"
1777779390.22041,^NSEI,1d,103.6857581186296,0.000703753945413492,"[0.000504330530390277, 0.000703753945413492, 0.16044664570888756, 0.693324197429751, 0.4503164047656867, 103.50321003085625, 101.24947380774864, 0.07296926135917459, 101.24947380774864, 0.8152998858878492, 3461.841069252559, 0.0, 0.0, 0.0]","[0.34, 0.33, 0.33]","[0.16044664570888756, 0.000703753945413492, 0.0, 0.0]"
1777779391.220767,^NSEI,1d,103.72833811074179,0.0007041687670017297,"[0.0004106638451105127, 0.0007041687670017297, 0.1800848729922393, 0.7814942095173518, 0.43491964621368595, 103.53784617906103, 101.33261579679873, 0.07304225595057957, 101.33261579679873, 0.8116042790775027, 3402.1990554107733, 0.0, 0.0, 0.0]","[0.34, 0.33, 0.33]","[0.1800848729922393, 0.0007041687670017297, 0.0, 0.0]"
1777779392.221122,^NSEI,1d,103.76640311906296,0.0007051174332280357,"[0.0003669682655141971, 0.0007051174332280357, 0.16864416048422015, 0.8930559378323583, 0.42093683448133845, 103.57301011804108, 101.4156248467696, 0.07316749982261932, 101.4156248467696, 0.8075885760880708, 3333.881934433906, 0.0, 0.0, 0.0]","[0.34, 0.33, 0.33]","[0.16864416048422015, 0.0007051174332280357, 0.0, 0.0]"
1777779393.22149,^NSEI,1d,103.83103528194013,0.0007049877274658944,"[0.00062286213007706, 0.0007049877274658944, 0.19754269759179977, 0.972972279077788, 0.4103404813564282, 103.6127087504006, 101.49872789940504, 0.07319960560384607, 101.49872789940504, 0.8071742316209712, 3308.295012338244, 0.0, 0.0, 0.0]","[0.34, 0.33, 0.33]","[0.19754269759179977, 0.0007049877274658944, 0.0, 0.0]"
1777779394.221828,^NSEI,1d,103.82865237621687,0.0007118269986983569,"[-2.294984073688149e-05, 0.0007118269986983569, 0.14289425758727248, 0.9869710238795207, 0.3971721612233523, 103.64593174886224, 101.58010789196311, 0.07390803799985747, 101.58010789196311, 0.798271479252596, 3158.8356277093067, 0.0, 0.0, 0.0]","[0.34, 0.33, 0.33]","[0.14289425758727248, 0.0007118269986983569, 0.0, 0.0]"
1777779395.222181,^NSEI,1d,103.78511948860938,0.0007262309268533146,"[-0.0004192762461150379, 0.0007262309268533146, 0.056781377867594074, 0.9059842216985552, 0.3788562138809226, 103.66734571760081, 101.66018773270422, 0.07537196351979479, 101.66018773270422, 0.7844352871624839, 2925.972548583522, 0.0, 0.0, 0.0]","[0.34, 0.33, 0.33]","[0.056781377867594074, 0.0007262309268533146, 0.0, 0.0]"
1777779396.222533,^NSEI,1d,103.69632258359357,0.0007511628941414521,"[-0.0008555841671074781, 0.0007511628941414521, -0.07008053546938697, 0.7573741999361953, 0.3531051490690231, 103.67180458212003, 101.7385569358821, 0.07789282978371777, 101.7385569358821, 0.7651196482579044, 2606.313042058758, 0.0, 0.0, 0.0]","[0.34, 0.33, 0.33]","[-0.07008053546938697, 0.0007511628941414521, 0.0, 0.0]"
1777779397.22289,^NSEI,1d,103.53760288761517,0.0008025913254140826,"[-0.0015306202961098757, 0.0008025913254140826, -0.2934323943249666, 0.5713097996705826, 0.3162444228529182, 103.6511579206783, 101.81383790715765, 0.083098381931768, 101.81383790715765, 0.7368438493566045, 2147.7493287984034, 0.0, 0.0, 0.0]","[0.34, 0.33, 0.33]","[-0.2934323943249666, 0.0008025913254140826, 0.0, 0.0]"
1777779398.223251,^NSEI,1d,103.36362143056536,0.0008509105399703928,"[-0.0016803697612997046, 0.0008509105399703928, -0.46503094565150604, 0.42435052915177907, 0.26988214872710614, 103.60692233990132, 101.88657008159697, 0.08795319492477764, 101.88657008159697, 0.7066752761319038, 1735.8479882265667, 0.0, 0.0, 0.0]","[0.34, 0.33, 0.33]","[-0.46503094565150604, 0.0008509105399703928, 0.0, 0.0]"
1777779399.223607,^NSEI,1d,103.21851399004034,0.0008898044366956225,"[-0.0014038540689337204, 0.0008898044366956225, -0.5666054985690465, 0.3445580988258597, 0.21890732737188046, 103.54716826093022, 101.95648362576401, 0.09184429169746706, 101.95648362576401, 0.6803413519487559, 1418.323299176843, 0.0, 0.0, 0.0]","[0.34, 0.33, 0.33]","[-0.5666054985690465, 0.0008898044366956225, 0.0, 0.0]"
1777779400.223954,^NSEI,1d,103.06978533167394,0.0009280242321993036,"[-0.0014409106720984714, 0.0009280242321993036, -0.6265372519196291, 0.28627057204518036, 0.16461072458895387, 103.47372636714222, 102.02335053765187, 0.09565125839537375, 102.02335053765187, 0.6531206848405516, 1127.5942563936655, 0.0, 0.0, 0.0]","[0.34, 0.33, 0.33]","[-0.6265372519196291, 0.0009280242321993036, 0.0, 0.0]"
1777779401.224534,^NSEI,1d,102.93235947267121,0.0009604243408468076,"[-0.0013333282742415942, 0.0009604243408468076, -0.6052434149439563, 0.23897566943439855, 0.10923199900823022, 103.39044034131922, 102.0869474828956, 0.09885874349834689, 102.0869474828956, 0.6269498355243792, 880.2484004416339, 0.0, 0.0, 0.0]","[0.34, 0.33, 0.33]","[-0.6052434149439563, 0.0009604243408468076, 0.0, 0.0]"
1777779402.225109,^NSEI,1d,102.83327307582138,0.0009805069281366495,"[-0.0009626360199790731, 0.0009805069281366495, -0.5303483547439782, 0.1890661669373412, 0.05669497163029291, 103.30472404549127, 102.14817935940917, 0.10082873669381084, 102.14817935940917, 0.605824572442661, 698.7137946227062, 0.0, 0.0, 0.0]","[0.34, 0.33, 0.33]","[-0.5303483547439782, 0.0009805069281366495, 0.0, 0.0]"
1777779403.225547,^NSEI,1d,102.77911469934533,0.0009902756956820054,"[-0.0005266619923312264, 0.0009902756956820054, -0.4393992906950075, 0.15767090729299058, 0.010567059945842061, 103.22386354087838, 102.20736589140122, 0.10177965931047482, 102.20736589140122, 0.5910147704881298, 577.3632640255188, 0.0, 0.0, 0.0]","[0.34, 0.33, 0.33]","[-0.4393992906950075, 0.0009902756956820054, 0.0, 0.0]"
1777779404.225972,^NSEI,1d,102.72509587010579,0.0009976383479825615,"[-0.0005255817721096072, 0.0009976383479825615, -0.3446894615681515, 0.11572164124250534, -0.03000265840631755, 103.14713263127177, 102.2640098949735, 0.10248249494020259, 102.2640098949735, 0.5757363330565819, 462.177477504455, 0.0, 0.0, 0.0]","[0.34, 0.33, 0.33]","[-0.3446894615681515, 0.0009976383479825615, 0.0, 0.0]"
1777779405.22643,^NSEI,1d,102.71595992838886,0.0009981169496885165,"[-8.893583052467116e-05, 0.0009981169496885165, -0.21639954428235342, 0.08402250247299108, -0.062174932752427026, 103.08080105223827, 102.31873949061958, 0.10252254060805137, 102.31873949061958, 0.5673926774984943, 397.9698349910185, 0.0, 0.0, 0.0]","[0.34, 0.33, 0.33]","[-0.21639954428235342, 0.0009981169496885165, 0.0, 0.0]"
1777779406.226849,^NSEI,1d,102.71068336051862,0.0009974198018486509,"[-5.1370477128566e-05, 0.0009974198018486509, -0.12258971530276597, 0.05432754518863078, -0.0870935070624057, 103.02386268000252, 102.37154300441358, 0.102445669445188, 102.37154300441358, 0.559486254910951, 340.0176690661845, 0.0, 0.0, 0.0]","[0.34, 0.33, 0.33]","[-0.12258971530276597, 0.0009974198018486509, 0.0, 0.0]"
1777779407.227251,^NSEI,1d,102.67948021248714,0.0009984108297513617,"[-0.0003037965186343445, 0.0009984108297513617, -0.09963448685819287, 0.0, -0.10811322805702162, 102.97088286892014, 102.42192726803077, 0.1025163050373878, 102.42192726803077, 0.5467432547406675, 257.96289140864354, 0.0, 0.0, 0.0]","[0.34, 0.33, 0.33]","[-0.09963448685819287, 0.0009984108297513617, 0.0, 0.0]"
1777779408.227585,^NSEI,1d,102.63106369455683,0.0010040636086572812,"[-0.00047153060991458103, 0.0010040636086572812, -0.0940321755489606, 0.0, -0.12721189719914605, 102.91860494489848, 102.4701071633708, 0.10304811617349201, 102.4701071633708, 0.5302734869597375, 160.30511393722904, 0.0, 0.0, 0.0]","[0.34, 0.33, 0.33]","[-0.0940321755489606, 0.0010040636086572812, 0.0, 0.0]"
1777779409.227915,^NSEI,1d,102.5381815029628,0.001017317784270261,"[-0.000905010512903367, 0.001017317784270261, -0.17777842542605526, 0.0, -0.14813493931210076, 102.86008005386279, 102.51549651399927, 0.10431391560969597, 102.51549651399927, 0.5044298429002725, 22.298822761469307, 0.0, 0.0, 0.0]","[0.34, 0.33, 0.33]","[-0.17777842542605526, 0.001017317784270261, 0.0, 0.0]"
1777779410.228274,^NSEI,1d,102.42126363413207,0.0010352292342505945,"[-0.001140237393690732, 0.0010352292342505945, -0.2894197263865408, 0.0, -0.17216627021176123, 102.79257186368436, 102.55782738547711, 0.10602948632294082, 102.55782738547711, 0.4722583029887262, -131.91643630880992, 0.0, 0.0, 0.0]","[0.34, 0.33, 0.33]","[-0.2894197263865408, 0.0010352292342505945, 0.0, 0.0]"
1777779411.228627,^NSEI,1d,102.29759183307698,0.001052831483015577,"[-0.0012074816953721126, 0.001052831483015577, -0.38188837941015663, 0.0, -0.19889778395362612, 102.716423795259, 102.59683214293894, 0.1077021253185406, 102.59683214293894, 0.436669006968499, -284.22431765134655, 0.0, 0.0, 0.0]","[0.34, 0.33, 0.33]","[-0.38188837941015663, 0.001052831483015577, 0.0, 0.0]"
1777779412.228982,^NSEI,1d,102.20300719935904,0.0010602289623253588,"[-0.0009246027401337141, 0.0010602289623253588, -0.42805649519779365, 0.0, -0.22511984917809968, 102.63743848627996, 102.63249987355452, 0.1083585882695076, 102.63249987355452, 0.40526391175848864, -405.09426685863895, 0.0, 0.0, 0.0]","[0.34, 0.33, 0.33]","[-0.42805649519779365, 0.0010602289623253588, 0.0, 0.0]"
1777779413.229385,^NSEI,1d,102.16514958427392,0.0010623337122913417,"[-0.00037041586272770066, 0.0010623337122913417, -0.37303191868888064, 0.0, -0.24611871454889922, 102.5647803807236, 102.66629820753107, 0.10853348262466195, 102.66629820753107, 0.3846019954448229, -471.74312314369337, 0.0, 0.0, 0.0]","[0.34, 0.33, 0.33]","[-0.37303191868888064, 0.0010623337122913417, 0.0, 0.0]"
1777779414.229781,^NSEI,1d,102.08565170653019,0.00106982671220505,"[-0.0007781310756869932, 0.00106982671220505, -0.33561192760188874, 0.0, -0.2661077563017784, 102.49107103742486, 102.69766866456588, 0.10921395712850704, 102.69766866456588, 0.35265823625745574, -572.0711130630216, 0.0, 0.0, 0.0]","[0.34, 0.33, 0.33]","[-0.33561192760188874, 0.00106982671220505, 0.0, 0.0]"
1777779415.230538,^NSEI,1d,102.02142833848103,0.0010699508758068444,"[-0.0006291125831647849, 0.0010699508758068444, -0.2761634945959486, 0.0, -0.2838593509365239, 102.41882045650507, 102.72613875779734, 0.109157916601823, 102.72613875779734, 0.32267924438753687, -658.6381068989688, 0.0, 0.0, 0.0]","[0.34, 0.33, 0.33]","[-0.2761634945959486, 0.0010699508758068444, 0.0, 0.0]"
1777779416.231004,^NSEI,1d,101.92743073449037,0.001076948425174134,"[-0.0009213515780116137, 0.001076948425174134, -0.2755764648686636, 0.0, -0.3020308153913476, 102.3432235269322, 102.75166822896972, 0.10977058601155504, 102.75166822896972, 0.2832757579828099, -765.3453732903463, 0.0, 0.0, 0.0]","[0.34, 0.33, 0.33]","[-0.2755764648686636, 0.001076948425174134, 0.0, 0.0]"
1777779417.231493,^NSEI,1d,101.85160353301066,0.0010827628199481319,"[-0.0007439332173223603, 0.0010827628199481319, -0.3135460512632591, 0.0, -0.3188746647817453, 102.26759128567186, 102.77498957095827, 0.11028112945764174, 102.77498957095827, 0.24610302107062465, -852.8054537297853, 0.0, 0.0, 0.0]","[0.34, 0.33, 0.33]","[-0.3135460512632591, 0.0010827628199481319, 0.0, 0.0]"
1777779418.231969,^NSEI,1d,101.77469640809421,0.0010879261433804073,"[-0.0007550899764824955, 0.0010879261433804073, -0.3109552984359709, 0.0, -0.3345725548633425, 102.19176348638334, 102.79600705078528, 0.11072335295696972, 102.79600705078528, 0.2063275772397933, -938.7683611661756, 0.0, 0.0, 0.0]","[0.34, 0.33, 0.33]","[-0.3109552984359709, 0.0010879261433804073, 0.0, 0.0]"
1777779419.232438,^NSEI,1d,101.64416458676838,0.001099263769362997,"[-0.00128255672512574, 0.001099263769362997, -0.3772637517126469, 0.0, -0.3534714737832445, 102.10751963881333, 102.81348565536305, 0.11173374749740386, 102.81348565536305, 0.14954202921183413, -1063.7311091152121, 0.0, 0.0, 0.0]","[0.34, 0.33, 0.33]","[-0.3772637517126469, 0.001099263769362997, 0.0, 0.0]"
1777779420.232843,^NSEI,1d,101.54649919236954,0.0011038806500280327,"[-0.0009608558916874499, 0.0011038806500280327, -0.3809315421208339, 0.0, -0.3720411257861258, 102.02121185996316, 102.82796977034407, 0.11209521553654399, 102.82796977034407, 0.10123388403179936, -1160.8778339777841, 0.0, 0.0, 0.0]","[0.34, 0.33, 0.33]","[-0.3809315421208339, 0.0011038806500280327, 0.0, 0.0]"
1777779421.233281,^NSEI,1d,101.43393659819743,0.0011042446844927792,"[-0.0011084832571023999, 0.0011042446844927792, -0.4176669348132265, 0.0, -0.3913295658617244, 101.93086543476981, 102.83859300471687, 0.11200788531573709, 102.83859300471687, 0.04982423437112723, -1272.051770993715, 0.0, 0.0, 0.0]","[0.34, 0.33, 0.33]","[-0.4176669348132265, 0.0011042446844927792, 0.0, 0.0]"
1777779422.233634,^NSEI,1d,101.3092127567658,0.0011006468541083973,"[-0.0012296066347665328, 0.0011006468541083973, -0.4654836513284124, 0.0, -0.4119314756158303, 101.8352307095069, 102.84478326409716, 0.1115056663129326, 102.84478326409716, 0.0, -1395.1527700274755, 0.0, 0.0, 0.0]","[0.34, 0.33, 0.33]","[-0.4654836513284124, 0.0011006468541083973, 0.0, 0.0]"
1777779423.233982,^NSEI,1d,101.15653654913737,0.0010952463942328714,"[-0.001507031823403791, 0.0010952463942328714, -0.48762803763101203, 0.0, -0.43555749579417125, 101.73082067631725, 102.84573739643511, 0.11079133190852837, 102.84573739643511, 0.0, -1542.3021305455975, 0.0, 0.0, 0.0]","[0.34, 0.33, 0.33]","[-0.48762803763101203, 0.0010952463942328714, 0.0, 0.0]"
1777779424.234343,^NSEI,1d,100.98957940832223,0.0010869576823552248,"[-0.0016504829693733364, 0.0010869576823552248, -0.5569197840473095, 0.0, -0.4624228107221455, 101.61678965691422, 102.84102285132215, 0.10977139917569886, 102.84102285132215, 0.0, -1703.326148804806, 0.0, 0.0, 0.0]","[0.34, 0.33, 0.33]","[-0.5569197840473095, 0.0010869576823552248, 0.0, 0.0]"
1777779425.23475,^NSEI,1d,100.84117391357879,0.00104670924597314,"[-0.001469512949879791, 0.00104670924597314, -0.5927626846186484, 0.0, -0.49003997377327835, 101.49746992281914, 102.82979860643488, 0.10555138911012832, 102.82979860643488, 0.0, -1899.8826087632776, 0.0, 0.0, 0.0]","[0.34, 0.33, 0.33]","[-0.5927626846186484, 0.00104670924597314, 0.0, 0.0]"
1777779426.235131,^NSEI,1d,100.69231881034598,0.0010073329102761363,"[-0.0014761341767041904, 0.0010073329102761363, -0.6168939464198218, 0.0, -0.5179673324170295, 101.37360456622338, 102.81228706162219, 0.10143068654967835, 102.81228706162219, 0.0, -2104.5358785062094, 0.0, 0.0, 0.0]","[0.34, 0.33, 0.33]","[-0.6168939464198218, 0.0010073329102761363, 0.0, 0.0]"
1777779427.235496,^NSEI,1d,100.55852207629272,0.0009877814101697231,"[-0.0013287680295184091, 0.0009877814101697231, -0.5980144728446533, 0.0, -0.5446182237748758, 101.24821241562974, 102.78990512751881, 0.09932983874110365, 102.78990512751881, 0.0, -2258.9846581974925, 0.0, 0.0, 0.0]","[0.34, 0.33, 0.33]","[-0.5980144728446533, 0.0009877814101697231, 0.0, 0.0]"
1777779428.23584,^NSEI,1d,100.44034927881343,0.0009454286290687512,"[-0.001175164422062933, 0.0009454286290687512, -0.5492301295087998, 0.0, -0.5687189660324492, 101.12393043574744, 102.76213401644588, 0.09495918172185511, 102.76213401644588, 0.0, -2455.8011744571536, 0.0, 0.0, 0.0]","[0.34, 0.33, 0.33]","[-0.5492301295087998, 0.0009454286290687512, 0.0, 0.0]"
1777779429.236272,^NSEI,1d,100.3662340024853,0.0009024156204822441,"[-0.0007379034109329093, 0.0009024156204822441, -0.474939911093486, 0.0, -0.5870325157764285, 101.00736636378659, 102.73000502285709, 0.09057205733281888, 102.73000502285709, 0.0, -2619.3817645893637, 0.0, 0.0, 0.0]","[0.34, 0.33, 0.33]","[-0.474939911093486, 0.0009024156204822441, 0.0, 0.0]"
1777779430.236659,^NSEI,1d,100.2845734059205,0.0008567077655848388,"[-0.0008136261898875291, 0.0008567077655848388, -0.40774540442548357, 0.0, -0.6012051450324662, 100.89617293887704, 102.69343218483075, 0.08591457280521489, 102.69343218483075, 0.0, -2811.7625118827186, 0.0, 0.0, 0.0]","[0.34, 0.33, 0.33]","[-0.40774540442548357, 0.0008567077655848388, 0.0, 0.0]"
1777779431.237057,^NSEI,1d,100.16113101973109,0.0007922226473280088,"[-0.0012309209881140343, 0.0007922226473280088, -0.39739105656163076, 0.0, -0.6153049722004056, 100.78309365128344, 102.65115685093939, 0.0793499163758189, 102.65115685093939, 0.0, -3143.0884229409553, 0.0, 0.0, 0.0]","[0.34, 0.33, 0.33]","[-0.39739105656163076, 0.0007922226473280088, 0.0, 0.0]"
1777779432.237392,^NSEI,1d,100.07412688013211,0.0007457133029158825,"[-0.0008686417446887178, 0.0007457133029158825, -0.366222398681316, 0.0, -0.6262803240490626, 100.67402485076217, 102.60471528415727, 0.07462660769220643, 102.60471528415727, 0.0, -3393.5138264666393, 0.0, 0.0, 0.0]","[0.34, 0.33, 0.33]","[-0.366222398681316, 0.0007457133029158825, 0.0, 0.0]"
1777779433.237726,^NSEI,1d,99.98039067181553,0.0007148977502437607,"[-0.0009366677605777317, 0.0007148977502437607, -0.38584333066977194, 0.0, -0.6352196810170483, 100.56731361600013, 102.55474042231276, 0.0714757563597732, 102.55474042231276, 0.0, -3601.004129079229, 0.0, 0.0, 0.0]","[0.34, 0.33, 0.33]","[-0.38584333066977194, 0.0007148977502437607, 0.0, 0.0]"
1777779434.238071,^NSEI,1d,99.92385097167245,0.0006981279752001934,"[-0.000565507893729558, 0.0006981279752001934, -0.3607224342480464, 0.0, -0.6394947696203985, 100.4683204468546, 102.50270305433396, 0.06975963575305956, 102.50270305433396, 0.0, -3693.9532210007883, 0.0, 0.0, 0.0]","[0.34, 0.33, 0.33]","[-0.3607224342480464, 0.0006981279752001934, 0.0, 0.0]"
1777779435.238413,^NSEI,1d,99.88139644731284,0.000687386515193374,"[-0.0004248687770415126, 0.000687386515193374, -0.27973457241824917, 0.0, -0.6389431939843604, 100.37802583790126, 102.44925756286739, 0.06865712503656622, 102.44925756286739, 0.0, -3735.6873589994198, 0.0, 0.0, 0.0]","[0.34, 0.33, 0.33]","[-0.27973457241824917, 0.000687386515193374, 0.0, 0.0]"
1777779436.238758,^NSEI,1d,99.83685386279915,0.0006729106562238488,"[-0.0004459547633296107, 0.0006729106562238488, -0.23727301733296713, 0.0, -0.6347828984715136, 100.29477036408784, 102.39416025965562, 0.06718128284814066, 102.39416025965562, 0.0, -3800.3654321767317, 0.0, 0.0, 0.0]","[0.34, 0.33, 0.33]","[-0.23727301733296713, 0.0006729106562238488, 0.0, 0.0]"
1777779437.239119,^NSEI,1d,99.80499865407775,0.0006537518410932885,"[-0.00031907264190409037, 0.0006537518410932885, -0.1753920177377779, 0.0, -0.6268305708666588, 100.21942279073596, 102.33736052772701, 0.06524770162041652, 102.33736052772701, 0.01204379299005056, -3873.5827793835674, 0.0, 0.0, 0.0]","[0.34, 0.33, 0.33]","[-0.1753920177377779, 0.0006537518410932885, 0.0, 0.0]"
1777779438.239507,^NSEI,1d,99.8347582057884,0.0006397258862590082,"[0.00029817696620387135, 0.0006397258862590082, -0.0890927658840468, 0.024661229135712972, -0.6110827650982884, 100.16024443812344, 102.27970608613248, 0.06386687917265178, 102.27970608613248, 0.03871762899353904, -3821.8679794898576, 0.0, 0.0, 0.0]","[0.34, 0.33, 0.33]","[-0.0890927658840468, 0.0006397258862590082, 0.0, 0.0]"
1777779439.23987,^NSEI,1d,99.92936035550453,0.000657249135061439,"[0.0009475873074297585, 0.000657249135061439, 0.04796390819169005, 0.10768128656526614, -0.5842342242696077, 100.12472290234476, 102.22297024077534, 0.0656784856608982, 102.22297024077534, 0.07418222536899216, -3489.711530858701, 0.0, 0.0, 0.0]","[0.34, 0.33, 0.33]","[0.04796390819169005, 0.000657249135061439, 0.0, 0.0]"
1777779440.240273,^NSEI,1d,100.02387995132682,0.0006829258523857675,"[0.0009458641132699349, 0.0006829258523857675, 0.18702608852767355, 0.19853999308598888, -0.5490010781016537, 100.1092077765818, 102.16833499483388, 0.06830889347469155, 102.16833499483388, 0.10685770686035279, -3140.099376843794, 0.0, 0.0, 0.0]","[0.34, 0.33, 0.33]","[0.18702608852767355, 0.0006829258523857675, 0.0, 0.0]"
1777779441.240625,^NSEI,1d,100.1212325585124,0.0007078403621818805,"[0.0009732936498060029, 0.0007078403621818805, 0.3162339044346538, 0.29625084598546747, -0.5073743188630715, 100.11105661584506, 102.11578821339016, 0.0708698495163137, 102.11578821339016, 0.13779527076220824, -2817.8043545435094, 0.0, 0.0, 0.0]","[0.34, 0.33, 0.33]","[0.3162339044346538, 0.0007078403621818805, 0.0, 0.0]"
1777779442.240975,^NSEI,1d,100.25075263475836,0.0007425685720210442,"[0.001293632458732062, 0.0007425685720210442, 0.4159944289699524, 0.41276343454687064, -0.458646631822873, 100.13254756467259, 102.0660397500051, 0.07444305822802745, 102.0660397500051, 0.1724768577865625, -2444.605365274336, 0.0, 0.0, 0.0]","[0.34, 0.33, 0.33]","[0.4159944289699524, 0.0007425685720210442, 0.0, 0.0]"
1777779443.241339,^NSEI,1d,100.34944049356429,0.0007644733073118181,"[0.0009844101536621757, 0.0007644733073118181, 0.42008013805975963, 0.4926551050431172, -0.4073703910991071, 100.16591550755895, 102.01834617944075, 0.07671446866100558, 102.01834617944075, 0.2001259006193306, -2183.079081917171, 0.0, 0.0, 0.0]","[0.34, 0.33, 0.33]","[0.42008013805975963, 0.0007644733073118181, 0.0, 0.0]"
1777779444.241715,^NSEI,1d,100.45642244311082,0.0007864920238958955,"[0.0010660941308725863, 0.0007864920238958955, 0.4325424917840053, 0.5759875592362724, -0.3540201280842865, 100.2106088039568, 101.97246164916547, 0.07900817500062329, 101.97246164916547, 0.22804862062301515, -1927.5964154664005, 0.0, 0.0, 0.0]","[0.34, 0.33, 0.33]","[0.4325424917840053, 0.0007864920238958955, 0.0, 0.0]"
1777779445.242144,^NSEI,1d,100.55988499331626,0.0008060989968023066,"[0.001029924694601054, 0.0008060989968023066, 0.4386524348038563, 0.6792062374896074, -0.29993364861437044, 100.26434409673158, 101.9282475281432, 0.08106122241166756, 101.9282475281432, 0.254402925777875, -1697.5117699625794, 0.0, 0.0, 0.0]","[0.34, 0.33, 0.33]","[0.4386524348038563, 0.0008060989968023066, 0.0, 0.0]"
1777779446.242551,^NSEI,1d,100.670913471298,0.0008246553544747097,"[0.0011041030724041995, 0.0008246553544747097, 0.42016083653963676, 0.7625024948494786, -0.2452831818725798, 100.32689389389724, 101.88542848328652, 0.08301880783396608, 101.88542848328652, 0.2813669409229807, -1472.7546548971943, 0.0, 0.0, 0.0]","[0.34, 0.33, 0.33]","[0.42016083653963676, 0.0008246553544747097, 0.0, 0.0]"
1777779447.242936,^NSEI,1d,100.75212366540002,0.0008341419613893733,"[0.0008066897508105055, 0.0008341419613893733, 0.4026831718357329, 0.8433399537137531, -0.19319230855516878, 100.39231490697952, 101.84342301875036, 0.08404157404840147, 101.84342301875036, 0.30254813908951544, -1308.2897202924955, 0.0, 0.0, 0.0]","[0.34, 0.33, 0.33]","[0.4026831718357329, 0.0008341419613893733, 0.0, 0.0]"
1777779448.243387,^NSEI,1d,100.78034812249925,0.0008317347882269265,"[0.00028013758988308413, 0.0008317347882269265, 0.32392567938842376, 0.8910332528997355, -0.1479272252863808, 100.45201283192047, 101.8011382476642, 0.08382252150310285, 101.8011382476642, 0.31401932987185616, -1227.3024281466544, 0.0, 0.0, 0.0]","[0.34, 0.33, 0.33]","[0.32392567938842376, 0.0008317347882269265, 0.0, 0.0]"
1777779449.243785,^NSEI,1d,100.74273131464388,0.0008279727882185222,"[-0.00037325538714798144, 0.0008279727882185222, 0.18284632132761658, 0.895264796369537, -0.11377811928549875, 100.49673912600564, 101.75791720401334, 0.08341224013933513, 101.75791720401334, 0.31355240955701036, -1226.1102101601073, 0.0, 0.0, 0.0]","[0.34, 0.33, 0.33]","[0.18284632132761658, 0.0008279727882185222, 0.0, 0.0]"
1777779450.244177,^NSEI,1d,100.67227366659704,0.0008253905836973234,"[-0.00069938195170413, 0.0008253905836973234, 0.0013601952990427435, 0.8748644984563316, -0.09134705804501664, 100.52374496159868, 101.71333848828954, 0.08309394672380921, 101.71333848828954, 0.30710674202378635, -1261.2996104572317, 0.0, 0.0, 0.0]","[0.34, 0.33, 0.33]","[0.0013601952990427435, 0.0008253905836973234, 0.0, 0.0]"
1777779451.244546,^NSEI,1d,100.59056227172125,0.0008224658186715322,"[-0.0008116573898627853, 0.0008224658186715322, -0.16156139367876676, 0.8377595244797175, -0.07925016062274892, 100.53402567344553, 101.66712456694535, 0.08273229914944097, 101.66712456694535, 0.2985814808203416, -1308.9447254634656, 0.0, 0.0, 0.0]","[0.34, 0.33, 0.33]","[-0.16156139367876676, 0.0008224658186715322, 0.0, 0.0]"
1777779452.244882,^NSEI,1d,100.50305678622657,0.0008156000327405266,"[-0.0008699174506879991, 0.0008156000327405266, -0.27729133627268254, 0.7739845984417169, -0.07584989316008262, 100.52926204177861, 101.61876984550234, 0.08197029640536939, 101.61876984550234, 0.2889143147007894, -1367.9659324274787, 0.0, 0.0, 0.0]","[0.34, 0.33, 0.33]","[-0.27729133627268254, 0.0008156000327405266, 0.0, 0.0]"
1777779453.245262,^NSEI,1d,100.47784436358393,0.000809584279344642,"[-0.0002508622468694319, 0.000809584279344642, -0.26488695105994964, 0.7384440919832375, -0.07433272707507399, 100.52135281817615, 101.5694628420529, 0.08134528321919518, 101.5694628420529, 0.2907272817913849, -1348.369164668857, 0.0, 0.0, 0.0]","[0.34, 0.33, 0.33]","[-0.26488695105994964, 0.000809584279344642, 0.0, 0.0]"
1777779454.245652,^NSEI,1d,100.4883576355051,0.0008034643499070496,"[0.00010463273757274085, 0.0008034643499070496, -0.18391603109193966, 0.717780193795758, -0.07145830196178338, 100.51627760442187, 101.51950345950408, 0.0807388129408382, 101.51950345950408, 0.2990920638797727, -1283.3747061935896, 0.0, 0.0, 0.0]","[0.34, 0.33, 0.33]","[-0.18391603109193966, 0.0008034643499070496, 0.0, 0.0]"
1777779455.246062,^NSEI,1d,100.46898027988678,0.0007963606119827784,"[-0.00019283184713400994, 0.0007963606119827784, -0.12158199183447493, 0.6759162633339788, -0.06993769178255604, 100.50900195848715, 101.46857599339697, 0.08000953862097633, 101.46857599339697, 0.30149120413209396, -1255.204863813387, 0.0, 0.0, 0.0]","[0.34, 0.33, 0.33]","[-0.12158199183447493, 0.0007963606119827784, 0.0, 0.0]"
1777779456.246414,^NSEI,1d,100.46163628249273,0.0007907389972286301,"[-7.309716266240886e-05, 0.0007907389972286301, -0.04142050373383199, 0.6217179237401731, -0.06853516580345342, 100.50171640103426, 101.41693901157556, 0.07943893353396567, 101.41693901157556, 0.3059966660005049, -1208.1138434185762, 0.0, 0.0, 0.0]","[0.34, 0.33, 0.33]","[-0.04142050373383199, 0.0007907389972286301, 0.0, 0.0]"
1777779457.24676,^NSEI,1d,100.44244432229705,0.0007789501155283709,"[-0.00019103770260835956, 0.0007789501155283709, -0.035400041286877126, 0.5591791090479529, -0.0681862757450915, 100.49259756550694, 101.36399227783113, 0.07823965360880525, 101.36399227783113, 0.3077725205716139, -1183.0641489910865, 0.0, 0.0, 0.0]","[0.34, 0.33, 0.33]","[-0.035400041286877126, 0.0007789501155283709, 0.0, 0.0]"
1777779458.247125,^NSEI,1d,100.41563371301292,0.0007771128833761907,"[-0.00026692509790081684, 0.0007771128833761907, -0.07272392249217319, 0.4714025786669693, -0.06927461542504432, 100.48075598295326, 101.31066386121857, 0.0780342826507669, 101.31066386121857, 0.307614295918498, -1151.7376269933436, 0.0, 0.0, 0.0]","[0.34, 0.33, 0.33]","[-0.07272392249217319, 0.0007771128833761907, 0.0, 0.0]"
1777779459.2475,^NSEI,1d,100.396021974263,0.0007780704602386544,"[-0.0001953056314515739, 0.0007780704602386544, -0.07295830562378569, 0.3690713891556424, -0.07090231808554393, 100.46771796252884, 101.25770921255692, 0.07811517902364487, 101.25770921255692, 0.3086422054553117, -1107.4668456499724, 0.0, 0.0, 0.0]","[0.34, 0.33, 0.33]","[-0.07295830562378569, 0.0007780704602386544, 0.0, 0.0]"
1777779460.247854,^NSEI,1d,100.39687333009653,0.00077959611272912,"[8.47997576787058e-06, 0.00077959611272912, -0.0647629523962081, 0.23417065341648552, -0.07130166560173734, 100.45681517929813, 101.20615531797102, 0.07826901217830111, 101.20615531797102, 0.31401064489975183, -1038.0785315122444, 0.0, 0.0, 0.0]","[0.34, 0.33, 0.33]","[-0.0647629523962081, 0.00077959611272912, 0.0, 0.0]"
1777779461.248227,^NSEI,1d,100.38771864103435,0.0007703866361997504,"[-9.118500166904178e-05, 0.0007703866361997504, -0.0547256812626955, 0.08919855363472379, -0.07153227868383283, 100.4461809866059, 101.1569383766182, 0.07733735687963343, 101.1569383766182, 0.3171784706517526, -998.4853052206868, 0.0, 0.0, 0.0]","[0.34, 0.33, 0.33]","[-0.0547256812626955, 0.0007703866361997504, 0.0, 0.0]"
1777779462.248594,^NSEI,1d,100.41262032959185,0.0007605891803317458,"[0.0002480551295974264, 0.0007605891803317458, -0.0030133834210772648, 0.08252200420457384, -0.06891131631795133, 100.44101450911245, 101.11082898441549, 0.07637275259144706, 101.11082898441549, 0.32858026948198715, -917.9839430783223, 0.0, 0.0, 0.0]","[0.34, 0.33, 0.33]","[-0.0030133834210772648, 0.0007605891803317458, 0.0, 0.0]"
1777779463.248941,^NSEI,1d,100.40140986098348,0.0007521630470170127,"[-0.00011164402015973008, 0.0007521630470170127, 0.005387886720484403, 0.08776832845997376, -0.06696682404032117, 100.4349181044919, 101.06681173239897, 0.07551823036584128, 101.06681173239897, 0.33139154242007174, -884.6511059728342, 0.0, 0.0, 0.0]","[0.34, 0.33, 0.33]","[0.005387886720484403, 0.0007521630470170127, 0.0, 0.0]"
1777779464.249306,^NSEI,1d,100.39136861658804,0.0007423797224235225,"[-0.00010001098997854192, 0.0007423797224235225, -0.0055047135084862475, 0.10273167845218893, -0.06548121760179981, 100.42821505845046, 101.02496147122575, 0.07452851636730017, 101.02496147122575, 0.33450608885456556, -853.4619622547442, 0.0, 0.0, 0.0]","[0.34, 0.33, 0.33]","[-0.0055047135084862475, 0.0007423797224235225, 0.0, 0.0]"
1777779465.249648,^NSEI,1d,100.46318376473194,0.0007460810236575344,"[0.0007153518189215295, 0.0007460810236575344, 0.07546512369758318, 0.3148328815612929, -0.0578422125042124, 100.43359260636421, 100.9863806007892, 0.0749536749830862, 100.9863806007892, 0.35917507608413624, -701.2600769449726, 0.0, 0.0, 0.0]","[0.34, 0.33, 0.33]","[0.07546512369758318, 0.0007460810236575344, 0.0, 0.0]"
1777779466.250006,^NSEI,1d,100.54053399964226,0.0007557840174018803,"[0.0007699361299505315, 0.0007557840174018803, 0.1279136700504182, 0.5562693710042557, -0.045027677390038434, 100.45004389693955, 100.9505565527239, 0.07598692869797996, 100.9505565527239, 0.38618970830884636, -542.5128656347418, 0.0, 0.0, 0.0]","[0.34, 0.33, 0.33]","[0.1279136700504182, 0.0007557840174018803, 0.0, 0.0]"
1777779467.250367,^NSEI,1d,100.66204396967518,0.0007797746062220013,"[0.001208566984867516, 0.0007797746062220013, 0.2606341086917041, 0.7142809809121367, -0.024781560707324957, 100.48265806445063, 100.91747732257281, 0.07849370569795525, 100.91747732257281, 0.42670946163392287, -327.5733152368187, 0.0, 0.0, 0.0]","[0.34, 0.33, 0.33]","[0.2606341086917041, 0.0007797746062220013, 0.0, 0.0]"
1777779468.250711,^NSEI,1d,100.78339726162898,0.0008020492980540187,"[0.0012055516376197719, 0.0008020492980540187, 0.3920286450409378, 0.7727701383811834, 0.0010437966775072027, 100.52892542551184, 100.88713828181537, 0.08083325302918884, 100.88713828181537, 0.46916567291241307, -129.34494230977256, 0.0, 0.0, 0.0]","[0.34, 0.33, 0.33]","[0.3920286450409378, 0.0008020492980540187, 0.0, 0.0]"
1777779469.251052,^NSEI,1d,100.92052631498407,0.0008276856261244628,"[0.001360631384543583, 0.0008276856261244628, 0.457342550252136, 0.8427680404916118, 0.03220451348489917, 100.58917159621988, 100.85908463160592, 0.08353046901182792, 100.85908463160592, 0.5189874041813936, 74.23311634133631, 0.0, 0.0, 0.0]","[0.34, 0.33, 0.33]","[0.457342550252136, 0.0008276856261244628, 0.0, 0.0]"
1777779470.251408,^NSEI,1d,101.05218263901963,0.0008501905560067861,"[0.0013045544731370773, 0.0008501905560067861, 0.5116486393773698, 0.8770632077448388, 0.06675367627347839, 100.66040335483751, 100.83317055783249, 0.0859136113435674, 100.83317055783249, 0.5706393634252975, 257.6035215161777, 0.0, 0.0, 0.0]","[0.34, 0.33, 0.33]","[0.5116486393773698, 0.0008501905560067861, 0.0, 0.0]"
1777779471.251772,^NSEI,1d,101.1748181189239,0.0008694106040958253,"[0.0012135856614036893, 0.0008694106040958253, 0.5127741492487132, 0.9130580083965957, 0.10284427038502031, 100.73954298686633, 100.80966021262056, 0.08796245974005887, 100.80966021262056, 0.6232294895766282, 420.0062715856763, 0.0, 0.0, 0.0]","[0.34, 0.33, 0.33]","[0.5127741492487132, 0.0008694106040958253, 0.0, 0.0]"
1777779472.252174,^NSEI,1d,101.26881602156558,0.0008806172508724979,"[0.0009290642117211552, 0.0008806172508724979, 0.4854187599366071, 0.9473526004613463, 0.13744677063131405, 100.82096749560948, 100.78837509273008, 0.08917906636402385, 100.78837509273008, 0.6698950805439512, 545.5729243998966, 0.0, 0.0, 0.0]","[0.34, 0.33, 0.33]","[0.4854187599366071, 0.0008806172508724979, 0.0, 0.0]"
1777779473.252546,^NSEI,1d,101.37449242654485,0.0008896432818319452,"[0.0010435236544758175, 0.0008896432818319452, 0.45396611156077427, 0.9706269769114512, 0.1714206732340955, 100.90612251878251, 100.77019245091105, 0.09018713613639903, 100.77019245091105, 0.7234781913546602, 679.2609891791961, 0.0, 0.0, 0.0]","[0.34, 0.33, 0.33]","[0.45396611156077427, 0.0008896432818319452, 0.0, 0.0]"
1777779474.252898,^NSEI,1d,101.44978929109833,0.0008884677385072394,"[0.0007427594728332553, 0.0008884677385072394, 0.39760665207869295, 0.9725798189353793, 0.20209147862439636, 100.98976074859519, 100.75501316430115, 0.09013486486349809, 100.75501316430115, 0.7675732045614817, 781.9936466849199, 0.0, 0.0, 0.0]","[0.34, 0.33, 0.33]","[0.39760665207869295, 0.0008884677385072394, 0.0, 0.0]"
1777779475.253267,^NSEI,1d,101.54489197776248,0.0008883442297286065,"[0.000937436019618162, 0.0008883442297286065, 0.37007385883858035, 0.9821999112029015, 0.23140481426175086, 101.07516340239209, 100.74325222906185, 0.09020681884685995, 100.74325222906185, 0.8193524879932677, 902.3976538301239, 0.0, 0.0, 0.0]","[0.34, 0.33, 0.33]","[0.37007385883858035, 0.0008883442297286065, 0.0, 0.0]"
1777779476.253648,^NSEI,1d,101.67298834082894,0.0008985271818831819,"[0.0012614752014755567, 0.0008985271818831819, 0.4041723192633526, 0.9835978373601623, 0.26195252430107985, 101.16713560902747, 100.73497068439733, 0.09135594368752663, 100.73497068439733, 0.8834747637716459, 1043.9502280450363, 0.0, 0.0, 0.0]","[0.34, 0.33, 0.33]","[0.4041723192633526, 0.0008985271818831819, 0.0, 0.0]"
1777779477.254087,^NSEI,1d,101.80980994724258,0.0009149419664713322,"[0.001345702616264147, 0.0009149419664713322, 0.4353175206977369, 0.9929261616150694, 0.2938152456797667, 101.26600677649378, 100.7294185025687, 0.09315006771920273, 100.7294185025687, 0.9501482773727973, 1180.8305709712251, 0.0, 0.0, 0.0]","[0.34, 0.33, 0.33]","[0.4353175206977369, 0.0009149419664713322, 0.0, 0.0]"
1777779478.254442,^NSEI,1d,101.93358235843088,0.0009236594497437002,"[0.0012157218567880308, 0.0009236594497437002, 0.4837930673325559, 1.0, 0.3253041770755516, 101.36870925184851, 100.72704241900466, 0.09415191659159242, 100.72704241900466, 1.0, 1306.2605917808949, 0.0, 0.0, 0.0]","[0.34, 0.33, 0.33]","[0.4837930673325559, 0.0009236594497437002, 0.0, 0.0]"
1777779479.254778,^NSEI,1d,102.06910877738692,0.0009354390735750697,"[0.0013295561268461952, 0.0009354390735750697, 0.5242167996244405, 1.0, 0.3570790465701066, 101.47646088766595, 100.72778742586256, 0.09547943255535184, 100.72778742586256, 1.0, 1433.8949370567584, 0.0, 0.0, 0.0]","[0.34, 0.33, 0.33]","[0.5242167996244405, 0.0009354390735750697, 0.0, 0.0]"
1777779480.255116,^NSEI,1d,102.19086628488002,0.0009393689678398623,"[0.0011928928247884882, 0.0009393689678398623, 0.5178779440510795, 1.0, 0.38761746012812637, 101.58636768613536, 100.7319036063374, 0.09599492858468912, 100.7319036063374, 1.0, 1553.1305892482217, 0.0, 0.0, 0.0]","[0.34, 0.33, 0.33]","[0.5178779440510795, 0.0009393689678398623, 0.0, 0.0]"
1777779481.25546,^NSEI,1d,102.3403558025809,0.0009503694554944943,"[0.0014628461733962607, 0.0009503694554944943, 0.5305458553383176, 1.0, 0.4190513644559104, 101.7023641091617, 100.73954036054943, 0.09726114821921163, 100.73954036054943, 1.0, 1684.4138169387422, 0.0, 0.0, 0.0]","[0.34, 0.33, 0.33]","[0.5305458553383176, 0.0009503694554944943, 0.0, 0.0]"
1777779482.25584,^NSEI,1d,102.4248659123187,0.0009490101364247513,"[0.0008257750236946197, 0.0009490101364247513, 0.4912835538878113, 1.0, 0.44564510041332994, 101.81351526465733, 100.74969925905295, 0.09720223597273642, 100.74969925905295, 1.0, 1765.1725613560664, 0.0, 0.0, 0.0]","[0.34, 0.33, 0.33]","[0.4912835538878113, 0.0009490101364247513, 0.0, 0.0]"
1777779483.256284,^NSEI,1d,102.4964250410809,0.000935626963152642,"[0.0006986499628270133, 0.000935626963152642, 0.42731626369398157, 1.0, 0.4671104925906775, 101.91857608644251, 100.76301582865158, 0.09589841889518894, 100.76301582865158, 1.0, 1852.6712896222152, 0.0, 0.0, 0.0]","[0.34, 0.33, 0.33]","[0.42731626369398157, 0.000935626963152642, 0.0, 0.0]"
1777779484.256622,^NSEI,1d,102.50151400871965,0.0009255416664849127,"[4.9650196450421306e-05, 0.0009255416664849127, 0.31064772383963657, 1.0, 0.479010868748162, 102.00825628423794, 100.77793793515704, 0.09486942209285701, 100.77793793515704, 1.0, 1862.2349873329097, 0.0, 0.0, 0.0]","[0.34, 0.33, 0.33]","[0.31064772383963657, 0.0009255416664849127, 0.0, 0.0]"
1777779485.256966,^NSEI,1d,102.45930948497863,0.0009147484464912348,"[-0.00041174536931649577, 0.0009147484464912348, 0.11895368239773063, 0.9693796733199318, 0.4795089692298973, 102.07764624834829, 100.793959386513, 0.09372449417994884, 100.793959386513, 1.0, 1820.5552628742234, 0.0, 0.0, 0.0]","[0.34, 0.33, 0.33]","[0.11895368239773063, 0.0009147484464912348, 0.0, 0.0]"
